22:10:42 INFO  : Launching XSCT server: xsct.bat -n  -interactive D:\proyectosep2\IEE2463-SEP-Proyecto-2-Z8\music_player\vitis\temp_xsdb_launch_script.tcl
22:10:42 INFO  : Registering command handlers for Vitis TCF services
22:10:49 INFO  : Platform repository initialization has completed.
22:10:51 INFO  : XSCT server has started successfully.
22:10:51 INFO  : plnx-install-location is set to ''
22:10:57 INFO  : Successfully done setting XSCT server connection channel  
22:10:57 INFO  : Successfully done query RDI_DATADIR 
22:10:57 INFO  : Successfully done setting workspace for the tool. 
22:13:13 INFO  : Result from executing command 'getProjects': music_player
22:13:13 INFO  : Result from executing command 'getPlatforms': 
22:14:05 INFO  : Result from executing command 'getProjects': music_player
22:14:05 INFO  : Result from executing command 'getPlatforms': music_player|D:/proyectosep2/IEE2463-SEP-Proyecto-2-Z8/music_player/vitis/music_player/export/music_player/music_player.xpfm
22:14:13 INFO  : Successfully done sdx_reload_mss "D:/proyectosep2/IEE2463-SEP-Proyecto-2-Z8/music_player/vitis/music_player/ps7_cortexa9_0/standalone_domain/bsp/system.mss"
22:14:21 INFO  : Successfully done sdx_reload_mss "D:/proyectosep2/IEE2463-SEP-Proyecto-2-Z8/music_player/vitis/music_player/zynq_fsbl/zynq_fsbl_bsp/system.mss"
23:58:35 INFO  : Checking for BSP changes to sync application flags for project 'music_player_sw'...
00:06:54 INFO  : Checking for BSP changes to sync application flags for project 'music_player_sw'...
00:07:25 INFO  : Checking for BSP changes to sync application flags for project 'music_player_sw'...
00:22:07 INFO  : Checking for BSP changes to sync application flags for project 'music_player_sw'...
00:22:46 INFO  : Checking for BSP changes to sync application flags for project 'music_player_sw'...
00:24:04 INFO  : Connected to target on host '127.0.0.1' and port '3121'.
00:24:04 INFO  : Jtag cable 'Digilent Zybo Z7 210351B3FC8DA' is selected.
00:24:04 INFO  : 'jtag frequency' command is executed.
00:24:04 INFO  : Context for 'APU' is selected.
00:24:05 INFO  : System reset is completed.
00:24:08 INFO  : 'after 3000' command is executed.
00:24:08 INFO  : 'targets -set -filter {jtag_cable_name =~ "Digilent Zybo Z7 210351B3FC8DA" && level==0 && jtag_device_ctx=="jsn-Zybo Z7-210351B3FC8DA-13722093-0"}' command is executed.
00:24:09 INFO  : FPGA configured successfully with bitstream "D:/proyectosep2/IEE2463-SEP-Proyecto-2-Z8/music_player/vitis/music_player_sw/_ide/bitstream/design_1_wrapper.bit"
00:24:09 INFO  : Context for 'APU' is selected.
00:24:09 INFO  : Hardware design and registers information is loaded from 'D:/proyectosep2/IEE2463-SEP-Proyecto-2-Z8/music_player/vitis/music_player/export/music_player/hw/design_1_wrapper.xsa'.
00:24:09 INFO  : 'configparams force-mem-access 1' command is executed.
00:24:09 INFO  : Context for 'APU' is selected.
00:24:09 INFO  : Sourcing of 'D:/proyectosep2/IEE2463-SEP-Proyecto-2-Z8/music_player/vitis/music_player_sw/_ide/psinit/ps7_init.tcl' is done.
00:24:10 INFO  : 'ps7_init' command is executed.
00:24:10 INFO  : 'ps7_post_config' command is executed.
00:24:10 INFO  : Context for processor 'ps7_cortexa9_0' is selected.
00:24:10 INFO  : The application 'D:/proyectosep2/IEE2463-SEP-Proyecto-2-Z8/music_player/vitis/music_player_sw/Debug/music_player_sw.elf' is downloaded to processor 'ps7_cortexa9_0'.
00:24:10 INFO  : 'configparams force-mem-access 0' command is executed.
00:24:10 INFO  : ----------------XSDB Script----------------
connect -url tcp:127.0.0.1:3121
targets -set -nocase -filter {name =~"APU*"}
rst -system
after 3000
targets -set -filter {jtag_cable_name =~ "Digilent Zybo Z7 210351B3FC8DA" && level==0 && jtag_device_ctx=="jsn-Zybo Z7-210351B3FC8DA-13722093-0"}
fpga -file D:/proyectosep2/IEE2463-SEP-Proyecto-2-Z8/music_player/vitis/music_player_sw/_ide/bitstream/design_1_wrapper.bit
targets -set -nocase -filter {name =~"APU*"}
loadhw -hw D:/proyectosep2/IEE2463-SEP-Proyecto-2-Z8/music_player/vitis/music_player/export/music_player/hw/design_1_wrapper.xsa -mem-ranges [list {0x40000000 0xbfffffff}] -regs
configparams force-mem-access 1
targets -set -nocase -filter {name =~"APU*"}
source D:/proyectosep2/IEE2463-SEP-Proyecto-2-Z8/music_player/vitis/music_player_sw/_ide/psinit/ps7_init.tcl
ps7_init
ps7_post_config
targets -set -nocase -filter {name =~ "*A9*#0"}
dow D:/proyectosep2/IEE2463-SEP-Proyecto-2-Z8/music_player/vitis/music_player_sw/Debug/music_player_sw.elf
configparams force-mem-access 0
----------------End of Script----------------

00:24:10 INFO  : Context for processor 'ps7_cortexa9_0' is selected.
00:24:10 INFO  : 'con' command is executed.
00:24:10 INFO  : ----------------XSDB Script (After Launch)----------------
targets -set -nocase -filter {name =~ "*A9*#0"}
con
----------------End of Script----------------

00:24:10 INFO  : Launch script is exported to file 'D:\proyectosep2\IEE2463-SEP-Proyecto-2-Z8\music_player\vitis\.sdk\launch_scripts\single_application_debug\systemdebugger_music_player_sw_system_standalone.tcl'
00:25:19 INFO  : Disconnected from the channel tcfchan#4.
00:25:19 INFO  : Connected to target on host '127.0.0.1' and port '3121'.
00:25:19 INFO  : Jtag cable 'Digilent Zybo Z7 210351B3FC8DA' is selected.
00:25:19 INFO  : 'jtag frequency' command is executed.
00:25:19 INFO  : Context for 'APU' is selected.
00:25:19 INFO  : System reset is completed.
00:25:22 INFO  : 'after 3000' command is executed.
00:25:23 INFO  : 'targets -set -filter {jtag_cable_name =~ "Digilent Zybo Z7 210351B3FC8DA" && level==0 && jtag_device_ctx=="jsn-Zybo Z7-210351B3FC8DA-13722093-0"}' command is executed.
00:25:24 INFO  : FPGA configured successfully with bitstream "D:/proyectosep2/IEE2463-SEP-Proyecto-2-Z8/music_player/vitis/music_player_sw/_ide/bitstream/design_1_wrapper.bit"
00:25:24 INFO  : Context for 'APU' is selected.
00:25:24 INFO  : Hardware design and registers information is loaded from 'D:/proyectosep2/IEE2463-SEP-Proyecto-2-Z8/music_player/vitis/music_player/export/music_player/hw/design_1_wrapper.xsa'.
00:25:24 INFO  : 'configparams force-mem-access 1' command is executed.
00:25:24 INFO  : Context for 'APU' is selected.
00:25:24 INFO  : Sourcing of 'D:/proyectosep2/IEE2463-SEP-Proyecto-2-Z8/music_player/vitis/music_player_sw/_ide/psinit/ps7_init.tcl' is done.
00:25:24 INFO  : 'ps7_init' command is executed.
00:25:24 INFO  : 'ps7_post_config' command is executed.
00:25:24 INFO  : Context for processor 'ps7_cortexa9_0' is selected.
00:25:24 INFO  : The application 'D:/proyectosep2/IEE2463-SEP-Proyecto-2-Z8/music_player/vitis/music_player_sw/Debug/music_player_sw.elf' is downloaded to processor 'ps7_cortexa9_0'.
00:25:24 INFO  : 'configparams force-mem-access 0' command is executed.
00:25:24 INFO  : ----------------XSDB Script----------------
connect -url tcp:127.0.0.1:3121
targets -set -nocase -filter {name =~"APU*"}
rst -system
after 3000
targets -set -filter {jtag_cable_name =~ "Digilent Zybo Z7 210351B3FC8DA" && level==0 && jtag_device_ctx=="jsn-Zybo Z7-210351B3FC8DA-13722093-0"}
fpga -file D:/proyectosep2/IEE2463-SEP-Proyecto-2-Z8/music_player/vitis/music_player_sw/_ide/bitstream/design_1_wrapper.bit
targets -set -nocase -filter {name =~"APU*"}
loadhw -hw D:/proyectosep2/IEE2463-SEP-Proyecto-2-Z8/music_player/vitis/music_player/export/music_player/hw/design_1_wrapper.xsa -mem-ranges [list {0x40000000 0xbfffffff}] -regs
configparams force-mem-access 1
targets -set -nocase -filter {name =~"APU*"}
source D:/proyectosep2/IEE2463-SEP-Proyecto-2-Z8/music_player/vitis/music_player_sw/_ide/psinit/ps7_init.tcl
ps7_init
ps7_post_config
targets -set -nocase -filter {name =~ "*A9*#0"}
dow D:/proyectosep2/IEE2463-SEP-Proyecto-2-Z8/music_player/vitis/music_player_sw/Debug/music_player_sw.elf
configparams force-mem-access 0
----------------End of Script----------------

00:25:24 INFO  : Context for processor 'ps7_cortexa9_0' is selected.
00:25:24 INFO  : 'con' command is executed.
00:25:24 INFO  : ----------------XSDB Script (After Launch)----------------
targets -set -nocase -filter {name =~ "*A9*#0"}
con
----------------End of Script----------------

00:25:24 INFO  : Launch script is exported to file 'D:\proyectosep2\IEE2463-SEP-Proyecto-2-Z8\music_player\vitis\.sdk\launch_scripts\single_application_debug\systemdebugger_music_player_sw_system_standalone.tcl'
00:25:47 INFO  : Disconnected from the channel tcfchan#5.
00:25:47 INFO  : Connected to target on host '127.0.0.1' and port '3121'.
00:25:47 INFO  : Jtag cable 'Digilent Zybo Z7 210351B3FC8DA' is selected.
00:25:47 INFO  : 'jtag frequency' command is executed.
00:25:47 INFO  : Context for 'APU' is selected.
00:25:47 INFO  : System reset is completed.
00:25:50 INFO  : 'after 3000' command is executed.
00:25:50 INFO  : 'targets -set -filter {jtag_cable_name =~ "Digilent Zybo Z7 210351B3FC8DA" && level==0 && jtag_device_ctx=="jsn-Zybo Z7-210351B3FC8DA-13722093-0"}' command is executed.
00:25:51 INFO  : FPGA configured successfully with bitstream "D:/proyectosep2/IEE2463-SEP-Proyecto-2-Z8/music_player/vitis/music_player_sw/_ide/bitstream/design_1_wrapper.bit"
00:25:52 INFO  : Context for 'APU' is selected.
00:25:52 INFO  : Hardware design and registers information is loaded from 'D:/proyectosep2/IEE2463-SEP-Proyecto-2-Z8/music_player/vitis/music_player/export/music_player/hw/design_1_wrapper.xsa'.
00:25:52 INFO  : 'configparams force-mem-access 1' command is executed.
00:25:52 INFO  : Context for 'APU' is selected.
00:25:52 INFO  : Sourcing of 'D:/proyectosep2/IEE2463-SEP-Proyecto-2-Z8/music_player/vitis/music_player_sw/_ide/psinit/ps7_init.tcl' is done.
00:25:52 INFO  : 'ps7_init' command is executed.
00:25:52 INFO  : 'ps7_post_config' command is executed.
00:25:52 INFO  : Context for processor 'ps7_cortexa9_0' is selected.
00:25:52 INFO  : The application 'D:/proyectosep2/IEE2463-SEP-Proyecto-2-Z8/music_player/vitis/music_player_sw/Debug/music_player_sw.elf' is downloaded to processor 'ps7_cortexa9_0'.
00:25:52 INFO  : 'configparams force-mem-access 0' command is executed.
00:25:52 INFO  : ----------------XSDB Script----------------
connect -url tcp:127.0.0.1:3121
targets -set -nocase -filter {name =~"APU*"}
rst -system
after 3000
targets -set -filter {jtag_cable_name =~ "Digilent Zybo Z7 210351B3FC8DA" && level==0 && jtag_device_ctx=="jsn-Zybo Z7-210351B3FC8DA-13722093-0"}
fpga -file D:/proyectosep2/IEE2463-SEP-Proyecto-2-Z8/music_player/vitis/music_player_sw/_ide/bitstream/design_1_wrapper.bit
targets -set -nocase -filter {name =~"APU*"}
loadhw -hw D:/proyectosep2/IEE2463-SEP-Proyecto-2-Z8/music_player/vitis/music_player/export/music_player/hw/design_1_wrapper.xsa -mem-ranges [list {0x40000000 0xbfffffff}] -regs
configparams force-mem-access 1
targets -set -nocase -filter {name =~"APU*"}
source D:/proyectosep2/IEE2463-SEP-Proyecto-2-Z8/music_player/vitis/music_player_sw/_ide/psinit/ps7_init.tcl
ps7_init
ps7_post_config
targets -set -nocase -filter {name =~ "*A9*#0"}
dow D:/proyectosep2/IEE2463-SEP-Proyecto-2-Z8/music_player/vitis/music_player_sw/Debug/music_player_sw.elf
configparams force-mem-access 0
----------------End of Script----------------

00:25:52 INFO  : Context for processor 'ps7_cortexa9_0' is selected.
00:25:52 INFO  : 'con' command is executed.
00:25:52 INFO  : ----------------XSDB Script (After Launch)----------------
targets -set -nocase -filter {name =~ "*A9*#0"}
con
----------------End of Script----------------

00:25:52 INFO  : Launch script is exported to file 'D:\proyectosep2\IEE2463-SEP-Proyecto-2-Z8\music_player\vitis\.sdk\launch_scripts\single_application_debug\systemdebugger_music_player_sw_system_standalone.tcl'
00:27:22 INFO  : Disconnected from the channel tcfchan#6.
00:27:42 INFO  : Connected to target on host '127.0.0.1' and port '3121'.
00:27:42 INFO  : Jtag cable 'Digilent Zybo Z7 210351B3FC8DA' is selected.
00:27:42 INFO  : 'jtag frequency' command is executed.
00:27:42 INFO  : Context for 'APU' is selected.
00:27:43 INFO  : System reset is completed.
00:27:46 INFO  : 'after 3000' command is executed.
00:27:46 INFO  : 'targets -set -filter {jtag_cable_name =~ "Digilent Zybo Z7 210351B3FC8DA" && level==0 && jtag_device_ctx=="jsn-Zybo Z7-210351B3FC8DA-13722093-0"}' command is executed.
00:27:47 INFO  : FPGA configured successfully with bitstream "D:/proyectosep2/IEE2463-SEP-Proyecto-2-Z8/music_player/vitis/music_player_sw/_ide/bitstream/design_1_wrapper.bit"
00:27:47 INFO  : Context for 'APU' is selected.
00:27:47 INFO  : Hardware design and registers information is loaded from 'D:/proyectosep2/IEE2463-SEP-Proyecto-2-Z8/music_player/vitis/music_player/export/music_player/hw/design_1_wrapper.xsa'.
00:27:47 INFO  : 'configparams force-mem-access 1' command is executed.
00:27:47 INFO  : Context for 'APU' is selected.
00:27:47 INFO  : Sourcing of 'D:/proyectosep2/IEE2463-SEP-Proyecto-2-Z8/music_player/vitis/music_player_sw/_ide/psinit/ps7_init.tcl' is done.
00:27:47 INFO  : 'ps7_init' command is executed.
00:27:47 INFO  : 'ps7_post_config' command is executed.
00:27:47 INFO  : Context for processor 'ps7_cortexa9_0' is selected.
00:27:48 INFO  : The application 'D:/proyectosep2/IEE2463-SEP-Proyecto-2-Z8/music_player/vitis/music_player_sw/Debug/music_player_sw.elf' is downloaded to processor 'ps7_cortexa9_0'.
00:27:48 INFO  : 'configparams force-mem-access 0' command is executed.
00:27:48 INFO  : ----------------XSDB Script----------------
connect -url tcp:127.0.0.1:3121
targets -set -nocase -filter {name =~"APU*"}
rst -system
after 3000
targets -set -filter {jtag_cable_name =~ "Digilent Zybo Z7 210351B3FC8DA" && level==0 && jtag_device_ctx=="jsn-Zybo Z7-210351B3FC8DA-13722093-0"}
fpga -file D:/proyectosep2/IEE2463-SEP-Proyecto-2-Z8/music_player/vitis/music_player_sw/_ide/bitstream/design_1_wrapper.bit
targets -set -nocase -filter {name =~"APU*"}
loadhw -hw D:/proyectosep2/IEE2463-SEP-Proyecto-2-Z8/music_player/vitis/music_player/export/music_player/hw/design_1_wrapper.xsa -mem-ranges [list {0x40000000 0xbfffffff}] -regs
configparams force-mem-access 1
targets -set -nocase -filter {name =~"APU*"}
source D:/proyectosep2/IEE2463-SEP-Proyecto-2-Z8/music_player/vitis/music_player_sw/_ide/psinit/ps7_init.tcl
ps7_init
ps7_post_config
targets -set -nocase -filter {name =~ "*A9*#0"}
dow D:/proyectosep2/IEE2463-SEP-Proyecto-2-Z8/music_player/vitis/music_player_sw/Debug/music_player_sw.elf
configparams force-mem-access 0
----------------End of Script----------------

00:27:48 INFO  : Context for processor 'ps7_cortexa9_0' is selected.
00:27:48 INFO  : 'con' command is executed.
00:27:48 INFO  : ----------------XSDB Script (After Launch)----------------
targets -set -nocase -filter {name =~ "*A9*#0"}
con
----------------End of Script----------------

00:27:48 INFO  : Launch script is exported to file 'D:\proyectosep2\IEE2463-SEP-Proyecto-2-Z8\music_player\vitis\.sdk\launch_scripts\single_application_debug\systemdebugger_music_player_sw_system_standalone.tcl'
00:28:07 INFO  : Disconnected from the channel tcfchan#7.
00:28:07 INFO  : Connected to target on host '127.0.0.1' and port '3121'.
00:28:07 INFO  : Jtag cable 'Digilent Zybo Z7 210351B3FC8DA' is selected.
00:28:07 INFO  : 'jtag frequency' command is executed.
00:28:07 INFO  : Context for 'APU' is selected.
00:28:08 INFO  : System reset is completed.
00:28:11 INFO  : 'after 3000' command is executed.
00:28:11 INFO  : 'targets -set -filter {jtag_cable_name =~ "Digilent Zybo Z7 210351B3FC8DA" && level==0 && jtag_device_ctx=="jsn-Zybo Z7-210351B3FC8DA-13722093-0"}' command is executed.
00:28:12 INFO  : FPGA configured successfully with bitstream "D:/proyectosep2/IEE2463-SEP-Proyecto-2-Z8/music_player/vitis/music_player_sw/_ide/bitstream/design_1_wrapper.bit"
00:28:12 INFO  : Context for 'APU' is selected.
00:28:12 INFO  : Hardware design and registers information is loaded from 'D:/proyectosep2/IEE2463-SEP-Proyecto-2-Z8/music_player/vitis/music_player/export/music_player/hw/design_1_wrapper.xsa'.
00:28:12 INFO  : 'configparams force-mem-access 1' command is executed.
00:28:12 INFO  : Context for 'APU' is selected.
00:28:12 INFO  : Sourcing of 'D:/proyectosep2/IEE2463-SEP-Proyecto-2-Z8/music_player/vitis/music_player_sw/_ide/psinit/ps7_init.tcl' is done.
00:28:12 INFO  : 'ps7_init' command is executed.
00:28:12 INFO  : 'ps7_post_config' command is executed.
00:28:12 INFO  : Context for processor 'ps7_cortexa9_0' is selected.
00:28:12 INFO  : The application 'D:/proyectosep2/IEE2463-SEP-Proyecto-2-Z8/music_player/vitis/music_player_sw/Debug/music_player_sw.elf' is downloaded to processor 'ps7_cortexa9_0'.
00:28:12 INFO  : 'configparams force-mem-access 0' command is executed.
00:28:12 INFO  : ----------------XSDB Script----------------
connect -url tcp:127.0.0.1:3121
targets -set -nocase -filter {name =~"APU*"}
rst -system
after 3000
targets -set -filter {jtag_cable_name =~ "Digilent Zybo Z7 210351B3FC8DA" && level==0 && jtag_device_ctx=="jsn-Zybo Z7-210351B3FC8DA-13722093-0"}
fpga -file D:/proyectosep2/IEE2463-SEP-Proyecto-2-Z8/music_player/vitis/music_player_sw/_ide/bitstream/design_1_wrapper.bit
targets -set -nocase -filter {name =~"APU*"}
loadhw -hw D:/proyectosep2/IEE2463-SEP-Proyecto-2-Z8/music_player/vitis/music_player/export/music_player/hw/design_1_wrapper.xsa -mem-ranges [list {0x40000000 0xbfffffff}] -regs
configparams force-mem-access 1
targets -set -nocase -filter {name =~"APU*"}
source D:/proyectosep2/IEE2463-SEP-Proyecto-2-Z8/music_player/vitis/music_player_sw/_ide/psinit/ps7_init.tcl
ps7_init
ps7_post_config
targets -set -nocase -filter {name =~ "*A9*#0"}
dow D:/proyectosep2/IEE2463-SEP-Proyecto-2-Z8/music_player/vitis/music_player_sw/Debug/music_player_sw.elf
configparams force-mem-access 0
----------------End of Script----------------

00:28:12 INFO  : Context for processor 'ps7_cortexa9_0' is selected.
00:28:12 INFO  : 'con' command is executed.
00:28:12 INFO  : ----------------XSDB Script (After Launch)----------------
targets -set -nocase -filter {name =~ "*A9*#0"}
con
----------------End of Script----------------

00:28:12 INFO  : Launch script is exported to file 'D:\proyectosep2\IEE2463-SEP-Proyecto-2-Z8\music_player\vitis\.sdk\launch_scripts\single_application_debug\systemdebugger_music_player_sw_system_standalone.tcl'
00:29:08 INFO  : Checking for BSP changes to sync application flags for project 'music_player_sw'...
00:29:14 INFO  : Checking for BSP changes to sync application flags for project 'music_player_sw'...
00:29:38 INFO  : Disconnected from the channel tcfchan#8.
00:29:39 INFO  : Connected to target on host '127.0.0.1' and port '3121'.
00:29:39 INFO  : Jtag cable 'Digilent Zybo Z7 210351B3FC8DA' is selected.
00:29:39 INFO  : 'jtag frequency' command is executed.
00:29:39 INFO  : Context for 'APU' is selected.
00:29:39 INFO  : System reset is completed.
00:29:42 INFO  : 'after 3000' command is executed.
00:29:42 INFO  : 'targets -set -filter {jtag_cable_name =~ "Digilent Zybo Z7 210351B3FC8DA" && level==0 && jtag_device_ctx=="jsn-Zybo Z7-210351B3FC8DA-13722093-0"}' command is executed.
00:29:43 INFO  : FPGA configured successfully with bitstream "D:/proyectosep2/IEE2463-SEP-Proyecto-2-Z8/music_player/vitis/music_player_sw/_ide/bitstream/design_1_wrapper.bit"
00:29:43 INFO  : Context for 'APU' is selected.
00:29:43 INFO  : Hardware design and registers information is loaded from 'D:/proyectosep2/IEE2463-SEP-Proyecto-2-Z8/music_player/vitis/music_player/export/music_player/hw/design_1_wrapper.xsa'.
00:29:43 INFO  : 'configparams force-mem-access 1' command is executed.
00:29:43 INFO  : Context for 'APU' is selected.
00:29:43 INFO  : Sourcing of 'D:/proyectosep2/IEE2463-SEP-Proyecto-2-Z8/music_player/vitis/music_player_sw/_ide/psinit/ps7_init.tcl' is done.
00:29:43 INFO  : 'ps7_init' command is executed.
00:29:43 INFO  : 'ps7_post_config' command is executed.
00:29:43 INFO  : Context for processor 'ps7_cortexa9_0' is selected.
00:29:43 INFO  : The application 'D:/proyectosep2/IEE2463-SEP-Proyecto-2-Z8/music_player/vitis/music_player_sw/Debug/music_player_sw.elf' is downloaded to processor 'ps7_cortexa9_0'.
00:29:43 INFO  : 'configparams force-mem-access 0' command is executed.
00:29:43 INFO  : ----------------XSDB Script----------------
connect -url tcp:127.0.0.1:3121
targets -set -nocase -filter {name =~"APU*"}
rst -system
after 3000
targets -set -filter {jtag_cable_name =~ "Digilent Zybo Z7 210351B3FC8DA" && level==0 && jtag_device_ctx=="jsn-Zybo Z7-210351B3FC8DA-13722093-0"}
fpga -file D:/proyectosep2/IEE2463-SEP-Proyecto-2-Z8/music_player/vitis/music_player_sw/_ide/bitstream/design_1_wrapper.bit
targets -set -nocase -filter {name =~"APU*"}
loadhw -hw D:/proyectosep2/IEE2463-SEP-Proyecto-2-Z8/music_player/vitis/music_player/export/music_player/hw/design_1_wrapper.xsa -mem-ranges [list {0x40000000 0xbfffffff}] -regs
configparams force-mem-access 1
targets -set -nocase -filter {name =~"APU*"}
source D:/proyectosep2/IEE2463-SEP-Proyecto-2-Z8/music_player/vitis/music_player_sw/_ide/psinit/ps7_init.tcl
ps7_init
ps7_post_config
targets -set -nocase -filter {name =~ "*A9*#0"}
dow D:/proyectosep2/IEE2463-SEP-Proyecto-2-Z8/music_player/vitis/music_player_sw/Debug/music_player_sw.elf
configparams force-mem-access 0
----------------End of Script----------------

00:29:44 INFO  : Context for processor 'ps7_cortexa9_0' is selected.
00:29:44 INFO  : 'con' command is executed.
00:29:44 INFO  : ----------------XSDB Script (After Launch)----------------
targets -set -nocase -filter {name =~ "*A9*#0"}
con
----------------End of Script----------------

00:29:44 INFO  : Launch script is exported to file 'D:\proyectosep2\IEE2463-SEP-Proyecto-2-Z8\music_player\vitis\.sdk\launch_scripts\single_application_debug\systemdebugger_music_player_sw_system_standalone.tcl'
00:31:58 INFO  : Checking for BSP changes to sync application flags for project 'music_player_sw'...
00:32:09 INFO  : Disconnected from the channel tcfchan#10.
00:32:11 INFO  : Connected to target on host '127.0.0.1' and port '3121'.
00:32:12 INFO  : Jtag cable 'Digilent Zybo Z7 210351B3FC8DA' is selected.
00:32:12 INFO  : 'jtag frequency' command is executed.
00:32:12 INFO  : Context for 'APU' is selected.
00:32:12 INFO  : System reset is completed.
00:32:15 INFO  : 'after 3000' command is executed.
00:32:15 INFO  : 'targets -set -filter {jtag_cable_name =~ "Digilent Zybo Z7 210351B3FC8DA" && level==0 && jtag_device_ctx=="jsn-Zybo Z7-210351B3FC8DA-13722093-0"}' command is executed.
00:32:16 INFO  : FPGA configured successfully with bitstream "D:/proyectosep2/IEE2463-SEP-Proyecto-2-Z8/music_player/vitis/music_player_sw/_ide/bitstream/design_1_wrapper.bit"
00:32:16 INFO  : Context for 'APU' is selected.
00:32:16 INFO  : Hardware design and registers information is loaded from 'D:/proyectosep2/IEE2463-SEP-Proyecto-2-Z8/music_player/vitis/music_player/export/music_player/hw/design_1_wrapper.xsa'.
00:32:16 INFO  : 'configparams force-mem-access 1' command is executed.
00:32:16 INFO  : Context for 'APU' is selected.
00:32:16 INFO  : Sourcing of 'D:/proyectosep2/IEE2463-SEP-Proyecto-2-Z8/music_player/vitis/music_player_sw/_ide/psinit/ps7_init.tcl' is done.
00:32:16 INFO  : 'ps7_init' command is executed.
00:32:16 INFO  : 'ps7_post_config' command is executed.
00:32:16 INFO  : Context for processor 'ps7_cortexa9_0' is selected.
00:32:17 INFO  : The application 'D:/proyectosep2/IEE2463-SEP-Proyecto-2-Z8/music_player/vitis/music_player_sw/Debug/music_player_sw.elf' is downloaded to processor 'ps7_cortexa9_0'.
00:32:17 INFO  : 'configparams force-mem-access 0' command is executed.
00:32:17 INFO  : ----------------XSDB Script----------------
connect -url tcp:127.0.0.1:3121
targets -set -nocase -filter {name =~"APU*"}
rst -system
after 3000
targets -set -filter {jtag_cable_name =~ "Digilent Zybo Z7 210351B3FC8DA" && level==0 && jtag_device_ctx=="jsn-Zybo Z7-210351B3FC8DA-13722093-0"}
fpga -file D:/proyectosep2/IEE2463-SEP-Proyecto-2-Z8/music_player/vitis/music_player_sw/_ide/bitstream/design_1_wrapper.bit
targets -set -nocase -filter {name =~"APU*"}
loadhw -hw D:/proyectosep2/IEE2463-SEP-Proyecto-2-Z8/music_player/vitis/music_player/export/music_player/hw/design_1_wrapper.xsa -mem-ranges [list {0x40000000 0xbfffffff}] -regs
configparams force-mem-access 1
targets -set -nocase -filter {name =~"APU*"}
source D:/proyectosep2/IEE2463-SEP-Proyecto-2-Z8/music_player/vitis/music_player_sw/_ide/psinit/ps7_init.tcl
ps7_init
ps7_post_config
targets -set -nocase -filter {name =~ "*A9*#0"}
dow D:/proyectosep2/IEE2463-SEP-Proyecto-2-Z8/music_player/vitis/music_player_sw/Debug/music_player_sw.elf
configparams force-mem-access 0
----------------End of Script----------------

00:32:17 INFO  : Context for processor 'ps7_cortexa9_0' is selected.
00:32:17 INFO  : 'con' command is executed.
00:32:17 INFO  : ----------------XSDB Script (After Launch)----------------
targets -set -nocase -filter {name =~ "*A9*#0"}
con
----------------End of Script----------------

00:32:17 INFO  : Launch script is exported to file 'D:\proyectosep2\IEE2463-SEP-Proyecto-2-Z8\music_player\vitis\.sdk\launch_scripts\single_application_debug\systemdebugger_music_player_sw_system_standalone.tcl'
00:32:21 INFO  : Disconnected from the channel tcfchan#12.
00:32:24 INFO  : Checking for BSP changes to sync application flags for project 'music_player_sw'...
00:32:35 INFO  : Connected to target on host '127.0.0.1' and port '3121'.
00:32:35 INFO  : Jtag cable 'Digilent Zybo Z7 210351B3FC8DA' is selected.
00:32:35 INFO  : 'jtag frequency' command is executed.
00:32:35 INFO  : Context for 'APU' is selected.
00:32:35 INFO  : System reset is completed.
00:32:38 INFO  : 'after 3000' command is executed.
00:32:38 INFO  : 'targets -set -filter {jtag_cable_name =~ "Digilent Zybo Z7 210351B3FC8DA" && level==0 && jtag_device_ctx=="jsn-Zybo Z7-210351B3FC8DA-13722093-0"}' command is executed.
00:32:39 INFO  : FPGA configured successfully with bitstream "D:/proyectosep2/IEE2463-SEP-Proyecto-2-Z8/music_player/vitis/music_player_sw/_ide/bitstream/design_1_wrapper.bit"
00:32:39 INFO  : Context for 'APU' is selected.
00:32:39 INFO  : Hardware design and registers information is loaded from 'D:/proyectosep2/IEE2463-SEP-Proyecto-2-Z8/music_player/vitis/music_player/export/music_player/hw/design_1_wrapper.xsa'.
00:32:39 INFO  : 'configparams force-mem-access 1' command is executed.
00:32:39 INFO  : Context for 'APU' is selected.
00:32:39 INFO  : Sourcing of 'D:/proyectosep2/IEE2463-SEP-Proyecto-2-Z8/music_player/vitis/music_player_sw/_ide/psinit/ps7_init.tcl' is done.
00:32:40 INFO  : 'ps7_init' command is executed.
00:32:40 INFO  : 'ps7_post_config' command is executed.
00:32:40 INFO  : Context for processor 'ps7_cortexa9_0' is selected.
00:32:40 INFO  : The application 'D:/proyectosep2/IEE2463-SEP-Proyecto-2-Z8/music_player/vitis/music_player_sw/Debug/music_player_sw.elf' is downloaded to processor 'ps7_cortexa9_0'.
00:32:40 INFO  : 'configparams force-mem-access 0' command is executed.
00:32:40 INFO  : ----------------XSDB Script----------------
connect -url tcp:127.0.0.1:3121
targets -set -nocase -filter {name =~"APU*"}
rst -system
after 3000
targets -set -filter {jtag_cable_name =~ "Digilent Zybo Z7 210351B3FC8DA" && level==0 && jtag_device_ctx=="jsn-Zybo Z7-210351B3FC8DA-13722093-0"}
fpga -file D:/proyectosep2/IEE2463-SEP-Proyecto-2-Z8/music_player/vitis/music_player_sw/_ide/bitstream/design_1_wrapper.bit
targets -set -nocase -filter {name =~"APU*"}
loadhw -hw D:/proyectosep2/IEE2463-SEP-Proyecto-2-Z8/music_player/vitis/music_player/export/music_player/hw/design_1_wrapper.xsa -mem-ranges [list {0x40000000 0xbfffffff}] -regs
configparams force-mem-access 1
targets -set -nocase -filter {name =~"APU*"}
source D:/proyectosep2/IEE2463-SEP-Proyecto-2-Z8/music_player/vitis/music_player_sw/_ide/psinit/ps7_init.tcl
ps7_init
ps7_post_config
targets -set -nocase -filter {name =~ "*A9*#0"}
dow D:/proyectosep2/IEE2463-SEP-Proyecto-2-Z8/music_player/vitis/music_player_sw/Debug/music_player_sw.elf
configparams force-mem-access 0
----------------End of Script----------------

00:32:40 INFO  : Context for processor 'ps7_cortexa9_0' is selected.
00:32:40 INFO  : 'con' command is executed.
00:32:40 INFO  : ----------------XSDB Script (After Launch)----------------
targets -set -nocase -filter {name =~ "*A9*#0"}
con
----------------End of Script----------------

00:32:40 INFO  : Launch script is exported to file 'D:\proyectosep2\IEE2463-SEP-Proyecto-2-Z8\music_player\vitis\.sdk\launch_scripts\single_application_debug\systemdebugger_music_player_sw_system_standalone.tcl'
00:34:51 INFO  : Disconnected from the channel tcfchan#14.
00:34:53 INFO  : Checking for BSP changes to sync application flags for project 'music_player_sw'...
00:35:02 INFO  : Checking for BSP changes to sync application flags for project 'music_player_sw'...
00:35:16 INFO  : Connected to target on host '127.0.0.1' and port '3121'.
00:35:16 INFO  : Jtag cable 'Digilent Zybo Z7 210351B3FC8DA' is selected.
00:35:16 INFO  : 'jtag frequency' command is executed.
00:35:16 INFO  : Context for 'APU' is selected.
00:35:16 INFO  : System reset is completed.
00:35:19 INFO  : 'after 3000' command is executed.
00:35:19 INFO  : 'targets -set -filter {jtag_cable_name =~ "Digilent Zybo Z7 210351B3FC8DA" && level==0 && jtag_device_ctx=="jsn-Zybo Z7-210351B3FC8DA-13722093-0"}' command is executed.
00:35:20 INFO  : FPGA configured successfully with bitstream "D:/proyectosep2/IEE2463-SEP-Proyecto-2-Z8/music_player/vitis/music_player_sw/_ide/bitstream/design_1_wrapper.bit"
00:35:20 INFO  : Context for 'APU' is selected.
00:35:20 INFO  : Hardware design and registers information is loaded from 'D:/proyectosep2/IEE2463-SEP-Proyecto-2-Z8/music_player/vitis/music_player/export/music_player/hw/design_1_wrapper.xsa'.
00:35:20 INFO  : 'configparams force-mem-access 1' command is executed.
00:35:20 INFO  : Context for 'APU' is selected.
00:35:20 INFO  : Sourcing of 'D:/proyectosep2/IEE2463-SEP-Proyecto-2-Z8/music_player/vitis/music_player_sw/_ide/psinit/ps7_init.tcl' is done.
00:35:21 INFO  : 'ps7_init' command is executed.
00:35:21 INFO  : 'ps7_post_config' command is executed.
00:35:21 INFO  : Context for processor 'ps7_cortexa9_0' is selected.
00:35:21 INFO  : The application 'D:/proyectosep2/IEE2463-SEP-Proyecto-2-Z8/music_player/vitis/music_player_sw/Debug/music_player_sw.elf' is downloaded to processor 'ps7_cortexa9_0'.
00:35:21 INFO  : 'configparams force-mem-access 0' command is executed.
00:35:21 INFO  : ----------------XSDB Script----------------
connect -url tcp:127.0.0.1:3121
targets -set -nocase -filter {name =~"APU*"}
rst -system
after 3000
targets -set -filter {jtag_cable_name =~ "Digilent Zybo Z7 210351B3FC8DA" && level==0 && jtag_device_ctx=="jsn-Zybo Z7-210351B3FC8DA-13722093-0"}
fpga -file D:/proyectosep2/IEE2463-SEP-Proyecto-2-Z8/music_player/vitis/music_player_sw/_ide/bitstream/design_1_wrapper.bit
targets -set -nocase -filter {name =~"APU*"}
loadhw -hw D:/proyectosep2/IEE2463-SEP-Proyecto-2-Z8/music_player/vitis/music_player/export/music_player/hw/design_1_wrapper.xsa -mem-ranges [list {0x40000000 0xbfffffff}] -regs
configparams force-mem-access 1
targets -set -nocase -filter {name =~"APU*"}
source D:/proyectosep2/IEE2463-SEP-Proyecto-2-Z8/music_player/vitis/music_player_sw/_ide/psinit/ps7_init.tcl
ps7_init
ps7_post_config
targets -set -nocase -filter {name =~ "*A9*#0"}
dow D:/proyectosep2/IEE2463-SEP-Proyecto-2-Z8/music_player/vitis/music_player_sw/Debug/music_player_sw.elf
configparams force-mem-access 0
----------------End of Script----------------

00:35:21 INFO  : Context for processor 'ps7_cortexa9_0' is selected.
00:35:21 INFO  : 'con' command is executed.
00:35:21 INFO  : ----------------XSDB Script (After Launch)----------------
targets -set -nocase -filter {name =~ "*A9*#0"}
con
----------------End of Script----------------

00:35:21 INFO  : Launch script is exported to file 'D:\proyectosep2\IEE2463-SEP-Proyecto-2-Z8\music_player\vitis\.sdk\launch_scripts\single_application_debug\systemdebugger_music_player_sw_system_standalone.tcl'
00:36:49 INFO  : Disconnected from the channel tcfchan#17.
00:36:49 INFO  : Connected to target on host '127.0.0.1' and port '3121'.
00:36:49 INFO  : Jtag cable 'Digilent Zybo Z7 210351B3FC8DA' is selected.
00:36:49 INFO  : 'jtag frequency' command is executed.
00:36:49 INFO  : Context for 'APU' is selected.
00:36:49 INFO  : System reset is completed.
00:36:52 INFO  : 'after 3000' command is executed.
00:36:52 INFO  : 'targets -set -filter {jtag_cable_name =~ "Digilent Zybo Z7 210351B3FC8DA" && level==0 && jtag_device_ctx=="jsn-Zybo Z7-210351B3FC8DA-13722093-0"}' command is executed.
00:36:53 INFO  : FPGA configured successfully with bitstream "D:/proyectosep2/IEE2463-SEP-Proyecto-2-Z8/music_player/vitis/music_player_sw/_ide/bitstream/design_1_wrapper.bit"
00:36:53 INFO  : Context for 'APU' is selected.
00:36:53 INFO  : Hardware design and registers information is loaded from 'D:/proyectosep2/IEE2463-SEP-Proyecto-2-Z8/music_player/vitis/music_player/export/music_player/hw/design_1_wrapper.xsa'.
00:36:53 INFO  : 'configparams force-mem-access 1' command is executed.
00:36:53 INFO  : Context for 'APU' is selected.
00:36:53 INFO  : Sourcing of 'D:/proyectosep2/IEE2463-SEP-Proyecto-2-Z8/music_player/vitis/music_player_sw/_ide/psinit/ps7_init.tcl' is done.
00:36:54 INFO  : 'ps7_init' command is executed.
00:36:54 INFO  : 'ps7_post_config' command is executed.
00:36:54 INFO  : Context for processor 'ps7_cortexa9_0' is selected.
00:36:54 INFO  : The application 'D:/proyectosep2/IEE2463-SEP-Proyecto-2-Z8/music_player/vitis/music_player_sw/Debug/music_player_sw.elf' is downloaded to processor 'ps7_cortexa9_0'.
00:36:54 INFO  : 'configparams force-mem-access 0' command is executed.
00:36:54 INFO  : ----------------XSDB Script----------------
connect -url tcp:127.0.0.1:3121
targets -set -nocase -filter {name =~"APU*"}
rst -system
after 3000
targets -set -filter {jtag_cable_name =~ "Digilent Zybo Z7 210351B3FC8DA" && level==0 && jtag_device_ctx=="jsn-Zybo Z7-210351B3FC8DA-13722093-0"}
fpga -file D:/proyectosep2/IEE2463-SEP-Proyecto-2-Z8/music_player/vitis/music_player_sw/_ide/bitstream/design_1_wrapper.bit
targets -set -nocase -filter {name =~"APU*"}
loadhw -hw D:/proyectosep2/IEE2463-SEP-Proyecto-2-Z8/music_player/vitis/music_player/export/music_player/hw/design_1_wrapper.xsa -mem-ranges [list {0x40000000 0xbfffffff}] -regs
configparams force-mem-access 1
targets -set -nocase -filter {name =~"APU*"}
source D:/proyectosep2/IEE2463-SEP-Proyecto-2-Z8/music_player/vitis/music_player_sw/_ide/psinit/ps7_init.tcl
ps7_init
ps7_post_config
targets -set -nocase -filter {name =~ "*A9*#0"}
dow D:/proyectosep2/IEE2463-SEP-Proyecto-2-Z8/music_player/vitis/music_player_sw/Debug/music_player_sw.elf
configparams force-mem-access 0
----------------End of Script----------------

00:36:54 INFO  : Context for processor 'ps7_cortexa9_0' is selected.
00:36:54 INFO  : 'con' command is executed.
00:36:54 INFO  : ----------------XSDB Script (After Launch)----------------
targets -set -nocase -filter {name =~ "*A9*#0"}
con
----------------End of Script----------------

00:36:54 INFO  : Launch script is exported to file 'D:\proyectosep2\IEE2463-SEP-Proyecto-2-Z8\music_player\vitis\.sdk\launch_scripts\single_application_debug\systemdebugger_music_player_sw_system_standalone.tcl'
00:50:07 INFO  : Connected to target on host '127.0.0.1' and port '3121'.
00:50:07 INFO  : 'targets -set -filter {jtag_cable_name =~ "Digilent Zybo Z7 210351B3FC8DA" && level==0 && jtag_device_ctx=="jsn-Zybo Z7-210351B3FC8DA-13722093-0"}' command is executed.
00:50:08 INFO  : FPGA configured successfully with bitstream "D:/proyectosep2/IEE2463-SEP-Proyecto-2-Z8/music_player/vitis/music_player_sw/_ide/bitstream/design_1_wrapper.bit"
00:53:55 INFO  : Checking for BSP changes to sync application flags for project 'music_player_sw'...
00:53:57 INFO  : Checking for BSP changes to sync application flags for project 'music_player_sw'...
00:54:11 INFO  : Checking for BSP changes to sync application flags for project 'music_player_sw'...
00:54:42 INFO  : Connected to target on host '127.0.0.1' and port '3121'.
00:54:42 INFO  : 'targets -set -filter {jtag_cable_name =~ "Digilent Zybo Z7 210351B3FC8DA" && level==0 && jtag_device_ctx=="jsn-Zybo Z7-210351B3FC8DA-13722093-0"}' command is executed.
00:54:43 INFO  : FPGA configured successfully with bitstream "D:/proyectosep2/IEE2463-SEP-Proyecto-2-Z8/music_player/vitis/music_player_sw/_ide/bitstream/design_1_wrapper.bit"
00:54:47 INFO  : Disconnected from the channel tcfchan#18.
00:54:47 INFO  : Connected to target on host '127.0.0.1' and port '3121'.
00:54:47 INFO  : Jtag cable 'Digilent Zybo Z7 210351B3FC8DA' is selected.
00:54:47 INFO  : 'jtag frequency' command is executed.
00:54:47 INFO  : Context for 'APU' is selected.
00:54:48 INFO  : System reset is completed.
00:54:51 INFO  : 'after 3000' command is executed.
00:54:51 INFO  : 'targets -set -filter {jtag_cable_name =~ "Digilent Zybo Z7 210351B3FC8DA" && level==0 && jtag_device_ctx=="jsn-Zybo Z7-210351B3FC8DA-13722093-0"}' command is executed.
00:54:52 INFO  : FPGA configured successfully with bitstream "D:/proyectosep2/IEE2463-SEP-Proyecto-2-Z8/music_player/vitis/music_player_sw/_ide/bitstream/design_1_wrapper.bit"
00:54:52 INFO  : Context for 'APU' is selected.
00:54:52 INFO  : Hardware design and registers information is loaded from 'D:/proyectosep2/IEE2463-SEP-Proyecto-2-Z8/music_player/vitis/music_player/export/music_player/hw/design_1_wrapper.xsa'.
00:54:52 INFO  : 'configparams force-mem-access 1' command is executed.
00:54:52 INFO  : Context for 'APU' is selected.
00:54:52 INFO  : Sourcing of 'D:/proyectosep2/IEE2463-SEP-Proyecto-2-Z8/music_player/vitis/music_player_sw/_ide/psinit/ps7_init.tcl' is done.
00:54:52 INFO  : 'ps7_init' command is executed.
00:54:52 INFO  : 'ps7_post_config' command is executed.
00:54:52 INFO  : Context for processor 'ps7_cortexa9_0' is selected.
00:54:52 INFO  : The application 'D:/proyectosep2/IEE2463-SEP-Proyecto-2-Z8/music_player/vitis/music_player_sw/Debug/music_player_sw.elf' is downloaded to processor 'ps7_cortexa9_0'.
00:54:52 INFO  : 'configparams force-mem-access 0' command is executed.
00:54:52 INFO  : ----------------XSDB Script----------------
connect -url tcp:127.0.0.1:3121
targets -set -nocase -filter {name =~"APU*"}
rst -system
after 3000
targets -set -filter {jtag_cable_name =~ "Digilent Zybo Z7 210351B3FC8DA" && level==0 && jtag_device_ctx=="jsn-Zybo Z7-210351B3FC8DA-13722093-0"}
fpga -file D:/proyectosep2/IEE2463-SEP-Proyecto-2-Z8/music_player/vitis/music_player_sw/_ide/bitstream/design_1_wrapper.bit
targets -set -nocase -filter {name =~"APU*"}
loadhw -hw D:/proyectosep2/IEE2463-SEP-Proyecto-2-Z8/music_player/vitis/music_player/export/music_player/hw/design_1_wrapper.xsa -mem-ranges [list {0x40000000 0xbfffffff}] -regs
configparams force-mem-access 1
targets -set -nocase -filter {name =~"APU*"}
source D:/proyectosep2/IEE2463-SEP-Proyecto-2-Z8/music_player/vitis/music_player_sw/_ide/psinit/ps7_init.tcl
ps7_init
ps7_post_config
targets -set -nocase -filter {name =~ "*A9*#0"}
dow D:/proyectosep2/IEE2463-SEP-Proyecto-2-Z8/music_player/vitis/music_player_sw/Debug/music_player_sw.elf
configparams force-mem-access 0
----------------End of Script----------------

00:54:52 INFO  : Context for processor 'ps7_cortexa9_0' is selected.
00:54:52 INFO  : 'con' command is executed.
00:54:52 INFO  : ----------------XSDB Script (After Launch)----------------
targets -set -nocase -filter {name =~ "*A9*#0"}
con
----------------End of Script----------------

00:54:52 INFO  : Launch script is exported to file 'D:\proyectosep2\IEE2463-SEP-Proyecto-2-Z8\music_player\vitis\.sdk\launch_scripts\single_application_debug\systemdebugger_music_player_sw_system_standalone.tcl'
00:57:15 INFO  : Checking for BSP changes to sync application flags for project 'music_player_sw'...
00:57:24 INFO  : Disconnected from the channel tcfchan#21.
00:57:24 INFO  : Connected to target on host '127.0.0.1' and port '3121'.
00:57:24 INFO  : Jtag cable 'Digilent Zybo Z7 210351B3FC8DA' is selected.
00:57:24 INFO  : 'jtag frequency' command is executed.
00:57:24 INFO  : Context for 'APU' is selected.
00:57:24 INFO  : System reset is completed.
00:57:27 INFO  : 'after 3000' command is executed.
00:57:27 INFO  : 'targets -set -filter {jtag_cable_name =~ "Digilent Zybo Z7 210351B3FC8DA" && level==0 && jtag_device_ctx=="jsn-Zybo Z7-210351B3FC8DA-13722093-0"}' command is executed.
00:57:28 INFO  : FPGA configured successfully with bitstream "D:/proyectosep2/IEE2463-SEP-Proyecto-2-Z8/music_player/vitis/music_player_sw/_ide/bitstream/design_1_wrapper.bit"
00:57:28 INFO  : Context for 'APU' is selected.
00:57:28 INFO  : Hardware design and registers information is loaded from 'D:/proyectosep2/IEE2463-SEP-Proyecto-2-Z8/music_player/vitis/music_player/export/music_player/hw/design_1_wrapper.xsa'.
00:57:28 INFO  : 'configparams force-mem-access 1' command is executed.
00:57:28 INFO  : Context for 'APU' is selected.
00:57:28 INFO  : Sourcing of 'D:/proyectosep2/IEE2463-SEP-Proyecto-2-Z8/music_player/vitis/music_player_sw/_ide/psinit/ps7_init.tcl' is done.
00:57:28 INFO  : 'ps7_init' command is executed.
00:57:28 INFO  : 'ps7_post_config' command is executed.
00:57:28 INFO  : Context for processor 'ps7_cortexa9_0' is selected.
00:57:29 INFO  : The application 'D:/proyectosep2/IEE2463-SEP-Proyecto-2-Z8/music_player/vitis/music_player_sw/Debug/music_player_sw.elf' is downloaded to processor 'ps7_cortexa9_0'.
00:57:29 INFO  : 'configparams force-mem-access 0' command is executed.
00:57:29 INFO  : ----------------XSDB Script----------------
connect -url tcp:127.0.0.1:3121
targets -set -nocase -filter {name =~"APU*"}
rst -system
after 3000
targets -set -filter {jtag_cable_name =~ "Digilent Zybo Z7 210351B3FC8DA" && level==0 && jtag_device_ctx=="jsn-Zybo Z7-210351B3FC8DA-13722093-0"}
fpga -file D:/proyectosep2/IEE2463-SEP-Proyecto-2-Z8/music_player/vitis/music_player_sw/_ide/bitstream/design_1_wrapper.bit
targets -set -nocase -filter {name =~"APU*"}
loadhw -hw D:/proyectosep2/IEE2463-SEP-Proyecto-2-Z8/music_player/vitis/music_player/export/music_player/hw/design_1_wrapper.xsa -mem-ranges [list {0x40000000 0xbfffffff}] -regs
configparams force-mem-access 1
targets -set -nocase -filter {name =~"APU*"}
source D:/proyectosep2/IEE2463-SEP-Proyecto-2-Z8/music_player/vitis/music_player_sw/_ide/psinit/ps7_init.tcl
ps7_init
ps7_post_config
targets -set -nocase -filter {name =~ "*A9*#0"}
dow D:/proyectosep2/IEE2463-SEP-Proyecto-2-Z8/music_player/vitis/music_player_sw/Debug/music_player_sw.elf
configparams force-mem-access 0
----------------End of Script----------------

00:57:29 INFO  : Context for processor 'ps7_cortexa9_0' is selected.
00:57:29 INFO  : 'con' command is executed.
00:57:29 INFO  : ----------------XSDB Script (After Launch)----------------
targets -set -nocase -filter {name =~ "*A9*#0"}
con
----------------End of Script----------------

00:57:29 INFO  : Launch script is exported to file 'D:\proyectosep2\IEE2463-SEP-Proyecto-2-Z8\music_player\vitis\.sdk\launch_scripts\single_application_debug\systemdebugger_music_player_sw_system_standalone.tcl'
01:00:28 INFO  : Checking for BSP changes to sync application flags for project 'music_player_sw'...
01:00:44 INFO  : Checking for BSP changes to sync application flags for project 'music_player_sw'...
01:00:51 INFO  : Disconnected from the channel tcfchan#23.
01:00:51 INFO  : Connected to target on host '127.0.0.1' and port '3121'.
01:00:51 INFO  : Jtag cable 'Digilent Zybo Z7 210351B3FC8DA' is selected.
01:00:51 INFO  : 'jtag frequency' command is executed.
01:00:51 INFO  : Context for 'APU' is selected.
01:00:51 INFO  : System reset is completed.
01:00:54 INFO  : 'after 3000' command is executed.
01:00:54 INFO  : 'targets -set -filter {jtag_cable_name =~ "Digilent Zybo Z7 210351B3FC8DA" && level==0 && jtag_device_ctx=="jsn-Zybo Z7-210351B3FC8DA-13722093-0"}' command is executed.
01:00:56 INFO  : FPGA configured successfully with bitstream "D:/proyectosep2/IEE2463-SEP-Proyecto-2-Z8/music_player/vitis/music_player_sw/_ide/bitstream/design_1_wrapper.bit"
01:00:56 INFO  : Context for 'APU' is selected.
01:00:56 INFO  : Hardware design and registers information is loaded from 'D:/proyectosep2/IEE2463-SEP-Proyecto-2-Z8/music_player/vitis/music_player/export/music_player/hw/design_1_wrapper.xsa'.
01:00:56 INFO  : 'configparams force-mem-access 1' command is executed.
01:00:56 INFO  : Context for 'APU' is selected.
01:00:56 INFO  : Sourcing of 'D:/proyectosep2/IEE2463-SEP-Proyecto-2-Z8/music_player/vitis/music_player_sw/_ide/psinit/ps7_init.tcl' is done.
01:00:56 INFO  : 'ps7_init' command is executed.
01:00:56 INFO  : 'ps7_post_config' command is executed.
01:00:56 INFO  : Context for processor 'ps7_cortexa9_0' is selected.
01:00:56 INFO  : The application 'D:/proyectosep2/IEE2463-SEP-Proyecto-2-Z8/music_player/vitis/music_player_sw/Debug/music_player_sw.elf' is downloaded to processor 'ps7_cortexa9_0'.
01:00:56 INFO  : 'configparams force-mem-access 0' command is executed.
01:00:56 INFO  : ----------------XSDB Script----------------
connect -url tcp:127.0.0.1:3121
targets -set -nocase -filter {name =~"APU*"}
rst -system
after 3000
targets -set -filter {jtag_cable_name =~ "Digilent Zybo Z7 210351B3FC8DA" && level==0 && jtag_device_ctx=="jsn-Zybo Z7-210351B3FC8DA-13722093-0"}
fpga -file D:/proyectosep2/IEE2463-SEP-Proyecto-2-Z8/music_player/vitis/music_player_sw/_ide/bitstream/design_1_wrapper.bit
targets -set -nocase -filter {name =~"APU*"}
loadhw -hw D:/proyectosep2/IEE2463-SEP-Proyecto-2-Z8/music_player/vitis/music_player/export/music_player/hw/design_1_wrapper.xsa -mem-ranges [list {0x40000000 0xbfffffff}] -regs
configparams force-mem-access 1
targets -set -nocase -filter {name =~"APU*"}
source D:/proyectosep2/IEE2463-SEP-Proyecto-2-Z8/music_player/vitis/music_player_sw/_ide/psinit/ps7_init.tcl
ps7_init
ps7_post_config
targets -set -nocase -filter {name =~ "*A9*#0"}
dow D:/proyectosep2/IEE2463-SEP-Proyecto-2-Z8/music_player/vitis/music_player_sw/Debug/music_player_sw.elf
configparams force-mem-access 0
----------------End of Script----------------

01:00:56 INFO  : Context for processor 'ps7_cortexa9_0' is selected.
01:00:56 INFO  : 'con' command is executed.
01:00:56 INFO  : ----------------XSDB Script (After Launch)----------------
targets -set -nocase -filter {name =~ "*A9*#0"}
con
----------------End of Script----------------

01:00:56 INFO  : Launch script is exported to file 'D:\proyectosep2\IEE2463-SEP-Proyecto-2-Z8\music_player\vitis\.sdk\launch_scripts\single_application_debug\systemdebugger_music_player_sw_system_standalone.tcl'
01:24:55 INFO  : Disconnected from the channel tcfchan#26.
20:33:53 INFO  : Launching XSCT server: xsct.bat -n  -interactive D:\proyectosep2\IEE2463-SEP-Proyecto-2-Z8\music_player\vitis\temp_xsdb_launch_script.tcl
20:33:57 INFO  : XSCT server has started successfully.
20:33:57 INFO  : Successfully done setting XSCT server connection channel  
20:33:57 INFO  : plnx-install-location is set to ''
20:33:57 INFO  : Successfully done setting workspace for the tool. 
20:34:08 INFO  : Platform repository initialization has completed.
20:34:08 INFO  : Registering command handlers for Vitis TCF services
20:34:24 INFO  : Successfully done query RDI_DATADIR 
08:49:53 INFO  : Launching XSCT server: xsct.bat -n  -interactive C:\Users\andre\Projects\IEE2463-SEP-Proyecto-2-Z8\music_player\vitis\temp_xsdb_launch_script.tcl
08:49:56 INFO  : XSCT server has started successfully.
08:49:56 INFO  : plnx-install-location is set to ''
08:49:56 INFO  : Successfully done setting XSCT server connection channel  
08:49:56 INFO  : Successfully done setting workspace for the tool. 
08:50:03 INFO  : Registering command handlers for Vitis TCF services
08:50:03 ERROR : Error encountered while initializing user repository paths
Reason: No Platforms Found.


08:50:03 INFO  : Platform repository initialization has completed.
08:50:03 INFO  : Successfully done query RDI_DATADIR 
09:11:39 INFO  : Result from executing command 'getProjects': music_player
09:11:39 INFO  : Result from executing command 'getPlatforms': 
09:11:40 INFO  : Checking for BSP changes to sync application flags for project 'music_player_sw'...
09:14:16 INFO  : Successfully done sdx_reload_mss "C:/Users/andre/Projects/IEE2463-SEP-Proyecto-2-Z8/music_player/vitis/music_player/ps7_cortexa9_0/standalone_domain/bsp/system.mss"
09:14:18 INFO  : Successfully done sdx_reload_mss "C:/Users/andre/Projects/IEE2463-SEP-Proyecto-2-Z8/music_player/vitis/music_player/zynq_fsbl/zynq_fsbl_bsp/system.mss"
09:14:59 INFO  : (SwPlatform)  Successfully done add_library 
09:15:02 INFO  : (SwPlatform) Successfully done update_mss 
09:15:02 INFO  : Successfully done sdx_reload_mss "C:/Users/andre/Projects/IEE2463-SEP-Proyecto-2-Z8/music_player/vitis/music_player/ps7_cortexa9_0/standalone_domain/bsp/system.mss"
09:15:59 INFO  : Result from executing command 'getProjects': music_player
09:15:59 INFO  : Result from executing command 'getPlatforms': music_player|C:/Users/andre/Projects/IEE2463-SEP-Proyecto-2-Z8/music_player/vitis/music_player/export/music_player/music_player.xpfm
09:16:05 INFO  : Checking for BSP changes to sync application flags for project 'music_player_sw'...
09:16:05 INFO  : Updating application flags with new BSP settings...
09:16:06 INFO  : Successfully updated application flags for project music_player_sw.
09:17:45 INFO  : Checking for BSP changes to sync application flags for project 'music_player_sw'...
09:20:47 INFO  : Checking for BSP changes to sync application flags for project 'music_player_sw'...
09:21:29 INFO  : Checking for BSP changes to sync application flags for project 'music_player_sw'...
09:22:14 INFO  : Checking for BSP changes to sync application flags for project 'music_player_sw'...
09:24:14 INFO  : Checking for BSP changes to sync application flags for project 'music_player_sw'...
09:24:47 INFO  : Checking for BSP changes to sync application flags for project 'music_player_sw'...
09:27:46 INFO  : Checking for BSP changes to sync application flags for project 'music_player_sw'...
19:59:23 INFO  : Launching XSCT server: xsct.bat -n  -interactive D:\proyectosep2\IEE2463-SEP-Proyecto-2-Z8\music_player\vitis\temp_xsdb_launch_script.tcl
19:59:25 INFO  : XSCT server has started successfully.
19:59:25 INFO  : Successfully done setting XSCT server connection channel  
19:59:25 INFO  : plnx-install-location is set to ''
19:59:25 INFO  : Successfully done setting workspace for the tool. 
19:59:27 INFO  : Platform repository initialization has completed.
19:59:27 INFO  : Successfully done query RDI_DATADIR 
19:59:28 INFO  : Registering command handlers for Vitis TCF services
20:00:15 INFO  : Result from executing command 'getProjects': music_player
20:00:15 INFO  : Result from executing command 'getPlatforms': music_player|D:/proyectosep2/IEE2463-SEP-Proyecto-2-Z8/music_player/vitis/music_player/export/music_player/music_player.xpfm
20:01:48 INFO  : Checking for BSP changes to sync application flags for project 'music_player_sw'...
20:02:39 INFO  : Checking for BSP changes to sync application flags for project 'music_player_sw'...
20:03:31 INFO  : Successfully done sdx_reload_mss "D:/proyectosep2/IEE2463-SEP-Proyecto-2-Z8/music_player/vitis/music_player/ps7_cortexa9_0/standalone_domain/bsp/system.mss"
20:03:36 INFO  : (SwPlatform) Successfully done update_mss 
20:03:36 INFO  : No changes in MSS file content so sources will not be generated.
20:04:04 INFO  : Successfully done sdx_reload_mss "D:/proyectosep2/IEE2463-SEP-Proyecto-2-Z8/music_player/vitis/music_player/ps7_cortexa9_0/standalone_domain/bsp/system.mss"
20:04:04 INFO  : No changes in MSS file content so sources will not be generated.
20:06:13 INFO  : Successfully done sdx_reload_mss "D:/proyectosep2/IEE2463-SEP-Proyecto-2-Z8/music_player/vitis/music_player/zynq_fsbl/zynq_fsbl_bsp/system.mss"
20:06:17 INFO  : (SwPlatform) Successfully done update_mss 
20:06:17 INFO  : No changes in MSS file content so sources will not be generated.
20:06:30 INFO  : Successfully done sdx_reload_mss "D:/proyectosep2/IEE2463-SEP-Proyecto-2-Z8/music_player/vitis/music_player/ps7_cortexa9_0/standalone_domain/bsp/system.mss"
20:06:30 INFO  : No changes in MSS file content so sources will not be generated.
20:06:59 INFO  : Result from executing command 'getProjects': music_player
20:06:59 INFO  : Result from executing command 'getPlatforms': music_player|D:/proyectosep2/IEE2463-SEP-Proyecto-2-Z8/music_player/vitis/music_player/export/music_player/music_player.xpfm
20:07:06 INFO  : Checking for BSP changes to sync application flags for project 'music_player_sw'...
20:10:39 INFO  : Checking for BSP changes to sync application flags for project 'music_player_sw'...
20:11:15 INFO  : Checking for BSP changes to sync application flags for project 'music_player_sw'...
20:12:31 INFO  : Checking for BSP changes to sync application flags for project 'music_player_sw'...
20:14:09 INFO  : Checking for BSP changes to sync application flags for project 'music_player_sw'...
20:14:19 INFO  : Checking for BSP changes to sync application flags for project 'music_player_sw'...
20:14:38 INFO  : Checking for BSP changes to sync application flags for project 'music_player_sw'...
20:20:16 INFO  : Checking for BSP changes to sync application flags for project 'music_player_sw'...
20:24:23 INFO  : Checking for BSP changes to sync application flags for project 'music_player_sw'...
20:24:57 INFO  : Checking for BSP changes to sync application flags for project 'music_player_sw'...
20:25:02 INFO  : Checking for BSP changes to sync application flags for project 'music_player_sw'...
20:25:26 INFO  : Connected to target on host '127.0.0.1' and port '3121'.
20:25:26 INFO  : Jtag cable 'Digilent Zybo Z7 210351B3FC8DA' is selected.
20:25:26 INFO  : 'jtag frequency' command is executed.
20:25:26 INFO  : Context for 'APU' is selected.
20:25:26 INFO  : System reset is completed.
20:25:29 INFO  : 'after 3000' command is executed.
20:25:30 INFO  : 'targets -set -filter {jtag_cable_name =~ "Digilent Zybo Z7 210351B3FC8DA" && level==0 && jtag_device_ctx=="jsn-Zybo Z7-210351B3FC8DA-13722093-0"}' command is executed.
20:25:31 INFO  : FPGA configured successfully with bitstream "D:/proyectosep2/IEE2463-SEP-Proyecto-2-Z8/music_player/vitis/music_player_sw/_ide/bitstream/design_1_wrapper.bit"
20:25:31 INFO  : Context for 'APU' is selected.
20:25:31 INFO  : Hardware design and registers information is loaded from 'D:/proyectosep2/IEE2463-SEP-Proyecto-2-Z8/music_player/vitis/music_player/export/music_player/hw/design_1_wrapper.xsa'.
20:25:31 INFO  : 'configparams force-mem-access 1' command is executed.
20:25:31 INFO  : Context for 'APU' is selected.
20:25:31 INFO  : Sourcing of 'D:/proyectosep2/IEE2463-SEP-Proyecto-2-Z8/music_player/vitis/music_player_sw/_ide/psinit/ps7_init.tcl' is done.
20:25:31 INFO  : 'ps7_init' command is executed.
20:25:31 INFO  : 'ps7_post_config' command is executed.
20:25:31 INFO  : Context for processor 'ps7_cortexa9_0' is selected.
20:25:32 INFO  : The application 'D:/proyectosep2/IEE2463-SEP-Proyecto-2-Z8/music_player/vitis/music_player_sw/Debug/music_player_sw.elf' is downloaded to processor 'ps7_cortexa9_0'.
20:25:32 INFO  : 'configparams force-mem-access 0' command is executed.
20:25:32 INFO  : ----------------XSDB Script----------------
connect -url tcp:127.0.0.1:3121
targets -set -nocase -filter {name =~"APU*"}
rst -system
after 3000
targets -set -filter {jtag_cable_name =~ "Digilent Zybo Z7 210351B3FC8DA" && level==0 && jtag_device_ctx=="jsn-Zybo Z7-210351B3FC8DA-13722093-0"}
fpga -file D:/proyectosep2/IEE2463-SEP-Proyecto-2-Z8/music_player/vitis/music_player_sw/_ide/bitstream/design_1_wrapper.bit
targets -set -nocase -filter {name =~"APU*"}
loadhw -hw D:/proyectosep2/IEE2463-SEP-Proyecto-2-Z8/music_player/vitis/music_player/export/music_player/hw/design_1_wrapper.xsa -mem-ranges [list {0x40000000 0xbfffffff}] -regs
configparams force-mem-access 1
targets -set -nocase -filter {name =~"APU*"}
source D:/proyectosep2/IEE2463-SEP-Proyecto-2-Z8/music_player/vitis/music_player_sw/_ide/psinit/ps7_init.tcl
ps7_init
ps7_post_config
targets -set -nocase -filter {name =~ "*A9*#0"}
dow D:/proyectosep2/IEE2463-SEP-Proyecto-2-Z8/music_player/vitis/music_player_sw/Debug/music_player_sw.elf
configparams force-mem-access 0
----------------End of Script----------------

20:25:32 INFO  : Context for processor 'ps7_cortexa9_0' is selected.
20:25:32 INFO  : 'con' command is executed.
20:25:32 INFO  : ----------------XSDB Script (After Launch)----------------
targets -set -nocase -filter {name =~ "*A9*#0"}
con
----------------End of Script----------------

20:25:32 INFO  : Launch script is exported to file 'D:\proyectosep2\IEE2463-SEP-Proyecto-2-Z8\music_player\vitis\.sdk\launch_scripts\single_application_debug\systemdebugger_music_player_sw_system_standalone.tcl'
20:32:06 INFO  : Disconnected from the channel tcfchan#14.
20:32:13 INFO  : Connected to target on host '127.0.0.1' and port '3121'.
20:32:14 INFO  : Jtag cable 'Digilent Zybo Z7 210351B3FC8DA' is selected.
20:32:14 INFO  : 'jtag frequency' command is executed.
20:32:14 INFO  : Context for 'APU' is selected.
20:32:14 INFO  : System reset is completed.
20:32:17 INFO  : 'after 3000' command is executed.
20:32:17 INFO  : 'targets -set -filter {jtag_cable_name =~ "Digilent Zybo Z7 210351B3FC8DA" && level==0 && jtag_device_ctx=="jsn-Zybo Z7-210351B3FC8DA-13722093-0"}' command is executed.
20:32:18 INFO  : FPGA configured successfully with bitstream "D:/proyectosep2/IEE2463-SEP-Proyecto-2-Z8/music_player/vitis/music_player_sw/_ide/bitstream/design_1_wrapper.bit"
20:32:18 INFO  : Context for 'APU' is selected.
20:32:18 INFO  : Hardware design and registers information is loaded from 'D:/proyectosep2/IEE2463-SEP-Proyecto-2-Z8/music_player/vitis/music_player/export/music_player/hw/design_1_wrapper.xsa'.
20:32:18 INFO  : 'configparams force-mem-access 1' command is executed.
20:32:18 INFO  : Context for 'APU' is selected.
20:32:18 INFO  : Sourcing of 'D:/proyectosep2/IEE2463-SEP-Proyecto-2-Z8/music_player/vitis/music_player_sw/_ide/psinit/ps7_init.tcl' is done.
20:32:19 INFO  : 'ps7_init' command is executed.
20:32:19 INFO  : 'ps7_post_config' command is executed.
20:32:19 INFO  : Context for processor 'ps7_cortexa9_0' is selected.
20:32:19 INFO  : The application 'D:/proyectosep2/IEE2463-SEP-Proyecto-2-Z8/music_player/vitis/music_player_sw/Debug/music_player_sw.elf' is downloaded to processor 'ps7_cortexa9_0'.
20:32:19 INFO  : 'configparams force-mem-access 0' command is executed.
20:32:19 INFO  : ----------------XSDB Script----------------
connect -url tcp:127.0.0.1:3121
targets -set -nocase -filter {name =~"APU*"}
rst -system
after 3000
targets -set -filter {jtag_cable_name =~ "Digilent Zybo Z7 210351B3FC8DA" && level==0 && jtag_device_ctx=="jsn-Zybo Z7-210351B3FC8DA-13722093-0"}
fpga -file D:/proyectosep2/IEE2463-SEP-Proyecto-2-Z8/music_player/vitis/music_player_sw/_ide/bitstream/design_1_wrapper.bit
targets -set -nocase -filter {name =~"APU*"}
loadhw -hw D:/proyectosep2/IEE2463-SEP-Proyecto-2-Z8/music_player/vitis/music_player/export/music_player/hw/design_1_wrapper.xsa -mem-ranges [list {0x40000000 0xbfffffff}] -regs
configparams force-mem-access 1
targets -set -nocase -filter {name =~"APU*"}
source D:/proyectosep2/IEE2463-SEP-Proyecto-2-Z8/music_player/vitis/music_player_sw/_ide/psinit/ps7_init.tcl
ps7_init
ps7_post_config
targets -set -nocase -filter {name =~ "*A9*#0"}
dow D:/proyectosep2/IEE2463-SEP-Proyecto-2-Z8/music_player/vitis/music_player_sw/Debug/music_player_sw.elf
configparams force-mem-access 0
----------------End of Script----------------

20:32:19 INFO  : Context for processor 'ps7_cortexa9_0' is selected.
20:32:19 INFO  : 'con' command is executed.
20:32:19 INFO  : ----------------XSDB Script (After Launch)----------------
targets -set -nocase -filter {name =~ "*A9*#0"}
con
----------------End of Script----------------

20:32:19 INFO  : Launch script is exported to file 'D:\proyectosep2\IEE2463-SEP-Proyecto-2-Z8\music_player\vitis\.sdk\launch_scripts\single_application_debug\systemdebugger_music_player_sw_system_standalone.tcl'
20:33:15 INFO  : Disconnected from the channel tcfchan#15.
20:33:23 INFO  : Checking for BSP changes to sync application flags for project 'music_player_sw'...
20:33:44 INFO  : Connected to target on host '127.0.0.1' and port '3121'.
20:33:45 INFO  : Jtag cable 'Digilent Zybo Z7 210351B3FC8DA' is selected.
20:33:45 INFO  : 'jtag frequency' command is executed.
20:33:45 INFO  : Context for 'APU' is selected.
20:33:45 INFO  : System reset is completed.
20:33:48 INFO  : 'after 3000' command is executed.
20:33:48 INFO  : 'targets -set -filter {jtag_cable_name =~ "Digilent Zybo Z7 210351B3FC8DA" && level==0 && jtag_device_ctx=="jsn-Zybo Z7-210351B3FC8DA-13722093-0"}' command is executed.
20:33:49 INFO  : FPGA configured successfully with bitstream "D:/proyectosep2/IEE2463-SEP-Proyecto-2-Z8/music_player/vitis/music_player_sw/_ide/bitstream/design_1_wrapper.bit"
20:33:49 INFO  : Context for 'APU' is selected.
20:33:49 INFO  : Hardware design and registers information is loaded from 'D:/proyectosep2/IEE2463-SEP-Proyecto-2-Z8/music_player/vitis/music_player/export/music_player/hw/design_1_wrapper.xsa'.
20:33:49 INFO  : 'configparams force-mem-access 1' command is executed.
20:33:49 INFO  : Context for 'APU' is selected.
20:33:49 INFO  : Sourcing of 'D:/proyectosep2/IEE2463-SEP-Proyecto-2-Z8/music_player/vitis/music_player_sw/_ide/psinit/ps7_init.tcl' is done.
20:33:50 INFO  : 'ps7_init' command is executed.
20:33:50 INFO  : 'ps7_post_config' command is executed.
20:33:50 INFO  : Context for processor 'ps7_cortexa9_0' is selected.
20:33:50 INFO  : The application 'D:/proyectosep2/IEE2463-SEP-Proyecto-2-Z8/music_player/vitis/music_player_sw/Debug/music_player_sw.elf' is downloaded to processor 'ps7_cortexa9_0'.
20:33:50 INFO  : 'configparams force-mem-access 0' command is executed.
20:33:50 INFO  : ----------------XSDB Script----------------
connect -url tcp:127.0.0.1:3121
targets -set -nocase -filter {name =~"APU*"}
rst -system
after 3000
targets -set -filter {jtag_cable_name =~ "Digilent Zybo Z7 210351B3FC8DA" && level==0 && jtag_device_ctx=="jsn-Zybo Z7-210351B3FC8DA-13722093-0"}
fpga -file D:/proyectosep2/IEE2463-SEP-Proyecto-2-Z8/music_player/vitis/music_player_sw/_ide/bitstream/design_1_wrapper.bit
targets -set -nocase -filter {name =~"APU*"}
loadhw -hw D:/proyectosep2/IEE2463-SEP-Proyecto-2-Z8/music_player/vitis/music_player/export/music_player/hw/design_1_wrapper.xsa -mem-ranges [list {0x40000000 0xbfffffff}] -regs
configparams force-mem-access 1
targets -set -nocase -filter {name =~"APU*"}
source D:/proyectosep2/IEE2463-SEP-Proyecto-2-Z8/music_player/vitis/music_player_sw/_ide/psinit/ps7_init.tcl
ps7_init
ps7_post_config
targets -set -nocase -filter {name =~ "*A9*#0"}
dow D:/proyectosep2/IEE2463-SEP-Proyecto-2-Z8/music_player/vitis/music_player_sw/Debug/music_player_sw.elf
configparams force-mem-access 0
----------------End of Script----------------

20:33:50 INFO  : Context for processor 'ps7_cortexa9_0' is selected.
20:33:50 INFO  : 'con' command is executed.
20:33:50 INFO  : ----------------XSDB Script (After Launch)----------------
targets -set -nocase -filter {name =~ "*A9*#0"}
con
----------------End of Script----------------

20:33:50 INFO  : Launch script is exported to file 'D:\proyectosep2\IEE2463-SEP-Proyecto-2-Z8\music_player\vitis\.sdk\launch_scripts\single_application_debug\systemdebugger_music_player_sw_system_standalone.tcl'
20:34:53 INFO  : Disconnected from the channel tcfchan#17.
20:35:02 INFO  : Connected to target on host '127.0.0.1' and port '3121'.
20:35:02 INFO  : Jtag cable 'Digilent Zybo Z7 210351B3FC8DA' is selected.
20:35:02 INFO  : 'jtag frequency' command is executed.
20:35:02 INFO  : Context for 'APU' is selected.
20:35:02 INFO  : System reset is completed.
20:35:05 INFO  : 'after 3000' command is executed.
20:35:05 INFO  : 'targets -set -filter {jtag_cable_name =~ "Digilent Zybo Z7 210351B3FC8DA" && level==0 && jtag_device_ctx=="jsn-Zybo Z7-210351B3FC8DA-13722093-0"}' command is executed.
20:35:06 INFO  : FPGA configured successfully with bitstream "D:/proyectosep2/IEE2463-SEP-Proyecto-2-Z8/music_player/vitis/music_player_sw/_ide/bitstream/design_1_wrapper.bit"
20:35:06 INFO  : Context for 'APU' is selected.
20:35:06 INFO  : Hardware design and registers information is loaded from 'D:/proyectosep2/IEE2463-SEP-Proyecto-2-Z8/music_player/vitis/music_player/export/music_player/hw/design_1_wrapper.xsa'.
20:35:06 INFO  : 'configparams force-mem-access 1' command is executed.
20:35:07 INFO  : Context for 'APU' is selected.
20:35:07 INFO  : Sourcing of 'D:/proyectosep2/IEE2463-SEP-Proyecto-2-Z8/music_player/vitis/music_player_sw/_ide/psinit/ps7_init.tcl' is done.
20:35:07 INFO  : 'ps7_init' command is executed.
20:35:07 INFO  : 'ps7_post_config' command is executed.
20:35:07 INFO  : Context for processor 'ps7_cortexa9_0' is selected.
20:35:07 INFO  : The application 'D:/proyectosep2/IEE2463-SEP-Proyecto-2-Z8/music_player/vitis/music_player_sw/Debug/music_player_sw.elf' is downloaded to processor 'ps7_cortexa9_0'.
20:35:07 INFO  : 'configparams force-mem-access 0' command is executed.
20:35:07 INFO  : ----------------XSDB Script----------------
connect -url tcp:127.0.0.1:3121
targets -set -nocase -filter {name =~"APU*"}
rst -system
after 3000
targets -set -filter {jtag_cable_name =~ "Digilent Zybo Z7 210351B3FC8DA" && level==0 && jtag_device_ctx=="jsn-Zybo Z7-210351B3FC8DA-13722093-0"}
fpga -file D:/proyectosep2/IEE2463-SEP-Proyecto-2-Z8/music_player/vitis/music_player_sw/_ide/bitstream/design_1_wrapper.bit
targets -set -nocase -filter {name =~"APU*"}
loadhw -hw D:/proyectosep2/IEE2463-SEP-Proyecto-2-Z8/music_player/vitis/music_player/export/music_player/hw/design_1_wrapper.xsa -mem-ranges [list {0x40000000 0xbfffffff}] -regs
configparams force-mem-access 1
targets -set -nocase -filter {name =~"APU*"}
source D:/proyectosep2/IEE2463-SEP-Proyecto-2-Z8/music_player/vitis/music_player_sw/_ide/psinit/ps7_init.tcl
ps7_init
ps7_post_config
targets -set -nocase -filter {name =~ "*A9*#0"}
dow D:/proyectosep2/IEE2463-SEP-Proyecto-2-Z8/music_player/vitis/music_player_sw/Debug/music_player_sw.elf
configparams force-mem-access 0
----------------End of Script----------------

20:35:07 INFO  : Context for processor 'ps7_cortexa9_0' is selected.
20:35:07 INFO  : 'con' command is executed.
20:35:07 INFO  : ----------------XSDB Script (After Launch)----------------
targets -set -nocase -filter {name =~ "*A9*#0"}
con
----------------End of Script----------------

20:35:07 INFO  : Launch script is exported to file 'D:\proyectosep2\IEE2463-SEP-Proyecto-2-Z8\music_player\vitis\.sdk\launch_scripts\single_application_debug\systemdebugger_music_player_sw_system_standalone.tcl'
20:36:13 INFO  : Disconnected from the channel tcfchan#18.
20:44:47 INFO  : Checking for BSP changes to sync application flags for project 'music_player_sw'...
20:44:54 INFO  : Checking for BSP changes to sync application flags for project 'music_player_sw'...
20:45:50 INFO  : Connected to target on host '127.0.0.1' and port '3121'.
20:45:51 INFO  : Jtag cable 'Digilent Zybo Z7 210351B3FC8DA' is selected.
20:45:51 INFO  : 'jtag frequency' command is executed.
20:45:51 INFO  : Context for 'APU' is selected.
20:45:51 INFO  : System reset is completed.
20:45:54 INFO  : 'after 3000' command is executed.
20:45:54 INFO  : 'targets -set -filter {jtag_cable_name =~ "Digilent Zybo Z7 210351B3FC8DA" && level==0 && jtag_device_ctx=="jsn-Zybo Z7-210351B3FC8DA-13722093-0"}' command is executed.
20:45:55 INFO  : FPGA configured successfully with bitstream "D:/proyectosep2/IEE2463-SEP-Proyecto-2-Z8/music_player/vitis/music_player_sw/_ide/bitstream/design_1_wrapper.bit"
20:45:55 INFO  : Context for 'APU' is selected.
20:45:55 INFO  : Hardware design and registers information is loaded from 'D:/proyectosep2/IEE2463-SEP-Proyecto-2-Z8/music_player/vitis/music_player/export/music_player/hw/design_1_wrapper.xsa'.
20:45:55 INFO  : 'configparams force-mem-access 1' command is executed.
20:45:55 INFO  : Context for 'APU' is selected.
20:45:55 INFO  : Sourcing of 'D:/proyectosep2/IEE2463-SEP-Proyecto-2-Z8/music_player/vitis/music_player_sw/_ide/psinit/ps7_init.tcl' is done.
20:45:55 INFO  : 'ps7_init' command is executed.
20:45:55 INFO  : 'ps7_post_config' command is executed.
20:45:55 INFO  : Context for processor 'ps7_cortexa9_0' is selected.
20:45:56 INFO  : The application 'D:/proyectosep2/IEE2463-SEP-Proyecto-2-Z8/music_player/vitis/music_player_sw/Debug/music_player_sw.elf' is downloaded to processor 'ps7_cortexa9_0'.
20:45:56 INFO  : 'configparams force-mem-access 0' command is executed.
20:45:56 INFO  : ----------------XSDB Script----------------
connect -url tcp:127.0.0.1:3121
targets -set -nocase -filter {name =~"APU*"}
rst -system
after 3000
targets -set -filter {jtag_cable_name =~ "Digilent Zybo Z7 210351B3FC8DA" && level==0 && jtag_device_ctx=="jsn-Zybo Z7-210351B3FC8DA-13722093-0"}
fpga -file D:/proyectosep2/IEE2463-SEP-Proyecto-2-Z8/music_player/vitis/music_player_sw/_ide/bitstream/design_1_wrapper.bit
targets -set -nocase -filter {name =~"APU*"}
loadhw -hw D:/proyectosep2/IEE2463-SEP-Proyecto-2-Z8/music_player/vitis/music_player/export/music_player/hw/design_1_wrapper.xsa -mem-ranges [list {0x40000000 0xbfffffff}] -regs
configparams force-mem-access 1
targets -set -nocase -filter {name =~"APU*"}
source D:/proyectosep2/IEE2463-SEP-Proyecto-2-Z8/music_player/vitis/music_player_sw/_ide/psinit/ps7_init.tcl
ps7_init
ps7_post_config
targets -set -nocase -filter {name =~ "*A9*#0"}
dow D:/proyectosep2/IEE2463-SEP-Proyecto-2-Z8/music_player/vitis/music_player_sw/Debug/music_player_sw.elf
configparams force-mem-access 0
----------------End of Script----------------

20:45:56 INFO  : Context for processor 'ps7_cortexa9_0' is selected.
20:45:56 INFO  : 'con' command is executed.
20:45:56 INFO  : ----------------XSDB Script (After Launch)----------------
targets -set -nocase -filter {name =~ "*A9*#0"}
con
----------------End of Script----------------

20:45:56 INFO  : Launch script is exported to file 'D:\proyectosep2\IEE2463-SEP-Proyecto-2-Z8\music_player\vitis\.sdk\launch_scripts\single_application_debug\systemdebugger_music_player_sw_system_standalone.tcl'
20:48:12 INFO  : Checking for BSP changes to sync application flags for project 'music_player_sw'...
20:48:24 INFO  : Disconnected from the channel tcfchan#21.
20:48:24 INFO  : Connected to target on host '127.0.0.1' and port '3121'.
20:48:24 INFO  : Jtag cable 'Digilent Zybo Z7 210351B3FC8DA' is selected.
20:48:24 INFO  : 'jtag frequency' command is executed.
20:48:24 INFO  : Context for 'APU' is selected.
20:48:24 INFO  : System reset is completed.
20:48:27 INFO  : 'after 3000' command is executed.
20:48:27 INFO  : 'targets -set -filter {jtag_cable_name =~ "Digilent Zybo Z7 210351B3FC8DA" && level==0 && jtag_device_ctx=="jsn-Zybo Z7-210351B3FC8DA-13722093-0"}' command is executed.
20:48:29 INFO  : FPGA configured successfully with bitstream "D:/proyectosep2/IEE2463-SEP-Proyecto-2-Z8/music_player/vitis/music_player_sw/_ide/bitstream/design_1_wrapper.bit"
20:48:29 INFO  : Context for 'APU' is selected.
20:48:29 INFO  : Hardware design and registers information is loaded from 'D:/proyectosep2/IEE2463-SEP-Proyecto-2-Z8/music_player/vitis/music_player/export/music_player/hw/design_1_wrapper.xsa'.
20:48:29 INFO  : 'configparams force-mem-access 1' command is executed.
20:48:29 INFO  : Context for 'APU' is selected.
20:48:29 INFO  : Sourcing of 'D:/proyectosep2/IEE2463-SEP-Proyecto-2-Z8/music_player/vitis/music_player_sw/_ide/psinit/ps7_init.tcl' is done.
20:48:29 INFO  : 'ps7_init' command is executed.
20:48:29 INFO  : 'ps7_post_config' command is executed.
20:48:29 INFO  : Context for processor 'ps7_cortexa9_0' is selected.
20:48:29 INFO  : The application 'D:/proyectosep2/IEE2463-SEP-Proyecto-2-Z8/music_player/vitis/music_player_sw/Debug/music_player_sw.elf' is downloaded to processor 'ps7_cortexa9_0'.
20:48:29 INFO  : 'configparams force-mem-access 0' command is executed.
20:48:29 INFO  : ----------------XSDB Script----------------
connect -url tcp:127.0.0.1:3121
targets -set -nocase -filter {name =~"APU*"}
rst -system
after 3000
targets -set -filter {jtag_cable_name =~ "Digilent Zybo Z7 210351B3FC8DA" && level==0 && jtag_device_ctx=="jsn-Zybo Z7-210351B3FC8DA-13722093-0"}
fpga -file D:/proyectosep2/IEE2463-SEP-Proyecto-2-Z8/music_player/vitis/music_player_sw/_ide/bitstream/design_1_wrapper.bit
targets -set -nocase -filter {name =~"APU*"}
loadhw -hw D:/proyectosep2/IEE2463-SEP-Proyecto-2-Z8/music_player/vitis/music_player/export/music_player/hw/design_1_wrapper.xsa -mem-ranges [list {0x40000000 0xbfffffff}] -regs
configparams force-mem-access 1
targets -set -nocase -filter {name =~"APU*"}
source D:/proyectosep2/IEE2463-SEP-Proyecto-2-Z8/music_player/vitis/music_player_sw/_ide/psinit/ps7_init.tcl
ps7_init
ps7_post_config
targets -set -nocase -filter {name =~ "*A9*#0"}
dow D:/proyectosep2/IEE2463-SEP-Proyecto-2-Z8/music_player/vitis/music_player_sw/Debug/music_player_sw.elf
configparams force-mem-access 0
----------------End of Script----------------

20:48:29 INFO  : Context for processor 'ps7_cortexa9_0' is selected.
20:48:29 INFO  : 'con' command is executed.
20:48:29 INFO  : ----------------XSDB Script (After Launch)----------------
targets -set -nocase -filter {name =~ "*A9*#0"}
con
----------------End of Script----------------

20:48:29 INFO  : Launch script is exported to file 'D:\proyectosep2\IEE2463-SEP-Proyecto-2-Z8\music_player\vitis\.sdk\launch_scripts\single_application_debug\systemdebugger_music_player_sw_system_standalone.tcl'
20:49:03 INFO  : Disconnected from the channel tcfchan#23.
20:49:19 INFO  : Checking for BSP changes to sync application flags for project 'music_player_sw'...
20:49:31 INFO  : Connected to target on host '127.0.0.1' and port '3121'.
20:49:31 INFO  : Jtag cable 'Digilent Zybo Z7 210351B3FC8DA' is selected.
20:49:31 INFO  : 'jtag frequency' command is executed.
20:49:31 INFO  : Context for 'APU' is selected.
20:49:31 INFO  : System reset is completed.
20:49:34 INFO  : 'after 3000' command is executed.
20:49:34 INFO  : 'targets -set -filter {jtag_cable_name =~ "Digilent Zybo Z7 210351B3FC8DA" && level==0 && jtag_device_ctx=="jsn-Zybo Z7-210351B3FC8DA-13722093-0"}' command is executed.
20:49:36 INFO  : FPGA configured successfully with bitstream "D:/proyectosep2/IEE2463-SEP-Proyecto-2-Z8/music_player/vitis/music_player_sw/_ide/bitstream/design_1_wrapper.bit"
20:49:36 INFO  : Context for 'APU' is selected.
20:49:36 INFO  : Hardware design and registers information is loaded from 'D:/proyectosep2/IEE2463-SEP-Proyecto-2-Z8/music_player/vitis/music_player/export/music_player/hw/design_1_wrapper.xsa'.
20:49:36 INFO  : 'configparams force-mem-access 1' command is executed.
20:49:36 INFO  : Context for 'APU' is selected.
20:49:36 INFO  : Sourcing of 'D:/proyectosep2/IEE2463-SEP-Proyecto-2-Z8/music_player/vitis/music_player_sw/_ide/psinit/ps7_init.tcl' is done.
20:49:36 INFO  : 'ps7_init' command is executed.
20:49:36 INFO  : 'ps7_post_config' command is executed.
20:49:36 INFO  : Context for processor 'ps7_cortexa9_0' is selected.
20:49:36 INFO  : The application 'D:/proyectosep2/IEE2463-SEP-Proyecto-2-Z8/music_player/vitis/music_player_sw/Debug/music_player_sw.elf' is downloaded to processor 'ps7_cortexa9_0'.
20:49:36 INFO  : 'configparams force-mem-access 0' command is executed.
20:49:36 INFO  : ----------------XSDB Script----------------
connect -url tcp:127.0.0.1:3121
targets -set -nocase -filter {name =~"APU*"}
rst -system
after 3000
targets -set -filter {jtag_cable_name =~ "Digilent Zybo Z7 210351B3FC8DA" && level==0 && jtag_device_ctx=="jsn-Zybo Z7-210351B3FC8DA-13722093-0"}
fpga -file D:/proyectosep2/IEE2463-SEP-Proyecto-2-Z8/music_player/vitis/music_player_sw/_ide/bitstream/design_1_wrapper.bit
targets -set -nocase -filter {name =~"APU*"}
loadhw -hw D:/proyectosep2/IEE2463-SEP-Proyecto-2-Z8/music_player/vitis/music_player/export/music_player/hw/design_1_wrapper.xsa -mem-ranges [list {0x40000000 0xbfffffff}] -regs
configparams force-mem-access 1
targets -set -nocase -filter {name =~"APU*"}
source D:/proyectosep2/IEE2463-SEP-Proyecto-2-Z8/music_player/vitis/music_player_sw/_ide/psinit/ps7_init.tcl
ps7_init
ps7_post_config
targets -set -nocase -filter {name =~ "*A9*#0"}
dow D:/proyectosep2/IEE2463-SEP-Proyecto-2-Z8/music_player/vitis/music_player_sw/Debug/music_player_sw.elf
configparams force-mem-access 0
----------------End of Script----------------

20:49:36 INFO  : Context for processor 'ps7_cortexa9_0' is selected.
20:49:36 INFO  : 'con' command is executed.
20:49:36 INFO  : ----------------XSDB Script (After Launch)----------------
targets -set -nocase -filter {name =~ "*A9*#0"}
con
----------------End of Script----------------

20:49:36 INFO  : Launch script is exported to file 'D:\proyectosep2\IEE2463-SEP-Proyecto-2-Z8\music_player\vitis\.sdk\launch_scripts\single_application_debug\systemdebugger_music_player_sw_system_standalone.tcl'
20:50:28 INFO  : Disconnected from the channel tcfchan#25.
20:50:34 INFO  : Checking for BSP changes to sync application flags for project 'music_player_sw'...
20:50:50 INFO  : Checking for BSP changes to sync application flags for project 'music_player_sw'...
20:51:07 INFO  : Connected to target on host '127.0.0.1' and port '3121'.
20:51:07 INFO  : Jtag cable 'Digilent Zybo Z7 210351B3FC8DA' is selected.
20:51:07 INFO  : 'jtag frequency' command is executed.
20:51:07 INFO  : Context for 'APU' is selected.
20:51:08 INFO  : System reset is completed.
20:51:11 INFO  : 'after 3000' command is executed.
20:51:11 INFO  : 'targets -set -filter {jtag_cable_name =~ "Digilent Zybo Z7 210351B3FC8DA" && level==0 && jtag_device_ctx=="jsn-Zybo Z7-210351B3FC8DA-13722093-0"}' command is executed.
20:51:12 INFO  : FPGA configured successfully with bitstream "D:/proyectosep2/IEE2463-SEP-Proyecto-2-Z8/music_player/vitis/music_player_sw/_ide/bitstream/design_1_wrapper.bit"
20:51:12 INFO  : Context for 'APU' is selected.
20:51:12 INFO  : Hardware design and registers information is loaded from 'D:/proyectosep2/IEE2463-SEP-Proyecto-2-Z8/music_player/vitis/music_player/export/music_player/hw/design_1_wrapper.xsa'.
20:51:12 INFO  : 'configparams force-mem-access 1' command is executed.
20:51:12 INFO  : Context for 'APU' is selected.
20:51:12 INFO  : Sourcing of 'D:/proyectosep2/IEE2463-SEP-Proyecto-2-Z8/music_player/vitis/music_player_sw/_ide/psinit/ps7_init.tcl' is done.
20:51:12 INFO  : 'ps7_init' command is executed.
20:51:12 INFO  : 'ps7_post_config' command is executed.
20:51:12 INFO  : Context for processor 'ps7_cortexa9_0' is selected.
20:51:13 INFO  : The application 'D:/proyectosep2/IEE2463-SEP-Proyecto-2-Z8/music_player/vitis/music_player_sw/Debug/music_player_sw.elf' is downloaded to processor 'ps7_cortexa9_0'.
20:51:13 INFO  : 'configparams force-mem-access 0' command is executed.
20:51:13 INFO  : ----------------XSDB Script----------------
connect -url tcp:127.0.0.1:3121
targets -set -nocase -filter {name =~"APU*"}
rst -system
after 3000
targets -set -filter {jtag_cable_name =~ "Digilent Zybo Z7 210351B3FC8DA" && level==0 && jtag_device_ctx=="jsn-Zybo Z7-210351B3FC8DA-13722093-0"}
fpga -file D:/proyectosep2/IEE2463-SEP-Proyecto-2-Z8/music_player/vitis/music_player_sw/_ide/bitstream/design_1_wrapper.bit
targets -set -nocase -filter {name =~"APU*"}
loadhw -hw D:/proyectosep2/IEE2463-SEP-Proyecto-2-Z8/music_player/vitis/music_player/export/music_player/hw/design_1_wrapper.xsa -mem-ranges [list {0x40000000 0xbfffffff}] -regs
configparams force-mem-access 1
targets -set -nocase -filter {name =~"APU*"}
source D:/proyectosep2/IEE2463-SEP-Proyecto-2-Z8/music_player/vitis/music_player_sw/_ide/psinit/ps7_init.tcl
ps7_init
ps7_post_config
targets -set -nocase -filter {name =~ "*A9*#0"}
dow D:/proyectosep2/IEE2463-SEP-Proyecto-2-Z8/music_player/vitis/music_player_sw/Debug/music_player_sw.elf
configparams force-mem-access 0
----------------End of Script----------------

20:51:13 INFO  : Context for processor 'ps7_cortexa9_0' is selected.
20:51:13 INFO  : 'con' command is executed.
20:51:13 INFO  : ----------------XSDB Script (After Launch)----------------
targets -set -nocase -filter {name =~ "*A9*#0"}
con
----------------End of Script----------------

20:51:13 INFO  : Launch script is exported to file 'D:\proyectosep2\IEE2463-SEP-Proyecto-2-Z8\music_player\vitis\.sdk\launch_scripts\single_application_debug\systemdebugger_music_player_sw_system_standalone.tcl'
20:54:44 INFO  : Disconnected from the channel tcfchan#28.
20:57:23 INFO  : Checking for BSP changes to sync application flags for project 'music_player_sw'...
20:57:33 INFO  : Checking for BSP changes to sync application flags for project 'music_player_sw'...
20:58:02 INFO  : Connected to target on host '127.0.0.1' and port '3121'.
20:58:03 INFO  : Jtag cable 'Digilent Zybo Z7 210351B3FC8DA' is selected.
20:58:03 INFO  : 'jtag frequency' command is executed.
20:58:03 INFO  : Context for 'APU' is selected.
20:58:03 INFO  : System reset is completed.
20:58:06 INFO  : 'after 3000' command is executed.
20:58:06 INFO  : 'targets -set -filter {jtag_cable_name =~ "Digilent Zybo Z7 210351B3FC8DA" && level==0 && jtag_device_ctx=="jsn-Zybo Z7-210351B3FC8DA-13722093-0"}' command is executed.
20:58:07 INFO  : FPGA configured successfully with bitstream "D:/proyectosep2/IEE2463-SEP-Proyecto-2-Z8/music_player/vitis/music_player_sw/_ide/bitstream/design_1_wrapper.bit"
20:58:07 INFO  : Context for 'APU' is selected.
20:58:07 INFO  : Hardware design and registers information is loaded from 'D:/proyectosep2/IEE2463-SEP-Proyecto-2-Z8/music_player/vitis/music_player/export/music_player/hw/design_1_wrapper.xsa'.
20:58:07 INFO  : 'configparams force-mem-access 1' command is executed.
20:58:07 INFO  : Context for 'APU' is selected.
20:58:07 INFO  : Sourcing of 'D:/proyectosep2/IEE2463-SEP-Proyecto-2-Z8/music_player/vitis/music_player_sw/_ide/psinit/ps7_init.tcl' is done.
20:58:08 INFO  : 'ps7_init' command is executed.
20:58:08 INFO  : 'ps7_post_config' command is executed.
20:58:08 INFO  : Context for processor 'ps7_cortexa9_0' is selected.
20:58:08 INFO  : The application 'D:/proyectosep2/IEE2463-SEP-Proyecto-2-Z8/music_player/vitis/music_player_sw/Debug/music_player_sw.elf' is downloaded to processor 'ps7_cortexa9_0'.
20:58:08 INFO  : 'configparams force-mem-access 0' command is executed.
20:58:08 INFO  : ----------------XSDB Script----------------
connect -url tcp:127.0.0.1:3121
targets -set -nocase -filter {name =~"APU*"}
rst -system
after 3000
targets -set -filter {jtag_cable_name =~ "Digilent Zybo Z7 210351B3FC8DA" && level==0 && jtag_device_ctx=="jsn-Zybo Z7-210351B3FC8DA-13722093-0"}
fpga -file D:/proyectosep2/IEE2463-SEP-Proyecto-2-Z8/music_player/vitis/music_player_sw/_ide/bitstream/design_1_wrapper.bit
targets -set -nocase -filter {name =~"APU*"}
loadhw -hw D:/proyectosep2/IEE2463-SEP-Proyecto-2-Z8/music_player/vitis/music_player/export/music_player/hw/design_1_wrapper.xsa -mem-ranges [list {0x40000000 0xbfffffff}] -regs
configparams force-mem-access 1
targets -set -nocase -filter {name =~"APU*"}
source D:/proyectosep2/IEE2463-SEP-Proyecto-2-Z8/music_player/vitis/music_player_sw/_ide/psinit/ps7_init.tcl
ps7_init
ps7_post_config
targets -set -nocase -filter {name =~ "*A9*#0"}
dow D:/proyectosep2/IEE2463-SEP-Proyecto-2-Z8/music_player/vitis/music_player_sw/Debug/music_player_sw.elf
configparams force-mem-access 0
----------------End of Script----------------

20:58:08 INFO  : Context for processor 'ps7_cortexa9_0' is selected.
20:58:08 INFO  : 'con' command is executed.
20:58:08 INFO  : ----------------XSDB Script (After Launch)----------------
targets -set -nocase -filter {name =~ "*A9*#0"}
con
----------------End of Script----------------

20:58:08 INFO  : Launch script is exported to file 'D:\proyectosep2\IEE2463-SEP-Proyecto-2-Z8\music_player\vitis\.sdk\launch_scripts\single_application_debug\systemdebugger_music_player_sw_system_standalone.tcl'
20:58:41 INFO  : Disconnected from the channel tcfchan#31.
20:58:48 INFO  : Checking for BSP changes to sync application flags for project 'music_player_sw'...
20:58:56 INFO  : Checking for BSP changes to sync application flags for project 'music_player_sw'...
20:59:11 INFO  : Connected to target on host '127.0.0.1' and port '3121'.
20:59:12 INFO  : Jtag cable 'Digilent Zybo Z7 210351B3FC8DA' is selected.
20:59:12 INFO  : 'jtag frequency' command is executed.
20:59:12 INFO  : Context for 'APU' is selected.
20:59:12 INFO  : System reset is completed.
20:59:15 INFO  : 'after 3000' command is executed.
20:59:15 INFO  : 'targets -set -filter {jtag_cable_name =~ "Digilent Zybo Z7 210351B3FC8DA" && level==0 && jtag_device_ctx=="jsn-Zybo Z7-210351B3FC8DA-13722093-0"}' command is executed.
20:59:16 INFO  : FPGA configured successfully with bitstream "D:/proyectosep2/IEE2463-SEP-Proyecto-2-Z8/music_player/vitis/music_player_sw/_ide/bitstream/design_1_wrapper.bit"
20:59:17 INFO  : Context for 'APU' is selected.
20:59:17 INFO  : Hardware design and registers information is loaded from 'D:/proyectosep2/IEE2463-SEP-Proyecto-2-Z8/music_player/vitis/music_player/export/music_player/hw/design_1_wrapper.xsa'.
20:59:17 INFO  : 'configparams force-mem-access 1' command is executed.
20:59:17 INFO  : Context for 'APU' is selected.
20:59:17 INFO  : Sourcing of 'D:/proyectosep2/IEE2463-SEP-Proyecto-2-Z8/music_player/vitis/music_player_sw/_ide/psinit/ps7_init.tcl' is done.
20:59:17 INFO  : 'ps7_init' command is executed.
20:59:17 INFO  : 'ps7_post_config' command is executed.
20:59:17 INFO  : Context for processor 'ps7_cortexa9_0' is selected.
20:59:17 INFO  : The application 'D:/proyectosep2/IEE2463-SEP-Proyecto-2-Z8/music_player/vitis/music_player_sw/Debug/music_player_sw.elf' is downloaded to processor 'ps7_cortexa9_0'.
20:59:17 INFO  : 'configparams force-mem-access 0' command is executed.
20:59:17 INFO  : ----------------XSDB Script----------------
connect -url tcp:127.0.0.1:3121
targets -set -nocase -filter {name =~"APU*"}
rst -system
after 3000
targets -set -filter {jtag_cable_name =~ "Digilent Zybo Z7 210351B3FC8DA" && level==0 && jtag_device_ctx=="jsn-Zybo Z7-210351B3FC8DA-13722093-0"}
fpga -file D:/proyectosep2/IEE2463-SEP-Proyecto-2-Z8/music_player/vitis/music_player_sw/_ide/bitstream/design_1_wrapper.bit
targets -set -nocase -filter {name =~"APU*"}
loadhw -hw D:/proyectosep2/IEE2463-SEP-Proyecto-2-Z8/music_player/vitis/music_player/export/music_player/hw/design_1_wrapper.xsa -mem-ranges [list {0x40000000 0xbfffffff}] -regs
configparams force-mem-access 1
targets -set -nocase -filter {name =~"APU*"}
source D:/proyectosep2/IEE2463-SEP-Proyecto-2-Z8/music_player/vitis/music_player_sw/_ide/psinit/ps7_init.tcl
ps7_init
ps7_post_config
targets -set -nocase -filter {name =~ "*A9*#0"}
dow D:/proyectosep2/IEE2463-SEP-Proyecto-2-Z8/music_player/vitis/music_player_sw/Debug/music_player_sw.elf
configparams force-mem-access 0
----------------End of Script----------------

20:59:17 INFO  : Context for processor 'ps7_cortexa9_0' is selected.
20:59:17 INFO  : 'con' command is executed.
20:59:17 INFO  : ----------------XSDB Script (After Launch)----------------
targets -set -nocase -filter {name =~ "*A9*#0"}
con
----------------End of Script----------------

20:59:17 INFO  : Launch script is exported to file 'D:\proyectosep2\IEE2463-SEP-Proyecto-2-Z8\music_player\vitis\.sdk\launch_scripts\single_application_debug\systemdebugger_music_player_sw_system_standalone.tcl'
21:00:07 INFO  : Disconnected from the channel tcfchan#34.
21:01:00 INFO  : Connected to target on host '127.0.0.1' and port '3121'.
21:01:01 INFO  : Jtag cable 'Digilent Zybo Z7 210351B3FC8DA' is selected.
21:01:01 INFO  : 'jtag frequency' command is executed.
21:01:01 INFO  : Context for 'APU' is selected.
21:01:01 INFO  : System reset is completed.
21:01:04 INFO  : 'after 3000' command is executed.
21:01:04 INFO  : 'targets -set -filter {jtag_cable_name =~ "Digilent Zybo Z7 210351B3FC8DA" && level==0 && jtag_device_ctx=="jsn-Zybo Z7-210351B3FC8DA-13722093-0"}' command is executed.
21:01:05 INFO  : FPGA configured successfully with bitstream "D:/proyectosep2/IEE2463-SEP-Proyecto-2-Z8/music_player/vitis/music_player_sw/_ide/bitstream/design_1_wrapper.bit"
21:01:05 INFO  : Context for 'APU' is selected.
21:01:05 INFO  : Hardware design and registers information is loaded from 'D:/proyectosep2/IEE2463-SEP-Proyecto-2-Z8/music_player/vitis/music_player/export/music_player/hw/design_1_wrapper.xsa'.
21:01:05 INFO  : 'configparams force-mem-access 1' command is executed.
21:01:05 INFO  : Context for 'APU' is selected.
21:01:05 INFO  : Sourcing of 'D:/proyectosep2/IEE2463-SEP-Proyecto-2-Z8/music_player/vitis/music_player_sw/_ide/psinit/ps7_init.tcl' is done.
21:01:06 INFO  : 'ps7_init' command is executed.
21:01:06 INFO  : 'ps7_post_config' command is executed.
21:01:06 INFO  : Context for processor 'ps7_cortexa9_0' is selected.
21:01:06 INFO  : The application 'D:/proyectosep2/IEE2463-SEP-Proyecto-2-Z8/music_player/vitis/music_player_sw/Debug/music_player_sw.elf' is downloaded to processor 'ps7_cortexa9_0'.
21:01:06 INFO  : 'configparams force-mem-access 0' command is executed.
21:01:06 INFO  : ----------------XSDB Script----------------
connect -url tcp:127.0.0.1:3121
targets -set -nocase -filter {name =~"APU*"}
rst -system
after 3000
targets -set -filter {jtag_cable_name =~ "Digilent Zybo Z7 210351B3FC8DA" && level==0 && jtag_device_ctx=="jsn-Zybo Z7-210351B3FC8DA-13722093-0"}
fpga -file D:/proyectosep2/IEE2463-SEP-Proyecto-2-Z8/music_player/vitis/music_player_sw/_ide/bitstream/design_1_wrapper.bit
targets -set -nocase -filter {name =~"APU*"}
loadhw -hw D:/proyectosep2/IEE2463-SEP-Proyecto-2-Z8/music_player/vitis/music_player/export/music_player/hw/design_1_wrapper.xsa -mem-ranges [list {0x40000000 0xbfffffff}] -regs
configparams force-mem-access 1
targets -set -nocase -filter {name =~"APU*"}
source D:/proyectosep2/IEE2463-SEP-Proyecto-2-Z8/music_player/vitis/music_player_sw/_ide/psinit/ps7_init.tcl
ps7_init
ps7_post_config
targets -set -nocase -filter {name =~ "*A9*#0"}
dow D:/proyectosep2/IEE2463-SEP-Proyecto-2-Z8/music_player/vitis/music_player_sw/Debug/music_player_sw.elf
configparams force-mem-access 0
----------------End of Script----------------

21:01:06 INFO  : Context for processor 'ps7_cortexa9_0' is selected.
21:01:06 INFO  : 'con' command is executed.
21:01:06 INFO  : ----------------XSDB Script (After Launch)----------------
targets -set -nocase -filter {name =~ "*A9*#0"}
con
----------------End of Script----------------

21:01:06 INFO  : Launch script is exported to file 'D:\proyectosep2\IEE2463-SEP-Proyecto-2-Z8\music_player\vitis\.sdk\launch_scripts\single_application_debug\debugger_music_player_sw-default.tcl'
21:21:21 INFO  : Disconnected from the channel tcfchan#35.
21:21:27 INFO  : Checking for BSP changes to sync application flags for project 'music_player_sw'...
21:21:41 INFO  : Connected to target on host '127.0.0.1' and port '3121'.
21:21:41 INFO  : Jtag cable 'Digilent Zybo Z7 210351B3FC8DA' is selected.
21:21:41 INFO  : 'jtag frequency' command is executed.
21:21:41 INFO  : Context for 'APU' is selected.
21:21:41 INFO  : System reset is completed.
21:21:44 INFO  : 'after 3000' command is executed.
21:21:44 INFO  : 'targets -set -filter {jtag_cable_name =~ "Digilent Zybo Z7 210351B3FC8DA" && level==0 && jtag_device_ctx=="jsn-Zybo Z7-210351B3FC8DA-13722093-0"}' command is executed.
21:21:45 INFO  : FPGA configured successfully with bitstream "D:/proyectosep2/IEE2463-SEP-Proyecto-2-Z8/music_player/vitis/music_player_sw/_ide/bitstream/design_1_wrapper.bit"
21:21:45 INFO  : Context for 'APU' is selected.
21:21:45 INFO  : Hardware design and registers information is loaded from 'D:/proyectosep2/IEE2463-SEP-Proyecto-2-Z8/music_player/vitis/music_player/export/music_player/hw/design_1_wrapper.xsa'.
21:21:45 INFO  : 'configparams force-mem-access 1' command is executed.
21:21:45 INFO  : Context for 'APU' is selected.
21:21:45 INFO  : Sourcing of 'D:/proyectosep2/IEE2463-SEP-Proyecto-2-Z8/music_player/vitis/music_player_sw/_ide/psinit/ps7_init.tcl' is done.
21:21:46 INFO  : 'ps7_init' command is executed.
21:21:46 INFO  : 'ps7_post_config' command is executed.
21:21:46 INFO  : Context for processor 'ps7_cortexa9_0' is selected.
21:21:46 INFO  : The application 'D:/proyectosep2/IEE2463-SEP-Proyecto-2-Z8/music_player/vitis/music_player_sw/Debug/music_player_sw.elf' is downloaded to processor 'ps7_cortexa9_0'.
21:21:46 INFO  : 'configparams force-mem-access 0' command is executed.
21:21:46 INFO  : ----------------XSDB Script----------------
connect -url tcp:127.0.0.1:3121
targets -set -nocase -filter {name =~"APU*"}
rst -system
after 3000
targets -set -filter {jtag_cable_name =~ "Digilent Zybo Z7 210351B3FC8DA" && level==0 && jtag_device_ctx=="jsn-Zybo Z7-210351B3FC8DA-13722093-0"}
fpga -file D:/proyectosep2/IEE2463-SEP-Proyecto-2-Z8/music_player/vitis/music_player_sw/_ide/bitstream/design_1_wrapper.bit
targets -set -nocase -filter {name =~"APU*"}
loadhw -hw D:/proyectosep2/IEE2463-SEP-Proyecto-2-Z8/music_player/vitis/music_player/export/music_player/hw/design_1_wrapper.xsa -mem-ranges [list {0x40000000 0xbfffffff}] -regs
configparams force-mem-access 1
targets -set -nocase -filter {name =~"APU*"}
source D:/proyectosep2/IEE2463-SEP-Proyecto-2-Z8/music_player/vitis/music_player_sw/_ide/psinit/ps7_init.tcl
ps7_init
ps7_post_config
targets -set -nocase -filter {name =~ "*A9*#0"}
dow D:/proyectosep2/IEE2463-SEP-Proyecto-2-Z8/music_player/vitis/music_player_sw/Debug/music_player_sw.elf
configparams force-mem-access 0
----------------End of Script----------------

21:21:46 INFO  : Context for processor 'ps7_cortexa9_0' is selected.
21:21:46 INFO  : 'con' command is executed.
21:21:46 INFO  : ----------------XSDB Script (After Launch)----------------
targets -set -nocase -filter {name =~ "*A9*#0"}
con
----------------End of Script----------------

21:21:46 INFO  : Launch script is exported to file 'D:\proyectosep2\IEE2463-SEP-Proyecto-2-Z8\music_player\vitis\.sdk\launch_scripts\single_application_debug\systemdebugger_music_player_sw_system_standalone.tcl'
21:26:38 INFO  : Disconnected from the channel tcfchan#37.
21:43:04 INFO  : Checking for BSP changes to sync application flags for project 'music_player_sw'...
21:43:15 INFO  : Checking for BSP changes to sync application flags for project 'music_player_sw'...
21:43:22 INFO  : Checking for BSP changes to sync application flags for project 'music_player_sw'...
21:44:24 INFO  : Connected to target on host '127.0.0.1' and port '3121'.
21:44:42 INFO  : ----------------XSDB Script----------------
connect -url tcp:127.0.0.1:3121
----------------End of Script----------------

21:44:42 ERROR : Could not find ARM device on the board for connection 'Local'.
Check if the target is in:
1. Split JTAG - No operations are possible with ARM DAP.
2. Non JTAG bootmode - Bootrom may need time to enable DAP.
Please try again.


Troubleshooting hints:
1. Check whether board is connected to system properly.
2. In case of zynq board, check whether Digilent/Xilinx cable switch settings are correct.
3. If you are using Xilinx Platform Cable USB, ensure that status LED is green.
21:45:06 INFO  : Connected to target on host '127.0.0.1' and port '3121'.
21:45:06 INFO  : Jtag cable 'Digilent Zybo Z7 210351B3FC8DA' is selected.
21:45:06 INFO  : 'jtag frequency' command is executed.
21:45:06 INFO  : Context for 'APU' is selected.
21:45:06 INFO  : System reset is completed.
21:45:09 INFO  : 'after 3000' command is executed.
21:45:09 INFO  : 'targets -set -filter {jtag_cable_name =~ "Digilent Zybo Z7 210351B3FC8DA" && level==0 && jtag_device_ctx=="jsn-Zybo Z7-210351B3FC8DA-13722093-0"}' command is executed.
21:45:10 INFO  : FPGA configured successfully with bitstream "D:/proyectosep2/IEE2463-SEP-Proyecto-2-Z8/music_player/vitis/music_player_sw/_ide/bitstream/design_1_wrapper.bit"
21:45:10 INFO  : Context for 'APU' is selected.
21:45:10 INFO  : Hardware design and registers information is loaded from 'D:/proyectosep2/IEE2463-SEP-Proyecto-2-Z8/music_player/vitis/music_player/export/music_player/hw/design_1_wrapper.xsa'.
21:45:10 INFO  : 'configparams force-mem-access 1' command is executed.
21:45:10 INFO  : Context for 'APU' is selected.
21:45:10 INFO  : Sourcing of 'D:/proyectosep2/IEE2463-SEP-Proyecto-2-Z8/music_player/vitis/music_player_sw/_ide/psinit/ps7_init.tcl' is done.
21:45:10 INFO  : 'ps7_init' command is executed.
21:45:10 INFO  : 'ps7_post_config' command is executed.
21:45:10 INFO  : Context for processor 'ps7_cortexa9_0' is selected.
21:45:11 INFO  : The application 'D:/proyectosep2/IEE2463-SEP-Proyecto-2-Z8/music_player/vitis/music_player_sw/Debug/music_player_sw.elf' is downloaded to processor 'ps7_cortexa9_0'.
21:45:11 INFO  : 'configparams force-mem-access 0' command is executed.
21:45:11 INFO  : ----------------XSDB Script----------------
connect -url tcp:127.0.0.1:3121
targets -set -nocase -filter {name =~"APU*"}
rst -system
after 3000
targets -set -filter {jtag_cable_name =~ "Digilent Zybo Z7 210351B3FC8DA" && level==0 && jtag_device_ctx=="jsn-Zybo Z7-210351B3FC8DA-13722093-0"}
fpga -file D:/proyectosep2/IEE2463-SEP-Proyecto-2-Z8/music_player/vitis/music_player_sw/_ide/bitstream/design_1_wrapper.bit
targets -set -nocase -filter {name =~"APU*"}
loadhw -hw D:/proyectosep2/IEE2463-SEP-Proyecto-2-Z8/music_player/vitis/music_player/export/music_player/hw/design_1_wrapper.xsa -mem-ranges [list {0x40000000 0xbfffffff}] -regs
configparams force-mem-access 1
targets -set -nocase -filter {name =~"APU*"}
source D:/proyectosep2/IEE2463-SEP-Proyecto-2-Z8/music_player/vitis/music_player_sw/_ide/psinit/ps7_init.tcl
ps7_init
ps7_post_config
targets -set -nocase -filter {name =~ "*A9*#0"}
dow D:/proyectosep2/IEE2463-SEP-Proyecto-2-Z8/music_player/vitis/music_player_sw/Debug/music_player_sw.elf
configparams force-mem-access 0
----------------End of Script----------------

21:45:11 INFO  : Context for processor 'ps7_cortexa9_0' is selected.
21:45:11 INFO  : 'con' command is executed.
21:45:11 INFO  : ----------------XSDB Script (After Launch)----------------
targets -set -nocase -filter {name =~ "*A9*#0"}
con
----------------End of Script----------------

21:45:11 INFO  : Launch script is exported to file 'D:\proyectosep2\IEE2463-SEP-Proyecto-2-Z8\music_player\vitis\.sdk\launch_scripts\single_application_debug\debugger_music_player_sw-default.tcl'
21:59:15 INFO  : Checking for BSP changes to sync application flags for project 'music_player_sw'...
21:59:27 INFO  : Checking for BSP changes to sync application flags for project 'music_player_sw'...
21:59:44 INFO  : Disconnected from the channel tcfchan#40.
21:59:45 INFO  : Connected to target on host '127.0.0.1' and port '3121'.
21:59:45 INFO  : Jtag cable 'Digilent Zybo Z7 210351B3FC8DA' is selected.
21:59:45 INFO  : 'jtag frequency' command is executed.
21:59:45 INFO  : Context for 'APU' is selected.
21:59:45 INFO  : System reset is completed.
21:59:48 INFO  : 'after 3000' command is executed.
21:59:48 INFO  : 'targets -set -filter {jtag_cable_name =~ "Digilent Zybo Z7 210351B3FC8DA" && level==0 && jtag_device_ctx=="jsn-Zybo Z7-210351B3FC8DA-13722093-0"}' command is executed.
21:59:49 INFO  : FPGA configured successfully with bitstream "D:/proyectosep2/IEE2463-SEP-Proyecto-2-Z8/music_player/vitis/music_player_sw/_ide/bitstream/design_1_wrapper.bit"
21:59:49 INFO  : Context for 'APU' is selected.
21:59:49 INFO  : Hardware design and registers information is loaded from 'D:/proyectosep2/IEE2463-SEP-Proyecto-2-Z8/music_player/vitis/music_player/export/music_player/hw/design_1_wrapper.xsa'.
21:59:49 INFO  : 'configparams force-mem-access 1' command is executed.
21:59:49 INFO  : Context for 'APU' is selected.
21:59:49 INFO  : Sourcing of 'D:/proyectosep2/IEE2463-SEP-Proyecto-2-Z8/music_player/vitis/music_player_sw/_ide/psinit/ps7_init.tcl' is done.
21:59:49 INFO  : 'ps7_init' command is executed.
21:59:49 INFO  : 'ps7_post_config' command is executed.
21:59:49 INFO  : Context for processor 'ps7_cortexa9_0' is selected.
21:59:50 INFO  : The application 'D:/proyectosep2/IEE2463-SEP-Proyecto-2-Z8/music_player/vitis/music_player_sw/Debug/music_player_sw.elf' is downloaded to processor 'ps7_cortexa9_0'.
21:59:50 INFO  : 'configparams force-mem-access 0' command is executed.
21:59:50 INFO  : ----------------XSDB Script----------------
connect -url tcp:127.0.0.1:3121
targets -set -nocase -filter {name =~"APU*"}
rst -system
after 3000
targets -set -filter {jtag_cable_name =~ "Digilent Zybo Z7 210351B3FC8DA" && level==0 && jtag_device_ctx=="jsn-Zybo Z7-210351B3FC8DA-13722093-0"}
fpga -file D:/proyectosep2/IEE2463-SEP-Proyecto-2-Z8/music_player/vitis/music_player_sw/_ide/bitstream/design_1_wrapper.bit
targets -set -nocase -filter {name =~"APU*"}
loadhw -hw D:/proyectosep2/IEE2463-SEP-Proyecto-2-Z8/music_player/vitis/music_player/export/music_player/hw/design_1_wrapper.xsa -mem-ranges [list {0x40000000 0xbfffffff}] -regs
configparams force-mem-access 1
targets -set -nocase -filter {name =~"APU*"}
source D:/proyectosep2/IEE2463-SEP-Proyecto-2-Z8/music_player/vitis/music_player_sw/_ide/psinit/ps7_init.tcl
ps7_init
ps7_post_config
targets -set -nocase -filter {name =~ "*A9*#0"}
dow D:/proyectosep2/IEE2463-SEP-Proyecto-2-Z8/music_player/vitis/music_player_sw/Debug/music_player_sw.elf
configparams force-mem-access 0
----------------End of Script----------------

21:59:50 INFO  : Context for processor 'ps7_cortexa9_0' is selected.
21:59:50 INFO  : 'con' command is executed.
21:59:50 INFO  : ----------------XSDB Script (After Launch)----------------
targets -set -nocase -filter {name =~ "*A9*#0"}
con
----------------End of Script----------------

21:59:50 INFO  : Launch script is exported to file 'D:\proyectosep2\IEE2463-SEP-Proyecto-2-Z8\music_player\vitis\.sdk\launch_scripts\single_application_debug\systemdebugger_music_player_sw_system_standalone.tcl'
22:02:07 INFO  : Disconnected from the channel tcfchan#43.
22:02:57 INFO  : Result from executing command 'getProjects': music_player
22:02:57 INFO  : Result from executing command 'getPlatforms': music_player|D:/proyectosep2/IEE2463-SEP-Proyecto-2-Z8/music_player/vitis/music_player/export/music_player/music_player.xpfm
22:02:57 INFO  : Checking for BSP changes to sync application flags for project 'music_player_sw'...
22:03:04 INFO  : Checking for BSP changes to sync application flags for project 'music_player_sw'...
22:03:09 INFO  : Checking for BSP changes to sync application flags for project 'music_player_sw'...
22:03:10 INFO  : Checking for BSP changes to sync application flags for project 'music_player_sw'...
22:03:15 INFO  : Checking for BSP changes to sync application flags for project 'music_player_sw'...
22:04:08 INFO  : Connected to target on host '127.0.0.1' and port '3121'.
22:04:09 INFO  : Jtag cable 'Digilent Zybo Z7 210351B3FC8DA' is selected.
22:04:09 INFO  : 'jtag frequency' command is executed.
22:04:09 INFO  : Context for 'APU' is selected.
22:04:09 INFO  : System reset is completed.
22:04:12 INFO  : 'after 3000' command is executed.
22:04:12 INFO  : 'targets -set -filter {jtag_cable_name =~ "Digilent Zybo Z7 210351B3FC8DA" && level==0 && jtag_device_ctx=="jsn-Zybo Z7-210351B3FC8DA-13722093-0"}' command is executed.
22:04:13 INFO  : FPGA configured successfully with bitstream "D:/proyectosep2/IEE2463-SEP-Proyecto-2-Z8/music_player/vitis/music_player_sw/_ide/bitstream/design_1_wrapper.bit"
22:04:13 INFO  : Context for 'APU' is selected.
22:04:13 INFO  : Hardware design and registers information is loaded from 'D:/proyectosep2/IEE2463-SEP-Proyecto-2-Z8/music_player/vitis/music_player/export/music_player/hw/design_1_wrapper.xsa'.
22:04:13 INFO  : 'configparams force-mem-access 1' command is executed.
22:04:14 INFO  : Context for 'APU' is selected.
22:04:14 INFO  : Sourcing of 'D:/proyectosep2/IEE2463-SEP-Proyecto-2-Z8/music_player/vitis/music_player_sw/_ide/psinit/ps7_init.tcl' is done.
22:04:14 INFO  : 'ps7_init' command is executed.
22:04:14 INFO  : 'ps7_post_config' command is executed.
22:04:14 INFO  : Context for processor 'ps7_cortexa9_0' is selected.
22:04:14 INFO  : The application 'D:/proyectosep2/IEE2463-SEP-Proyecto-2-Z8/music_player/vitis/music_player_sw/Debug/music_player_sw.elf' is downloaded to processor 'ps7_cortexa9_0'.
22:04:15 INFO  : 'configparams force-mem-access 0' command is executed.
22:04:15 INFO  : ----------------XSDB Script----------------
connect -url tcp:127.0.0.1:3121
targets -set -nocase -filter {name =~"APU*"}
rst -system
after 3000
targets -set -filter {jtag_cable_name =~ "Digilent Zybo Z7 210351B3FC8DA" && level==0 && jtag_device_ctx=="jsn-Zybo Z7-210351B3FC8DA-13722093-0"}
fpga -file D:/proyectosep2/IEE2463-SEP-Proyecto-2-Z8/music_player/vitis/music_player_sw/_ide/bitstream/design_1_wrapper.bit
targets -set -nocase -filter {name =~"APU*"}
loadhw -hw D:/proyectosep2/IEE2463-SEP-Proyecto-2-Z8/music_player/vitis/music_player/export/music_player/hw/design_1_wrapper.xsa -mem-ranges [list {0x40000000 0xbfffffff}] -regs
configparams force-mem-access 1
targets -set -nocase -filter {name =~"APU*"}
source D:/proyectosep2/IEE2463-SEP-Proyecto-2-Z8/music_player/vitis/music_player_sw/_ide/psinit/ps7_init.tcl
ps7_init
ps7_post_config
targets -set -nocase -filter {name =~ "*A9*#0"}
dow D:/proyectosep2/IEE2463-SEP-Proyecto-2-Z8/music_player/vitis/music_player_sw/Debug/music_player_sw.elf
configparams force-mem-access 0
----------------End of Script----------------

22:04:15 INFO  : Context for processor 'ps7_cortexa9_0' is selected.
22:04:15 INFO  : 'con' command is executed.
22:04:15 INFO  : ----------------XSDB Script (After Launch)----------------
targets -set -nocase -filter {name =~ "*A9*#0"}
con
----------------End of Script----------------

22:04:15 INFO  : Launch script is exported to file 'D:\proyectosep2\IEE2463-SEP-Proyecto-2-Z8\music_player\vitis\.sdk\launch_scripts\single_application_debug\systemdebugger_music_player_sw_system_standalone.tcl'
22:06:03 INFO  : Disconnected from the channel tcfchan#49.
22:06:08 INFO  : Checking for BSP changes to sync application flags for project 'music_player_sw'...
22:06:41 INFO  : Checking for BSP changes to sync application flags for project 'music_player_sw'...
22:07:00 INFO  : Checking for BSP changes to sync application flags for project 'music_player_sw'...
22:07:40 INFO  : Checking for BSP changes to sync application flags for project 'music_player_sw'...
22:08:28 INFO  : Checking for BSP changes to sync application flags for project 'music_player_sw'...
22:09:07 INFO  : Connected to target on host '127.0.0.1' and port '3121'.
22:09:07 INFO  : Jtag cable 'Digilent Zybo Z7 210351B3FC8DA' is selected.
22:09:07 INFO  : 'jtag frequency' command is executed.
22:09:07 INFO  : Context for 'APU' is selected.
22:09:07 INFO  : System reset is completed.
22:09:10 INFO  : 'after 3000' command is executed.
22:09:10 INFO  : 'targets -set -filter {jtag_cable_name =~ "Digilent Zybo Z7 210351B3FC8DA" && level==0 && jtag_device_ctx=="jsn-Zybo Z7-210351B3FC8DA-13722093-0"}' command is executed.
22:09:12 INFO  : FPGA configured successfully with bitstream "D:/proyectosep2/IEE2463-SEP-Proyecto-2-Z8/music_player/vitis/music_player_sw/_ide/bitstream/design_1_wrapper.bit"
22:09:12 INFO  : Context for 'APU' is selected.
22:09:12 INFO  : Hardware design and registers information is loaded from 'D:/proyectosep2/IEE2463-SEP-Proyecto-2-Z8/music_player/vitis/music_player/export/music_player/hw/design_1_wrapper.xsa'.
22:09:12 INFO  : 'configparams force-mem-access 1' command is executed.
22:09:12 INFO  : Context for 'APU' is selected.
22:09:12 INFO  : Sourcing of 'D:/proyectosep2/IEE2463-SEP-Proyecto-2-Z8/music_player/vitis/music_player_sw/_ide/psinit/ps7_init.tcl' is done.
22:09:13 INFO  : 'ps7_init' command is executed.
22:09:13 INFO  : 'ps7_post_config' command is executed.
22:09:13 INFO  : Context for processor 'ps7_cortexa9_0' is selected.
22:09:13 INFO  : The application 'D:/proyectosep2/IEE2463-SEP-Proyecto-2-Z8/music_player/vitis/music_player_sw/Debug/music_player_sw.elf' is downloaded to processor 'ps7_cortexa9_0'.
22:09:13 INFO  : 'configparams force-mem-access 0' command is executed.
22:09:13 INFO  : ----------------XSDB Script----------------
connect -url tcp:127.0.0.1:3121
targets -set -nocase -filter {name =~"APU*"}
rst -system
after 3000
targets -set -filter {jtag_cable_name =~ "Digilent Zybo Z7 210351B3FC8DA" && level==0 && jtag_device_ctx=="jsn-Zybo Z7-210351B3FC8DA-13722093-0"}
fpga -file D:/proyectosep2/IEE2463-SEP-Proyecto-2-Z8/music_player/vitis/music_player_sw/_ide/bitstream/design_1_wrapper.bit
targets -set -nocase -filter {name =~"APU*"}
loadhw -hw D:/proyectosep2/IEE2463-SEP-Proyecto-2-Z8/music_player/vitis/music_player/export/music_player/hw/design_1_wrapper.xsa -mem-ranges [list {0x40000000 0xbfffffff}] -regs
configparams force-mem-access 1
targets -set -nocase -filter {name =~"APU*"}
source D:/proyectosep2/IEE2463-SEP-Proyecto-2-Z8/music_player/vitis/music_player_sw/_ide/psinit/ps7_init.tcl
ps7_init
ps7_post_config
targets -set -nocase -filter {name =~ "*A9*#0"}
dow D:/proyectosep2/IEE2463-SEP-Proyecto-2-Z8/music_player/vitis/music_player_sw/Debug/music_player_sw.elf
configparams force-mem-access 0
----------------End of Script----------------

22:09:13 INFO  : Context for processor 'ps7_cortexa9_0' is selected.
22:09:13 INFO  : 'con' command is executed.
22:09:13 INFO  : ----------------XSDB Script (After Launch)----------------
targets -set -nocase -filter {name =~ "*A9*#0"}
con
----------------End of Script----------------

22:09:13 INFO  : Launch script is exported to file 'D:\proyectosep2\IEE2463-SEP-Proyecto-2-Z8\music_player\vitis\.sdk\launch_scripts\single_application_debug\systemdebugger_music_player_sw_system_standalone.tcl'
22:09:57 INFO  : Disconnected from the channel tcfchan#54.
22:10:15 INFO  : Checking for BSP changes to sync application flags for project 'music_player_sw'...
22:10:32 INFO  : Connected to target on host '127.0.0.1' and port '3121'.
22:10:33 INFO  : Jtag cable 'Digilent Zybo Z7 210351B3FC8DA' is selected.
22:10:33 INFO  : 'jtag frequency' command is executed.
22:10:33 INFO  : Context for 'APU' is selected.
22:10:33 INFO  : System reset is completed.
22:10:36 INFO  : 'after 3000' command is executed.
22:10:36 INFO  : 'targets -set -filter {jtag_cable_name =~ "Digilent Zybo Z7 210351B3FC8DA" && level==0 && jtag_device_ctx=="jsn-Zybo Z7-210351B3FC8DA-13722093-0"}' command is executed.
22:10:37 INFO  : FPGA configured successfully with bitstream "D:/proyectosep2/IEE2463-SEP-Proyecto-2-Z8/music_player/vitis/music_player_sw/_ide/bitstream/design_1_wrapper.bit"
22:10:37 INFO  : Context for 'APU' is selected.
22:10:37 INFO  : Hardware design and registers information is loaded from 'D:/proyectosep2/IEE2463-SEP-Proyecto-2-Z8/music_player/vitis/music_player/export/music_player/hw/design_1_wrapper.xsa'.
22:10:37 INFO  : 'configparams force-mem-access 1' command is executed.
22:10:37 INFO  : Context for 'APU' is selected.
22:10:37 INFO  : Sourcing of 'D:/proyectosep2/IEE2463-SEP-Proyecto-2-Z8/music_player/vitis/music_player_sw/_ide/psinit/ps7_init.tcl' is done.
22:10:38 INFO  : 'ps7_init' command is executed.
22:10:38 INFO  : 'ps7_post_config' command is executed.
22:10:38 INFO  : Context for processor 'ps7_cortexa9_0' is selected.
22:10:38 INFO  : The application 'D:/proyectosep2/IEE2463-SEP-Proyecto-2-Z8/music_player/vitis/music_player_sw/Debug/music_player_sw.elf' is downloaded to processor 'ps7_cortexa9_0'.
22:10:38 INFO  : 'configparams force-mem-access 0' command is executed.
22:10:38 INFO  : ----------------XSDB Script----------------
connect -url tcp:127.0.0.1:3121
targets -set -nocase -filter {name =~"APU*"}
rst -system
after 3000
targets -set -filter {jtag_cable_name =~ "Digilent Zybo Z7 210351B3FC8DA" && level==0 && jtag_device_ctx=="jsn-Zybo Z7-210351B3FC8DA-13722093-0"}
fpga -file D:/proyectosep2/IEE2463-SEP-Proyecto-2-Z8/music_player/vitis/music_player_sw/_ide/bitstream/design_1_wrapper.bit
targets -set -nocase -filter {name =~"APU*"}
loadhw -hw D:/proyectosep2/IEE2463-SEP-Proyecto-2-Z8/music_player/vitis/music_player/export/music_player/hw/design_1_wrapper.xsa -mem-ranges [list {0x40000000 0xbfffffff}] -regs
configparams force-mem-access 1
targets -set -nocase -filter {name =~"APU*"}
source D:/proyectosep2/IEE2463-SEP-Proyecto-2-Z8/music_player/vitis/music_player_sw/_ide/psinit/ps7_init.tcl
ps7_init
ps7_post_config
targets -set -nocase -filter {name =~ "*A9*#0"}
dow D:/proyectosep2/IEE2463-SEP-Proyecto-2-Z8/music_player/vitis/music_player_sw/Debug/music_player_sw.elf
configparams force-mem-access 0
----------------End of Script----------------

22:10:38 INFO  : Context for processor 'ps7_cortexa9_0' is selected.
22:10:38 INFO  : 'con' command is executed.
22:10:38 INFO  : ----------------XSDB Script (After Launch)----------------
targets -set -nocase -filter {name =~ "*A9*#0"}
con
----------------End of Script----------------

22:10:38 INFO  : Launch script is exported to file 'D:\proyectosep2\IEE2463-SEP-Proyecto-2-Z8\music_player\vitis\.sdk\launch_scripts\single_application_debug\systemdebugger_music_player_sw_system_standalone.tcl'
22:10:50 INFO  : Disconnected from the channel tcfchan#56.
22:11:08 INFO  : Connected to target on host '127.0.0.1' and port '3121'.
22:11:09 INFO  : Jtag cable 'Digilent Zybo Z7 210351B3FC8DA' is selected.
22:11:09 INFO  : 'jtag frequency' command is executed.
22:11:09 INFO  : Context for 'APU' is selected.
22:11:09 INFO  : System reset is completed.
22:11:12 INFO  : 'after 3000' command is executed.
22:11:12 INFO  : 'targets -set -filter {jtag_cable_name =~ "Digilent Zybo Z7 210351B3FC8DA" && level==0 && jtag_device_ctx=="jsn-Zybo Z7-210351B3FC8DA-13722093-0"}' command is executed.
22:11:13 INFO  : FPGA configured successfully with bitstream "D:/proyectosep2/IEE2463-SEP-Proyecto-2-Z8/music_player/vitis/music_player_sw/_ide/bitstream/design_1_wrapper.bit"
22:11:13 INFO  : Context for 'APU' is selected.
22:11:13 INFO  : Hardware design and registers information is loaded from 'D:/proyectosep2/IEE2463-SEP-Proyecto-2-Z8/music_player/vitis/music_player/export/music_player/hw/design_1_wrapper.xsa'.
22:11:13 INFO  : 'configparams force-mem-access 1' command is executed.
22:11:13 INFO  : Context for 'APU' is selected.
22:11:13 INFO  : Sourcing of 'D:/proyectosep2/IEE2463-SEP-Proyecto-2-Z8/music_player/vitis/music_player_sw/_ide/psinit/ps7_init.tcl' is done.
22:11:14 INFO  : 'ps7_init' command is executed.
22:11:14 INFO  : 'ps7_post_config' command is executed.
22:11:14 INFO  : Context for processor 'ps7_cortexa9_0' is selected.
22:11:14 INFO  : The application 'D:/proyectosep2/IEE2463-SEP-Proyecto-2-Z8/music_player/vitis/music_player_sw/Debug/music_player_sw.elf' is downloaded to processor 'ps7_cortexa9_0'.
22:11:14 INFO  : 'configparams force-mem-access 0' command is executed.
22:11:14 INFO  : ----------------XSDB Script----------------
connect -url tcp:127.0.0.1:3121
targets -set -nocase -filter {name =~"APU*"}
rst -system
after 3000
targets -set -filter {jtag_cable_name =~ "Digilent Zybo Z7 210351B3FC8DA" && level==0 && jtag_device_ctx=="jsn-Zybo Z7-210351B3FC8DA-13722093-0"}
fpga -file D:/proyectosep2/IEE2463-SEP-Proyecto-2-Z8/music_player/vitis/music_player_sw/_ide/bitstream/design_1_wrapper.bit
targets -set -nocase -filter {name =~"APU*"}
loadhw -hw D:/proyectosep2/IEE2463-SEP-Proyecto-2-Z8/music_player/vitis/music_player/export/music_player/hw/design_1_wrapper.xsa -mem-ranges [list {0x40000000 0xbfffffff}] -regs
configparams force-mem-access 1
targets -set -nocase -filter {name =~"APU*"}
source D:/proyectosep2/IEE2463-SEP-Proyecto-2-Z8/music_player/vitis/music_player_sw/_ide/psinit/ps7_init.tcl
ps7_init
ps7_post_config
targets -set -nocase -filter {name =~ "*A9*#0"}
dow D:/proyectosep2/IEE2463-SEP-Proyecto-2-Z8/music_player/vitis/music_player_sw/Debug/music_player_sw.elf
configparams force-mem-access 0
----------------End of Script----------------

22:11:14 INFO  : Context for processor 'ps7_cortexa9_0' is selected.
22:11:14 INFO  : 'con' command is executed.
22:11:14 INFO  : ----------------XSDB Script (After Launch)----------------
targets -set -nocase -filter {name =~ "*A9*#0"}
con
----------------End of Script----------------

22:11:14 INFO  : Launch script is exported to file 'D:\proyectosep2\IEE2463-SEP-Proyecto-2-Z8\music_player\vitis\.sdk\launch_scripts\single_application_debug\systemdebugger_music_player_sw_system_standalone.tcl'
22:13:49 INFO  : Disconnected from the channel tcfchan#57.
22:14:47 INFO  : Checking for BSP changes to sync application flags for project 'music_player_sw'...
22:17:00 INFO  : Checking for BSP changes to sync application flags for project 'music_player_sw'...
22:17:15 INFO  : Connected to target on host '127.0.0.1' and port '3121'.
22:17:16 INFO  : Jtag cable 'Digilent Zybo Z7 210351B3FC8DA' is selected.
22:17:16 INFO  : 'jtag frequency' command is executed.
22:17:16 INFO  : Context for 'APU' is selected.
22:17:16 INFO  : System reset is completed.
22:17:19 INFO  : 'after 3000' command is executed.
22:17:19 INFO  : 'targets -set -filter {jtag_cable_name =~ "Digilent Zybo Z7 210351B3FC8DA" && level==0 && jtag_device_ctx=="jsn-Zybo Z7-210351B3FC8DA-13722093-0"}' command is executed.
22:17:20 INFO  : FPGA configured successfully with bitstream "D:/proyectosep2/IEE2463-SEP-Proyecto-2-Z8/music_player/vitis/music_player_sw/_ide/bitstream/design_1_wrapper.bit"
22:17:20 INFO  : Context for 'APU' is selected.
22:17:20 INFO  : Hardware design and registers information is loaded from 'D:/proyectosep2/IEE2463-SEP-Proyecto-2-Z8/music_player/vitis/music_player/export/music_player/hw/design_1_wrapper.xsa'.
22:17:20 INFO  : 'configparams force-mem-access 1' command is executed.
22:17:20 INFO  : Context for 'APU' is selected.
22:17:20 INFO  : Sourcing of 'D:/proyectosep2/IEE2463-SEP-Proyecto-2-Z8/music_player/vitis/music_player_sw/_ide/psinit/ps7_init.tcl' is done.
22:17:21 INFO  : 'ps7_init' command is executed.
22:17:21 INFO  : 'ps7_post_config' command is executed.
22:17:21 INFO  : Context for processor 'ps7_cortexa9_0' is selected.
22:17:21 INFO  : The application 'D:/proyectosep2/IEE2463-SEP-Proyecto-2-Z8/music_player/vitis/music_player_sw/Debug/music_player_sw.elf' is downloaded to processor 'ps7_cortexa9_0'.
22:17:21 INFO  : 'configparams force-mem-access 0' command is executed.
22:17:21 INFO  : ----------------XSDB Script----------------
connect -url tcp:127.0.0.1:3121
targets -set -nocase -filter {name =~"APU*"}
rst -system
after 3000
targets -set -filter {jtag_cable_name =~ "Digilent Zybo Z7 210351B3FC8DA" && level==0 && jtag_device_ctx=="jsn-Zybo Z7-210351B3FC8DA-13722093-0"}
fpga -file D:/proyectosep2/IEE2463-SEP-Proyecto-2-Z8/music_player/vitis/music_player_sw/_ide/bitstream/design_1_wrapper.bit
targets -set -nocase -filter {name =~"APU*"}
loadhw -hw D:/proyectosep2/IEE2463-SEP-Proyecto-2-Z8/music_player/vitis/music_player/export/music_player/hw/design_1_wrapper.xsa -mem-ranges [list {0x40000000 0xbfffffff}] -regs
configparams force-mem-access 1
targets -set -nocase -filter {name =~"APU*"}
source D:/proyectosep2/IEE2463-SEP-Proyecto-2-Z8/music_player/vitis/music_player_sw/_ide/psinit/ps7_init.tcl
ps7_init
ps7_post_config
targets -set -nocase -filter {name =~ "*A9*#0"}
dow D:/proyectosep2/IEE2463-SEP-Proyecto-2-Z8/music_player/vitis/music_player_sw/Debug/music_player_sw.elf
configparams force-mem-access 0
----------------End of Script----------------

22:17:21 INFO  : Context for processor 'ps7_cortexa9_0' is selected.
22:17:21 INFO  : 'con' command is executed.
22:17:21 INFO  : ----------------XSDB Script (After Launch)----------------
targets -set -nocase -filter {name =~ "*A9*#0"}
con
----------------End of Script----------------

22:17:21 INFO  : Launch script is exported to file 'D:\proyectosep2\IEE2463-SEP-Proyecto-2-Z8\music_player\vitis\.sdk\launch_scripts\single_application_debug\systemdebugger_music_player_sw_system_standalone.tcl'
22:20:30 INFO  : Disconnected from the channel tcfchan#60.
22:20:34 INFO  : Checking for BSP changes to sync application flags for project 'music_player_sw'...
22:20:59 INFO  : Connected to target on host '127.0.0.1' and port '3121'.
22:20:59 INFO  : Jtag cable 'Digilent Zybo Z7 210351B3FC8DA' is selected.
22:20:59 INFO  : 'jtag frequency' command is executed.
22:20:59 INFO  : Context for 'APU' is selected.
22:20:59 INFO  : System reset is completed.
22:21:02 INFO  : 'after 3000' command is executed.
22:21:02 INFO  : 'targets -set -filter {jtag_cable_name =~ "Digilent Zybo Z7 210351B3FC8DA" && level==0 && jtag_device_ctx=="jsn-Zybo Z7-210351B3FC8DA-13722093-0"}' command is executed.
22:21:04 INFO  : FPGA configured successfully with bitstream "D:/proyectosep2/IEE2463-SEP-Proyecto-2-Z8/music_player/vitis/music_player_sw/_ide/bitstream/design_1_wrapper.bit"
22:21:04 INFO  : Context for 'APU' is selected.
22:21:04 INFO  : Hardware design and registers information is loaded from 'D:/proyectosep2/IEE2463-SEP-Proyecto-2-Z8/music_player/vitis/music_player/export/music_player/hw/design_1_wrapper.xsa'.
22:21:04 INFO  : 'configparams force-mem-access 1' command is executed.
22:21:04 INFO  : Context for 'APU' is selected.
22:21:04 INFO  : Sourcing of 'D:/proyectosep2/IEE2463-SEP-Proyecto-2-Z8/music_player/vitis/music_player_sw/_ide/psinit/ps7_init.tcl' is done.
22:21:04 INFO  : 'ps7_init' command is executed.
22:21:04 INFO  : 'ps7_post_config' command is executed.
22:21:04 INFO  : Context for processor 'ps7_cortexa9_0' is selected.
22:21:04 INFO  : The application 'D:/proyectosep2/IEE2463-SEP-Proyecto-2-Z8/music_player/vitis/music_player_sw/Debug/music_player_sw.elf' is downloaded to processor 'ps7_cortexa9_0'.
22:21:04 INFO  : 'configparams force-mem-access 0' command is executed.
22:21:04 INFO  : ----------------XSDB Script----------------
connect -url tcp:127.0.0.1:3121
targets -set -nocase -filter {name =~"APU*"}
rst -system
after 3000
targets -set -filter {jtag_cable_name =~ "Digilent Zybo Z7 210351B3FC8DA" && level==0 && jtag_device_ctx=="jsn-Zybo Z7-210351B3FC8DA-13722093-0"}
fpga -file D:/proyectosep2/IEE2463-SEP-Proyecto-2-Z8/music_player/vitis/music_player_sw/_ide/bitstream/design_1_wrapper.bit
targets -set -nocase -filter {name =~"APU*"}
loadhw -hw D:/proyectosep2/IEE2463-SEP-Proyecto-2-Z8/music_player/vitis/music_player/export/music_player/hw/design_1_wrapper.xsa -mem-ranges [list {0x40000000 0xbfffffff}] -regs
configparams force-mem-access 1
targets -set -nocase -filter {name =~"APU*"}
source D:/proyectosep2/IEE2463-SEP-Proyecto-2-Z8/music_player/vitis/music_player_sw/_ide/psinit/ps7_init.tcl
ps7_init
ps7_post_config
targets -set -nocase -filter {name =~ "*A9*#0"}
dow D:/proyectosep2/IEE2463-SEP-Proyecto-2-Z8/music_player/vitis/music_player_sw/Debug/music_player_sw.elf
configparams force-mem-access 0
----------------End of Script----------------

22:21:04 INFO  : Context for processor 'ps7_cortexa9_0' is selected.
22:21:04 INFO  : 'con' command is executed.
22:21:04 INFO  : ----------------XSDB Script (After Launch)----------------
targets -set -nocase -filter {name =~ "*A9*#0"}
con
----------------End of Script----------------

22:21:04 INFO  : Launch script is exported to file 'D:\proyectosep2\IEE2463-SEP-Proyecto-2-Z8\music_player\vitis\.sdk\launch_scripts\single_application_debug\systemdebugger_music_player_sw_system_standalone.tcl'
22:22:34 INFO  : Disconnected from the channel tcfchan#62.
22:22:45 INFO  : Checking for BSP changes to sync application flags for project 'music_player_sw'...
22:22:58 INFO  : Connected to target on host '127.0.0.1' and port '3121'.
22:22:58 INFO  : Jtag cable 'Digilent Zybo Z7 210351B3FC8DA' is selected.
22:22:58 INFO  : 'jtag frequency' command is executed.
22:22:58 INFO  : Context for 'APU' is selected.
22:22:58 INFO  : System reset is completed.
22:23:01 INFO  : 'after 3000' command is executed.
22:23:02 INFO  : 'targets -set -filter {jtag_cable_name =~ "Digilent Zybo Z7 210351B3FC8DA" && level==0 && jtag_device_ctx=="jsn-Zybo Z7-210351B3FC8DA-13722093-0"}' command is executed.
22:23:03 INFO  : FPGA configured successfully with bitstream "D:/proyectosep2/IEE2463-SEP-Proyecto-2-Z8/music_player/vitis/music_player_sw/_ide/bitstream/design_1_wrapper.bit"
22:23:03 INFO  : Context for 'APU' is selected.
22:23:03 INFO  : Hardware design and registers information is loaded from 'D:/proyectosep2/IEE2463-SEP-Proyecto-2-Z8/music_player/vitis/music_player/export/music_player/hw/design_1_wrapper.xsa'.
22:23:03 INFO  : 'configparams force-mem-access 1' command is executed.
22:23:03 INFO  : Context for 'APU' is selected.
22:23:03 INFO  : Sourcing of 'D:/proyectosep2/IEE2463-SEP-Proyecto-2-Z8/music_player/vitis/music_player_sw/_ide/psinit/ps7_init.tcl' is done.
22:23:03 INFO  : 'ps7_init' command is executed.
22:23:03 INFO  : 'ps7_post_config' command is executed.
22:23:03 INFO  : Context for processor 'ps7_cortexa9_0' is selected.
22:23:03 INFO  : The application 'D:/proyectosep2/IEE2463-SEP-Proyecto-2-Z8/music_player/vitis/music_player_sw/Debug/music_player_sw.elf' is downloaded to processor 'ps7_cortexa9_0'.
22:23:03 INFO  : 'configparams force-mem-access 0' command is executed.
22:23:03 INFO  : ----------------XSDB Script----------------
connect -url tcp:127.0.0.1:3121
targets -set -nocase -filter {name =~"APU*"}
rst -system
after 3000
targets -set -filter {jtag_cable_name =~ "Digilent Zybo Z7 210351B3FC8DA" && level==0 && jtag_device_ctx=="jsn-Zybo Z7-210351B3FC8DA-13722093-0"}
fpga -file D:/proyectosep2/IEE2463-SEP-Proyecto-2-Z8/music_player/vitis/music_player_sw/_ide/bitstream/design_1_wrapper.bit
targets -set -nocase -filter {name =~"APU*"}
loadhw -hw D:/proyectosep2/IEE2463-SEP-Proyecto-2-Z8/music_player/vitis/music_player/export/music_player/hw/design_1_wrapper.xsa -mem-ranges [list {0x40000000 0xbfffffff}] -regs
configparams force-mem-access 1
targets -set -nocase -filter {name =~"APU*"}
source D:/proyectosep2/IEE2463-SEP-Proyecto-2-Z8/music_player/vitis/music_player_sw/_ide/psinit/ps7_init.tcl
ps7_init
ps7_post_config
targets -set -nocase -filter {name =~ "*A9*#0"}
dow D:/proyectosep2/IEE2463-SEP-Proyecto-2-Z8/music_player/vitis/music_player_sw/Debug/music_player_sw.elf
configparams force-mem-access 0
----------------End of Script----------------

22:23:03 INFO  : Context for processor 'ps7_cortexa9_0' is selected.
22:23:04 INFO  : 'con' command is executed.
22:23:04 INFO  : ----------------XSDB Script (After Launch)----------------
targets -set -nocase -filter {name =~ "*A9*#0"}
con
----------------End of Script----------------

22:23:04 INFO  : Launch script is exported to file 'D:\proyectosep2\IEE2463-SEP-Proyecto-2-Z8\music_player\vitis\.sdk\launch_scripts\single_application_debug\systemdebugger_music_player_sw_system_standalone.tcl'
22:23:32 INFO  : Disconnected from the channel tcfchan#64.
22:34:49 INFO  : Checking for BSP changes to sync application flags for project 'music_player_sw'...
22:35:10 INFO  : Connected to target on host '127.0.0.1' and port '3121'.
22:35:28 INFO  : ----------------XSDB Script----------------
connect -url tcp:127.0.0.1:3121
----------------End of Script----------------

22:35:28 ERROR : Could not find ARM device on the board for connection 'Local'.
Check if the target is in:
1. Split JTAG - No operations are possible with ARM DAP.
2. Non JTAG bootmode - Bootrom may need time to enable DAP.
Please try again.


Troubleshooting hints:
1. Check whether board is connected to system properly.
2. In case of zynq board, check whether Digilent/Xilinx cable switch settings are correct.
3. If you are using Xilinx Platform Cable USB, ensure that status LED is green.
22:35:38 INFO  : Connected to target on host '127.0.0.1' and port '3121'.
22:35:38 INFO  : Jtag cable 'Digilent Zybo Z7 210351B3FC8DA' is selected.
22:35:38 INFO  : 'jtag frequency' command is executed.
22:35:38 INFO  : Context for 'APU' is selected.
22:35:38 INFO  : System reset is completed.
22:35:41 INFO  : 'after 3000' command is executed.
22:35:41 INFO  : 'targets -set -filter {jtag_cable_name =~ "Digilent Zybo Z7 210351B3FC8DA" && level==0 && jtag_device_ctx=="jsn-Zybo Z7-210351B3FC8DA-13722093-0"}' command is executed.
22:35:42 INFO  : FPGA configured successfully with bitstream "D:/proyectosep2/IEE2463-SEP-Proyecto-2-Z8/music_player/vitis/music_player_sw/_ide/bitstream/design_1_wrapper.bit"
22:35:42 INFO  : Context for 'APU' is selected.
22:35:42 INFO  : Hardware design and registers information is loaded from 'D:/proyectosep2/IEE2463-SEP-Proyecto-2-Z8/music_player/vitis/music_player/export/music_player/hw/design_1_wrapper.xsa'.
22:35:42 INFO  : 'configparams force-mem-access 1' command is executed.
22:35:42 INFO  : Context for 'APU' is selected.
22:35:42 INFO  : Sourcing of 'D:/proyectosep2/IEE2463-SEP-Proyecto-2-Z8/music_player/vitis/music_player_sw/_ide/psinit/ps7_init.tcl' is done.
22:35:43 INFO  : 'ps7_init' command is executed.
22:35:43 INFO  : 'ps7_post_config' command is executed.
22:35:43 INFO  : Context for processor 'ps7_cortexa9_0' is selected.
22:35:43 INFO  : The application 'D:/proyectosep2/IEE2463-SEP-Proyecto-2-Z8/music_player/vitis/music_player_sw/Debug/music_player_sw.elf' is downloaded to processor 'ps7_cortexa9_0'.
22:35:43 INFO  : 'configparams force-mem-access 0' command is executed.
22:35:43 INFO  : ----------------XSDB Script----------------
connect -url tcp:127.0.0.1:3121
targets -set -nocase -filter {name =~"APU*"}
rst -system
after 3000
targets -set -filter {jtag_cable_name =~ "Digilent Zybo Z7 210351B3FC8DA" && level==0 && jtag_device_ctx=="jsn-Zybo Z7-210351B3FC8DA-13722093-0"}
fpga -file D:/proyectosep2/IEE2463-SEP-Proyecto-2-Z8/music_player/vitis/music_player_sw/_ide/bitstream/design_1_wrapper.bit
targets -set -nocase -filter {name =~"APU*"}
loadhw -hw D:/proyectosep2/IEE2463-SEP-Proyecto-2-Z8/music_player/vitis/music_player/export/music_player/hw/design_1_wrapper.xsa -mem-ranges [list {0x40000000 0xbfffffff}] -regs
configparams force-mem-access 1
targets -set -nocase -filter {name =~"APU*"}
source D:/proyectosep2/IEE2463-SEP-Proyecto-2-Z8/music_player/vitis/music_player_sw/_ide/psinit/ps7_init.tcl
ps7_init
ps7_post_config
targets -set -nocase -filter {name =~ "*A9*#0"}
dow D:/proyectosep2/IEE2463-SEP-Proyecto-2-Z8/music_player/vitis/music_player_sw/Debug/music_player_sw.elf
configparams force-mem-access 0
----------------End of Script----------------

22:35:43 INFO  : Context for processor 'ps7_cortexa9_0' is selected.
22:35:43 INFO  : 'con' command is executed.
22:35:43 INFO  : ----------------XSDB Script (After Launch)----------------
targets -set -nocase -filter {name =~ "*A9*#0"}
con
----------------End of Script----------------

22:35:43 INFO  : Launch script is exported to file 'D:\proyectosep2\IEE2463-SEP-Proyecto-2-Z8\music_player\vitis\.sdk\launch_scripts\single_application_debug\systemdebugger_music_player_sw_system_standalone.tcl'
22:36:16 INFO  : Disconnected from the channel tcfchan#66.
22:39:13 INFO  : Checking for BSP changes to sync application flags for project 'music_player_sw'...
22:39:35 INFO  : Connected to target on host '127.0.0.1' and port '3121'.
22:39:36 INFO  : Jtag cable 'Digilent Zybo Z7 210351B3FC8DA' is selected.
22:39:36 INFO  : 'jtag frequency' command is executed.
22:39:36 INFO  : Context for 'APU' is selected.
22:39:36 INFO  : System reset is completed.
22:39:39 INFO  : 'after 3000' command is executed.
22:39:39 INFO  : 'targets -set -filter {jtag_cable_name =~ "Digilent Zybo Z7 210351B3FC8DA" && level==0 && jtag_device_ctx=="jsn-Zybo Z7-210351B3FC8DA-13722093-0"}' command is executed.
22:39:40 INFO  : FPGA configured successfully with bitstream "D:/proyectosep2/IEE2463-SEP-Proyecto-2-Z8/music_player/vitis/music_player_sw/_ide/bitstream/design_1_wrapper.bit"
22:39:40 INFO  : Context for 'APU' is selected.
22:39:40 INFO  : Hardware design and registers information is loaded from 'D:/proyectosep2/IEE2463-SEP-Proyecto-2-Z8/music_player/vitis/music_player/export/music_player/hw/design_1_wrapper.xsa'.
22:39:40 INFO  : 'configparams force-mem-access 1' command is executed.
22:39:40 INFO  : Context for 'APU' is selected.
22:39:40 INFO  : Sourcing of 'D:/proyectosep2/IEE2463-SEP-Proyecto-2-Z8/music_player/vitis/music_player_sw/_ide/psinit/ps7_init.tcl' is done.
22:39:41 INFO  : 'ps7_init' command is executed.
22:39:41 INFO  : 'ps7_post_config' command is executed.
22:39:41 INFO  : Context for processor 'ps7_cortexa9_0' is selected.
22:39:41 INFO  : The application 'D:/proyectosep2/IEE2463-SEP-Proyecto-2-Z8/music_player/vitis/music_player_sw/Debug/music_player_sw.elf' is downloaded to processor 'ps7_cortexa9_0'.
22:39:41 INFO  : 'configparams force-mem-access 0' command is executed.
22:39:41 INFO  : ----------------XSDB Script----------------
connect -url tcp:127.0.0.1:3121
targets -set -nocase -filter {name =~"APU*"}
rst -system
after 3000
targets -set -filter {jtag_cable_name =~ "Digilent Zybo Z7 210351B3FC8DA" && level==0 && jtag_device_ctx=="jsn-Zybo Z7-210351B3FC8DA-13722093-0"}
fpga -file D:/proyectosep2/IEE2463-SEP-Proyecto-2-Z8/music_player/vitis/music_player_sw/_ide/bitstream/design_1_wrapper.bit
targets -set -nocase -filter {name =~"APU*"}
loadhw -hw D:/proyectosep2/IEE2463-SEP-Proyecto-2-Z8/music_player/vitis/music_player/export/music_player/hw/design_1_wrapper.xsa -mem-ranges [list {0x40000000 0xbfffffff}] -regs
configparams force-mem-access 1
targets -set -nocase -filter {name =~"APU*"}
source D:/proyectosep2/IEE2463-SEP-Proyecto-2-Z8/music_player/vitis/music_player_sw/_ide/psinit/ps7_init.tcl
ps7_init
ps7_post_config
targets -set -nocase -filter {name =~ "*A9*#0"}
dow D:/proyectosep2/IEE2463-SEP-Proyecto-2-Z8/music_player/vitis/music_player_sw/Debug/music_player_sw.elf
configparams force-mem-access 0
----------------End of Script----------------

22:39:41 INFO  : Context for processor 'ps7_cortexa9_0' is selected.
22:39:41 INFO  : 'con' command is executed.
22:39:41 INFO  : ----------------XSDB Script (After Launch)----------------
targets -set -nocase -filter {name =~ "*A9*#0"}
con
----------------End of Script----------------

22:39:41 INFO  : Launch script is exported to file 'D:\proyectosep2\IEE2463-SEP-Proyecto-2-Z8\music_player\vitis\.sdk\launch_scripts\single_application_debug\systemdebugger_music_player_sw_system_standalone.tcl'
22:40:15 INFO  : Disconnected from the channel tcfchan#68.
22:42:46 INFO  : Checking for BSP changes to sync application flags for project 'music_player_sw'...
22:43:14 INFO  : Connected to target on host '127.0.0.1' and port '3121'.
22:43:32 INFO  : ----------------XSDB Script----------------
connect -url tcp:127.0.0.1:3121
----------------End of Script----------------

22:43:32 ERROR : Could not find ARM device on the board for connection 'Local'.
Check if the target is in:
1. Split JTAG - No operations are possible with ARM DAP.
2. Non JTAG bootmode - Bootrom may need time to enable DAP.
Please try again.


Troubleshooting hints:
1. Check whether board is connected to system properly.
2. In case of zynq board, check whether Digilent/Xilinx cable switch settings are correct.
3. If you are using Xilinx Platform Cable USB, ensure that status LED is green.
22:43:47 INFO  : Connected to target on host '127.0.0.1' and port '3121'.
22:43:47 INFO  : Jtag cable 'Digilent Zybo Z7 210351B3FC8DA' is selected.
22:43:47 INFO  : 'jtag frequency' command is executed.
22:43:47 INFO  : Context for 'APU' is selected.
22:43:47 INFO  : System reset is completed.
22:43:50 INFO  : 'after 3000' command is executed.
22:43:50 INFO  : 'targets -set -filter {jtag_cable_name =~ "Digilent Zybo Z7 210351B3FC8DA" && level==0 && jtag_device_ctx=="jsn-Zybo Z7-210351B3FC8DA-13722093-0"}' command is executed.
22:43:52 INFO  : FPGA configured successfully with bitstream "D:/proyectosep2/IEE2463-SEP-Proyecto-2-Z8/music_player/vitis/music_player_sw/_ide/bitstream/design_1_wrapper.bit"
22:43:52 INFO  : Context for 'APU' is selected.
22:43:52 INFO  : Hardware design and registers information is loaded from 'D:/proyectosep2/IEE2463-SEP-Proyecto-2-Z8/music_player/vitis/music_player/export/music_player/hw/design_1_wrapper.xsa'.
22:43:52 INFO  : 'configparams force-mem-access 1' command is executed.
22:43:52 INFO  : Context for 'APU' is selected.
22:43:52 INFO  : Sourcing of 'D:/proyectosep2/IEE2463-SEP-Proyecto-2-Z8/music_player/vitis/music_player_sw/_ide/psinit/ps7_init.tcl' is done.
22:43:52 INFO  : 'ps7_init' command is executed.
22:43:52 INFO  : 'ps7_post_config' command is executed.
22:43:52 INFO  : Context for processor 'ps7_cortexa9_0' is selected.
22:43:52 INFO  : The application 'D:/proyectosep2/IEE2463-SEP-Proyecto-2-Z8/music_player/vitis/music_player_sw/Debug/music_player_sw.elf' is downloaded to processor 'ps7_cortexa9_0'.
22:43:52 INFO  : 'configparams force-mem-access 0' command is executed.
22:43:52 INFO  : ----------------XSDB Script----------------
connect -url tcp:127.0.0.1:3121
targets -set -nocase -filter {name =~"APU*"}
rst -system
after 3000
targets -set -filter {jtag_cable_name =~ "Digilent Zybo Z7 210351B3FC8DA" && level==0 && jtag_device_ctx=="jsn-Zybo Z7-210351B3FC8DA-13722093-0"}
fpga -file D:/proyectosep2/IEE2463-SEP-Proyecto-2-Z8/music_player/vitis/music_player_sw/_ide/bitstream/design_1_wrapper.bit
targets -set -nocase -filter {name =~"APU*"}
loadhw -hw D:/proyectosep2/IEE2463-SEP-Proyecto-2-Z8/music_player/vitis/music_player/export/music_player/hw/design_1_wrapper.xsa -mem-ranges [list {0x40000000 0xbfffffff}] -regs
configparams force-mem-access 1
targets -set -nocase -filter {name =~"APU*"}
source D:/proyectosep2/IEE2463-SEP-Proyecto-2-Z8/music_player/vitis/music_player_sw/_ide/psinit/ps7_init.tcl
ps7_init
ps7_post_config
targets -set -nocase -filter {name =~ "*A9*#0"}
dow D:/proyectosep2/IEE2463-SEP-Proyecto-2-Z8/music_player/vitis/music_player_sw/Debug/music_player_sw.elf
configparams force-mem-access 0
----------------End of Script----------------

22:43:52 INFO  : Context for processor 'ps7_cortexa9_0' is selected.
22:43:52 INFO  : 'con' command is executed.
22:43:52 INFO  : ----------------XSDB Script (After Launch)----------------
targets -set -nocase -filter {name =~ "*A9*#0"}
con
----------------End of Script----------------

22:43:52 INFO  : Launch script is exported to file 'D:\proyectosep2\IEE2463-SEP-Proyecto-2-Z8\music_player\vitis\.sdk\launch_scripts\single_application_debug\systemdebugger_music_player_sw_system_standalone.tcl'
22:44:36 INFO  : Disconnected from the channel tcfchan#70.
22:44:41 INFO  : Checking for BSP changes to sync application flags for project 'music_player_sw'...
22:45:23 INFO  : Connected to target on host '127.0.0.1' and port '3121'.
22:45:23 INFO  : Jtag cable 'Digilent Zybo Z7 210351B3FC8DA' is selected.
22:45:23 INFO  : 'jtag frequency' command is executed.
22:45:23 INFO  : Context for 'APU' is selected.
22:45:23 INFO  : System reset is completed.
22:45:26 INFO  : 'after 3000' command is executed.
22:45:26 INFO  : 'targets -set -filter {jtag_cable_name =~ "Digilent Zybo Z7 210351B3FC8DA" && level==0 && jtag_device_ctx=="jsn-Zybo Z7-210351B3FC8DA-13722093-0"}' command is executed.
22:45:28 INFO  : FPGA configured successfully with bitstream "D:/proyectosep2/IEE2463-SEP-Proyecto-2-Z8/music_player/vitis/music_player_sw/_ide/bitstream/design_1_wrapper.bit"
22:45:28 INFO  : Context for 'APU' is selected.
22:45:28 INFO  : Hardware design and registers information is loaded from 'D:/proyectosep2/IEE2463-SEP-Proyecto-2-Z8/music_player/vitis/music_player/export/music_player/hw/design_1_wrapper.xsa'.
22:45:28 INFO  : 'configparams force-mem-access 1' command is executed.
22:45:28 INFO  : Context for 'APU' is selected.
22:45:28 INFO  : Sourcing of 'D:/proyectosep2/IEE2463-SEP-Proyecto-2-Z8/music_player/vitis/music_player_sw/_ide/psinit/ps7_init.tcl' is done.
22:45:28 INFO  : 'ps7_init' command is executed.
22:45:28 INFO  : 'ps7_post_config' command is executed.
22:45:28 INFO  : Context for processor 'ps7_cortexa9_0' is selected.
22:45:28 INFO  : The application 'D:/proyectosep2/IEE2463-SEP-Proyecto-2-Z8/music_player/vitis/music_player_sw/Debug/music_player_sw.elf' is downloaded to processor 'ps7_cortexa9_0'.
22:45:28 INFO  : 'configparams force-mem-access 0' command is executed.
22:45:28 INFO  : ----------------XSDB Script----------------
connect -url tcp:127.0.0.1:3121
targets -set -nocase -filter {name =~"APU*"}
rst -system
after 3000
targets -set -filter {jtag_cable_name =~ "Digilent Zybo Z7 210351B3FC8DA" && level==0 && jtag_device_ctx=="jsn-Zybo Z7-210351B3FC8DA-13722093-0"}
fpga -file D:/proyectosep2/IEE2463-SEP-Proyecto-2-Z8/music_player/vitis/music_player_sw/_ide/bitstream/design_1_wrapper.bit
targets -set -nocase -filter {name =~"APU*"}
loadhw -hw D:/proyectosep2/IEE2463-SEP-Proyecto-2-Z8/music_player/vitis/music_player/export/music_player/hw/design_1_wrapper.xsa -mem-ranges [list {0x40000000 0xbfffffff}] -regs
configparams force-mem-access 1
targets -set -nocase -filter {name =~"APU*"}
source D:/proyectosep2/IEE2463-SEP-Proyecto-2-Z8/music_player/vitis/music_player_sw/_ide/psinit/ps7_init.tcl
ps7_init
ps7_post_config
targets -set -nocase -filter {name =~ "*A9*#0"}
dow D:/proyectosep2/IEE2463-SEP-Proyecto-2-Z8/music_player/vitis/music_player_sw/Debug/music_player_sw.elf
configparams force-mem-access 0
----------------End of Script----------------

22:45:29 INFO  : Context for processor 'ps7_cortexa9_0' is selected.
22:45:29 INFO  : 'con' command is executed.
22:45:29 INFO  : ----------------XSDB Script (After Launch)----------------
targets -set -nocase -filter {name =~ "*A9*#0"}
con
----------------End of Script----------------

22:45:29 INFO  : Launch script is exported to file 'D:\proyectosep2\IEE2463-SEP-Proyecto-2-Z8\music_player\vitis\.sdk\launch_scripts\single_application_debug\systemdebugger_music_player_sw_system_standalone.tcl'
22:45:41 INFO  : Disconnected from the channel tcfchan#72.
22:45:58 INFO  : Checking for BSP changes to sync application flags for project 'music_player_sw'...
22:46:58 INFO  : Connected to target on host '127.0.0.1' and port '3121'.
22:46:58 INFO  : Jtag cable 'Digilent Zybo Z7 210351B3FC8DA' is selected.
22:46:58 INFO  : 'jtag frequency' command is executed.
22:46:58 INFO  : Context for 'APU' is selected.
22:46:58 INFO  : System reset is completed.
22:47:01 INFO  : 'after 3000' command is executed.
22:47:01 INFO  : 'targets -set -filter {jtag_cable_name =~ "Digilent Zybo Z7 210351B3FC8DA" && level==0 && jtag_device_ctx=="jsn-Zybo Z7-210351B3FC8DA-13722093-0"}' command is executed.
22:47:02 INFO  : FPGA configured successfully with bitstream "D:/proyectosep2/IEE2463-SEP-Proyecto-2-Z8/music_player/vitis/music_player_sw/_ide/bitstream/design_1_wrapper.bit"
22:47:03 INFO  : Context for 'APU' is selected.
22:47:03 INFO  : Hardware design and registers information is loaded from 'D:/proyectosep2/IEE2463-SEP-Proyecto-2-Z8/music_player/vitis/music_player/export/music_player/hw/design_1_wrapper.xsa'.
22:47:03 INFO  : 'configparams force-mem-access 1' command is executed.
22:47:03 INFO  : Context for 'APU' is selected.
22:47:03 INFO  : Sourcing of 'D:/proyectosep2/IEE2463-SEP-Proyecto-2-Z8/music_player/vitis/music_player_sw/_ide/psinit/ps7_init.tcl' is done.
22:47:03 INFO  : 'ps7_init' command is executed.
22:47:03 INFO  : 'ps7_post_config' command is executed.
22:47:03 INFO  : Context for processor 'ps7_cortexa9_0' is selected.
22:47:03 INFO  : The application 'D:/proyectosep2/IEE2463-SEP-Proyecto-2-Z8/music_player/vitis/music_player_sw/Debug/music_player_sw.elf' is downloaded to processor 'ps7_cortexa9_0'.
22:47:03 INFO  : 'configparams force-mem-access 0' command is executed.
22:47:03 INFO  : ----------------XSDB Script----------------
connect -url tcp:127.0.0.1:3121
targets -set -nocase -filter {name =~"APU*"}
rst -system
after 3000
targets -set -filter {jtag_cable_name =~ "Digilent Zybo Z7 210351B3FC8DA" && level==0 && jtag_device_ctx=="jsn-Zybo Z7-210351B3FC8DA-13722093-0"}
fpga -file D:/proyectosep2/IEE2463-SEP-Proyecto-2-Z8/music_player/vitis/music_player_sw/_ide/bitstream/design_1_wrapper.bit
targets -set -nocase -filter {name =~"APU*"}
loadhw -hw D:/proyectosep2/IEE2463-SEP-Proyecto-2-Z8/music_player/vitis/music_player/export/music_player/hw/design_1_wrapper.xsa -mem-ranges [list {0x40000000 0xbfffffff}] -regs
configparams force-mem-access 1
targets -set -nocase -filter {name =~"APU*"}
source D:/proyectosep2/IEE2463-SEP-Proyecto-2-Z8/music_player/vitis/music_player_sw/_ide/psinit/ps7_init.tcl
ps7_init
ps7_post_config
targets -set -nocase -filter {name =~ "*A9*#0"}
dow D:/proyectosep2/IEE2463-SEP-Proyecto-2-Z8/music_player/vitis/music_player_sw/Debug/music_player_sw.elf
configparams force-mem-access 0
----------------End of Script----------------

22:47:03 INFO  : Context for processor 'ps7_cortexa9_0' is selected.
22:47:03 INFO  : 'con' command is executed.
22:47:03 INFO  : ----------------XSDB Script (After Launch)----------------
targets -set -nocase -filter {name =~ "*A9*#0"}
con
----------------End of Script----------------

22:47:03 INFO  : Launch script is exported to file 'D:\proyectosep2\IEE2463-SEP-Proyecto-2-Z8\music_player\vitis\.sdk\launch_scripts\single_application_debug\systemdebugger_music_player_sw_system_standalone.tcl'
22:49:16 INFO  : Disconnected from the channel tcfchan#74.
22:49:21 INFO  : Checking for BSP changes to sync application flags for project 'music_player_sw'...
22:49:58 INFO  : Connected to target on host '127.0.0.1' and port '3121'.
22:49:58 INFO  : Jtag cable 'Digilent Zybo Z7 210351B3FC8DA' is selected.
22:49:58 INFO  : 'jtag frequency' command is executed.
22:49:58 INFO  : Context for 'APU' is selected.
22:49:58 INFO  : System reset is completed.
22:50:01 INFO  : 'after 3000' command is executed.
22:50:01 INFO  : 'targets -set -filter {jtag_cable_name =~ "Digilent Zybo Z7 210351B3FC8DA" && level==0 && jtag_device_ctx=="jsn-Zybo Z7-210351B3FC8DA-13722093-0"}' command is executed.
22:50:03 INFO  : FPGA configured successfully with bitstream "D:/proyectosep2/IEE2463-SEP-Proyecto-2-Z8/music_player/vitis/music_player_sw/_ide/bitstream/design_1_wrapper.bit"
22:50:03 INFO  : Context for 'APU' is selected.
22:50:03 INFO  : Hardware design and registers information is loaded from 'D:/proyectosep2/IEE2463-SEP-Proyecto-2-Z8/music_player/vitis/music_player/export/music_player/hw/design_1_wrapper.xsa'.
22:50:03 INFO  : 'configparams force-mem-access 1' command is executed.
22:50:03 INFO  : Context for 'APU' is selected.
22:50:03 INFO  : Sourcing of 'D:/proyectosep2/IEE2463-SEP-Proyecto-2-Z8/music_player/vitis/music_player_sw/_ide/psinit/ps7_init.tcl' is done.
22:50:03 INFO  : 'ps7_init' command is executed.
22:50:03 INFO  : 'ps7_post_config' command is executed.
22:50:03 INFO  : Context for processor 'ps7_cortexa9_0' is selected.
22:50:03 INFO  : The application 'D:/proyectosep2/IEE2463-SEP-Proyecto-2-Z8/music_player/vitis/music_player_sw/Debug/music_player_sw.elf' is downloaded to processor 'ps7_cortexa9_0'.
22:50:03 INFO  : 'configparams force-mem-access 0' command is executed.
22:50:03 INFO  : ----------------XSDB Script----------------
connect -url tcp:127.0.0.1:3121
targets -set -nocase -filter {name =~"APU*"}
rst -system
after 3000
targets -set -filter {jtag_cable_name =~ "Digilent Zybo Z7 210351B3FC8DA" && level==0 && jtag_device_ctx=="jsn-Zybo Z7-210351B3FC8DA-13722093-0"}
fpga -file D:/proyectosep2/IEE2463-SEP-Proyecto-2-Z8/music_player/vitis/music_player_sw/_ide/bitstream/design_1_wrapper.bit
targets -set -nocase -filter {name =~"APU*"}
loadhw -hw D:/proyectosep2/IEE2463-SEP-Proyecto-2-Z8/music_player/vitis/music_player/export/music_player/hw/design_1_wrapper.xsa -mem-ranges [list {0x40000000 0xbfffffff}] -regs
configparams force-mem-access 1
targets -set -nocase -filter {name =~"APU*"}
source D:/proyectosep2/IEE2463-SEP-Proyecto-2-Z8/music_player/vitis/music_player_sw/_ide/psinit/ps7_init.tcl
ps7_init
ps7_post_config
targets -set -nocase -filter {name =~ "*A9*#0"}
dow D:/proyectosep2/IEE2463-SEP-Proyecto-2-Z8/music_player/vitis/music_player_sw/Debug/music_player_sw.elf
configparams force-mem-access 0
----------------End of Script----------------

22:50:03 INFO  : Context for processor 'ps7_cortexa9_0' is selected.
22:50:03 INFO  : 'con' command is executed.
22:50:03 INFO  : ----------------XSDB Script (After Launch)----------------
targets -set -nocase -filter {name =~ "*A9*#0"}
con
----------------End of Script----------------

22:50:03 INFO  : Launch script is exported to file 'D:\proyectosep2\IEE2463-SEP-Proyecto-2-Z8\music_player\vitis\.sdk\launch_scripts\single_application_debug\systemdebugger_music_player_sw_system_standalone.tcl'
22:53:53 INFO  : Checking for BSP changes to sync application flags for project 'music_player_sw'...
22:54:04 INFO  : Disconnected from the channel tcfchan#76.
22:54:04 INFO  : Connected to target on host '127.0.0.1' and port '3121'.
22:54:04 INFO  : Jtag cable 'Digilent Zybo Z7 210351B3FC8DA' is selected.
22:54:04 INFO  : 'jtag frequency' command is executed.
22:54:04 INFO  : Context for 'APU' is selected.
22:54:04 INFO  : System reset is completed.
22:54:07 INFO  : 'after 3000' command is executed.
22:54:07 INFO  : 'targets -set -filter {jtag_cable_name =~ "Digilent Zybo Z7 210351B3FC8DA" && level==0 && jtag_device_ctx=="jsn-Zybo Z7-210351B3FC8DA-13722093-0"}' command is executed.
22:54:09 INFO  : FPGA configured successfully with bitstream "D:/proyectosep2/IEE2463-SEP-Proyecto-2-Z8/music_player/vitis/music_player_sw/_ide/bitstream/design_1_wrapper.bit"
22:54:09 INFO  : Context for 'APU' is selected.
22:54:09 INFO  : Hardware design and registers information is loaded from 'D:/proyectosep2/IEE2463-SEP-Proyecto-2-Z8/music_player/vitis/music_player/export/music_player/hw/design_1_wrapper.xsa'.
22:54:09 INFO  : 'configparams force-mem-access 1' command is executed.
22:54:09 INFO  : Context for 'APU' is selected.
22:54:09 INFO  : Sourcing of 'D:/proyectosep2/IEE2463-SEP-Proyecto-2-Z8/music_player/vitis/music_player_sw/_ide/psinit/ps7_init.tcl' is done.
22:54:09 INFO  : 'ps7_init' command is executed.
22:54:09 INFO  : 'ps7_post_config' command is executed.
22:54:09 INFO  : Context for processor 'ps7_cortexa9_0' is selected.
22:54:09 INFO  : The application 'D:/proyectosep2/IEE2463-SEP-Proyecto-2-Z8/music_player/vitis/music_player_sw/Debug/music_player_sw.elf' is downloaded to processor 'ps7_cortexa9_0'.
22:54:10 INFO  : 'configparams force-mem-access 0' command is executed.
22:54:10 INFO  : ----------------XSDB Script----------------
connect -url tcp:127.0.0.1:3121
targets -set -nocase -filter {name =~"APU*"}
rst -system
after 3000
targets -set -filter {jtag_cable_name =~ "Digilent Zybo Z7 210351B3FC8DA" && level==0 && jtag_device_ctx=="jsn-Zybo Z7-210351B3FC8DA-13722093-0"}
fpga -file D:/proyectosep2/IEE2463-SEP-Proyecto-2-Z8/music_player/vitis/music_player_sw/_ide/bitstream/design_1_wrapper.bit
targets -set -nocase -filter {name =~"APU*"}
loadhw -hw D:/proyectosep2/IEE2463-SEP-Proyecto-2-Z8/music_player/vitis/music_player/export/music_player/hw/design_1_wrapper.xsa -mem-ranges [list {0x40000000 0xbfffffff}] -regs
configparams force-mem-access 1
targets -set -nocase -filter {name =~"APU*"}
source D:/proyectosep2/IEE2463-SEP-Proyecto-2-Z8/music_player/vitis/music_player_sw/_ide/psinit/ps7_init.tcl
ps7_init
ps7_post_config
targets -set -nocase -filter {name =~ "*A9*#0"}
dow D:/proyectosep2/IEE2463-SEP-Proyecto-2-Z8/music_player/vitis/music_player_sw/Debug/music_player_sw.elf
configparams force-mem-access 0
----------------End of Script----------------

22:54:10 INFO  : Context for processor 'ps7_cortexa9_0' is selected.
22:54:10 INFO  : 'con' command is executed.
22:54:10 INFO  : ----------------XSDB Script (After Launch)----------------
targets -set -nocase -filter {name =~ "*A9*#0"}
con
----------------End of Script----------------

22:54:10 INFO  : Launch script is exported to file 'D:\proyectosep2\IEE2463-SEP-Proyecto-2-Z8\music_player\vitis\.sdk\launch_scripts\single_application_debug\systemdebugger_music_player_sw_system_standalone.tcl'
22:54:19 INFO  : Disconnected from the channel tcfchan#78.
22:54:25 INFO  : Connected to target on host '127.0.0.1' and port '3121'.
22:54:25 INFO  : Jtag cable 'Digilent Zybo Z7 210351B3FC8DA' is selected.
22:54:26 INFO  : 'jtag frequency' command is executed.
22:54:26 INFO  : Context for 'APU' is selected.
22:54:26 INFO  : System reset is completed.
22:54:29 INFO  : 'after 3000' command is executed.
22:54:29 INFO  : 'targets -set -filter {jtag_cable_name =~ "Digilent Zybo Z7 210351B3FC8DA" && level==0 && jtag_device_ctx=="jsn-Zybo Z7-210351B3FC8DA-13722093-0"}' command is executed.
22:54:30 INFO  : FPGA configured successfully with bitstream "D:/proyectosep2/IEE2463-SEP-Proyecto-2-Z8/music_player/vitis/music_player_sw/_ide/bitstream/design_1_wrapper.bit"
22:54:30 INFO  : Context for 'APU' is selected.
22:54:30 INFO  : Hardware design and registers information is loaded from 'D:/proyectosep2/IEE2463-SEP-Proyecto-2-Z8/music_player/vitis/music_player/export/music_player/hw/design_1_wrapper.xsa'.
22:54:30 INFO  : 'configparams force-mem-access 1' command is executed.
22:54:30 INFO  : Context for 'APU' is selected.
22:54:30 INFO  : Sourcing of 'D:/proyectosep2/IEE2463-SEP-Proyecto-2-Z8/music_player/vitis/music_player_sw/_ide/psinit/ps7_init.tcl' is done.
22:54:30 INFO  : 'ps7_init' command is executed.
22:54:30 INFO  : 'ps7_post_config' command is executed.
22:54:30 INFO  : Context for processor 'ps7_cortexa9_0' is selected.
22:54:30 INFO  : The application 'D:/proyectosep2/IEE2463-SEP-Proyecto-2-Z8/music_player/vitis/music_player_sw/Debug/music_player_sw.elf' is downloaded to processor 'ps7_cortexa9_0'.
22:54:30 INFO  : 'configparams force-mem-access 0' command is executed.
22:54:30 INFO  : ----------------XSDB Script----------------
connect -url tcp:127.0.0.1:3121
targets -set -nocase -filter {name =~"APU*"}
rst -system
after 3000
targets -set -filter {jtag_cable_name =~ "Digilent Zybo Z7 210351B3FC8DA" && level==0 && jtag_device_ctx=="jsn-Zybo Z7-210351B3FC8DA-13722093-0"}
fpga -file D:/proyectosep2/IEE2463-SEP-Proyecto-2-Z8/music_player/vitis/music_player_sw/_ide/bitstream/design_1_wrapper.bit
targets -set -nocase -filter {name =~"APU*"}
loadhw -hw D:/proyectosep2/IEE2463-SEP-Proyecto-2-Z8/music_player/vitis/music_player/export/music_player/hw/design_1_wrapper.xsa -mem-ranges [list {0x40000000 0xbfffffff}] -regs
configparams force-mem-access 1
targets -set -nocase -filter {name =~"APU*"}
source D:/proyectosep2/IEE2463-SEP-Proyecto-2-Z8/music_player/vitis/music_player_sw/_ide/psinit/ps7_init.tcl
ps7_init
ps7_post_config
targets -set -nocase -filter {name =~ "*A9*#0"}
dow D:/proyectosep2/IEE2463-SEP-Proyecto-2-Z8/music_player/vitis/music_player_sw/Debug/music_player_sw.elf
configparams force-mem-access 0
----------------End of Script----------------

22:54:30 INFO  : Context for processor 'ps7_cortexa9_0' is selected.
22:54:31 INFO  : 'con' command is executed.
22:54:31 INFO  : ----------------XSDB Script (After Launch)----------------
targets -set -nocase -filter {name =~ "*A9*#0"}
con
----------------End of Script----------------

22:54:31 INFO  : Launch script is exported to file 'D:\proyectosep2\IEE2463-SEP-Proyecto-2-Z8\music_player\vitis\.sdk\launch_scripts\single_application_debug\systemdebugger_music_player_sw_system_standalone.tcl'
22:56:29 INFO  : Checking for BSP changes to sync application flags for project 'music_player_sw'...
22:56:40 INFO  : Disconnected from the channel tcfchan#79.
22:56:40 INFO  : Connected to target on host '127.0.0.1' and port '3121'.
22:56:40 INFO  : Jtag cable 'Digilent Zybo Z7 210351B3FC8DA' is selected.
22:56:40 INFO  : 'jtag frequency' command is executed.
22:56:40 INFO  : Context for 'APU' is selected.
22:56:40 INFO  : System reset is completed.
22:56:43 INFO  : 'after 3000' command is executed.
22:56:43 INFO  : 'targets -set -filter {jtag_cable_name =~ "Digilent Zybo Z7 210351B3FC8DA" && level==0 && jtag_device_ctx=="jsn-Zybo Z7-210351B3FC8DA-13722093-0"}' command is executed.
22:56:44 INFO  : FPGA configured successfully with bitstream "D:/proyectosep2/IEE2463-SEP-Proyecto-2-Z8/music_player/vitis/music_player_sw/_ide/bitstream/design_1_wrapper.bit"
22:56:44 INFO  : Context for 'APU' is selected.
22:56:44 INFO  : Hardware design and registers information is loaded from 'D:/proyectosep2/IEE2463-SEP-Proyecto-2-Z8/music_player/vitis/music_player/export/music_player/hw/design_1_wrapper.xsa'.
22:56:44 INFO  : 'configparams force-mem-access 1' command is executed.
22:56:44 INFO  : Context for 'APU' is selected.
22:56:44 INFO  : Sourcing of 'D:/proyectosep2/IEE2463-SEP-Proyecto-2-Z8/music_player/vitis/music_player_sw/_ide/psinit/ps7_init.tcl' is done.
22:56:45 INFO  : 'ps7_init' command is executed.
22:56:45 INFO  : 'ps7_post_config' command is executed.
22:56:45 INFO  : Context for processor 'ps7_cortexa9_0' is selected.
22:56:45 INFO  : The application 'D:/proyectosep2/IEE2463-SEP-Proyecto-2-Z8/music_player/vitis/music_player_sw/Debug/music_player_sw.elf' is downloaded to processor 'ps7_cortexa9_0'.
22:56:45 INFO  : 'configparams force-mem-access 0' command is executed.
22:56:45 INFO  : ----------------XSDB Script----------------
connect -url tcp:127.0.0.1:3121
targets -set -nocase -filter {name =~"APU*"}
rst -system
after 3000
targets -set -filter {jtag_cable_name =~ "Digilent Zybo Z7 210351B3FC8DA" && level==0 && jtag_device_ctx=="jsn-Zybo Z7-210351B3FC8DA-13722093-0"}
fpga -file D:/proyectosep2/IEE2463-SEP-Proyecto-2-Z8/music_player/vitis/music_player_sw/_ide/bitstream/design_1_wrapper.bit
targets -set -nocase -filter {name =~"APU*"}
loadhw -hw D:/proyectosep2/IEE2463-SEP-Proyecto-2-Z8/music_player/vitis/music_player/export/music_player/hw/design_1_wrapper.xsa -mem-ranges [list {0x40000000 0xbfffffff}] -regs
configparams force-mem-access 1
targets -set -nocase -filter {name =~"APU*"}
source D:/proyectosep2/IEE2463-SEP-Proyecto-2-Z8/music_player/vitis/music_player_sw/_ide/psinit/ps7_init.tcl
ps7_init
ps7_post_config
targets -set -nocase -filter {name =~ "*A9*#0"}
dow D:/proyectosep2/IEE2463-SEP-Proyecto-2-Z8/music_player/vitis/music_player_sw/Debug/music_player_sw.elf
configparams force-mem-access 0
----------------End of Script----------------

22:56:45 INFO  : Context for processor 'ps7_cortexa9_0' is selected.
22:56:45 INFO  : 'con' command is executed.
22:56:45 INFO  : ----------------XSDB Script (After Launch)----------------
targets -set -nocase -filter {name =~ "*A9*#0"}
con
----------------End of Script----------------

22:56:45 INFO  : Launch script is exported to file 'D:\proyectosep2\IEE2463-SEP-Proyecto-2-Z8\music_player\vitis\.sdk\launch_scripts\single_application_debug\systemdebugger_music_player_sw_system_standalone.tcl'
22:57:18 INFO  : Disconnected from the channel tcfchan#81.
23:52:31 INFO  : Checking for BSP changes to sync application flags for project 'music_player_sw'...
23:53:27 INFO  : Checking for BSP changes to sync application flags for project 'music_player_sw'...
23:53:47 INFO  : Connected to target on host '127.0.0.1' and port '3121'.
23:53:47 INFO  : Jtag cable 'Digilent Zybo Z7 210351B3FC8DA' is selected.
23:53:47 INFO  : 'jtag frequency' command is executed.
23:53:47 INFO  : Context for 'APU' is selected.
23:53:48 INFO  : System reset is completed.
23:53:51 INFO  : 'after 3000' command is executed.
23:53:51 INFO  : 'targets -set -filter {jtag_cable_name =~ "Digilent Zybo Z7 210351B3FC8DA" && level==0 && jtag_device_ctx=="jsn-Zybo Z7-210351B3FC8DA-13722093-0"}' command is executed.
23:53:52 INFO  : FPGA configured successfully with bitstream "D:/proyectosep2/IEE2463-SEP-Proyecto-2-Z8/music_player/vitis/music_player_sw/_ide/bitstream/design_1_wrapper.bit"
23:53:52 INFO  : Context for 'APU' is selected.
23:53:52 INFO  : Hardware design and registers information is loaded from 'D:/proyectosep2/IEE2463-SEP-Proyecto-2-Z8/music_player/vitis/music_player/export/music_player/hw/design_1_wrapper.xsa'.
23:53:52 INFO  : 'configparams force-mem-access 1' command is executed.
23:53:52 INFO  : Context for 'APU' is selected.
23:53:52 INFO  : Sourcing of 'D:/proyectosep2/IEE2463-SEP-Proyecto-2-Z8/music_player/vitis/music_player_sw/_ide/psinit/ps7_init.tcl' is done.
23:53:52 INFO  : 'ps7_init' command is executed.
23:53:52 INFO  : 'ps7_post_config' command is executed.
23:53:52 INFO  : Context for processor 'ps7_cortexa9_0' is selected.
23:53:53 INFO  : The application 'D:/proyectosep2/IEE2463-SEP-Proyecto-2-Z8/music_player/vitis/music_player_sw/Debug/music_player_sw.elf' is downloaded to processor 'ps7_cortexa9_0'.
23:53:53 INFO  : 'configparams force-mem-access 0' command is executed.
23:53:53 INFO  : ----------------XSDB Script----------------
connect -url tcp:127.0.0.1:3121
targets -set -nocase -filter {name =~"APU*"}
rst -system
after 3000
targets -set -filter {jtag_cable_name =~ "Digilent Zybo Z7 210351B3FC8DA" && level==0 && jtag_device_ctx=="jsn-Zybo Z7-210351B3FC8DA-13722093-0"}
fpga -file D:/proyectosep2/IEE2463-SEP-Proyecto-2-Z8/music_player/vitis/music_player_sw/_ide/bitstream/design_1_wrapper.bit
targets -set -nocase -filter {name =~"APU*"}
loadhw -hw D:/proyectosep2/IEE2463-SEP-Proyecto-2-Z8/music_player/vitis/music_player/export/music_player/hw/design_1_wrapper.xsa -mem-ranges [list {0x40000000 0xbfffffff}] -regs
configparams force-mem-access 1
targets -set -nocase -filter {name =~"APU*"}
source D:/proyectosep2/IEE2463-SEP-Proyecto-2-Z8/music_player/vitis/music_player_sw/_ide/psinit/ps7_init.tcl
ps7_init
ps7_post_config
targets -set -nocase -filter {name =~ "*A9*#0"}
dow D:/proyectosep2/IEE2463-SEP-Proyecto-2-Z8/music_player/vitis/music_player_sw/Debug/music_player_sw.elf
configparams force-mem-access 0
----------------End of Script----------------

23:53:53 INFO  : Context for processor 'ps7_cortexa9_0' is selected.
23:53:53 INFO  : 'con' command is executed.
23:53:53 INFO  : ----------------XSDB Script (After Launch)----------------
targets -set -nocase -filter {name =~ "*A9*#0"}
con
----------------End of Script----------------

23:53:53 INFO  : Launch script is exported to file 'D:\proyectosep2\IEE2463-SEP-Proyecto-2-Z8\music_player\vitis\.sdk\launch_scripts\single_application_debug\systemdebugger_music_player_sw_system_standalone.tcl'
23:59:02 INFO  : Disconnected from the channel tcfchan#84.
23:59:02 INFO  : Connected to target on host '127.0.0.1' and port '3121'.
23:59:02 INFO  : Jtag cable 'Digilent Zybo Z7 210351B3FC8DA' is selected.
23:59:02 INFO  : 'jtag frequency' command is executed.
23:59:02 INFO  : Context for 'APU' is selected.
23:59:02 INFO  : System reset is completed.
23:59:05 INFO  : 'after 3000' command is executed.
23:59:05 INFO  : 'targets -set -filter {jtag_cable_name =~ "Digilent Zybo Z7 210351B3FC8DA" && level==0 && jtag_device_ctx=="jsn-Zybo Z7-210351B3FC8DA-13722093-0"}' command is executed.
23:59:07 INFO  : FPGA configured successfully with bitstream "D:/proyectosep2/IEE2463-SEP-Proyecto-2-Z8/music_player/vitis/music_player_sw/_ide/bitstream/design_1_wrapper.bit"
23:59:07 INFO  : Context for 'APU' is selected.
23:59:07 INFO  : Hardware design and registers information is loaded from 'D:/proyectosep2/IEE2463-SEP-Proyecto-2-Z8/music_player/vitis/music_player/export/music_player/hw/design_1_wrapper.xsa'.
23:59:07 INFO  : 'configparams force-mem-access 1' command is executed.
23:59:07 INFO  : Context for 'APU' is selected.
23:59:07 INFO  : Sourcing of 'D:/proyectosep2/IEE2463-SEP-Proyecto-2-Z8/music_player/vitis/music_player_sw/_ide/psinit/ps7_init.tcl' is done.
23:59:07 INFO  : 'ps7_init' command is executed.
23:59:07 INFO  : 'ps7_post_config' command is executed.
23:59:07 INFO  : Context for processor 'ps7_cortexa9_0' is selected.
23:59:07 INFO  : The application 'D:/proyectosep2/IEE2463-SEP-Proyecto-2-Z8/music_player/vitis/music_player_sw/Debug/music_player_sw.elf' is downloaded to processor 'ps7_cortexa9_0'.
23:59:07 INFO  : 'configparams force-mem-access 0' command is executed.
23:59:07 INFO  : ----------------XSDB Script----------------
connect -url tcp:127.0.0.1:3121
targets -set -nocase -filter {name =~"APU*"}
rst -system
after 3000
targets -set -filter {jtag_cable_name =~ "Digilent Zybo Z7 210351B3FC8DA" && level==0 && jtag_device_ctx=="jsn-Zybo Z7-210351B3FC8DA-13722093-0"}
fpga -file D:/proyectosep2/IEE2463-SEP-Proyecto-2-Z8/music_player/vitis/music_player_sw/_ide/bitstream/design_1_wrapper.bit
targets -set -nocase -filter {name =~"APU*"}
loadhw -hw D:/proyectosep2/IEE2463-SEP-Proyecto-2-Z8/music_player/vitis/music_player/export/music_player/hw/design_1_wrapper.xsa -mem-ranges [list {0x40000000 0xbfffffff}] -regs
configparams force-mem-access 1
targets -set -nocase -filter {name =~"APU*"}
source D:/proyectosep2/IEE2463-SEP-Proyecto-2-Z8/music_player/vitis/music_player_sw/_ide/psinit/ps7_init.tcl
ps7_init
ps7_post_config
targets -set -nocase -filter {name =~ "*A9*#0"}
dow D:/proyectosep2/IEE2463-SEP-Proyecto-2-Z8/music_player/vitis/music_player_sw/Debug/music_player_sw.elf
configparams force-mem-access 0
----------------End of Script----------------

23:59:07 INFO  : Context for processor 'ps7_cortexa9_0' is selected.
23:59:07 INFO  : 'con' command is executed.
23:59:07 INFO  : ----------------XSDB Script (After Launch)----------------
targets -set -nocase -filter {name =~ "*A9*#0"}
con
----------------End of Script----------------

23:59:07 INFO  : Launch script is exported to file 'D:\proyectosep2\IEE2463-SEP-Proyecto-2-Z8\music_player\vitis\.sdk\launch_scripts\single_application_debug\systemdebugger_music_player_sw_system_standalone.tcl'
00:00:17 INFO  : Checking for BSP changes to sync application flags for project 'music_player_sw'...
00:00:33 INFO  : Disconnected from the channel tcfchan#85.
00:00:33 INFO  : Connected to target on host '127.0.0.1' and port '3121'.
00:00:33 INFO  : Jtag cable 'Digilent Zybo Z7 210351B3FC8DA' is selected.
00:00:33 INFO  : 'jtag frequency' command is executed.
00:00:33 INFO  : Context for 'APU' is selected.
00:00:33 INFO  : System reset is completed.
00:00:36 INFO  : 'after 3000' command is executed.
00:00:36 INFO  : 'targets -set -filter {jtag_cable_name =~ "Digilent Zybo Z7 210351B3FC8DA" && level==0 && jtag_device_ctx=="jsn-Zybo Z7-210351B3FC8DA-13722093-0"}' command is executed.
00:00:37 INFO  : FPGA configured successfully with bitstream "D:/proyectosep2/IEE2463-SEP-Proyecto-2-Z8/music_player/vitis/music_player_sw/_ide/bitstream/design_1_wrapper.bit"
00:00:37 INFO  : Context for 'APU' is selected.
00:00:37 INFO  : Hardware design and registers information is loaded from 'D:/proyectosep2/IEE2463-SEP-Proyecto-2-Z8/music_player/vitis/music_player/export/music_player/hw/design_1_wrapper.xsa'.
00:00:37 INFO  : 'configparams force-mem-access 1' command is executed.
00:00:37 INFO  : Context for 'APU' is selected.
00:00:37 INFO  : Sourcing of 'D:/proyectosep2/IEE2463-SEP-Proyecto-2-Z8/music_player/vitis/music_player_sw/_ide/psinit/ps7_init.tcl' is done.
00:00:38 INFO  : 'ps7_init' command is executed.
00:00:38 INFO  : 'ps7_post_config' command is executed.
00:00:38 INFO  : Context for processor 'ps7_cortexa9_0' is selected.
00:00:38 INFO  : The application 'D:/proyectosep2/IEE2463-SEP-Proyecto-2-Z8/music_player/vitis/music_player_sw/Debug/music_player_sw.elf' is downloaded to processor 'ps7_cortexa9_0'.
00:00:38 INFO  : 'configparams force-mem-access 0' command is executed.
00:00:38 INFO  : ----------------XSDB Script----------------
connect -url tcp:127.0.0.1:3121
targets -set -nocase -filter {name =~"APU*"}
rst -system
after 3000
targets -set -filter {jtag_cable_name =~ "Digilent Zybo Z7 210351B3FC8DA" && level==0 && jtag_device_ctx=="jsn-Zybo Z7-210351B3FC8DA-13722093-0"}
fpga -file D:/proyectosep2/IEE2463-SEP-Proyecto-2-Z8/music_player/vitis/music_player_sw/_ide/bitstream/design_1_wrapper.bit
targets -set -nocase -filter {name =~"APU*"}
loadhw -hw D:/proyectosep2/IEE2463-SEP-Proyecto-2-Z8/music_player/vitis/music_player/export/music_player/hw/design_1_wrapper.xsa -mem-ranges [list {0x40000000 0xbfffffff}] -regs
configparams force-mem-access 1
targets -set -nocase -filter {name =~"APU*"}
source D:/proyectosep2/IEE2463-SEP-Proyecto-2-Z8/music_player/vitis/music_player_sw/_ide/psinit/ps7_init.tcl
ps7_init
ps7_post_config
targets -set -nocase -filter {name =~ "*A9*#0"}
dow D:/proyectosep2/IEE2463-SEP-Proyecto-2-Z8/music_player/vitis/music_player_sw/Debug/music_player_sw.elf
configparams force-mem-access 0
----------------End of Script----------------

00:00:38 INFO  : Context for processor 'ps7_cortexa9_0' is selected.
00:00:38 INFO  : 'con' command is executed.
00:00:38 INFO  : ----------------XSDB Script (After Launch)----------------
targets -set -nocase -filter {name =~ "*A9*#0"}
con
----------------End of Script----------------

00:00:38 INFO  : Launch script is exported to file 'D:\proyectosep2\IEE2463-SEP-Proyecto-2-Z8\music_player\vitis\.sdk\launch_scripts\single_application_debug\systemdebugger_music_player_sw_system_standalone.tcl'
00:01:40 INFO  : Disconnected from the channel tcfchan#87.
00:01:40 INFO  : Connected to target on host '127.0.0.1' and port '3121'.
00:01:40 INFO  : Jtag cable 'Digilent Zybo Z7 210351B3FC8DA' is selected.
00:01:40 INFO  : 'jtag frequency' command is executed.
00:01:40 INFO  : Context for 'APU' is selected.
00:01:40 INFO  : System reset is completed.
00:01:43 INFO  : 'after 3000' command is executed.
00:01:44 INFO  : 'targets -set -filter {jtag_cable_name =~ "Digilent Zybo Z7 210351B3FC8DA" && level==0 && jtag_device_ctx=="jsn-Zybo Z7-210351B3FC8DA-13722093-0"}' command is executed.
00:01:45 INFO  : FPGA configured successfully with bitstream "D:/proyectosep2/IEE2463-SEP-Proyecto-2-Z8/music_player/vitis/music_player_sw/_ide/bitstream/design_1_wrapper.bit"
00:01:45 INFO  : Context for 'APU' is selected.
00:01:45 INFO  : Hardware design and registers information is loaded from 'D:/proyectosep2/IEE2463-SEP-Proyecto-2-Z8/music_player/vitis/music_player/export/music_player/hw/design_1_wrapper.xsa'.
00:01:45 INFO  : 'configparams force-mem-access 1' command is executed.
00:01:45 INFO  : Context for 'APU' is selected.
00:01:45 INFO  : Sourcing of 'D:/proyectosep2/IEE2463-SEP-Proyecto-2-Z8/music_player/vitis/music_player_sw/_ide/psinit/ps7_init.tcl' is done.
00:01:45 INFO  : 'ps7_init' command is executed.
00:01:45 INFO  : 'ps7_post_config' command is executed.
00:01:45 INFO  : Context for processor 'ps7_cortexa9_0' is selected.
00:01:45 INFO  : The application 'D:/proyectosep2/IEE2463-SEP-Proyecto-2-Z8/music_player/vitis/music_player_sw/Debug/music_player_sw.elf' is downloaded to processor 'ps7_cortexa9_0'.
00:01:45 INFO  : 'configparams force-mem-access 0' command is executed.
00:01:45 INFO  : ----------------XSDB Script----------------
connect -url tcp:127.0.0.1:3121
targets -set -nocase -filter {name =~"APU*"}
rst -system
after 3000
targets -set -filter {jtag_cable_name =~ "Digilent Zybo Z7 210351B3FC8DA" && level==0 && jtag_device_ctx=="jsn-Zybo Z7-210351B3FC8DA-13722093-0"}
fpga -file D:/proyectosep2/IEE2463-SEP-Proyecto-2-Z8/music_player/vitis/music_player_sw/_ide/bitstream/design_1_wrapper.bit
targets -set -nocase -filter {name =~"APU*"}
loadhw -hw D:/proyectosep2/IEE2463-SEP-Proyecto-2-Z8/music_player/vitis/music_player/export/music_player/hw/design_1_wrapper.xsa -mem-ranges [list {0x40000000 0xbfffffff}] -regs
configparams force-mem-access 1
targets -set -nocase -filter {name =~"APU*"}
source D:/proyectosep2/IEE2463-SEP-Proyecto-2-Z8/music_player/vitis/music_player_sw/_ide/psinit/ps7_init.tcl
ps7_init
ps7_post_config
targets -set -nocase -filter {name =~ "*A9*#0"}
dow D:/proyectosep2/IEE2463-SEP-Proyecto-2-Z8/music_player/vitis/music_player_sw/Debug/music_player_sw.elf
configparams force-mem-access 0
----------------End of Script----------------

00:01:45 INFO  : Context for processor 'ps7_cortexa9_0' is selected.
00:01:45 INFO  : 'con' command is executed.
00:01:45 INFO  : ----------------XSDB Script (After Launch)----------------
targets -set -nocase -filter {name =~ "*A9*#0"}
con
----------------End of Script----------------

00:01:45 INFO  : Launch script is exported to file 'D:\proyectosep2\IEE2463-SEP-Proyecto-2-Z8\music_player\vitis\.sdk\launch_scripts\single_application_debug\systemdebugger_music_player_sw_system_standalone.tcl'
00:01:55 INFO  : Disconnected from the channel tcfchan#88.
00:01:55 INFO  : Connected to target on host '127.0.0.1' and port '3121'.
00:01:55 INFO  : Jtag cable 'Digilent Zybo Z7 210351B3FC8DA' is selected.
00:01:55 INFO  : 'jtag frequency' command is executed.
00:01:55 INFO  : Context for 'APU' is selected.
00:01:55 INFO  : System reset is completed.
00:01:58 INFO  : 'after 3000' command is executed.
00:01:59 INFO  : 'targets -set -filter {jtag_cable_name =~ "Digilent Zybo Z7 210351B3FC8DA" && level==0 && jtag_device_ctx=="jsn-Zybo Z7-210351B3FC8DA-13722093-0"}' command is executed.
00:02:00 INFO  : FPGA configured successfully with bitstream "D:/proyectosep2/IEE2463-SEP-Proyecto-2-Z8/music_player/vitis/music_player_sw/_ide/bitstream/design_1_wrapper.bit"
00:02:00 INFO  : Context for 'APU' is selected.
00:02:00 INFO  : Hardware design and registers information is loaded from 'D:/proyectosep2/IEE2463-SEP-Proyecto-2-Z8/music_player/vitis/music_player/export/music_player/hw/design_1_wrapper.xsa'.
00:02:00 INFO  : 'configparams force-mem-access 1' command is executed.
00:02:00 INFO  : Context for 'APU' is selected.
00:02:00 INFO  : Sourcing of 'D:/proyectosep2/IEE2463-SEP-Proyecto-2-Z8/music_player/vitis/music_player_sw/_ide/psinit/ps7_init.tcl' is done.
00:02:00 INFO  : 'ps7_init' command is executed.
00:02:00 INFO  : 'ps7_post_config' command is executed.
00:02:00 INFO  : Context for processor 'ps7_cortexa9_0' is selected.
00:02:00 INFO  : The application 'D:/proyectosep2/IEE2463-SEP-Proyecto-2-Z8/music_player/vitis/music_player_sw/Debug/music_player_sw.elf' is downloaded to processor 'ps7_cortexa9_0'.
00:02:00 INFO  : 'configparams force-mem-access 0' command is executed.
00:02:00 INFO  : ----------------XSDB Script----------------
connect -url tcp:127.0.0.1:3121
targets -set -nocase -filter {name =~"APU*"}
rst -system
after 3000
targets -set -filter {jtag_cable_name =~ "Digilent Zybo Z7 210351B3FC8DA" && level==0 && jtag_device_ctx=="jsn-Zybo Z7-210351B3FC8DA-13722093-0"}
fpga -file D:/proyectosep2/IEE2463-SEP-Proyecto-2-Z8/music_player/vitis/music_player_sw/_ide/bitstream/design_1_wrapper.bit
targets -set -nocase -filter {name =~"APU*"}
loadhw -hw D:/proyectosep2/IEE2463-SEP-Proyecto-2-Z8/music_player/vitis/music_player/export/music_player/hw/design_1_wrapper.xsa -mem-ranges [list {0x40000000 0xbfffffff}] -regs
configparams force-mem-access 1
targets -set -nocase -filter {name =~"APU*"}
source D:/proyectosep2/IEE2463-SEP-Proyecto-2-Z8/music_player/vitis/music_player_sw/_ide/psinit/ps7_init.tcl
ps7_init
ps7_post_config
targets -set -nocase -filter {name =~ "*A9*#0"}
dow D:/proyectosep2/IEE2463-SEP-Proyecto-2-Z8/music_player/vitis/music_player_sw/Debug/music_player_sw.elf
configparams force-mem-access 0
----------------End of Script----------------

00:02:00 INFO  : Context for processor 'ps7_cortexa9_0' is selected.
00:02:00 INFO  : 'con' command is executed.
00:02:00 INFO  : ----------------XSDB Script (After Launch)----------------
targets -set -nocase -filter {name =~ "*A9*#0"}
con
----------------End of Script----------------

00:02:00 INFO  : Launch script is exported to file 'D:\proyectosep2\IEE2463-SEP-Proyecto-2-Z8\music_player\vitis\.sdk\launch_scripts\single_application_debug\systemdebugger_music_player_sw_system_standalone.tcl'
00:02:25 INFO  : Checking for BSP changes to sync application flags for project 'music_player_sw'...
00:02:46 INFO  : Disconnected from the channel tcfchan#89.
00:02:46 INFO  : Connected to target on host '127.0.0.1' and port '3121'.
00:02:46 INFO  : Jtag cable 'Digilent Zybo Z7 210351B3FC8DA' is selected.
00:02:46 INFO  : 'jtag frequency' command is executed.
00:02:46 INFO  : Context for 'APU' is selected.
00:02:46 INFO  : System reset is completed.
00:02:49 INFO  : 'after 3000' command is executed.
00:02:49 INFO  : 'targets -set -filter {jtag_cable_name =~ "Digilent Zybo Z7 210351B3FC8DA" && level==0 && jtag_device_ctx=="jsn-Zybo Z7-210351B3FC8DA-13722093-0"}' command is executed.
00:02:50 INFO  : FPGA configured successfully with bitstream "D:/proyectosep2/IEE2463-SEP-Proyecto-2-Z8/music_player/vitis/music_player_sw/_ide/bitstream/design_1_wrapper.bit"
00:02:50 INFO  : Context for 'APU' is selected.
00:02:50 INFO  : Hardware design and registers information is loaded from 'D:/proyectosep2/IEE2463-SEP-Proyecto-2-Z8/music_player/vitis/music_player/export/music_player/hw/design_1_wrapper.xsa'.
00:02:50 INFO  : 'configparams force-mem-access 1' command is executed.
00:02:50 INFO  : Context for 'APU' is selected.
00:02:50 INFO  : Sourcing of 'D:/proyectosep2/IEE2463-SEP-Proyecto-2-Z8/music_player/vitis/music_player_sw/_ide/psinit/ps7_init.tcl' is done.
00:02:50 INFO  : 'ps7_init' command is executed.
00:02:50 INFO  : 'ps7_post_config' command is executed.
00:02:50 INFO  : Context for processor 'ps7_cortexa9_0' is selected.
00:02:51 INFO  : The application 'D:/proyectosep2/IEE2463-SEP-Proyecto-2-Z8/music_player/vitis/music_player_sw/Debug/music_player_sw.elf' is downloaded to processor 'ps7_cortexa9_0'.
00:02:51 INFO  : 'configparams force-mem-access 0' command is executed.
00:02:51 INFO  : ----------------XSDB Script----------------
connect -url tcp:127.0.0.1:3121
targets -set -nocase -filter {name =~"APU*"}
rst -system
after 3000
targets -set -filter {jtag_cable_name =~ "Digilent Zybo Z7 210351B3FC8DA" && level==0 && jtag_device_ctx=="jsn-Zybo Z7-210351B3FC8DA-13722093-0"}
fpga -file D:/proyectosep2/IEE2463-SEP-Proyecto-2-Z8/music_player/vitis/music_player_sw/_ide/bitstream/design_1_wrapper.bit
targets -set -nocase -filter {name =~"APU*"}
loadhw -hw D:/proyectosep2/IEE2463-SEP-Proyecto-2-Z8/music_player/vitis/music_player/export/music_player/hw/design_1_wrapper.xsa -mem-ranges [list {0x40000000 0xbfffffff}] -regs
configparams force-mem-access 1
targets -set -nocase -filter {name =~"APU*"}
source D:/proyectosep2/IEE2463-SEP-Proyecto-2-Z8/music_player/vitis/music_player_sw/_ide/psinit/ps7_init.tcl
ps7_init
ps7_post_config
targets -set -nocase -filter {name =~ "*A9*#0"}
dow D:/proyectosep2/IEE2463-SEP-Proyecto-2-Z8/music_player/vitis/music_player_sw/Debug/music_player_sw.elf
configparams force-mem-access 0
----------------End of Script----------------

00:02:51 INFO  : Context for processor 'ps7_cortexa9_0' is selected.
00:02:51 INFO  : 'con' command is executed.
00:02:51 INFO  : ----------------XSDB Script (After Launch)----------------
targets -set -nocase -filter {name =~ "*A9*#0"}
con
----------------End of Script----------------

00:02:51 INFO  : Launch script is exported to file 'D:\proyectosep2\IEE2463-SEP-Proyecto-2-Z8\music_player\vitis\.sdk\launch_scripts\single_application_debug\systemdebugger_music_player_sw_system_standalone.tcl'
00:04:41 INFO  : Checking for BSP changes to sync application flags for project 'music_player_sw'...
00:04:55 INFO  : Disconnected from the channel tcfchan#91.
00:04:55 INFO  : Connected to target on host '127.0.0.1' and port '3121'.
00:04:55 INFO  : Jtag cable 'Digilent Zybo Z7 210351B3FC8DA' is selected.
00:04:55 INFO  : 'jtag frequency' command is executed.
00:04:55 INFO  : Context for 'APU' is selected.
00:04:55 INFO  : System reset is completed.
00:04:58 INFO  : 'after 3000' command is executed.
00:04:58 INFO  : 'targets -set -filter {jtag_cable_name =~ "Digilent Zybo Z7 210351B3FC8DA" && level==0 && jtag_device_ctx=="jsn-Zybo Z7-210351B3FC8DA-13722093-0"}' command is executed.
00:04:59 INFO  : FPGA configured successfully with bitstream "D:/proyectosep2/IEE2463-SEP-Proyecto-2-Z8/music_player/vitis/music_player_sw/_ide/bitstream/design_1_wrapper.bit"
00:04:59 INFO  : Context for 'APU' is selected.
00:04:59 INFO  : Hardware design and registers information is loaded from 'D:/proyectosep2/IEE2463-SEP-Proyecto-2-Z8/music_player/vitis/music_player/export/music_player/hw/design_1_wrapper.xsa'.
00:04:59 INFO  : 'configparams force-mem-access 1' command is executed.
00:04:59 INFO  : Context for 'APU' is selected.
00:04:59 INFO  : Sourcing of 'D:/proyectosep2/IEE2463-SEP-Proyecto-2-Z8/music_player/vitis/music_player_sw/_ide/psinit/ps7_init.tcl' is done.
00:05:00 INFO  : 'ps7_init' command is executed.
00:05:00 INFO  : 'ps7_post_config' command is executed.
00:05:00 INFO  : Context for processor 'ps7_cortexa9_0' is selected.
00:05:00 INFO  : The application 'D:/proyectosep2/IEE2463-SEP-Proyecto-2-Z8/music_player/vitis/music_player_sw/Debug/music_player_sw.elf' is downloaded to processor 'ps7_cortexa9_0'.
00:05:00 INFO  : 'configparams force-mem-access 0' command is executed.
00:05:00 INFO  : ----------------XSDB Script----------------
connect -url tcp:127.0.0.1:3121
targets -set -nocase -filter {name =~"APU*"}
rst -system
after 3000
targets -set -filter {jtag_cable_name =~ "Digilent Zybo Z7 210351B3FC8DA" && level==0 && jtag_device_ctx=="jsn-Zybo Z7-210351B3FC8DA-13722093-0"}
fpga -file D:/proyectosep2/IEE2463-SEP-Proyecto-2-Z8/music_player/vitis/music_player_sw/_ide/bitstream/design_1_wrapper.bit
targets -set -nocase -filter {name =~"APU*"}
loadhw -hw D:/proyectosep2/IEE2463-SEP-Proyecto-2-Z8/music_player/vitis/music_player/export/music_player/hw/design_1_wrapper.xsa -mem-ranges [list {0x40000000 0xbfffffff}] -regs
configparams force-mem-access 1
targets -set -nocase -filter {name =~"APU*"}
source D:/proyectosep2/IEE2463-SEP-Proyecto-2-Z8/music_player/vitis/music_player_sw/_ide/psinit/ps7_init.tcl
ps7_init
ps7_post_config
targets -set -nocase -filter {name =~ "*A9*#0"}
dow D:/proyectosep2/IEE2463-SEP-Proyecto-2-Z8/music_player/vitis/music_player_sw/Debug/music_player_sw.elf
configparams force-mem-access 0
----------------End of Script----------------

00:05:00 INFO  : Context for processor 'ps7_cortexa9_0' is selected.
00:05:00 INFO  : 'con' command is executed.
00:05:00 INFO  : ----------------XSDB Script (After Launch)----------------
targets -set -nocase -filter {name =~ "*A9*#0"}
con
----------------End of Script----------------

00:05:00 INFO  : Launch script is exported to file 'D:\proyectosep2\IEE2463-SEP-Proyecto-2-Z8\music_player\vitis\.sdk\launch_scripts\single_application_debug\systemdebugger_music_player_sw_system_standalone.tcl'
00:06:09 INFO  : Disconnected from the channel tcfchan#93.
00:06:09 INFO  : Connected to target on host '127.0.0.1' and port '3121'.
00:06:09 INFO  : Jtag cable 'Digilent Zybo Z7 210351B3FC8DA' is selected.
00:06:09 INFO  : 'jtag frequency' command is executed.
00:06:09 INFO  : Context for 'APU' is selected.
00:06:09 INFO  : System reset is completed.
00:06:12 INFO  : 'after 3000' command is executed.
00:06:12 INFO  : 'targets -set -filter {jtag_cable_name =~ "Digilent Zybo Z7 210351B3FC8DA" && level==0 && jtag_device_ctx=="jsn-Zybo Z7-210351B3FC8DA-13722093-0"}' command is executed.
00:06:13 INFO  : FPGA configured successfully with bitstream "D:/proyectosep2/IEE2463-SEP-Proyecto-2-Z8/music_player/vitis/music_player_sw/_ide/bitstream/design_1_wrapper.bit"
00:06:13 INFO  : Context for 'APU' is selected.
00:06:13 INFO  : Hardware design and registers information is loaded from 'D:/proyectosep2/IEE2463-SEP-Proyecto-2-Z8/music_player/vitis/music_player/export/music_player/hw/design_1_wrapper.xsa'.
00:06:13 INFO  : 'configparams force-mem-access 1' command is executed.
00:06:13 INFO  : Context for 'APU' is selected.
00:06:13 INFO  : Sourcing of 'D:/proyectosep2/IEE2463-SEP-Proyecto-2-Z8/music_player/vitis/music_player_sw/_ide/psinit/ps7_init.tcl' is done.
00:06:13 INFO  : 'ps7_init' command is executed.
00:06:14 INFO  : 'ps7_post_config' command is executed.
00:06:14 INFO  : Context for processor 'ps7_cortexa9_0' is selected.
00:06:14 INFO  : The application 'D:/proyectosep2/IEE2463-SEP-Proyecto-2-Z8/music_player/vitis/music_player_sw/Debug/music_player_sw.elf' is downloaded to processor 'ps7_cortexa9_0'.
00:06:14 INFO  : 'configparams force-mem-access 0' command is executed.
00:06:14 INFO  : ----------------XSDB Script----------------
connect -url tcp:127.0.0.1:3121
targets -set -nocase -filter {name =~"APU*"}
rst -system
after 3000
targets -set -filter {jtag_cable_name =~ "Digilent Zybo Z7 210351B3FC8DA" && level==0 && jtag_device_ctx=="jsn-Zybo Z7-210351B3FC8DA-13722093-0"}
fpga -file D:/proyectosep2/IEE2463-SEP-Proyecto-2-Z8/music_player/vitis/music_player_sw/_ide/bitstream/design_1_wrapper.bit
targets -set -nocase -filter {name =~"APU*"}
loadhw -hw D:/proyectosep2/IEE2463-SEP-Proyecto-2-Z8/music_player/vitis/music_player/export/music_player/hw/design_1_wrapper.xsa -mem-ranges [list {0x40000000 0xbfffffff}] -regs
configparams force-mem-access 1
targets -set -nocase -filter {name =~"APU*"}
source D:/proyectosep2/IEE2463-SEP-Proyecto-2-Z8/music_player/vitis/music_player_sw/_ide/psinit/ps7_init.tcl
ps7_init
ps7_post_config
targets -set -nocase -filter {name =~ "*A9*#0"}
dow D:/proyectosep2/IEE2463-SEP-Proyecto-2-Z8/music_player/vitis/music_player_sw/Debug/music_player_sw.elf
configparams force-mem-access 0
----------------End of Script----------------

00:06:14 INFO  : Context for processor 'ps7_cortexa9_0' is selected.
00:06:14 INFO  : 'con' command is executed.
00:06:14 INFO  : ----------------XSDB Script (After Launch)----------------
targets -set -nocase -filter {name =~ "*A9*#0"}
con
----------------End of Script----------------

00:06:14 INFO  : Launch script is exported to file 'D:\proyectosep2\IEE2463-SEP-Proyecto-2-Z8\music_player\vitis\.sdk\launch_scripts\single_application_debug\systemdebugger_music_player_sw_system_standalone.tcl'
00:07:04 INFO  : Disconnected from the channel tcfchan#94.
00:07:04 INFO  : Connected to target on host '127.0.0.1' and port '3121'.
00:07:04 INFO  : Jtag cable 'Digilent Zybo Z7 210351B3FC8DA' is selected.
00:07:04 INFO  : 'jtag frequency' command is executed.
00:07:04 INFO  : Context for 'APU' is selected.
00:07:05 INFO  : System reset is completed.
00:07:08 INFO  : 'after 3000' command is executed.
00:07:08 INFO  : 'targets -set -filter {jtag_cable_name =~ "Digilent Zybo Z7 210351B3FC8DA" && level==0 && jtag_device_ctx=="jsn-Zybo Z7-210351B3FC8DA-13722093-0"}' command is executed.
00:07:09 INFO  : FPGA configured successfully with bitstream "D:/proyectosep2/IEE2463-SEP-Proyecto-2-Z8/music_player/vitis/music_player_sw/_ide/bitstream/design_1_wrapper.bit"
00:07:09 INFO  : Context for 'APU' is selected.
00:07:09 INFO  : Hardware design and registers information is loaded from 'D:/proyectosep2/IEE2463-SEP-Proyecto-2-Z8/music_player/vitis/music_player/export/music_player/hw/design_1_wrapper.xsa'.
00:07:09 INFO  : 'configparams force-mem-access 1' command is executed.
00:07:09 INFO  : Context for 'APU' is selected.
00:07:09 INFO  : Sourcing of 'D:/proyectosep2/IEE2463-SEP-Proyecto-2-Z8/music_player/vitis/music_player_sw/_ide/psinit/ps7_init.tcl' is done.
00:07:09 INFO  : 'ps7_init' command is executed.
00:07:09 INFO  : 'ps7_post_config' command is executed.
00:07:09 INFO  : Context for processor 'ps7_cortexa9_0' is selected.
00:07:09 INFO  : The application 'D:/proyectosep2/IEE2463-SEP-Proyecto-2-Z8/music_player/vitis/music_player_sw/Debug/music_player_sw.elf' is downloaded to processor 'ps7_cortexa9_0'.
00:07:09 INFO  : 'configparams force-mem-access 0' command is executed.
00:07:09 INFO  : ----------------XSDB Script----------------
connect -url tcp:127.0.0.1:3121
targets -set -nocase -filter {name =~"APU*"}
rst -system
after 3000
targets -set -filter {jtag_cable_name =~ "Digilent Zybo Z7 210351B3FC8DA" && level==0 && jtag_device_ctx=="jsn-Zybo Z7-210351B3FC8DA-13722093-0"}
fpga -file D:/proyectosep2/IEE2463-SEP-Proyecto-2-Z8/music_player/vitis/music_player_sw/_ide/bitstream/design_1_wrapper.bit
targets -set -nocase -filter {name =~"APU*"}
loadhw -hw D:/proyectosep2/IEE2463-SEP-Proyecto-2-Z8/music_player/vitis/music_player/export/music_player/hw/design_1_wrapper.xsa -mem-ranges [list {0x40000000 0xbfffffff}] -regs
configparams force-mem-access 1
targets -set -nocase -filter {name =~"APU*"}
source D:/proyectosep2/IEE2463-SEP-Proyecto-2-Z8/music_player/vitis/music_player_sw/_ide/psinit/ps7_init.tcl
ps7_init
ps7_post_config
targets -set -nocase -filter {name =~ "*A9*#0"}
dow D:/proyectosep2/IEE2463-SEP-Proyecto-2-Z8/music_player/vitis/music_player_sw/Debug/music_player_sw.elf
configparams force-mem-access 0
----------------End of Script----------------

00:07:09 INFO  : Context for processor 'ps7_cortexa9_0' is selected.
00:07:09 INFO  : 'con' command is executed.
00:07:09 INFO  : ----------------XSDB Script (After Launch)----------------
targets -set -nocase -filter {name =~ "*A9*#0"}
con
----------------End of Script----------------

00:07:09 INFO  : Launch script is exported to file 'D:\proyectosep2\IEE2463-SEP-Proyecto-2-Z8\music_player\vitis\.sdk\launch_scripts\single_application_debug\systemdebugger_music_player_sw_system_standalone.tcl'
00:13:58 INFO  : Disconnected from the channel tcfchan#95.
00:14:00 INFO  : Checking for BSP changes to sync application flags for project 'music_player_sw'...
00:14:15 INFO  : Connected to target on host '127.0.0.1' and port '3121'.
00:14:16 INFO  : Jtag cable 'Digilent Zybo Z7 210351B3FC8DA' is selected.
00:14:16 INFO  : 'jtag frequency' command is executed.
00:14:16 INFO  : Context for 'APU' is selected.
00:14:16 INFO  : System reset is completed.
00:14:19 INFO  : 'after 3000' command is executed.
00:14:19 INFO  : 'targets -set -filter {jtag_cable_name =~ "Digilent Zybo Z7 210351B3FC8DA" && level==0 && jtag_device_ctx=="jsn-Zybo Z7-210351B3FC8DA-13722093-0"}' command is executed.
00:14:20 INFO  : FPGA configured successfully with bitstream "D:/proyectosep2/IEE2463-SEP-Proyecto-2-Z8/music_player/vitis/music_player_sw/_ide/bitstream/design_1_wrapper.bit"
00:14:20 INFO  : Context for 'APU' is selected.
00:14:20 INFO  : Hardware design and registers information is loaded from 'D:/proyectosep2/IEE2463-SEP-Proyecto-2-Z8/music_player/vitis/music_player/export/music_player/hw/design_1_wrapper.xsa'.
00:14:20 INFO  : 'configparams force-mem-access 1' command is executed.
00:14:20 INFO  : Context for 'APU' is selected.
00:14:20 INFO  : Sourcing of 'D:/proyectosep2/IEE2463-SEP-Proyecto-2-Z8/music_player/vitis/music_player_sw/_ide/psinit/ps7_init.tcl' is done.
00:14:21 INFO  : 'ps7_init' command is executed.
00:14:21 INFO  : 'ps7_post_config' command is executed.
00:14:21 INFO  : Context for processor 'ps7_cortexa9_0' is selected.
00:14:21 INFO  : The application 'D:/proyectosep2/IEE2463-SEP-Proyecto-2-Z8/music_player/vitis/music_player_sw/Debug/music_player_sw.elf' is downloaded to processor 'ps7_cortexa9_0'.
00:14:21 INFO  : 'configparams force-mem-access 0' command is executed.
00:14:21 INFO  : ----------------XSDB Script----------------
connect -url tcp:127.0.0.1:3121
targets -set -nocase -filter {name =~"APU*"}
rst -system
after 3000
targets -set -filter {jtag_cable_name =~ "Digilent Zybo Z7 210351B3FC8DA" && level==0 && jtag_device_ctx=="jsn-Zybo Z7-210351B3FC8DA-13722093-0"}
fpga -file D:/proyectosep2/IEE2463-SEP-Proyecto-2-Z8/music_player/vitis/music_player_sw/_ide/bitstream/design_1_wrapper.bit
targets -set -nocase -filter {name =~"APU*"}
loadhw -hw D:/proyectosep2/IEE2463-SEP-Proyecto-2-Z8/music_player/vitis/music_player/export/music_player/hw/design_1_wrapper.xsa -mem-ranges [list {0x40000000 0xbfffffff}] -regs
configparams force-mem-access 1
targets -set -nocase -filter {name =~"APU*"}
source D:/proyectosep2/IEE2463-SEP-Proyecto-2-Z8/music_player/vitis/music_player_sw/_ide/psinit/ps7_init.tcl
ps7_init
ps7_post_config
targets -set -nocase -filter {name =~ "*A9*#0"}
dow D:/proyectosep2/IEE2463-SEP-Proyecto-2-Z8/music_player/vitis/music_player_sw/Debug/music_player_sw.elf
configparams force-mem-access 0
----------------End of Script----------------

00:14:21 INFO  : Context for processor 'ps7_cortexa9_0' is selected.
00:14:21 INFO  : 'con' command is executed.
00:14:21 INFO  : ----------------XSDB Script (After Launch)----------------
targets -set -nocase -filter {name =~ "*A9*#0"}
con
----------------End of Script----------------

00:14:21 INFO  : Launch script is exported to file 'D:\proyectosep2\IEE2463-SEP-Proyecto-2-Z8\music_player\vitis\.sdk\launch_scripts\single_application_debug\systemdebugger_music_player_sw_system_standalone.tcl'
00:15:31 INFO  : Disconnected from the channel tcfchan#97.
00:15:31 INFO  : Connected to target on host '127.0.0.1' and port '3121'.
00:15:31 INFO  : Jtag cable 'Digilent Zybo Z7 210351B3FC8DA' is selected.
00:15:31 INFO  : 'jtag frequency' command is executed.
00:15:31 INFO  : Context for 'APU' is selected.
00:15:31 INFO  : System reset is completed.
00:15:34 INFO  : 'after 3000' command is executed.
00:15:34 INFO  : 'targets -set -filter {jtag_cable_name =~ "Digilent Zybo Z7 210351B3FC8DA" && level==0 && jtag_device_ctx=="jsn-Zybo Z7-210351B3FC8DA-13722093-0"}' command is executed.
00:15:35 INFO  : FPGA configured successfully with bitstream "D:/proyectosep2/IEE2463-SEP-Proyecto-2-Z8/music_player/vitis/music_player_sw/_ide/bitstream/design_1_wrapper.bit"
00:15:36 INFO  : Context for 'APU' is selected.
00:15:36 INFO  : Hardware design and registers information is loaded from 'D:/proyectosep2/IEE2463-SEP-Proyecto-2-Z8/music_player/vitis/music_player/export/music_player/hw/design_1_wrapper.xsa'.
00:15:36 INFO  : 'configparams force-mem-access 1' command is executed.
00:15:36 INFO  : Context for 'APU' is selected.
00:15:36 INFO  : Sourcing of 'D:/proyectosep2/IEE2463-SEP-Proyecto-2-Z8/music_player/vitis/music_player_sw/_ide/psinit/ps7_init.tcl' is done.
00:15:36 INFO  : 'ps7_init' command is executed.
00:15:36 INFO  : 'ps7_post_config' command is executed.
00:15:36 INFO  : Context for processor 'ps7_cortexa9_0' is selected.
00:15:36 INFO  : The application 'D:/proyectosep2/IEE2463-SEP-Proyecto-2-Z8/music_player/vitis/music_player_sw/Debug/music_player_sw.elf' is downloaded to processor 'ps7_cortexa9_0'.
00:15:36 INFO  : 'configparams force-mem-access 0' command is executed.
00:15:36 INFO  : ----------------XSDB Script----------------
connect -url tcp:127.0.0.1:3121
targets -set -nocase -filter {name =~"APU*"}
rst -system
after 3000
targets -set -filter {jtag_cable_name =~ "Digilent Zybo Z7 210351B3FC8DA" && level==0 && jtag_device_ctx=="jsn-Zybo Z7-210351B3FC8DA-13722093-0"}
fpga -file D:/proyectosep2/IEE2463-SEP-Proyecto-2-Z8/music_player/vitis/music_player_sw/_ide/bitstream/design_1_wrapper.bit
targets -set -nocase -filter {name =~"APU*"}
loadhw -hw D:/proyectosep2/IEE2463-SEP-Proyecto-2-Z8/music_player/vitis/music_player/export/music_player/hw/design_1_wrapper.xsa -mem-ranges [list {0x40000000 0xbfffffff}] -regs
configparams force-mem-access 1
targets -set -nocase -filter {name =~"APU*"}
source D:/proyectosep2/IEE2463-SEP-Proyecto-2-Z8/music_player/vitis/music_player_sw/_ide/psinit/ps7_init.tcl
ps7_init
ps7_post_config
targets -set -nocase -filter {name =~ "*A9*#0"}
dow D:/proyectosep2/IEE2463-SEP-Proyecto-2-Z8/music_player/vitis/music_player_sw/Debug/music_player_sw.elf
configparams force-mem-access 0
----------------End of Script----------------

00:15:36 INFO  : Context for processor 'ps7_cortexa9_0' is selected.
00:15:36 INFO  : 'con' command is executed.
00:15:36 INFO  : ----------------XSDB Script (After Launch)----------------
targets -set -nocase -filter {name =~ "*A9*#0"}
con
----------------End of Script----------------

00:15:36 INFO  : Launch script is exported to file 'D:\proyectosep2\IEE2463-SEP-Proyecto-2-Z8\music_player\vitis\.sdk\launch_scripts\single_application_debug\systemdebugger_music_player_sw_system_standalone.tcl'
00:27:02 INFO  : Checking for BSP changes to sync application flags for project 'music_player_sw'...
00:27:23 INFO  : Disconnected from the channel tcfchan#98.
00:27:24 INFO  : Connected to target on host '127.0.0.1' and port '3121'.
00:27:30 INFO  : Jtag cable 'Digilent Zybo Z7 210351B3FC8DA' is selected.
00:27:30 INFO  : 'jtag frequency' command is executed.
00:27:30 INFO  : Context for 'APU' is selected.
00:27:30 INFO  : System reset is completed.
00:27:33 INFO  : 'after 3000' command is executed.
00:27:33 INFO  : 'targets -set -filter {jtag_cable_name =~ "Digilent Zybo Z7 210351B3FC8DA" && level==0 && jtag_device_ctx=="jsn-Zybo Z7-210351B3FC8DA-13722093-0"}' command is executed.
00:27:34 INFO  : FPGA configured successfully with bitstream "D:/proyectosep2/IEE2463-SEP-Proyecto-2-Z8/music_player/vitis/music_player_sw/_ide/bitstream/design_1_wrapper.bit"
00:27:34 INFO  : Context for 'APU' is selected.
00:27:34 INFO  : Hardware design and registers information is loaded from 'D:/proyectosep2/IEE2463-SEP-Proyecto-2-Z8/music_player/vitis/music_player/export/music_player/hw/design_1_wrapper.xsa'.
00:27:34 INFO  : 'configparams force-mem-access 1' command is executed.
00:27:34 INFO  : Context for 'APU' is selected.
00:27:34 INFO  : Sourcing of 'D:/proyectosep2/IEE2463-SEP-Proyecto-2-Z8/music_player/vitis/music_player_sw/_ide/psinit/ps7_init.tcl' is done.
00:27:35 INFO  : 'ps7_init' command is executed.
00:27:35 INFO  : 'ps7_post_config' command is executed.
00:27:35 INFO  : Context for processor 'ps7_cortexa9_0' is selected.
00:27:35 INFO  : The application 'D:/proyectosep2/IEE2463-SEP-Proyecto-2-Z8/music_player/vitis/music_player_sw/Debug/music_player_sw.elf' is downloaded to processor 'ps7_cortexa9_0'.
00:27:35 INFO  : 'configparams force-mem-access 0' command is executed.
00:27:35 INFO  : ----------------XSDB Script----------------
connect -url tcp:127.0.0.1:3121
targets -set -nocase -filter {name =~"APU*"}
rst -system
after 3000
targets -set -filter {jtag_cable_name =~ "Digilent Zybo Z7 210351B3FC8DA" && level==0 && jtag_device_ctx=="jsn-Zybo Z7-210351B3FC8DA-13722093-0"}
fpga -file D:/proyectosep2/IEE2463-SEP-Proyecto-2-Z8/music_player/vitis/music_player_sw/_ide/bitstream/design_1_wrapper.bit
targets -set -nocase -filter {name =~"APU*"}
loadhw -hw D:/proyectosep2/IEE2463-SEP-Proyecto-2-Z8/music_player/vitis/music_player/export/music_player/hw/design_1_wrapper.xsa -mem-ranges [list {0x40000000 0xbfffffff}] -regs
configparams force-mem-access 1
targets -set -nocase -filter {name =~"APU*"}
source D:/proyectosep2/IEE2463-SEP-Proyecto-2-Z8/music_player/vitis/music_player_sw/_ide/psinit/ps7_init.tcl
ps7_init
ps7_post_config
targets -set -nocase -filter {name =~ "*A9*#0"}
dow D:/proyectosep2/IEE2463-SEP-Proyecto-2-Z8/music_player/vitis/music_player_sw/Debug/music_player_sw.elf
configparams force-mem-access 0
----------------End of Script----------------

00:27:35 INFO  : Context for processor 'ps7_cortexa9_0' is selected.
00:27:35 INFO  : 'con' command is executed.
00:27:35 INFO  : ----------------XSDB Script (After Launch)----------------
targets -set -nocase -filter {name =~ "*A9*#0"}
con
----------------End of Script----------------

00:27:35 INFO  : Launch script is exported to file 'D:\proyectosep2\IEE2463-SEP-Proyecto-2-Z8\music_player\vitis\.sdk\launch_scripts\single_application_debug\systemdebugger_music_player_sw_system_standalone.tcl'
00:32:16 INFO  : Checking for BSP changes to sync application flags for project 'music_player_sw'...
00:32:48 INFO  : Disconnected from the channel tcfchan#100.
00:32:48 INFO  : Connected to target on host '127.0.0.1' and port '3121'.
00:32:48 INFO  : Jtag cable 'Digilent Zybo Z7 210351B3FC8DA' is selected.
00:32:48 INFO  : 'jtag frequency' command is executed.
00:32:48 INFO  : Context for 'APU' is selected.
00:32:49 INFO  : System reset is completed.
00:32:52 INFO  : 'after 3000' command is executed.
00:32:52 INFO  : 'targets -set -filter {jtag_cable_name =~ "Digilent Zybo Z7 210351B3FC8DA" && level==0 && jtag_device_ctx=="jsn-Zybo Z7-210351B3FC8DA-13722093-0"}' command is executed.
00:32:53 INFO  : FPGA configured successfully with bitstream "D:/proyectosep2/IEE2463-SEP-Proyecto-2-Z8/music_player/vitis/music_player_sw/_ide/bitstream/design_1_wrapper.bit"
00:32:53 INFO  : Context for 'APU' is selected.
00:32:53 INFO  : Hardware design and registers information is loaded from 'D:/proyectosep2/IEE2463-SEP-Proyecto-2-Z8/music_player/vitis/music_player/export/music_player/hw/design_1_wrapper.xsa'.
00:32:53 INFO  : 'configparams force-mem-access 1' command is executed.
00:32:53 INFO  : Context for 'APU' is selected.
00:32:53 INFO  : Sourcing of 'D:/proyectosep2/IEE2463-SEP-Proyecto-2-Z8/music_player/vitis/music_player_sw/_ide/psinit/ps7_init.tcl' is done.
00:32:53 INFO  : 'ps7_init' command is executed.
00:32:53 INFO  : 'ps7_post_config' command is executed.
00:32:53 INFO  : Context for processor 'ps7_cortexa9_0' is selected.
00:32:54 INFO  : The application 'D:/proyectosep2/IEE2463-SEP-Proyecto-2-Z8/music_player/vitis/music_player_sw/Debug/music_player_sw.elf' is downloaded to processor 'ps7_cortexa9_0'.
00:32:54 INFO  : 'configparams force-mem-access 0' command is executed.
00:32:54 INFO  : ----------------XSDB Script----------------
connect -url tcp:127.0.0.1:3121
targets -set -nocase -filter {name =~"APU*"}
rst -system
after 3000
targets -set -filter {jtag_cable_name =~ "Digilent Zybo Z7 210351B3FC8DA" && level==0 && jtag_device_ctx=="jsn-Zybo Z7-210351B3FC8DA-13722093-0"}
fpga -file D:/proyectosep2/IEE2463-SEP-Proyecto-2-Z8/music_player/vitis/music_player_sw/_ide/bitstream/design_1_wrapper.bit
targets -set -nocase -filter {name =~"APU*"}
loadhw -hw D:/proyectosep2/IEE2463-SEP-Proyecto-2-Z8/music_player/vitis/music_player/export/music_player/hw/design_1_wrapper.xsa -mem-ranges [list {0x40000000 0xbfffffff}] -regs
configparams force-mem-access 1
targets -set -nocase -filter {name =~"APU*"}
source D:/proyectosep2/IEE2463-SEP-Proyecto-2-Z8/music_player/vitis/music_player_sw/_ide/psinit/ps7_init.tcl
ps7_init
ps7_post_config
targets -set -nocase -filter {name =~ "*A9*#0"}
dow D:/proyectosep2/IEE2463-SEP-Proyecto-2-Z8/music_player/vitis/music_player_sw/Debug/music_player_sw.elf
configparams force-mem-access 0
----------------End of Script----------------

00:32:54 INFO  : Context for processor 'ps7_cortexa9_0' is selected.
00:32:54 INFO  : 'con' command is executed.
00:32:54 INFO  : ----------------XSDB Script (After Launch)----------------
targets -set -nocase -filter {name =~ "*A9*#0"}
con
----------------End of Script----------------

00:32:54 INFO  : Launch script is exported to file 'D:\proyectosep2\IEE2463-SEP-Proyecto-2-Z8\music_player\vitis\.sdk\launch_scripts\single_application_debug\systemdebugger_music_player_sw_system_standalone.tcl'
00:40:02 INFO  : Checking for BSP changes to sync application flags for project 'music_player_sw'...
00:40:05 INFO  : Checking for BSP changes to sync application flags for project 'music_player_sw'...
00:40:21 INFO  : Disconnected from the channel tcfchan#102.
00:40:21 INFO  : Connected to target on host '127.0.0.1' and port '3121'.
00:40:22 INFO  : Jtag cable 'Digilent Zybo Z7 210351B3FC8DA' is selected.
00:40:22 INFO  : 'jtag frequency' command is executed.
00:40:22 INFO  : Context for 'APU' is selected.
00:40:23 INFO  : System reset is completed.
00:40:26 INFO  : 'after 3000' command is executed.
00:40:26 INFO  : 'targets -set -filter {jtag_cable_name =~ "Digilent Zybo Z7 210351B3FC8DA" && level==0 && jtag_device_ctx=="jsn-Zybo Z7-210351B3FC8DA-13722093-0"}' command is executed.
00:40:27 INFO  : FPGA configured successfully with bitstream "D:/proyectosep2/IEE2463-SEP-Proyecto-2-Z8/music_player/vitis/music_player_sw/_ide/bitstream/design_1_wrapper.bit"
00:40:27 INFO  : Context for 'APU' is selected.
00:40:27 INFO  : Hardware design and registers information is loaded from 'D:/proyectosep2/IEE2463-SEP-Proyecto-2-Z8/music_player/vitis/music_player/export/music_player/hw/design_1_wrapper.xsa'.
00:40:27 INFO  : 'configparams force-mem-access 1' command is executed.
00:40:27 INFO  : Context for 'APU' is selected.
00:40:27 INFO  : Sourcing of 'D:/proyectosep2/IEE2463-SEP-Proyecto-2-Z8/music_player/vitis/music_player_sw/_ide/psinit/ps7_init.tcl' is done.
00:40:27 INFO  : 'ps7_init' command is executed.
00:40:27 INFO  : 'ps7_post_config' command is executed.
00:40:27 INFO  : Context for processor 'ps7_cortexa9_0' is selected.
00:40:28 INFO  : The application 'D:/proyectosep2/IEE2463-SEP-Proyecto-2-Z8/music_player/vitis/music_player_sw/Debug/music_player_sw.elf' is downloaded to processor 'ps7_cortexa9_0'.
00:40:28 INFO  : 'configparams force-mem-access 0' command is executed.
00:40:28 INFO  : ----------------XSDB Script----------------
connect -url tcp:127.0.0.1:3121
targets -set -nocase -filter {name =~"APU*"}
rst -system
after 3000
targets -set -filter {jtag_cable_name =~ "Digilent Zybo Z7 210351B3FC8DA" && level==0 && jtag_device_ctx=="jsn-Zybo Z7-210351B3FC8DA-13722093-0"}
fpga -file D:/proyectosep2/IEE2463-SEP-Proyecto-2-Z8/music_player/vitis/music_player_sw/_ide/bitstream/design_1_wrapper.bit
targets -set -nocase -filter {name =~"APU*"}
loadhw -hw D:/proyectosep2/IEE2463-SEP-Proyecto-2-Z8/music_player/vitis/music_player/export/music_player/hw/design_1_wrapper.xsa -mem-ranges [list {0x40000000 0xbfffffff}] -regs
configparams force-mem-access 1
targets -set -nocase -filter {name =~"APU*"}
source D:/proyectosep2/IEE2463-SEP-Proyecto-2-Z8/music_player/vitis/music_player_sw/_ide/psinit/ps7_init.tcl
ps7_init
ps7_post_config
targets -set -nocase -filter {name =~ "*A9*#0"}
dow D:/proyectosep2/IEE2463-SEP-Proyecto-2-Z8/music_player/vitis/music_player_sw/Debug/music_player_sw.elf
configparams force-mem-access 0
----------------End of Script----------------

00:40:28 INFO  : Context for processor 'ps7_cortexa9_0' is selected.
00:40:28 INFO  : 'con' command is executed.
00:40:28 INFO  : ----------------XSDB Script (After Launch)----------------
targets -set -nocase -filter {name =~ "*A9*#0"}
con
----------------End of Script----------------

00:40:28 INFO  : Launch script is exported to file 'D:\proyectosep2\IEE2463-SEP-Proyecto-2-Z8\music_player\vitis\.sdk\launch_scripts\single_application_debug\systemdebugger_music_player_sw_system_standalone.tcl'
00:41:54 INFO  : Checking for BSP changes to sync application flags for project 'music_player_sw'...
00:42:07 INFO  : Disconnected from the channel tcfchan#104.
00:42:07 INFO  : Connected to target on host '127.0.0.1' and port '3121'.
00:42:07 INFO  : Jtag cable 'Digilent Zybo Z7 210351B3FC8DA' is selected.
00:42:07 INFO  : 'jtag frequency' command is executed.
00:42:07 INFO  : Context for 'APU' is selected.
00:42:08 INFO  : System reset is completed.
00:42:11 INFO  : 'after 3000' command is executed.
00:42:11 INFO  : 'targets -set -filter {jtag_cable_name =~ "Digilent Zybo Z7 210351B3FC8DA" && level==0 && jtag_device_ctx=="jsn-Zybo Z7-210351B3FC8DA-13722093-0"}' command is executed.
00:42:12 INFO  : FPGA configured successfully with bitstream "D:/proyectosep2/IEE2463-SEP-Proyecto-2-Z8/music_player/vitis/music_player_sw/_ide/bitstream/design_1_wrapper.bit"
00:42:12 INFO  : Context for 'APU' is selected.
00:42:12 INFO  : Hardware design and registers information is loaded from 'D:/proyectosep2/IEE2463-SEP-Proyecto-2-Z8/music_player/vitis/music_player/export/music_player/hw/design_1_wrapper.xsa'.
00:42:12 INFO  : 'configparams force-mem-access 1' command is executed.
00:42:12 INFO  : Context for 'APU' is selected.
00:42:12 INFO  : Sourcing of 'D:/proyectosep2/IEE2463-SEP-Proyecto-2-Z8/music_player/vitis/music_player_sw/_ide/psinit/ps7_init.tcl' is done.
00:42:12 INFO  : 'ps7_init' command is executed.
00:42:12 INFO  : 'ps7_post_config' command is executed.
00:42:12 INFO  : Context for processor 'ps7_cortexa9_0' is selected.
00:42:12 INFO  : The application 'D:/proyectosep2/IEE2463-SEP-Proyecto-2-Z8/music_player/vitis/music_player_sw/Debug/music_player_sw.elf' is downloaded to processor 'ps7_cortexa9_0'.
00:42:12 INFO  : 'configparams force-mem-access 0' command is executed.
00:42:12 INFO  : ----------------XSDB Script----------------
connect -url tcp:127.0.0.1:3121
targets -set -nocase -filter {name =~"APU*"}
rst -system
after 3000
targets -set -filter {jtag_cable_name =~ "Digilent Zybo Z7 210351B3FC8DA" && level==0 && jtag_device_ctx=="jsn-Zybo Z7-210351B3FC8DA-13722093-0"}
fpga -file D:/proyectosep2/IEE2463-SEP-Proyecto-2-Z8/music_player/vitis/music_player_sw/_ide/bitstream/design_1_wrapper.bit
targets -set -nocase -filter {name =~"APU*"}
loadhw -hw D:/proyectosep2/IEE2463-SEP-Proyecto-2-Z8/music_player/vitis/music_player/export/music_player/hw/design_1_wrapper.xsa -mem-ranges [list {0x40000000 0xbfffffff}] -regs
configparams force-mem-access 1
targets -set -nocase -filter {name =~"APU*"}
source D:/proyectosep2/IEE2463-SEP-Proyecto-2-Z8/music_player/vitis/music_player_sw/_ide/psinit/ps7_init.tcl
ps7_init
ps7_post_config
targets -set -nocase -filter {name =~ "*A9*#0"}
dow D:/proyectosep2/IEE2463-SEP-Proyecto-2-Z8/music_player/vitis/music_player_sw/Debug/music_player_sw.elf
configparams force-mem-access 0
----------------End of Script----------------

00:42:13 INFO  : Context for processor 'ps7_cortexa9_0' is selected.
00:42:13 INFO  : 'con' command is executed.
00:42:13 INFO  : ----------------XSDB Script (After Launch)----------------
targets -set -nocase -filter {name =~ "*A9*#0"}
con
----------------End of Script----------------

00:42:13 INFO  : Launch script is exported to file 'D:\proyectosep2\IEE2463-SEP-Proyecto-2-Z8\music_player\vitis\.sdk\launch_scripts\single_application_debug\systemdebugger_music_player_sw_system_standalone.tcl'
00:44:20 INFO  : Connected to target on host '127.0.0.1' and port '3121'.
00:44:20 INFO  : 'targets -set -filter {jtag_cable_name =~ "Digilent Zybo Z7 210351B3FC8DA" && level==0 && jtag_device_ctx=="jsn-Zybo Z7-210351B3FC8DA-13722093-0"}' command is executed.
00:44:21 INFO  : FPGA configured successfully with bitstream "D:/proyectosep2/IEE2463-SEP-Proyecto-2-Z8/music_player/vitis/music_player_sw/_ide/bitstream/design_1_wrapper.bit"
00:44:32 INFO  : Build configuration of system project is automatically updated to 'Release'.
00:44:32 INFO  : Checking for BSP changes to sync application flags for project 'music_player_sw'...
00:44:52 INFO  : Connected to target on host '127.0.0.1' and port '3121'.
00:44:52 INFO  : 'targets -set -filter {jtag_cable_name =~ "Digilent Zybo Z7 210351B3FC8DA" && level==0 && jtag_device_ctx=="jsn-Zybo Z7-210351B3FC8DA-13722093-0"}' command is executed.
00:44:54 INFO  : FPGA configured successfully with bitstream "D:/proyectosep2/IEE2463-SEP-Proyecto-2-Z8/music_player/vitis/music_player_sw/_ide/bitstream/design_1_wrapper.bit"
00:57:18 INFO  : Hardware specification for platform project 'music_player' is updated.
00:57:29 INFO  : Successfully done sdx_reload_mss "D:/proyectosep2/IEE2463-SEP-Proyecto-2-Z8/music_player/vitis/music_player/zynq_fsbl/zynq_fsbl_bsp/system.mss"
00:57:33 INFO  : Successfully done sdx_reload_mss "D:/proyectosep2/IEE2463-SEP-Proyecto-2-Z8/music_player/vitis/music_player/zynq_fsbl/zynq_fsbl_bsp/system.mss"
00:57:33 INFO  : No changes in MSS file content so sources will not be generated.
00:57:34 INFO  : Successfully done sdx_reload_mss "D:/proyectosep2/IEE2463-SEP-Proyecto-2-Z8/music_player/vitis/music_player/ps7_cortexa9_0/standalone_domain/bsp/system.mss"
00:57:37 INFO  : Successfully done sdx_reload_mss "D:/proyectosep2/IEE2463-SEP-Proyecto-2-Z8/music_player/vitis/music_player/ps7_cortexa9_0/standalone_domain/bsp/system.mss"
00:57:37 INFO  : No changes in MSS file content so sources will not be generated.
00:57:46 INFO  : Result from executing command 'getProjects': music_player
00:57:46 INFO  : Result from executing command 'getPlatforms': music_player|D:/proyectosep2/IEE2463-SEP-Proyecto-2-Z8/music_player/vitis/music_player/export/music_player/music_player.xpfm
00:58:00 INFO  : Checking for BSP changes to sync application flags for project 'music_player_sw'...
00:58:01 INFO  : The hardware specfication used by project 'music_player_sw' is out of sync with the platform. Resource files extracted from the hardware specfiication will be updated.
00:58:01 INFO  : The file 'D:\proyectosep2\IEE2463-SEP-Proyecto-2-Z8\music_player\vitis\music_player_sw\_ide\bitstream\design_1_wrapper.bit' stored in project is removed.
00:58:01 INFO  : The updated bitstream files are copied from platform to folder 'D:\proyectosep2\IEE2463-SEP-Proyecto-2-Z8\music_player\vitis\music_player_sw\_ide\bitstream' in project 'music_player_sw'.
00:58:01 INFO  : The file 'D:\proyectosep2\IEE2463-SEP-Proyecto-2-Z8\music_player\vitis\music_player_sw\_ide\psinit\ps7_init.tcl' stored in project is removed.
00:58:05 INFO  : The updated ps init files are copied from platform to folder 'D:\proyectosep2\IEE2463-SEP-Proyecto-2-Z8\music_player\vitis\music_player_sw\_ide\psinit' in project 'music_player_sw'.
00:58:48 INFO  : Connected to target on host '127.0.0.1' and port '3121'.
00:58:48 INFO  : 'targets -set -filter {jtag_cable_name =~ "Digilent Zybo Z7 210351B3FC8DA" && level==0 && jtag_device_ctx=="jsn-Zybo Z7-210351B3FC8DA-13722093-0"}' command is executed.
00:58:50 INFO  : FPGA configured successfully with bitstream "D:/proyectosep2/IEE2463-SEP-Proyecto-2-Z8/music_player/vitis/music_player_sw/_ide/bitstream/design_1_wrapper.bit"
00:59:19 INFO  : Connected to target on host '127.0.0.1' and port '3121'.
01:09:51 INFO  : Connected to target on host '127.0.0.1' and port '3121'.
01:09:51 INFO  : 'targets -set -filter {jtag_cable_name =~ "Digilent Zybo Z7 210351B3FC8DA" && level==0 && jtag_device_ctx=="jsn-Zybo Z7-210351B3FC8DA-13722093-0"}' command is executed.
01:09:52 INFO  : FPGA configured successfully with bitstream "D:/proyectosep2/IEE2463-SEP-Proyecto-2-Z8/music_player/vitis/music_player_sw/_ide/bitstream/design_1_wrapper.bit"
01:13:46 INFO  : Invoking Bootgen: bootgen -image output.bif -arch zynq -o D:/proyectosep2/IEE2463-SEP-Proyecto-2-Z8/music_player/vitis/music_player_sw/Release/BOOT.bin
01:13:46 INFO  : Creating new bif file D:\proyectosep2\IEE2463-SEP-Proyecto-2-Z8\music_player\vitis\music_player_sw\Release\output.bif
01:13:48 INFO  : Bootgen command execution is done.
01:16:26 INFO  : Invoking Bootgen: bootgen -image output.bif -arch zynq -o D:/proyectosep2/IEE2463-SEP-Proyecto-2-Z8/music_player/vitis/BOOT.bin
01:16:26 INFO  : Creating new bif file D:\proyectosep2\IEE2463-SEP-Proyecto-2-Z8\music_player\vitis\output.bif
01:16:27 INFO  : Bootgen command execution is done.
01:24:09 INFO  : Checking for BSP changes to sync application flags for project 'music_player_sw'...
01:24:20 INFO  : Build configuration of system project is automatically updated to 'Debug'.
01:24:20 INFO  : Checking for BSP changes to sync application flags for project 'music_player_sw'...
01:24:28 INFO  : Disconnected from the channel tcfchan#106.
01:24:28 INFO  : Connected to target on host '127.0.0.1' and port '3121'.
01:24:36 INFO  : Jtag cable 'Digilent Zybo Z7 210351B3FC8DA' is selected.
01:24:36 INFO  : 'jtag frequency' command is executed.
01:24:36 INFO  : Context for 'APU' is selected.
01:24:36 INFO  : System reset is completed.
01:24:39 INFO  : 'after 3000' command is executed.
01:24:39 INFO  : 'targets -set -filter {jtag_cable_name =~ "Digilent Zybo Z7 210351B3FC8DA" && level==0 && jtag_device_ctx=="jsn-Zybo Z7-210351B3FC8DA-13722093-0"}' command is executed.
01:24:40 INFO  : FPGA configured successfully with bitstream "D:/proyectosep2/IEE2463-SEP-Proyecto-2-Z8/music_player/vitis/music_player_sw/_ide/bitstream/design_1_wrapper.bit"
01:24:40 INFO  : Context for 'APU' is selected.
01:24:41 INFO  : Hardware design and registers information is loaded from 'D:/proyectosep2/IEE2463-SEP-Proyecto-2-Z8/music_player/vitis/music_player/export/music_player/hw/design_1_wrapper.xsa'.
01:24:41 INFO  : 'configparams force-mem-access 1' command is executed.
01:24:41 INFO  : Context for 'APU' is selected.
01:24:41 INFO  : Sourcing of 'D:/proyectosep2/IEE2463-SEP-Proyecto-2-Z8/music_player/vitis/music_player_sw/_ide/psinit/ps7_init.tcl' is done.
01:24:41 INFO  : 'ps7_init' command is executed.
01:24:41 INFO  : 'ps7_post_config' command is executed.
01:24:41 INFO  : Context for processor 'ps7_cortexa9_0' is selected.
01:24:41 INFO  : The application 'D:/proyectosep2/IEE2463-SEP-Proyecto-2-Z8/music_player/vitis/music_player_sw/Debug/music_player_sw.elf' is downloaded to processor 'ps7_cortexa9_0'.
01:24:41 INFO  : 'configparams force-mem-access 0' command is executed.
01:24:41 INFO  : ----------------XSDB Script----------------
connect -url tcp:127.0.0.1:3121
targets -set -nocase -filter {name =~"APU*"}
rst -system
after 3000
targets -set -filter {jtag_cable_name =~ "Digilent Zybo Z7 210351B3FC8DA" && level==0 && jtag_device_ctx=="jsn-Zybo Z7-210351B3FC8DA-13722093-0"}
fpga -file D:/proyectosep2/IEE2463-SEP-Proyecto-2-Z8/music_player/vitis/music_player_sw/_ide/bitstream/design_1_wrapper.bit
targets -set -nocase -filter {name =~"APU*"}
loadhw -hw D:/proyectosep2/IEE2463-SEP-Proyecto-2-Z8/music_player/vitis/music_player/export/music_player/hw/design_1_wrapper.xsa -mem-ranges [list {0x40000000 0xbfffffff}] -regs
configparams force-mem-access 1
targets -set -nocase -filter {name =~"APU*"}
source D:/proyectosep2/IEE2463-SEP-Proyecto-2-Z8/music_player/vitis/music_player_sw/_ide/psinit/ps7_init.tcl
ps7_init
ps7_post_config
targets -set -nocase -filter {name =~ "*A9*#0"}
dow D:/proyectosep2/IEE2463-SEP-Proyecto-2-Z8/music_player/vitis/music_player_sw/Debug/music_player_sw.elf
configparams force-mem-access 0
----------------End of Script----------------

01:24:41 INFO  : Context for processor 'ps7_cortexa9_0' is selected.
01:24:41 INFO  : 'con' command is executed.
01:24:41 INFO  : ----------------XSDB Script (After Launch)----------------
targets -set -nocase -filter {name =~ "*A9*#0"}
con
----------------End of Script----------------

01:24:41 INFO  : Launch script is exported to file 'D:\proyectosep2\IEE2463-SEP-Proyecto-2-Z8\music_player\vitis\.sdk\launch_scripts\single_application_debug\systemdebugger_music_player_sw_system_standalone.tcl'
01:25:24 INFO  : Disconnected from the channel tcfchan#110.
01:25:24 INFO  : Connected to target on host '127.0.0.1' and port '3121'.
01:25:25 INFO  : Jtag cable 'Digilent Zybo Z7 210351B3FC8DA' is selected.
01:25:25 INFO  : 'jtag frequency' command is executed.
01:25:25 INFO  : Context for 'APU' is selected.
01:25:25 INFO  : System reset is completed.
01:25:28 INFO  : 'after 3000' command is executed.
01:25:28 INFO  : 'targets -set -filter {jtag_cable_name =~ "Digilent Zybo Z7 210351B3FC8DA" && level==0 && jtag_device_ctx=="jsn-Zybo Z7-210351B3FC8DA-13722093-0"}' command is executed.
01:25:29 INFO  : FPGA configured successfully with bitstream "D:/proyectosep2/IEE2463-SEP-Proyecto-2-Z8/music_player/vitis/music_player_sw/_ide/bitstream/design_1_wrapper.bit"
01:25:29 INFO  : Context for 'APU' is selected.
01:25:29 INFO  : Hardware design and registers information is loaded from 'D:/proyectosep2/IEE2463-SEP-Proyecto-2-Z8/music_player/vitis/music_player/export/music_player/hw/design_1_wrapper.xsa'.
01:25:29 INFO  : 'configparams force-mem-access 1' command is executed.
01:25:29 INFO  : Context for 'APU' is selected.
01:25:29 INFO  : Sourcing of 'D:/proyectosep2/IEE2463-SEP-Proyecto-2-Z8/music_player/vitis/music_player_sw/_ide/psinit/ps7_init.tcl' is done.
01:25:29 INFO  : 'ps7_init' command is executed.
01:25:29 INFO  : 'ps7_post_config' command is executed.
01:25:29 INFO  : Context for processor 'ps7_cortexa9_0' is selected.
01:25:29 INFO  : The application 'D:/proyectosep2/IEE2463-SEP-Proyecto-2-Z8/music_player/vitis/music_player_sw/Debug/music_player_sw.elf' is downloaded to processor 'ps7_cortexa9_0'.
01:25:30 INFO  : 'configparams force-mem-access 0' command is executed.
01:25:30 INFO  : ----------------XSDB Script----------------
connect -url tcp:127.0.0.1:3121
targets -set -nocase -filter {name =~"APU*"}
rst -system
after 3000
targets -set -filter {jtag_cable_name =~ "Digilent Zybo Z7 210351B3FC8DA" && level==0 && jtag_device_ctx=="jsn-Zybo Z7-210351B3FC8DA-13722093-0"}
fpga -file D:/proyectosep2/IEE2463-SEP-Proyecto-2-Z8/music_player/vitis/music_player_sw/_ide/bitstream/design_1_wrapper.bit
targets -set -nocase -filter {name =~"APU*"}
loadhw -hw D:/proyectosep2/IEE2463-SEP-Proyecto-2-Z8/music_player/vitis/music_player/export/music_player/hw/design_1_wrapper.xsa -mem-ranges [list {0x40000000 0xbfffffff}] -regs
configparams force-mem-access 1
targets -set -nocase -filter {name =~"APU*"}
source D:/proyectosep2/IEE2463-SEP-Proyecto-2-Z8/music_player/vitis/music_player_sw/_ide/psinit/ps7_init.tcl
ps7_init
ps7_post_config
targets -set -nocase -filter {name =~ "*A9*#0"}
dow D:/proyectosep2/IEE2463-SEP-Proyecto-2-Z8/music_player/vitis/music_player_sw/Debug/music_player_sw.elf
configparams force-mem-access 0
----------------End of Script----------------

01:25:30 INFO  : Context for processor 'ps7_cortexa9_0' is selected.
01:25:30 INFO  : 'con' command is executed.
01:25:30 INFO  : ----------------XSDB Script (After Launch)----------------
targets -set -nocase -filter {name =~ "*A9*#0"}
con
----------------End of Script----------------

01:25:30 INFO  : Launch script is exported to file 'D:\proyectosep2\IEE2463-SEP-Proyecto-2-Z8\music_player\vitis\.sdk\launch_scripts\single_application_debug\systemdebugger_music_player_sw_system_standalone.tcl'
01:25:50 INFO  : Connected to target on host '127.0.0.1' and port '3121'.
01:25:50 INFO  : 'targets -set -filter {jtag_cable_name =~ "Digilent Zybo Z7 210351B3FC8DA" && level==0 && jtag_device_ctx=="jsn-Zybo Z7-210351B3FC8DA-13722093-0"}' command is executed.
01:25:51 INFO  : FPGA configured successfully with bitstream "D:/proyectosep2/IEE2463-SEP-Proyecto-2-Z8/music_player/vitis/music_player_sw/_ide/bitstream/design_1_wrapper.bit"
01:27:39 INFO  : Disconnected from the channel tcfchan#111.
01:42:28 INFO  : Launching XSCT server: xsct.bat -n  -interactive D:\proyectosep2\IEE2463-SEP-Proyecto-2-Z8\music_player\vitis\temp_xsdb_launch_script.tcl
01:42:30 INFO  : XSCT server has started successfully.
01:42:30 INFO  : plnx-install-location is set to ''
01:42:30 INFO  : Successfully done setting XSCT server connection channel  
01:42:30 INFO  : Successfully done setting workspace for the tool. 
01:42:32 INFO  : Platform repository initialization has completed.
01:42:34 INFO  : Registering command handlers for Vitis TCF services
01:42:38 INFO  : Successfully done query RDI_DATADIR 
01:46:37 INFO  : Checking for BSP changes to sync application flags for project 'music_player_sw'...
01:46:54 ERROR : (XSDB Server)ERROR: [Hsi 55-1571] The design file D:/proyectosep2/IEE2463-SEP-Proyecto-2-Z8/music_player/vitis/music_player/export/music_player/hw/design_1_wrapper.xsa is already opened

01:47:16 INFO  : Connected to target on host '127.0.0.1' and port '3121'.
01:47:16 INFO  : Jtag cable 'Digilent Zybo Z7 210351B3FC8DA' is selected.
01:47:16 INFO  : 'jtag frequency' command is executed.
01:47:16 INFO  : Context for 'APU' is selected.
01:47:16 INFO  : System reset is completed.
01:47:19 INFO  : 'after 3000' command is executed.
01:47:19 INFO  : 'targets -set -filter {jtag_cable_name =~ "Digilent Zybo Z7 210351B3FC8DA" && level==0 && jtag_device_ctx=="jsn-Zybo Z7-210351B3FC8DA-13722093-0"}' command is executed.
01:47:21 INFO  : FPGA configured successfully with bitstream "D:/proyectosep2/IEE2463-SEP-Proyecto-2-Z8/music_player/vitis/music_player_sw/_ide/bitstream/design_1_wrapper.bit"
01:47:21 INFO  : Context for 'APU' is selected.
01:47:21 INFO  : Hardware design and registers information is loaded from 'D:/proyectosep2/IEE2463-SEP-Proyecto-2-Z8/music_player/vitis/music_player/export/music_player/hw/design_1_wrapper.xsa'.
01:47:21 INFO  : 'configparams force-mem-access 1' command is executed.
01:47:21 INFO  : Context for 'APU' is selected.
01:47:21 INFO  : Sourcing of 'D:/proyectosep2/IEE2463-SEP-Proyecto-2-Z8/music_player/vitis/music_player_sw/_ide/psinit/ps7_init.tcl' is done.
01:47:21 INFO  : 'ps7_init' command is executed.
01:47:21 INFO  : 'ps7_post_config' command is executed.
01:47:21 INFO  : Context for processor 'ps7_cortexa9_0' is selected.
01:47:21 INFO  : The application 'D:/proyectosep2/IEE2463-SEP-Proyecto-2-Z8/music_player/vitis/music_player_sw/Debug/music_player_sw.elf' is downloaded to processor 'ps7_cortexa9_0'.
01:47:21 INFO  : 'configparams force-mem-access 0' command is executed.
01:47:21 INFO  : ----------------XSDB Script----------------
connect -url tcp:127.0.0.1:3121
targets -set -nocase -filter {name =~"APU*"}
rst -system
after 3000
targets -set -filter {jtag_cable_name =~ "Digilent Zybo Z7 210351B3FC8DA" && level==0 && jtag_device_ctx=="jsn-Zybo Z7-210351B3FC8DA-13722093-0"}
fpga -file D:/proyectosep2/IEE2463-SEP-Proyecto-2-Z8/music_player/vitis/music_player_sw/_ide/bitstream/design_1_wrapper.bit
targets -set -nocase -filter {name =~"APU*"}
loadhw -hw D:/proyectosep2/IEE2463-SEP-Proyecto-2-Z8/music_player/vitis/music_player/export/music_player/hw/design_1_wrapper.xsa -mem-ranges [list {0x40000000 0xbfffffff}] -regs
configparams force-mem-access 1
targets -set -nocase -filter {name =~"APU*"}
source D:/proyectosep2/IEE2463-SEP-Proyecto-2-Z8/music_player/vitis/music_player_sw/_ide/psinit/ps7_init.tcl
ps7_init
ps7_post_config
targets -set -nocase -filter {name =~ "*A9*#0"}
dow D:/proyectosep2/IEE2463-SEP-Proyecto-2-Z8/music_player/vitis/music_player_sw/Debug/music_player_sw.elf
configparams force-mem-access 0
----------------End of Script----------------

01:47:21 INFO  : Context for processor 'ps7_cortexa9_0' is selected.
01:47:21 INFO  : 'con' command is executed.
01:47:21 INFO  : ----------------XSDB Script (After Launch)----------------
targets -set -nocase -filter {name =~ "*A9*#0"}
con
----------------End of Script----------------

01:47:21 INFO  : Launch script is exported to file 'D:\proyectosep2\IEE2463-SEP-Proyecto-2-Z8\music_player\vitis\.sdk\launch_scripts\single_application_debug\systemdebugger_music_player_sw_system_standalone.tcl'
02:00:21 INFO  : Checking for BSP changes to sync application flags for project 'music_player_sw'...
02:00:23 ERROR : (XSDB Server)ERROR: [Hsi 55-1571] The design file D:/proyectosep2/IEE2463-SEP-Proyecto-2-Z8/music_player/vitis/music_player/export/music_player/hw/design_1_wrapper.xsa is already opened

02:00:29 INFO  : Disconnected from the channel tcfchan#2.
02:00:29 INFO  : Connected to target on host '127.0.0.1' and port '3121'.
02:00:30 INFO  : Jtag cable 'Digilent Zybo Z7 210351B3FC8DA' is selected.
02:00:30 INFO  : 'jtag frequency' command is executed.
02:00:30 INFO  : Context for 'APU' is selected.
02:00:30 INFO  : System reset is completed.
02:00:33 INFO  : 'after 3000' command is executed.
02:00:33 INFO  : 'targets -set -filter {jtag_cable_name =~ "Digilent Zybo Z7 210351B3FC8DA" && level==0 && jtag_device_ctx=="jsn-Zybo Z7-210351B3FC8DA-13722093-0"}' command is executed.
02:00:34 INFO  : FPGA configured successfully with bitstream "D:/proyectosep2/IEE2463-SEP-Proyecto-2-Z8/music_player/vitis/music_player_sw/_ide/bitstream/design_1_wrapper.bit"
02:00:34 INFO  : Context for 'APU' is selected.
02:00:36 INFO  : Hardware design and registers information is loaded from 'D:/proyectosep2/IEE2463-SEP-Proyecto-2-Z8/music_player/vitis/music_player/export/music_player/hw/design_1_wrapper.xsa'.
02:00:36 INFO  : 'configparams force-mem-access 1' command is executed.
02:00:36 INFO  : Context for 'APU' is selected.
02:00:36 INFO  : Sourcing of 'D:/proyectosep2/IEE2463-SEP-Proyecto-2-Z8/music_player/vitis/music_player_sw/_ide/psinit/ps7_init.tcl' is done.
02:00:36 INFO  : 'ps7_init' command is executed.
02:00:36 INFO  : 'ps7_post_config' command is executed.
02:00:36 INFO  : Context for processor 'ps7_cortexa9_0' is selected.
02:00:37 INFO  : The application 'D:/proyectosep2/IEE2463-SEP-Proyecto-2-Z8/music_player/vitis/music_player_sw/Debug/music_player_sw.elf' is downloaded to processor 'ps7_cortexa9_0'.
02:00:37 INFO  : 'configparams force-mem-access 0' command is executed.
02:00:37 INFO  : ----------------XSDB Script----------------
connect -url tcp:127.0.0.1:3121
targets -set -nocase -filter {name =~"APU*"}
rst -system
after 3000
targets -set -filter {jtag_cable_name =~ "Digilent Zybo Z7 210351B3FC8DA" && level==0 && jtag_device_ctx=="jsn-Zybo Z7-210351B3FC8DA-13722093-0"}
fpga -file D:/proyectosep2/IEE2463-SEP-Proyecto-2-Z8/music_player/vitis/music_player_sw/_ide/bitstream/design_1_wrapper.bit
targets -set -nocase -filter {name =~"APU*"}
loadhw -hw D:/proyectosep2/IEE2463-SEP-Proyecto-2-Z8/music_player/vitis/music_player/export/music_player/hw/design_1_wrapper.xsa -mem-ranges [list {0x40000000 0xbfffffff}] -regs
configparams force-mem-access 1
targets -set -nocase -filter {name =~"APU*"}
source D:/proyectosep2/IEE2463-SEP-Proyecto-2-Z8/music_player/vitis/music_player_sw/_ide/psinit/ps7_init.tcl
ps7_init
ps7_post_config
targets -set -nocase -filter {name =~ "*A9*#0"}
dow D:/proyectosep2/IEE2463-SEP-Proyecto-2-Z8/music_player/vitis/music_player_sw/Debug/music_player_sw.elf
configparams force-mem-access 0
----------------End of Script----------------

02:00:37 INFO  : Context for processor 'ps7_cortexa9_0' is selected.
02:00:37 INFO  : 'con' command is executed.
02:00:37 INFO  : ----------------XSDB Script (After Launch)----------------
targets -set -nocase -filter {name =~ "*A9*#0"}
con
----------------End of Script----------------

02:00:37 INFO  : Launch script is exported to file 'D:\proyectosep2\IEE2463-SEP-Proyecto-2-Z8\music_player\vitis\.sdk\launch_scripts\single_application_debug\systemdebugger_music_player_sw_system_standalone.tcl'
02:08:06 INFO  : Checking for BSP changes to sync application flags for project 'music_player_sw'...
02:08:08 ERROR : (XSDB Server)ERROR: [Hsi 55-1571] The design file D:/proyectosep2/IEE2463-SEP-Proyecto-2-Z8/music_player/vitis/music_player/export/music_player/hw/design_1_wrapper.xsa is already opened

02:08:27 INFO  : Checking for BSP changes to sync application flags for project 'music_player_sw'...
02:08:29 ERROR : (XSDB Server)ERROR: [Hsi 55-1571] The design file D:/proyectosep2/IEE2463-SEP-Proyecto-2-Z8/music_player/vitis/music_player/export/music_player/hw/design_1_wrapper.xsa is already opened

02:08:47 INFO  : Checking for BSP changes to sync application flags for project 'music_player_sw'...
02:08:49 ERROR : (XSDB Server)ERROR: [Hsi 55-1571] The design file D:/proyectosep2/IEE2463-SEP-Proyecto-2-Z8/music_player/vitis/music_player/export/music_player/hw/design_1_wrapper.xsa is already opened

02:10:06 INFO  : Checking for BSP changes to sync application flags for project 'music_player_sw'...
02:10:08 ERROR : (XSDB Server)ERROR: [Hsi 55-1571] The design file D:/proyectosep2/IEE2463-SEP-Proyecto-2-Z8/music_player/vitis/music_player/export/music_player/hw/design_1_wrapper.xsa is already opened

02:10:24 INFO  : Disconnected from the channel tcfchan#4.
02:10:25 INFO  : Connected to target on host '127.0.0.1' and port '3121'.
02:10:25 INFO  : Jtag cable 'Digilent Zybo Z7 210351B3FC8DA' is selected.
02:10:25 INFO  : 'jtag frequency' command is executed.
02:10:25 INFO  : Context for 'APU' is selected.
02:10:25 INFO  : System reset is completed.
02:10:28 INFO  : 'after 3000' command is executed.
02:10:28 INFO  : 'targets -set -filter {jtag_cable_name =~ "Digilent Zybo Z7 210351B3FC8DA" && level==0 && jtag_device_ctx=="jsn-Zybo Z7-210351B3FC8DA-13722093-0"}' command is executed.
02:10:29 INFO  : FPGA configured successfully with bitstream "D:/proyectosep2/IEE2463-SEP-Proyecto-2-Z8/music_player/vitis/music_player_sw/_ide/bitstream/design_1_wrapper.bit"
02:10:29 INFO  : Context for 'APU' is selected.
02:10:31 INFO  : Hardware design and registers information is loaded from 'D:/proyectosep2/IEE2463-SEP-Proyecto-2-Z8/music_player/vitis/music_player/export/music_player/hw/design_1_wrapper.xsa'.
02:10:31 INFO  : 'configparams force-mem-access 1' command is executed.
02:10:31 INFO  : Context for 'APU' is selected.
02:10:31 INFO  : Sourcing of 'D:/proyectosep2/IEE2463-SEP-Proyecto-2-Z8/music_player/vitis/music_player_sw/_ide/psinit/ps7_init.tcl' is done.
02:10:31 INFO  : 'ps7_init' command is executed.
02:10:31 INFO  : 'ps7_post_config' command is executed.
02:10:31 INFO  : Context for processor 'ps7_cortexa9_0' is selected.
02:10:32 INFO  : The application 'D:/proyectosep2/IEE2463-SEP-Proyecto-2-Z8/music_player/vitis/music_player_sw/Debug/music_player_sw.elf' is downloaded to processor 'ps7_cortexa9_0'.
02:10:32 INFO  : 'configparams force-mem-access 0' command is executed.
02:10:32 INFO  : ----------------XSDB Script----------------
connect -url tcp:127.0.0.1:3121
targets -set -nocase -filter {name =~"APU*"}
rst -system
after 3000
targets -set -filter {jtag_cable_name =~ "Digilent Zybo Z7 210351B3FC8DA" && level==0 && jtag_device_ctx=="jsn-Zybo Z7-210351B3FC8DA-13722093-0"}
fpga -file D:/proyectosep2/IEE2463-SEP-Proyecto-2-Z8/music_player/vitis/music_player_sw/_ide/bitstream/design_1_wrapper.bit
targets -set -nocase -filter {name =~"APU*"}
loadhw -hw D:/proyectosep2/IEE2463-SEP-Proyecto-2-Z8/music_player/vitis/music_player/export/music_player/hw/design_1_wrapper.xsa -mem-ranges [list {0x40000000 0xbfffffff}] -regs
configparams force-mem-access 1
targets -set -nocase -filter {name =~"APU*"}
source D:/proyectosep2/IEE2463-SEP-Proyecto-2-Z8/music_player/vitis/music_player_sw/_ide/psinit/ps7_init.tcl
ps7_init
ps7_post_config
targets -set -nocase -filter {name =~ "*A9*#0"}
dow D:/proyectosep2/IEE2463-SEP-Proyecto-2-Z8/music_player/vitis/music_player_sw/Debug/music_player_sw.elf
configparams force-mem-access 0
----------------End of Script----------------

02:10:32 INFO  : Context for processor 'ps7_cortexa9_0' is selected.
02:10:32 INFO  : 'con' command is executed.
02:10:32 INFO  : ----------------XSDB Script (After Launch)----------------
targets -set -nocase -filter {name =~ "*A9*#0"}
con
----------------End of Script----------------

02:10:32 INFO  : Launch script is exported to file 'D:\proyectosep2\IEE2463-SEP-Proyecto-2-Z8\music_player\vitis\.sdk\launch_scripts\single_application_debug\systemdebugger_music_player_sw_system_standalone.tcl'
02:10:48 INFO  : Disconnected from the channel tcfchan#9.
02:10:48 INFO  : Connected to target on host '127.0.0.1' and port '3121'.
02:10:48 INFO  : Jtag cable 'Digilent Zybo Z7 210351B3FC8DA' is selected.
02:10:48 INFO  : 'jtag frequency' command is executed.
02:10:48 INFO  : Context for 'APU' is selected.
02:10:48 INFO  : System reset is completed.
02:10:51 INFO  : 'after 3000' command is executed.
02:10:51 INFO  : 'targets -set -filter {jtag_cable_name =~ "Digilent Zybo Z7 210351B3FC8DA" && level==0 && jtag_device_ctx=="jsn-Zybo Z7-210351B3FC8DA-13722093-0"}' command is executed.
02:10:52 INFO  : FPGA configured successfully with bitstream "D:/proyectosep2/IEE2463-SEP-Proyecto-2-Z8/music_player/vitis/music_player_sw/_ide/bitstream/design_1_wrapper.bit"
02:10:52 INFO  : Context for 'APU' is selected.
02:10:54 INFO  : Hardware design and registers information is loaded from 'D:/proyectosep2/IEE2463-SEP-Proyecto-2-Z8/music_player/vitis/music_player/export/music_player/hw/design_1_wrapper.xsa'.
02:10:54 INFO  : 'configparams force-mem-access 1' command is executed.
02:10:54 INFO  : Context for 'APU' is selected.
02:10:54 INFO  : Sourcing of 'D:/proyectosep2/IEE2463-SEP-Proyecto-2-Z8/music_player/vitis/music_player_sw/_ide/psinit/ps7_init.tcl' is done.
02:10:55 INFO  : 'ps7_init' command is executed.
02:10:55 INFO  : 'ps7_post_config' command is executed.
02:10:55 INFO  : Context for processor 'ps7_cortexa9_0' is selected.
02:10:55 INFO  : The application 'D:/proyectosep2/IEE2463-SEP-Proyecto-2-Z8/music_player/vitis/music_player_sw/Debug/music_player_sw.elf' is downloaded to processor 'ps7_cortexa9_0'.
02:10:55 INFO  : 'configparams force-mem-access 0' command is executed.
02:10:55 INFO  : ----------------XSDB Script----------------
connect -url tcp:127.0.0.1:3121
targets -set -nocase -filter {name =~"APU*"}
rst -system
after 3000
targets -set -filter {jtag_cable_name =~ "Digilent Zybo Z7 210351B3FC8DA" && level==0 && jtag_device_ctx=="jsn-Zybo Z7-210351B3FC8DA-13722093-0"}
fpga -file D:/proyectosep2/IEE2463-SEP-Proyecto-2-Z8/music_player/vitis/music_player_sw/_ide/bitstream/design_1_wrapper.bit
targets -set -nocase -filter {name =~"APU*"}
loadhw -hw D:/proyectosep2/IEE2463-SEP-Proyecto-2-Z8/music_player/vitis/music_player/export/music_player/hw/design_1_wrapper.xsa -mem-ranges [list {0x40000000 0xbfffffff}] -regs
configparams force-mem-access 1
targets -set -nocase -filter {name =~"APU*"}
source D:/proyectosep2/IEE2463-SEP-Proyecto-2-Z8/music_player/vitis/music_player_sw/_ide/psinit/ps7_init.tcl
ps7_init
ps7_post_config
targets -set -nocase -filter {name =~ "*A9*#0"}
dow D:/proyectosep2/IEE2463-SEP-Proyecto-2-Z8/music_player/vitis/music_player_sw/Debug/music_player_sw.elf
configparams force-mem-access 0
----------------End of Script----------------

02:10:55 INFO  : Context for processor 'ps7_cortexa9_0' is selected.
02:10:55 INFO  : 'con' command is executed.
02:10:55 INFO  : ----------------XSDB Script (After Launch)----------------
targets -set -nocase -filter {name =~ "*A9*#0"}
con
----------------End of Script----------------

02:10:55 INFO  : Launch script is exported to file 'D:\proyectosep2\IEE2463-SEP-Proyecto-2-Z8\music_player\vitis\.sdk\launch_scripts\single_application_debug\systemdebugger_music_player_sw_system_standalone.tcl'
02:11:16 INFO  : Disconnected from the channel tcfchan#10.
02:11:16 INFO  : Connected to target on host '127.0.0.1' and port '3121'.
02:11:16 INFO  : Jtag cable 'Digilent Zybo Z7 210351B3FC8DA' is selected.
02:11:16 INFO  : 'jtag frequency' command is executed.
02:11:17 INFO  : Context for 'APU' is selected.
02:11:17 INFO  : System reset is completed.
02:11:20 INFO  : 'after 3000' command is executed.
02:11:20 INFO  : 'targets -set -filter {jtag_cable_name =~ "Digilent Zybo Z7 210351B3FC8DA" && level==0 && jtag_device_ctx=="jsn-Zybo Z7-210351B3FC8DA-13722093-0"}' command is executed.
02:11:21 INFO  : FPGA configured successfully with bitstream "D:/proyectosep2/IEE2463-SEP-Proyecto-2-Z8/music_player/vitis/music_player_sw/_ide/bitstream/design_1_wrapper.bit"
02:11:21 INFO  : Context for 'APU' is selected.
02:11:23 INFO  : Hardware design and registers information is loaded from 'D:/proyectosep2/IEE2463-SEP-Proyecto-2-Z8/music_player/vitis/music_player/export/music_player/hw/design_1_wrapper.xsa'.
02:11:23 INFO  : 'configparams force-mem-access 1' command is executed.
02:11:24 INFO  : Context for 'APU' is selected.
02:11:24 INFO  : Sourcing of 'D:/proyectosep2/IEE2463-SEP-Proyecto-2-Z8/music_player/vitis/music_player_sw/_ide/psinit/ps7_init.tcl' is done.
02:11:24 INFO  : 'ps7_init' command is executed.
02:11:24 INFO  : 'ps7_post_config' command is executed.
02:11:24 INFO  : Context for processor 'ps7_cortexa9_0' is selected.
02:11:24 INFO  : The application 'D:/proyectosep2/IEE2463-SEP-Proyecto-2-Z8/music_player/vitis/music_player_sw/Debug/music_player_sw.elf' is downloaded to processor 'ps7_cortexa9_0'.
02:11:24 INFO  : 'configparams force-mem-access 0' command is executed.
02:11:24 INFO  : ----------------XSDB Script----------------
connect -url tcp:127.0.0.1:3121
targets -set -nocase -filter {name =~"APU*"}
rst -system
after 3000
targets -set -filter {jtag_cable_name =~ "Digilent Zybo Z7 210351B3FC8DA" && level==0 && jtag_device_ctx=="jsn-Zybo Z7-210351B3FC8DA-13722093-0"}
fpga -file D:/proyectosep2/IEE2463-SEP-Proyecto-2-Z8/music_player/vitis/music_player_sw/_ide/bitstream/design_1_wrapper.bit
targets -set -nocase -filter {name =~"APU*"}
loadhw -hw D:/proyectosep2/IEE2463-SEP-Proyecto-2-Z8/music_player/vitis/music_player/export/music_player/hw/design_1_wrapper.xsa -mem-ranges [list {0x40000000 0xbfffffff}] -regs
configparams force-mem-access 1
targets -set -nocase -filter {name =~"APU*"}
source D:/proyectosep2/IEE2463-SEP-Proyecto-2-Z8/music_player/vitis/music_player_sw/_ide/psinit/ps7_init.tcl
ps7_init
ps7_post_config
targets -set -nocase -filter {name =~ "*A9*#0"}
dow D:/proyectosep2/IEE2463-SEP-Proyecto-2-Z8/music_player/vitis/music_player_sw/Debug/music_player_sw.elf
configparams force-mem-access 0
----------------End of Script----------------

02:11:24 INFO  : Context for processor 'ps7_cortexa9_0' is selected.
02:11:24 INFO  : 'con' command is executed.
02:11:24 INFO  : ----------------XSDB Script (After Launch)----------------
targets -set -nocase -filter {name =~ "*A9*#0"}
con
----------------End of Script----------------

02:11:24 INFO  : Launch script is exported to file 'D:\proyectosep2\IEE2463-SEP-Proyecto-2-Z8\music_player\vitis\.sdk\launch_scripts\single_application_debug\systemdebugger_music_player_sw_system_standalone.tcl'
02:12:15 INFO  : Disconnected from the channel tcfchan#11.
02:12:15 INFO  : Connected to target on host '127.0.0.1' and port '3121'.
02:12:16 INFO  : Jtag cable 'Digilent Zybo Z7 210351B3FC8DA' is selected.
02:12:16 INFO  : 'jtag frequency' command is executed.
02:12:16 INFO  : Context for 'APU' is selected.
02:12:16 INFO  : System reset is completed.
02:12:19 INFO  : 'after 3000' command is executed.
02:12:19 INFO  : 'targets -set -filter {jtag_cable_name =~ "Digilent Zybo Z7 210351B3FC8DA" && level==0 && jtag_device_ctx=="jsn-Zybo Z7-210351B3FC8DA-13722093-0"}' command is executed.
02:12:20 INFO  : FPGA configured successfully with bitstream "D:/proyectosep2/IEE2463-SEP-Proyecto-2-Z8/music_player/vitis/music_player_sw/_ide/bitstream/design_1_wrapper.bit"
02:12:20 INFO  : Context for 'APU' is selected.
02:12:22 INFO  : Hardware design and registers information is loaded from 'D:/proyectosep2/IEE2463-SEP-Proyecto-2-Z8/music_player/vitis/music_player/export/music_player/hw/design_1_wrapper.xsa'.
02:12:22 INFO  : 'configparams force-mem-access 1' command is executed.
02:12:22 INFO  : Context for 'APU' is selected.
02:12:22 INFO  : Sourcing of 'D:/proyectosep2/IEE2463-SEP-Proyecto-2-Z8/music_player/vitis/music_player_sw/_ide/psinit/ps7_init.tcl' is done.
02:12:22 INFO  : 'ps7_init' command is executed.
02:12:22 INFO  : 'ps7_post_config' command is executed.
02:12:22 INFO  : Context for processor 'ps7_cortexa9_0' is selected.
02:12:22 INFO  : The application 'D:/proyectosep2/IEE2463-SEP-Proyecto-2-Z8/music_player/vitis/music_player_sw/Debug/music_player_sw.elf' is downloaded to processor 'ps7_cortexa9_0'.
02:12:22 INFO  : 'configparams force-mem-access 0' command is executed.
02:12:22 INFO  : ----------------XSDB Script----------------
connect -url tcp:127.0.0.1:3121
targets -set -nocase -filter {name =~"APU*"}
rst -system
after 3000
targets -set -filter {jtag_cable_name =~ "Digilent Zybo Z7 210351B3FC8DA" && level==0 && jtag_device_ctx=="jsn-Zybo Z7-210351B3FC8DA-13722093-0"}
fpga -file D:/proyectosep2/IEE2463-SEP-Proyecto-2-Z8/music_player/vitis/music_player_sw/_ide/bitstream/design_1_wrapper.bit
targets -set -nocase -filter {name =~"APU*"}
loadhw -hw D:/proyectosep2/IEE2463-SEP-Proyecto-2-Z8/music_player/vitis/music_player/export/music_player/hw/design_1_wrapper.xsa -mem-ranges [list {0x40000000 0xbfffffff}] -regs
configparams force-mem-access 1
targets -set -nocase -filter {name =~"APU*"}
source D:/proyectosep2/IEE2463-SEP-Proyecto-2-Z8/music_player/vitis/music_player_sw/_ide/psinit/ps7_init.tcl
ps7_init
ps7_post_config
targets -set -nocase -filter {name =~ "*A9*#0"}
dow D:/proyectosep2/IEE2463-SEP-Proyecto-2-Z8/music_player/vitis/music_player_sw/Debug/music_player_sw.elf
configparams force-mem-access 0
----------------End of Script----------------

02:12:22 INFO  : Context for processor 'ps7_cortexa9_0' is selected.
02:12:23 INFO  : 'con' command is executed.
02:12:23 INFO  : ----------------XSDB Script (After Launch)----------------
targets -set -nocase -filter {name =~ "*A9*#0"}
con
----------------End of Script----------------

02:12:23 INFO  : Launch script is exported to file 'D:\proyectosep2\IEE2463-SEP-Proyecto-2-Z8\music_player\vitis\.sdk\launch_scripts\single_application_debug\systemdebugger_music_player_sw_system_standalone.tcl'
02:13:04 INFO  : Disconnected from the channel tcfchan#12.
02:13:04 INFO  : Connected to target on host '127.0.0.1' and port '3121'.
02:13:04 INFO  : Jtag cable 'Digilent Zybo Z7 210351B3FC8DA' is selected.
02:13:04 INFO  : 'jtag frequency' command is executed.
02:13:04 INFO  : Context for 'APU' is selected.
02:13:04 INFO  : System reset is completed.
02:13:07 INFO  : 'after 3000' command is executed.
02:13:08 INFO  : 'targets -set -filter {jtag_cable_name =~ "Digilent Zybo Z7 210351B3FC8DA" && level==0 && jtag_device_ctx=="jsn-Zybo Z7-210351B3FC8DA-13722093-0"}' command is executed.
02:13:09 INFO  : FPGA configured successfully with bitstream "D:/proyectosep2/IEE2463-SEP-Proyecto-2-Z8/music_player/vitis/music_player_sw/_ide/bitstream/design_1_wrapper.bit"
02:13:09 INFO  : Context for 'APU' is selected.
02:13:11 INFO  : Hardware design and registers information is loaded from 'D:/proyectosep2/IEE2463-SEP-Proyecto-2-Z8/music_player/vitis/music_player/export/music_player/hw/design_1_wrapper.xsa'.
02:13:11 INFO  : 'configparams force-mem-access 1' command is executed.
02:13:11 INFO  : Context for 'APU' is selected.
02:13:11 INFO  : Sourcing of 'D:/proyectosep2/IEE2463-SEP-Proyecto-2-Z8/music_player/vitis/music_player_sw/_ide/psinit/ps7_init.tcl' is done.
02:13:11 INFO  : 'ps7_init' command is executed.
02:13:11 INFO  : 'ps7_post_config' command is executed.
02:13:11 INFO  : Context for processor 'ps7_cortexa9_0' is selected.
02:13:11 INFO  : The application 'D:/proyectosep2/IEE2463-SEP-Proyecto-2-Z8/music_player/vitis/music_player_sw/Debug/music_player_sw.elf' is downloaded to processor 'ps7_cortexa9_0'.
02:13:11 INFO  : 'configparams force-mem-access 0' command is executed.
02:13:11 INFO  : ----------------XSDB Script----------------
connect -url tcp:127.0.0.1:3121
targets -set -nocase -filter {name =~"APU*"}
rst -system
after 3000
targets -set -filter {jtag_cable_name =~ "Digilent Zybo Z7 210351B3FC8DA" && level==0 && jtag_device_ctx=="jsn-Zybo Z7-210351B3FC8DA-13722093-0"}
fpga -file D:/proyectosep2/IEE2463-SEP-Proyecto-2-Z8/music_player/vitis/music_player_sw/_ide/bitstream/design_1_wrapper.bit
targets -set -nocase -filter {name =~"APU*"}
loadhw -hw D:/proyectosep2/IEE2463-SEP-Proyecto-2-Z8/music_player/vitis/music_player/export/music_player/hw/design_1_wrapper.xsa -mem-ranges [list {0x40000000 0xbfffffff}] -regs
configparams force-mem-access 1
targets -set -nocase -filter {name =~"APU*"}
source D:/proyectosep2/IEE2463-SEP-Proyecto-2-Z8/music_player/vitis/music_player_sw/_ide/psinit/ps7_init.tcl
ps7_init
ps7_post_config
targets -set -nocase -filter {name =~ "*A9*#0"}
dow D:/proyectosep2/IEE2463-SEP-Proyecto-2-Z8/music_player/vitis/music_player_sw/Debug/music_player_sw.elf
configparams force-mem-access 0
----------------End of Script----------------

02:13:11 INFO  : Context for processor 'ps7_cortexa9_0' is selected.
02:13:11 INFO  : 'con' command is executed.
02:13:11 INFO  : ----------------XSDB Script (After Launch)----------------
targets -set -nocase -filter {name =~ "*A9*#0"}
con
----------------End of Script----------------

02:13:11 INFO  : Launch script is exported to file 'D:\proyectosep2\IEE2463-SEP-Proyecto-2-Z8\music_player\vitis\.sdk\launch_scripts\single_application_debug\systemdebugger_music_player_sw_system_standalone.tcl'
02:15:12 INFO  : Result from executing command 'getProjects': music_player
02:15:12 INFO  : Result from executing command 'getPlatforms': music_player|D:/proyectosep2/IEE2463-SEP-Proyecto-2-Z8/music_player/vitis/music_player/export/music_player/music_player.xpfm
02:15:12 INFO  : Checking for BSP changes to sync application flags for project 'music_player_sw'...
02:15:29 INFO  : Disconnected from the channel tcfchan#13.
02:15:29 INFO  : Connected to target on host '127.0.0.1' and port '3121'.
02:15:35 INFO  : Jtag cable 'Digilent Zybo Z7 210351B3FC8DA' is selected.
02:15:35 INFO  : 'jtag frequency' command is executed.
02:15:35 INFO  : Context for 'APU' is selected.
02:15:35 INFO  : System reset is completed.
02:15:38 INFO  : 'after 3000' command is executed.
02:15:38 INFO  : 'targets -set -filter {jtag_cable_name =~ "Digilent Zybo Z7 210351B3FC8DA" && level==0 && jtag_device_ctx=="jsn-Zybo Z7-210351B3FC8DA-13722093-0"}' command is executed.
02:15:39 INFO  : FPGA configured successfully with bitstream "D:/proyectosep2/IEE2463-SEP-Proyecto-2-Z8/music_player/vitis/music_player_sw/_ide/bitstream/design_1_wrapper.bit"
02:15:39 INFO  : Context for 'APU' is selected.
02:15:41 INFO  : Hardware design and registers information is loaded from 'D:/proyectosep2/IEE2463-SEP-Proyecto-2-Z8/music_player/vitis/music_player/export/music_player/hw/design_1_wrapper.xsa'.
02:15:41 INFO  : 'configparams force-mem-access 1' command is executed.
02:15:42 INFO  : Context for 'APU' is selected.
02:15:42 INFO  : Sourcing of 'D:/proyectosep2/IEE2463-SEP-Proyecto-2-Z8/music_player/vitis/music_player_sw/_ide/psinit/ps7_init.tcl' is done.
02:15:42 INFO  : 'ps7_init' command is executed.
02:15:42 INFO  : 'ps7_post_config' command is executed.
02:15:42 INFO  : Context for processor 'ps7_cortexa9_0' is selected.
02:15:42 INFO  : The application 'D:/proyectosep2/IEE2463-SEP-Proyecto-2-Z8/music_player/vitis/music_player_sw/Debug/music_player_sw.elf' is downloaded to processor 'ps7_cortexa9_0'.
02:15:42 INFO  : 'configparams force-mem-access 0' command is executed.
02:15:42 INFO  : ----------------XSDB Script----------------
connect -url tcp:127.0.0.1:3121
targets -set -nocase -filter {name =~"APU*"}
rst -system
after 3000
targets -set -filter {jtag_cable_name =~ "Digilent Zybo Z7 210351B3FC8DA" && level==0 && jtag_device_ctx=="jsn-Zybo Z7-210351B3FC8DA-13722093-0"}
fpga -file D:/proyectosep2/IEE2463-SEP-Proyecto-2-Z8/music_player/vitis/music_player_sw/_ide/bitstream/design_1_wrapper.bit
targets -set -nocase -filter {name =~"APU*"}
loadhw -hw D:/proyectosep2/IEE2463-SEP-Proyecto-2-Z8/music_player/vitis/music_player/export/music_player/hw/design_1_wrapper.xsa -mem-ranges [list {0x40000000 0xbfffffff}] -regs
configparams force-mem-access 1
targets -set -nocase -filter {name =~"APU*"}
source D:/proyectosep2/IEE2463-SEP-Proyecto-2-Z8/music_player/vitis/music_player_sw/_ide/psinit/ps7_init.tcl
ps7_init
ps7_post_config
targets -set -nocase -filter {name =~ "*A9*#0"}
dow D:/proyectosep2/IEE2463-SEP-Proyecto-2-Z8/music_player/vitis/music_player_sw/Debug/music_player_sw.elf
configparams force-mem-access 0
----------------End of Script----------------

02:15:42 INFO  : Context for processor 'ps7_cortexa9_0' is selected.
02:15:42 INFO  : 'con' command is executed.
02:15:42 INFO  : ----------------XSDB Script (After Launch)----------------
targets -set -nocase -filter {name =~ "*A9*#0"}
con
----------------End of Script----------------

02:15:42 INFO  : Launch script is exported to file 'D:\proyectosep2\IEE2463-SEP-Proyecto-2-Z8\music_player\vitis\.sdk\launch_scripts\single_application_debug\systemdebugger_music_player_sw_system_standalone.tcl'
02:16:15 INFO  : Disconnected from the channel tcfchan#18.
02:16:16 INFO  : Connected to target on host '127.0.0.1' and port '3121'.
02:16:16 INFO  : Jtag cable 'Digilent Zybo Z7 210351B3FC8DA' is selected.
02:16:16 INFO  : 'jtag frequency' command is executed.
02:16:16 INFO  : Context for 'APU' is selected.
02:16:16 INFO  : System reset is completed.
02:16:19 INFO  : 'after 3000' command is executed.
02:16:19 INFO  : 'targets -set -filter {jtag_cable_name =~ "Digilent Zybo Z7 210351B3FC8DA" && level==0 && jtag_device_ctx=="jsn-Zybo Z7-210351B3FC8DA-13722093-0"}' command is executed.
02:16:20 INFO  : FPGA configured successfully with bitstream "D:/proyectosep2/IEE2463-SEP-Proyecto-2-Z8/music_player/vitis/music_player_sw/_ide/bitstream/design_1_wrapper.bit"
02:16:20 INFO  : Context for 'APU' is selected.
02:16:20 INFO  : Hardware design and registers information is loaded from 'D:/proyectosep2/IEE2463-SEP-Proyecto-2-Z8/music_player/vitis/music_player/export/music_player/hw/design_1_wrapper.xsa'.
02:16:20 INFO  : 'configparams force-mem-access 1' command is executed.
02:16:20 INFO  : Context for 'APU' is selected.
02:16:20 INFO  : Sourcing of 'D:/proyectosep2/IEE2463-SEP-Proyecto-2-Z8/music_player/vitis/music_player_sw/_ide/psinit/ps7_init.tcl' is done.
02:16:20 INFO  : 'ps7_init' command is executed.
02:16:20 INFO  : 'ps7_post_config' command is executed.
02:16:20 INFO  : Context for processor 'ps7_cortexa9_0' is selected.
02:16:21 INFO  : The application 'D:/proyectosep2/IEE2463-SEP-Proyecto-2-Z8/music_player/vitis/music_player_sw/Debug/music_player_sw.elf' is downloaded to processor 'ps7_cortexa9_0'.
02:16:21 INFO  : 'configparams force-mem-access 0' command is executed.
02:16:21 INFO  : ----------------XSDB Script----------------
connect -url tcp:127.0.0.1:3121
targets -set -nocase -filter {name =~"APU*"}
rst -system
after 3000
targets -set -filter {jtag_cable_name =~ "Digilent Zybo Z7 210351B3FC8DA" && level==0 && jtag_device_ctx=="jsn-Zybo Z7-210351B3FC8DA-13722093-0"}
fpga -file D:/proyectosep2/IEE2463-SEP-Proyecto-2-Z8/music_player/vitis/music_player_sw/_ide/bitstream/design_1_wrapper.bit
targets -set -nocase -filter {name =~"APU*"}
loadhw -hw D:/proyectosep2/IEE2463-SEP-Proyecto-2-Z8/music_player/vitis/music_player/export/music_player/hw/design_1_wrapper.xsa -mem-ranges [list {0x40000000 0xbfffffff}] -regs
configparams force-mem-access 1
targets -set -nocase -filter {name =~"APU*"}
source D:/proyectosep2/IEE2463-SEP-Proyecto-2-Z8/music_player/vitis/music_player_sw/_ide/psinit/ps7_init.tcl
ps7_init
ps7_post_config
targets -set -nocase -filter {name =~ "*A9*#0"}
dow D:/proyectosep2/IEE2463-SEP-Proyecto-2-Z8/music_player/vitis/music_player_sw/Debug/music_player_sw.elf
configparams force-mem-access 0
----------------End of Script----------------

02:16:21 INFO  : Context for processor 'ps7_cortexa9_0' is selected.
02:16:21 INFO  : 'con' command is executed.
02:16:21 INFO  : ----------------XSDB Script (After Launch)----------------
targets -set -nocase -filter {name =~ "*A9*#0"}
con
----------------End of Script----------------

02:16:21 INFO  : Launch script is exported to file 'D:\proyectosep2\IEE2463-SEP-Proyecto-2-Z8\music_player\vitis\.sdk\launch_scripts\single_application_debug\debugger_music_player_sw-default.tcl'
02:16:58 INFO  : Disconnected from the channel tcfchan#19.
02:16:59 INFO  : Connected to target on host '127.0.0.1' and port '3121'.
02:17:17 INFO  : ----------------XSDB Script----------------
connect -url tcp:127.0.0.1:3121
----------------End of Script----------------

02:17:17 ERROR : Could not find ARM device on the board for connection 'Local'.
Check if the target is in:
1. Split JTAG - No operations are possible with ARM DAP.
2. Non JTAG bootmode - Bootrom may need time to enable DAP.
Please try again.


Troubleshooting hints:
1. Check whether board is connected to system properly.
2. In case of zynq board, check whether Digilent/Xilinx cable switch settings are correct.
3. If you are using Xilinx Platform Cable USB, ensure that status LED is green.
02:17:29 INFO  : Connected to target on host '127.0.0.1' and port '3121'.
02:17:29 INFO  : Jtag cable 'Digilent Zybo Z7 210351B3FC8DA' is selected.
02:17:29 INFO  : 'jtag frequency' command is executed.
02:17:29 INFO  : Context for 'APU' is selected.
02:17:29 INFO  : System reset is completed.
02:17:32 INFO  : 'after 3000' command is executed.
02:17:32 INFO  : 'targets -set -filter {jtag_cable_name =~ "Digilent Zybo Z7 210351B3FC8DA" && level==0 && jtag_device_ctx=="jsn-Zybo Z7-210351B3FC8DA-13722093-0"}' command is executed.
02:17:34 INFO  : FPGA configured successfully with bitstream "D:/proyectosep2/IEE2463-SEP-Proyecto-2-Z8/music_player/vitis/music_player_sw/_ide/bitstream/design_1_wrapper.bit"
02:17:34 INFO  : Context for 'APU' is selected.
02:17:34 INFO  : Hardware design and registers information is loaded from 'D:/proyectosep2/IEE2463-SEP-Proyecto-2-Z8/music_player/vitis/music_player/export/music_player/hw/design_1_wrapper.xsa'.
02:17:34 INFO  : 'configparams force-mem-access 1' command is executed.
02:17:34 INFO  : Context for 'APU' is selected.
02:17:34 INFO  : Sourcing of 'D:/proyectosep2/IEE2463-SEP-Proyecto-2-Z8/music_player/vitis/music_player_sw/_ide/psinit/ps7_init.tcl' is done.
02:17:34 INFO  : 'ps7_init' command is executed.
02:17:34 INFO  : 'ps7_post_config' command is executed.
02:17:34 INFO  : Context for processor 'ps7_cortexa9_0' is selected.
02:17:34 INFO  : The application 'D:/proyectosep2/IEE2463-SEP-Proyecto-2-Z8/music_player/vitis/music_player_sw/Debug/music_player_sw.elf' is downloaded to processor 'ps7_cortexa9_0'.
02:17:34 INFO  : 'configparams force-mem-access 0' command is executed.
02:17:34 INFO  : ----------------XSDB Script----------------
connect -url tcp:127.0.0.1:3121
targets -set -nocase -filter {name =~"APU*"}
rst -system
after 3000
targets -set -filter {jtag_cable_name =~ "Digilent Zybo Z7 210351B3FC8DA" && level==0 && jtag_device_ctx=="jsn-Zybo Z7-210351B3FC8DA-13722093-0"}
fpga -file D:/proyectosep2/IEE2463-SEP-Proyecto-2-Z8/music_player/vitis/music_player_sw/_ide/bitstream/design_1_wrapper.bit
targets -set -nocase -filter {name =~"APU*"}
loadhw -hw D:/proyectosep2/IEE2463-SEP-Proyecto-2-Z8/music_player/vitis/music_player/export/music_player/hw/design_1_wrapper.xsa -mem-ranges [list {0x40000000 0xbfffffff}] -regs
configparams force-mem-access 1
targets -set -nocase -filter {name =~"APU*"}
source D:/proyectosep2/IEE2463-SEP-Proyecto-2-Z8/music_player/vitis/music_player_sw/_ide/psinit/ps7_init.tcl
ps7_init
ps7_post_config
targets -set -nocase -filter {name =~ "*A9*#0"}
dow D:/proyectosep2/IEE2463-SEP-Proyecto-2-Z8/music_player/vitis/music_player_sw/Debug/music_player_sw.elf
configparams force-mem-access 0
----------------End of Script----------------

02:17:34 INFO  : Context for processor 'ps7_cortexa9_0' is selected.
02:17:34 INFO  : 'con' command is executed.
02:17:34 INFO  : ----------------XSDB Script (After Launch)----------------
targets -set -nocase -filter {name =~ "*A9*#0"}
con
----------------End of Script----------------

02:17:34 INFO  : Launch script is exported to file 'D:\proyectosep2\IEE2463-SEP-Proyecto-2-Z8\music_player\vitis\.sdk\launch_scripts\single_application_debug\systemdebugger_music_player_sw_system_standalone.tcl'
02:17:49 INFO  : Disconnected from the channel tcfchan#20.
02:17:49 INFO  : Connected to target on host '127.0.0.1' and port '3121'.
02:17:49 INFO  : Jtag cable 'Digilent Zybo Z7 210351B3FC8DA' is selected.
02:17:49 INFO  : 'jtag frequency' command is executed.
02:17:49 INFO  : Context for 'APU' is selected.
02:17:49 INFO  : System reset is completed.
02:17:52 INFO  : 'after 3000' command is executed.
02:17:52 INFO  : 'targets -set -filter {jtag_cable_name =~ "Digilent Zybo Z7 210351B3FC8DA" && level==0 && jtag_device_ctx=="jsn-Zybo Z7-210351B3FC8DA-13722093-0"}' command is executed.
02:17:54 INFO  : FPGA configured successfully with bitstream "D:/proyectosep2/IEE2463-SEP-Proyecto-2-Z8/music_player/vitis/music_player_sw/_ide/bitstream/design_1_wrapper.bit"
02:17:54 INFO  : Context for 'APU' is selected.
02:17:54 INFO  : Hardware design and registers information is loaded from 'D:/proyectosep2/IEE2463-SEP-Proyecto-2-Z8/music_player/vitis/music_player/export/music_player/hw/design_1_wrapper.xsa'.
02:17:54 INFO  : 'configparams force-mem-access 1' command is executed.
02:17:54 INFO  : Context for 'APU' is selected.
02:17:54 INFO  : Sourcing of 'D:/proyectosep2/IEE2463-SEP-Proyecto-2-Z8/music_player/vitis/music_player_sw/_ide/psinit/ps7_init.tcl' is done.
02:17:54 INFO  : 'ps7_init' command is executed.
02:17:54 INFO  : 'ps7_post_config' command is executed.
02:17:54 INFO  : Context for processor 'ps7_cortexa9_0' is selected.
02:17:54 INFO  : The application 'D:/proyectosep2/IEE2463-SEP-Proyecto-2-Z8/music_player/vitis/music_player_sw/Debug/music_player_sw.elf' is downloaded to processor 'ps7_cortexa9_0'.
02:17:54 INFO  : 'configparams force-mem-access 0' command is executed.
02:17:54 INFO  : ----------------XSDB Script----------------
connect -url tcp:127.0.0.1:3121
targets -set -nocase -filter {name =~"APU*"}
rst -system
after 3000
targets -set -filter {jtag_cable_name =~ "Digilent Zybo Z7 210351B3FC8DA" && level==0 && jtag_device_ctx=="jsn-Zybo Z7-210351B3FC8DA-13722093-0"}
fpga -file D:/proyectosep2/IEE2463-SEP-Proyecto-2-Z8/music_player/vitis/music_player_sw/_ide/bitstream/design_1_wrapper.bit
targets -set -nocase -filter {name =~"APU*"}
loadhw -hw D:/proyectosep2/IEE2463-SEP-Proyecto-2-Z8/music_player/vitis/music_player/export/music_player/hw/design_1_wrapper.xsa -mem-ranges [list {0x40000000 0xbfffffff}] -regs
configparams force-mem-access 1
targets -set -nocase -filter {name =~"APU*"}
source D:/proyectosep2/IEE2463-SEP-Proyecto-2-Z8/music_player/vitis/music_player_sw/_ide/psinit/ps7_init.tcl
ps7_init
ps7_post_config
targets -set -nocase -filter {name =~ "*A9*#0"}
dow D:/proyectosep2/IEE2463-SEP-Proyecto-2-Z8/music_player/vitis/music_player_sw/Debug/music_player_sw.elf
configparams force-mem-access 0
----------------End of Script----------------

02:17:54 INFO  : Context for processor 'ps7_cortexa9_0' is selected.
02:17:54 INFO  : 'con' command is executed.
02:17:54 INFO  : ----------------XSDB Script (After Launch)----------------
targets -set -nocase -filter {name =~ "*A9*#0"}
con
----------------End of Script----------------

02:17:54 INFO  : Launch script is exported to file 'D:\proyectosep2\IEE2463-SEP-Proyecto-2-Z8\music_player\vitis\.sdk\launch_scripts\single_application_debug\systemdebugger_music_player_sw_system_standalone.tcl'
02:18:32 INFO  : Disconnected from the channel tcfchan#21.
02:18:32 INFO  : Connected to target on host '127.0.0.1' and port '3121'.
02:18:33 INFO  : Jtag cable 'Digilent Zybo Z7 210351B3FC8DA' is selected.
02:18:33 INFO  : 'jtag frequency' command is executed.
02:18:33 INFO  : Context for 'APU' is selected.
02:18:33 INFO  : System reset is completed.
02:18:36 INFO  : 'after 3000' command is executed.
02:18:36 INFO  : 'targets -set -filter {jtag_cable_name =~ "Digilent Zybo Z7 210351B3FC8DA" && level==0 && jtag_device_ctx=="jsn-Zybo Z7-210351B3FC8DA-13722093-0"}' command is executed.
02:18:37 INFO  : FPGA configured successfully with bitstream "D:/proyectosep2/IEE2463-SEP-Proyecto-2-Z8/music_player/vitis/music_player_sw/_ide/bitstream/design_1_wrapper.bit"
02:18:37 INFO  : Context for 'APU' is selected.
02:18:37 INFO  : Hardware design and registers information is loaded from 'D:/proyectosep2/IEE2463-SEP-Proyecto-2-Z8/music_player/vitis/music_player/export/music_player/hw/design_1_wrapper.xsa'.
02:18:37 INFO  : 'configparams force-mem-access 1' command is executed.
02:18:37 INFO  : Context for 'APU' is selected.
02:18:37 INFO  : Sourcing of 'D:/proyectosep2/IEE2463-SEP-Proyecto-2-Z8/music_player/vitis/music_player_sw/_ide/psinit/ps7_init.tcl' is done.
02:18:37 INFO  : 'ps7_init' command is executed.
02:18:37 INFO  : 'ps7_post_config' command is executed.
02:18:37 INFO  : Context for processor 'ps7_cortexa9_0' is selected.
02:18:37 INFO  : The application 'D:/proyectosep2/IEE2463-SEP-Proyecto-2-Z8/music_player/vitis/music_player_sw/Debug/music_player_sw.elf' is downloaded to processor 'ps7_cortexa9_0'.
02:18:38 INFO  : 'configparams force-mem-access 0' command is executed.
02:18:38 INFO  : ----------------XSDB Script----------------
connect -url tcp:127.0.0.1:3121
targets -set -nocase -filter {name =~"APU*"}
rst -system
after 3000
targets -set -filter {jtag_cable_name =~ "Digilent Zybo Z7 210351B3FC8DA" && level==0 && jtag_device_ctx=="jsn-Zybo Z7-210351B3FC8DA-13722093-0"}
fpga -file D:/proyectosep2/IEE2463-SEP-Proyecto-2-Z8/music_player/vitis/music_player_sw/_ide/bitstream/design_1_wrapper.bit
targets -set -nocase -filter {name =~"APU*"}
loadhw -hw D:/proyectosep2/IEE2463-SEP-Proyecto-2-Z8/music_player/vitis/music_player/export/music_player/hw/design_1_wrapper.xsa -mem-ranges [list {0x40000000 0xbfffffff}] -regs
configparams force-mem-access 1
targets -set -nocase -filter {name =~"APU*"}
source D:/proyectosep2/IEE2463-SEP-Proyecto-2-Z8/music_player/vitis/music_player_sw/_ide/psinit/ps7_init.tcl
ps7_init
ps7_post_config
targets -set -nocase -filter {name =~ "*A9*#0"}
dow D:/proyectosep2/IEE2463-SEP-Proyecto-2-Z8/music_player/vitis/music_player_sw/Debug/music_player_sw.elf
configparams force-mem-access 0
----------------End of Script----------------

02:18:38 INFO  : Context for processor 'ps7_cortexa9_0' is selected.
02:18:38 INFO  : 'con' command is executed.
02:18:38 INFO  : ----------------XSDB Script (After Launch)----------------
targets -set -nocase -filter {name =~ "*A9*#0"}
con
----------------End of Script----------------

02:18:38 INFO  : Launch script is exported to file 'D:\proyectosep2\IEE2463-SEP-Proyecto-2-Z8\music_player\vitis\.sdk\launch_scripts\single_application_debug\systemdebugger_music_player_sw_system_standalone.tcl'
02:19:01 INFO  : Build configuration of system project is automatically updated to 'Release'.
02:19:14 INFO  : Build configuration of system project is automatically updated to 'Debug'.
02:19:16 INFO  : Disconnected from the channel tcfchan#22.
02:19:30 INFO  : Connected to target on host '127.0.0.1' and port '3121'.
02:19:30 INFO  : Jtag cable 'Digilent Zybo Z7 210351B3FC8DA' is selected.
02:19:30 INFO  : 'jtag frequency' command is executed.
02:19:30 INFO  : Context for 'APU' is selected.
02:19:30 INFO  : System reset is completed.
02:19:33 INFO  : 'after 3000' command is executed.
02:19:33 INFO  : 'targets -set -filter {jtag_cable_name =~ "Digilent Zybo Z7 210351B3FC8DA" && level==0 && jtag_device_ctx=="jsn-Zybo Z7-210351B3FC8DA-13722093-0"}' command is executed.
02:19:34 INFO  : FPGA configured successfully with bitstream "D:/proyectosep2/IEE2463-SEP-Proyecto-2-Z8/music_player/vitis/music_player_sw/_ide/bitstream/design_1_wrapper.bit"
02:19:34 INFO  : Context for 'APU' is selected.
02:19:34 INFO  : Hardware design and registers information is loaded from 'D:/proyectosep2/IEE2463-SEP-Proyecto-2-Z8/music_player/vitis/music_player/export/music_player/hw/design_1_wrapper.xsa'.
02:19:34 INFO  : 'configparams force-mem-access 1' command is executed.
02:19:34 INFO  : Context for 'APU' is selected.
02:19:34 INFO  : Sourcing of 'D:/proyectosep2/IEE2463-SEP-Proyecto-2-Z8/music_player/vitis/music_player_sw/_ide/psinit/ps7_init.tcl' is done.
02:19:35 INFO  : 'ps7_init' command is executed.
02:19:35 INFO  : 'ps7_post_config' command is executed.
02:19:35 INFO  : 'configparams force-mem-access 0' command is executed.
02:19:35 INFO  : ----------------XSDB Script----------------
connect -url tcp:127.0.0.1:3121
targets -set -nocase -filter {name =~"APU*"}
rst -system
after 3000
targets -set -filter {jtag_cable_name =~ "Digilent Zybo Z7 210351B3FC8DA" && level==0 && jtag_device_ctx=="jsn-Zybo Z7-210351B3FC8DA-13722093-0"}
fpga -file D:/proyectosep2/IEE2463-SEP-Proyecto-2-Z8/music_player/vitis/music_player_sw/_ide/bitstream/design_1_wrapper.bit
targets -set -nocase -filter {name =~"APU*"}
loadhw -hw D:/proyectosep2/IEE2463-SEP-Proyecto-2-Z8/music_player/vitis/music_player/export/music_player/hw/design_1_wrapper.xsa -mem-ranges [list {0x40000000 0xbfffffff}] -regs
configparams force-mem-access 1
targets -set -nocase -filter {name =~"APU*"}
source D:/proyectosep2/IEE2463-SEP-Proyecto-2-Z8/music_player/vitis/music_player_sw/_ide/psinit/ps7_init.tcl
ps7_init
ps7_post_config
configparams force-mem-access 0
----------------End of Script----------------

02:19:35 INFO  : Launch script is exported to file 'D:\proyectosep2\IEE2463-SEP-Proyecto-2-Z8\music_player\vitis\.sdk\launch_scripts\single_application_debug\debugger_music_player_sw-default_1.tcl'
02:19:49 INFO  : Launch of emulator has been cancelled. Launch configuration will be terminated.
02:19:55 INFO  : Connected to target on host '127.0.0.1' and port '3121'.
02:19:55 INFO  : Jtag cable 'Digilent Zybo Z7 210351B3FC8DA' is selected.
02:19:55 INFO  : 'jtag frequency' command is executed.
02:19:55 INFO  : Context for 'APU' is selected.
02:19:55 INFO  : System reset is completed.
02:19:58 INFO  : 'after 3000' command is executed.
02:19:58 INFO  : 'targets -set -filter {jtag_cable_name =~ "Digilent Zybo Z7 210351B3FC8DA" && level==0 && jtag_device_ctx=="jsn-Zybo Z7-210351B3FC8DA-13722093-0"}' command is executed.
02:19:59 INFO  : FPGA configured successfully with bitstream "D:/proyectosep2/IEE2463-SEP-Proyecto-2-Z8/music_player/vitis/music_player_sw/_ide/bitstream/design_1_wrapper.bit"
02:19:59 INFO  : Context for 'APU' is selected.
02:19:59 INFO  : Hardware design and registers information is loaded from 'D:/proyectosep2/IEE2463-SEP-Proyecto-2-Z8/music_player/vitis/music_player/export/music_player/hw/design_1_wrapper.xsa'.
02:19:59 INFO  : 'configparams force-mem-access 1' command is executed.
02:19:59 INFO  : Context for 'APU' is selected.
02:19:59 INFO  : Sourcing of 'D:/proyectosep2/IEE2463-SEP-Proyecto-2-Z8/music_player/vitis/music_player_sw/_ide/psinit/ps7_init.tcl' is done.
02:19:59 INFO  : 'ps7_init' command is executed.
02:19:59 INFO  : 'ps7_post_config' command is executed.
02:20:00 INFO  : Context for processor 'ps7_cortexa9_0' is selected.
02:20:00 INFO  : The application 'D:/proyectosep2/IEE2463-SEP-Proyecto-2-Z8/music_player/vitis/music_player_sw/Debug/music_player_sw.elf' is downloaded to processor 'ps7_cortexa9_0'.
02:20:00 INFO  : 'configparams force-mem-access 0' command is executed.
02:20:00 INFO  : ----------------XSDB Script----------------
connect -url tcp:127.0.0.1:3121
targets -set -nocase -filter {name =~"APU*"}
rst -system
after 3000
targets -set -filter {jtag_cable_name =~ "Digilent Zybo Z7 210351B3FC8DA" && level==0 && jtag_device_ctx=="jsn-Zybo Z7-210351B3FC8DA-13722093-0"}
fpga -file D:/proyectosep2/IEE2463-SEP-Proyecto-2-Z8/music_player/vitis/music_player_sw/_ide/bitstream/design_1_wrapper.bit
targets -set -nocase -filter {name =~"APU*"}
loadhw -hw D:/proyectosep2/IEE2463-SEP-Proyecto-2-Z8/music_player/vitis/music_player/export/music_player/hw/design_1_wrapper.xsa -mem-ranges [list {0x40000000 0xbfffffff}] -regs
configparams force-mem-access 1
targets -set -nocase -filter {name =~"APU*"}
source D:/proyectosep2/IEE2463-SEP-Proyecto-2-Z8/music_player/vitis/music_player_sw/_ide/psinit/ps7_init.tcl
ps7_init
ps7_post_config
targets -set -nocase -filter {name =~ "*A9*#0"}
dow D:/proyectosep2/IEE2463-SEP-Proyecto-2-Z8/music_player/vitis/music_player_sw/Debug/music_player_sw.elf
configparams force-mem-access 0
----------------End of Script----------------

02:20:00 INFO  : Context for processor 'ps7_cortexa9_0' is selected.
02:20:00 INFO  : 'con' command is executed.
02:20:00 INFO  : ----------------XSDB Script (After Launch)----------------
targets -set -nocase -filter {name =~ "*A9*#0"}
con
----------------End of Script----------------

02:20:00 INFO  : Disconnected from the channel tcfchan#23.
02:20:17 WARN  : channel "tcfchan#23" closed
23:23:34 INFO  : Launching XSCT server: xsct.bat -n  -interactive D:\proyectosep2\IEE2463-SEP-Proyecto-2-Z8\music_player\vitis\temp_xsdb_launch_script.tcl
23:23:38 INFO  : XSCT server has started successfully.
23:23:38 INFO  : plnx-install-location is set to ''
23:23:38 INFO  : Successfully done setting XSCT server connection channel  
23:23:38 INFO  : Successfully done setting workspace for the tool. 
23:23:47 INFO  : Registering command handlers for Vitis TCF services
23:23:48 INFO  : Platform repository initialization has completed.
23:24:07 INFO  : Successfully done query RDI_DATADIR 
23:41:39 INFO  : Checking for BSP changes to sync application flags for project 'music_player_sw'...
23:41:47 ERROR : (XSDB Server)ERROR: [Hsi 55-1571] The design file D:/proyectosep2/IEE2463-SEP-Proyecto-2-Z8/music_player/vitis/music_player/export/music_player/hw/design_1_wrapper.xsa is already opened

23:42:33 INFO  : Checking for BSP changes to sync application flags for project 'music_player_sw'...
23:42:38 ERROR : (XSDB Server)ERROR: [Hsi 55-1571] The design file D:/proyectosep2/IEE2463-SEP-Proyecto-2-Z8/music_player/vitis/music_player/export/music_player/hw/design_1_wrapper.xsa is already opened

23:43:04 INFO  : Connected to target on host '127.0.0.1' and port '3121'.
23:43:05 INFO  : Jtag cable 'Digilent Zybo Z7 210351B3FC8DA' is selected.
23:43:05 INFO  : 'jtag frequency' command is executed.
23:43:05 INFO  : Context for 'APU' is selected.
23:43:05 INFO  : System reset is completed.
23:43:08 INFO  : 'after 3000' command is executed.
23:43:08 INFO  : 'targets -set -filter {jtag_cable_name =~ "Digilent Zybo Z7 210351B3FC8DA" && level==0 && jtag_device_ctx=="jsn-Zybo Z7-210351B3FC8DA-13722093-0"}' command is executed.
23:43:10 INFO  : FPGA configured successfully with bitstream "D:/proyectosep2/IEE2463-SEP-Proyecto-2-Z8/music_player/vitis/music_player_sw/_ide/bitstream/design_1_wrapper.bit"
23:43:10 INFO  : Context for 'APU' is selected.
23:43:10 INFO  : Hardware design and registers information is loaded from 'D:/proyectosep2/IEE2463-SEP-Proyecto-2-Z8/music_player/vitis/music_player/export/music_player/hw/design_1_wrapper.xsa'.
23:43:10 INFO  : 'configparams force-mem-access 1' command is executed.
23:43:10 INFO  : Context for 'APU' is selected.
23:43:10 INFO  : Sourcing of 'D:/proyectosep2/IEE2463-SEP-Proyecto-2-Z8/music_player/vitis/music_player_sw/_ide/psinit/ps7_init.tcl' is done.
23:43:10 INFO  : 'ps7_init' command is executed.
23:43:10 INFO  : 'ps7_post_config' command is executed.
23:43:10 INFO  : Context for processor 'ps7_cortexa9_0' is selected.
23:43:10 INFO  : The application 'D:/proyectosep2/IEE2463-SEP-Proyecto-2-Z8/music_player/vitis/music_player_sw/Debug/music_player_sw.elf' is downloaded to processor 'ps7_cortexa9_0'.
23:43:10 INFO  : 'configparams force-mem-access 0' command is executed.
23:43:10 INFO  : ----------------XSDB Script----------------
connect -url tcp:127.0.0.1:3121
targets -set -nocase -filter {name =~"APU*"}
rst -system
after 3000
targets -set -filter {jtag_cable_name =~ "Digilent Zybo Z7 210351B3FC8DA" && level==0 && jtag_device_ctx=="jsn-Zybo Z7-210351B3FC8DA-13722093-0"}
fpga -file D:/proyectosep2/IEE2463-SEP-Proyecto-2-Z8/music_player/vitis/music_player_sw/_ide/bitstream/design_1_wrapper.bit
targets -set -nocase -filter {name =~"APU*"}
loadhw -hw D:/proyectosep2/IEE2463-SEP-Proyecto-2-Z8/music_player/vitis/music_player/export/music_player/hw/design_1_wrapper.xsa -mem-ranges [list {0x40000000 0xbfffffff}] -regs
configparams force-mem-access 1
targets -set -nocase -filter {name =~"APU*"}
source D:/proyectosep2/IEE2463-SEP-Proyecto-2-Z8/music_player/vitis/music_player_sw/_ide/psinit/ps7_init.tcl
ps7_init
ps7_post_config
targets -set -nocase -filter {name =~ "*A9*#0"}
dow D:/proyectosep2/IEE2463-SEP-Proyecto-2-Z8/music_player/vitis/music_player_sw/Debug/music_player_sw.elf
configparams force-mem-access 0
----------------End of Script----------------

23:43:10 INFO  : Context for processor 'ps7_cortexa9_0' is selected.
23:43:11 INFO  : 'con' command is executed.
23:43:11 INFO  : ----------------XSDB Script (After Launch)----------------
targets -set -nocase -filter {name =~ "*A9*#0"}
con
----------------End of Script----------------

23:43:11 INFO  : Launch script is exported to file 'D:\proyectosep2\IEE2463-SEP-Proyecto-2-Z8\music_player\vitis\.sdk\launch_scripts\single_application_debug\systemdebugger_music_player_sw_system_standalone.tcl'
23:44:04 INFO  : Disconnected from the channel tcfchan#3.
23:44:04 INFO  : Connected to target on host '127.0.0.1' and port '3121'.
23:44:04 INFO  : Jtag cable 'Digilent Zybo Z7 210351B3FC8DA' is selected.
23:44:04 INFO  : 'jtag frequency' command is executed.
23:44:04 INFO  : Context for 'APU' is selected.
23:44:04 INFO  : System reset is completed.
23:44:07 INFO  : 'after 3000' command is executed.
23:44:07 INFO  : 'targets -set -filter {jtag_cable_name =~ "Digilent Zybo Z7 210351B3FC8DA" && level==0 && jtag_device_ctx=="jsn-Zybo Z7-210351B3FC8DA-13722093-0"}' command is executed.
23:44:08 INFO  : FPGA configured successfully with bitstream "D:/proyectosep2/IEE2463-SEP-Proyecto-2-Z8/music_player/vitis/music_player_sw/_ide/bitstream/design_1_wrapper.bit"
23:44:08 INFO  : Context for 'APU' is selected.
23:44:11 INFO  : Hardware design and registers information is loaded from 'D:/proyectosep2/IEE2463-SEP-Proyecto-2-Z8/music_player/vitis/music_player/export/music_player/hw/design_1_wrapper.xsa'.
23:44:11 INFO  : 'configparams force-mem-access 1' command is executed.
23:44:11 INFO  : Context for 'APU' is selected.
23:44:11 INFO  : Sourcing of 'D:/proyectosep2/IEE2463-SEP-Proyecto-2-Z8/music_player/vitis/music_player_sw/_ide/psinit/ps7_init.tcl' is done.
23:44:11 INFO  : 'ps7_init' command is executed.
23:44:11 INFO  : 'ps7_post_config' command is executed.
23:44:11 INFO  : Context for processor 'ps7_cortexa9_0' is selected.
23:44:11 INFO  : The application 'D:/proyectosep2/IEE2463-SEP-Proyecto-2-Z8/music_player/vitis/music_player_sw/Debug/music_player_sw.elf' is downloaded to processor 'ps7_cortexa9_0'.
23:44:11 INFO  : 'configparams force-mem-access 0' command is executed.
23:44:11 INFO  : ----------------XSDB Script----------------
connect -url tcp:127.0.0.1:3121
targets -set -nocase -filter {name =~"APU*"}
rst -system
after 3000
targets -set -filter {jtag_cable_name =~ "Digilent Zybo Z7 210351B3FC8DA" && level==0 && jtag_device_ctx=="jsn-Zybo Z7-210351B3FC8DA-13722093-0"}
fpga -file D:/proyectosep2/IEE2463-SEP-Proyecto-2-Z8/music_player/vitis/music_player_sw/_ide/bitstream/design_1_wrapper.bit
targets -set -nocase -filter {name =~"APU*"}
loadhw -hw D:/proyectosep2/IEE2463-SEP-Proyecto-2-Z8/music_player/vitis/music_player/export/music_player/hw/design_1_wrapper.xsa -mem-ranges [list {0x40000000 0xbfffffff}] -regs
configparams force-mem-access 1
targets -set -nocase -filter {name =~"APU*"}
source D:/proyectosep2/IEE2463-SEP-Proyecto-2-Z8/music_player/vitis/music_player_sw/_ide/psinit/ps7_init.tcl
ps7_init
ps7_post_config
targets -set -nocase -filter {name =~ "*A9*#0"}
dow D:/proyectosep2/IEE2463-SEP-Proyecto-2-Z8/music_player/vitis/music_player_sw/Debug/music_player_sw.elf
configparams force-mem-access 0
----------------End of Script----------------

23:44:11 INFO  : Context for processor 'ps7_cortexa9_0' is selected.
23:44:11 INFO  : 'con' command is executed.
23:44:11 INFO  : ----------------XSDB Script (After Launch)----------------
targets -set -nocase -filter {name =~ "*A9*#0"}
con
----------------End of Script----------------

23:44:11 INFO  : Launch script is exported to file 'D:\proyectosep2\IEE2463-SEP-Proyecto-2-Z8\music_player\vitis\.sdk\launch_scripts\single_application_debug\systemdebugger_music_player_sw_system_standalone.tcl'
23:47:14 INFO  : Disconnected from the channel tcfchan#4.
23:47:14 INFO  : Connected to target on host '127.0.0.1' and port '3121'.
23:47:14 INFO  : Jtag cable 'Digilent Zybo Z7 210351B3FC8DA' is selected.
23:47:14 INFO  : 'jtag frequency' command is executed.
23:47:14 INFO  : Context for 'APU' is selected.
23:47:14 INFO  : System reset is completed.
23:47:17 INFO  : 'after 3000' command is executed.
23:47:17 INFO  : 'targets -set -filter {jtag_cable_name =~ "Digilent Zybo Z7 210351B3FC8DA" && level==0 && jtag_device_ctx=="jsn-Zybo Z7-210351B3FC8DA-13722093-0"}' command is executed.
23:47:18 INFO  : FPGA configured successfully with bitstream "D:/proyectosep2/IEE2463-SEP-Proyecto-2-Z8/music_player/vitis/music_player_sw/_ide/bitstream/design_1_wrapper.bit"
23:47:18 INFO  : Context for 'APU' is selected.
23:47:20 INFO  : Hardware design and registers information is loaded from 'D:/proyectosep2/IEE2463-SEP-Proyecto-2-Z8/music_player/vitis/music_player/export/music_player/hw/design_1_wrapper.xsa'.
23:47:20 INFO  : 'configparams force-mem-access 1' command is executed.
23:47:20 INFO  : Context for 'APU' is selected.
23:47:20 INFO  : Sourcing of 'D:/proyectosep2/IEE2463-SEP-Proyecto-2-Z8/music_player/vitis/music_player_sw/_ide/psinit/ps7_init.tcl' is done.
23:47:21 INFO  : 'ps7_init' command is executed.
23:47:21 INFO  : 'ps7_post_config' command is executed.
23:47:21 INFO  : Context for processor 'ps7_cortexa9_0' is selected.
23:47:21 INFO  : The application 'D:/proyectosep2/IEE2463-SEP-Proyecto-2-Z8/music_player/vitis/music_player_sw/Debug/music_player_sw.elf' is downloaded to processor 'ps7_cortexa9_0'.
23:47:21 INFO  : 'configparams force-mem-access 0' command is executed.
23:47:21 INFO  : ----------------XSDB Script----------------
connect -url tcp:127.0.0.1:3121
targets -set -nocase -filter {name =~"APU*"}
rst -system
after 3000
targets -set -filter {jtag_cable_name =~ "Digilent Zybo Z7 210351B3FC8DA" && level==0 && jtag_device_ctx=="jsn-Zybo Z7-210351B3FC8DA-13722093-0"}
fpga -file D:/proyectosep2/IEE2463-SEP-Proyecto-2-Z8/music_player/vitis/music_player_sw/_ide/bitstream/design_1_wrapper.bit
targets -set -nocase -filter {name =~"APU*"}
loadhw -hw D:/proyectosep2/IEE2463-SEP-Proyecto-2-Z8/music_player/vitis/music_player/export/music_player/hw/design_1_wrapper.xsa -mem-ranges [list {0x40000000 0xbfffffff}] -regs
configparams force-mem-access 1
targets -set -nocase -filter {name =~"APU*"}
source D:/proyectosep2/IEE2463-SEP-Proyecto-2-Z8/music_player/vitis/music_player_sw/_ide/psinit/ps7_init.tcl
ps7_init
ps7_post_config
targets -set -nocase -filter {name =~ "*A9*#0"}
dow D:/proyectosep2/IEE2463-SEP-Proyecto-2-Z8/music_player/vitis/music_player_sw/Debug/music_player_sw.elf
configparams force-mem-access 0
----------------End of Script----------------

23:47:21 INFO  : Context for processor 'ps7_cortexa9_0' is selected.
23:47:21 INFO  : 'con' command is executed.
23:47:21 INFO  : ----------------XSDB Script (After Launch)----------------
targets -set -nocase -filter {name =~ "*A9*#0"}
con
----------------End of Script----------------

23:47:21 INFO  : Launch script is exported to file 'D:\proyectosep2\IEE2463-SEP-Proyecto-2-Z8\music_player\vitis\.sdk\launch_scripts\single_application_debug\systemdebugger_music_player_sw_system_standalone.tcl'
23:48:32 INFO  : Checking for BSP changes to sync application flags for project 'music_player_sw'...
23:48:34 ERROR : (XSDB Server)ERROR: [Hsi 55-1571] The design file D:/proyectosep2/IEE2463-SEP-Proyecto-2-Z8/music_player/vitis/music_player/export/music_player/hw/design_1_wrapper.xsa is already opened

23:48:39 INFO  : Disconnected from the channel tcfchan#5.
23:48:39 INFO  : Connected to target on host '127.0.0.1' and port '3121'.
23:48:39 INFO  : Jtag cable 'Digilent Zybo Z7 210351B3FC8DA' is selected.
23:48:39 INFO  : 'jtag frequency' command is executed.
23:48:39 INFO  : Context for 'APU' is selected.
23:48:39 INFO  : System reset is completed.
23:48:42 INFO  : 'after 3000' command is executed.
23:48:42 INFO  : 'targets -set -filter {jtag_cable_name =~ "Digilent Zybo Z7 210351B3FC8DA" && level==0 && jtag_device_ctx=="jsn-Zybo Z7-210351B3FC8DA-13722093-0"}' command is executed.
23:48:43 INFO  : FPGA configured successfully with bitstream "D:/proyectosep2/IEE2463-SEP-Proyecto-2-Z8/music_player/vitis/music_player_sw/_ide/bitstream/design_1_wrapper.bit"
23:48:43 INFO  : Context for 'APU' is selected.
23:48:45 INFO  : Hardware design and registers information is loaded from 'D:/proyectosep2/IEE2463-SEP-Proyecto-2-Z8/music_player/vitis/music_player/export/music_player/hw/design_1_wrapper.xsa'.
23:48:45 INFO  : 'configparams force-mem-access 1' command is executed.
23:48:45 INFO  : Context for 'APU' is selected.
23:48:45 INFO  : Sourcing of 'D:/proyectosep2/IEE2463-SEP-Proyecto-2-Z8/music_player/vitis/music_player_sw/_ide/psinit/ps7_init.tcl' is done.
23:48:45 INFO  : 'ps7_init' command is executed.
23:48:45 INFO  : 'ps7_post_config' command is executed.
23:48:45 INFO  : Context for processor 'ps7_cortexa9_0' is selected.
23:48:45 INFO  : The application 'D:/proyectosep2/IEE2463-SEP-Proyecto-2-Z8/music_player/vitis/music_player_sw/Debug/music_player_sw.elf' is downloaded to processor 'ps7_cortexa9_0'.
23:48:45 INFO  : 'configparams force-mem-access 0' command is executed.
23:48:45 INFO  : ----------------XSDB Script----------------
connect -url tcp:127.0.0.1:3121
targets -set -nocase -filter {name =~"APU*"}
rst -system
after 3000
targets -set -filter {jtag_cable_name =~ "Digilent Zybo Z7 210351B3FC8DA" && level==0 && jtag_device_ctx=="jsn-Zybo Z7-210351B3FC8DA-13722093-0"}
fpga -file D:/proyectosep2/IEE2463-SEP-Proyecto-2-Z8/music_player/vitis/music_player_sw/_ide/bitstream/design_1_wrapper.bit
targets -set -nocase -filter {name =~"APU*"}
loadhw -hw D:/proyectosep2/IEE2463-SEP-Proyecto-2-Z8/music_player/vitis/music_player/export/music_player/hw/design_1_wrapper.xsa -mem-ranges [list {0x40000000 0xbfffffff}] -regs
configparams force-mem-access 1
targets -set -nocase -filter {name =~"APU*"}
source D:/proyectosep2/IEE2463-SEP-Proyecto-2-Z8/music_player/vitis/music_player_sw/_ide/psinit/ps7_init.tcl
ps7_init
ps7_post_config
targets -set -nocase -filter {name =~ "*A9*#0"}
dow D:/proyectosep2/IEE2463-SEP-Proyecto-2-Z8/music_player/vitis/music_player_sw/Debug/music_player_sw.elf
configparams force-mem-access 0
----------------End of Script----------------

23:48:46 INFO  : Context for processor 'ps7_cortexa9_0' is selected.
23:48:46 INFO  : 'con' command is executed.
23:48:46 INFO  : ----------------XSDB Script (After Launch)----------------
targets -set -nocase -filter {name =~ "*A9*#0"}
con
----------------End of Script----------------

23:48:46 INFO  : Launch script is exported to file 'D:\proyectosep2\IEE2463-SEP-Proyecto-2-Z8\music_player\vitis\.sdk\launch_scripts\single_application_debug\systemdebugger_music_player_sw_system_standalone.tcl'
23:49:38 INFO  : Disconnected from the channel tcfchan#7.
23:49:38 INFO  : Connected to target on host '127.0.0.1' and port '3121'.
23:49:38 INFO  : Jtag cable 'Digilent Zybo Z7 210351B3FC8DA' is selected.
23:49:38 INFO  : 'jtag frequency' command is executed.
23:49:38 INFO  : Context for 'APU' is selected.
23:49:38 INFO  : System reset is completed.
23:49:41 INFO  : 'after 3000' command is executed.
23:49:42 INFO  : 'targets -set -filter {jtag_cable_name =~ "Digilent Zybo Z7 210351B3FC8DA" && level==0 && jtag_device_ctx=="jsn-Zybo Z7-210351B3FC8DA-13722093-0"}' command is executed.
23:49:43 INFO  : FPGA configured successfully with bitstream "D:/proyectosep2/IEE2463-SEP-Proyecto-2-Z8/music_player/vitis/music_player_sw/_ide/bitstream/design_1_wrapper.bit"
23:49:43 INFO  : Context for 'APU' is selected.
23:49:45 INFO  : Hardware design and registers information is loaded from 'D:/proyectosep2/IEE2463-SEP-Proyecto-2-Z8/music_player/vitis/music_player/export/music_player/hw/design_1_wrapper.xsa'.
23:49:45 INFO  : 'configparams force-mem-access 1' command is executed.
23:49:45 INFO  : Context for 'APU' is selected.
23:49:45 INFO  : Sourcing of 'D:/proyectosep2/IEE2463-SEP-Proyecto-2-Z8/music_player/vitis/music_player_sw/_ide/psinit/ps7_init.tcl' is done.
23:49:45 INFO  : 'ps7_init' command is executed.
23:49:45 INFO  : 'ps7_post_config' command is executed.
23:49:45 INFO  : Context for processor 'ps7_cortexa9_0' is selected.
23:49:45 INFO  : The application 'D:/proyectosep2/IEE2463-SEP-Proyecto-2-Z8/music_player/vitis/music_player_sw/Debug/music_player_sw.elf' is downloaded to processor 'ps7_cortexa9_0'.
23:49:45 INFO  : 'configparams force-mem-access 0' command is executed.
23:49:45 INFO  : ----------------XSDB Script----------------
connect -url tcp:127.0.0.1:3121
targets -set -nocase -filter {name =~"APU*"}
rst -system
after 3000
targets -set -filter {jtag_cable_name =~ "Digilent Zybo Z7 210351B3FC8DA" && level==0 && jtag_device_ctx=="jsn-Zybo Z7-210351B3FC8DA-13722093-0"}
fpga -file D:/proyectosep2/IEE2463-SEP-Proyecto-2-Z8/music_player/vitis/music_player_sw/_ide/bitstream/design_1_wrapper.bit
targets -set -nocase -filter {name =~"APU*"}
loadhw -hw D:/proyectosep2/IEE2463-SEP-Proyecto-2-Z8/music_player/vitis/music_player/export/music_player/hw/design_1_wrapper.xsa -mem-ranges [list {0x40000000 0xbfffffff}] -regs
configparams force-mem-access 1
targets -set -nocase -filter {name =~"APU*"}
source D:/proyectosep2/IEE2463-SEP-Proyecto-2-Z8/music_player/vitis/music_player_sw/_ide/psinit/ps7_init.tcl
ps7_init
ps7_post_config
targets -set -nocase -filter {name =~ "*A9*#0"}
dow D:/proyectosep2/IEE2463-SEP-Proyecto-2-Z8/music_player/vitis/music_player_sw/Debug/music_player_sw.elf
configparams force-mem-access 0
----------------End of Script----------------

23:49:45 INFO  : Context for processor 'ps7_cortexa9_0' is selected.
23:49:45 INFO  : 'con' command is executed.
23:49:45 INFO  : ----------------XSDB Script (After Launch)----------------
targets -set -nocase -filter {name =~ "*A9*#0"}
con
----------------End of Script----------------

23:49:45 INFO  : Launch script is exported to file 'D:\proyectosep2\IEE2463-SEP-Proyecto-2-Z8\music_player\vitis\.sdk\launch_scripts\single_application_debug\systemdebugger_music_player_sw_system_standalone.tcl'
23:50:23 INFO  : Checking for BSP changes to sync application flags for project 'music_player_sw'...
23:50:25 ERROR : (XSDB Server)ERROR: [Hsi 55-1571] The design file D:/proyectosep2/IEE2463-SEP-Proyecto-2-Z8/music_player/vitis/music_player/export/music_player/hw/design_1_wrapper.xsa is already opened

23:50:30 INFO  : Disconnected from the channel tcfchan#8.
23:50:30 INFO  : Connected to target on host '127.0.0.1' and port '3121'.
23:50:30 INFO  : Jtag cable 'Digilent Zybo Z7 210351B3FC8DA' is selected.
23:50:30 INFO  : 'jtag frequency' command is executed.
23:50:30 INFO  : Context for 'APU' is selected.
23:50:30 INFO  : System reset is completed.
23:50:33 INFO  : 'after 3000' command is executed.
23:50:34 INFO  : 'targets -set -filter {jtag_cable_name =~ "Digilent Zybo Z7 210351B3FC8DA" && level==0 && jtag_device_ctx=="jsn-Zybo Z7-210351B3FC8DA-13722093-0"}' command is executed.
23:50:35 INFO  : FPGA configured successfully with bitstream "D:/proyectosep2/IEE2463-SEP-Proyecto-2-Z8/music_player/vitis/music_player_sw/_ide/bitstream/design_1_wrapper.bit"
23:50:35 INFO  : Context for 'APU' is selected.
23:50:37 INFO  : Hardware design and registers information is loaded from 'D:/proyectosep2/IEE2463-SEP-Proyecto-2-Z8/music_player/vitis/music_player/export/music_player/hw/design_1_wrapper.xsa'.
23:50:37 INFO  : 'configparams force-mem-access 1' command is executed.
23:50:37 INFO  : Context for 'APU' is selected.
23:50:37 INFO  : Sourcing of 'D:/proyectosep2/IEE2463-SEP-Proyecto-2-Z8/music_player/vitis/music_player_sw/_ide/psinit/ps7_init.tcl' is done.
23:50:37 INFO  : 'ps7_init' command is executed.
23:50:37 INFO  : 'ps7_post_config' command is executed.
23:50:37 INFO  : Context for processor 'ps7_cortexa9_0' is selected.
23:50:37 INFO  : The application 'D:/proyectosep2/IEE2463-SEP-Proyecto-2-Z8/music_player/vitis/music_player_sw/Debug/music_player_sw.elf' is downloaded to processor 'ps7_cortexa9_0'.
23:50:37 INFO  : 'configparams force-mem-access 0' command is executed.
23:50:37 INFO  : ----------------XSDB Script----------------
connect -url tcp:127.0.0.1:3121
targets -set -nocase -filter {name =~"APU*"}
rst -system
after 3000
targets -set -filter {jtag_cable_name =~ "Digilent Zybo Z7 210351B3FC8DA" && level==0 && jtag_device_ctx=="jsn-Zybo Z7-210351B3FC8DA-13722093-0"}
fpga -file D:/proyectosep2/IEE2463-SEP-Proyecto-2-Z8/music_player/vitis/music_player_sw/_ide/bitstream/design_1_wrapper.bit
targets -set -nocase -filter {name =~"APU*"}
loadhw -hw D:/proyectosep2/IEE2463-SEP-Proyecto-2-Z8/music_player/vitis/music_player/export/music_player/hw/design_1_wrapper.xsa -mem-ranges [list {0x40000000 0xbfffffff}] -regs
configparams force-mem-access 1
targets -set -nocase -filter {name =~"APU*"}
source D:/proyectosep2/IEE2463-SEP-Proyecto-2-Z8/music_player/vitis/music_player_sw/_ide/psinit/ps7_init.tcl
ps7_init
ps7_post_config
targets -set -nocase -filter {name =~ "*A9*#0"}
dow D:/proyectosep2/IEE2463-SEP-Proyecto-2-Z8/music_player/vitis/music_player_sw/Debug/music_player_sw.elf
configparams force-mem-access 0
----------------End of Script----------------

23:50:37 INFO  : Context for processor 'ps7_cortexa9_0' is selected.
23:50:37 INFO  : 'con' command is executed.
23:50:37 INFO  : ----------------XSDB Script (After Launch)----------------
targets -set -nocase -filter {name =~ "*A9*#0"}
con
----------------End of Script----------------

23:50:37 INFO  : Launch script is exported to file 'D:\proyectosep2\IEE2463-SEP-Proyecto-2-Z8\music_player\vitis\.sdk\launch_scripts\single_application_debug\systemdebugger_music_player_sw_system_standalone.tcl'
23:51:04 INFO  : Checking for BSP changes to sync application flags for project 'music_player_sw'...
23:51:06 ERROR : (XSDB Server)ERROR: [Hsi 55-1571] The design file D:/proyectosep2/IEE2463-SEP-Proyecto-2-Z8/music_player/vitis/music_player/export/music_player/hw/design_1_wrapper.xsa is already opened

23:51:13 INFO  : Disconnected from the channel tcfchan#10.
23:51:13 INFO  : Connected to target on host '127.0.0.1' and port '3121'.
23:51:13 INFO  : Jtag cable 'Digilent Zybo Z7 210351B3FC8DA' is selected.
23:51:13 INFO  : 'jtag frequency' command is executed.
23:51:13 INFO  : Context for 'APU' is selected.
23:51:13 INFO  : System reset is completed.
23:51:16 INFO  : 'after 3000' command is executed.
23:51:16 INFO  : 'targets -set -filter {jtag_cable_name =~ "Digilent Zybo Z7 210351B3FC8DA" && level==0 && jtag_device_ctx=="jsn-Zybo Z7-210351B3FC8DA-13722093-0"}' command is executed.
23:51:18 INFO  : FPGA configured successfully with bitstream "D:/proyectosep2/IEE2463-SEP-Proyecto-2-Z8/music_player/vitis/music_player_sw/_ide/bitstream/design_1_wrapper.bit"
23:51:18 INFO  : Context for 'APU' is selected.
23:51:20 INFO  : Hardware design and registers information is loaded from 'D:/proyectosep2/IEE2463-SEP-Proyecto-2-Z8/music_player/vitis/music_player/export/music_player/hw/design_1_wrapper.xsa'.
23:51:20 INFO  : 'configparams force-mem-access 1' command is executed.
23:51:20 INFO  : Context for 'APU' is selected.
23:51:20 INFO  : Sourcing of 'D:/proyectosep2/IEE2463-SEP-Proyecto-2-Z8/music_player/vitis/music_player_sw/_ide/psinit/ps7_init.tcl' is done.
23:51:20 INFO  : 'ps7_init' command is executed.
23:51:20 INFO  : 'ps7_post_config' command is executed.
23:51:20 INFO  : Context for processor 'ps7_cortexa9_0' is selected.
23:51:20 INFO  : The application 'D:/proyectosep2/IEE2463-SEP-Proyecto-2-Z8/music_player/vitis/music_player_sw/Debug/music_player_sw.elf' is downloaded to processor 'ps7_cortexa9_0'.
23:51:20 INFO  : 'configparams force-mem-access 0' command is executed.
23:51:20 INFO  : ----------------XSDB Script----------------
connect -url tcp:127.0.0.1:3121
targets -set -nocase -filter {name =~"APU*"}
rst -system
after 3000
targets -set -filter {jtag_cable_name =~ "Digilent Zybo Z7 210351B3FC8DA" && level==0 && jtag_device_ctx=="jsn-Zybo Z7-210351B3FC8DA-13722093-0"}
fpga -file D:/proyectosep2/IEE2463-SEP-Proyecto-2-Z8/music_player/vitis/music_player_sw/_ide/bitstream/design_1_wrapper.bit
targets -set -nocase -filter {name =~"APU*"}
loadhw -hw D:/proyectosep2/IEE2463-SEP-Proyecto-2-Z8/music_player/vitis/music_player/export/music_player/hw/design_1_wrapper.xsa -mem-ranges [list {0x40000000 0xbfffffff}] -regs
configparams force-mem-access 1
targets -set -nocase -filter {name =~"APU*"}
source D:/proyectosep2/IEE2463-SEP-Proyecto-2-Z8/music_player/vitis/music_player_sw/_ide/psinit/ps7_init.tcl
ps7_init
ps7_post_config
targets -set -nocase -filter {name =~ "*A9*#0"}
dow D:/proyectosep2/IEE2463-SEP-Proyecto-2-Z8/music_player/vitis/music_player_sw/Debug/music_player_sw.elf
configparams force-mem-access 0
----------------End of Script----------------

23:51:20 INFO  : Context for processor 'ps7_cortexa9_0' is selected.
23:51:20 INFO  : 'con' command is executed.
23:51:20 INFO  : ----------------XSDB Script (After Launch)----------------
targets -set -nocase -filter {name =~ "*A9*#0"}
con
----------------End of Script----------------

23:51:20 INFO  : Launch script is exported to file 'D:\proyectosep2\IEE2463-SEP-Proyecto-2-Z8\music_player\vitis\.sdk\launch_scripts\single_application_debug\systemdebugger_music_player_sw_system_standalone.tcl'
23:51:35 INFO  : Checking for BSP changes to sync application flags for project 'music_player_sw'...
23:51:37 ERROR : (XSDB Server)ERROR: [Hsi 55-1571] The design file D:/proyectosep2/IEE2463-SEP-Proyecto-2-Z8/music_player/vitis/music_player/export/music_player/hw/design_1_wrapper.xsa is already opened

23:51:44 INFO  : Disconnected from the channel tcfchan#12.
23:51:44 INFO  : Connected to target on host '127.0.0.1' and port '3121'.
23:51:44 INFO  : Jtag cable 'Digilent Zybo Z7 210351B3FC8DA' is selected.
23:51:44 INFO  : 'jtag frequency' command is executed.
23:51:44 INFO  : Context for 'APU' is selected.
23:51:45 INFO  : System reset is completed.
23:51:48 INFO  : 'after 3000' command is executed.
23:51:48 INFO  : 'targets -set -filter {jtag_cable_name =~ "Digilent Zybo Z7 210351B3FC8DA" && level==0 && jtag_device_ctx=="jsn-Zybo Z7-210351B3FC8DA-13722093-0"}' command is executed.
23:51:49 INFO  : FPGA configured successfully with bitstream "D:/proyectosep2/IEE2463-SEP-Proyecto-2-Z8/music_player/vitis/music_player_sw/_ide/bitstream/design_1_wrapper.bit"
23:51:49 INFO  : Context for 'APU' is selected.
23:51:51 INFO  : Hardware design and registers information is loaded from 'D:/proyectosep2/IEE2463-SEP-Proyecto-2-Z8/music_player/vitis/music_player/export/music_player/hw/design_1_wrapper.xsa'.
23:51:51 INFO  : 'configparams force-mem-access 1' command is executed.
23:51:51 INFO  : Context for 'APU' is selected.
23:51:51 INFO  : Sourcing of 'D:/proyectosep2/IEE2463-SEP-Proyecto-2-Z8/music_player/vitis/music_player_sw/_ide/psinit/ps7_init.tcl' is done.
23:51:51 INFO  : 'ps7_init' command is executed.
23:51:51 INFO  : 'ps7_post_config' command is executed.
23:51:51 INFO  : Context for processor 'ps7_cortexa9_0' is selected.
23:51:51 INFO  : The application 'D:/proyectosep2/IEE2463-SEP-Proyecto-2-Z8/music_player/vitis/music_player_sw/Debug/music_player_sw.elf' is downloaded to processor 'ps7_cortexa9_0'.
23:51:51 INFO  : 'configparams force-mem-access 0' command is executed.
23:51:51 INFO  : ----------------XSDB Script----------------
connect -url tcp:127.0.0.1:3121
targets -set -nocase -filter {name =~"APU*"}
rst -system
after 3000
targets -set -filter {jtag_cable_name =~ "Digilent Zybo Z7 210351B3FC8DA" && level==0 && jtag_device_ctx=="jsn-Zybo Z7-210351B3FC8DA-13722093-0"}
fpga -file D:/proyectosep2/IEE2463-SEP-Proyecto-2-Z8/music_player/vitis/music_player_sw/_ide/bitstream/design_1_wrapper.bit
targets -set -nocase -filter {name =~"APU*"}
loadhw -hw D:/proyectosep2/IEE2463-SEP-Proyecto-2-Z8/music_player/vitis/music_player/export/music_player/hw/design_1_wrapper.xsa -mem-ranges [list {0x40000000 0xbfffffff}] -regs
configparams force-mem-access 1
targets -set -nocase -filter {name =~"APU*"}
source D:/proyectosep2/IEE2463-SEP-Proyecto-2-Z8/music_player/vitis/music_player_sw/_ide/psinit/ps7_init.tcl
ps7_init
ps7_post_config
targets -set -nocase -filter {name =~ "*A9*#0"}
dow D:/proyectosep2/IEE2463-SEP-Proyecto-2-Z8/music_player/vitis/music_player_sw/Debug/music_player_sw.elf
configparams force-mem-access 0
----------------End of Script----------------

23:51:51 INFO  : Context for processor 'ps7_cortexa9_0' is selected.
23:51:51 INFO  : 'con' command is executed.
23:51:51 INFO  : ----------------XSDB Script (After Launch)----------------
targets -set -nocase -filter {name =~ "*A9*#0"}
con
----------------End of Script----------------

23:51:51 INFO  : Launch script is exported to file 'D:\proyectosep2\IEE2463-SEP-Proyecto-2-Z8\music_player\vitis\.sdk\launch_scripts\single_application_debug\systemdebugger_music_player_sw_system_standalone.tcl'
23:52:14 INFO  : Checking for BSP changes to sync application flags for project 'music_player_sw'...
23:52:16 ERROR : (XSDB Server)ERROR: [Hsi 55-1571] The design file D:/proyectosep2/IEE2463-SEP-Proyecto-2-Z8/music_player/vitis/music_player/export/music_player/hw/design_1_wrapper.xsa is already opened

23:52:21 INFO  : Checking for BSP changes to sync application flags for project 'music_player_sw'...
23:52:23 ERROR : (XSDB Server)ERROR: [Hsi 55-1571] The design file D:/proyectosep2/IEE2463-SEP-Proyecto-2-Z8/music_player/vitis/music_player/export/music_player/hw/design_1_wrapper.xsa is already opened

23:52:29 INFO  : Disconnected from the channel tcfchan#14.
23:52:29 INFO  : Connected to target on host '127.0.0.1' and port '3121'.
23:52:29 INFO  : Jtag cable 'Digilent Zybo Z7 210351B3FC8DA' is selected.
23:52:29 INFO  : 'jtag frequency' command is executed.
23:52:29 INFO  : Context for 'APU' is selected.
23:52:29 INFO  : System reset is completed.
23:52:32 INFO  : 'after 3000' command is executed.
23:52:32 INFO  : 'targets -set -filter {jtag_cable_name =~ "Digilent Zybo Z7 210351B3FC8DA" && level==0 && jtag_device_ctx=="jsn-Zybo Z7-210351B3FC8DA-13722093-0"}' command is executed.
23:52:33 INFO  : FPGA configured successfully with bitstream "D:/proyectosep2/IEE2463-SEP-Proyecto-2-Z8/music_player/vitis/music_player_sw/_ide/bitstream/design_1_wrapper.bit"
23:52:33 INFO  : Context for 'APU' is selected.
23:52:35 INFO  : Hardware design and registers information is loaded from 'D:/proyectosep2/IEE2463-SEP-Proyecto-2-Z8/music_player/vitis/music_player/export/music_player/hw/design_1_wrapper.xsa'.
23:52:35 INFO  : 'configparams force-mem-access 1' command is executed.
23:52:35 INFO  : Context for 'APU' is selected.
23:52:35 INFO  : Sourcing of 'D:/proyectosep2/IEE2463-SEP-Proyecto-2-Z8/music_player/vitis/music_player_sw/_ide/psinit/ps7_init.tcl' is done.
23:52:36 INFO  : 'ps7_init' command is executed.
23:52:36 INFO  : 'ps7_post_config' command is executed.
23:52:36 INFO  : Context for processor 'ps7_cortexa9_0' is selected.
23:52:36 INFO  : The application 'D:/proyectosep2/IEE2463-SEP-Proyecto-2-Z8/music_player/vitis/music_player_sw/Debug/music_player_sw.elf' is downloaded to processor 'ps7_cortexa9_0'.
23:52:36 INFO  : 'configparams force-mem-access 0' command is executed.
23:52:36 INFO  : ----------------XSDB Script----------------
connect -url tcp:127.0.0.1:3121
targets -set -nocase -filter {name =~"APU*"}
rst -system
after 3000
targets -set -filter {jtag_cable_name =~ "Digilent Zybo Z7 210351B3FC8DA" && level==0 && jtag_device_ctx=="jsn-Zybo Z7-210351B3FC8DA-13722093-0"}
fpga -file D:/proyectosep2/IEE2463-SEP-Proyecto-2-Z8/music_player/vitis/music_player_sw/_ide/bitstream/design_1_wrapper.bit
targets -set -nocase -filter {name =~"APU*"}
loadhw -hw D:/proyectosep2/IEE2463-SEP-Proyecto-2-Z8/music_player/vitis/music_player/export/music_player/hw/design_1_wrapper.xsa -mem-ranges [list {0x40000000 0xbfffffff}] -regs
configparams force-mem-access 1
targets -set -nocase -filter {name =~"APU*"}
source D:/proyectosep2/IEE2463-SEP-Proyecto-2-Z8/music_player/vitis/music_player_sw/_ide/psinit/ps7_init.tcl
ps7_init
ps7_post_config
targets -set -nocase -filter {name =~ "*A9*#0"}
dow D:/proyectosep2/IEE2463-SEP-Proyecto-2-Z8/music_player/vitis/music_player_sw/Debug/music_player_sw.elf
configparams force-mem-access 0
----------------End of Script----------------

23:52:36 INFO  : Context for processor 'ps7_cortexa9_0' is selected.
23:52:36 INFO  : 'con' command is executed.
23:52:36 INFO  : ----------------XSDB Script (After Launch)----------------
targets -set -nocase -filter {name =~ "*A9*#0"}
con
----------------End of Script----------------

23:52:36 INFO  : Launch script is exported to file 'D:\proyectosep2\IEE2463-SEP-Proyecto-2-Z8\music_player\vitis\.sdk\launch_scripts\single_application_debug\systemdebugger_music_player_sw_system_standalone.tcl'
23:53:19 INFO  : Checking for BSP changes to sync application flags for project 'music_player_sw'...
23:53:21 ERROR : (XSDB Server)ERROR: [Hsi 55-1571] The design file D:/proyectosep2/IEE2463-SEP-Proyecto-2-Z8/music_player/vitis/music_player/export/music_player/hw/design_1_wrapper.xsa is already opened

23:53:28 INFO  : Disconnected from the channel tcfchan#17.
23:53:28 INFO  : Connected to target on host '127.0.0.1' and port '3121'.
23:53:29 INFO  : Jtag cable 'Digilent Zybo Z7 210351B3FC8DA' is selected.
23:53:29 INFO  : 'jtag frequency' command is executed.
23:53:29 INFO  : Context for 'APU' is selected.
23:53:29 INFO  : System reset is completed.
23:53:32 INFO  : 'after 3000' command is executed.
23:53:32 INFO  : 'targets -set -filter {jtag_cable_name =~ "Digilent Zybo Z7 210351B3FC8DA" && level==0 && jtag_device_ctx=="jsn-Zybo Z7-210351B3FC8DA-13722093-0"}' command is executed.
23:53:33 INFO  : FPGA configured successfully with bitstream "D:/proyectosep2/IEE2463-SEP-Proyecto-2-Z8/music_player/vitis/music_player_sw/_ide/bitstream/design_1_wrapper.bit"
23:53:33 INFO  : Context for 'APU' is selected.
23:53:35 INFO  : Hardware design and registers information is loaded from 'D:/proyectosep2/IEE2463-SEP-Proyecto-2-Z8/music_player/vitis/music_player/export/music_player/hw/design_1_wrapper.xsa'.
23:53:35 INFO  : 'configparams force-mem-access 1' command is executed.
23:53:35 INFO  : Context for 'APU' is selected.
23:53:35 INFO  : Sourcing of 'D:/proyectosep2/IEE2463-SEP-Proyecto-2-Z8/music_player/vitis/music_player_sw/_ide/psinit/ps7_init.tcl' is done.
23:53:35 INFO  : 'ps7_init' command is executed.
23:53:35 INFO  : 'ps7_post_config' command is executed.
23:53:35 INFO  : Context for processor 'ps7_cortexa9_0' is selected.
23:53:35 INFO  : The application 'D:/proyectosep2/IEE2463-SEP-Proyecto-2-Z8/music_player/vitis/music_player_sw/Debug/music_player_sw.elf' is downloaded to processor 'ps7_cortexa9_0'.
23:53:35 INFO  : 'configparams force-mem-access 0' command is executed.
23:53:35 INFO  : ----------------XSDB Script----------------
connect -url tcp:127.0.0.1:3121
targets -set -nocase -filter {name =~"APU*"}
rst -system
after 3000
targets -set -filter {jtag_cable_name =~ "Digilent Zybo Z7 210351B3FC8DA" && level==0 && jtag_device_ctx=="jsn-Zybo Z7-210351B3FC8DA-13722093-0"}
fpga -file D:/proyectosep2/IEE2463-SEP-Proyecto-2-Z8/music_player/vitis/music_player_sw/_ide/bitstream/design_1_wrapper.bit
targets -set -nocase -filter {name =~"APU*"}
loadhw -hw D:/proyectosep2/IEE2463-SEP-Proyecto-2-Z8/music_player/vitis/music_player/export/music_player/hw/design_1_wrapper.xsa -mem-ranges [list {0x40000000 0xbfffffff}] -regs
configparams force-mem-access 1
targets -set -nocase -filter {name =~"APU*"}
source D:/proyectosep2/IEE2463-SEP-Proyecto-2-Z8/music_player/vitis/music_player_sw/_ide/psinit/ps7_init.tcl
ps7_init
ps7_post_config
targets -set -nocase -filter {name =~ "*A9*#0"}
dow D:/proyectosep2/IEE2463-SEP-Proyecto-2-Z8/music_player/vitis/music_player_sw/Debug/music_player_sw.elf
configparams force-mem-access 0
----------------End of Script----------------

23:53:36 INFO  : Context for processor 'ps7_cortexa9_0' is selected.
23:53:36 INFO  : 'con' command is executed.
23:53:36 INFO  : ----------------XSDB Script (After Launch)----------------
targets -set -nocase -filter {name =~ "*A9*#0"}
con
----------------End of Script----------------

23:53:36 INFO  : Launch script is exported to file 'D:\proyectosep2\IEE2463-SEP-Proyecto-2-Z8\music_player\vitis\.sdk\launch_scripts\single_application_debug\systemdebugger_music_player_sw_system_standalone.tcl'
23:54:18 INFO  : Disconnected from the channel tcfchan#19.
23:54:18 INFO  : Connected to target on host '127.0.0.1' and port '3121'.
23:54:18 INFO  : Jtag cable 'Digilent Zybo Z7 210351B3FC8DA' is selected.
23:54:18 INFO  : 'jtag frequency' command is executed.
23:54:18 INFO  : Context for 'APU' is selected.
23:54:19 INFO  : System reset is completed.
23:54:22 INFO  : 'after 3000' command is executed.
23:54:22 INFO  : 'targets -set -filter {jtag_cable_name =~ "Digilent Zybo Z7 210351B3FC8DA" && level==0 && jtag_device_ctx=="jsn-Zybo Z7-210351B3FC8DA-13722093-0"}' command is executed.
23:54:23 INFO  : FPGA configured successfully with bitstream "D:/proyectosep2/IEE2463-SEP-Proyecto-2-Z8/music_player/vitis/music_player_sw/_ide/bitstream/design_1_wrapper.bit"
23:54:23 INFO  : Context for 'APU' is selected.
23:54:27 INFO  : Hardware design and registers information is loaded from 'D:/proyectosep2/IEE2463-SEP-Proyecto-2-Z8/music_player/vitis/music_player/export/music_player/hw/design_1_wrapper.xsa'.
23:54:27 INFO  : 'configparams force-mem-access 1' command is executed.
23:54:27 INFO  : Context for 'APU' is selected.
23:54:27 INFO  : Sourcing of 'D:/proyectosep2/IEE2463-SEP-Proyecto-2-Z8/music_player/vitis/music_player_sw/_ide/psinit/ps7_init.tcl' is done.
23:54:28 INFO  : 'ps7_init' command is executed.
23:54:28 INFO  : 'ps7_post_config' command is executed.
23:54:28 INFO  : Context for processor 'ps7_cortexa9_0' is selected.
23:54:28 INFO  : The application 'D:/proyectosep2/IEE2463-SEP-Proyecto-2-Z8/music_player/vitis/music_player_sw/Debug/music_player_sw.elf' is downloaded to processor 'ps7_cortexa9_0'.
23:54:28 INFO  : 'configparams force-mem-access 0' command is executed.
23:54:28 INFO  : ----------------XSDB Script----------------
connect -url tcp:127.0.0.1:3121
targets -set -nocase -filter {name =~"APU*"}
rst -system
after 3000
targets -set -filter {jtag_cable_name =~ "Digilent Zybo Z7 210351B3FC8DA" && level==0 && jtag_device_ctx=="jsn-Zybo Z7-210351B3FC8DA-13722093-0"}
fpga -file D:/proyectosep2/IEE2463-SEP-Proyecto-2-Z8/music_player/vitis/music_player_sw/_ide/bitstream/design_1_wrapper.bit
targets -set -nocase -filter {name =~"APU*"}
loadhw -hw D:/proyectosep2/IEE2463-SEP-Proyecto-2-Z8/music_player/vitis/music_player/export/music_player/hw/design_1_wrapper.xsa -mem-ranges [list {0x40000000 0xbfffffff}] -regs
configparams force-mem-access 1
targets -set -nocase -filter {name =~"APU*"}
source D:/proyectosep2/IEE2463-SEP-Proyecto-2-Z8/music_player/vitis/music_player_sw/_ide/psinit/ps7_init.tcl
ps7_init
ps7_post_config
targets -set -nocase -filter {name =~ "*A9*#0"}
dow D:/proyectosep2/IEE2463-SEP-Proyecto-2-Z8/music_player/vitis/music_player_sw/Debug/music_player_sw.elf
configparams force-mem-access 0
----------------End of Script----------------

23:54:28 INFO  : Context for processor 'ps7_cortexa9_0' is selected.
23:54:28 INFO  : 'con' command is executed.
23:54:28 INFO  : ----------------XSDB Script (After Launch)----------------
targets -set -nocase -filter {name =~ "*A9*#0"}
con
----------------End of Script----------------

23:54:28 INFO  : Launch script is exported to file 'D:\proyectosep2\IEE2463-SEP-Proyecto-2-Z8\music_player\vitis\.sdk\launch_scripts\single_application_debug\systemdebugger_music_player_sw_system_standalone.tcl'
23:54:58 INFO  : Checking for BSP changes to sync application flags for project 'music_player_sw'...
23:55:00 ERROR : (XSDB Server)ERROR: [Hsi 55-1571] The design file D:/proyectosep2/IEE2463-SEP-Proyecto-2-Z8/music_player/vitis/music_player/export/music_player/hw/design_1_wrapper.xsa is already opened

23:55:06 INFO  : Checking for BSP changes to sync application flags for project 'music_player_sw'...
23:55:07 ERROR : (XSDB Server)ERROR: [Hsi 55-1571] The design file D:/proyectosep2/IEE2463-SEP-Proyecto-2-Z8/music_player/vitis/music_player/export/music_player/hw/design_1_wrapper.xsa is already opened

23:55:13 INFO  : Disconnected from the channel tcfchan#20.
23:55:13 INFO  : Connected to target on host '127.0.0.1' and port '3121'.
23:55:13 INFO  : Jtag cable 'Digilent Zybo Z7 210351B3FC8DA' is selected.
23:55:13 INFO  : 'jtag frequency' command is executed.
23:55:13 INFO  : Context for 'APU' is selected.
23:55:14 INFO  : System reset is completed.
23:55:17 INFO  : 'after 3000' command is executed.
23:55:17 INFO  : 'targets -set -filter {jtag_cable_name =~ "Digilent Zybo Z7 210351B3FC8DA" && level==0 && jtag_device_ctx=="jsn-Zybo Z7-210351B3FC8DA-13722093-0"}' command is executed.
23:55:18 INFO  : FPGA configured successfully with bitstream "D:/proyectosep2/IEE2463-SEP-Proyecto-2-Z8/music_player/vitis/music_player_sw/_ide/bitstream/design_1_wrapper.bit"
23:55:18 INFO  : Context for 'APU' is selected.
23:55:20 INFO  : Hardware design and registers information is loaded from 'D:/proyectosep2/IEE2463-SEP-Proyecto-2-Z8/music_player/vitis/music_player/export/music_player/hw/design_1_wrapper.xsa'.
23:55:20 INFO  : 'configparams force-mem-access 1' command is executed.
23:55:20 INFO  : Context for 'APU' is selected.
23:55:20 INFO  : Sourcing of 'D:/proyectosep2/IEE2463-SEP-Proyecto-2-Z8/music_player/vitis/music_player_sw/_ide/psinit/ps7_init.tcl' is done.
23:55:20 INFO  : 'ps7_init' command is executed.
23:55:20 INFO  : 'ps7_post_config' command is executed.
23:55:20 INFO  : Context for processor 'ps7_cortexa9_0' is selected.
23:55:20 INFO  : The application 'D:/proyectosep2/IEE2463-SEP-Proyecto-2-Z8/music_player/vitis/music_player_sw/Debug/music_player_sw.elf' is downloaded to processor 'ps7_cortexa9_0'.
23:55:20 INFO  : 'configparams force-mem-access 0' command is executed.
23:55:20 INFO  : ----------------XSDB Script----------------
connect -url tcp:127.0.0.1:3121
targets -set -nocase -filter {name =~"APU*"}
rst -system
after 3000
targets -set -filter {jtag_cable_name =~ "Digilent Zybo Z7 210351B3FC8DA" && level==0 && jtag_device_ctx=="jsn-Zybo Z7-210351B3FC8DA-13722093-0"}
fpga -file D:/proyectosep2/IEE2463-SEP-Proyecto-2-Z8/music_player/vitis/music_player_sw/_ide/bitstream/design_1_wrapper.bit
targets -set -nocase -filter {name =~"APU*"}
loadhw -hw D:/proyectosep2/IEE2463-SEP-Proyecto-2-Z8/music_player/vitis/music_player/export/music_player/hw/design_1_wrapper.xsa -mem-ranges [list {0x40000000 0xbfffffff}] -regs
configparams force-mem-access 1
targets -set -nocase -filter {name =~"APU*"}
source D:/proyectosep2/IEE2463-SEP-Proyecto-2-Z8/music_player/vitis/music_player_sw/_ide/psinit/ps7_init.tcl
ps7_init
ps7_post_config
targets -set -nocase -filter {name =~ "*A9*#0"}
dow D:/proyectosep2/IEE2463-SEP-Proyecto-2-Z8/music_player/vitis/music_player_sw/Debug/music_player_sw.elf
configparams force-mem-access 0
----------------End of Script----------------

23:55:21 INFO  : Context for processor 'ps7_cortexa9_0' is selected.
23:55:21 INFO  : 'con' command is executed.
23:55:21 INFO  : ----------------XSDB Script (After Launch)----------------
targets -set -nocase -filter {name =~ "*A9*#0"}
con
----------------End of Script----------------

23:55:21 INFO  : Launch script is exported to file 'D:\proyectosep2\IEE2463-SEP-Proyecto-2-Z8\music_player\vitis\.sdk\launch_scripts\single_application_debug\systemdebugger_music_player_sw_system_standalone.tcl'
23:55:37 INFO  : Checking for BSP changes to sync application flags for project 'music_player_sw'...
23:55:39 ERROR : (XSDB Server)ERROR: [Hsi 55-1571] The design file D:/proyectosep2/IEE2463-SEP-Proyecto-2-Z8/music_player/vitis/music_player/export/music_player/hw/design_1_wrapper.xsa is already opened

23:55:45 INFO  : Disconnected from the channel tcfchan#23.
23:55:45 INFO  : Connected to target on host '127.0.0.1' and port '3121'.
23:55:45 INFO  : Jtag cable 'Digilent Zybo Z7 210351B3FC8DA' is selected.
23:55:45 INFO  : 'jtag frequency' command is executed.
23:55:45 INFO  : Context for 'APU' is selected.
23:55:45 INFO  : System reset is completed.
23:55:48 INFO  : 'after 3000' command is executed.
23:55:48 INFO  : 'targets -set -filter {jtag_cable_name =~ "Digilent Zybo Z7 210351B3FC8DA" && level==0 && jtag_device_ctx=="jsn-Zybo Z7-210351B3FC8DA-13722093-0"}' command is executed.
23:55:49 INFO  : FPGA configured successfully with bitstream "D:/proyectosep2/IEE2463-SEP-Proyecto-2-Z8/music_player/vitis/music_player_sw/_ide/bitstream/design_1_wrapper.bit"
23:55:49 INFO  : Context for 'APU' is selected.
23:55:51 INFO  : Hardware design and registers information is loaded from 'D:/proyectosep2/IEE2463-SEP-Proyecto-2-Z8/music_player/vitis/music_player/export/music_player/hw/design_1_wrapper.xsa'.
23:55:51 INFO  : 'configparams force-mem-access 1' command is executed.
23:55:51 INFO  : Context for 'APU' is selected.
23:55:51 INFO  : Sourcing of 'D:/proyectosep2/IEE2463-SEP-Proyecto-2-Z8/music_player/vitis/music_player_sw/_ide/psinit/ps7_init.tcl' is done.
23:55:52 INFO  : 'ps7_init' command is executed.
23:55:52 INFO  : 'ps7_post_config' command is executed.
23:55:52 INFO  : Context for processor 'ps7_cortexa9_0' is selected.
23:55:52 INFO  : The application 'D:/proyectosep2/IEE2463-SEP-Proyecto-2-Z8/music_player/vitis/music_player_sw/Debug/music_player_sw.elf' is downloaded to processor 'ps7_cortexa9_0'.
23:55:52 INFO  : 'configparams force-mem-access 0' command is executed.
23:55:52 INFO  : ----------------XSDB Script----------------
connect -url tcp:127.0.0.1:3121
targets -set -nocase -filter {name =~"APU*"}
rst -system
after 3000
targets -set -filter {jtag_cable_name =~ "Digilent Zybo Z7 210351B3FC8DA" && level==0 && jtag_device_ctx=="jsn-Zybo Z7-210351B3FC8DA-13722093-0"}
fpga -file D:/proyectosep2/IEE2463-SEP-Proyecto-2-Z8/music_player/vitis/music_player_sw/_ide/bitstream/design_1_wrapper.bit
targets -set -nocase -filter {name =~"APU*"}
loadhw -hw D:/proyectosep2/IEE2463-SEP-Proyecto-2-Z8/music_player/vitis/music_player/export/music_player/hw/design_1_wrapper.xsa -mem-ranges [list {0x40000000 0xbfffffff}] -regs
configparams force-mem-access 1
targets -set -nocase -filter {name =~"APU*"}
source D:/proyectosep2/IEE2463-SEP-Proyecto-2-Z8/music_player/vitis/music_player_sw/_ide/psinit/ps7_init.tcl
ps7_init
ps7_post_config
targets -set -nocase -filter {name =~ "*A9*#0"}
dow D:/proyectosep2/IEE2463-SEP-Proyecto-2-Z8/music_player/vitis/music_player_sw/Debug/music_player_sw.elf
configparams force-mem-access 0
----------------End of Script----------------

23:55:52 INFO  : Context for processor 'ps7_cortexa9_0' is selected.
23:55:52 INFO  : 'con' command is executed.
23:55:52 INFO  : ----------------XSDB Script (After Launch)----------------
targets -set -nocase -filter {name =~ "*A9*#0"}
con
----------------End of Script----------------

23:55:52 INFO  : Launch script is exported to file 'D:\proyectosep2\IEE2463-SEP-Proyecto-2-Z8\music_player\vitis\.sdk\launch_scripts\single_application_debug\systemdebugger_music_player_sw_system_standalone.tcl'
23:56:11 INFO  : Disconnected from the channel tcfchan#25.
23:56:11 INFO  : Connected to target on host '127.0.0.1' and port '3121'.
23:56:11 INFO  : Jtag cable 'Digilent Zybo Z7 210351B3FC8DA' is selected.
23:56:11 INFO  : 'jtag frequency' command is executed.
23:56:11 INFO  : Context for 'APU' is selected.
23:56:11 INFO  : System reset is completed.
23:56:14 INFO  : 'after 3000' command is executed.
23:56:14 INFO  : 'targets -set -filter {jtag_cable_name =~ "Digilent Zybo Z7 210351B3FC8DA" && level==0 && jtag_device_ctx=="jsn-Zybo Z7-210351B3FC8DA-13722093-0"}' command is executed.
23:56:16 INFO  : FPGA configured successfully with bitstream "D:/proyectosep2/IEE2463-SEP-Proyecto-2-Z8/music_player/vitis/music_player_sw/_ide/bitstream/design_1_wrapper.bit"
23:56:16 INFO  : Context for 'APU' is selected.
23:56:18 INFO  : Hardware design and registers information is loaded from 'D:/proyectosep2/IEE2463-SEP-Proyecto-2-Z8/music_player/vitis/music_player/export/music_player/hw/design_1_wrapper.xsa'.
23:56:18 INFO  : 'configparams force-mem-access 1' command is executed.
23:56:18 INFO  : Context for 'APU' is selected.
23:56:18 INFO  : Sourcing of 'D:/proyectosep2/IEE2463-SEP-Proyecto-2-Z8/music_player/vitis/music_player_sw/_ide/psinit/ps7_init.tcl' is done.
23:56:18 INFO  : 'ps7_init' command is executed.
23:56:19 INFO  : 'ps7_post_config' command is executed.
23:56:19 INFO  : Context for processor 'ps7_cortexa9_0' is selected.
23:56:19 INFO  : The application 'D:/proyectosep2/IEE2463-SEP-Proyecto-2-Z8/music_player/vitis/music_player_sw/Debug/music_player_sw.elf' is downloaded to processor 'ps7_cortexa9_0'.
23:56:19 INFO  : 'configparams force-mem-access 0' command is executed.
23:56:19 INFO  : ----------------XSDB Script----------------
connect -url tcp:127.0.0.1:3121
targets -set -nocase -filter {name =~"APU*"}
rst -system
after 3000
targets -set -filter {jtag_cable_name =~ "Digilent Zybo Z7 210351B3FC8DA" && level==0 && jtag_device_ctx=="jsn-Zybo Z7-210351B3FC8DA-13722093-0"}
fpga -file D:/proyectosep2/IEE2463-SEP-Proyecto-2-Z8/music_player/vitis/music_player_sw/_ide/bitstream/design_1_wrapper.bit
targets -set -nocase -filter {name =~"APU*"}
loadhw -hw D:/proyectosep2/IEE2463-SEP-Proyecto-2-Z8/music_player/vitis/music_player/export/music_player/hw/design_1_wrapper.xsa -mem-ranges [list {0x40000000 0xbfffffff}] -regs
configparams force-mem-access 1
targets -set -nocase -filter {name =~"APU*"}
source D:/proyectosep2/IEE2463-SEP-Proyecto-2-Z8/music_player/vitis/music_player_sw/_ide/psinit/ps7_init.tcl
ps7_init
ps7_post_config
targets -set -nocase -filter {name =~ "*A9*#0"}
dow D:/proyectosep2/IEE2463-SEP-Proyecto-2-Z8/music_player/vitis/music_player_sw/Debug/music_player_sw.elf
configparams force-mem-access 0
----------------End of Script----------------

23:56:19 INFO  : Context for processor 'ps7_cortexa9_0' is selected.
23:56:19 INFO  : 'con' command is executed.
23:56:19 INFO  : ----------------XSDB Script (After Launch)----------------
targets -set -nocase -filter {name =~ "*A9*#0"}
con
----------------End of Script----------------

23:56:19 INFO  : Launch script is exported to file 'D:\proyectosep2\IEE2463-SEP-Proyecto-2-Z8\music_player\vitis\.sdk\launch_scripts\single_application_debug\systemdebugger_music_player_sw_system_standalone.tcl'
23:56:46 INFO  : Checking for BSP changes to sync application flags for project 'music_player_sw'...
23:56:49 ERROR : (XSDB Server)ERROR: [Hsi 55-1571] The design file D:/proyectosep2/IEE2463-SEP-Proyecto-2-Z8/music_player/vitis/music_player/export/music_player/hw/design_1_wrapper.xsa is already opened

23:57:12 INFO  : Disconnected from the channel tcfchan#26.
23:57:12 INFO  : Connected to target on host '127.0.0.1' and port '3121'.
23:57:13 INFO  : Jtag cable 'Digilent Zybo Z7 210351B3FC8DA' is selected.
23:57:13 INFO  : 'jtag frequency' command is executed.
23:57:13 INFO  : Context for 'APU' is selected.
23:57:13 INFO  : System reset is completed.
23:57:16 INFO  : 'after 3000' command is executed.
23:57:16 INFO  : 'targets -set -filter {jtag_cable_name =~ "Digilent Zybo Z7 210351B3FC8DA" && level==0 && jtag_device_ctx=="jsn-Zybo Z7-210351B3FC8DA-13722093-0"}' command is executed.
23:57:17 INFO  : FPGA configured successfully with bitstream "D:/proyectosep2/IEE2463-SEP-Proyecto-2-Z8/music_player/vitis/music_player_sw/_ide/bitstream/design_1_wrapper.bit"
23:57:17 INFO  : Context for 'APU' is selected.
23:57:19 INFO  : Hardware design and registers information is loaded from 'D:/proyectosep2/IEE2463-SEP-Proyecto-2-Z8/music_player/vitis/music_player/export/music_player/hw/design_1_wrapper.xsa'.
23:57:19 INFO  : 'configparams force-mem-access 1' command is executed.
23:57:19 INFO  : Context for 'APU' is selected.
23:57:19 INFO  : Sourcing of 'D:/proyectosep2/IEE2463-SEP-Proyecto-2-Z8/music_player/vitis/music_player_sw/_ide/psinit/ps7_init.tcl' is done.
23:57:20 INFO  : 'ps7_init' command is executed.
23:57:20 INFO  : 'ps7_post_config' command is executed.
23:57:20 INFO  : Context for processor 'ps7_cortexa9_0' is selected.
23:57:20 INFO  : The application 'D:/proyectosep2/IEE2463-SEP-Proyecto-2-Z8/music_player/vitis/music_player_sw/Debug/music_player_sw.elf' is downloaded to processor 'ps7_cortexa9_0'.
23:57:20 INFO  : 'configparams force-mem-access 0' command is executed.
23:57:20 INFO  : ----------------XSDB Script----------------
connect -url tcp:127.0.0.1:3121
targets -set -nocase -filter {name =~"APU*"}
rst -system
after 3000
targets -set -filter {jtag_cable_name =~ "Digilent Zybo Z7 210351B3FC8DA" && level==0 && jtag_device_ctx=="jsn-Zybo Z7-210351B3FC8DA-13722093-0"}
fpga -file D:/proyectosep2/IEE2463-SEP-Proyecto-2-Z8/music_player/vitis/music_player_sw/_ide/bitstream/design_1_wrapper.bit
targets -set -nocase -filter {name =~"APU*"}
loadhw -hw D:/proyectosep2/IEE2463-SEP-Proyecto-2-Z8/music_player/vitis/music_player/export/music_player/hw/design_1_wrapper.xsa -mem-ranges [list {0x40000000 0xbfffffff}] -regs
configparams force-mem-access 1
targets -set -nocase -filter {name =~"APU*"}
source D:/proyectosep2/IEE2463-SEP-Proyecto-2-Z8/music_player/vitis/music_player_sw/_ide/psinit/ps7_init.tcl
ps7_init
ps7_post_config
targets -set -nocase -filter {name =~ "*A9*#0"}
dow D:/proyectosep2/IEE2463-SEP-Proyecto-2-Z8/music_player/vitis/music_player_sw/Debug/music_player_sw.elf
configparams force-mem-access 0
----------------End of Script----------------

23:57:20 INFO  : Context for processor 'ps7_cortexa9_0' is selected.
23:57:20 INFO  : 'con' command is executed.
23:57:20 INFO  : ----------------XSDB Script (After Launch)----------------
targets -set -nocase -filter {name =~ "*A9*#0"}
con
----------------End of Script----------------

23:57:20 INFO  : Launch script is exported to file 'D:\proyectosep2\IEE2463-SEP-Proyecto-2-Z8\music_player\vitis\.sdk\launch_scripts\single_application_debug\systemdebugger_music_player_sw_system_standalone.tcl'
23:57:36 INFO  : Checking for BSP changes to sync application flags for project 'music_player_sw'...
23:57:38 ERROR : (XSDB Server)ERROR: [Hsi 55-1571] The design file D:/proyectosep2/IEE2463-SEP-Proyecto-2-Z8/music_player/vitis/music_player/export/music_player/hw/design_1_wrapper.xsa is already opened

23:57:58 INFO  : Checking for BSP changes to sync application flags for project 'music_player_sw'...
23:58:00 ERROR : (XSDB Server)ERROR: [Hsi 55-1571] The design file D:/proyectosep2/IEE2463-SEP-Proyecto-2-Z8/music_player/vitis/music_player/export/music_player/hw/design_1_wrapper.xsa is already opened

23:58:13 INFO  : Disconnected from the channel tcfchan#28.
23:58:13 INFO  : Connected to target on host '127.0.0.1' and port '3121'.
23:58:13 INFO  : Jtag cable 'Digilent Zybo Z7 210351B3FC8DA' is selected.
23:58:13 INFO  : 'jtag frequency' command is executed.
23:58:13 INFO  : Context for 'APU' is selected.
23:58:13 INFO  : System reset is completed.
23:58:16 INFO  : 'after 3000' command is executed.
23:58:16 INFO  : 'targets -set -filter {jtag_cable_name =~ "Digilent Zybo Z7 210351B3FC8DA" && level==0 && jtag_device_ctx=="jsn-Zybo Z7-210351B3FC8DA-13722093-0"}' command is executed.
23:58:17 INFO  : FPGA configured successfully with bitstream "D:/proyectosep2/IEE2463-SEP-Proyecto-2-Z8/music_player/vitis/music_player_sw/_ide/bitstream/design_1_wrapper.bit"
23:58:17 INFO  : Context for 'APU' is selected.
23:58:19 INFO  : Hardware design and registers information is loaded from 'D:/proyectosep2/IEE2463-SEP-Proyecto-2-Z8/music_player/vitis/music_player/export/music_player/hw/design_1_wrapper.xsa'.
23:58:19 INFO  : 'configparams force-mem-access 1' command is executed.
23:58:19 INFO  : Context for 'APU' is selected.
23:58:19 INFO  : Sourcing of 'D:/proyectosep2/IEE2463-SEP-Proyecto-2-Z8/music_player/vitis/music_player_sw/_ide/psinit/ps7_init.tcl' is done.
23:58:20 INFO  : 'ps7_init' command is executed.
23:58:20 INFO  : 'ps7_post_config' command is executed.
23:58:20 INFO  : Context for processor 'ps7_cortexa9_0' is selected.
23:58:20 INFO  : The application 'D:/proyectosep2/IEE2463-SEP-Proyecto-2-Z8/music_player/vitis/music_player_sw/Debug/music_player_sw.elf' is downloaded to processor 'ps7_cortexa9_0'.
23:58:20 INFO  : 'configparams force-mem-access 0' command is executed.
23:58:20 INFO  : ----------------XSDB Script----------------
connect -url tcp:127.0.0.1:3121
targets -set -nocase -filter {name =~"APU*"}
rst -system
after 3000
targets -set -filter {jtag_cable_name =~ "Digilent Zybo Z7 210351B3FC8DA" && level==0 && jtag_device_ctx=="jsn-Zybo Z7-210351B3FC8DA-13722093-0"}
fpga -file D:/proyectosep2/IEE2463-SEP-Proyecto-2-Z8/music_player/vitis/music_player_sw/_ide/bitstream/design_1_wrapper.bit
targets -set -nocase -filter {name =~"APU*"}
loadhw -hw D:/proyectosep2/IEE2463-SEP-Proyecto-2-Z8/music_player/vitis/music_player/export/music_player/hw/design_1_wrapper.xsa -mem-ranges [list {0x40000000 0xbfffffff}] -regs
configparams force-mem-access 1
targets -set -nocase -filter {name =~"APU*"}
source D:/proyectosep2/IEE2463-SEP-Proyecto-2-Z8/music_player/vitis/music_player_sw/_ide/psinit/ps7_init.tcl
ps7_init
ps7_post_config
targets -set -nocase -filter {name =~ "*A9*#0"}
dow D:/proyectosep2/IEE2463-SEP-Proyecto-2-Z8/music_player/vitis/music_player_sw/Debug/music_player_sw.elf
configparams force-mem-access 0
----------------End of Script----------------

23:58:20 INFO  : Context for processor 'ps7_cortexa9_0' is selected.
23:58:20 INFO  : 'con' command is executed.
23:58:20 INFO  : ----------------XSDB Script (After Launch)----------------
targets -set -nocase -filter {name =~ "*A9*#0"}
con
----------------End of Script----------------

23:58:20 INFO  : Launch script is exported to file 'D:\proyectosep2\IEE2463-SEP-Proyecto-2-Z8\music_player\vitis\.sdk\launch_scripts\single_application_debug\systemdebugger_music_player_sw_system_standalone.tcl'
00:15:20 INFO  : Checking for BSP changes to sync application flags for project 'music_player_sw'...
00:15:22 ERROR : (XSDB Server)ERROR: [Hsi 55-1571] The design file D:/proyectosep2/IEE2463-SEP-Proyecto-2-Z8/music_player/vitis/music_player/export/music_player/hw/design_1_wrapper.xsa is already opened

00:15:35 INFO  : Disconnected from the channel tcfchan#31.
00:15:35 INFO  : Connected to target on host '127.0.0.1' and port '3121'.
00:15:36 INFO  : Jtag cable 'Digilent Zybo Z7 210351B3FC8DA' is selected.
00:15:36 INFO  : 'jtag frequency' command is executed.
00:15:36 INFO  : Context for 'APU' is selected.
00:15:36 INFO  : System reset is completed.
00:15:40 INFO  : 'after 3000' command is executed.
00:15:40 INFO  : 'targets -set -filter {jtag_cable_name =~ "Digilent Zybo Z7 210351B3FC8DA" && level==0 && jtag_device_ctx=="jsn-Zybo Z7-210351B3FC8DA-13722093-0"}' command is executed.
00:15:41 INFO  : FPGA configured successfully with bitstream "D:/proyectosep2/IEE2463-SEP-Proyecto-2-Z8/music_player/vitis/music_player_sw/_ide/bitstream/design_1_wrapper.bit"
00:15:41 INFO  : Context for 'APU' is selected.
00:15:43 INFO  : Hardware design and registers information is loaded from 'D:/proyectosep2/IEE2463-SEP-Proyecto-2-Z8/music_player/vitis/music_player/export/music_player/hw/design_1_wrapper.xsa'.
00:15:43 INFO  : 'configparams force-mem-access 1' command is executed.
00:15:43 INFO  : Context for 'APU' is selected.
00:15:43 INFO  : Sourcing of 'D:/proyectosep2/IEE2463-SEP-Proyecto-2-Z8/music_player/vitis/music_player_sw/_ide/psinit/ps7_init.tcl' is done.
00:15:44 INFO  : 'ps7_init' command is executed.
00:15:44 INFO  : 'ps7_post_config' command is executed.
00:15:44 INFO  : Context for processor 'ps7_cortexa9_0' is selected.
00:15:44 INFO  : The application 'D:/proyectosep2/IEE2463-SEP-Proyecto-2-Z8/music_player/vitis/music_player_sw/Debug/music_player_sw.elf' is downloaded to processor 'ps7_cortexa9_0'.
00:15:44 INFO  : 'configparams force-mem-access 0' command is executed.
00:15:44 INFO  : ----------------XSDB Script----------------
connect -url tcp:127.0.0.1:3121
targets -set -nocase -filter {name =~"APU*"}
rst -system
after 3000
targets -set -filter {jtag_cable_name =~ "Digilent Zybo Z7 210351B3FC8DA" && level==0 && jtag_device_ctx=="jsn-Zybo Z7-210351B3FC8DA-13722093-0"}
fpga -file D:/proyectosep2/IEE2463-SEP-Proyecto-2-Z8/music_player/vitis/music_player_sw/_ide/bitstream/design_1_wrapper.bit
targets -set -nocase -filter {name =~"APU*"}
loadhw -hw D:/proyectosep2/IEE2463-SEP-Proyecto-2-Z8/music_player/vitis/music_player/export/music_player/hw/design_1_wrapper.xsa -mem-ranges [list {0x40000000 0xbfffffff}] -regs
configparams force-mem-access 1
targets -set -nocase -filter {name =~"APU*"}
source D:/proyectosep2/IEE2463-SEP-Proyecto-2-Z8/music_player/vitis/music_player_sw/_ide/psinit/ps7_init.tcl
ps7_init
ps7_post_config
targets -set -nocase -filter {name =~ "*A9*#0"}
dow D:/proyectosep2/IEE2463-SEP-Proyecto-2-Z8/music_player/vitis/music_player_sw/Debug/music_player_sw.elf
configparams force-mem-access 0
----------------End of Script----------------

00:15:44 INFO  : Context for processor 'ps7_cortexa9_0' is selected.
00:15:44 INFO  : 'con' command is executed.
00:15:44 INFO  : ----------------XSDB Script (After Launch)----------------
targets -set -nocase -filter {name =~ "*A9*#0"}
con
----------------End of Script----------------

00:15:44 INFO  : Launch script is exported to file 'D:\proyectosep2\IEE2463-SEP-Proyecto-2-Z8\music_player\vitis\.sdk\launch_scripts\single_application_debug\systemdebugger_music_player_sw_system_standalone.tcl'
00:17:28 INFO  : Checking for BSP changes to sync application flags for project 'music_player_sw'...
00:17:31 ERROR : (XSDB Server)ERROR: [Hsi 55-1571] The design file D:/proyectosep2/IEE2463-SEP-Proyecto-2-Z8/music_player/vitis/music_player/export/music_player/hw/design_1_wrapper.xsa is already opened

00:17:37 INFO  : Disconnected from the channel tcfchan#33.
00:17:37 INFO  : Connected to target on host '127.0.0.1' and port '3121'.
00:17:37 INFO  : Jtag cable 'Digilent Zybo Z7 210351B3FC8DA' is selected.
00:17:37 INFO  : 'jtag frequency' command is executed.
00:17:37 INFO  : Context for 'APU' is selected.
00:17:37 INFO  : System reset is completed.
00:17:40 INFO  : 'after 3000' command is executed.
00:17:40 INFO  : 'targets -set -filter {jtag_cable_name =~ "Digilent Zybo Z7 210351B3FC8DA" && level==0 && jtag_device_ctx=="jsn-Zybo Z7-210351B3FC8DA-13722093-0"}' command is executed.
00:17:41 INFO  : FPGA configured successfully with bitstream "D:/proyectosep2/IEE2463-SEP-Proyecto-2-Z8/music_player/vitis/music_player_sw/_ide/bitstream/design_1_wrapper.bit"
00:17:41 INFO  : Context for 'APU' is selected.
00:17:44 INFO  : Hardware design and registers information is loaded from 'D:/proyectosep2/IEE2463-SEP-Proyecto-2-Z8/music_player/vitis/music_player/export/music_player/hw/design_1_wrapper.xsa'.
00:17:44 INFO  : 'configparams force-mem-access 1' command is executed.
00:17:44 INFO  : Context for 'APU' is selected.
00:17:44 INFO  : Sourcing of 'D:/proyectosep2/IEE2463-SEP-Proyecto-2-Z8/music_player/vitis/music_player_sw/_ide/psinit/ps7_init.tcl' is done.
00:17:44 INFO  : 'ps7_init' command is executed.
00:17:44 INFO  : 'ps7_post_config' command is executed.
00:17:44 INFO  : Context for processor 'ps7_cortexa9_0' is selected.
00:17:44 INFO  : The application 'D:/proyectosep2/IEE2463-SEP-Proyecto-2-Z8/music_player/vitis/music_player_sw/Debug/music_player_sw.elf' is downloaded to processor 'ps7_cortexa9_0'.
00:17:44 INFO  : 'configparams force-mem-access 0' command is executed.
00:17:44 INFO  : ----------------XSDB Script----------------
connect -url tcp:127.0.0.1:3121
targets -set -nocase -filter {name =~"APU*"}
rst -system
after 3000
targets -set -filter {jtag_cable_name =~ "Digilent Zybo Z7 210351B3FC8DA" && level==0 && jtag_device_ctx=="jsn-Zybo Z7-210351B3FC8DA-13722093-0"}
fpga -file D:/proyectosep2/IEE2463-SEP-Proyecto-2-Z8/music_player/vitis/music_player_sw/_ide/bitstream/design_1_wrapper.bit
targets -set -nocase -filter {name =~"APU*"}
loadhw -hw D:/proyectosep2/IEE2463-SEP-Proyecto-2-Z8/music_player/vitis/music_player/export/music_player/hw/design_1_wrapper.xsa -mem-ranges [list {0x40000000 0xbfffffff}] -regs
configparams force-mem-access 1
targets -set -nocase -filter {name =~"APU*"}
source D:/proyectosep2/IEE2463-SEP-Proyecto-2-Z8/music_player/vitis/music_player_sw/_ide/psinit/ps7_init.tcl
ps7_init
ps7_post_config
targets -set -nocase -filter {name =~ "*A9*#0"}
dow D:/proyectosep2/IEE2463-SEP-Proyecto-2-Z8/music_player/vitis/music_player_sw/Debug/music_player_sw.elf
configparams force-mem-access 0
----------------End of Script----------------

00:17:44 INFO  : Context for processor 'ps7_cortexa9_0' is selected.
00:17:44 INFO  : 'con' command is executed.
00:17:44 INFO  : ----------------XSDB Script (After Launch)----------------
targets -set -nocase -filter {name =~ "*A9*#0"}
con
----------------End of Script----------------

00:17:44 INFO  : Launch script is exported to file 'D:\proyectosep2\IEE2463-SEP-Proyecto-2-Z8\music_player\vitis\.sdk\launch_scripts\single_application_debug\systemdebugger_music_player_sw_system_standalone.tcl'
00:21:00 INFO  : Checking for BSP changes to sync application flags for project 'music_player_sw'...
00:21:02 ERROR : (XSDB Server)ERROR: [Hsi 55-1571] The design file D:/proyectosep2/IEE2463-SEP-Proyecto-2-Z8/music_player/vitis/music_player/export/music_player/hw/design_1_wrapper.xsa is already opened

00:21:11 INFO  : Disconnected from the channel tcfchan#35.
00:21:11 INFO  : Connected to target on host '127.0.0.1' and port '3121'.
00:21:21 INFO  : Jtag cable 'Digilent Zybo Z7 210351B3FC8DA' is selected.
00:21:21 INFO  : 'jtag frequency' command is executed.
00:21:21 INFO  : Context for 'APU' is selected.
00:21:21 INFO  : System reset is completed.
00:21:24 INFO  : 'after 3000' command is executed.
00:21:24 INFO  : 'targets -set -filter {jtag_cable_name =~ "Digilent Zybo Z7 210351B3FC8DA" && level==0 && jtag_device_ctx=="jsn-Zybo Z7-210351B3FC8DA-13722093-0"}' command is executed.
00:21:25 INFO  : FPGA configured successfully with bitstream "D:/proyectosep2/IEE2463-SEP-Proyecto-2-Z8/music_player/vitis/music_player_sw/_ide/bitstream/design_1_wrapper.bit"
00:21:25 INFO  : Context for 'APU' is selected.
00:21:27 INFO  : Hardware design and registers information is loaded from 'D:/proyectosep2/IEE2463-SEP-Proyecto-2-Z8/music_player/vitis/music_player/export/music_player/hw/design_1_wrapper.xsa'.
00:21:27 INFO  : 'configparams force-mem-access 1' command is executed.
00:21:27 INFO  : Context for 'APU' is selected.
00:21:27 INFO  : Sourcing of 'D:/proyectosep2/IEE2463-SEP-Proyecto-2-Z8/music_player/vitis/music_player_sw/_ide/psinit/ps7_init.tcl' is done.
00:21:28 INFO  : 'ps7_init' command is executed.
00:21:28 INFO  : 'ps7_post_config' command is executed.
00:21:28 INFO  : Context for processor 'ps7_cortexa9_0' is selected.
00:21:28 INFO  : The application 'D:/proyectosep2/IEE2463-SEP-Proyecto-2-Z8/music_player/vitis/music_player_sw/Debug/music_player_sw.elf' is downloaded to processor 'ps7_cortexa9_0'.
00:21:28 INFO  : 'configparams force-mem-access 0' command is executed.
00:21:28 INFO  : ----------------XSDB Script----------------
connect -url tcp:127.0.0.1:3121
targets -set -nocase -filter {name =~"APU*"}
rst -system
after 3000
targets -set -filter {jtag_cable_name =~ "Digilent Zybo Z7 210351B3FC8DA" && level==0 && jtag_device_ctx=="jsn-Zybo Z7-210351B3FC8DA-13722093-0"}
fpga -file D:/proyectosep2/IEE2463-SEP-Proyecto-2-Z8/music_player/vitis/music_player_sw/_ide/bitstream/design_1_wrapper.bit
targets -set -nocase -filter {name =~"APU*"}
loadhw -hw D:/proyectosep2/IEE2463-SEP-Proyecto-2-Z8/music_player/vitis/music_player/export/music_player/hw/design_1_wrapper.xsa -mem-ranges [list {0x40000000 0xbfffffff}] -regs
configparams force-mem-access 1
targets -set -nocase -filter {name =~"APU*"}
source D:/proyectosep2/IEE2463-SEP-Proyecto-2-Z8/music_player/vitis/music_player_sw/_ide/psinit/ps7_init.tcl
ps7_init
ps7_post_config
targets -set -nocase -filter {name =~ "*A9*#0"}
dow D:/proyectosep2/IEE2463-SEP-Proyecto-2-Z8/music_player/vitis/music_player_sw/Debug/music_player_sw.elf
configparams force-mem-access 0
----------------End of Script----------------

00:21:28 INFO  : Context for processor 'ps7_cortexa9_0' is selected.
00:21:28 INFO  : 'con' command is executed.
00:21:28 INFO  : ----------------XSDB Script (After Launch)----------------
targets -set -nocase -filter {name =~ "*A9*#0"}
con
----------------End of Script----------------

00:21:28 INFO  : Launch script is exported to file 'D:\proyectosep2\IEE2463-SEP-Proyecto-2-Z8\music_player\vitis\.sdk\launch_scripts\single_application_debug\systemdebugger_music_player_sw_system_standalone.tcl'
00:22:15 INFO  : Successfully done sdx_reload_mss "D:/proyectosep2/IEE2463-SEP-Proyecto-2-Z8/music_player/vitis/music_player/ps7_cortexa9_0/standalone_domain/bsp/system.mss"
00:22:15 INFO  : Successfully done sdx_reload_mss "D:/proyectosep2/IEE2463-SEP-Proyecto-2-Z8/music_player/vitis/music_player/zynq_fsbl/zynq_fsbl_bsp/system.mss"
00:22:35 INFO  : Successfully done sdx_reload_mss "D:/proyectosep2/IEE2463-SEP-Proyecto-2-Z8/music_player/vitis/music_player/ps7_cortexa9_0/standalone_domain/bsp/system.mss"
00:22:35 INFO  : No changes in MSS file content so sources will not be generated.
00:29:18 INFO  : Disconnected from the channel tcfchan#37.
00:29:18 INFO  : Connected to target on host '127.0.0.1' and port '3121'.
00:29:18 INFO  : Jtag cable 'Digilent Zybo Z7 210351B3FC8DA' is selected.
00:29:18 INFO  : 'jtag frequency' command is executed.
00:29:18 INFO  : Context for 'APU' is selected.
00:29:18 INFO  : System reset is completed.
00:29:21 INFO  : 'after 3000' command is executed.
00:29:21 INFO  : 'targets -set -filter {jtag_cable_name =~ "Digilent Zybo Z7 210351B3FC8DA" && level==0 && jtag_device_ctx=="jsn-Zybo Z7-210351B3FC8DA-13722093-0"}' command is executed.
00:29:22 INFO  : FPGA configured successfully with bitstream "D:/proyectosep2/IEE2463-SEP-Proyecto-2-Z8/music_player/vitis/music_player_sw/_ide/bitstream/design_1_wrapper.bit"
00:29:22 INFO  : Context for 'APU' is selected.
00:29:25 INFO  : Hardware design and registers information is loaded from 'D:/proyectosep2/IEE2463-SEP-Proyecto-2-Z8/music_player/vitis/music_player/export/music_player/hw/design_1_wrapper.xsa'.
00:29:25 INFO  : 'configparams force-mem-access 1' command is executed.
00:29:25 INFO  : Context for 'APU' is selected.
00:29:25 INFO  : Sourcing of 'D:/proyectosep2/IEE2463-SEP-Proyecto-2-Z8/music_player/vitis/music_player_sw/_ide/psinit/ps7_init.tcl' is done.
00:29:25 INFO  : 'ps7_init' command is executed.
00:29:25 INFO  : 'ps7_post_config' command is executed.
00:29:25 INFO  : Context for processor 'ps7_cortexa9_0' is selected.
00:29:25 INFO  : The application 'D:/proyectosep2/IEE2463-SEP-Proyecto-2-Z8/music_player/vitis/music_player_sw/Debug/music_player_sw.elf' is downloaded to processor 'ps7_cortexa9_0'.
00:29:25 INFO  : 'configparams force-mem-access 0' command is executed.
00:29:25 INFO  : ----------------XSDB Script----------------
connect -url tcp:127.0.0.1:3121
targets -set -nocase -filter {name =~"APU*"}
rst -system
after 3000
targets -set -filter {jtag_cable_name =~ "Digilent Zybo Z7 210351B3FC8DA" && level==0 && jtag_device_ctx=="jsn-Zybo Z7-210351B3FC8DA-13722093-0"}
fpga -file D:/proyectosep2/IEE2463-SEP-Proyecto-2-Z8/music_player/vitis/music_player_sw/_ide/bitstream/design_1_wrapper.bit
targets -set -nocase -filter {name =~"APU*"}
loadhw -hw D:/proyectosep2/IEE2463-SEP-Proyecto-2-Z8/music_player/vitis/music_player/export/music_player/hw/design_1_wrapper.xsa -mem-ranges [list {0x40000000 0xbfffffff}] -regs
configparams force-mem-access 1
targets -set -nocase -filter {name =~"APU*"}
source D:/proyectosep2/IEE2463-SEP-Proyecto-2-Z8/music_player/vitis/music_player_sw/_ide/psinit/ps7_init.tcl
ps7_init
ps7_post_config
targets -set -nocase -filter {name =~ "*A9*#0"}
dow D:/proyectosep2/IEE2463-SEP-Proyecto-2-Z8/music_player/vitis/music_player_sw/Debug/music_player_sw.elf
configparams force-mem-access 0
----------------End of Script----------------

00:29:25 INFO  : Context for processor 'ps7_cortexa9_0' is selected.
00:29:25 INFO  : 'con' command is executed.
00:29:25 INFO  : ----------------XSDB Script (After Launch)----------------
targets -set -nocase -filter {name =~ "*A9*#0"}
con
----------------End of Script----------------

00:29:25 INFO  : Launch script is exported to file 'D:\proyectosep2\IEE2463-SEP-Proyecto-2-Z8\music_player\vitis\.sdk\launch_scripts\single_application_debug\systemdebugger_music_player_sw_system_standalone.tcl'
00:38:38 INFO  : Hardware specification for platform project 'music_player' is updated.
00:38:47 INFO  : Result from executing command 'getProjects': music_player
00:38:47 INFO  : Result from executing command 'getPlatforms': music_player|D:/proyectosep2/IEE2463-SEP-Proyecto-2-Z8/music_player/vitis/music_player/export/music_player/music_player.xpfm
00:38:52 INFO  : Checking for BSP changes to sync application flags for project 'music_player_sw'...
00:38:53 INFO  : The hardware specfication used by project 'music_player_sw' is out of sync with the platform. Resource files extracted from the hardware specfiication will be updated.
00:38:53 INFO  : The file 'D:\proyectosep2\IEE2463-SEP-Proyecto-2-Z8\music_player\vitis\music_player_sw\_ide\bitstream\design_1_wrapper.bit' stored in project is removed.
00:38:53 INFO  : The updated bitstream files are copied from platform to folder 'D:\proyectosep2\IEE2463-SEP-Proyecto-2-Z8\music_player\vitis\music_player_sw\_ide\bitstream' in project 'music_player_sw'.
00:38:53 INFO  : The file 'D:\proyectosep2\IEE2463-SEP-Proyecto-2-Z8\music_player\vitis\music_player_sw\_ide\psinit\ps7_init.tcl' stored in project is removed.
00:38:57 INFO  : The updated ps init files are copied from platform to folder 'D:\proyectosep2\IEE2463-SEP-Proyecto-2-Z8\music_player\vitis\music_player_sw\_ide\psinit' in project 'music_player_sw'.
00:39:28 INFO  : Checking for BSP changes to sync application flags for project 'music_player_sw'...
00:40:03 INFO  : Disconnected from the channel tcfchan#38.
00:40:03 INFO  : Connected to target on host '127.0.0.1' and port '3121'.
00:40:03 INFO  : Jtag cable 'Digilent Zybo Z7 210351B3FC8DA' is selected.
00:40:03 INFO  : 'jtag frequency' command is executed.
00:40:03 INFO  : Context for 'APU' is selected.
00:40:03 INFO  : System reset is completed.
00:40:06 INFO  : 'after 3000' command is executed.
00:40:06 INFO  : 'targets -set -filter {jtag_cable_name =~ "Digilent Zybo Z7 210351B3FC8DA" && level==0 && jtag_device_ctx=="jsn-Zybo Z7-210351B3FC8DA-13722093-0"}' command is executed.
00:40:07 INFO  : FPGA configured successfully with bitstream "D:/proyectosep2/IEE2463-SEP-Proyecto-2-Z8/music_player/vitis/music_player_sw/_ide/bitstream/design_1_wrapper.bit"
00:40:07 INFO  : Context for 'APU' is selected.
00:40:08 INFO  : Hardware design and registers information is loaded from 'D:/proyectosep2/IEE2463-SEP-Proyecto-2-Z8/music_player/vitis/music_player/export/music_player/hw/design_1_wrapper.xsa'.
00:40:08 INFO  : 'configparams force-mem-access 1' command is executed.
00:40:08 INFO  : Context for 'APU' is selected.
00:40:08 INFO  : Sourcing of 'D:/proyectosep2/IEE2463-SEP-Proyecto-2-Z8/music_player/vitis/music_player_sw/_ide/psinit/ps7_init.tcl' is done.
00:40:08 INFO  : 'ps7_init' command is executed.
00:40:08 INFO  : 'ps7_post_config' command is executed.
00:40:08 INFO  : Context for processor 'ps7_cortexa9_0' is selected.
00:40:08 INFO  : The application 'D:/proyectosep2/IEE2463-SEP-Proyecto-2-Z8/music_player/vitis/music_player_sw/Debug/music_player_sw.elf' is downloaded to processor 'ps7_cortexa9_0'.
00:40:08 INFO  : 'configparams force-mem-access 0' command is executed.
00:40:08 INFO  : ----------------XSDB Script----------------
connect -url tcp:127.0.0.1:3121
targets -set -nocase -filter {name =~"APU*"}
rst -system
after 3000
targets -set -filter {jtag_cable_name =~ "Digilent Zybo Z7 210351B3FC8DA" && level==0 && jtag_device_ctx=="jsn-Zybo Z7-210351B3FC8DA-13722093-0"}
fpga -file D:/proyectosep2/IEE2463-SEP-Proyecto-2-Z8/music_player/vitis/music_player_sw/_ide/bitstream/design_1_wrapper.bit
targets -set -nocase -filter {name =~"APU*"}
loadhw -hw D:/proyectosep2/IEE2463-SEP-Proyecto-2-Z8/music_player/vitis/music_player/export/music_player/hw/design_1_wrapper.xsa -mem-ranges [list {0x40000000 0xbfffffff}] -regs
configparams force-mem-access 1
targets -set -nocase -filter {name =~"APU*"}
source D:/proyectosep2/IEE2463-SEP-Proyecto-2-Z8/music_player/vitis/music_player_sw/_ide/psinit/ps7_init.tcl
ps7_init
ps7_post_config
targets -set -nocase -filter {name =~ "*A9*#0"}
dow D:/proyectosep2/IEE2463-SEP-Proyecto-2-Z8/music_player/vitis/music_player_sw/Debug/music_player_sw.elf
configparams force-mem-access 0
----------------End of Script----------------

00:40:08 INFO  : Context for processor 'ps7_cortexa9_0' is selected.
00:40:08 INFO  : 'con' command is executed.
00:40:08 INFO  : ----------------XSDB Script (After Launch)----------------
targets -set -nocase -filter {name =~ "*A9*#0"}
con
----------------End of Script----------------

00:40:08 INFO  : Launch script is exported to file 'D:\proyectosep2\IEE2463-SEP-Proyecto-2-Z8\music_player\vitis\.sdk\launch_scripts\single_application_debug\systemdebugger_music_player_sw_system_standalone.tcl'
00:41:24 INFO  : Checking for BSP changes to sync application flags for project 'music_player_sw'...
00:41:42 INFO  : Checking for BSP changes to sync application flags for project 'music_player_sw'...
00:41:50 INFO  : Disconnected from the channel tcfchan#42.
00:41:51 INFO  : Connected to target on host '127.0.0.1' and port '3121'.
00:41:51 INFO  : Jtag cable 'Digilent Zybo Z7 210351B3FC8DA' is selected.
00:41:51 INFO  : 'jtag frequency' command is executed.
00:41:51 INFO  : Context for 'APU' is selected.
00:41:51 INFO  : System reset is completed.
00:41:54 INFO  : 'after 3000' command is executed.
00:41:54 INFO  : 'targets -set -filter {jtag_cable_name =~ "Digilent Zybo Z7 210351B3FC8DA" && level==0 && jtag_device_ctx=="jsn-Zybo Z7-210351B3FC8DA-13722093-0"}' command is executed.
00:41:55 INFO  : FPGA configured successfully with bitstream "D:/proyectosep2/IEE2463-SEP-Proyecto-2-Z8/music_player/vitis/music_player_sw/_ide/bitstream/design_1_wrapper.bit"
00:41:55 INFO  : Context for 'APU' is selected.
00:41:55 INFO  : Hardware design and registers information is loaded from 'D:/proyectosep2/IEE2463-SEP-Proyecto-2-Z8/music_player/vitis/music_player/export/music_player/hw/design_1_wrapper.xsa'.
00:41:55 INFO  : 'configparams force-mem-access 1' command is executed.
00:41:55 INFO  : Context for 'APU' is selected.
00:41:55 INFO  : Sourcing of 'D:/proyectosep2/IEE2463-SEP-Proyecto-2-Z8/music_player/vitis/music_player_sw/_ide/psinit/ps7_init.tcl' is done.
00:41:55 INFO  : 'ps7_init' command is executed.
00:41:55 INFO  : 'ps7_post_config' command is executed.
00:41:55 INFO  : Context for processor 'ps7_cortexa9_0' is selected.
00:41:56 INFO  : The application 'D:/proyectosep2/IEE2463-SEP-Proyecto-2-Z8/music_player/vitis/music_player_sw/Debug/music_player_sw.elf' is downloaded to processor 'ps7_cortexa9_0'.
00:41:56 INFO  : 'configparams force-mem-access 0' command is executed.
00:41:56 INFO  : ----------------XSDB Script----------------
connect -url tcp:127.0.0.1:3121
targets -set -nocase -filter {name =~"APU*"}
rst -system
after 3000
targets -set -filter {jtag_cable_name =~ "Digilent Zybo Z7 210351B3FC8DA" && level==0 && jtag_device_ctx=="jsn-Zybo Z7-210351B3FC8DA-13722093-0"}
fpga -file D:/proyectosep2/IEE2463-SEP-Proyecto-2-Z8/music_player/vitis/music_player_sw/_ide/bitstream/design_1_wrapper.bit
targets -set -nocase -filter {name =~"APU*"}
loadhw -hw D:/proyectosep2/IEE2463-SEP-Proyecto-2-Z8/music_player/vitis/music_player/export/music_player/hw/design_1_wrapper.xsa -mem-ranges [list {0x40000000 0xbfffffff}] -regs
configparams force-mem-access 1
targets -set -nocase -filter {name =~"APU*"}
source D:/proyectosep2/IEE2463-SEP-Proyecto-2-Z8/music_player/vitis/music_player_sw/_ide/psinit/ps7_init.tcl
ps7_init
ps7_post_config
targets -set -nocase -filter {name =~ "*A9*#0"}
dow D:/proyectosep2/IEE2463-SEP-Proyecto-2-Z8/music_player/vitis/music_player_sw/Debug/music_player_sw.elf
configparams force-mem-access 0
----------------End of Script----------------

00:41:56 INFO  : Context for processor 'ps7_cortexa9_0' is selected.
00:41:56 INFO  : 'con' command is executed.
00:41:56 INFO  : ----------------XSDB Script (After Launch)----------------
targets -set -nocase -filter {name =~ "*A9*#0"}
con
----------------End of Script----------------

00:41:56 INFO  : Launch script is exported to file 'D:\proyectosep2\IEE2463-SEP-Proyecto-2-Z8\music_player\vitis\.sdk\launch_scripts\single_application_debug\systemdebugger_music_player_sw_system_standalone.tcl'
00:41:56 INFO  : Disconnected from the channel tcfchan#45.
00:41:57 INFO  : Connected to target on host '127.0.0.1' and port '3121'.
00:41:57 INFO  : Jtag cable 'Digilent Zybo Z7 210351B3FC8DA' is selected.
00:41:57 INFO  : 'jtag frequency' command is executed.
00:41:57 INFO  : Context for 'APU' is selected.
00:41:57 INFO  : System reset is completed.
00:42:00 INFO  : 'after 3000' command is executed.
00:42:01 INFO  : 'targets -set -filter {jtag_cable_name =~ "Digilent Zybo Z7 210351B3FC8DA" && level==0 && jtag_device_ctx=="jsn-Zybo Z7-210351B3FC8DA-13722093-0"}' command is executed.
00:42:02 INFO  : FPGA configured successfully with bitstream "D:/proyectosep2/IEE2463-SEP-Proyecto-2-Z8/music_player/vitis/music_player_sw/_ide/bitstream/design_1_wrapper.bit"
00:42:02 INFO  : Context for 'APU' is selected.
00:42:02 INFO  : Hardware design and registers information is loaded from 'D:/proyectosep2/IEE2463-SEP-Proyecto-2-Z8/music_player/vitis/music_player/export/music_player/hw/design_1_wrapper.xsa'.
00:42:02 INFO  : 'configparams force-mem-access 1' command is executed.
00:42:02 INFO  : Context for 'APU' is selected.
00:42:02 INFO  : Sourcing of 'D:/proyectosep2/IEE2463-SEP-Proyecto-2-Z8/music_player/vitis/music_player_sw/_ide/psinit/ps7_init.tcl' is done.
00:42:02 INFO  : 'ps7_init' command is executed.
00:42:02 INFO  : 'ps7_post_config' command is executed.
00:42:02 INFO  : Context for processor 'ps7_cortexa9_0' is selected.
00:42:02 INFO  : The application 'D:/proyectosep2/IEE2463-SEP-Proyecto-2-Z8/music_player/vitis/music_player_sw/Debug/music_player_sw.elf' is downloaded to processor 'ps7_cortexa9_0'.
00:42:02 INFO  : 'configparams force-mem-access 0' command is executed.
00:42:02 INFO  : ----------------XSDB Script----------------
connect -url tcp:127.0.0.1:3121
targets -set -nocase -filter {name =~"APU*"}
rst -system
after 3000
targets -set -filter {jtag_cable_name =~ "Digilent Zybo Z7 210351B3FC8DA" && level==0 && jtag_device_ctx=="jsn-Zybo Z7-210351B3FC8DA-13722093-0"}
fpga -file D:/proyectosep2/IEE2463-SEP-Proyecto-2-Z8/music_player/vitis/music_player_sw/_ide/bitstream/design_1_wrapper.bit
targets -set -nocase -filter {name =~"APU*"}
loadhw -hw D:/proyectosep2/IEE2463-SEP-Proyecto-2-Z8/music_player/vitis/music_player/export/music_player/hw/design_1_wrapper.xsa -mem-ranges [list {0x40000000 0xbfffffff}] -regs
configparams force-mem-access 1
targets -set -nocase -filter {name =~"APU*"}
source D:/proyectosep2/IEE2463-SEP-Proyecto-2-Z8/music_player/vitis/music_player_sw/_ide/psinit/ps7_init.tcl
ps7_init
ps7_post_config
targets -set -nocase -filter {name =~ "*A9*#0"}
dow D:/proyectosep2/IEE2463-SEP-Proyecto-2-Z8/music_player/vitis/music_player_sw/Debug/music_player_sw.elf
configparams force-mem-access 0
----------------End of Script----------------

00:42:02 INFO  : Context for processor 'ps7_cortexa9_0' is selected.
00:42:02 INFO  : 'con' command is executed.
00:42:02 INFO  : ----------------XSDB Script (After Launch)----------------
targets -set -nocase -filter {name =~ "*A9*#0"}
con
----------------End of Script----------------

00:42:02 INFO  : Launch script is exported to file 'D:\proyectosep2\IEE2463-SEP-Proyecto-2-Z8\music_player\vitis\.sdk\launch_scripts\single_application_debug\systemdebugger_music_player_sw_system_standalone.tcl'
00:42:48 INFO  : Checking for BSP changes to sync application flags for project 'music_player_sw'...
00:42:58 INFO  : Disconnected from the channel tcfchan#46.
00:42:58 INFO  : Connected to target on host '127.0.0.1' and port '3121'.
00:42:59 INFO  : Jtag cable 'Digilent Zybo Z7 210351B3FC8DA' is selected.
00:42:59 INFO  : 'jtag frequency' command is executed.
00:42:59 INFO  : Context for 'APU' is selected.
00:42:59 INFO  : System reset is completed.
00:43:02 INFO  : 'after 3000' command is executed.
00:43:02 INFO  : 'targets -set -filter {jtag_cable_name =~ "Digilent Zybo Z7 210351B3FC8DA" && level==0 && jtag_device_ctx=="jsn-Zybo Z7-210351B3FC8DA-13722093-0"}' command is executed.
00:43:03 INFO  : FPGA configured successfully with bitstream "D:/proyectosep2/IEE2463-SEP-Proyecto-2-Z8/music_player/vitis/music_player_sw/_ide/bitstream/design_1_wrapper.bit"
00:43:03 INFO  : Context for 'APU' is selected.
00:43:03 INFO  : Hardware design and registers information is loaded from 'D:/proyectosep2/IEE2463-SEP-Proyecto-2-Z8/music_player/vitis/music_player/export/music_player/hw/design_1_wrapper.xsa'.
00:43:03 INFO  : 'configparams force-mem-access 1' command is executed.
00:43:03 INFO  : Context for 'APU' is selected.
00:43:03 INFO  : Sourcing of 'D:/proyectosep2/IEE2463-SEP-Proyecto-2-Z8/music_player/vitis/music_player_sw/_ide/psinit/ps7_init.tcl' is done.
00:43:03 INFO  : 'ps7_init' command is executed.
00:43:03 INFO  : 'ps7_post_config' command is executed.
00:43:03 INFO  : Context for processor 'ps7_cortexa9_0' is selected.
00:43:03 INFO  : The application 'D:/proyectosep2/IEE2463-SEP-Proyecto-2-Z8/music_player/vitis/music_player_sw/Debug/music_player_sw.elf' is downloaded to processor 'ps7_cortexa9_0'.
00:43:03 INFO  : 'configparams force-mem-access 0' command is executed.
00:43:03 INFO  : ----------------XSDB Script----------------
connect -url tcp:127.0.0.1:3121
targets -set -nocase -filter {name =~"APU*"}
rst -system
after 3000
targets -set -filter {jtag_cable_name =~ "Digilent Zybo Z7 210351B3FC8DA" && level==0 && jtag_device_ctx=="jsn-Zybo Z7-210351B3FC8DA-13722093-0"}
fpga -file D:/proyectosep2/IEE2463-SEP-Proyecto-2-Z8/music_player/vitis/music_player_sw/_ide/bitstream/design_1_wrapper.bit
targets -set -nocase -filter {name =~"APU*"}
loadhw -hw D:/proyectosep2/IEE2463-SEP-Proyecto-2-Z8/music_player/vitis/music_player/export/music_player/hw/design_1_wrapper.xsa -mem-ranges [list {0x40000000 0xbfffffff}] -regs
configparams force-mem-access 1
targets -set -nocase -filter {name =~"APU*"}
source D:/proyectosep2/IEE2463-SEP-Proyecto-2-Z8/music_player/vitis/music_player_sw/_ide/psinit/ps7_init.tcl
ps7_init
ps7_post_config
targets -set -nocase -filter {name =~ "*A9*#0"}
dow D:/proyectosep2/IEE2463-SEP-Proyecto-2-Z8/music_player/vitis/music_player_sw/Debug/music_player_sw.elf
configparams force-mem-access 0
----------------End of Script----------------

00:43:04 INFO  : Context for processor 'ps7_cortexa9_0' is selected.
00:43:04 INFO  : 'con' command is executed.
00:43:04 INFO  : ----------------XSDB Script (After Launch)----------------
targets -set -nocase -filter {name =~ "*A9*#0"}
con
----------------End of Script----------------

00:43:04 INFO  : Launch script is exported to file 'D:\proyectosep2\IEE2463-SEP-Proyecto-2-Z8\music_player\vitis\.sdk\launch_scripts\single_application_debug\systemdebugger_music_player_sw_system_standalone.tcl'
00:43:32 INFO  : Checking for BSP changes to sync application flags for project 'music_player_sw'...
00:43:40 INFO  : Disconnected from the channel tcfchan#48.
00:43:40 INFO  : Connected to target on host '127.0.0.1' and port '3121'.
00:43:58 INFO  : ----------------XSDB Script----------------
connect -url tcp:127.0.0.1:3121
----------------End of Script----------------

00:43:58 ERROR : Could not find ARM device on the board for connection 'Local'.
Check if the target is in:
1. Split JTAG - No operations are possible with ARM DAP.
2. Non JTAG bootmode - Bootrom may need time to enable DAP.
Please try again.


Troubleshooting hints:
1. Check whether board is connected to system properly.
2. In case of zynq board, check whether Digilent/Xilinx cable switch settings are correct.
3. If you are using Xilinx Platform Cable USB, ensure that status LED is green.
00:44:04 INFO  : Connected to target on host '127.0.0.1' and port '3121'.
00:44:05 INFO  : Jtag cable 'Digilent Zybo Z7 210351B3FC8DA' is selected.
00:44:05 INFO  : 'jtag frequency' command is executed.
00:44:05 INFO  : Context for 'APU' is selected.
00:44:05 INFO  : System reset is completed.
00:44:08 INFO  : 'after 3000' command is executed.
00:44:08 INFO  : 'targets -set -filter {jtag_cable_name =~ "Digilent Zybo Z7 210351B3FC8DA" && level==0 && jtag_device_ctx=="jsn-Zybo Z7-210351B3FC8DA-13722093-0"}' command is executed.
00:44:09 INFO  : FPGA configured successfully with bitstream "D:/proyectosep2/IEE2463-SEP-Proyecto-2-Z8/music_player/vitis/music_player_sw/_ide/bitstream/design_1_wrapper.bit"
00:44:10 INFO  : Context for 'APU' is selected.
00:44:10 INFO  : Hardware design and registers information is loaded from 'D:/proyectosep2/IEE2463-SEP-Proyecto-2-Z8/music_player/vitis/music_player/export/music_player/hw/design_1_wrapper.xsa'.
00:44:10 INFO  : 'configparams force-mem-access 1' command is executed.
00:44:10 INFO  : Context for 'APU' is selected.
00:44:10 INFO  : Sourcing of 'D:/proyectosep2/IEE2463-SEP-Proyecto-2-Z8/music_player/vitis/music_player_sw/_ide/psinit/ps7_init.tcl' is done.
00:44:10 INFO  : 'ps7_init' command is executed.
00:44:10 INFO  : 'ps7_post_config' command is executed.
00:44:10 INFO  : Context for processor 'ps7_cortexa9_0' is selected.
00:44:10 INFO  : The application 'D:/proyectosep2/IEE2463-SEP-Proyecto-2-Z8/music_player/vitis/music_player_sw/Debug/music_player_sw.elf' is downloaded to processor 'ps7_cortexa9_0'.
00:44:10 INFO  : 'configparams force-mem-access 0' command is executed.
00:44:10 INFO  : ----------------XSDB Script----------------
connect -url tcp:127.0.0.1:3121
targets -set -nocase -filter {name =~"APU*"}
rst -system
after 3000
targets -set -filter {jtag_cable_name =~ "Digilent Zybo Z7 210351B3FC8DA" && level==0 && jtag_device_ctx=="jsn-Zybo Z7-210351B3FC8DA-13722093-0"}
fpga -file D:/proyectosep2/IEE2463-SEP-Proyecto-2-Z8/music_player/vitis/music_player_sw/_ide/bitstream/design_1_wrapper.bit
targets -set -nocase -filter {name =~"APU*"}
loadhw -hw D:/proyectosep2/IEE2463-SEP-Proyecto-2-Z8/music_player/vitis/music_player/export/music_player/hw/design_1_wrapper.xsa -mem-ranges [list {0x40000000 0xbfffffff}] -regs
configparams force-mem-access 1
targets -set -nocase -filter {name =~"APU*"}
source D:/proyectosep2/IEE2463-SEP-Proyecto-2-Z8/music_player/vitis/music_player_sw/_ide/psinit/ps7_init.tcl
ps7_init
ps7_post_config
targets -set -nocase -filter {name =~ "*A9*#0"}
dow D:/proyectosep2/IEE2463-SEP-Proyecto-2-Z8/music_player/vitis/music_player_sw/Debug/music_player_sw.elf
configparams force-mem-access 0
----------------End of Script----------------

00:44:10 INFO  : Context for processor 'ps7_cortexa9_0' is selected.
00:44:10 INFO  : 'con' command is executed.
00:44:10 INFO  : ----------------XSDB Script (After Launch)----------------
targets -set -nocase -filter {name =~ "*A9*#0"}
con
----------------End of Script----------------

00:44:10 INFO  : Launch script is exported to file 'D:\proyectosep2\IEE2463-SEP-Proyecto-2-Z8\music_player\vitis\.sdk\launch_scripts\single_application_debug\systemdebugger_music_player_sw_system_standalone.tcl'
00:44:38 INFO  : Checking for BSP changes to sync application flags for project 'music_player_sw'...
00:44:46 INFO  : Disconnected from the channel tcfchan#50.
00:44:46 INFO  : Connected to target on host '127.0.0.1' and port '3121'.
00:44:52 INFO  : Jtag cable 'Digilent Zybo Z7 210351B3FC8DA' is selected.
00:44:52 INFO  : 'jtag frequency' command is executed.
00:44:52 INFO  : Context for 'APU' is selected.
00:44:52 INFO  : System reset is completed.
00:44:55 INFO  : 'after 3000' command is executed.
00:44:55 INFO  : 'targets -set -filter {jtag_cable_name =~ "Digilent Zybo Z7 210351B3FC8DA" && level==0 && jtag_device_ctx=="jsn-Zybo Z7-210351B3FC8DA-13722093-0"}' command is executed.
00:44:56 INFO  : FPGA configured successfully with bitstream "D:/proyectosep2/IEE2463-SEP-Proyecto-2-Z8/music_player/vitis/music_player_sw/_ide/bitstream/design_1_wrapper.bit"
00:44:56 INFO  : Context for 'APU' is selected.
00:44:56 INFO  : Hardware design and registers information is loaded from 'D:/proyectosep2/IEE2463-SEP-Proyecto-2-Z8/music_player/vitis/music_player/export/music_player/hw/design_1_wrapper.xsa'.
00:44:56 INFO  : 'configparams force-mem-access 1' command is executed.
00:44:56 INFO  : Context for 'APU' is selected.
00:44:56 INFO  : Sourcing of 'D:/proyectosep2/IEE2463-SEP-Proyecto-2-Z8/music_player/vitis/music_player_sw/_ide/psinit/ps7_init.tcl' is done.
00:44:57 INFO  : 'ps7_init' command is executed.
00:44:57 INFO  : 'ps7_post_config' command is executed.
00:44:57 INFO  : Context for processor 'ps7_cortexa9_0' is selected.
00:44:57 INFO  : The application 'D:/proyectosep2/IEE2463-SEP-Proyecto-2-Z8/music_player/vitis/music_player_sw/Debug/music_player_sw.elf' is downloaded to processor 'ps7_cortexa9_0'.
00:44:57 INFO  : 'configparams force-mem-access 0' command is executed.
00:44:57 INFO  : ----------------XSDB Script----------------
connect -url tcp:127.0.0.1:3121
targets -set -nocase -filter {name =~"APU*"}
rst -system
after 3000
targets -set -filter {jtag_cable_name =~ "Digilent Zybo Z7 210351B3FC8DA" && level==0 && jtag_device_ctx=="jsn-Zybo Z7-210351B3FC8DA-13722093-0"}
fpga -file D:/proyectosep2/IEE2463-SEP-Proyecto-2-Z8/music_player/vitis/music_player_sw/_ide/bitstream/design_1_wrapper.bit
targets -set -nocase -filter {name =~"APU*"}
loadhw -hw D:/proyectosep2/IEE2463-SEP-Proyecto-2-Z8/music_player/vitis/music_player/export/music_player/hw/design_1_wrapper.xsa -mem-ranges [list {0x40000000 0xbfffffff}] -regs
configparams force-mem-access 1
targets -set -nocase -filter {name =~"APU*"}
source D:/proyectosep2/IEE2463-SEP-Proyecto-2-Z8/music_player/vitis/music_player_sw/_ide/psinit/ps7_init.tcl
ps7_init
ps7_post_config
targets -set -nocase -filter {name =~ "*A9*#0"}
dow D:/proyectosep2/IEE2463-SEP-Proyecto-2-Z8/music_player/vitis/music_player_sw/Debug/music_player_sw.elf
configparams force-mem-access 0
----------------End of Script----------------

00:44:57 INFO  : Context for processor 'ps7_cortexa9_0' is selected.
00:44:57 INFO  : 'con' command is executed.
00:44:57 INFO  : ----------------XSDB Script (After Launch)----------------
targets -set -nocase -filter {name =~ "*A9*#0"}
con
----------------End of Script----------------

00:44:57 INFO  : Launch script is exported to file 'D:\proyectosep2\IEE2463-SEP-Proyecto-2-Z8\music_player\vitis\.sdk\launch_scripts\single_application_debug\systemdebugger_music_player_sw_system_standalone.tcl'
00:45:21 INFO  : Checking for BSP changes to sync application flags for project 'music_player_sw'...
00:45:38 INFO  : Disconnected from the channel tcfchan#52.
00:45:38 INFO  : Connected to target on host '127.0.0.1' and port '3121'.
00:45:38 INFO  : Jtag cable 'Digilent Zybo Z7 210351B3FC8DA' is selected.
00:45:38 INFO  : 'jtag frequency' command is executed.
00:45:38 INFO  : Context for 'APU' is selected.
00:45:38 INFO  : System reset is completed.
00:45:41 INFO  : 'after 3000' command is executed.
00:45:41 INFO  : 'targets -set -filter {jtag_cable_name =~ "Digilent Zybo Z7 210351B3FC8DA" && level==0 && jtag_device_ctx=="jsn-Zybo Z7-210351B3FC8DA-13722093-0"}' command is executed.
00:45:42 INFO  : FPGA configured successfully with bitstream "D:/proyectosep2/IEE2463-SEP-Proyecto-2-Z8/music_player/vitis/music_player_sw/_ide/bitstream/design_1_wrapper.bit"
00:45:43 INFO  : Context for 'APU' is selected.
00:45:43 INFO  : Hardware design and registers information is loaded from 'D:/proyectosep2/IEE2463-SEP-Proyecto-2-Z8/music_player/vitis/music_player/export/music_player/hw/design_1_wrapper.xsa'.
00:45:43 INFO  : 'configparams force-mem-access 1' command is executed.
00:45:43 INFO  : Context for 'APU' is selected.
00:45:43 INFO  : Sourcing of 'D:/proyectosep2/IEE2463-SEP-Proyecto-2-Z8/music_player/vitis/music_player_sw/_ide/psinit/ps7_init.tcl' is done.
00:45:43 INFO  : 'ps7_init' command is executed.
00:45:43 INFO  : 'ps7_post_config' command is executed.
00:45:43 INFO  : Context for processor 'ps7_cortexa9_0' is selected.
00:45:43 INFO  : The application 'D:/proyectosep2/IEE2463-SEP-Proyecto-2-Z8/music_player/vitis/music_player_sw/Debug/music_player_sw.elf' is downloaded to processor 'ps7_cortexa9_0'.
00:45:43 INFO  : 'configparams force-mem-access 0' command is executed.
00:45:43 INFO  : ----------------XSDB Script----------------
connect -url tcp:127.0.0.1:3121
targets -set -nocase -filter {name =~"APU*"}
rst -system
after 3000
targets -set -filter {jtag_cable_name =~ "Digilent Zybo Z7 210351B3FC8DA" && level==0 && jtag_device_ctx=="jsn-Zybo Z7-210351B3FC8DA-13722093-0"}
fpga -file D:/proyectosep2/IEE2463-SEP-Proyecto-2-Z8/music_player/vitis/music_player_sw/_ide/bitstream/design_1_wrapper.bit
targets -set -nocase -filter {name =~"APU*"}
loadhw -hw D:/proyectosep2/IEE2463-SEP-Proyecto-2-Z8/music_player/vitis/music_player/export/music_player/hw/design_1_wrapper.xsa -mem-ranges [list {0x40000000 0xbfffffff}] -regs
configparams force-mem-access 1
targets -set -nocase -filter {name =~"APU*"}
source D:/proyectosep2/IEE2463-SEP-Proyecto-2-Z8/music_player/vitis/music_player_sw/_ide/psinit/ps7_init.tcl
ps7_init
ps7_post_config
targets -set -nocase -filter {name =~ "*A9*#0"}
dow D:/proyectosep2/IEE2463-SEP-Proyecto-2-Z8/music_player/vitis/music_player_sw/Debug/music_player_sw.elf
configparams force-mem-access 0
----------------End of Script----------------

00:45:43 INFO  : Context for processor 'ps7_cortexa9_0' is selected.
00:45:43 INFO  : 'con' command is executed.
00:45:43 INFO  : ----------------XSDB Script (After Launch)----------------
targets -set -nocase -filter {name =~ "*A9*#0"}
con
----------------End of Script----------------

00:45:43 INFO  : Launch script is exported to file 'D:\proyectosep2\IEE2463-SEP-Proyecto-2-Z8\music_player\vitis\.sdk\launch_scripts\single_application_debug\systemdebugger_music_player_sw_system_standalone.tcl'
00:54:38 INFO  : Checking for BSP changes to sync application flags for project 'music_player_sw'...
00:54:46 INFO  : Disconnected from the channel tcfchan#54.
00:54:46 INFO  : Connected to target on host '127.0.0.1' and port '3121'.
00:54:48 INFO  : Jtag cable 'Digilent Zybo Z7 210351B3FC8DA' is selected.
00:54:48 INFO  : 'jtag frequency' command is executed.
00:54:48 INFO  : Context for 'APU' is selected.
00:54:48 INFO  : System reset is completed.
00:54:51 INFO  : 'after 3000' command is executed.
00:54:51 INFO  : 'targets -set -filter {jtag_cable_name =~ "Digilent Zybo Z7 210351B3FC8DA" && level==0 && jtag_device_ctx=="jsn-Zybo Z7-210351B3FC8DA-13722093-0"}' command is executed.
00:54:52 INFO  : FPGA configured successfully with bitstream "D:/proyectosep2/IEE2463-SEP-Proyecto-2-Z8/music_player/vitis/music_player_sw/_ide/bitstream/design_1_wrapper.bit"
00:54:52 INFO  : Context for 'APU' is selected.
00:54:52 INFO  : Hardware design and registers information is loaded from 'D:/proyectosep2/IEE2463-SEP-Proyecto-2-Z8/music_player/vitis/music_player/export/music_player/hw/design_1_wrapper.xsa'.
00:54:52 INFO  : 'configparams force-mem-access 1' command is executed.
00:54:52 INFO  : Context for 'APU' is selected.
00:54:52 INFO  : Sourcing of 'D:/proyectosep2/IEE2463-SEP-Proyecto-2-Z8/music_player/vitis/music_player_sw/_ide/psinit/ps7_init.tcl' is done.
00:54:52 INFO  : 'ps7_init' command is executed.
00:54:52 INFO  : 'ps7_post_config' command is executed.
00:54:52 INFO  : Context for processor 'ps7_cortexa9_0' is selected.
00:54:53 INFO  : The application 'D:/proyectosep2/IEE2463-SEP-Proyecto-2-Z8/music_player/vitis/music_player_sw/Debug/music_player_sw.elf' is downloaded to processor 'ps7_cortexa9_0'.
00:54:53 INFO  : 'configparams force-mem-access 0' command is executed.
00:54:53 INFO  : ----------------XSDB Script----------------
connect -url tcp:127.0.0.1:3121
targets -set -nocase -filter {name =~"APU*"}
rst -system
after 3000
targets -set -filter {jtag_cable_name =~ "Digilent Zybo Z7 210351B3FC8DA" && level==0 && jtag_device_ctx=="jsn-Zybo Z7-210351B3FC8DA-13722093-0"}
fpga -file D:/proyectosep2/IEE2463-SEP-Proyecto-2-Z8/music_player/vitis/music_player_sw/_ide/bitstream/design_1_wrapper.bit
targets -set -nocase -filter {name =~"APU*"}
loadhw -hw D:/proyectosep2/IEE2463-SEP-Proyecto-2-Z8/music_player/vitis/music_player/export/music_player/hw/design_1_wrapper.xsa -mem-ranges [list {0x40000000 0xbfffffff}] -regs
configparams force-mem-access 1
targets -set -nocase -filter {name =~"APU*"}
source D:/proyectosep2/IEE2463-SEP-Proyecto-2-Z8/music_player/vitis/music_player_sw/_ide/psinit/ps7_init.tcl
ps7_init
ps7_post_config
targets -set -nocase -filter {name =~ "*A9*#0"}
dow D:/proyectosep2/IEE2463-SEP-Proyecto-2-Z8/music_player/vitis/music_player_sw/Debug/music_player_sw.elf
configparams force-mem-access 0
----------------End of Script----------------

00:54:53 INFO  : Context for processor 'ps7_cortexa9_0' is selected.
00:54:53 INFO  : 'con' command is executed.
00:54:53 INFO  : ----------------XSDB Script (After Launch)----------------
targets -set -nocase -filter {name =~ "*A9*#0"}
con
----------------End of Script----------------

00:54:53 INFO  : Launch script is exported to file 'D:\proyectosep2\IEE2463-SEP-Proyecto-2-Z8\music_player\vitis\.sdk\launch_scripts\single_application_debug\systemdebugger_music_player_sw_system_standalone.tcl'
01:03:07 INFO  : Hardware specification for platform project 'music_player' is updated.
01:04:56 INFO  : Result from executing command 'getProjects': music_player
01:04:56 INFO  : Result from executing command 'getPlatforms': music_player|D:/proyectosep2/IEE2463-SEP-Proyecto-2-Z8/music_player/vitis/music_player/export/music_player/music_player.xpfm
01:05:54 INFO  : Checking for BSP changes to sync application flags for project 'music_player_sw'...
01:05:55 INFO  : The hardware specfication used by project 'music_player_sw' is out of sync with the platform. Resource files extracted from the hardware specfiication will be updated.
01:05:55 INFO  : The file 'D:\proyectosep2\IEE2463-SEP-Proyecto-2-Z8\music_player\vitis\music_player_sw\_ide\bitstream\design_1_wrapper.bit' stored in project is removed.
01:05:55 INFO  : The updated bitstream files are copied from platform to folder 'D:\proyectosep2\IEE2463-SEP-Proyecto-2-Z8\music_player\vitis\music_player_sw\_ide\bitstream' in project 'music_player_sw'.
01:05:55 INFO  : The file 'D:\proyectosep2\IEE2463-SEP-Proyecto-2-Z8\music_player\vitis\music_player_sw\_ide\psinit\ps7_init.tcl' stored in project is removed.
01:05:59 INFO  : The updated ps init files are copied from platform to folder 'D:\proyectosep2\IEE2463-SEP-Proyecto-2-Z8\music_player\vitis\music_player_sw\_ide\psinit' in project 'music_player_sw'.
01:07:43 INFO  : Disconnected from the channel tcfchan#56.
01:07:43 INFO  : Connected to target on host '127.0.0.1' and port '3121'.
01:07:45 INFO  : Jtag cable 'Digilent Zybo Z7 210351B3FC8DA' is selected.
01:07:45 INFO  : 'jtag frequency' command is executed.
01:07:45 INFO  : Context for 'APU' is selected.
01:07:45 INFO  : System reset is completed.
01:07:48 INFO  : 'after 3000' command is executed.
01:07:48 INFO  : 'targets -set -filter {jtag_cable_name =~ "Digilent Zybo Z7 210351B3FC8DA" && level==0 && jtag_device_ctx=="jsn-Zybo Z7-210351B3FC8DA-13722093-0"}' command is executed.
01:07:49 INFO  : FPGA configured successfully with bitstream "D:/proyectosep2/IEE2463-SEP-Proyecto-2-Z8/music_player/vitis/music_player_sw/_ide/bitstream/design_1_wrapper.bit"
01:07:49 INFO  : Context for 'APU' is selected.
01:07:49 INFO  : Hardware design and registers information is loaded from 'D:/proyectosep2/IEE2463-SEP-Proyecto-2-Z8/music_player/vitis/music_player/export/music_player/hw/design_1_wrapper.xsa'.
01:07:49 INFO  : 'configparams force-mem-access 1' command is executed.
01:07:49 INFO  : Context for 'APU' is selected.
01:07:49 INFO  : Sourcing of 'D:/proyectosep2/IEE2463-SEP-Proyecto-2-Z8/music_player/vitis/music_player_sw/_ide/psinit/ps7_init.tcl' is done.
01:07:49 INFO  : 'ps7_init' command is executed.
01:07:49 INFO  : 'ps7_post_config' command is executed.
01:07:49 INFO  : Context for processor 'ps7_cortexa9_0' is selected.
01:07:50 INFO  : The application 'D:/proyectosep2/IEE2463-SEP-Proyecto-2-Z8/music_player/vitis/music_player_sw/Debug/music_player_sw.elf' is downloaded to processor 'ps7_cortexa9_0'.
01:07:50 INFO  : 'configparams force-mem-access 0' command is executed.
01:07:50 INFO  : ----------------XSDB Script----------------
connect -url tcp:127.0.0.1:3121
targets -set -nocase -filter {name =~"APU*"}
rst -system
after 3000
targets -set -filter {jtag_cable_name =~ "Digilent Zybo Z7 210351B3FC8DA" && level==0 && jtag_device_ctx=="jsn-Zybo Z7-210351B3FC8DA-13722093-0"}
fpga -file D:/proyectosep2/IEE2463-SEP-Proyecto-2-Z8/music_player/vitis/music_player_sw/_ide/bitstream/design_1_wrapper.bit
targets -set -nocase -filter {name =~"APU*"}
loadhw -hw D:/proyectosep2/IEE2463-SEP-Proyecto-2-Z8/music_player/vitis/music_player/export/music_player/hw/design_1_wrapper.xsa -mem-ranges [list {0x40000000 0xbfffffff}] -regs
configparams force-mem-access 1
targets -set -nocase -filter {name =~"APU*"}
source D:/proyectosep2/IEE2463-SEP-Proyecto-2-Z8/music_player/vitis/music_player_sw/_ide/psinit/ps7_init.tcl
ps7_init
ps7_post_config
targets -set -nocase -filter {name =~ "*A9*#0"}
dow D:/proyectosep2/IEE2463-SEP-Proyecto-2-Z8/music_player/vitis/music_player_sw/Debug/music_player_sw.elf
configparams force-mem-access 0
----------------End of Script----------------

01:07:50 INFO  : Context for processor 'ps7_cortexa9_0' is selected.
01:07:50 INFO  : 'con' command is executed.
01:07:50 INFO  : ----------------XSDB Script (After Launch)----------------
targets -set -nocase -filter {name =~ "*A9*#0"}
con
----------------End of Script----------------

01:07:50 INFO  : Launch script is exported to file 'D:\proyectosep2\IEE2463-SEP-Proyecto-2-Z8\music_player\vitis\.sdk\launch_scripts\single_application_debug\systemdebugger_music_player_sw_system_standalone.tcl'
01:41:21 INFO  : Hardware specification for platform project 'music_player' is updated.
01:48:33 INFO  : Result from executing command 'getProjects': music_player
01:48:33 INFO  : Result from executing command 'getPlatforms': music_player|D:/proyectosep2/IEE2463-SEP-Proyecto-2-Z8/music_player/vitis/music_player/export/music_player/music_player.xpfm
01:48:40 INFO  : Checking for BSP changes to sync application flags for project 'music_player_sw'...
01:48:42 INFO  : The hardware specfication used by project 'music_player_sw' is out of sync with the platform. Resource files extracted from the hardware specfiication will be updated.
01:48:42 INFO  : The file 'D:\proyectosep2\IEE2463-SEP-Proyecto-2-Z8\music_player\vitis\music_player_sw\_ide\bitstream\design_1_wrapper.bit' stored in project is removed.
01:48:42 INFO  : The updated bitstream files are copied from platform to folder 'D:\proyectosep2\IEE2463-SEP-Proyecto-2-Z8\music_player\vitis\music_player_sw\_ide\bitstream' in project 'music_player_sw'.
01:48:42 INFO  : The file 'D:\proyectosep2\IEE2463-SEP-Proyecto-2-Z8\music_player\vitis\music_player_sw\_ide\psinit\ps7_init.tcl' stored in project is removed.
01:48:46 INFO  : The updated ps init files are copied from platform to folder 'D:\proyectosep2\IEE2463-SEP-Proyecto-2-Z8\music_player\vitis\music_player_sw\_ide\psinit' in project 'music_player_sw'.
01:48:54 INFO  : Disconnected from the channel tcfchan#59.
01:48:54 INFO  : Connected to target on host '127.0.0.1' and port '3121'.
01:48:54 INFO  : Jtag cable 'Digilent Zybo Z7 210351B3FC8DA' is selected.
01:48:54 INFO  : 'jtag frequency' command is executed.
01:48:54 INFO  : Context for 'APU' is selected.
01:48:54 INFO  : System reset is completed.
01:48:57 INFO  : 'after 3000' command is executed.
01:48:57 INFO  : 'targets -set -filter {jtag_cable_name =~ "Digilent Zybo Z7 210351B3FC8DA" && level==0 && jtag_device_ctx=="jsn-Zybo Z7-210351B3FC8DA-13722093-0"}' command is executed.
01:48:59 INFO  : FPGA configured successfully with bitstream "D:/proyectosep2/IEE2463-SEP-Proyecto-2-Z8/music_player/vitis/music_player_sw/_ide/bitstream/design_1_wrapper.bit"
01:48:59 INFO  : Context for 'APU' is selected.
01:48:59 INFO  : Hardware design and registers information is loaded from 'D:/proyectosep2/IEE2463-SEP-Proyecto-2-Z8/music_player/vitis/music_player/export/music_player/hw/design_1_wrapper.xsa'.
01:48:59 INFO  : 'configparams force-mem-access 1' command is executed.
01:48:59 INFO  : Context for 'APU' is selected.
01:48:59 INFO  : Sourcing of 'D:/proyectosep2/IEE2463-SEP-Proyecto-2-Z8/music_player/vitis/music_player_sw/_ide/psinit/ps7_init.tcl' is done.
01:48:59 INFO  : 'ps7_init' command is executed.
01:48:59 INFO  : 'ps7_post_config' command is executed.
01:48:59 INFO  : Context for processor 'ps7_cortexa9_0' is selected.
01:48:59 INFO  : The application 'D:/proyectosep2/IEE2463-SEP-Proyecto-2-Z8/music_player/vitis/music_player_sw/Debug/music_player_sw.elf' is downloaded to processor 'ps7_cortexa9_0'.
01:48:59 INFO  : 'configparams force-mem-access 0' command is executed.
01:48:59 INFO  : ----------------XSDB Script----------------
connect -url tcp:127.0.0.1:3121
targets -set -nocase -filter {name =~"APU*"}
rst -system
after 3000
targets -set -filter {jtag_cable_name =~ "Digilent Zybo Z7 210351B3FC8DA" && level==0 && jtag_device_ctx=="jsn-Zybo Z7-210351B3FC8DA-13722093-0"}
fpga -file D:/proyectosep2/IEE2463-SEP-Proyecto-2-Z8/music_player/vitis/music_player_sw/_ide/bitstream/design_1_wrapper.bit
targets -set -nocase -filter {name =~"APU*"}
loadhw -hw D:/proyectosep2/IEE2463-SEP-Proyecto-2-Z8/music_player/vitis/music_player/export/music_player/hw/design_1_wrapper.xsa -mem-ranges [list {0x40000000 0xbfffffff}] -regs
configparams force-mem-access 1
targets -set -nocase -filter {name =~"APU*"}
source D:/proyectosep2/IEE2463-SEP-Proyecto-2-Z8/music_player/vitis/music_player_sw/_ide/psinit/ps7_init.tcl
ps7_init
ps7_post_config
targets -set -nocase -filter {name =~ "*A9*#0"}
dow D:/proyectosep2/IEE2463-SEP-Proyecto-2-Z8/music_player/vitis/music_player_sw/Debug/music_player_sw.elf
configparams force-mem-access 0
----------------End of Script----------------

01:48:59 INFO  : Context for processor 'ps7_cortexa9_0' is selected.
01:48:59 INFO  : 'con' command is executed.
01:48:59 INFO  : ----------------XSDB Script (After Launch)----------------
targets -set -nocase -filter {name =~ "*A9*#0"}
con
----------------End of Script----------------

01:48:59 INFO  : Launch script is exported to file 'D:\proyectosep2\IEE2463-SEP-Proyecto-2-Z8\music_player\vitis\.sdk\launch_scripts\single_application_debug\systemdebugger_music_player_sw_system_standalone.tcl'
01:49:57 INFO  : Checking for BSP changes to sync application flags for project 'music_player_sw'...
01:50:09 INFO  : Disconnected from the channel tcfchan#62.
01:50:09 INFO  : Connected to target on host '127.0.0.1' and port '3121'.
01:50:09 INFO  : Jtag cable 'Digilent Zybo Z7 210351B3FC8DA' is selected.
01:50:09 INFO  : 'jtag frequency' command is executed.
01:50:09 INFO  : Context for 'APU' is selected.
01:50:09 INFO  : System reset is completed.
01:50:12 INFO  : 'after 3000' command is executed.
01:50:12 INFO  : 'targets -set -filter {jtag_cable_name =~ "Digilent Zybo Z7 210351B3FC8DA" && level==0 && jtag_device_ctx=="jsn-Zybo Z7-210351B3FC8DA-13722093-0"}' command is executed.
01:50:13 INFO  : FPGA configured successfully with bitstream "D:/proyectosep2/IEE2463-SEP-Proyecto-2-Z8/music_player/vitis/music_player_sw/_ide/bitstream/design_1_wrapper.bit"
01:50:13 INFO  : Context for 'APU' is selected.
01:50:13 INFO  : Hardware design and registers information is loaded from 'D:/proyectosep2/IEE2463-SEP-Proyecto-2-Z8/music_player/vitis/music_player/export/music_player/hw/design_1_wrapper.xsa'.
01:50:13 INFO  : 'configparams force-mem-access 1' command is executed.
01:50:13 INFO  : Context for 'APU' is selected.
01:50:13 INFO  : Sourcing of 'D:/proyectosep2/IEE2463-SEP-Proyecto-2-Z8/music_player/vitis/music_player_sw/_ide/psinit/ps7_init.tcl' is done.
01:50:13 INFO  : 'ps7_init' command is executed.
01:50:13 INFO  : 'ps7_post_config' command is executed.
01:50:13 INFO  : Context for processor 'ps7_cortexa9_0' is selected.
01:50:13 INFO  : The application 'D:/proyectosep2/IEE2463-SEP-Proyecto-2-Z8/music_player/vitis/music_player_sw/Debug/music_player_sw.elf' is downloaded to processor 'ps7_cortexa9_0'.
01:50:14 INFO  : 'configparams force-mem-access 0' command is executed.
01:50:14 INFO  : ----------------XSDB Script----------------
connect -url tcp:127.0.0.1:3121
targets -set -nocase -filter {name =~"APU*"}
rst -system
after 3000
targets -set -filter {jtag_cable_name =~ "Digilent Zybo Z7 210351B3FC8DA" && level==0 && jtag_device_ctx=="jsn-Zybo Z7-210351B3FC8DA-13722093-0"}
fpga -file D:/proyectosep2/IEE2463-SEP-Proyecto-2-Z8/music_player/vitis/music_player_sw/_ide/bitstream/design_1_wrapper.bit
targets -set -nocase -filter {name =~"APU*"}
loadhw -hw D:/proyectosep2/IEE2463-SEP-Proyecto-2-Z8/music_player/vitis/music_player/export/music_player/hw/design_1_wrapper.xsa -mem-ranges [list {0x40000000 0xbfffffff}] -regs
configparams force-mem-access 1
targets -set -nocase -filter {name =~"APU*"}
source D:/proyectosep2/IEE2463-SEP-Proyecto-2-Z8/music_player/vitis/music_player_sw/_ide/psinit/ps7_init.tcl
ps7_init
ps7_post_config
targets -set -nocase -filter {name =~ "*A9*#0"}
dow D:/proyectosep2/IEE2463-SEP-Proyecto-2-Z8/music_player/vitis/music_player_sw/Debug/music_player_sw.elf
configparams force-mem-access 0
----------------End of Script----------------

01:50:14 INFO  : Context for processor 'ps7_cortexa9_0' is selected.
01:50:14 INFO  : 'con' command is executed.
01:50:14 INFO  : ----------------XSDB Script (After Launch)----------------
targets -set -nocase -filter {name =~ "*A9*#0"}
con
----------------End of Script----------------

01:50:14 INFO  : Launch script is exported to file 'D:\proyectosep2\IEE2463-SEP-Proyecto-2-Z8\music_player\vitis\.sdk\launch_scripts\single_application_debug\systemdebugger_music_player_sw_system_standalone.tcl'
01:57:05 INFO  : Hardware specification for platform project 'music_player' is updated.
01:57:14 INFO  : Result from executing command 'getProjects': music_player
01:57:14 INFO  : Result from executing command 'getPlatforms': music_player|D:/proyectosep2/IEE2463-SEP-Proyecto-2-Z8/music_player/vitis/music_player/export/music_player/music_player.xpfm
01:57:21 INFO  : Checking for BSP changes to sync application flags for project 'music_player_sw'...
01:57:22 INFO  : The hardware specfication used by project 'music_player_sw' is out of sync with the platform. Resource files extracted from the hardware specfiication will be updated.
01:57:22 INFO  : The file 'D:\proyectosep2\IEE2463-SEP-Proyecto-2-Z8\music_player\vitis\music_player_sw\_ide\bitstream\design_1_wrapper.bit' stored in project is removed.
01:57:22 INFO  : The updated bitstream files are copied from platform to folder 'D:\proyectosep2\IEE2463-SEP-Proyecto-2-Z8\music_player\vitis\music_player_sw\_ide\bitstream' in project 'music_player_sw'.
01:57:22 INFO  : The file 'D:\proyectosep2\IEE2463-SEP-Proyecto-2-Z8\music_player\vitis\music_player_sw\_ide\psinit\ps7_init.tcl' stored in project is removed.
01:57:26 INFO  : The updated ps init files are copied from platform to folder 'D:\proyectosep2\IEE2463-SEP-Proyecto-2-Z8\music_player\vitis\music_player_sw\_ide\psinit' in project 'music_player_sw'.
01:57:47 INFO  : Disconnected from the channel tcfchan#64.
01:57:47 INFO  : Connected to target on host '127.0.0.1' and port '3121'.
01:57:47 INFO  : Jtag cable 'Digilent Zybo Z7 210351B3FC8DA' is selected.
01:57:47 INFO  : 'jtag frequency' command is executed.
01:57:47 INFO  : Context for 'APU' is selected.
01:57:47 INFO  : System reset is completed.
01:57:50 INFO  : 'after 3000' command is executed.
01:57:50 INFO  : 'targets -set -filter {jtag_cable_name =~ "Digilent Zybo Z7 210351B3FC8DA" && level==0 && jtag_device_ctx=="jsn-Zybo Z7-210351B3FC8DA-13722093-0"}' command is executed.
01:57:52 INFO  : FPGA configured successfully with bitstream "D:/proyectosep2/IEE2463-SEP-Proyecto-2-Z8/music_player/vitis/music_player_sw/_ide/bitstream/design_1_wrapper.bit"
01:57:52 INFO  : Context for 'APU' is selected.
01:57:52 INFO  : Hardware design and registers information is loaded from 'D:/proyectosep2/IEE2463-SEP-Proyecto-2-Z8/music_player/vitis/music_player/export/music_player/hw/design_1_wrapper.xsa'.
01:57:52 INFO  : 'configparams force-mem-access 1' command is executed.
01:57:52 INFO  : Context for 'APU' is selected.
01:57:52 INFO  : Sourcing of 'D:/proyectosep2/IEE2463-SEP-Proyecto-2-Z8/music_player/vitis/music_player_sw/_ide/psinit/ps7_init.tcl' is done.
01:57:52 INFO  : 'ps7_init' command is executed.
01:57:52 INFO  : 'ps7_post_config' command is executed.
01:57:52 INFO  : Context for processor 'ps7_cortexa9_0' is selected.
01:57:52 INFO  : The application 'D:/proyectosep2/IEE2463-SEP-Proyecto-2-Z8/music_player/vitis/music_player_sw/Debug/music_player_sw.elf' is downloaded to processor 'ps7_cortexa9_0'.
01:57:52 INFO  : 'configparams force-mem-access 0' command is executed.
01:57:52 INFO  : ----------------XSDB Script----------------
connect -url tcp:127.0.0.1:3121
targets -set -nocase -filter {name =~"APU*"}
rst -system
after 3000
targets -set -filter {jtag_cable_name =~ "Digilent Zybo Z7 210351B3FC8DA" && level==0 && jtag_device_ctx=="jsn-Zybo Z7-210351B3FC8DA-13722093-0"}
fpga -file D:/proyectosep2/IEE2463-SEP-Proyecto-2-Z8/music_player/vitis/music_player_sw/_ide/bitstream/design_1_wrapper.bit
targets -set -nocase -filter {name =~"APU*"}
loadhw -hw D:/proyectosep2/IEE2463-SEP-Proyecto-2-Z8/music_player/vitis/music_player/export/music_player/hw/design_1_wrapper.xsa -mem-ranges [list {0x40000000 0xbfffffff}] -regs
configparams force-mem-access 1
targets -set -nocase -filter {name =~"APU*"}
source D:/proyectosep2/IEE2463-SEP-Proyecto-2-Z8/music_player/vitis/music_player_sw/_ide/psinit/ps7_init.tcl
ps7_init
ps7_post_config
targets -set -nocase -filter {name =~ "*A9*#0"}
dow D:/proyectosep2/IEE2463-SEP-Proyecto-2-Z8/music_player/vitis/music_player_sw/Debug/music_player_sw.elf
configparams force-mem-access 0
----------------End of Script----------------

01:57:52 INFO  : Context for processor 'ps7_cortexa9_0' is selected.
01:57:53 INFO  : 'con' command is executed.
01:57:53 INFO  : ----------------XSDB Script (After Launch)----------------
targets -set -nocase -filter {name =~ "*A9*#0"}
con
----------------End of Script----------------

01:57:53 INFO  : Launch script is exported to file 'D:\proyectosep2\IEE2463-SEP-Proyecto-2-Z8\music_player\vitis\.sdk\launch_scripts\single_application_debug\systemdebugger_music_player_sw_system_standalone.tcl'
01:58:17 INFO  : Checking for BSP changes to sync application flags for project 'music_player_sw'...
01:58:26 INFO  : Disconnected from the channel tcfchan#67.
01:58:26 INFO  : Connected to target on host '127.0.0.1' and port '3121'.
01:58:26 INFO  : Jtag cable 'Digilent Zybo Z7 210351B3FC8DA' is selected.
01:58:26 INFO  : 'jtag frequency' command is executed.
01:58:26 INFO  : Context for 'APU' is selected.
01:58:26 INFO  : System reset is completed.
01:58:29 INFO  : 'after 3000' command is executed.
01:58:29 INFO  : 'targets -set -filter {jtag_cable_name =~ "Digilent Zybo Z7 210351B3FC8DA" && level==0 && jtag_device_ctx=="jsn-Zybo Z7-210351B3FC8DA-13722093-0"}' command is executed.
01:58:30 INFO  : FPGA configured successfully with bitstream "D:/proyectosep2/IEE2463-SEP-Proyecto-2-Z8/music_player/vitis/music_player_sw/_ide/bitstream/design_1_wrapper.bit"
01:58:30 INFO  : Context for 'APU' is selected.
01:58:30 INFO  : Hardware design and registers information is loaded from 'D:/proyectosep2/IEE2463-SEP-Proyecto-2-Z8/music_player/vitis/music_player/export/music_player/hw/design_1_wrapper.xsa'.
01:58:30 INFO  : 'configparams force-mem-access 1' command is executed.
01:58:30 INFO  : Context for 'APU' is selected.
01:58:30 INFO  : Sourcing of 'D:/proyectosep2/IEE2463-SEP-Proyecto-2-Z8/music_player/vitis/music_player_sw/_ide/psinit/ps7_init.tcl' is done.
01:58:31 INFO  : 'ps7_init' command is executed.
01:58:31 INFO  : 'ps7_post_config' command is executed.
01:58:31 INFO  : Context for processor 'ps7_cortexa9_0' is selected.
01:58:31 INFO  : The application 'D:/proyectosep2/IEE2463-SEP-Proyecto-2-Z8/music_player/vitis/music_player_sw/Debug/music_player_sw.elf' is downloaded to processor 'ps7_cortexa9_0'.
01:58:31 INFO  : 'configparams force-mem-access 0' command is executed.
01:58:31 INFO  : ----------------XSDB Script----------------
connect -url tcp:127.0.0.1:3121
targets -set -nocase -filter {name =~"APU*"}
rst -system
after 3000
targets -set -filter {jtag_cable_name =~ "Digilent Zybo Z7 210351B3FC8DA" && level==0 && jtag_device_ctx=="jsn-Zybo Z7-210351B3FC8DA-13722093-0"}
fpga -file D:/proyectosep2/IEE2463-SEP-Proyecto-2-Z8/music_player/vitis/music_player_sw/_ide/bitstream/design_1_wrapper.bit
targets -set -nocase -filter {name =~"APU*"}
loadhw -hw D:/proyectosep2/IEE2463-SEP-Proyecto-2-Z8/music_player/vitis/music_player/export/music_player/hw/design_1_wrapper.xsa -mem-ranges [list {0x40000000 0xbfffffff}] -regs
configparams force-mem-access 1
targets -set -nocase -filter {name =~"APU*"}
source D:/proyectosep2/IEE2463-SEP-Proyecto-2-Z8/music_player/vitis/music_player_sw/_ide/psinit/ps7_init.tcl
ps7_init
ps7_post_config
targets -set -nocase -filter {name =~ "*A9*#0"}
dow D:/proyectosep2/IEE2463-SEP-Proyecto-2-Z8/music_player/vitis/music_player_sw/Debug/music_player_sw.elf
configparams force-mem-access 0
----------------End of Script----------------

01:58:31 INFO  : Context for processor 'ps7_cortexa9_0' is selected.
01:58:31 INFO  : 'con' command is executed.
01:58:31 INFO  : ----------------XSDB Script (After Launch)----------------
targets -set -nocase -filter {name =~ "*A9*#0"}
con
----------------End of Script----------------

01:58:31 INFO  : Launch script is exported to file 'D:\proyectosep2\IEE2463-SEP-Proyecto-2-Z8\music_player\vitis\.sdk\launch_scripts\single_application_debug\systemdebugger_music_player_sw_system_standalone.tcl'
02:22:24 INFO  : Hardware specification for platform project 'music_player' is updated.
02:22:37 INFO  : Result from executing command 'getProjects': music_player
02:22:37 INFO  : Result from executing command 'getPlatforms': music_player|D:/proyectosep2/IEE2463-SEP-Proyecto-2-Z8/music_player/vitis/music_player/export/music_player/music_player.xpfm
02:22:43 INFO  : Checking for BSP changes to sync application flags for project 'music_player_sw'...
02:22:44 INFO  : The hardware specfication used by project 'music_player_sw' is out of sync with the platform. Resource files extracted from the hardware specfiication will be updated.
02:22:44 INFO  : The file 'D:\proyectosep2\IEE2463-SEP-Proyecto-2-Z8\music_player\vitis\music_player_sw\_ide\bitstream\design_1_wrapper.bit' stored in project is removed.
02:22:44 INFO  : The updated bitstream files are copied from platform to folder 'D:\proyectosep2\IEE2463-SEP-Proyecto-2-Z8\music_player\vitis\music_player_sw\_ide\bitstream' in project 'music_player_sw'.
02:22:44 INFO  : The file 'D:\proyectosep2\IEE2463-SEP-Proyecto-2-Z8\music_player\vitis\music_player_sw\_ide\psinit\ps7_init.tcl' stored in project is removed.
02:22:49 INFO  : The updated ps init files are copied from platform to folder 'D:\proyectosep2\IEE2463-SEP-Proyecto-2-Z8\music_player\vitis\music_player_sw\_ide\psinit' in project 'music_player_sw'.
02:22:56 INFO  : Disconnected from the channel tcfchan#69.
02:22:57 INFO  : Connected to target on host '127.0.0.1' and port '3121'.
02:22:57 INFO  : Jtag cable 'Digilent Zybo Z7 210351B3FC8DA' is selected.
02:22:57 INFO  : 'jtag frequency' command is executed.
02:22:57 INFO  : Context for 'APU' is selected.
02:22:57 INFO  : System reset is completed.
02:23:00 INFO  : 'after 3000' command is executed.
02:23:00 INFO  : 'targets -set -filter {jtag_cable_name =~ "Digilent Zybo Z7 210351B3FC8DA" && level==0 && jtag_device_ctx=="jsn-Zybo Z7-210351B3FC8DA-13722093-0"}' command is executed.
02:23:01 INFO  : FPGA configured successfully with bitstream "D:/proyectosep2/IEE2463-SEP-Proyecto-2-Z8/music_player/vitis/music_player_sw/_ide/bitstream/design_1_wrapper.bit"
02:23:01 INFO  : Context for 'APU' is selected.
02:23:01 INFO  : Hardware design and registers information is loaded from 'D:/proyectosep2/IEE2463-SEP-Proyecto-2-Z8/music_player/vitis/music_player/export/music_player/hw/design_1_wrapper.xsa'.
02:23:01 INFO  : 'configparams force-mem-access 1' command is executed.
02:23:01 INFO  : Context for 'APU' is selected.
02:23:01 INFO  : Sourcing of 'D:/proyectosep2/IEE2463-SEP-Proyecto-2-Z8/music_player/vitis/music_player_sw/_ide/psinit/ps7_init.tcl' is done.
02:23:02 INFO  : 'ps7_init' command is executed.
02:23:02 INFO  : 'ps7_post_config' command is executed.
02:23:02 INFO  : Context for processor 'ps7_cortexa9_0' is selected.
02:23:02 INFO  : The application 'D:/proyectosep2/IEE2463-SEP-Proyecto-2-Z8/music_player/vitis/music_player_sw/Debug/music_player_sw.elf' is downloaded to processor 'ps7_cortexa9_0'.
02:23:02 INFO  : 'configparams force-mem-access 0' command is executed.
02:23:02 INFO  : ----------------XSDB Script----------------
connect -url tcp:127.0.0.1:3121
targets -set -nocase -filter {name =~"APU*"}
rst -system
after 3000
targets -set -filter {jtag_cable_name =~ "Digilent Zybo Z7 210351B3FC8DA" && level==0 && jtag_device_ctx=="jsn-Zybo Z7-210351B3FC8DA-13722093-0"}
fpga -file D:/proyectosep2/IEE2463-SEP-Proyecto-2-Z8/music_player/vitis/music_player_sw/_ide/bitstream/design_1_wrapper.bit
targets -set -nocase -filter {name =~"APU*"}
loadhw -hw D:/proyectosep2/IEE2463-SEP-Proyecto-2-Z8/music_player/vitis/music_player/export/music_player/hw/design_1_wrapper.xsa -mem-ranges [list {0x40000000 0xbfffffff}] -regs
configparams force-mem-access 1
targets -set -nocase -filter {name =~"APU*"}
source D:/proyectosep2/IEE2463-SEP-Proyecto-2-Z8/music_player/vitis/music_player_sw/_ide/psinit/ps7_init.tcl
ps7_init
ps7_post_config
targets -set -nocase -filter {name =~ "*A9*#0"}
dow D:/proyectosep2/IEE2463-SEP-Proyecto-2-Z8/music_player/vitis/music_player_sw/Debug/music_player_sw.elf
configparams force-mem-access 0
----------------End of Script----------------

02:23:02 INFO  : Context for processor 'ps7_cortexa9_0' is selected.
02:23:02 INFO  : 'con' command is executed.
02:23:02 INFO  : ----------------XSDB Script (After Launch)----------------
targets -set -nocase -filter {name =~ "*A9*#0"}
con
----------------End of Script----------------

02:23:02 INFO  : Launch script is exported to file 'D:\proyectosep2\IEE2463-SEP-Proyecto-2-Z8\music_player\vitis\.sdk\launch_scripts\single_application_debug\systemdebugger_music_player_sw_system_standalone.tcl'
02:34:11 INFO  : Checking for BSP changes to sync application flags for project 'music_player_sw'...
02:34:23 INFO  : Disconnected from the channel tcfchan#72.
02:34:23 INFO  : Connected to target on host '127.0.0.1' and port '3121'.
02:34:25 INFO  : Jtag cable 'Digilent Zybo Z7 210351B3FC8DA' is selected.
02:34:25 INFO  : 'jtag frequency' command is executed.
02:34:25 INFO  : Context for 'APU' is selected.
02:34:25 INFO  : System reset is completed.
02:34:28 INFO  : 'after 3000' command is executed.
02:34:28 INFO  : 'targets -set -filter {jtag_cable_name =~ "Digilent Zybo Z7 210351B3FC8DA" && level==0 && jtag_device_ctx=="jsn-Zybo Z7-210351B3FC8DA-13722093-0"}' command is executed.
02:34:29 INFO  : FPGA configured successfully with bitstream "D:/proyectosep2/IEE2463-SEP-Proyecto-2-Z8/music_player/vitis/music_player_sw/_ide/bitstream/design_1_wrapper.bit"
02:34:29 INFO  : Context for 'APU' is selected.
02:34:29 INFO  : Hardware design and registers information is loaded from 'D:/proyectosep2/IEE2463-SEP-Proyecto-2-Z8/music_player/vitis/music_player/export/music_player/hw/design_1_wrapper.xsa'.
02:34:29 INFO  : 'configparams force-mem-access 1' command is executed.
02:34:29 INFO  : Context for 'APU' is selected.
02:34:29 INFO  : Sourcing of 'D:/proyectosep2/IEE2463-SEP-Proyecto-2-Z8/music_player/vitis/music_player_sw/_ide/psinit/ps7_init.tcl' is done.
02:34:30 INFO  : 'ps7_init' command is executed.
02:34:30 INFO  : 'ps7_post_config' command is executed.
02:34:30 INFO  : Context for processor 'ps7_cortexa9_0' is selected.
02:34:30 INFO  : The application 'D:/proyectosep2/IEE2463-SEP-Proyecto-2-Z8/music_player/vitis/music_player_sw/Debug/music_player_sw.elf' is downloaded to processor 'ps7_cortexa9_0'.
02:34:30 INFO  : 'configparams force-mem-access 0' command is executed.
02:34:30 INFO  : ----------------XSDB Script----------------
connect -url tcp:127.0.0.1:3121
targets -set -nocase -filter {name =~"APU*"}
rst -system
after 3000
targets -set -filter {jtag_cable_name =~ "Digilent Zybo Z7 210351B3FC8DA" && level==0 && jtag_device_ctx=="jsn-Zybo Z7-210351B3FC8DA-13722093-0"}
fpga -file D:/proyectosep2/IEE2463-SEP-Proyecto-2-Z8/music_player/vitis/music_player_sw/_ide/bitstream/design_1_wrapper.bit
targets -set -nocase -filter {name =~"APU*"}
loadhw -hw D:/proyectosep2/IEE2463-SEP-Proyecto-2-Z8/music_player/vitis/music_player/export/music_player/hw/design_1_wrapper.xsa -mem-ranges [list {0x40000000 0xbfffffff}] -regs
configparams force-mem-access 1
targets -set -nocase -filter {name =~"APU*"}
source D:/proyectosep2/IEE2463-SEP-Proyecto-2-Z8/music_player/vitis/music_player_sw/_ide/psinit/ps7_init.tcl
ps7_init
ps7_post_config
targets -set -nocase -filter {name =~ "*A9*#0"}
dow D:/proyectosep2/IEE2463-SEP-Proyecto-2-Z8/music_player/vitis/music_player_sw/Debug/music_player_sw.elf
configparams force-mem-access 0
----------------End of Script----------------

02:34:30 INFO  : Context for processor 'ps7_cortexa9_0' is selected.
02:34:30 INFO  : 'con' command is executed.
02:34:30 INFO  : ----------------XSDB Script (After Launch)----------------
targets -set -nocase -filter {name =~ "*A9*#0"}
con
----------------End of Script----------------

02:34:30 INFO  : Launch script is exported to file 'D:\proyectosep2\IEE2463-SEP-Proyecto-2-Z8\music_player\vitis\.sdk\launch_scripts\single_application_debug\systemdebugger_music_player_sw_system_standalone.tcl'
02:35:34 INFO  : Checking for BSP changes to sync application flags for project 'music_player_sw'...
02:35:52 INFO  : Checking for BSP changes to sync application flags for project 'music_player_sw'...
02:36:01 INFO  : Disconnected from the channel tcfchan#74.
02:36:01 INFO  : Connected to target on host '127.0.0.1' and port '3121'.
02:36:08 INFO  : Jtag cable 'Digilent Zybo Z7 210351B3FC8DA' is selected.
02:36:08 INFO  : 'jtag frequency' command is executed.
02:36:08 INFO  : Context for 'APU' is selected.
02:36:08 INFO  : System reset is completed.
02:36:11 INFO  : 'after 3000' command is executed.
02:36:11 INFO  : 'targets -set -filter {jtag_cable_name =~ "Digilent Zybo Z7 210351B3FC8DA" && level==0 && jtag_device_ctx=="jsn-Zybo Z7-210351B3FC8DA-13722093-0"}' command is executed.
02:36:12 INFO  : FPGA configured successfully with bitstream "D:/proyectosep2/IEE2463-SEP-Proyecto-2-Z8/music_player/vitis/music_player_sw/_ide/bitstream/design_1_wrapper.bit"
02:36:12 INFO  : Context for 'APU' is selected.
02:36:12 INFO  : Hardware design and registers information is loaded from 'D:/proyectosep2/IEE2463-SEP-Proyecto-2-Z8/music_player/vitis/music_player/export/music_player/hw/design_1_wrapper.xsa'.
02:36:12 INFO  : 'configparams force-mem-access 1' command is executed.
02:36:12 INFO  : Context for 'APU' is selected.
02:36:12 INFO  : Sourcing of 'D:/proyectosep2/IEE2463-SEP-Proyecto-2-Z8/music_player/vitis/music_player_sw/_ide/psinit/ps7_init.tcl' is done.
02:36:13 INFO  : 'ps7_init' command is executed.
02:36:13 INFO  : 'ps7_post_config' command is executed.
02:36:13 INFO  : Context for processor 'ps7_cortexa9_0' is selected.
02:36:13 INFO  : The application 'D:/proyectosep2/IEE2463-SEP-Proyecto-2-Z8/music_player/vitis/music_player_sw/Debug/music_player_sw.elf' is downloaded to processor 'ps7_cortexa9_0'.
02:36:13 INFO  : 'configparams force-mem-access 0' command is executed.
02:36:13 INFO  : ----------------XSDB Script----------------
connect -url tcp:127.0.0.1:3121
targets -set -nocase -filter {name =~"APU*"}
rst -system
after 3000
targets -set -filter {jtag_cable_name =~ "Digilent Zybo Z7 210351B3FC8DA" && level==0 && jtag_device_ctx=="jsn-Zybo Z7-210351B3FC8DA-13722093-0"}
fpga -file D:/proyectosep2/IEE2463-SEP-Proyecto-2-Z8/music_player/vitis/music_player_sw/_ide/bitstream/design_1_wrapper.bit
targets -set -nocase -filter {name =~"APU*"}
loadhw -hw D:/proyectosep2/IEE2463-SEP-Proyecto-2-Z8/music_player/vitis/music_player/export/music_player/hw/design_1_wrapper.xsa -mem-ranges [list {0x40000000 0xbfffffff}] -regs
configparams force-mem-access 1
targets -set -nocase -filter {name =~"APU*"}
source D:/proyectosep2/IEE2463-SEP-Proyecto-2-Z8/music_player/vitis/music_player_sw/_ide/psinit/ps7_init.tcl
ps7_init
ps7_post_config
targets -set -nocase -filter {name =~ "*A9*#0"}
dow D:/proyectosep2/IEE2463-SEP-Proyecto-2-Z8/music_player/vitis/music_player_sw/Debug/music_player_sw.elf
configparams force-mem-access 0
----------------End of Script----------------

02:36:13 INFO  : Context for processor 'ps7_cortexa9_0' is selected.
02:36:13 INFO  : 'con' command is executed.
02:36:13 INFO  : ----------------XSDB Script (After Launch)----------------
targets -set -nocase -filter {name =~ "*A9*#0"}
con
----------------End of Script----------------

02:36:13 INFO  : Launch script is exported to file 'D:\proyectosep2\IEE2463-SEP-Proyecto-2-Z8\music_player\vitis\.sdk\launch_scripts\single_application_debug\systemdebugger_music_player_sw_system_standalone.tcl'
02:45:14 INFO  : Hardware specification for platform project 'music_player' is updated.
02:45:20 INFO  : Result from executing command 'getProjects': music_player
02:45:20 INFO  : Result from executing command 'getPlatforms': music_player|D:/proyectosep2/IEE2463-SEP-Proyecto-2-Z8/music_player/vitis/music_player/export/music_player/music_player.xpfm
02:45:41 INFO  : Checking for BSP changes to sync application flags for project 'music_player_sw'...
02:45:42 INFO  : The hardware specfication used by project 'music_player_sw' is out of sync with the platform. Resource files extracted from the hardware specfiication will be updated.
02:45:42 INFO  : The file 'D:\proyectosep2\IEE2463-SEP-Proyecto-2-Z8\music_player\vitis\music_player_sw\_ide\bitstream\design_1_wrapper.bit' stored in project is removed.
02:45:42 INFO  : The updated bitstream files are copied from platform to folder 'D:\proyectosep2\IEE2463-SEP-Proyecto-2-Z8\music_player\vitis\music_player_sw\_ide\bitstream' in project 'music_player_sw'.
02:45:42 INFO  : The file 'D:\proyectosep2\IEE2463-SEP-Proyecto-2-Z8\music_player\vitis\music_player_sw\_ide\psinit\ps7_init.tcl' stored in project is removed.
02:45:46 INFO  : The updated ps init files are copied from platform to folder 'D:\proyectosep2\IEE2463-SEP-Proyecto-2-Z8\music_player\vitis\music_player_sw\_ide\psinit' in project 'music_player_sw'.
02:45:57 INFO  : Disconnected from the channel tcfchan#77.
02:45:57 INFO  : Connected to target on host '127.0.0.1' and port '3121'.
02:45:57 INFO  : Jtag cable 'Digilent Zybo Z7 210351B3FC8DA' is selected.
02:45:57 INFO  : 'jtag frequency' command is executed.
02:45:57 INFO  : Context for 'APU' is selected.
02:45:57 INFO  : System reset is completed.
02:46:00 INFO  : 'after 3000' command is executed.
02:46:00 INFO  : 'targets -set -filter {jtag_cable_name =~ "Digilent Zybo Z7 210351B3FC8DA" && level==0 && jtag_device_ctx=="jsn-Zybo Z7-210351B3FC8DA-13722093-0"}' command is executed.
02:46:01 INFO  : FPGA configured successfully with bitstream "D:/proyectosep2/IEE2463-SEP-Proyecto-2-Z8/music_player/vitis/music_player_sw/_ide/bitstream/design_1_wrapper.bit"
02:46:02 INFO  : Context for 'APU' is selected.
02:46:02 INFO  : Hardware design and registers information is loaded from 'D:/proyectosep2/IEE2463-SEP-Proyecto-2-Z8/music_player/vitis/music_player/export/music_player/hw/design_1_wrapper.xsa'.
02:46:02 INFO  : 'configparams force-mem-access 1' command is executed.
02:46:02 INFO  : Context for 'APU' is selected.
02:46:02 INFO  : Sourcing of 'D:/proyectosep2/IEE2463-SEP-Proyecto-2-Z8/music_player/vitis/music_player_sw/_ide/psinit/ps7_init.tcl' is done.
02:46:02 INFO  : 'ps7_init' command is executed.
02:46:02 INFO  : 'ps7_post_config' command is executed.
02:46:02 INFO  : Context for processor 'ps7_cortexa9_0' is selected.
02:46:02 INFO  : The application 'D:/proyectosep2/IEE2463-SEP-Proyecto-2-Z8/music_player/vitis/music_player_sw/Debug/music_player_sw.elf' is downloaded to processor 'ps7_cortexa9_0'.
02:46:02 INFO  : 'configparams force-mem-access 0' command is executed.
02:46:02 INFO  : ----------------XSDB Script----------------
connect -url tcp:127.0.0.1:3121
targets -set -nocase -filter {name =~"APU*"}
rst -system
after 3000
targets -set -filter {jtag_cable_name =~ "Digilent Zybo Z7 210351B3FC8DA" && level==0 && jtag_device_ctx=="jsn-Zybo Z7-210351B3FC8DA-13722093-0"}
fpga -file D:/proyectosep2/IEE2463-SEP-Proyecto-2-Z8/music_player/vitis/music_player_sw/_ide/bitstream/design_1_wrapper.bit
targets -set -nocase -filter {name =~"APU*"}
loadhw -hw D:/proyectosep2/IEE2463-SEP-Proyecto-2-Z8/music_player/vitis/music_player/export/music_player/hw/design_1_wrapper.xsa -mem-ranges [list {0x40000000 0xbfffffff}] -regs
configparams force-mem-access 1
targets -set -nocase -filter {name =~"APU*"}
source D:/proyectosep2/IEE2463-SEP-Proyecto-2-Z8/music_player/vitis/music_player_sw/_ide/psinit/ps7_init.tcl
ps7_init
ps7_post_config
targets -set -nocase -filter {name =~ "*A9*#0"}
dow D:/proyectosep2/IEE2463-SEP-Proyecto-2-Z8/music_player/vitis/music_player_sw/Debug/music_player_sw.elf
configparams force-mem-access 0
----------------End of Script----------------

02:46:02 INFO  : Context for processor 'ps7_cortexa9_0' is selected.
02:46:02 INFO  : 'con' command is executed.
02:46:02 INFO  : ----------------XSDB Script (After Launch)----------------
targets -set -nocase -filter {name =~ "*A9*#0"}
con
----------------End of Script----------------

02:46:02 INFO  : Launch script is exported to file 'D:\proyectosep2\IEE2463-SEP-Proyecto-2-Z8\music_player\vitis\.sdk\launch_scripts\single_application_debug\systemdebugger_music_player_sw_system_standalone.tcl'
03:19:40 INFO  : Checking for BSP changes to sync application flags for project 'music_player_sw'...
03:27:35 INFO  : Hardware specification for platform project 'music_player' is updated.
03:27:41 INFO  : Result from executing command 'getProjects': music_player
03:27:41 INFO  : Result from executing command 'getPlatforms': music_player|D:/proyectosep2/IEE2463-SEP-Proyecto-2-Z8/music_player/vitis/music_player/export/music_player/music_player.xpfm
03:27:51 INFO  : Checking for BSP changes to sync application flags for project 'music_player_sw'...
03:27:52 INFO  : The hardware specfication used by project 'music_player_sw' is out of sync with the platform. Resource files extracted from the hardware specfiication will be updated.
03:27:52 INFO  : The file 'D:\proyectosep2\IEE2463-SEP-Proyecto-2-Z8\music_player\vitis\music_player_sw\_ide\bitstream\design_1_wrapper.bit' stored in project is removed.
03:27:52 INFO  : The updated bitstream files are copied from platform to folder 'D:\proyectosep2\IEE2463-SEP-Proyecto-2-Z8\music_player\vitis\music_player_sw\_ide\bitstream' in project 'music_player_sw'.
03:27:52 INFO  : The file 'D:\proyectosep2\IEE2463-SEP-Proyecto-2-Z8\music_player\vitis\music_player_sw\_ide\psinit\ps7_init.tcl' stored in project is removed.
03:27:56 INFO  : The updated ps init files are copied from platform to folder 'D:\proyectosep2\IEE2463-SEP-Proyecto-2-Z8\music_player\vitis\music_player_sw\_ide\psinit' in project 'music_player_sw'.
03:28:42 INFO  : Disconnected from the channel tcfchan#80.
03:28:42 INFO  : Connected to target on host '127.0.0.1' and port '3121'.
03:28:42 INFO  : Jtag cable 'Digilent Zybo Z7 210351B3FC8DA' is selected.
03:28:42 INFO  : 'jtag frequency' command is executed.
03:28:42 INFO  : Context for 'APU' is selected.
03:28:42 INFO  : System reset is completed.
03:28:45 INFO  : 'after 3000' command is executed.
03:28:45 INFO  : 'targets -set -filter {jtag_cable_name =~ "Digilent Zybo Z7 210351B3FC8DA" && level==0 && jtag_device_ctx=="jsn-Zybo Z7-210351B3FC8DA-13722093-0"}' command is executed.
03:28:46 INFO  : FPGA configured successfully with bitstream "D:/proyectosep2/IEE2463-SEP-Proyecto-2-Z8/music_player/vitis/music_player_sw/_ide/bitstream/design_1_wrapper.bit"
03:28:47 INFO  : Context for 'APU' is selected.
03:28:47 INFO  : Hardware design and registers information is loaded from 'D:/proyectosep2/IEE2463-SEP-Proyecto-2-Z8/music_player/vitis/music_player/export/music_player/hw/design_1_wrapper.xsa'.
03:28:47 INFO  : 'configparams force-mem-access 1' command is executed.
03:28:47 INFO  : Context for 'APU' is selected.
03:28:47 INFO  : Sourcing of 'D:/proyectosep2/IEE2463-SEP-Proyecto-2-Z8/music_player/vitis/music_player_sw/_ide/psinit/ps7_init.tcl' is done.
03:28:47 INFO  : 'ps7_init' command is executed.
03:28:47 INFO  : 'ps7_post_config' command is executed.
03:28:47 INFO  : Context for processor 'ps7_cortexa9_0' is selected.
03:28:47 INFO  : The application 'D:/proyectosep2/IEE2463-SEP-Proyecto-2-Z8/music_player/vitis/music_player_sw/Debug/music_player_sw.elf' is downloaded to processor 'ps7_cortexa9_0'.
03:28:47 INFO  : 'configparams force-mem-access 0' command is executed.
03:28:47 INFO  : ----------------XSDB Script----------------
connect -url tcp:127.0.0.1:3121
targets -set -nocase -filter {name =~"APU*"}
rst -system
after 3000
targets -set -filter {jtag_cable_name =~ "Digilent Zybo Z7 210351B3FC8DA" && level==0 && jtag_device_ctx=="jsn-Zybo Z7-210351B3FC8DA-13722093-0"}
fpga -file D:/proyectosep2/IEE2463-SEP-Proyecto-2-Z8/music_player/vitis/music_player_sw/_ide/bitstream/design_1_wrapper.bit
targets -set -nocase -filter {name =~"APU*"}
loadhw -hw D:/proyectosep2/IEE2463-SEP-Proyecto-2-Z8/music_player/vitis/music_player/export/music_player/hw/design_1_wrapper.xsa -mem-ranges [list {0x40000000 0xbfffffff}] -regs
configparams force-mem-access 1
targets -set -nocase -filter {name =~"APU*"}
source D:/proyectosep2/IEE2463-SEP-Proyecto-2-Z8/music_player/vitis/music_player_sw/_ide/psinit/ps7_init.tcl
ps7_init
ps7_post_config
targets -set -nocase -filter {name =~ "*A9*#0"}
dow D:/proyectosep2/IEE2463-SEP-Proyecto-2-Z8/music_player/vitis/music_player_sw/Debug/music_player_sw.elf
configparams force-mem-access 0
----------------End of Script----------------

03:28:47 INFO  : Context for processor 'ps7_cortexa9_0' is selected.
03:28:47 INFO  : 'con' command is executed.
03:28:47 INFO  : ----------------XSDB Script (After Launch)----------------
targets -set -nocase -filter {name =~ "*A9*#0"}
con
----------------End of Script----------------

03:28:47 INFO  : Launch script is exported to file 'D:\proyectosep2\IEE2463-SEP-Proyecto-2-Z8\music_player\vitis\.sdk\launch_scripts\single_application_debug\systemdebugger_music_player_sw_system_standalone.tcl'
03:39:07 INFO  : Disconnected from the channel tcfchan#84.
11:54:07 INFO  : Launching XSCT server: xsct.bat -n  -interactive D:\proyectosep2\IEE2463-SEP-Proyecto-2-Z8\music_player\vitis\temp_xsdb_launch_script.tcl
11:54:13 INFO  : XSCT server has started successfully.
11:54:13 INFO  : Successfully done setting XSCT server connection channel  
11:54:13 INFO  : plnx-install-location is set to ''
11:54:13 INFO  : Successfully done setting workspace for the tool. 
11:54:28 INFO  : Platform repository initialization has completed.
11:54:31 INFO  : Registering command handlers for Vitis TCF services
11:54:46 INFO  : Successfully done query RDI_DATADIR 
12:21:58 INFO  : Checking for BSP changes to sync application flags for project 'music_player_sw'...
12:22:05 ERROR : (XSDB Server)ERROR: [Hsi 55-1571] The design file D:/proyectosep2/IEE2463-SEP-Proyecto-2-Z8/music_player/vitis/music_player/export/music_player/hw/design_1_wrapper.xsa is already opened

12:22:19 INFO  : Checking for BSP changes to sync application flags for project 'music_player_sw'...
12:22:21 ERROR : (XSDB Server)ERROR: [Hsi 55-1571] The design file D:/proyectosep2/IEE2463-SEP-Proyecto-2-Z8/music_player/vitis/music_player/export/music_player/hw/design_1_wrapper.xsa is already opened

12:22:30 INFO  : Checking for BSP changes to sync application flags for project 'music_player_sw'...
12:22:34 ERROR : (XSDB Server)ERROR: [Hsi 55-1571] The design file D:/proyectosep2/IEE2463-SEP-Proyecto-2-Z8/music_player/vitis/music_player/export/music_player/hw/design_1_wrapper.xsa is already opened

12:22:43 INFO  : Connected to target on host '127.0.0.1' and port '3121'.
12:22:44 INFO  : Jtag cable 'Digilent Zybo Z7 210351B3FC8DA' is selected.
12:22:44 INFO  : 'jtag frequency' command is executed.
12:22:44 INFO  : Context for 'APU' is selected.
12:22:44 INFO  : System reset is completed.
12:22:47 INFO  : 'after 3000' command is executed.
12:22:47 INFO  : 'targets -set -filter {jtag_cable_name =~ "Digilent Zybo Z7 210351B3FC8DA" && level==0 && jtag_device_ctx=="jsn-Zybo Z7-210351B3FC8DA-13722093-0"}' command is executed.
12:22:49 INFO  : FPGA configured successfully with bitstream "D:/proyectosep2/IEE2463-SEP-Proyecto-2-Z8/music_player/vitis/music_player_sw/_ide/bitstream/design_1_wrapper.bit"
12:22:49 INFO  : Context for 'APU' is selected.
12:22:49 INFO  : Hardware design and registers information is loaded from 'D:/proyectosep2/IEE2463-SEP-Proyecto-2-Z8/music_player/vitis/music_player/export/music_player/hw/design_1_wrapper.xsa'.
12:22:49 INFO  : 'configparams force-mem-access 1' command is executed.
12:22:49 INFO  : Context for 'APU' is selected.
12:22:49 INFO  : Sourcing of 'D:/proyectosep2/IEE2463-SEP-Proyecto-2-Z8/music_player/vitis/music_player_sw/_ide/psinit/ps7_init.tcl' is done.
12:22:49 INFO  : 'ps7_init' command is executed.
12:22:49 INFO  : 'ps7_post_config' command is executed.
12:22:49 INFO  : Context for processor 'ps7_cortexa9_0' is selected.
12:22:49 INFO  : The application 'D:/proyectosep2/IEE2463-SEP-Proyecto-2-Z8/music_player/vitis/music_player_sw/Debug/music_player_sw.elf' is downloaded to processor 'ps7_cortexa9_0'.
12:22:49 INFO  : 'configparams force-mem-access 0' command is executed.
12:22:49 INFO  : ----------------XSDB Script----------------
connect -url tcp:127.0.0.1:3121
targets -set -nocase -filter {name =~"APU*"}
rst -system
after 3000
targets -set -filter {jtag_cable_name =~ "Digilent Zybo Z7 210351B3FC8DA" && level==0 && jtag_device_ctx=="jsn-Zybo Z7-210351B3FC8DA-13722093-0"}
fpga -file D:/proyectosep2/IEE2463-SEP-Proyecto-2-Z8/music_player/vitis/music_player_sw/_ide/bitstream/design_1_wrapper.bit
targets -set -nocase -filter {name =~"APU*"}
loadhw -hw D:/proyectosep2/IEE2463-SEP-Proyecto-2-Z8/music_player/vitis/music_player/export/music_player/hw/design_1_wrapper.xsa -mem-ranges [list {0x40000000 0xbfffffff}] -regs
configparams force-mem-access 1
targets -set -nocase -filter {name =~"APU*"}
source D:/proyectosep2/IEE2463-SEP-Proyecto-2-Z8/music_player/vitis/music_player_sw/_ide/psinit/ps7_init.tcl
ps7_init
ps7_post_config
targets -set -nocase -filter {name =~ "*A9*#0"}
dow D:/proyectosep2/IEE2463-SEP-Proyecto-2-Z8/music_player/vitis/music_player_sw/Debug/music_player_sw.elf
configparams force-mem-access 0
----------------End of Script----------------

12:22:49 INFO  : Context for processor 'ps7_cortexa9_0' is selected.
12:22:50 INFO  : 'con' command is executed.
12:22:50 INFO  : ----------------XSDB Script (After Launch)----------------
targets -set -nocase -filter {name =~ "*A9*#0"}
con
----------------End of Script----------------

12:22:50 INFO  : Launch script is exported to file 'D:\proyectosep2\IEE2463-SEP-Proyecto-2-Z8\music_player\vitis\.sdk\launch_scripts\single_application_debug\systemdebugger_music_player_sw_system_standalone.tcl'
12:23:07 INFO  : Checking for BSP changes to sync application flags for project 'music_player_sw'...
12:23:10 ERROR : (XSDB Server)ERROR: [Hsi 55-1571] The design file D:/proyectosep2/IEE2463-SEP-Proyecto-2-Z8/music_player/vitis/music_player/export/music_player/hw/design_1_wrapper.xsa is already opened

12:23:22 INFO  : Disconnected from the channel tcfchan#4.
12:23:22 INFO  : Connected to target on host '127.0.0.1' and port '3121'.
12:23:22 INFO  : Jtag cable 'Digilent Zybo Z7 210351B3FC8DA' is selected.
12:23:22 INFO  : 'jtag frequency' command is executed.
12:23:22 INFO  : Context for 'APU' is selected.
12:23:22 INFO  : System reset is completed.
12:23:25 INFO  : 'after 3000' command is executed.
12:23:25 INFO  : 'targets -set -filter {jtag_cable_name =~ "Digilent Zybo Z7 210351B3FC8DA" && level==0 && jtag_device_ctx=="jsn-Zybo Z7-210351B3FC8DA-13722093-0"}' command is executed.
12:23:27 INFO  : FPGA configured successfully with bitstream "D:/proyectosep2/IEE2463-SEP-Proyecto-2-Z8/music_player/vitis/music_player_sw/_ide/bitstream/design_1_wrapper.bit"
12:23:27 INFO  : Context for 'APU' is selected.
12:23:29 INFO  : Hardware design and registers information is loaded from 'D:/proyectosep2/IEE2463-SEP-Proyecto-2-Z8/music_player/vitis/music_player/export/music_player/hw/design_1_wrapper.xsa'.
12:23:29 INFO  : 'configparams force-mem-access 1' command is executed.
12:23:29 INFO  : Context for 'APU' is selected.
12:23:29 INFO  : Sourcing of 'D:/proyectosep2/IEE2463-SEP-Proyecto-2-Z8/music_player/vitis/music_player_sw/_ide/psinit/ps7_init.tcl' is done.
12:23:29 INFO  : 'ps7_init' command is executed.
12:23:29 INFO  : 'ps7_post_config' command is executed.
12:23:29 INFO  : Context for processor 'ps7_cortexa9_0' is selected.
12:23:29 INFO  : The application 'D:/proyectosep2/IEE2463-SEP-Proyecto-2-Z8/music_player/vitis/music_player_sw/Debug/music_player_sw.elf' is downloaded to processor 'ps7_cortexa9_0'.
12:23:29 INFO  : 'configparams force-mem-access 0' command is executed.
12:23:29 INFO  : ----------------XSDB Script----------------
connect -url tcp:127.0.0.1:3121
targets -set -nocase -filter {name =~"APU*"}
rst -system
after 3000
targets -set -filter {jtag_cable_name =~ "Digilent Zybo Z7 210351B3FC8DA" && level==0 && jtag_device_ctx=="jsn-Zybo Z7-210351B3FC8DA-13722093-0"}
fpga -file D:/proyectosep2/IEE2463-SEP-Proyecto-2-Z8/music_player/vitis/music_player_sw/_ide/bitstream/design_1_wrapper.bit
targets -set -nocase -filter {name =~"APU*"}
loadhw -hw D:/proyectosep2/IEE2463-SEP-Proyecto-2-Z8/music_player/vitis/music_player/export/music_player/hw/design_1_wrapper.xsa -mem-ranges [list {0x40000000 0xbfffffff}] -regs
configparams force-mem-access 1
targets -set -nocase -filter {name =~"APU*"}
source D:/proyectosep2/IEE2463-SEP-Proyecto-2-Z8/music_player/vitis/music_player_sw/_ide/psinit/ps7_init.tcl
ps7_init
ps7_post_config
targets -set -nocase -filter {name =~ "*A9*#0"}
dow D:/proyectosep2/IEE2463-SEP-Proyecto-2-Z8/music_player/vitis/music_player_sw/Debug/music_player_sw.elf
configparams force-mem-access 0
----------------End of Script----------------

12:23:29 INFO  : Context for processor 'ps7_cortexa9_0' is selected.
12:23:29 INFO  : 'con' command is executed.
12:23:29 INFO  : ----------------XSDB Script (After Launch)----------------
targets -set -nocase -filter {name =~ "*A9*#0"}
con
----------------End of Script----------------

12:23:29 INFO  : Launch script is exported to file 'D:\proyectosep2\IEE2463-SEP-Proyecto-2-Z8\music_player\vitis\.sdk\launch_scripts\single_application_debug\systemdebugger_music_player_sw_system_standalone.tcl'
12:30:32 INFO  : Checking for BSP changes to sync application flags for project 'music_player_sw'...
12:30:34 ERROR : (XSDB Server)ERROR: [Hsi 55-1571] The design file D:/proyectosep2/IEE2463-SEP-Proyecto-2-Z8/music_player/vitis/music_player/export/music_player/hw/design_1_wrapper.xsa is already opened

12:30:52 INFO  : Disconnected from the channel tcfchan#6.
12:30:52 INFO  : Connected to target on host '127.0.0.1' and port '3121'.
12:30:52 INFO  : Jtag cable 'Digilent Zybo Z7 210351B3FC8DA' is selected.
12:30:52 INFO  : 'jtag frequency' command is executed.
12:30:52 INFO  : Context for 'APU' is selected.
12:30:52 INFO  : System reset is completed.
12:30:55 INFO  : 'after 3000' command is executed.
12:30:55 INFO  : 'targets -set -filter {jtag_cable_name =~ "Digilent Zybo Z7 210351B3FC8DA" && level==0 && jtag_device_ctx=="jsn-Zybo Z7-210351B3FC8DA-13722093-0"}' command is executed.
12:30:57 INFO  : FPGA configured successfully with bitstream "D:/proyectosep2/IEE2463-SEP-Proyecto-2-Z8/music_player/vitis/music_player_sw/_ide/bitstream/design_1_wrapper.bit"
12:30:57 INFO  : Context for 'APU' is selected.
12:30:59 INFO  : Hardware design and registers information is loaded from 'D:/proyectosep2/IEE2463-SEP-Proyecto-2-Z8/music_player/vitis/music_player/export/music_player/hw/design_1_wrapper.xsa'.
12:30:59 INFO  : 'configparams force-mem-access 1' command is executed.
12:30:59 INFO  : Context for 'APU' is selected.
12:30:59 INFO  : Sourcing of 'D:/proyectosep2/IEE2463-SEP-Proyecto-2-Z8/music_player/vitis/music_player_sw/_ide/psinit/ps7_init.tcl' is done.
12:30:59 INFO  : 'ps7_init' command is executed.
12:30:59 INFO  : 'ps7_post_config' command is executed.
12:30:59 INFO  : Context for processor 'ps7_cortexa9_0' is selected.
12:30:59 INFO  : The application 'D:/proyectosep2/IEE2463-SEP-Proyecto-2-Z8/music_player/vitis/music_player_sw/Debug/music_player_sw.elf' is downloaded to processor 'ps7_cortexa9_0'.
12:30:59 INFO  : 'configparams force-mem-access 0' command is executed.
12:30:59 INFO  : ----------------XSDB Script----------------
connect -url tcp:127.0.0.1:3121
targets -set -nocase -filter {name =~"APU*"}
rst -system
after 3000
targets -set -filter {jtag_cable_name =~ "Digilent Zybo Z7 210351B3FC8DA" && level==0 && jtag_device_ctx=="jsn-Zybo Z7-210351B3FC8DA-13722093-0"}
fpga -file D:/proyectosep2/IEE2463-SEP-Proyecto-2-Z8/music_player/vitis/music_player_sw/_ide/bitstream/design_1_wrapper.bit
targets -set -nocase -filter {name =~"APU*"}
loadhw -hw D:/proyectosep2/IEE2463-SEP-Proyecto-2-Z8/music_player/vitis/music_player/export/music_player/hw/design_1_wrapper.xsa -mem-ranges [list {0x40000000 0xbfffffff}] -regs
configparams force-mem-access 1
targets -set -nocase -filter {name =~"APU*"}
source D:/proyectosep2/IEE2463-SEP-Proyecto-2-Z8/music_player/vitis/music_player_sw/_ide/psinit/ps7_init.tcl
ps7_init
ps7_post_config
targets -set -nocase -filter {name =~ "*A9*#0"}
dow D:/proyectosep2/IEE2463-SEP-Proyecto-2-Z8/music_player/vitis/music_player_sw/Debug/music_player_sw.elf
configparams force-mem-access 0
----------------End of Script----------------

12:30:59 INFO  : Context for processor 'ps7_cortexa9_0' is selected.
12:30:59 INFO  : 'con' command is executed.
12:30:59 INFO  : ----------------XSDB Script (After Launch)----------------
targets -set -nocase -filter {name =~ "*A9*#0"}
con
----------------End of Script----------------

12:30:59 INFO  : Launch script is exported to file 'D:\proyectosep2\IEE2463-SEP-Proyecto-2-Z8\music_player\vitis\.sdk\launch_scripts\single_application_debug\systemdebugger_music_player_sw_system_standalone.tcl'
12:31:37 INFO  : Checking for BSP changes to sync application flags for project 'music_player_sw'...
12:31:40 ERROR : (XSDB Server)ERROR: [Hsi 55-1571] The design file D:/proyectosep2/IEE2463-SEP-Proyecto-2-Z8/music_player/vitis/music_player/export/music_player/hw/design_1_wrapper.xsa is already opened

12:31:48 INFO  : Disconnected from the channel tcfchan#8.
12:31:48 INFO  : Connected to target on host '127.0.0.1' and port '3121'.
12:31:48 INFO  : Jtag cable 'Digilent Zybo Z7 210351B3FC8DA' is selected.
12:31:48 INFO  : 'jtag frequency' command is executed.
12:31:48 INFO  : Context for 'APU' is selected.
12:31:48 INFO  : System reset is completed.
12:31:51 INFO  : 'after 3000' command is executed.
12:31:51 INFO  : 'targets -set -filter {jtag_cable_name =~ "Digilent Zybo Z7 210351B3FC8DA" && level==0 && jtag_device_ctx=="jsn-Zybo Z7-210351B3FC8DA-13722093-0"}' command is executed.
12:31:53 INFO  : FPGA configured successfully with bitstream "D:/proyectosep2/IEE2463-SEP-Proyecto-2-Z8/music_player/vitis/music_player_sw/_ide/bitstream/design_1_wrapper.bit"
12:31:53 INFO  : Context for 'APU' is selected.
12:31:55 INFO  : Hardware design and registers information is loaded from 'D:/proyectosep2/IEE2463-SEP-Proyecto-2-Z8/music_player/vitis/music_player/export/music_player/hw/design_1_wrapper.xsa'.
12:31:55 INFO  : 'configparams force-mem-access 1' command is executed.
12:31:55 INFO  : Context for 'APU' is selected.
12:31:55 INFO  : Sourcing of 'D:/proyectosep2/IEE2463-SEP-Proyecto-2-Z8/music_player/vitis/music_player_sw/_ide/psinit/ps7_init.tcl' is done.
12:31:55 INFO  : 'ps7_init' command is executed.
12:31:55 INFO  : 'ps7_post_config' command is executed.
12:31:55 INFO  : Context for processor 'ps7_cortexa9_0' is selected.
12:31:55 INFO  : The application 'D:/proyectosep2/IEE2463-SEP-Proyecto-2-Z8/music_player/vitis/music_player_sw/Debug/music_player_sw.elf' is downloaded to processor 'ps7_cortexa9_0'.
12:31:55 INFO  : 'configparams force-mem-access 0' command is executed.
12:31:55 INFO  : ----------------XSDB Script----------------
connect -url tcp:127.0.0.1:3121
targets -set -nocase -filter {name =~"APU*"}
rst -system
after 3000
targets -set -filter {jtag_cable_name =~ "Digilent Zybo Z7 210351B3FC8DA" && level==0 && jtag_device_ctx=="jsn-Zybo Z7-210351B3FC8DA-13722093-0"}
fpga -file D:/proyectosep2/IEE2463-SEP-Proyecto-2-Z8/music_player/vitis/music_player_sw/_ide/bitstream/design_1_wrapper.bit
targets -set -nocase -filter {name =~"APU*"}
loadhw -hw D:/proyectosep2/IEE2463-SEP-Proyecto-2-Z8/music_player/vitis/music_player/export/music_player/hw/design_1_wrapper.xsa -mem-ranges [list {0x40000000 0xbfffffff}] -regs
configparams force-mem-access 1
targets -set -nocase -filter {name =~"APU*"}
source D:/proyectosep2/IEE2463-SEP-Proyecto-2-Z8/music_player/vitis/music_player_sw/_ide/psinit/ps7_init.tcl
ps7_init
ps7_post_config
targets -set -nocase -filter {name =~ "*A9*#0"}
dow D:/proyectosep2/IEE2463-SEP-Proyecto-2-Z8/music_player/vitis/music_player_sw/Debug/music_player_sw.elf
configparams force-mem-access 0
----------------End of Script----------------

12:31:55 INFO  : Context for processor 'ps7_cortexa9_0' is selected.
12:31:55 INFO  : 'con' command is executed.
12:31:55 INFO  : ----------------XSDB Script (After Launch)----------------
targets -set -nocase -filter {name =~ "*A9*#0"}
con
----------------End of Script----------------

12:31:55 INFO  : Launch script is exported to file 'D:\proyectosep2\IEE2463-SEP-Proyecto-2-Z8\music_player\vitis\.sdk\launch_scripts\single_application_debug\systemdebugger_music_player_sw_system_standalone.tcl'
12:32:45 INFO  : Checking for BSP changes to sync application flags for project 'music_player_sw'...
12:32:47 ERROR : (XSDB Server)ERROR: [Hsi 55-1571] The design file D:/proyectosep2/IEE2463-SEP-Proyecto-2-Z8/music_player/vitis/music_player/export/music_player/hw/design_1_wrapper.xsa is already opened

12:32:54 INFO  : Disconnected from the channel tcfchan#10.
12:32:54 INFO  : Connected to target on host '127.0.0.1' and port '3121'.
12:32:54 INFO  : Jtag cable 'Digilent Zybo Z7 210351B3FC8DA' is selected.
12:32:54 INFO  : 'jtag frequency' command is executed.
12:32:54 INFO  : Context for 'APU' is selected.
12:32:54 INFO  : System reset is completed.
12:32:57 INFO  : 'after 3000' command is executed.
12:32:57 INFO  : 'targets -set -filter {jtag_cable_name =~ "Digilent Zybo Z7 210351B3FC8DA" && level==0 && jtag_device_ctx=="jsn-Zybo Z7-210351B3FC8DA-13722093-0"}' command is executed.
12:32:59 INFO  : FPGA configured successfully with bitstream "D:/proyectosep2/IEE2463-SEP-Proyecto-2-Z8/music_player/vitis/music_player_sw/_ide/bitstream/design_1_wrapper.bit"
12:32:59 INFO  : Context for 'APU' is selected.
12:33:01 INFO  : Hardware design and registers information is loaded from 'D:/proyectosep2/IEE2463-SEP-Proyecto-2-Z8/music_player/vitis/music_player/export/music_player/hw/design_1_wrapper.xsa'.
12:33:01 INFO  : 'configparams force-mem-access 1' command is executed.
12:33:01 INFO  : Context for 'APU' is selected.
12:33:01 INFO  : Sourcing of 'D:/proyectosep2/IEE2463-SEP-Proyecto-2-Z8/music_player/vitis/music_player_sw/_ide/psinit/ps7_init.tcl' is done.
12:33:01 INFO  : 'ps7_init' command is executed.
12:33:01 INFO  : 'ps7_post_config' command is executed.
12:33:01 INFO  : Context for processor 'ps7_cortexa9_0' is selected.
12:33:02 INFO  : The application 'D:/proyectosep2/IEE2463-SEP-Proyecto-2-Z8/music_player/vitis/music_player_sw/Debug/music_player_sw.elf' is downloaded to processor 'ps7_cortexa9_0'.
12:33:02 INFO  : 'configparams force-mem-access 0' command is executed.
12:33:02 INFO  : ----------------XSDB Script----------------
connect -url tcp:127.0.0.1:3121
targets -set -nocase -filter {name =~"APU*"}
rst -system
after 3000
targets -set -filter {jtag_cable_name =~ "Digilent Zybo Z7 210351B3FC8DA" && level==0 && jtag_device_ctx=="jsn-Zybo Z7-210351B3FC8DA-13722093-0"}
fpga -file D:/proyectosep2/IEE2463-SEP-Proyecto-2-Z8/music_player/vitis/music_player_sw/_ide/bitstream/design_1_wrapper.bit
targets -set -nocase -filter {name =~"APU*"}
loadhw -hw D:/proyectosep2/IEE2463-SEP-Proyecto-2-Z8/music_player/vitis/music_player/export/music_player/hw/design_1_wrapper.xsa -mem-ranges [list {0x40000000 0xbfffffff}] -regs
configparams force-mem-access 1
targets -set -nocase -filter {name =~"APU*"}
source D:/proyectosep2/IEE2463-SEP-Proyecto-2-Z8/music_player/vitis/music_player_sw/_ide/psinit/ps7_init.tcl
ps7_init
ps7_post_config
targets -set -nocase -filter {name =~ "*A9*#0"}
dow D:/proyectosep2/IEE2463-SEP-Proyecto-2-Z8/music_player/vitis/music_player_sw/Debug/music_player_sw.elf
configparams force-mem-access 0
----------------End of Script----------------

12:33:02 INFO  : Context for processor 'ps7_cortexa9_0' is selected.
12:33:02 INFO  : 'con' command is executed.
12:33:02 INFO  : ----------------XSDB Script (After Launch)----------------
targets -set -nocase -filter {name =~ "*A9*#0"}
con
----------------End of Script----------------

12:33:02 INFO  : Launch script is exported to file 'D:\proyectosep2\IEE2463-SEP-Proyecto-2-Z8\music_player\vitis\.sdk\launch_scripts\single_application_debug\systemdebugger_music_player_sw_system_standalone.tcl'
12:33:18 INFO  : Checking for BSP changes to sync application flags for project 'music_player_sw'...
12:33:20 ERROR : (XSDB Server)ERROR: [Hsi 55-1571] The design file D:/proyectosep2/IEE2463-SEP-Proyecto-2-Z8/music_player/vitis/music_player/export/music_player/hw/design_1_wrapper.xsa is already opened

12:33:28 INFO  : Disconnected from the channel tcfchan#12.
12:33:28 INFO  : Connected to target on host '127.0.0.1' and port '3121'.
12:33:28 INFO  : Jtag cable 'Digilent Zybo Z7 210351B3FC8DA' is selected.
12:33:28 INFO  : 'jtag frequency' command is executed.
12:33:28 INFO  : Context for 'APU' is selected.
12:33:28 INFO  : System reset is completed.
12:33:31 INFO  : 'after 3000' command is executed.
12:33:31 INFO  : 'targets -set -filter {jtag_cable_name =~ "Digilent Zybo Z7 210351B3FC8DA" && level==0 && jtag_device_ctx=="jsn-Zybo Z7-210351B3FC8DA-13722093-0"}' command is executed.
12:33:33 INFO  : FPGA configured successfully with bitstream "D:/proyectosep2/IEE2463-SEP-Proyecto-2-Z8/music_player/vitis/music_player_sw/_ide/bitstream/design_1_wrapper.bit"
12:33:33 INFO  : Context for 'APU' is selected.
12:33:35 INFO  : Hardware design and registers information is loaded from 'D:/proyectosep2/IEE2463-SEP-Proyecto-2-Z8/music_player/vitis/music_player/export/music_player/hw/design_1_wrapper.xsa'.
12:33:35 INFO  : 'configparams force-mem-access 1' command is executed.
12:33:35 INFO  : Context for 'APU' is selected.
12:33:35 INFO  : Sourcing of 'D:/proyectosep2/IEE2463-SEP-Proyecto-2-Z8/music_player/vitis/music_player_sw/_ide/psinit/ps7_init.tcl' is done.
12:33:35 INFO  : 'ps7_init' command is executed.
12:33:35 INFO  : 'ps7_post_config' command is executed.
12:33:35 INFO  : Context for processor 'ps7_cortexa9_0' is selected.
12:33:35 INFO  : The application 'D:/proyectosep2/IEE2463-SEP-Proyecto-2-Z8/music_player/vitis/music_player_sw/Debug/music_player_sw.elf' is downloaded to processor 'ps7_cortexa9_0'.
12:33:35 INFO  : 'configparams force-mem-access 0' command is executed.
12:33:35 INFO  : ----------------XSDB Script----------------
connect -url tcp:127.0.0.1:3121
targets -set -nocase -filter {name =~"APU*"}
rst -system
after 3000
targets -set -filter {jtag_cable_name =~ "Digilent Zybo Z7 210351B3FC8DA" && level==0 && jtag_device_ctx=="jsn-Zybo Z7-210351B3FC8DA-13722093-0"}
fpga -file D:/proyectosep2/IEE2463-SEP-Proyecto-2-Z8/music_player/vitis/music_player_sw/_ide/bitstream/design_1_wrapper.bit
targets -set -nocase -filter {name =~"APU*"}
loadhw -hw D:/proyectosep2/IEE2463-SEP-Proyecto-2-Z8/music_player/vitis/music_player/export/music_player/hw/design_1_wrapper.xsa -mem-ranges [list {0x40000000 0xbfffffff}] -regs
configparams force-mem-access 1
targets -set -nocase -filter {name =~"APU*"}
source D:/proyectosep2/IEE2463-SEP-Proyecto-2-Z8/music_player/vitis/music_player_sw/_ide/psinit/ps7_init.tcl
ps7_init
ps7_post_config
targets -set -nocase -filter {name =~ "*A9*#0"}
dow D:/proyectosep2/IEE2463-SEP-Proyecto-2-Z8/music_player/vitis/music_player_sw/Debug/music_player_sw.elf
configparams force-mem-access 0
----------------End of Script----------------

12:33:35 INFO  : Context for processor 'ps7_cortexa9_0' is selected.
12:33:35 INFO  : 'con' command is executed.
12:33:35 INFO  : ----------------XSDB Script (After Launch)----------------
targets -set -nocase -filter {name =~ "*A9*#0"}
con
----------------End of Script----------------

12:33:35 INFO  : Launch script is exported to file 'D:\proyectosep2\IEE2463-SEP-Proyecto-2-Z8\music_player\vitis\.sdk\launch_scripts\single_application_debug\systemdebugger_music_player_sw_system_standalone.tcl'
12:33:52 INFO  : Checking for BSP changes to sync application flags for project 'music_player_sw'...
12:33:55 ERROR : (XSDB Server)ERROR: [Hsi 55-1571] The design file D:/proyectosep2/IEE2463-SEP-Proyecto-2-Z8/music_player/vitis/music_player/export/music_player/hw/design_1_wrapper.xsa is already opened

12:34:03 INFO  : Disconnected from the channel tcfchan#14.
12:34:03 INFO  : Connected to target on host '127.0.0.1' and port '3121'.
12:34:03 INFO  : Jtag cable 'Digilent Zybo Z7 210351B3FC8DA' is selected.
12:34:03 INFO  : 'jtag frequency' command is executed.
12:34:03 INFO  : Context for 'APU' is selected.
12:34:03 INFO  : System reset is completed.
12:34:06 INFO  : 'after 3000' command is executed.
12:34:06 INFO  : 'targets -set -filter {jtag_cable_name =~ "Digilent Zybo Z7 210351B3FC8DA" && level==0 && jtag_device_ctx=="jsn-Zybo Z7-210351B3FC8DA-13722093-0"}' command is executed.
12:34:07 INFO  : FPGA configured successfully with bitstream "D:/proyectosep2/IEE2463-SEP-Proyecto-2-Z8/music_player/vitis/music_player_sw/_ide/bitstream/design_1_wrapper.bit"
12:34:08 INFO  : Context for 'APU' is selected.
12:34:09 INFO  : Hardware design and registers information is loaded from 'D:/proyectosep2/IEE2463-SEP-Proyecto-2-Z8/music_player/vitis/music_player/export/music_player/hw/design_1_wrapper.xsa'.
12:34:09 INFO  : 'configparams force-mem-access 1' command is executed.
12:34:09 INFO  : Context for 'APU' is selected.
12:34:09 INFO  : Sourcing of 'D:/proyectosep2/IEE2463-SEP-Proyecto-2-Z8/music_player/vitis/music_player_sw/_ide/psinit/ps7_init.tcl' is done.
12:34:10 INFO  : 'ps7_init' command is executed.
12:34:10 INFO  : 'ps7_post_config' command is executed.
12:34:10 INFO  : Context for processor 'ps7_cortexa9_0' is selected.
12:34:10 INFO  : The application 'D:/proyectosep2/IEE2463-SEP-Proyecto-2-Z8/music_player/vitis/music_player_sw/Debug/music_player_sw.elf' is downloaded to processor 'ps7_cortexa9_0'.
12:34:10 INFO  : 'configparams force-mem-access 0' command is executed.
12:34:10 INFO  : ----------------XSDB Script----------------
connect -url tcp:127.0.0.1:3121
targets -set -nocase -filter {name =~"APU*"}
rst -system
after 3000
targets -set -filter {jtag_cable_name =~ "Digilent Zybo Z7 210351B3FC8DA" && level==0 && jtag_device_ctx=="jsn-Zybo Z7-210351B3FC8DA-13722093-0"}
fpga -file D:/proyectosep2/IEE2463-SEP-Proyecto-2-Z8/music_player/vitis/music_player_sw/_ide/bitstream/design_1_wrapper.bit
targets -set -nocase -filter {name =~"APU*"}
loadhw -hw D:/proyectosep2/IEE2463-SEP-Proyecto-2-Z8/music_player/vitis/music_player/export/music_player/hw/design_1_wrapper.xsa -mem-ranges [list {0x40000000 0xbfffffff}] -regs
configparams force-mem-access 1
targets -set -nocase -filter {name =~"APU*"}
source D:/proyectosep2/IEE2463-SEP-Proyecto-2-Z8/music_player/vitis/music_player_sw/_ide/psinit/ps7_init.tcl
ps7_init
ps7_post_config
targets -set -nocase -filter {name =~ "*A9*#0"}
dow D:/proyectosep2/IEE2463-SEP-Proyecto-2-Z8/music_player/vitis/music_player_sw/Debug/music_player_sw.elf
configparams force-mem-access 0
----------------End of Script----------------

12:34:10 INFO  : Context for processor 'ps7_cortexa9_0' is selected.
12:34:10 INFO  : 'con' command is executed.
12:34:10 INFO  : ----------------XSDB Script (After Launch)----------------
targets -set -nocase -filter {name =~ "*A9*#0"}
con
----------------End of Script----------------

12:34:10 INFO  : Launch script is exported to file 'D:\proyectosep2\IEE2463-SEP-Proyecto-2-Z8\music_player\vitis\.sdk\launch_scripts\single_application_debug\systemdebugger_music_player_sw_system_standalone.tcl'
12:34:21 INFO  : Checking for BSP changes to sync application flags for project 'music_player_sw'...
12:34:23 ERROR : (XSDB Server)ERROR: [Hsi 55-1571] The design file D:/proyectosep2/IEE2463-SEP-Proyecto-2-Z8/music_player/vitis/music_player/export/music_player/hw/design_1_wrapper.xsa is already opened

12:34:28 INFO  : Disconnected from the channel tcfchan#16.
12:34:29 INFO  : Connected to target on host '127.0.0.1' and port '3121'.
12:34:29 INFO  : Jtag cable 'Digilent Zybo Z7 210351B3FC8DA' is selected.
12:34:29 INFO  : 'jtag frequency' command is executed.
12:34:29 INFO  : Context for 'APU' is selected.
12:34:29 INFO  : System reset is completed.
12:34:32 INFO  : 'after 3000' command is executed.
12:34:32 INFO  : 'targets -set -filter {jtag_cable_name =~ "Digilent Zybo Z7 210351B3FC8DA" && level==0 && jtag_device_ctx=="jsn-Zybo Z7-210351B3FC8DA-13722093-0"}' command is executed.
12:34:33 INFO  : FPGA configured successfully with bitstream "D:/proyectosep2/IEE2463-SEP-Proyecto-2-Z8/music_player/vitis/music_player_sw/_ide/bitstream/design_1_wrapper.bit"
12:34:33 INFO  : Context for 'APU' is selected.
12:34:35 INFO  : Hardware design and registers information is loaded from 'D:/proyectosep2/IEE2463-SEP-Proyecto-2-Z8/music_player/vitis/music_player/export/music_player/hw/design_1_wrapper.xsa'.
12:34:35 INFO  : 'configparams force-mem-access 1' command is executed.
12:34:35 INFO  : Context for 'APU' is selected.
12:34:35 INFO  : Sourcing of 'D:/proyectosep2/IEE2463-SEP-Proyecto-2-Z8/music_player/vitis/music_player_sw/_ide/psinit/ps7_init.tcl' is done.
12:34:35 INFO  : 'ps7_init' command is executed.
12:34:35 INFO  : 'ps7_post_config' command is executed.
12:34:35 INFO  : Context for processor 'ps7_cortexa9_0' is selected.
12:34:35 INFO  : The application 'D:/proyectosep2/IEE2463-SEP-Proyecto-2-Z8/music_player/vitis/music_player_sw/Debug/music_player_sw.elf' is downloaded to processor 'ps7_cortexa9_0'.
12:34:35 INFO  : 'configparams force-mem-access 0' command is executed.
12:34:35 INFO  : ----------------XSDB Script----------------
connect -url tcp:127.0.0.1:3121
targets -set -nocase -filter {name =~"APU*"}
rst -system
after 3000
targets -set -filter {jtag_cable_name =~ "Digilent Zybo Z7 210351B3FC8DA" && level==0 && jtag_device_ctx=="jsn-Zybo Z7-210351B3FC8DA-13722093-0"}
fpga -file D:/proyectosep2/IEE2463-SEP-Proyecto-2-Z8/music_player/vitis/music_player_sw/_ide/bitstream/design_1_wrapper.bit
targets -set -nocase -filter {name =~"APU*"}
loadhw -hw D:/proyectosep2/IEE2463-SEP-Proyecto-2-Z8/music_player/vitis/music_player/export/music_player/hw/design_1_wrapper.xsa -mem-ranges [list {0x40000000 0xbfffffff}] -regs
configparams force-mem-access 1
targets -set -nocase -filter {name =~"APU*"}
source D:/proyectosep2/IEE2463-SEP-Proyecto-2-Z8/music_player/vitis/music_player_sw/_ide/psinit/ps7_init.tcl
ps7_init
ps7_post_config
targets -set -nocase -filter {name =~ "*A9*#0"}
dow D:/proyectosep2/IEE2463-SEP-Proyecto-2-Z8/music_player/vitis/music_player_sw/Debug/music_player_sw.elf
configparams force-mem-access 0
----------------End of Script----------------

12:34:36 INFO  : Context for processor 'ps7_cortexa9_0' is selected.
12:34:36 INFO  : 'con' command is executed.
12:34:36 INFO  : ----------------XSDB Script (After Launch)----------------
targets -set -nocase -filter {name =~ "*A9*#0"}
con
----------------End of Script----------------

12:34:36 INFO  : Launch script is exported to file 'D:\proyectosep2\IEE2463-SEP-Proyecto-2-Z8\music_player\vitis\.sdk\launch_scripts\single_application_debug\systemdebugger_music_player_sw_system_standalone.tcl'
12:37:59 INFO  : Checking for BSP changes to sync application flags for project 'music_player_sw'...
12:38:01 ERROR : (XSDB Server)ERROR: [Hsi 55-1571] The design file D:/proyectosep2/IEE2463-SEP-Proyecto-2-Z8/music_player/vitis/music_player/export/music_player/hw/design_1_wrapper.xsa is already opened

12:38:51 INFO  : Checking for BSP changes to sync application flags for project 'music_player_sw'...
12:38:53 ERROR : (XSDB Server)ERROR: [Hsi 55-1571] The design file D:/proyectosep2/IEE2463-SEP-Proyecto-2-Z8/music_player/vitis/music_player/export/music_player/hw/design_1_wrapper.xsa is already opened

12:39:45 INFO  : Checking for BSP changes to sync application flags for project 'music_player_sw'...
12:39:47 ERROR : (XSDB Server)ERROR: [Hsi 55-1571] The design file D:/proyectosep2/IEE2463-SEP-Proyecto-2-Z8/music_player/vitis/music_player/export/music_player/hw/design_1_wrapper.xsa is already opened

12:43:48 INFO  : Checking for BSP changes to sync application flags for project 'music_player_sw'...
12:43:50 ERROR : (XSDB Server)ERROR: [Hsi 55-1571] The design file D:/proyectosep2/IEE2463-SEP-Proyecto-2-Z8/music_player/vitis/music_player/export/music_player/hw/design_1_wrapper.xsa is already opened

12:44:07 INFO  : Disconnected from the channel tcfchan#18.
12:44:07 INFO  : Connected to target on host '127.0.0.1' and port '3121'.
12:44:07 INFO  : Jtag cable 'Digilent Zybo Z7 210351B3FC8DA' is selected.
12:44:07 INFO  : 'jtag frequency' command is executed.
12:44:07 INFO  : Context for 'APU' is selected.
12:44:07 INFO  : System reset is completed.
12:44:10 INFO  : 'after 3000' command is executed.
12:44:10 INFO  : 'targets -set -filter {jtag_cable_name =~ "Digilent Zybo Z7 210351B3FC8DA" && level==0 && jtag_device_ctx=="jsn-Zybo Z7-210351B3FC8DA-13722093-0"}' command is executed.
12:44:12 INFO  : FPGA configured successfully with bitstream "D:/proyectosep2/IEE2463-SEP-Proyecto-2-Z8/music_player/vitis/music_player_sw/_ide/bitstream/design_1_wrapper.bit"
12:44:12 INFO  : Context for 'APU' is selected.
12:44:14 INFO  : Hardware design and registers information is loaded from 'D:/proyectosep2/IEE2463-SEP-Proyecto-2-Z8/music_player/vitis/music_player/export/music_player/hw/design_1_wrapper.xsa'.
12:44:14 INFO  : 'configparams force-mem-access 1' command is executed.
12:44:14 INFO  : Context for 'APU' is selected.
12:44:14 INFO  : Sourcing of 'D:/proyectosep2/IEE2463-SEP-Proyecto-2-Z8/music_player/vitis/music_player_sw/_ide/psinit/ps7_init.tcl' is done.
12:44:14 INFO  : 'ps7_init' command is executed.
12:44:14 INFO  : 'ps7_post_config' command is executed.
12:44:14 INFO  : Context for processor 'ps7_cortexa9_0' is selected.
12:44:14 INFO  : The application 'D:/proyectosep2/IEE2463-SEP-Proyecto-2-Z8/music_player/vitis/music_player_sw/Debug/music_player_sw.elf' is downloaded to processor 'ps7_cortexa9_0'.
12:44:14 INFO  : 'configparams force-mem-access 0' command is executed.
12:44:14 INFO  : ----------------XSDB Script----------------
connect -url tcp:127.0.0.1:3121
targets -set -nocase -filter {name =~"APU*"}
rst -system
after 3000
targets -set -filter {jtag_cable_name =~ "Digilent Zybo Z7 210351B3FC8DA" && level==0 && jtag_device_ctx=="jsn-Zybo Z7-210351B3FC8DA-13722093-0"}
fpga -file D:/proyectosep2/IEE2463-SEP-Proyecto-2-Z8/music_player/vitis/music_player_sw/_ide/bitstream/design_1_wrapper.bit
targets -set -nocase -filter {name =~"APU*"}
loadhw -hw D:/proyectosep2/IEE2463-SEP-Proyecto-2-Z8/music_player/vitis/music_player/export/music_player/hw/design_1_wrapper.xsa -mem-ranges [list {0x40000000 0xbfffffff}] -regs
configparams force-mem-access 1
targets -set -nocase -filter {name =~"APU*"}
source D:/proyectosep2/IEE2463-SEP-Proyecto-2-Z8/music_player/vitis/music_player_sw/_ide/psinit/ps7_init.tcl
ps7_init
ps7_post_config
targets -set -nocase -filter {name =~ "*A9*#0"}
dow D:/proyectosep2/IEE2463-SEP-Proyecto-2-Z8/music_player/vitis/music_player_sw/Debug/music_player_sw.elf
configparams force-mem-access 0
----------------End of Script----------------

12:44:14 INFO  : Context for processor 'ps7_cortexa9_0' is selected.
12:44:14 INFO  : 'con' command is executed.
12:44:14 INFO  : ----------------XSDB Script (After Launch)----------------
targets -set -nocase -filter {name =~ "*A9*#0"}
con
----------------End of Script----------------

12:44:14 INFO  : Launch script is exported to file 'D:\proyectosep2\IEE2463-SEP-Proyecto-2-Z8\music_player\vitis\.sdk\launch_scripts\single_application_debug\systemdebugger_music_player_sw_system_standalone.tcl'
12:44:34 INFO  : Checking for BSP changes to sync application flags for project 'music_player_sw'...
12:44:36 ERROR : (XSDB Server)ERROR: [Hsi 55-1571] The design file D:/proyectosep2/IEE2463-SEP-Proyecto-2-Z8/music_player/vitis/music_player/export/music_player/hw/design_1_wrapper.xsa is already opened

12:44:44 INFO  : Disconnected from the channel tcfchan#23.
12:44:44 INFO  : Connected to target on host '127.0.0.1' and port '3121'.
12:44:44 INFO  : Jtag cable 'Digilent Zybo Z7 210351B3FC8DA' is selected.
12:44:44 INFO  : 'jtag frequency' command is executed.
12:44:44 INFO  : Context for 'APU' is selected.
12:44:44 INFO  : System reset is completed.
12:44:47 INFO  : 'after 3000' command is executed.
12:44:47 INFO  : 'targets -set -filter {jtag_cable_name =~ "Digilent Zybo Z7 210351B3FC8DA" && level==0 && jtag_device_ctx=="jsn-Zybo Z7-210351B3FC8DA-13722093-0"}' command is executed.
12:44:48 INFO  : FPGA configured successfully with bitstream "D:/proyectosep2/IEE2463-SEP-Proyecto-2-Z8/music_player/vitis/music_player_sw/_ide/bitstream/design_1_wrapper.bit"
12:44:48 INFO  : Context for 'APU' is selected.
12:44:50 INFO  : Hardware design and registers information is loaded from 'D:/proyectosep2/IEE2463-SEP-Proyecto-2-Z8/music_player/vitis/music_player/export/music_player/hw/design_1_wrapper.xsa'.
12:44:50 INFO  : 'configparams force-mem-access 1' command is executed.
12:44:50 INFO  : Context for 'APU' is selected.
12:44:50 INFO  : Sourcing of 'D:/proyectosep2/IEE2463-SEP-Proyecto-2-Z8/music_player/vitis/music_player_sw/_ide/psinit/ps7_init.tcl' is done.
12:44:50 INFO  : 'ps7_init' command is executed.
12:44:50 INFO  : 'ps7_post_config' command is executed.
12:44:50 INFO  : Context for processor 'ps7_cortexa9_0' is selected.
12:44:51 INFO  : The application 'D:/proyectosep2/IEE2463-SEP-Proyecto-2-Z8/music_player/vitis/music_player_sw/Debug/music_player_sw.elf' is downloaded to processor 'ps7_cortexa9_0'.
12:44:51 INFO  : 'configparams force-mem-access 0' command is executed.
12:44:51 INFO  : ----------------XSDB Script----------------
connect -url tcp:127.0.0.1:3121
targets -set -nocase -filter {name =~"APU*"}
rst -system
after 3000
targets -set -filter {jtag_cable_name =~ "Digilent Zybo Z7 210351B3FC8DA" && level==0 && jtag_device_ctx=="jsn-Zybo Z7-210351B3FC8DA-13722093-0"}
fpga -file D:/proyectosep2/IEE2463-SEP-Proyecto-2-Z8/music_player/vitis/music_player_sw/_ide/bitstream/design_1_wrapper.bit
targets -set -nocase -filter {name =~"APU*"}
loadhw -hw D:/proyectosep2/IEE2463-SEP-Proyecto-2-Z8/music_player/vitis/music_player/export/music_player/hw/design_1_wrapper.xsa -mem-ranges [list {0x40000000 0xbfffffff}] -regs
configparams force-mem-access 1
targets -set -nocase -filter {name =~"APU*"}
source D:/proyectosep2/IEE2463-SEP-Proyecto-2-Z8/music_player/vitis/music_player_sw/_ide/psinit/ps7_init.tcl
ps7_init
ps7_post_config
targets -set -nocase -filter {name =~ "*A9*#0"}
dow D:/proyectosep2/IEE2463-SEP-Proyecto-2-Z8/music_player/vitis/music_player_sw/Debug/music_player_sw.elf
configparams force-mem-access 0
----------------End of Script----------------

12:44:51 INFO  : Context for processor 'ps7_cortexa9_0' is selected.
12:44:51 INFO  : 'con' command is executed.
12:44:51 INFO  : ----------------XSDB Script (After Launch)----------------
targets -set -nocase -filter {name =~ "*A9*#0"}
con
----------------End of Script----------------

12:44:51 INFO  : Launch script is exported to file 'D:\proyectosep2\IEE2463-SEP-Proyecto-2-Z8\music_player\vitis\.sdk\launch_scripts\single_application_debug\systemdebugger_music_player_sw_system_standalone.tcl'
12:47:38 INFO  : Checking for BSP changes to sync application flags for project 'music_player_sw'...
12:47:41 ERROR : (XSDB Server)ERROR: [Hsi 55-1571] The design file D:/proyectosep2/IEE2463-SEP-Proyecto-2-Z8/music_player/vitis/music_player/export/music_player/hw/design_1_wrapper.xsa is already opened

12:48:08 INFO  : Disconnected from the channel tcfchan#25.
12:48:08 INFO  : Connected to target on host '127.0.0.1' and port '3121'.
12:48:08 INFO  : Jtag cable 'Digilent Zybo Z7 210351B3FC8DA' is selected.
12:48:08 INFO  : 'jtag frequency' command is executed.
12:48:08 INFO  : Context for 'APU' is selected.
12:48:08 INFO  : System reset is completed.
12:48:11 INFO  : 'after 3000' command is executed.
12:48:11 INFO  : 'targets -set -filter {jtag_cable_name =~ "Digilent Zybo Z7 210351B3FC8DA" && level==0 && jtag_device_ctx=="jsn-Zybo Z7-210351B3FC8DA-13722093-0"}' command is executed.
12:48:12 INFO  : FPGA configured successfully with bitstream "D:/proyectosep2/IEE2463-SEP-Proyecto-2-Z8/music_player/vitis/music_player_sw/_ide/bitstream/design_1_wrapper.bit"
12:48:12 INFO  : Context for 'APU' is selected.
12:48:14 INFO  : Hardware design and registers information is loaded from 'D:/proyectosep2/IEE2463-SEP-Proyecto-2-Z8/music_player/vitis/music_player/export/music_player/hw/design_1_wrapper.xsa'.
12:48:14 INFO  : 'configparams force-mem-access 1' command is executed.
12:48:14 INFO  : Context for 'APU' is selected.
12:48:14 INFO  : Sourcing of 'D:/proyectosep2/IEE2463-SEP-Proyecto-2-Z8/music_player/vitis/music_player_sw/_ide/psinit/ps7_init.tcl' is done.
12:48:15 INFO  : 'ps7_init' command is executed.
12:48:15 INFO  : 'ps7_post_config' command is executed.
12:48:15 INFO  : Context for processor 'ps7_cortexa9_0' is selected.
12:48:15 INFO  : The application 'D:/proyectosep2/IEE2463-SEP-Proyecto-2-Z8/music_player/vitis/music_player_sw/Debug/music_player_sw.elf' is downloaded to processor 'ps7_cortexa9_0'.
12:48:15 INFO  : 'configparams force-mem-access 0' command is executed.
12:48:15 INFO  : ----------------XSDB Script----------------
connect -url tcp:127.0.0.1:3121
targets -set -nocase -filter {name =~"APU*"}
rst -system
after 3000
targets -set -filter {jtag_cable_name =~ "Digilent Zybo Z7 210351B3FC8DA" && level==0 && jtag_device_ctx=="jsn-Zybo Z7-210351B3FC8DA-13722093-0"}
fpga -file D:/proyectosep2/IEE2463-SEP-Proyecto-2-Z8/music_player/vitis/music_player_sw/_ide/bitstream/design_1_wrapper.bit
targets -set -nocase -filter {name =~"APU*"}
loadhw -hw D:/proyectosep2/IEE2463-SEP-Proyecto-2-Z8/music_player/vitis/music_player/export/music_player/hw/design_1_wrapper.xsa -mem-ranges [list {0x40000000 0xbfffffff}] -regs
configparams force-mem-access 1
targets -set -nocase -filter {name =~"APU*"}
source D:/proyectosep2/IEE2463-SEP-Proyecto-2-Z8/music_player/vitis/music_player_sw/_ide/psinit/ps7_init.tcl
ps7_init
ps7_post_config
targets -set -nocase -filter {name =~ "*A9*#0"}
dow D:/proyectosep2/IEE2463-SEP-Proyecto-2-Z8/music_player/vitis/music_player_sw/Debug/music_player_sw.elf
configparams force-mem-access 0
----------------End of Script----------------

12:48:15 INFO  : Context for processor 'ps7_cortexa9_0' is selected.
12:48:15 INFO  : 'con' command is executed.
12:48:15 INFO  : ----------------XSDB Script (After Launch)----------------
targets -set -nocase -filter {name =~ "*A9*#0"}
con
----------------End of Script----------------

12:48:15 INFO  : Launch script is exported to file 'D:\proyectosep2\IEE2463-SEP-Proyecto-2-Z8\music_player\vitis\.sdk\launch_scripts\single_application_debug\systemdebugger_music_player_sw_system_standalone.tcl'
12:48:29 INFO  : Checking for BSP changes to sync application flags for project 'music_player_sw'...
12:48:31 ERROR : (XSDB Server)ERROR: [Hsi 55-1571] The design file D:/proyectosep2/IEE2463-SEP-Proyecto-2-Z8/music_player/vitis/music_player/export/music_player/hw/design_1_wrapper.xsa is already opened

12:48:45 INFO  : Disconnected from the channel tcfchan#27.
12:48:45 INFO  : Connected to target on host '127.0.0.1' and port '3121'.
12:48:45 INFO  : Jtag cable 'Digilent Zybo Z7 210351B3FC8DA' is selected.
12:48:45 INFO  : 'jtag frequency' command is executed.
12:48:45 INFO  : Context for 'APU' is selected.
12:48:45 INFO  : System reset is completed.
12:48:48 INFO  : 'after 3000' command is executed.
12:48:48 INFO  : 'targets -set -filter {jtag_cable_name =~ "Digilent Zybo Z7 210351B3FC8DA" && level==0 && jtag_device_ctx=="jsn-Zybo Z7-210351B3FC8DA-13722093-0"}' command is executed.
12:48:49 INFO  : FPGA configured successfully with bitstream "D:/proyectosep2/IEE2463-SEP-Proyecto-2-Z8/music_player/vitis/music_player_sw/_ide/bitstream/design_1_wrapper.bit"
12:48:49 INFO  : Context for 'APU' is selected.
12:48:51 INFO  : Hardware design and registers information is loaded from 'D:/proyectosep2/IEE2463-SEP-Proyecto-2-Z8/music_player/vitis/music_player/export/music_player/hw/design_1_wrapper.xsa'.
12:48:51 INFO  : 'configparams force-mem-access 1' command is executed.
12:48:51 INFO  : Context for 'APU' is selected.
12:48:51 INFO  : Sourcing of 'D:/proyectosep2/IEE2463-SEP-Proyecto-2-Z8/music_player/vitis/music_player_sw/_ide/psinit/ps7_init.tcl' is done.
12:48:51 INFO  : 'ps7_init' command is executed.
12:48:51 INFO  : 'ps7_post_config' command is executed.
12:48:51 INFO  : Context for processor 'ps7_cortexa9_0' is selected.
12:48:52 INFO  : The application 'D:/proyectosep2/IEE2463-SEP-Proyecto-2-Z8/music_player/vitis/music_player_sw/Debug/music_player_sw.elf' is downloaded to processor 'ps7_cortexa9_0'.
12:48:52 INFO  : 'configparams force-mem-access 0' command is executed.
12:48:52 INFO  : ----------------XSDB Script----------------
connect -url tcp:127.0.0.1:3121
targets -set -nocase -filter {name =~"APU*"}
rst -system
after 3000
targets -set -filter {jtag_cable_name =~ "Digilent Zybo Z7 210351B3FC8DA" && level==0 && jtag_device_ctx=="jsn-Zybo Z7-210351B3FC8DA-13722093-0"}
fpga -file D:/proyectosep2/IEE2463-SEP-Proyecto-2-Z8/music_player/vitis/music_player_sw/_ide/bitstream/design_1_wrapper.bit
targets -set -nocase -filter {name =~"APU*"}
loadhw -hw D:/proyectosep2/IEE2463-SEP-Proyecto-2-Z8/music_player/vitis/music_player/export/music_player/hw/design_1_wrapper.xsa -mem-ranges [list {0x40000000 0xbfffffff}] -regs
configparams force-mem-access 1
targets -set -nocase -filter {name =~"APU*"}
source D:/proyectosep2/IEE2463-SEP-Proyecto-2-Z8/music_player/vitis/music_player_sw/_ide/psinit/ps7_init.tcl
ps7_init
ps7_post_config
targets -set -nocase -filter {name =~ "*A9*#0"}
dow D:/proyectosep2/IEE2463-SEP-Proyecto-2-Z8/music_player/vitis/music_player_sw/Debug/music_player_sw.elf
configparams force-mem-access 0
----------------End of Script----------------

12:48:52 INFO  : Context for processor 'ps7_cortexa9_0' is selected.
12:48:52 INFO  : 'con' command is executed.
12:48:52 INFO  : ----------------XSDB Script (After Launch)----------------
targets -set -nocase -filter {name =~ "*A9*#0"}
con
----------------End of Script----------------

12:48:52 INFO  : Launch script is exported to file 'D:\proyectosep2\IEE2463-SEP-Proyecto-2-Z8\music_player\vitis\.sdk\launch_scripts\single_application_debug\systemdebugger_music_player_sw_system_standalone.tcl'
12:49:07 INFO  : Checking for BSP changes to sync application flags for project 'music_player_sw'...
12:49:10 ERROR : (XSDB Server)ERROR: [Hsi 55-1571] The design file D:/proyectosep2/IEE2463-SEP-Proyecto-2-Z8/music_player/vitis/music_player/export/music_player/hw/design_1_wrapper.xsa is already opened

12:49:18 INFO  : Disconnected from the channel tcfchan#29.
12:49:18 INFO  : Connected to target on host '127.0.0.1' and port '3121'.
12:49:18 INFO  : Jtag cable 'Digilent Zybo Z7 210351B3FC8DA' is selected.
12:49:18 INFO  : 'jtag frequency' command is executed.
12:49:18 INFO  : Context for 'APU' is selected.
12:49:18 INFO  : System reset is completed.
12:49:21 INFO  : 'after 3000' command is executed.
12:49:21 INFO  : 'targets -set -filter {jtag_cable_name =~ "Digilent Zybo Z7 210351B3FC8DA" && level==0 && jtag_device_ctx=="jsn-Zybo Z7-210351B3FC8DA-13722093-0"}' command is executed.
12:49:23 INFO  : FPGA configured successfully with bitstream "D:/proyectosep2/IEE2463-SEP-Proyecto-2-Z8/music_player/vitis/music_player_sw/_ide/bitstream/design_1_wrapper.bit"
12:49:23 INFO  : Context for 'APU' is selected.
12:49:25 INFO  : Hardware design and registers information is loaded from 'D:/proyectosep2/IEE2463-SEP-Proyecto-2-Z8/music_player/vitis/music_player/export/music_player/hw/design_1_wrapper.xsa'.
12:49:25 INFO  : 'configparams force-mem-access 1' command is executed.
12:49:25 INFO  : Context for 'APU' is selected.
12:49:25 INFO  : Sourcing of 'D:/proyectosep2/IEE2463-SEP-Proyecto-2-Z8/music_player/vitis/music_player_sw/_ide/psinit/ps7_init.tcl' is done.
12:49:25 INFO  : 'ps7_init' command is executed.
12:49:25 INFO  : 'ps7_post_config' command is executed.
12:49:25 INFO  : Context for processor 'ps7_cortexa9_0' is selected.
12:49:25 INFO  : The application 'D:/proyectosep2/IEE2463-SEP-Proyecto-2-Z8/music_player/vitis/music_player_sw/Debug/music_player_sw.elf' is downloaded to processor 'ps7_cortexa9_0'.
12:49:25 INFO  : 'configparams force-mem-access 0' command is executed.
12:49:25 INFO  : ----------------XSDB Script----------------
connect -url tcp:127.0.0.1:3121
targets -set -nocase -filter {name =~"APU*"}
rst -system
after 3000
targets -set -filter {jtag_cable_name =~ "Digilent Zybo Z7 210351B3FC8DA" && level==0 && jtag_device_ctx=="jsn-Zybo Z7-210351B3FC8DA-13722093-0"}
fpga -file D:/proyectosep2/IEE2463-SEP-Proyecto-2-Z8/music_player/vitis/music_player_sw/_ide/bitstream/design_1_wrapper.bit
targets -set -nocase -filter {name =~"APU*"}
loadhw -hw D:/proyectosep2/IEE2463-SEP-Proyecto-2-Z8/music_player/vitis/music_player/export/music_player/hw/design_1_wrapper.xsa -mem-ranges [list {0x40000000 0xbfffffff}] -regs
configparams force-mem-access 1
targets -set -nocase -filter {name =~"APU*"}
source D:/proyectosep2/IEE2463-SEP-Proyecto-2-Z8/music_player/vitis/music_player_sw/_ide/psinit/ps7_init.tcl
ps7_init
ps7_post_config
targets -set -nocase -filter {name =~ "*A9*#0"}
dow D:/proyectosep2/IEE2463-SEP-Proyecto-2-Z8/music_player/vitis/music_player_sw/Debug/music_player_sw.elf
configparams force-mem-access 0
----------------End of Script----------------

12:49:25 INFO  : Context for processor 'ps7_cortexa9_0' is selected.
12:49:25 INFO  : 'con' command is executed.
12:49:25 INFO  : ----------------XSDB Script (After Launch)----------------
targets -set -nocase -filter {name =~ "*A9*#0"}
con
----------------End of Script----------------

12:49:25 INFO  : Launch script is exported to file 'D:\proyectosep2\IEE2463-SEP-Proyecto-2-Z8\music_player\vitis\.sdk\launch_scripts\single_application_debug\systemdebugger_music_player_sw_system_standalone.tcl'
12:49:49 INFO  : Disconnected from the channel tcfchan#31.
12:49:49 INFO  : Connected to target on host '127.0.0.1' and port '3121'.
12:49:49 INFO  : Jtag cable 'Digilent Zybo Z7 210351B3FC8DA' is selected.
12:49:49 INFO  : 'jtag frequency' command is executed.
12:49:49 INFO  : Context for 'APU' is selected.
12:49:49 INFO  : System reset is completed.
12:49:52 INFO  : 'after 3000' command is executed.
12:49:52 INFO  : 'targets -set -filter {jtag_cable_name =~ "Digilent Zybo Z7 210351B3FC8DA" && level==0 && jtag_device_ctx=="jsn-Zybo Z7-210351B3FC8DA-13722093-0"}' command is executed.
12:49:54 INFO  : FPGA configured successfully with bitstream "D:/proyectosep2/IEE2463-SEP-Proyecto-2-Z8/music_player/vitis/music_player_sw/_ide/bitstream/design_1_wrapper.bit"
12:49:54 INFO  : Context for 'APU' is selected.
12:49:56 INFO  : Hardware design and registers information is loaded from 'D:/proyectosep2/IEE2463-SEP-Proyecto-2-Z8/music_player/vitis/music_player/export/music_player/hw/design_1_wrapper.xsa'.
12:49:56 INFO  : 'configparams force-mem-access 1' command is executed.
12:49:56 INFO  : Context for 'APU' is selected.
12:49:56 INFO  : Sourcing of 'D:/proyectosep2/IEE2463-SEP-Proyecto-2-Z8/music_player/vitis/music_player_sw/_ide/psinit/ps7_init.tcl' is done.
12:49:56 INFO  : 'ps7_init' command is executed.
12:49:56 INFO  : 'ps7_post_config' command is executed.
12:49:56 INFO  : Context for processor 'ps7_cortexa9_0' is selected.
12:49:56 INFO  : The application 'D:/proyectosep2/IEE2463-SEP-Proyecto-2-Z8/music_player/vitis/music_player_sw/Debug/music_player_sw.elf' is downloaded to processor 'ps7_cortexa9_0'.
12:49:56 INFO  : 'configparams force-mem-access 0' command is executed.
12:49:56 INFO  : ----------------XSDB Script----------------
connect -url tcp:127.0.0.1:3121
targets -set -nocase -filter {name =~"APU*"}
rst -system
after 3000
targets -set -filter {jtag_cable_name =~ "Digilent Zybo Z7 210351B3FC8DA" && level==0 && jtag_device_ctx=="jsn-Zybo Z7-210351B3FC8DA-13722093-0"}
fpga -file D:/proyectosep2/IEE2463-SEP-Proyecto-2-Z8/music_player/vitis/music_player_sw/_ide/bitstream/design_1_wrapper.bit
targets -set -nocase -filter {name =~"APU*"}
loadhw -hw D:/proyectosep2/IEE2463-SEP-Proyecto-2-Z8/music_player/vitis/music_player/export/music_player/hw/design_1_wrapper.xsa -mem-ranges [list {0x40000000 0xbfffffff}] -regs
configparams force-mem-access 1
targets -set -nocase -filter {name =~"APU*"}
source D:/proyectosep2/IEE2463-SEP-Proyecto-2-Z8/music_player/vitis/music_player_sw/_ide/psinit/ps7_init.tcl
ps7_init
ps7_post_config
targets -set -nocase -filter {name =~ "*A9*#0"}
dow D:/proyectosep2/IEE2463-SEP-Proyecto-2-Z8/music_player/vitis/music_player_sw/Debug/music_player_sw.elf
configparams force-mem-access 0
----------------End of Script----------------

12:49:57 INFO  : Context for processor 'ps7_cortexa9_0' is selected.
12:49:57 INFO  : 'con' command is executed.
12:49:57 INFO  : ----------------XSDB Script (After Launch)----------------
targets -set -nocase -filter {name =~ "*A9*#0"}
con
----------------End of Script----------------

12:49:57 INFO  : Launch script is exported to file 'D:\proyectosep2\IEE2463-SEP-Proyecto-2-Z8\music_player\vitis\.sdk\launch_scripts\single_application_debug\systemdebugger_music_player_sw_system_standalone.tcl'
12:50:45 INFO  : Disconnected from the channel tcfchan#32.
12:50:45 INFO  : Connected to target on host '127.0.0.1' and port '3121'.
12:50:45 INFO  : Jtag cable 'Digilent Zybo Z7 210351B3FC8DA' is selected.
12:50:45 INFO  : 'jtag frequency' command is executed.
12:50:45 INFO  : Context for 'APU' is selected.
12:50:45 INFO  : System reset is completed.
12:50:48 INFO  : 'after 3000' command is executed.
12:50:49 INFO  : 'targets -set -filter {jtag_cable_name =~ "Digilent Zybo Z7 210351B3FC8DA" && level==0 && jtag_device_ctx=="jsn-Zybo Z7-210351B3FC8DA-13722093-0"}' command is executed.
12:50:50 INFO  : FPGA configured successfully with bitstream "D:/proyectosep2/IEE2463-SEP-Proyecto-2-Z8/music_player/vitis/music_player_sw/_ide/bitstream/design_1_wrapper.bit"
12:50:50 INFO  : Context for 'APU' is selected.
12:50:52 INFO  : Hardware design and registers information is loaded from 'D:/proyectosep2/IEE2463-SEP-Proyecto-2-Z8/music_player/vitis/music_player/export/music_player/hw/design_1_wrapper.xsa'.
12:50:52 INFO  : 'configparams force-mem-access 1' command is executed.
12:50:52 INFO  : Context for 'APU' is selected.
12:50:52 INFO  : Sourcing of 'D:/proyectosep2/IEE2463-SEP-Proyecto-2-Z8/music_player/vitis/music_player_sw/_ide/psinit/ps7_init.tcl' is done.
12:50:52 INFO  : 'ps7_init' command is executed.
12:50:52 INFO  : 'ps7_post_config' command is executed.
12:50:52 INFO  : Context for processor 'ps7_cortexa9_0' is selected.
12:50:52 INFO  : The application 'D:/proyectosep2/IEE2463-SEP-Proyecto-2-Z8/music_player/vitis/music_player_sw/Debug/music_player_sw.elf' is downloaded to processor 'ps7_cortexa9_0'.
12:50:52 INFO  : 'configparams force-mem-access 0' command is executed.
12:50:52 INFO  : ----------------XSDB Script----------------
connect -url tcp:127.0.0.1:3121
targets -set -nocase -filter {name =~"APU*"}
rst -system
after 3000
targets -set -filter {jtag_cable_name =~ "Digilent Zybo Z7 210351B3FC8DA" && level==0 && jtag_device_ctx=="jsn-Zybo Z7-210351B3FC8DA-13722093-0"}
fpga -file D:/proyectosep2/IEE2463-SEP-Proyecto-2-Z8/music_player/vitis/music_player_sw/_ide/bitstream/design_1_wrapper.bit
targets -set -nocase -filter {name =~"APU*"}
loadhw -hw D:/proyectosep2/IEE2463-SEP-Proyecto-2-Z8/music_player/vitis/music_player/export/music_player/hw/design_1_wrapper.xsa -mem-ranges [list {0x40000000 0xbfffffff}] -regs
configparams force-mem-access 1
targets -set -nocase -filter {name =~"APU*"}
source D:/proyectosep2/IEE2463-SEP-Proyecto-2-Z8/music_player/vitis/music_player_sw/_ide/psinit/ps7_init.tcl
ps7_init
ps7_post_config
targets -set -nocase -filter {name =~ "*A9*#0"}
dow D:/proyectosep2/IEE2463-SEP-Proyecto-2-Z8/music_player/vitis/music_player_sw/Debug/music_player_sw.elf
configparams force-mem-access 0
----------------End of Script----------------

12:50:52 INFO  : Context for processor 'ps7_cortexa9_0' is selected.
12:50:52 INFO  : 'con' command is executed.
12:50:52 INFO  : ----------------XSDB Script (After Launch)----------------
targets -set -nocase -filter {name =~ "*A9*#0"}
con
----------------End of Script----------------

12:50:52 INFO  : Launch script is exported to file 'D:\proyectosep2\IEE2463-SEP-Proyecto-2-Z8\music_player\vitis\.sdk\launch_scripts\single_application_debug\systemdebugger_music_player_sw_system_standalone.tcl'
12:50:59 INFO  : Disconnected from the channel tcfchan#33.
12:50:59 INFO  : Connected to target on host '127.0.0.1' and port '3121'.
12:51:00 INFO  : Jtag cable 'Digilent Zybo Z7 210351B3FC8DA' is selected.
12:51:00 INFO  : 'jtag frequency' command is executed.
12:51:00 INFO  : Context for 'APU' is selected.
12:51:00 INFO  : System reset is completed.
12:51:03 INFO  : 'after 3000' command is executed.
12:51:03 INFO  : 'targets -set -filter {jtag_cable_name =~ "Digilent Zybo Z7 210351B3FC8DA" && level==0 && jtag_device_ctx=="jsn-Zybo Z7-210351B3FC8DA-13722093-0"}' command is executed.
12:51:04 INFO  : FPGA configured successfully with bitstream "D:/proyectosep2/IEE2463-SEP-Proyecto-2-Z8/music_player/vitis/music_player_sw/_ide/bitstream/design_1_wrapper.bit"
12:51:04 INFO  : Context for 'APU' is selected.
12:51:06 INFO  : Hardware design and registers information is loaded from 'D:/proyectosep2/IEE2463-SEP-Proyecto-2-Z8/music_player/vitis/music_player/export/music_player/hw/design_1_wrapper.xsa'.
12:51:06 INFO  : 'configparams force-mem-access 1' command is executed.
12:51:06 INFO  : Context for 'APU' is selected.
12:51:06 INFO  : Sourcing of 'D:/proyectosep2/IEE2463-SEP-Proyecto-2-Z8/music_player/vitis/music_player_sw/_ide/psinit/ps7_init.tcl' is done.
12:51:06 INFO  : 'ps7_init' command is executed.
12:51:06 INFO  : 'ps7_post_config' command is executed.
12:51:06 INFO  : Context for processor 'ps7_cortexa9_0' is selected.
12:51:07 INFO  : The application 'D:/proyectosep2/IEE2463-SEP-Proyecto-2-Z8/music_player/vitis/music_player_sw/Debug/music_player_sw.elf' is downloaded to processor 'ps7_cortexa9_0'.
12:51:07 INFO  : 'configparams force-mem-access 0' command is executed.
12:51:07 INFO  : ----------------XSDB Script----------------
connect -url tcp:127.0.0.1:3121
targets -set -nocase -filter {name =~"APU*"}
rst -system
after 3000
targets -set -filter {jtag_cable_name =~ "Digilent Zybo Z7 210351B3FC8DA" && level==0 && jtag_device_ctx=="jsn-Zybo Z7-210351B3FC8DA-13722093-0"}
fpga -file D:/proyectosep2/IEE2463-SEP-Proyecto-2-Z8/music_player/vitis/music_player_sw/_ide/bitstream/design_1_wrapper.bit
targets -set -nocase -filter {name =~"APU*"}
loadhw -hw D:/proyectosep2/IEE2463-SEP-Proyecto-2-Z8/music_player/vitis/music_player/export/music_player/hw/design_1_wrapper.xsa -mem-ranges [list {0x40000000 0xbfffffff}] -regs
configparams force-mem-access 1
targets -set -nocase -filter {name =~"APU*"}
source D:/proyectosep2/IEE2463-SEP-Proyecto-2-Z8/music_player/vitis/music_player_sw/_ide/psinit/ps7_init.tcl
ps7_init
ps7_post_config
targets -set -nocase -filter {name =~ "*A9*#0"}
dow D:/proyectosep2/IEE2463-SEP-Proyecto-2-Z8/music_player/vitis/music_player_sw/Debug/music_player_sw.elf
configparams force-mem-access 0
----------------End of Script----------------

12:51:07 INFO  : Context for processor 'ps7_cortexa9_0' is selected.
12:51:07 INFO  : 'con' command is executed.
12:51:07 INFO  : ----------------XSDB Script (After Launch)----------------
targets -set -nocase -filter {name =~ "*A9*#0"}
con
----------------End of Script----------------

12:51:07 INFO  : Launch script is exported to file 'D:\proyectosep2\IEE2463-SEP-Proyecto-2-Z8\music_player\vitis\.sdk\launch_scripts\single_application_debug\systemdebugger_music_player_sw_system_standalone.tcl'
12:51:16 INFO  : Checking for BSP changes to sync application flags for project 'music_player_sw'...
12:51:17 ERROR : (XSDB Server)ERROR: [Hsi 55-1571] The design file D:/proyectosep2/IEE2463-SEP-Proyecto-2-Z8/music_player/vitis/music_player/export/music_player/hw/design_1_wrapper.xsa is already opened

12:51:23 INFO  : Disconnected from the channel tcfchan#34.
12:51:23 INFO  : Connected to target on host '127.0.0.1' and port '3121'.
12:51:23 INFO  : Jtag cable 'Digilent Zybo Z7 210351B3FC8DA' is selected.
12:51:23 INFO  : 'jtag frequency' command is executed.
12:51:23 INFO  : Context for 'APU' is selected.
12:51:23 INFO  : System reset is completed.
12:51:26 INFO  : 'after 3000' command is executed.
12:51:26 INFO  : 'targets -set -filter {jtag_cable_name =~ "Digilent Zybo Z7 210351B3FC8DA" && level==0 && jtag_device_ctx=="jsn-Zybo Z7-210351B3FC8DA-13722093-0"}' command is executed.
12:51:27 INFO  : FPGA configured successfully with bitstream "D:/proyectosep2/IEE2463-SEP-Proyecto-2-Z8/music_player/vitis/music_player_sw/_ide/bitstream/design_1_wrapper.bit"
12:51:27 INFO  : Context for 'APU' is selected.
12:51:30 INFO  : Hardware design and registers information is loaded from 'D:/proyectosep2/IEE2463-SEP-Proyecto-2-Z8/music_player/vitis/music_player/export/music_player/hw/design_1_wrapper.xsa'.
12:51:30 INFO  : 'configparams force-mem-access 1' command is executed.
12:51:30 INFO  : Context for 'APU' is selected.
12:51:30 INFO  : Sourcing of 'D:/proyectosep2/IEE2463-SEP-Proyecto-2-Z8/music_player/vitis/music_player_sw/_ide/psinit/ps7_init.tcl' is done.
12:51:30 INFO  : 'ps7_init' command is executed.
12:51:30 INFO  : 'ps7_post_config' command is executed.
12:51:30 INFO  : Context for processor 'ps7_cortexa9_0' is selected.
12:51:30 INFO  : The application 'D:/proyectosep2/IEE2463-SEP-Proyecto-2-Z8/music_player/vitis/music_player_sw/Debug/music_player_sw.elf' is downloaded to processor 'ps7_cortexa9_0'.
12:51:30 INFO  : 'configparams force-mem-access 0' command is executed.
12:51:30 INFO  : ----------------XSDB Script----------------
connect -url tcp:127.0.0.1:3121
targets -set -nocase -filter {name =~"APU*"}
rst -system
after 3000
targets -set -filter {jtag_cable_name =~ "Digilent Zybo Z7 210351B3FC8DA" && level==0 && jtag_device_ctx=="jsn-Zybo Z7-210351B3FC8DA-13722093-0"}
fpga -file D:/proyectosep2/IEE2463-SEP-Proyecto-2-Z8/music_player/vitis/music_player_sw/_ide/bitstream/design_1_wrapper.bit
targets -set -nocase -filter {name =~"APU*"}
loadhw -hw D:/proyectosep2/IEE2463-SEP-Proyecto-2-Z8/music_player/vitis/music_player/export/music_player/hw/design_1_wrapper.xsa -mem-ranges [list {0x40000000 0xbfffffff}] -regs
configparams force-mem-access 1
targets -set -nocase -filter {name =~"APU*"}
source D:/proyectosep2/IEE2463-SEP-Proyecto-2-Z8/music_player/vitis/music_player_sw/_ide/psinit/ps7_init.tcl
ps7_init
ps7_post_config
targets -set -nocase -filter {name =~ "*A9*#0"}
dow D:/proyectosep2/IEE2463-SEP-Proyecto-2-Z8/music_player/vitis/music_player_sw/Debug/music_player_sw.elf
configparams force-mem-access 0
----------------End of Script----------------

12:51:30 INFO  : Context for processor 'ps7_cortexa9_0' is selected.
12:51:30 INFO  : 'con' command is executed.
12:51:30 INFO  : ----------------XSDB Script (After Launch)----------------
targets -set -nocase -filter {name =~ "*A9*#0"}
con
----------------End of Script----------------

12:51:30 INFO  : Launch script is exported to file 'D:\proyectosep2\IEE2463-SEP-Proyecto-2-Z8\music_player\vitis\.sdk\launch_scripts\single_application_debug\systemdebugger_music_player_sw_system_standalone.tcl'
12:53:29 INFO  : Disconnected from the channel tcfchan#36.
12:53:29 INFO  : Connected to target on host '127.0.0.1' and port '3121'.
12:53:29 INFO  : Jtag cable 'Digilent Zybo Z7 210351B3FC8DA' is selected.
12:53:30 INFO  : 'jtag frequency' command is executed.
12:53:30 INFO  : Context for 'APU' is selected.
12:53:30 INFO  : System reset is completed.
12:53:33 INFO  : 'after 3000' command is executed.
12:53:33 INFO  : 'targets -set -filter {jtag_cable_name =~ "Digilent Zybo Z7 210351B3FC8DA" && level==0 && jtag_device_ctx=="jsn-Zybo Z7-210351B3FC8DA-13722093-0"}' command is executed.
12:53:34 INFO  : FPGA configured successfully with bitstream "D:/proyectosep2/IEE2463-SEP-Proyecto-2-Z8/music_player/vitis/music_player_sw/_ide/bitstream/design_1_wrapper.bit"
12:53:34 INFO  : Context for 'APU' is selected.
12:53:36 INFO  : Hardware design and registers information is loaded from 'D:/proyectosep2/IEE2463-SEP-Proyecto-2-Z8/music_player/vitis/music_player/export/music_player/hw/design_1_wrapper.xsa'.
12:53:36 INFO  : 'configparams force-mem-access 1' command is executed.
12:53:36 INFO  : Context for 'APU' is selected.
12:53:36 INFO  : Sourcing of 'D:/proyectosep2/IEE2463-SEP-Proyecto-2-Z8/music_player/vitis/music_player_sw/_ide/psinit/ps7_init.tcl' is done.
12:53:37 INFO  : 'ps7_init' command is executed.
12:53:37 INFO  : 'ps7_post_config' command is executed.
12:53:37 INFO  : Context for processor 'ps7_cortexa9_0' is selected.
12:53:37 INFO  : The application 'D:/proyectosep2/IEE2463-SEP-Proyecto-2-Z8/music_player/vitis/music_player_sw/Debug/music_player_sw.elf' is downloaded to processor 'ps7_cortexa9_0'.
12:53:37 INFO  : 'configparams force-mem-access 0' command is executed.
12:53:37 INFO  : ----------------XSDB Script----------------
connect -url tcp:127.0.0.1:3121
targets -set -nocase -filter {name =~"APU*"}
rst -system
after 3000
targets -set -filter {jtag_cable_name =~ "Digilent Zybo Z7 210351B3FC8DA" && level==0 && jtag_device_ctx=="jsn-Zybo Z7-210351B3FC8DA-13722093-0"}
fpga -file D:/proyectosep2/IEE2463-SEP-Proyecto-2-Z8/music_player/vitis/music_player_sw/_ide/bitstream/design_1_wrapper.bit
targets -set -nocase -filter {name =~"APU*"}
loadhw -hw D:/proyectosep2/IEE2463-SEP-Proyecto-2-Z8/music_player/vitis/music_player/export/music_player/hw/design_1_wrapper.xsa -mem-ranges [list {0x40000000 0xbfffffff}] -regs
configparams force-mem-access 1
targets -set -nocase -filter {name =~"APU*"}
source D:/proyectosep2/IEE2463-SEP-Proyecto-2-Z8/music_player/vitis/music_player_sw/_ide/psinit/ps7_init.tcl
ps7_init
ps7_post_config
targets -set -nocase -filter {name =~ "*A9*#0"}
dow D:/proyectosep2/IEE2463-SEP-Proyecto-2-Z8/music_player/vitis/music_player_sw/Debug/music_player_sw.elf
configparams force-mem-access 0
----------------End of Script----------------

12:53:37 INFO  : Context for processor 'ps7_cortexa9_0' is selected.
12:53:37 INFO  : 'con' command is executed.
12:53:37 INFO  : ----------------XSDB Script (After Launch)----------------
targets -set -nocase -filter {name =~ "*A9*#0"}
con
----------------End of Script----------------

12:53:37 INFO  : Launch script is exported to file 'D:\proyectosep2\IEE2463-SEP-Proyecto-2-Z8\music_player\vitis\.sdk\launch_scripts\single_application_debug\systemdebugger_music_player_sw_system_standalone.tcl'
12:54:48 INFO  : Checking for BSP changes to sync application flags for project 'music_player_sw'...
12:54:50 ERROR : (XSDB Server)ERROR: [Hsi 55-1571] The design file D:/proyectosep2/IEE2463-SEP-Proyecto-2-Z8/music_player/vitis/music_player/export/music_player/hw/design_1_wrapper.xsa is already opened

12:55:22 INFO  : Disconnected from the channel tcfchan#37.
12:55:22 INFO  : Connected to target on host '127.0.0.1' and port '3121'.
12:55:23 INFO  : Jtag cable 'Digilent Zybo Z7 210351B3FC8DA' is selected.
12:55:23 INFO  : 'jtag frequency' command is executed.
12:55:23 INFO  : Context for 'APU' is selected.
12:55:23 INFO  : System reset is completed.
12:55:26 INFO  : 'after 3000' command is executed.
12:55:26 INFO  : 'targets -set -filter {jtag_cable_name =~ "Digilent Zybo Z7 210351B3FC8DA" && level==0 && jtag_device_ctx=="jsn-Zybo Z7-210351B3FC8DA-13722093-0"}' command is executed.
12:55:27 INFO  : FPGA configured successfully with bitstream "D:/proyectosep2/IEE2463-SEP-Proyecto-2-Z8/music_player/vitis/music_player_sw/_ide/bitstream/design_1_wrapper.bit"
12:55:27 INFO  : Context for 'APU' is selected.
12:55:29 INFO  : Hardware design and registers information is loaded from 'D:/proyectosep2/IEE2463-SEP-Proyecto-2-Z8/music_player/vitis/music_player/export/music_player/hw/design_1_wrapper.xsa'.
12:55:29 INFO  : 'configparams force-mem-access 1' command is executed.
12:55:29 INFO  : Context for 'APU' is selected.
12:55:29 INFO  : Sourcing of 'D:/proyectosep2/IEE2463-SEP-Proyecto-2-Z8/music_player/vitis/music_player_sw/_ide/psinit/ps7_init.tcl' is done.
12:55:29 INFO  : 'ps7_init' command is executed.
12:55:29 INFO  : 'ps7_post_config' command is executed.
12:55:29 INFO  : Context for processor 'ps7_cortexa9_0' is selected.
12:55:30 INFO  : The application 'D:/proyectosep2/IEE2463-SEP-Proyecto-2-Z8/music_player/vitis/music_player_sw/Debug/music_player_sw.elf' is downloaded to processor 'ps7_cortexa9_0'.
12:55:30 INFO  : 'configparams force-mem-access 0' command is executed.
12:55:30 INFO  : ----------------XSDB Script----------------
connect -url tcp:127.0.0.1:3121
targets -set -nocase -filter {name =~"APU*"}
rst -system
after 3000
targets -set -filter {jtag_cable_name =~ "Digilent Zybo Z7 210351B3FC8DA" && level==0 && jtag_device_ctx=="jsn-Zybo Z7-210351B3FC8DA-13722093-0"}
fpga -file D:/proyectosep2/IEE2463-SEP-Proyecto-2-Z8/music_player/vitis/music_player_sw/_ide/bitstream/design_1_wrapper.bit
targets -set -nocase -filter {name =~"APU*"}
loadhw -hw D:/proyectosep2/IEE2463-SEP-Proyecto-2-Z8/music_player/vitis/music_player/export/music_player/hw/design_1_wrapper.xsa -mem-ranges [list {0x40000000 0xbfffffff}] -regs
configparams force-mem-access 1
targets -set -nocase -filter {name =~"APU*"}
source D:/proyectosep2/IEE2463-SEP-Proyecto-2-Z8/music_player/vitis/music_player_sw/_ide/psinit/ps7_init.tcl
ps7_init
ps7_post_config
targets -set -nocase -filter {name =~ "*A9*#0"}
dow D:/proyectosep2/IEE2463-SEP-Proyecto-2-Z8/music_player/vitis/music_player_sw/Debug/music_player_sw.elf
configparams force-mem-access 0
----------------End of Script----------------

12:55:30 INFO  : Context for processor 'ps7_cortexa9_0' is selected.
12:55:30 INFO  : 'con' command is executed.
12:55:30 INFO  : ----------------XSDB Script (After Launch)----------------
targets -set -nocase -filter {name =~ "*A9*#0"}
con
----------------End of Script----------------

12:55:30 INFO  : Launch script is exported to file 'D:\proyectosep2\IEE2463-SEP-Proyecto-2-Z8\music_player\vitis\.sdk\launch_scripts\single_application_debug\systemdebugger_music_player_sw_system_standalone.tcl'
13:00:08 INFO  : Disconnected from the channel tcfchan#39.
13:00:08 INFO  : Connected to target on host '127.0.0.1' and port '3121'.
13:00:08 INFO  : Jtag cable 'Digilent Zybo Z7 210351B3FC8DA' is selected.
13:00:08 INFO  : 'jtag frequency' command is executed.
13:00:08 INFO  : Context for 'APU' is selected.
13:00:08 INFO  : System reset is completed.
13:00:11 INFO  : 'after 3000' command is executed.
13:00:11 INFO  : 'targets -set -filter {jtag_cable_name =~ "Digilent Zybo Z7 210351B3FC8DA" && level==0 && jtag_device_ctx=="jsn-Zybo Z7-210351B3FC8DA-13722093-0"}' command is executed.
13:00:13 INFO  : FPGA configured successfully with bitstream "D:/proyectosep2/IEE2463-SEP-Proyecto-2-Z8/music_player/vitis/music_player_sw/_ide/bitstream/design_1_wrapper.bit"
13:00:13 INFO  : Context for 'APU' is selected.
13:00:15 INFO  : Hardware design and registers information is loaded from 'D:/proyectosep2/IEE2463-SEP-Proyecto-2-Z8/music_player/vitis/music_player/export/music_player/hw/design_1_wrapper.xsa'.
13:00:15 INFO  : 'configparams force-mem-access 1' command is executed.
13:00:15 INFO  : Context for 'APU' is selected.
13:00:15 INFO  : Sourcing of 'D:/proyectosep2/IEE2463-SEP-Proyecto-2-Z8/music_player/vitis/music_player_sw/_ide/psinit/ps7_init.tcl' is done.
13:00:15 INFO  : 'ps7_init' command is executed.
13:00:15 INFO  : 'ps7_post_config' command is executed.
13:00:15 INFO  : Context for processor 'ps7_cortexa9_0' is selected.
13:00:15 INFO  : The application 'D:/proyectosep2/IEE2463-SEP-Proyecto-2-Z8/music_player/vitis/music_player_sw/Debug/music_player_sw.elf' is downloaded to processor 'ps7_cortexa9_0'.
13:00:15 INFO  : 'configparams force-mem-access 0' command is executed.
13:00:15 INFO  : ----------------XSDB Script----------------
connect -url tcp:127.0.0.1:3121
targets -set -nocase -filter {name =~"APU*"}
rst -system
after 3000
targets -set -filter {jtag_cable_name =~ "Digilent Zybo Z7 210351B3FC8DA" && level==0 && jtag_device_ctx=="jsn-Zybo Z7-210351B3FC8DA-13722093-0"}
fpga -file D:/proyectosep2/IEE2463-SEP-Proyecto-2-Z8/music_player/vitis/music_player_sw/_ide/bitstream/design_1_wrapper.bit
targets -set -nocase -filter {name =~"APU*"}
loadhw -hw D:/proyectosep2/IEE2463-SEP-Proyecto-2-Z8/music_player/vitis/music_player/export/music_player/hw/design_1_wrapper.xsa -mem-ranges [list {0x40000000 0xbfffffff}] -regs
configparams force-mem-access 1
targets -set -nocase -filter {name =~"APU*"}
source D:/proyectosep2/IEE2463-SEP-Proyecto-2-Z8/music_player/vitis/music_player_sw/_ide/psinit/ps7_init.tcl
ps7_init
ps7_post_config
targets -set -nocase -filter {name =~ "*A9*#0"}
dow D:/proyectosep2/IEE2463-SEP-Proyecto-2-Z8/music_player/vitis/music_player_sw/Debug/music_player_sw.elf
configparams force-mem-access 0
----------------End of Script----------------

13:00:16 INFO  : Context for processor 'ps7_cortexa9_0' is selected.
13:00:16 INFO  : 'con' command is executed.
13:00:16 INFO  : ----------------XSDB Script (After Launch)----------------
targets -set -nocase -filter {name =~ "*A9*#0"}
con
----------------End of Script----------------

13:00:16 INFO  : Launch script is exported to file 'D:\proyectosep2\IEE2463-SEP-Proyecto-2-Z8\music_player\vitis\.sdk\launch_scripts\single_application_debug\systemdebugger_music_player_sw_system_standalone.tcl'
13:00:16 INFO  : Checking for BSP changes to sync application flags for project 'music_player_sw'...
13:00:18 ERROR : (XSDB Server)ERROR: [Hsi 55-1571] The design file D:/proyectosep2/IEE2463-SEP-Proyecto-2-Z8/music_player/vitis/music_player/export/music_player/hw/design_1_wrapper.xsa is already opened

13:01:09 INFO  : Checking for BSP changes to sync application flags for project 'music_player_sw'...
13:01:11 ERROR : (XSDB Server)ERROR: [Hsi 55-1571] The design file D:/proyectosep2/IEE2463-SEP-Proyecto-2-Z8/music_player/vitis/music_player/export/music_player/hw/design_1_wrapper.xsa is already opened

13:01:23 INFO  : Disconnected from the channel tcfchan#40.
13:01:23 INFO  : Connected to target on host '127.0.0.1' and port '3121'.
13:01:23 INFO  : Jtag cable 'Digilent Zybo Z7 210351B3FC8DA' is selected.
13:01:23 INFO  : 'jtag frequency' command is executed.
13:01:23 INFO  : Context for 'APU' is selected.
13:01:23 INFO  : System reset is completed.
13:01:26 INFO  : 'after 3000' command is executed.
13:01:27 INFO  : 'targets -set -filter {jtag_cable_name =~ "Digilent Zybo Z7 210351B3FC8DA" && level==0 && jtag_device_ctx=="jsn-Zybo Z7-210351B3FC8DA-13722093-0"}' command is executed.
13:01:28 INFO  : FPGA configured successfully with bitstream "D:/proyectosep2/IEE2463-SEP-Proyecto-2-Z8/music_player/vitis/music_player_sw/_ide/bitstream/design_1_wrapper.bit"
13:01:28 INFO  : Context for 'APU' is selected.
13:01:30 INFO  : Hardware design and registers information is loaded from 'D:/proyectosep2/IEE2463-SEP-Proyecto-2-Z8/music_player/vitis/music_player/export/music_player/hw/design_1_wrapper.xsa'.
13:01:30 INFO  : 'configparams force-mem-access 1' command is executed.
13:01:30 INFO  : Context for 'APU' is selected.
13:01:30 INFO  : Sourcing of 'D:/proyectosep2/IEE2463-SEP-Proyecto-2-Z8/music_player/vitis/music_player_sw/_ide/psinit/ps7_init.tcl' is done.
13:01:30 INFO  : 'ps7_init' command is executed.
13:01:30 INFO  : 'ps7_post_config' command is executed.
13:01:30 INFO  : Context for processor 'ps7_cortexa9_0' is selected.
13:01:30 INFO  : The application 'D:/proyectosep2/IEE2463-SEP-Proyecto-2-Z8/music_player/vitis/music_player_sw/Debug/music_player_sw.elf' is downloaded to processor 'ps7_cortexa9_0'.
13:01:30 INFO  : 'configparams force-mem-access 0' command is executed.
13:01:30 INFO  : ----------------XSDB Script----------------
connect -url tcp:127.0.0.1:3121
targets -set -nocase -filter {name =~"APU*"}
rst -system
after 3000
targets -set -filter {jtag_cable_name =~ "Digilent Zybo Z7 210351B3FC8DA" && level==0 && jtag_device_ctx=="jsn-Zybo Z7-210351B3FC8DA-13722093-0"}
fpga -file D:/proyectosep2/IEE2463-SEP-Proyecto-2-Z8/music_player/vitis/music_player_sw/_ide/bitstream/design_1_wrapper.bit
targets -set -nocase -filter {name =~"APU*"}
loadhw -hw D:/proyectosep2/IEE2463-SEP-Proyecto-2-Z8/music_player/vitis/music_player/export/music_player/hw/design_1_wrapper.xsa -mem-ranges [list {0x40000000 0xbfffffff}] -regs
configparams force-mem-access 1
targets -set -nocase -filter {name =~"APU*"}
source D:/proyectosep2/IEE2463-SEP-Proyecto-2-Z8/music_player/vitis/music_player_sw/_ide/psinit/ps7_init.tcl
ps7_init
ps7_post_config
targets -set -nocase -filter {name =~ "*A9*#0"}
dow D:/proyectosep2/IEE2463-SEP-Proyecto-2-Z8/music_player/vitis/music_player_sw/Debug/music_player_sw.elf
configparams force-mem-access 0
----------------End of Script----------------

13:01:30 INFO  : Context for processor 'ps7_cortexa9_0' is selected.
13:01:30 INFO  : 'con' command is executed.
13:01:30 INFO  : ----------------XSDB Script (After Launch)----------------
targets -set -nocase -filter {name =~ "*A9*#0"}
con
----------------End of Script----------------

13:01:30 INFO  : Launch script is exported to file 'D:\proyectosep2\IEE2463-SEP-Proyecto-2-Z8\music_player\vitis\.sdk\launch_scripts\single_application_debug\systemdebugger_music_player_sw_system_standalone.tcl'
13:01:51 INFO  : Checking for BSP changes to sync application flags for project 'music_player_sw'...
13:01:53 ERROR : (XSDB Server)ERROR: [Hsi 55-1571] The design file D:/proyectosep2/IEE2463-SEP-Proyecto-2-Z8/music_player/vitis/music_player/export/music_player/hw/design_1_wrapper.xsa is already opened

13:02:00 INFO  : Disconnected from the channel tcfchan#43.
13:02:00 INFO  : Connected to target on host '127.0.0.1' and port '3121'.
13:02:00 INFO  : Jtag cable 'Digilent Zybo Z7 210351B3FC8DA' is selected.
13:02:00 INFO  : 'jtag frequency' command is executed.
13:02:00 INFO  : Context for 'APU' is selected.
13:02:00 INFO  : System reset is completed.
13:02:03 INFO  : 'after 3000' command is executed.
13:02:03 INFO  : 'targets -set -filter {jtag_cable_name =~ "Digilent Zybo Z7 210351B3FC8DA" && level==0 && jtag_device_ctx=="jsn-Zybo Z7-210351B3FC8DA-13722093-0"}' command is executed.
13:02:04 INFO  : FPGA configured successfully with bitstream "D:/proyectosep2/IEE2463-SEP-Proyecto-2-Z8/music_player/vitis/music_player_sw/_ide/bitstream/design_1_wrapper.bit"
13:02:05 INFO  : Context for 'APU' is selected.
13:02:06 INFO  : Hardware design and registers information is loaded from 'D:/proyectosep2/IEE2463-SEP-Proyecto-2-Z8/music_player/vitis/music_player/export/music_player/hw/design_1_wrapper.xsa'.
13:02:06 INFO  : 'configparams force-mem-access 1' command is executed.
13:02:07 INFO  : Context for 'APU' is selected.
13:02:07 INFO  : Sourcing of 'D:/proyectosep2/IEE2463-SEP-Proyecto-2-Z8/music_player/vitis/music_player_sw/_ide/psinit/ps7_init.tcl' is done.
13:02:07 INFO  : 'ps7_init' command is executed.
13:02:07 INFO  : 'ps7_post_config' command is executed.
13:02:07 INFO  : Context for processor 'ps7_cortexa9_0' is selected.
13:02:07 INFO  : The application 'D:/proyectosep2/IEE2463-SEP-Proyecto-2-Z8/music_player/vitis/music_player_sw/Debug/music_player_sw.elf' is downloaded to processor 'ps7_cortexa9_0'.
13:02:07 INFO  : 'configparams force-mem-access 0' command is executed.
13:02:07 INFO  : ----------------XSDB Script----------------
connect -url tcp:127.0.0.1:3121
targets -set -nocase -filter {name =~"APU*"}
rst -system
after 3000
targets -set -filter {jtag_cable_name =~ "Digilent Zybo Z7 210351B3FC8DA" && level==0 && jtag_device_ctx=="jsn-Zybo Z7-210351B3FC8DA-13722093-0"}
fpga -file D:/proyectosep2/IEE2463-SEP-Proyecto-2-Z8/music_player/vitis/music_player_sw/_ide/bitstream/design_1_wrapper.bit
targets -set -nocase -filter {name =~"APU*"}
loadhw -hw D:/proyectosep2/IEE2463-SEP-Proyecto-2-Z8/music_player/vitis/music_player/export/music_player/hw/design_1_wrapper.xsa -mem-ranges [list {0x40000000 0xbfffffff}] -regs
configparams force-mem-access 1
targets -set -nocase -filter {name =~"APU*"}
source D:/proyectosep2/IEE2463-SEP-Proyecto-2-Z8/music_player/vitis/music_player_sw/_ide/psinit/ps7_init.tcl
ps7_init
ps7_post_config
targets -set -nocase -filter {name =~ "*A9*#0"}
dow D:/proyectosep2/IEE2463-SEP-Proyecto-2-Z8/music_player/vitis/music_player_sw/Debug/music_player_sw.elf
configparams force-mem-access 0
----------------End of Script----------------

13:02:07 INFO  : Context for processor 'ps7_cortexa9_0' is selected.
13:02:07 INFO  : 'con' command is executed.
13:02:07 INFO  : ----------------XSDB Script (After Launch)----------------
targets -set -nocase -filter {name =~ "*A9*#0"}
con
----------------End of Script----------------

13:02:07 INFO  : Launch script is exported to file 'D:\proyectosep2\IEE2463-SEP-Proyecto-2-Z8\music_player\vitis\.sdk\launch_scripts\single_application_debug\systemdebugger_music_player_sw_system_standalone.tcl'
13:02:39 INFO  : Checking for BSP changes to sync application flags for project 'music_player_sw'...
13:02:41 ERROR : (XSDB Server)ERROR: [Hsi 55-1571] The design file D:/proyectosep2/IEE2463-SEP-Proyecto-2-Z8/music_player/vitis/music_player/export/music_player/hw/design_1_wrapper.xsa is already opened

13:02:48 INFO  : Disconnected from the channel tcfchan#45.
13:02:48 INFO  : Connected to target on host '127.0.0.1' and port '3121'.
13:02:48 INFO  : Jtag cable 'Digilent Zybo Z7 210351B3FC8DA' is selected.
13:02:48 INFO  : 'jtag frequency' command is executed.
13:02:48 INFO  : Context for 'APU' is selected.
13:02:48 INFO  : System reset is completed.
13:02:51 INFO  : 'after 3000' command is executed.
13:02:52 INFO  : 'targets -set -filter {jtag_cable_name =~ "Digilent Zybo Z7 210351B3FC8DA" && level==0 && jtag_device_ctx=="jsn-Zybo Z7-210351B3FC8DA-13722093-0"}' command is executed.
13:02:53 INFO  : FPGA configured successfully with bitstream "D:/proyectosep2/IEE2463-SEP-Proyecto-2-Z8/music_player/vitis/music_player_sw/_ide/bitstream/design_1_wrapper.bit"
13:02:53 INFO  : Context for 'APU' is selected.
13:02:55 INFO  : Hardware design and registers information is loaded from 'D:/proyectosep2/IEE2463-SEP-Proyecto-2-Z8/music_player/vitis/music_player/export/music_player/hw/design_1_wrapper.xsa'.
13:02:55 INFO  : 'configparams force-mem-access 1' command is executed.
13:02:55 INFO  : Context for 'APU' is selected.
13:02:55 INFO  : Sourcing of 'D:/proyectosep2/IEE2463-SEP-Proyecto-2-Z8/music_player/vitis/music_player_sw/_ide/psinit/ps7_init.tcl' is done.
13:02:55 INFO  : 'ps7_init' command is executed.
13:02:55 INFO  : 'ps7_post_config' command is executed.
13:02:55 INFO  : Context for processor 'ps7_cortexa9_0' is selected.
13:02:55 INFO  : The application 'D:/proyectosep2/IEE2463-SEP-Proyecto-2-Z8/music_player/vitis/music_player_sw/Debug/music_player_sw.elf' is downloaded to processor 'ps7_cortexa9_0'.
13:02:55 INFO  : 'configparams force-mem-access 0' command is executed.
13:02:55 INFO  : ----------------XSDB Script----------------
connect -url tcp:127.0.0.1:3121
targets -set -nocase -filter {name =~"APU*"}
rst -system
after 3000
targets -set -filter {jtag_cable_name =~ "Digilent Zybo Z7 210351B3FC8DA" && level==0 && jtag_device_ctx=="jsn-Zybo Z7-210351B3FC8DA-13722093-0"}
fpga -file D:/proyectosep2/IEE2463-SEP-Proyecto-2-Z8/music_player/vitis/music_player_sw/_ide/bitstream/design_1_wrapper.bit
targets -set -nocase -filter {name =~"APU*"}
loadhw -hw D:/proyectosep2/IEE2463-SEP-Proyecto-2-Z8/music_player/vitis/music_player/export/music_player/hw/design_1_wrapper.xsa -mem-ranges [list {0x40000000 0xbfffffff}] -regs
configparams force-mem-access 1
targets -set -nocase -filter {name =~"APU*"}
source D:/proyectosep2/IEE2463-SEP-Proyecto-2-Z8/music_player/vitis/music_player_sw/_ide/psinit/ps7_init.tcl
ps7_init
ps7_post_config
targets -set -nocase -filter {name =~ "*A9*#0"}
dow D:/proyectosep2/IEE2463-SEP-Proyecto-2-Z8/music_player/vitis/music_player_sw/Debug/music_player_sw.elf
configparams force-mem-access 0
----------------End of Script----------------

13:02:55 INFO  : Context for processor 'ps7_cortexa9_0' is selected.
13:02:55 INFO  : 'con' command is executed.
13:02:55 INFO  : ----------------XSDB Script (After Launch)----------------
targets -set -nocase -filter {name =~ "*A9*#0"}
con
----------------End of Script----------------

13:02:55 INFO  : Launch script is exported to file 'D:\proyectosep2\IEE2463-SEP-Proyecto-2-Z8\music_player\vitis\.sdk\launch_scripts\single_application_debug\systemdebugger_music_player_sw_system_standalone.tcl'
13:12:19 INFO  : Checking for BSP changes to sync application flags for project 'music_player_sw'...
13:12:22 ERROR : (XSDB Server)ERROR: [Hsi 55-1571] The design file D:/proyectosep2/IEE2463-SEP-Proyecto-2-Z8/music_player/vitis/music_player/export/music_player/hw/design_1_wrapper.xsa is already opened

13:12:41 INFO  : Disconnected from the channel tcfchan#47.
13:12:41 INFO  : Connected to target on host '127.0.0.1' and port '3121'.
13:12:41 INFO  : Jtag cable 'Digilent Zybo Z7 210351B3FC8DA' is selected.
13:12:41 INFO  : 'jtag frequency' command is executed.
13:12:42 INFO  : Context for 'APU' is selected.
13:12:42 INFO  : System reset is completed.
13:12:45 INFO  : 'after 3000' command is executed.
13:12:45 INFO  : 'targets -set -filter {jtag_cable_name =~ "Digilent Zybo Z7 210351B3FC8DA" && level==0 && jtag_device_ctx=="jsn-Zybo Z7-210351B3FC8DA-13722093-0"}' command is executed.
13:12:46 INFO  : FPGA configured successfully with bitstream "D:/proyectosep2/IEE2463-SEP-Proyecto-2-Z8/music_player/vitis/music_player_sw/_ide/bitstream/design_1_wrapper.bit"
13:12:46 INFO  : Context for 'APU' is selected.
13:12:48 INFO  : Hardware design and registers information is loaded from 'D:/proyectosep2/IEE2463-SEP-Proyecto-2-Z8/music_player/vitis/music_player/export/music_player/hw/design_1_wrapper.xsa'.
13:12:48 INFO  : 'configparams force-mem-access 1' command is executed.
13:12:48 INFO  : Context for 'APU' is selected.
13:12:48 INFO  : Sourcing of 'D:/proyectosep2/IEE2463-SEP-Proyecto-2-Z8/music_player/vitis/music_player_sw/_ide/psinit/ps7_init.tcl' is done.
13:12:48 INFO  : 'ps7_init' command is executed.
13:12:48 INFO  : 'ps7_post_config' command is executed.
13:12:48 INFO  : Context for processor 'ps7_cortexa9_0' is selected.
13:12:48 INFO  : The application 'D:/proyectosep2/IEE2463-SEP-Proyecto-2-Z8/music_player/vitis/music_player_sw/Debug/music_player_sw.elf' is downloaded to processor 'ps7_cortexa9_0'.
13:12:48 INFO  : 'configparams force-mem-access 0' command is executed.
13:12:48 INFO  : ----------------XSDB Script----------------
connect -url tcp:127.0.0.1:3121
targets -set -nocase -filter {name =~"APU*"}
rst -system
after 3000
targets -set -filter {jtag_cable_name =~ "Digilent Zybo Z7 210351B3FC8DA" && level==0 && jtag_device_ctx=="jsn-Zybo Z7-210351B3FC8DA-13722093-0"}
fpga -file D:/proyectosep2/IEE2463-SEP-Proyecto-2-Z8/music_player/vitis/music_player_sw/_ide/bitstream/design_1_wrapper.bit
targets -set -nocase -filter {name =~"APU*"}
loadhw -hw D:/proyectosep2/IEE2463-SEP-Proyecto-2-Z8/music_player/vitis/music_player/export/music_player/hw/design_1_wrapper.xsa -mem-ranges [list {0x40000000 0xbfffffff}] -regs
configparams force-mem-access 1
targets -set -nocase -filter {name =~"APU*"}
source D:/proyectosep2/IEE2463-SEP-Proyecto-2-Z8/music_player/vitis/music_player_sw/_ide/psinit/ps7_init.tcl
ps7_init
ps7_post_config
targets -set -nocase -filter {name =~ "*A9*#0"}
dow D:/proyectosep2/IEE2463-SEP-Proyecto-2-Z8/music_player/vitis/music_player_sw/Debug/music_player_sw.elf
configparams force-mem-access 0
----------------End of Script----------------

13:12:48 INFO  : Context for processor 'ps7_cortexa9_0' is selected.
13:12:48 INFO  : 'con' command is executed.
13:12:48 INFO  : ----------------XSDB Script (After Launch)----------------
targets -set -nocase -filter {name =~ "*A9*#0"}
con
----------------End of Script----------------

13:12:48 INFO  : Launch script is exported to file 'D:\proyectosep2\IEE2463-SEP-Proyecto-2-Z8\music_player\vitis\.sdk\launch_scripts\single_application_debug\systemdebugger_music_player_sw_system_standalone.tcl'
13:13:28 INFO  : Checking for BSP changes to sync application flags for project 'music_player_sw'...
13:13:30 ERROR : (XSDB Server)ERROR: [Hsi 55-1571] The design file D:/proyectosep2/IEE2463-SEP-Proyecto-2-Z8/music_player/vitis/music_player/export/music_player/hw/design_1_wrapper.xsa is already opened

13:13:35 INFO  : Disconnected from the channel tcfchan#49.
13:13:35 INFO  : Connected to target on host '127.0.0.1' and port '3121'.
13:13:36 INFO  : Jtag cable 'Digilent Zybo Z7 210351B3FC8DA' is selected.
13:13:36 INFO  : 'jtag frequency' command is executed.
13:13:36 INFO  : Context for 'APU' is selected.
13:13:36 INFO  : System reset is completed.
13:13:39 INFO  : 'after 3000' command is executed.
13:13:39 INFO  : 'targets -set -filter {jtag_cable_name =~ "Digilent Zybo Z7 210351B3FC8DA" && level==0 && jtag_device_ctx=="jsn-Zybo Z7-210351B3FC8DA-13722093-0"}' command is executed.
13:13:40 INFO  : FPGA configured successfully with bitstream "D:/proyectosep2/IEE2463-SEP-Proyecto-2-Z8/music_player/vitis/music_player_sw/_ide/bitstream/design_1_wrapper.bit"
13:13:40 INFO  : Context for 'APU' is selected.
13:13:42 INFO  : Hardware design and registers information is loaded from 'D:/proyectosep2/IEE2463-SEP-Proyecto-2-Z8/music_player/vitis/music_player/export/music_player/hw/design_1_wrapper.xsa'.
13:13:42 INFO  : 'configparams force-mem-access 1' command is executed.
13:13:42 INFO  : Context for 'APU' is selected.
13:13:42 INFO  : Sourcing of 'D:/proyectosep2/IEE2463-SEP-Proyecto-2-Z8/music_player/vitis/music_player_sw/_ide/psinit/ps7_init.tcl' is done.
13:13:42 INFO  : 'ps7_init' command is executed.
13:13:42 INFO  : 'ps7_post_config' command is executed.
13:13:42 INFO  : Context for processor 'ps7_cortexa9_0' is selected.
13:13:42 INFO  : The application 'D:/proyectosep2/IEE2463-SEP-Proyecto-2-Z8/music_player/vitis/music_player_sw/Debug/music_player_sw.elf' is downloaded to processor 'ps7_cortexa9_0'.
13:13:42 INFO  : 'configparams force-mem-access 0' command is executed.
13:13:42 INFO  : ----------------XSDB Script----------------
connect -url tcp:127.0.0.1:3121
targets -set -nocase -filter {name =~"APU*"}
rst -system
after 3000
targets -set -filter {jtag_cable_name =~ "Digilent Zybo Z7 210351B3FC8DA" && level==0 && jtag_device_ctx=="jsn-Zybo Z7-210351B3FC8DA-13722093-0"}
fpga -file D:/proyectosep2/IEE2463-SEP-Proyecto-2-Z8/music_player/vitis/music_player_sw/_ide/bitstream/design_1_wrapper.bit
targets -set -nocase -filter {name =~"APU*"}
loadhw -hw D:/proyectosep2/IEE2463-SEP-Proyecto-2-Z8/music_player/vitis/music_player/export/music_player/hw/design_1_wrapper.xsa -mem-ranges [list {0x40000000 0xbfffffff}] -regs
configparams force-mem-access 1
targets -set -nocase -filter {name =~"APU*"}
source D:/proyectosep2/IEE2463-SEP-Proyecto-2-Z8/music_player/vitis/music_player_sw/_ide/psinit/ps7_init.tcl
ps7_init
ps7_post_config
targets -set -nocase -filter {name =~ "*A9*#0"}
dow D:/proyectosep2/IEE2463-SEP-Proyecto-2-Z8/music_player/vitis/music_player_sw/Debug/music_player_sw.elf
configparams force-mem-access 0
----------------End of Script----------------

13:13:42 INFO  : Context for processor 'ps7_cortexa9_0' is selected.
13:13:42 INFO  : 'con' command is executed.
13:13:42 INFO  : ----------------XSDB Script (After Launch)----------------
targets -set -nocase -filter {name =~ "*A9*#0"}
con
----------------End of Script----------------

13:13:42 INFO  : Launch script is exported to file 'D:\proyectosep2\IEE2463-SEP-Proyecto-2-Z8\music_player\vitis\.sdk\launch_scripts\single_application_debug\systemdebugger_music_player_sw_system_standalone.tcl'
13:19:07 INFO  : Build configuration of system project is automatically updated to 'Release'.
13:19:07 INFO  : Checking for BSP changes to sync application flags for project 'music_player_sw'...
13:21:02 INFO  : Invoking Bootgen: bootgen -image output.bif -arch zynq -o D:/proyectosep2/IEE2463-SEP-Proyecto-2-Z8/music_player/vitis/BOOT.bin -w on
13:21:02 INFO  : Overwriting existing bif file D:\proyectosep2\IEE2463-SEP-Proyecto-2-Z8\music_player\vitis\output.bif
13:21:03 INFO  : Bootgen command execution is done.
13:24:00 INFO  : Checking for BSP changes to sync application flags for project 'music_player_sw'...
13:24:16 INFO  : Disconnected from the channel tcfchan#51.
13:24:17 INFO  : Connected to target on host '127.0.0.1' and port '3121'.
13:24:17 INFO  : Jtag cable 'Digilent Zybo Z7 210351B3FC8DA' is selected.
13:24:17 INFO  : 'jtag frequency' command is executed.
13:24:17 INFO  : Context for 'APU' is selected.
13:24:17 INFO  : System reset is completed.
13:24:20 INFO  : 'after 3000' command is executed.
13:24:20 INFO  : 'targets -set -filter {jtag_cable_name =~ "Digilent Zybo Z7 210351B3FC8DA" && level==0 && jtag_device_ctx=="jsn-Zybo Z7-210351B3FC8DA-13722093-0"}' command is executed.
13:24:22 INFO  : FPGA configured successfully with bitstream "D:/proyectosep2/IEE2463-SEP-Proyecto-2-Z8/music_player/vitis/music_player_sw/_ide/bitstream/design_1_wrapper.bit"
13:24:22 INFO  : Context for 'APU' is selected.
13:24:24 INFO  : Hardware design and registers information is loaded from 'D:/proyectosep2/IEE2463-SEP-Proyecto-2-Z8/music_player/vitis/music_player/export/music_player/hw/design_1_wrapper.xsa'.
13:24:24 INFO  : 'configparams force-mem-access 1' command is executed.
13:24:24 INFO  : Context for 'APU' is selected.
13:24:24 INFO  : Sourcing of 'D:/proyectosep2/IEE2463-SEP-Proyecto-2-Z8/music_player/vitis/music_player_sw/_ide/psinit/ps7_init.tcl' is done.
13:24:24 INFO  : 'ps7_init' command is executed.
13:24:24 INFO  : 'ps7_post_config' command is executed.
13:24:24 INFO  : Context for processor 'ps7_cortexa9_0' is selected.
13:24:24 INFO  : The application 'D:/proyectosep2/IEE2463-SEP-Proyecto-2-Z8/music_player/vitis/music_player_sw/Release/music_player_sw.elf' is downloaded to processor 'ps7_cortexa9_0'.
13:24:24 INFO  : 'configparams force-mem-access 0' command is executed.
13:24:24 INFO  : ----------------XSDB Script----------------
connect -url tcp:127.0.0.1:3121
targets -set -nocase -filter {name =~"APU*"}
rst -system
after 3000
targets -set -filter {jtag_cable_name =~ "Digilent Zybo Z7 210351B3FC8DA" && level==0 && jtag_device_ctx=="jsn-Zybo Z7-210351B3FC8DA-13722093-0"}
fpga -file D:/proyectosep2/IEE2463-SEP-Proyecto-2-Z8/music_player/vitis/music_player_sw/_ide/bitstream/design_1_wrapper.bit
targets -set -nocase -filter {name =~"APU*"}
loadhw -hw D:/proyectosep2/IEE2463-SEP-Proyecto-2-Z8/music_player/vitis/music_player/export/music_player/hw/design_1_wrapper.xsa -mem-ranges [list {0x40000000 0xbfffffff}] -regs
configparams force-mem-access 1
targets -set -nocase -filter {name =~"APU*"}
source D:/proyectosep2/IEE2463-SEP-Proyecto-2-Z8/music_player/vitis/music_player_sw/_ide/psinit/ps7_init.tcl
ps7_init
ps7_post_config
targets -set -nocase -filter {name =~ "*A9*#0"}
dow D:/proyectosep2/IEE2463-SEP-Proyecto-2-Z8/music_player/vitis/music_player_sw/Release/music_player_sw.elf
configparams force-mem-access 0
----------------End of Script----------------

13:24:24 INFO  : Context for processor 'ps7_cortexa9_0' is selected.
13:24:24 INFO  : 'con' command is executed.
13:24:24 INFO  : ----------------XSDB Script (After Launch)----------------
targets -set -nocase -filter {name =~ "*A9*#0"}
con
----------------End of Script----------------

13:24:24 INFO  : Launch script is exported to file 'D:\proyectosep2\IEE2463-SEP-Proyecto-2-Z8\music_player\vitis\.sdk\launch_scripts\single_application_debug\debugger_music_player_sw-default_1.tcl'
13:25:46 INFO  : Invoking Bootgen: bootgen -image output.bif -arch zynq -o D:/proyectosep2/IEE2463-SEP-Proyecto-2-Z8/music_player/vitis/BOOT.bin -w on
13:25:46 INFO  : Overwriting existing bif file D:\proyectosep2\IEE2463-SEP-Proyecto-2-Z8\music_player\vitis\output.bif
13:25:47 INFO  : Bootgen command execution is done.
13:28:17 INFO  : Invoking Bootgen: bootgen -image output.bif -arch zynq -o D:/proyectosep2/IEE2463-SEP-Proyecto-2-Z8/music_player/vitis/BOOT.bin -w on
13:28:17 INFO  : Overwriting existing bif file D:\proyectosep2\IEE2463-SEP-Proyecto-2-Z8\music_player\vitis\output.bif
13:28:19 INFO  : Bootgen command execution is done.
13:30:16 INFO  : Checking for BSP changes to sync application flags for project 'music_player_sw'...
13:30:19 ERROR : (XSDB Server)ERROR: [Hsi 55-1571] The design file D:/proyectosep2/IEE2463-SEP-Proyecto-2-Z8/music_player/vitis/music_player/export/music_player/hw/design_1_wrapper.xsa is already opened

13:32:40 INFO  : Invoking Bootgen: bootgen -image output.bif -arch zynq -o D:/proyectosep2/IEE2463-SEP-Proyecto-2-Z8/music_player/vitis/BOOT.bin -w on
13:32:40 INFO  : Overwriting existing bif file D:\proyectosep2\IEE2463-SEP-Proyecto-2-Z8\music_player\vitis\output.bif
13:32:41 INFO  : Bootgen command execution is done.
13:44:13 INFO  : Checking for BSP changes to sync application flags for project 'music_player_sw'...
13:44:15 ERROR : (XSDB Server)ERROR: [Hsi 55-1571] The design file D:/proyectosep2/IEE2463-SEP-Proyecto-2-Z8/music_player/vitis/music_player/export/music_player/hw/design_1_wrapper.xsa is already opened

13:44:21 INFO  : Build configuration of system project is automatically updated to 'Debug'.
13:44:21 INFO  : Checking for BSP changes to sync application flags for project 'music_player_sw'...
13:44:32 INFO  : Connected to target on host '127.0.0.1' and port '3121'.
13:44:33 INFO  : 'targets -set -filter {jtag_cable_name =~ "Digilent Zybo Z7 210351B3FC8DA" && level==0 && jtag_device_ctx=="jsn-Zybo Z7-210351B3FC8DA-13722093-0"}' command is executed.
13:44:34 INFO  : FPGA configured successfully with bitstream "D:/proyectosep2/IEE2463-SEP-Proyecto-2-Z8/music_player/vitis/music_player_sw/_ide/bitstream/design_1_wrapper.bit"
13:46:20 INFO  : Successfully done sdx_reload_mss "D:/proyectosep2/IEE2463-SEP-Proyecto-2-Z8/music_player/vitis/music_player/ps7_cortexa9_0/standalone_domain/bsp/system.mss"
13:46:24 INFO  : Successfully done sdx_reload_mss "D:/proyectosep2/IEE2463-SEP-Proyecto-2-Z8/music_player/vitis/music_player/zynq_fsbl/zynq_fsbl_bsp/system.mss"
13:52:41 INFO  : Disconnected from the channel tcfchan#52.
