15:41:05 INFO  : Launching XSCT server: xsct.bat -n  -interactive D:\proyectosep2\IEE2463-SEP-Proyecto-2-Z8\1_core\vitis\temp_xsdb_launch_script.tcl
15:41:05 INFO  : Registering command handlers for Vitis TCF services
15:41:12 INFO  : XSCT server has started successfully.
15:41:14 INFO  : Platform repository initialization has completed.
15:41:20 INFO  : plnx-install-location is set to ''
15:41:20 INFO  : Successfully done setting XSCT server connection channel  
15:41:20 INFO  : Successfully done query RDI_DATADIR 
15:41:20 INFO  : Successfully done setting workspace for the tool. 
15:45:47 INFO  : Result from executing command 'getProjects': 1_core_plt
15:45:47 INFO  : Result from executing command 'getPlatforms': 
15:46:14 INFO  : Successfully done sdx_reload_mss "D:/proyectosep2/IEE2463-SEP-Proyecto-2-Z8/1_core/vitis/1_core_plt/zynq_fsbl/zynq_fsbl_bsp/system.mss"
15:46:25 INFO  : Successfully done sdx_reload_mss "D:/proyectosep2/IEE2463-SEP-Proyecto-2-Z8/1_core/vitis/1_core_plt/ps7_cortexa9_0/standalone_domain/bsp/system.mss"
15:46:28 INFO  : (SwPlatform)  Successfully done add_library 
15:46:45 INFO  : (SwPlatform) Successfully done update_mss 
15:46:45 INFO  : Successfully done sdx_reload_mss "D:/proyectosep2/IEE2463-SEP-Proyecto-2-Z8/1_core/vitis/1_core_plt/ps7_cortexa9_0/standalone_domain/bsp/system.mss"
15:47:44 INFO  : Result from executing command 'getProjects': 1_core_plt
15:47:44 INFO  : Result from executing command 'getPlatforms': 1_core_plt|D:/proyectosep2/IEE2463-SEP-Proyecto-2-Z8/1_core/vitis/1_core_plt/export/1_core_plt/1_core_plt.xpfm
15:50:34 INFO  : Checking for BSP changes to sync application flags for project '1_core'...
15:53:14 INFO  : Checking for BSP changes to sync application flags for project '1_core'...
15:54:27 INFO  : Checking for BSP changes to sync application flags for project '1_core'...
15:55:33 INFO  : Connected to target on host '127.0.0.1' and port '3121'.
15:55:34 INFO  : Jtag cable 'Digilent Zybo Z7 210351B3FC8DA' is selected.
15:55:34 INFO  : 'jtag frequency' command is executed.
15:55:34 INFO  : Context for 'APU' is selected.
15:55:34 INFO  : System reset is completed.
15:55:37 INFO  : 'after 3000' command is executed.
15:55:37 INFO  : 'targets -set -filter {jtag_cable_name =~ "Digilent Zybo Z7 210351B3FC8DA" && level==0 && jtag_device_ctx=="jsn-Zybo Z7-210351B3FC8DA-13722093-0"}' command is executed.
15:55:38 INFO  : FPGA configured successfully with bitstream "D:/proyectosep2/IEE2463-SEP-Proyecto-2-Z8/1_core/vitis/1_core/_ide/bitstream/DEMO_wrapper.bit"
15:55:38 INFO  : Context for 'APU' is selected.
15:55:38 INFO  : Hardware design and registers information is loaded from 'D:/proyectosep2/IEE2463-SEP-Proyecto-2-Z8/1_core/vitis/1_core_plt/export/1_core_plt/hw/DEMO_wrapper.xsa'.
15:55:38 INFO  : 'configparams force-mem-access 1' command is executed.
15:55:38 INFO  : Context for 'APU' is selected.
15:55:38 INFO  : Sourcing of 'D:/proyectosep2/IEE2463-SEP-Proyecto-2-Z8/1_core/vitis/1_core/_ide/psinit/ps7_init.tcl' is done.
15:55:39 INFO  : 'ps7_init' command is executed.
15:55:39 INFO  : 'ps7_post_config' command is executed.
15:55:39 INFO  : Context for processor 'ps7_cortexa9_0' is selected.
15:55:40 INFO  : The application 'D:/proyectosep2/IEE2463-SEP-Proyecto-2-Z8/1_core/vitis/1_core/Debug/1_core.elf' is downloaded to processor 'ps7_cortexa9_0'.
15:55:40 INFO  : 'configparams force-mem-access 0' command is executed.
15:55:40 INFO  : ----------------XSDB Script----------------
connect -url tcp:127.0.0.1:3121
targets -set -nocase -filter {name =~"APU*"}
rst -system
after 3000
targets -set -filter {jtag_cable_name =~ "Digilent Zybo Z7 210351B3FC8DA" && level==0 && jtag_device_ctx=="jsn-Zybo Z7-210351B3FC8DA-13722093-0"}
fpga -file D:/proyectosep2/IEE2463-SEP-Proyecto-2-Z8/1_core/vitis/1_core/_ide/bitstream/DEMO_wrapper.bit
targets -set -nocase -filter {name =~"APU*"}
loadhw -hw D:/proyectosep2/IEE2463-SEP-Proyecto-2-Z8/1_core/vitis/1_core_plt/export/1_core_plt/hw/DEMO_wrapper.xsa -mem-ranges [list {0x40000000 0xbfffffff}] -regs
configparams force-mem-access 1
targets -set -nocase -filter {name =~"APU*"}
source D:/proyectosep2/IEE2463-SEP-Proyecto-2-Z8/1_core/vitis/1_core/_ide/psinit/ps7_init.tcl
ps7_init
ps7_post_config
targets -set -nocase -filter {name =~ "*A9*#0"}
dow D:/proyectosep2/IEE2463-SEP-Proyecto-2-Z8/1_core/vitis/1_core/Debug/1_core.elf
configparams force-mem-access 0
----------------End of Script----------------

15:55:40 INFO  : Context for processor 'ps7_cortexa9_0' is selected.
15:55:40 INFO  : 'con' command is executed.
15:55:40 INFO  : ----------------XSDB Script (After Launch)----------------
targets -set -nocase -filter {name =~ "*A9*#0"}
con
----------------End of Script----------------

15:55:40 INFO  : Launch script is exported to file 'D:\proyectosep2\IEE2463-SEP-Proyecto-2-Z8\1_core\vitis\.sdk\launch_scripts\single_application_debug\systemdebugger_1_core_system_standalone.tcl'
15:57:27 INFO  : Disconnected from the channel tcfchan#5.
15:57:36 INFO  : Connected to target on host '127.0.0.1' and port '3121'.
15:57:36 INFO  : Jtag cable 'Digilent Zybo Z7 210351B3FC8DA' is selected.
15:57:36 INFO  : 'jtag frequency' command is executed.
15:57:36 INFO  : Context for 'APU' is selected.
15:57:36 INFO  : System reset is completed.
15:57:39 INFO  : 'after 3000' command is executed.
15:57:39 INFO  : 'targets -set -filter {jtag_cable_name =~ "Digilent Zybo Z7 210351B3FC8DA" && level==0 && jtag_device_ctx=="jsn-Zybo Z7-210351B3FC8DA-13722093-0"}' command is executed.
15:57:40 INFO  : FPGA configured successfully with bitstream "D:/proyectosep2/IEE2463-SEP-Proyecto-2-Z8/1_core/vitis/1_core/_ide/bitstream/DEMO_wrapper.bit"
15:57:40 INFO  : Context for 'APU' is selected.
15:57:40 INFO  : Hardware design and registers information is loaded from 'D:/proyectosep2/IEE2463-SEP-Proyecto-2-Z8/1_core/vitis/1_core_plt/export/1_core_plt/hw/DEMO_wrapper.xsa'.
15:57:40 INFO  : 'configparams force-mem-access 1' command is executed.
15:57:40 INFO  : Context for 'APU' is selected.
15:57:40 INFO  : Sourcing of 'D:/proyectosep2/IEE2463-SEP-Proyecto-2-Z8/1_core/vitis/1_core/_ide/psinit/ps7_init.tcl' is done.
15:57:41 INFO  : 'ps7_init' command is executed.
15:57:41 INFO  : 'ps7_post_config' command is executed.
15:57:41 INFO  : Context for processor 'ps7_cortexa9_0' is selected.
15:57:42 INFO  : The application 'D:/proyectosep2/IEE2463-SEP-Proyecto-2-Z8/1_core/vitis/1_core/Debug/1_core.elf' is downloaded to processor 'ps7_cortexa9_0'.
15:57:42 INFO  : 'configparams force-mem-access 0' command is executed.
15:57:42 INFO  : ----------------XSDB Script----------------
connect -url tcp:127.0.0.1:3121
targets -set -nocase -filter {name =~"APU*"}
rst -system
after 3000
targets -set -filter {jtag_cable_name =~ "Digilent Zybo Z7 210351B3FC8DA" && level==0 && jtag_device_ctx=="jsn-Zybo Z7-210351B3FC8DA-13722093-0"}
fpga -file D:/proyectosep2/IEE2463-SEP-Proyecto-2-Z8/1_core/vitis/1_core/_ide/bitstream/DEMO_wrapper.bit
targets -set -nocase -filter {name =~"APU*"}
loadhw -hw D:/proyectosep2/IEE2463-SEP-Proyecto-2-Z8/1_core/vitis/1_core_plt/export/1_core_plt/hw/DEMO_wrapper.xsa -mem-ranges [list {0x40000000 0xbfffffff}] -regs
configparams force-mem-access 1
targets -set -nocase -filter {name =~"APU*"}
source D:/proyectosep2/IEE2463-SEP-Proyecto-2-Z8/1_core/vitis/1_core/_ide/psinit/ps7_init.tcl
ps7_init
ps7_post_config
targets -set -nocase -filter {name =~ "*A9*#0"}
dow D:/proyectosep2/IEE2463-SEP-Proyecto-2-Z8/1_core/vitis/1_core/Debug/1_core.elf
configparams force-mem-access 0
----------------End of Script----------------

15:57:42 INFO  : Context for processor 'ps7_cortexa9_0' is selected.
15:57:42 INFO  : 'con' command is executed.
15:57:42 INFO  : ----------------XSDB Script (After Launch)----------------
targets -set -nocase -filter {name =~ "*A9*#0"}
con
----------------End of Script----------------

15:57:42 INFO  : Launch script is exported to file 'D:\proyectosep2\IEE2463-SEP-Proyecto-2-Z8\1_core\vitis\.sdk\launch_scripts\single_application_debug\systemdebugger_1_core_system_standalone.tcl'
15:58:48 INFO  : Checking for BSP changes to sync application flags for project '1_core'...
15:59:28 INFO  : Checking for BSP changes to sync application flags for project '1_core'...
15:59:43 INFO  : Disconnected from the channel tcfchan#6.
15:59:43 INFO  : Connected to target on host '127.0.0.1' and port '3121'.
15:59:43 INFO  : Jtag cable 'Digilent Zybo Z7 210351B3FC8DA' is selected.
15:59:43 INFO  : 'jtag frequency' command is executed.
15:59:43 INFO  : Context for 'APU' is selected.
15:59:43 INFO  : System reset is completed.
15:59:46 INFO  : 'after 3000' command is executed.
15:59:46 INFO  : 'targets -set -filter {jtag_cable_name =~ "Digilent Zybo Z7 210351B3FC8DA" && level==0 && jtag_device_ctx=="jsn-Zybo Z7-210351B3FC8DA-13722093-0"}' command is executed.
15:59:48 INFO  : FPGA configured successfully with bitstream "D:/proyectosep2/IEE2463-SEP-Proyecto-2-Z8/1_core/vitis/1_core/_ide/bitstream/DEMO_wrapper.bit"
15:59:48 INFO  : Context for 'APU' is selected.
15:59:48 INFO  : Hardware design and registers information is loaded from 'D:/proyectosep2/IEE2463-SEP-Proyecto-2-Z8/1_core/vitis/1_core_plt/export/1_core_plt/hw/DEMO_wrapper.xsa'.
15:59:48 INFO  : 'configparams force-mem-access 1' command is executed.
15:59:48 INFO  : Context for 'APU' is selected.
15:59:48 INFO  : Sourcing of 'D:/proyectosep2/IEE2463-SEP-Proyecto-2-Z8/1_core/vitis/1_core/_ide/psinit/ps7_init.tcl' is done.
15:59:48 INFO  : 'ps7_init' command is executed.
15:59:48 INFO  : 'ps7_post_config' command is executed.
15:59:48 INFO  : Context for processor 'ps7_cortexa9_0' is selected.
15:59:49 INFO  : The application 'D:/proyectosep2/IEE2463-SEP-Proyecto-2-Z8/1_core/vitis/1_core/Debug/1_core.elf' is downloaded to processor 'ps7_cortexa9_0'.
15:59:49 INFO  : 'configparams force-mem-access 0' command is executed.
15:59:49 INFO  : ----------------XSDB Script----------------
connect -url tcp:127.0.0.1:3121
targets -set -nocase -filter {name =~"APU*"}
rst -system
after 3000
targets -set -filter {jtag_cable_name =~ "Digilent Zybo Z7 210351B3FC8DA" && level==0 && jtag_device_ctx=="jsn-Zybo Z7-210351B3FC8DA-13722093-0"}
fpga -file D:/proyectosep2/IEE2463-SEP-Proyecto-2-Z8/1_core/vitis/1_core/_ide/bitstream/DEMO_wrapper.bit
targets -set -nocase -filter {name =~"APU*"}
loadhw -hw D:/proyectosep2/IEE2463-SEP-Proyecto-2-Z8/1_core/vitis/1_core_plt/export/1_core_plt/hw/DEMO_wrapper.xsa -mem-ranges [list {0x40000000 0xbfffffff}] -regs
configparams force-mem-access 1
targets -set -nocase -filter {name =~"APU*"}
source D:/proyectosep2/IEE2463-SEP-Proyecto-2-Z8/1_core/vitis/1_core/_ide/psinit/ps7_init.tcl
ps7_init
ps7_post_config
targets -set -nocase -filter {name =~ "*A9*#0"}
dow D:/proyectosep2/IEE2463-SEP-Proyecto-2-Z8/1_core/vitis/1_core/Debug/1_core.elf
configparams force-mem-access 0
----------------End of Script----------------

15:59:49 INFO  : Context for processor 'ps7_cortexa9_0' is selected.
15:59:49 INFO  : 'con' command is executed.
15:59:49 INFO  : ----------------XSDB Script (After Launch)----------------
targets -set -nocase -filter {name =~ "*A9*#0"}
con
----------------End of Script----------------

15:59:49 INFO  : Launch script is exported to file 'D:\proyectosep2\IEE2463-SEP-Proyecto-2-Z8\1_core\vitis\.sdk\launch_scripts\single_application_debug\systemdebugger_1_core_system_standalone.tcl'
16:01:13 INFO  : Generated template bif file for 1_core_system
16:01:30 INFO  : Invoking Bootgen: bootgen -image 1_core_system.bif -arch zynq -o D:/proyectosep2/IEE2463-SEP-Proyecto-2-Z8/1_core/vitis/1_core_system/_ide/bootimage/BOOT.bin
16:01:32 INFO  : Bootgen command execution is done.
16:06:05 INFO  : Checking for BSP changes to sync application flags for project '1_core'...
16:08:08 INFO  : Disconnected from the channel tcfchan#9.
17:59:12 INFO  : Launching XSCT server: xsct.bat -n  -interactive D:\proyectosep2\IEE2463-SEP-Proyecto-2-Z8\1_core\vitis\temp_xsdb_launch_script.tcl
17:59:14 INFO  : XSCT server has started successfully.
17:59:14 INFO  : Successfully done setting XSCT server connection channel  
17:59:14 INFO  : plnx-install-location is set to ''
17:59:14 INFO  : Successfully done setting workspace for the tool. 
17:59:19 INFO  : Platform repository initialization has completed.
17:59:19 INFO  : Registering command handlers for Vitis TCF services
17:59:24 INFO  : Successfully done query RDI_DATADIR 
18:14:46 INFO  : Checking for BSP changes to sync application flags for project '1_core'...
18:14:55 ERROR : (XSDB Server)ERROR: [Hsi 55-1571] The design file D:/proyectosep2/IEE2463-SEP-Proyecto-2-Z8/1_core/vitis/1_core_plt/export/1_core_plt/hw/DEMO_wrapper.xsa is already opened

18:15:12 INFO  : Hardware specification for platform project '1_core_plt' is updated.
18:15:42 INFO  : Result from executing command 'getProjects': 1_core_plt
18:15:42 INFO  : Result from executing command 'getPlatforms': 1_core_plt|D:/proyectosep2/IEE2463-SEP-Proyecto-2-Z8/1_core/vitis/1_core_plt/export/1_core_plt/1_core_plt.xpfm
18:15:59 INFO  : Checking for BSP changes to sync application flags for project '1_core'...
18:16:02 INFO  : The hardware specfication used by project '1_core' is out of sync with the platform. Resource files extracted from the hardware specfiication will be updated.
18:16:02 INFO  : The file 'D:\proyectosep2\IEE2463-SEP-Proyecto-2-Z8\1_core\vitis\1_core\_ide\bitstream\DEMO_wrapper.bit' stored in project is removed.
18:16:03 INFO  : The updated bitstream files are copied from platform to folder 'D:\proyectosep2\IEE2463-SEP-Proyecto-2-Z8\1_core\vitis\1_core\_ide\bitstream' in project '1_core'.
18:16:03 INFO  : The file 'D:\proyectosep2\IEE2463-SEP-Proyecto-2-Z8\1_core\vitis\1_core\_ide\psinit\ps7_init.tcl' stored in project is removed.
18:16:08 INFO  : The updated ps init files are copied from platform to folder 'D:\proyectosep2\IEE2463-SEP-Proyecto-2-Z8\1_core\vitis\1_core\_ide\psinit' in project '1_core'.
18:16:34 INFO  : Checking for BSP changes to sync application flags for project '1_core'...
18:16:54 INFO  : Connected to target on host '127.0.0.1' and port '3121'.
18:16:54 INFO  : Jtag cable 'Digilent Zybo Z7 210351B3FC8DA' is selected.
18:16:54 INFO  : 'jtag frequency' command is executed.
18:16:54 INFO  : Context for 'APU' is selected.
18:16:54 INFO  : System reset is completed.
18:16:57 INFO  : 'after 3000' command is executed.
18:16:57 INFO  : 'targets -set -filter {jtag_cable_name =~ "Digilent Zybo Z7 210351B3FC8DA" && level==0 && jtag_device_ctx=="jsn-Zybo Z7-210351B3FC8DA-13722093-0"}' command is executed.
18:16:58 INFO  : FPGA configured successfully with bitstream "D:/proyectosep2/IEE2463-SEP-Proyecto-2-Z8/1_core/vitis/1_core/_ide/bitstream/DEMO_wrapper.bit"
18:16:58 INFO  : Context for 'APU' is selected.
18:16:59 INFO  : Hardware design and registers information is loaded from 'D:/proyectosep2/IEE2463-SEP-Proyecto-2-Z8/1_core/vitis/1_core_plt/export/1_core_plt/hw/DEMO_wrapper.xsa'.
18:16:59 INFO  : 'configparams force-mem-access 1' command is executed.
18:16:59 INFO  : Context for 'APU' is selected.
18:16:59 INFO  : Sourcing of 'D:/proyectosep2/IEE2463-SEP-Proyecto-2-Z8/1_core/vitis/1_core/_ide/psinit/ps7_init.tcl' is done.
18:16:59 INFO  : 'ps7_init' command is executed.
18:16:59 INFO  : 'ps7_post_config' command is executed.
18:16:59 INFO  : Context for processor 'ps7_cortexa9_0' is selected.
18:17:00 INFO  : The application 'D:/proyectosep2/IEE2463-SEP-Proyecto-2-Z8/1_core/vitis/1_core/Debug/1_core.elf' is downloaded to processor 'ps7_cortexa9_0'.
18:17:00 INFO  : 'configparams force-mem-access 0' command is executed.
18:17:00 INFO  : ----------------XSDB Script----------------
connect -url tcp:127.0.0.1:3121
targets -set -nocase -filter {name =~"APU*"}
rst -system
after 3000
targets -set -filter {jtag_cable_name =~ "Digilent Zybo Z7 210351B3FC8DA" && level==0 && jtag_device_ctx=="jsn-Zybo Z7-210351B3FC8DA-13722093-0"}
fpga -file D:/proyectosep2/IEE2463-SEP-Proyecto-2-Z8/1_core/vitis/1_core/_ide/bitstream/DEMO_wrapper.bit
targets -set -nocase -filter {name =~"APU*"}
loadhw -hw D:/proyectosep2/IEE2463-SEP-Proyecto-2-Z8/1_core/vitis/1_core_plt/export/1_core_plt/hw/DEMO_wrapper.xsa -mem-ranges [list {0x40000000 0xbfffffff}] -regs
configparams force-mem-access 1
targets -set -nocase -filter {name =~"APU*"}
source D:/proyectosep2/IEE2463-SEP-Proyecto-2-Z8/1_core/vitis/1_core/_ide/psinit/ps7_init.tcl
ps7_init
ps7_post_config
targets -set -nocase -filter {name =~ "*A9*#0"}
dow D:/proyectosep2/IEE2463-SEP-Proyecto-2-Z8/1_core/vitis/1_core/Debug/1_core.elf
configparams force-mem-access 0
----------------End of Script----------------

18:17:00 INFO  : Context for processor 'ps7_cortexa9_0' is selected.
18:17:00 INFO  : 'con' command is executed.
18:17:00 INFO  : ----------------XSDB Script (After Launch)----------------
targets -set -nocase -filter {name =~ "*A9*#0"}
con
----------------End of Script----------------

18:17:00 INFO  : Launch script is exported to file 'D:\proyectosep2\IEE2463-SEP-Proyecto-2-Z8\1_core\vitis\.sdk\launch_scripts\single_application_debug\systemdebugger_1_core_system_standalone.tcl'
18:25:27 INFO  : Disconnected from the channel tcfchan#5.
18:35:27 INFO  : Launching XSCT server: xsct.bat -n  -interactive D:\proyectosep2\IEE2463-SEP-Proyecto-2-Z8\1_core\vitis\temp_xsdb_launch_script.tcl
18:35:29 INFO  : XSCT server has started successfully.
18:35:29 INFO  : plnx-install-location is set to ''
18:35:29 INFO  : Successfully done setting XSCT server connection channel  
18:35:29 INFO  : Successfully done setting workspace for the tool. 
18:35:31 INFO  : Platform repository initialization has completed.
18:35:31 INFO  : Successfully done query RDI_DATADIR 
18:35:31 INFO  : Registering command handlers for Vitis TCF services
18:42:55 INFO  : Checking for BSP changes to sync application flags for project '1_core'...
18:43:01 ERROR : (XSDB Server)ERROR: [Hsi 55-1571] The design file D:/proyectosep2/IEE2463-SEP-Proyecto-2-Z8/1_core/vitis/1_core_plt/export/1_core_plt/hw/DEMO_wrapper.xsa is already opened

18:43:09 INFO  : Checking for BSP changes to sync application flags for project '1_core'...
18:43:12 ERROR : (XSDB Server)ERROR: [Hsi 55-1571] The design file D:/proyectosep2/IEE2463-SEP-Proyecto-2-Z8/1_core/vitis/1_core_plt/export/1_core_plt/hw/DEMO_wrapper.xsa is already opened

18:43:35 INFO  : Connected to target on host '127.0.0.1' and port '3121'.
18:43:35 INFO  : Jtag cable 'Digilent Zybo Z7 210351B3FC8DA' is selected.
18:43:35 INFO  : 'jtag frequency' command is executed.
18:43:35 INFO  : Context for 'APU' is selected.
18:43:35 INFO  : System reset is completed.
18:43:38 INFO  : 'after 3000' command is executed.
18:43:38 INFO  : 'targets -set -filter {jtag_cable_name =~ "Digilent Zybo Z7 210351B3FC8DA" && level==0 && jtag_device_ctx=="jsn-Zybo Z7-210351B3FC8DA-13722093-0"}' command is executed.
18:43:40 INFO  : FPGA configured successfully with bitstream "D:/proyectosep2/IEE2463-SEP-Proyecto-2-Z8/1_core/vitis/1_core/_ide/bitstream/DEMO_wrapper.bit"
18:43:40 INFO  : Context for 'APU' is selected.
18:43:40 INFO  : Hardware design and registers information is loaded from 'D:/proyectosep2/IEE2463-SEP-Proyecto-2-Z8/1_core/vitis/1_core_plt/export/1_core_plt/hw/DEMO_wrapper.xsa'.
18:43:40 INFO  : 'configparams force-mem-access 1' command is executed.
18:43:40 INFO  : Context for 'APU' is selected.
18:43:40 INFO  : Sourcing of 'D:/proyectosep2/IEE2463-SEP-Proyecto-2-Z8/1_core/vitis/1_core/_ide/psinit/ps7_init.tcl' is done.
18:43:40 INFO  : 'ps7_init' command is executed.
18:43:40 INFO  : 'ps7_post_config' command is executed.
18:43:40 INFO  : Context for processor 'ps7_cortexa9_0' is selected.
18:43:41 INFO  : The application 'D:/proyectosep2/IEE2463-SEP-Proyecto-2-Z8/1_core/vitis/1_core/Debug/1_core.elf' is downloaded to processor 'ps7_cortexa9_0'.
18:43:41 INFO  : 'configparams force-mem-access 0' command is executed.
18:43:41 INFO  : ----------------XSDB Script----------------
connect -url tcp:127.0.0.1:3121
targets -set -nocase -filter {name =~"APU*"}
rst -system
after 3000
targets -set -filter {jtag_cable_name =~ "Digilent Zybo Z7 210351B3FC8DA" && level==0 && jtag_device_ctx=="jsn-Zybo Z7-210351B3FC8DA-13722093-0"}
fpga -file D:/proyectosep2/IEE2463-SEP-Proyecto-2-Z8/1_core/vitis/1_core/_ide/bitstream/DEMO_wrapper.bit
targets -set -nocase -filter {name =~"APU*"}
loadhw -hw D:/proyectosep2/IEE2463-SEP-Proyecto-2-Z8/1_core/vitis/1_core_plt/export/1_core_plt/hw/DEMO_wrapper.xsa -mem-ranges [list {0x40000000 0xbfffffff}] -regs
configparams force-mem-access 1
targets -set -nocase -filter {name =~"APU*"}
source D:/proyectosep2/IEE2463-SEP-Proyecto-2-Z8/1_core/vitis/1_core/_ide/psinit/ps7_init.tcl
ps7_init
ps7_post_config
targets -set -nocase -filter {name =~ "*A9*#0"}
dow D:/proyectosep2/IEE2463-SEP-Proyecto-2-Z8/1_core/vitis/1_core/Debug/1_core.elf
configparams force-mem-access 0
----------------End of Script----------------

18:43:42 INFO  : Context for processor 'ps7_cortexa9_0' is selected.
18:43:42 INFO  : 'con' command is executed.
18:43:42 INFO  : ----------------XSDB Script (After Launch)----------------
targets -set -nocase -filter {name =~ "*A9*#0"}
con
----------------End of Script----------------

18:43:42 INFO  : Launch script is exported to file 'D:\proyectosep2\IEE2463-SEP-Proyecto-2-Z8\1_core\vitis\.sdk\launch_scripts\single_application_debug\systemdebugger_1_core_system_standalone.tcl'
18:50:28 INFO  : Checking for BSP changes to sync application flags for project '1_core'...
18:50:30 ERROR : (XSDB Server)ERROR: [Hsi 55-1571] The design file D:/proyectosep2/IEE2463-SEP-Proyecto-2-Z8/1_core/vitis/1_core_plt/export/1_core_plt/hw/DEMO_wrapper.xsa is already opened

18:51:02 INFO  : Checking for BSP changes to sync application flags for project '1_core'...
18:51:04 ERROR : (XSDB Server)ERROR: [Hsi 55-1571] The design file D:/proyectosep2/IEE2463-SEP-Proyecto-2-Z8/1_core/vitis/1_core_plt/export/1_core_plt/hw/DEMO_wrapper.xsa is already opened

18:51:28 INFO  : Checking for BSP changes to sync application flags for project '1_core'...
18:51:30 ERROR : (XSDB Server)ERROR: [Hsi 55-1571] The design file D:/proyectosep2/IEE2463-SEP-Proyecto-2-Z8/1_core/vitis/1_core_plt/export/1_core_plt/hw/DEMO_wrapper.xsa is already opened

18:51:45 INFO  : Disconnected from the channel tcfchan#3.
18:51:45 INFO  : Connected to target on host '127.0.0.1' and port '3121'.
18:51:45 INFO  : Jtag cable 'Digilent Zybo Z7 210351B3FC8DA' is selected.
18:51:45 INFO  : 'jtag frequency' command is executed.
18:51:45 INFO  : Context for 'APU' is selected.
18:51:45 INFO  : System reset is completed.
18:51:48 INFO  : 'after 3000' command is executed.
18:51:48 INFO  : 'targets -set -filter {jtag_cable_name =~ "Digilent Zybo Z7 210351B3FC8DA" && level==0 && jtag_device_ctx=="jsn-Zybo Z7-210351B3FC8DA-13722093-0"}' command is executed.
18:51:50 INFO  : FPGA configured successfully with bitstream "D:/proyectosep2/IEE2463-SEP-Proyecto-2-Z8/1_core/vitis/1_core/_ide/bitstream/DEMO_wrapper.bit"
18:51:50 INFO  : Context for 'APU' is selected.
18:51:52 INFO  : Hardware design and registers information is loaded from 'D:/proyectosep2/IEE2463-SEP-Proyecto-2-Z8/1_core/vitis/1_core_plt/export/1_core_plt/hw/DEMO_wrapper.xsa'.
18:51:52 INFO  : 'configparams force-mem-access 1' command is executed.
18:51:52 INFO  : Context for 'APU' is selected.
18:51:52 INFO  : Sourcing of 'D:/proyectosep2/IEE2463-SEP-Proyecto-2-Z8/1_core/vitis/1_core/_ide/psinit/ps7_init.tcl' is done.
18:51:52 INFO  : 'ps7_init' command is executed.
18:51:52 INFO  : 'ps7_post_config' command is executed.
18:51:52 INFO  : Context for processor 'ps7_cortexa9_0' is selected.
18:51:53 INFO  : The application 'D:/proyectosep2/IEE2463-SEP-Proyecto-2-Z8/1_core/vitis/1_core/Debug/1_core.elf' is downloaded to processor 'ps7_cortexa9_0'.
18:51:53 INFO  : 'configparams force-mem-access 0' command is executed.
18:51:53 INFO  : ----------------XSDB Script----------------
connect -url tcp:127.0.0.1:3121
targets -set -nocase -filter {name =~"APU*"}
rst -system
after 3000
targets -set -filter {jtag_cable_name =~ "Digilent Zybo Z7 210351B3FC8DA" && level==0 && jtag_device_ctx=="jsn-Zybo Z7-210351B3FC8DA-13722093-0"}
fpga -file D:/proyectosep2/IEE2463-SEP-Proyecto-2-Z8/1_core/vitis/1_core/_ide/bitstream/DEMO_wrapper.bit
targets -set -nocase -filter {name =~"APU*"}
loadhw -hw D:/proyectosep2/IEE2463-SEP-Proyecto-2-Z8/1_core/vitis/1_core_plt/export/1_core_plt/hw/DEMO_wrapper.xsa -mem-ranges [list {0x40000000 0xbfffffff}] -regs
configparams force-mem-access 1
targets -set -nocase -filter {name =~"APU*"}
source D:/proyectosep2/IEE2463-SEP-Proyecto-2-Z8/1_core/vitis/1_core/_ide/psinit/ps7_init.tcl
ps7_init
ps7_post_config
targets -set -nocase -filter {name =~ "*A9*#0"}
dow D:/proyectosep2/IEE2463-SEP-Proyecto-2-Z8/1_core/vitis/1_core/Debug/1_core.elf
configparams force-mem-access 0
----------------End of Script----------------

18:51:53 INFO  : Context for processor 'ps7_cortexa9_0' is selected.
18:51:53 INFO  : 'con' command is executed.
18:51:53 INFO  : ----------------XSDB Script (After Launch)----------------
targets -set -nocase -filter {name =~ "*A9*#0"}
con
----------------End of Script----------------

18:51:53 INFO  : Launch script is exported to file 'D:\proyectosep2\IEE2463-SEP-Proyecto-2-Z8\1_core\vitis\.sdk\launch_scripts\single_application_debug\systemdebugger_1_core_system_standalone.tcl'
19:05:57 INFO  : Disconnected from the channel tcfchan#7.
19:05:57 INFO  : Connected to target on host '127.0.0.1' and port '3121'.
19:05:57 INFO  : Jtag cable 'Digilent Zybo Z7 210351B3FC8DA' is selected.
19:05:57 INFO  : 'jtag frequency' command is executed.
19:05:57 INFO  : Context for 'APU' is selected.
19:05:57 INFO  : System reset is completed.
19:06:00 INFO  : 'after 3000' command is executed.
19:06:00 INFO  : 'targets -set -filter {jtag_cable_name =~ "Digilent Zybo Z7 210351B3FC8DA" && level==0 && jtag_device_ctx=="jsn-Zybo Z7-210351B3FC8DA-13722093-0"}' command is executed.
19:06:01 INFO  : FPGA configured successfully with bitstream "D:/proyectosep2/IEE2463-SEP-Proyecto-2-Z8/1_core/vitis/1_core/_ide/bitstream/DEMO_wrapper.bit"
19:06:01 INFO  : Context for 'APU' is selected.
19:06:04 INFO  : Hardware design and registers information is loaded from 'D:/proyectosep2/IEE2463-SEP-Proyecto-2-Z8/1_core/vitis/1_core_plt/export/1_core_plt/hw/DEMO_wrapper.xsa'.
19:06:04 INFO  : 'configparams force-mem-access 1' command is executed.
19:06:04 INFO  : Context for 'APU' is selected.
19:06:04 INFO  : Sourcing of 'D:/proyectosep2/IEE2463-SEP-Proyecto-2-Z8/1_core/vitis/1_core/_ide/psinit/ps7_init.tcl' is done.
19:06:04 INFO  : 'ps7_init' command is executed.
19:06:04 INFO  : 'ps7_post_config' command is executed.
19:06:04 INFO  : Context for processor 'ps7_cortexa9_0' is selected.
19:06:05 INFO  : The application 'D:/proyectosep2/IEE2463-SEP-Proyecto-2-Z8/1_core/vitis/1_core/Debug/1_core.elf' is downloaded to processor 'ps7_cortexa9_0'.
19:06:05 INFO  : 'configparams force-mem-access 0' command is executed.
19:06:05 INFO  : ----------------XSDB Script----------------
connect -url tcp:127.0.0.1:3121
targets -set -nocase -filter {name =~"APU*"}
rst -system
after 3000
targets -set -filter {jtag_cable_name =~ "Digilent Zybo Z7 210351B3FC8DA" && level==0 && jtag_device_ctx=="jsn-Zybo Z7-210351B3FC8DA-13722093-0"}
fpga -file D:/proyectosep2/IEE2463-SEP-Proyecto-2-Z8/1_core/vitis/1_core/_ide/bitstream/DEMO_wrapper.bit
targets -set -nocase -filter {name =~"APU*"}
loadhw -hw D:/proyectosep2/IEE2463-SEP-Proyecto-2-Z8/1_core/vitis/1_core_plt/export/1_core_plt/hw/DEMO_wrapper.xsa -mem-ranges [list {0x40000000 0xbfffffff}] -regs
configparams force-mem-access 1
targets -set -nocase -filter {name =~"APU*"}
source D:/proyectosep2/IEE2463-SEP-Proyecto-2-Z8/1_core/vitis/1_core/_ide/psinit/ps7_init.tcl
ps7_init
ps7_post_config
targets -set -nocase -filter {name =~ "*A9*#0"}
dow D:/proyectosep2/IEE2463-SEP-Proyecto-2-Z8/1_core/vitis/1_core/Debug/1_core.elf
configparams force-mem-access 0
----------------End of Script----------------

19:06:05 INFO  : Context for processor 'ps7_cortexa9_0' is selected.
19:06:05 INFO  : 'con' command is executed.
19:06:05 INFO  : ----------------XSDB Script (After Launch)----------------
targets -set -nocase -filter {name =~ "*A9*#0"}
con
----------------End of Script----------------

19:06:05 INFO  : Launch script is exported to file 'D:\proyectosep2\IEE2463-SEP-Proyecto-2-Z8\1_core\vitis\.sdk\launch_scripts\single_application_debug\systemdebugger_1_core_system_standalone.tcl'
19:58:36 INFO  : Checking for BSP changes to sync application flags for project '1_core'...
19:58:38 ERROR : (XSDB Server)ERROR: [Hsi 55-1571] The design file D:/proyectosep2/IEE2463-SEP-Proyecto-2-Z8/1_core/vitis/1_core_plt/export/1_core_plt/hw/DEMO_wrapper.xsa is already opened

19:58:52 INFO  : Disconnected from the channel tcfchan#8.
19:58:52 INFO  : Connected to target on host '127.0.0.1' and port '3121'.
19:58:52 INFO  : Jtag cable 'Digilent Zybo Z7 210351B3FC8DA' is selected.
19:58:52 INFO  : 'jtag frequency' command is executed.
19:58:52 INFO  : Context for 'APU' is selected.
19:58:52 INFO  : System reset is completed.
19:58:55 INFO  : 'after 3000' command is executed.
19:58:55 INFO  : 'targets -set -filter {jtag_cable_name =~ "Digilent Zybo Z7 210351B3FC8DA" && level==0 && jtag_device_ctx=="jsn-Zybo Z7-210351B3FC8DA-13722093-0"}' command is executed.
19:58:56 INFO  : FPGA configured successfully with bitstream "D:/proyectosep2/IEE2463-SEP-Proyecto-2-Z8/1_core/vitis/1_core/_ide/bitstream/DEMO_wrapper.bit"
19:58:57 INFO  : Context for 'APU' is selected.
19:58:59 INFO  : Hardware design and registers information is loaded from 'D:/proyectosep2/IEE2463-SEP-Proyecto-2-Z8/1_core/vitis/1_core_plt/export/1_core_plt/hw/DEMO_wrapper.xsa'.
19:58:59 INFO  : 'configparams force-mem-access 1' command is executed.
19:58:59 INFO  : Context for 'APU' is selected.
19:58:59 INFO  : Sourcing of 'D:/proyectosep2/IEE2463-SEP-Proyecto-2-Z8/1_core/vitis/1_core/_ide/psinit/ps7_init.tcl' is done.
19:58:59 INFO  : 'ps7_init' command is executed.
19:58:59 INFO  : 'ps7_post_config' command is executed.
19:58:59 INFO  : Context for processor 'ps7_cortexa9_0' is selected.
19:59:00 INFO  : The application 'D:/proyectosep2/IEE2463-SEP-Proyecto-2-Z8/1_core/vitis/1_core/Debug/1_core.elf' is downloaded to processor 'ps7_cortexa9_0'.
19:59:00 INFO  : 'configparams force-mem-access 0' command is executed.
19:59:00 INFO  : ----------------XSDB Script----------------
connect -url tcp:127.0.0.1:3121
targets -set -nocase -filter {name =~"APU*"}
rst -system
after 3000
targets -set -filter {jtag_cable_name =~ "Digilent Zybo Z7 210351B3FC8DA" && level==0 && jtag_device_ctx=="jsn-Zybo Z7-210351B3FC8DA-13722093-0"}
fpga -file D:/proyectosep2/IEE2463-SEP-Proyecto-2-Z8/1_core/vitis/1_core/_ide/bitstream/DEMO_wrapper.bit
targets -set -nocase -filter {name =~"APU*"}
loadhw -hw D:/proyectosep2/IEE2463-SEP-Proyecto-2-Z8/1_core/vitis/1_core_plt/export/1_core_plt/hw/DEMO_wrapper.xsa -mem-ranges [list {0x40000000 0xbfffffff}] -regs
configparams force-mem-access 1
targets -set -nocase -filter {name =~"APU*"}
source D:/proyectosep2/IEE2463-SEP-Proyecto-2-Z8/1_core/vitis/1_core/_ide/psinit/ps7_init.tcl
ps7_init
ps7_post_config
targets -set -nocase -filter {name =~ "*A9*#0"}
dow D:/proyectosep2/IEE2463-SEP-Proyecto-2-Z8/1_core/vitis/1_core/Debug/1_core.elf
configparams force-mem-access 0
----------------End of Script----------------

19:59:00 INFO  : Context for processor 'ps7_cortexa9_0' is selected.
19:59:00 INFO  : 'con' command is executed.
19:59:00 INFO  : ----------------XSDB Script (After Launch)----------------
targets -set -nocase -filter {name =~ "*A9*#0"}
con
----------------End of Script----------------

19:59:00 INFO  : Launch script is exported to file 'D:\proyectosep2\IEE2463-SEP-Proyecto-2-Z8\1_core\vitis\.sdk\launch_scripts\single_application_debug\systemdebugger_1_core_system_standalone.tcl'
20:06:01 INFO  : Checking for BSP changes to sync application flags for project '1_core'...
20:06:04 ERROR : (XSDB Server)ERROR: [Hsi 55-1571] The design file D:/proyectosep2/IEE2463-SEP-Proyecto-2-Z8/1_core/vitis/1_core_plt/export/1_core_plt/hw/DEMO_wrapper.xsa is already opened

20:07:40 INFO  : Disconnected from the channel tcfchan#10.
20:07:41 INFO  : Connected to target on host '127.0.0.1' and port '3121'.
20:07:41 INFO  : Jtag cable 'Digilent Zybo Z7 210351B3FC8DA' is selected.
20:07:41 INFO  : 'jtag frequency' command is executed.
20:07:41 INFO  : Context for 'APU' is selected.
20:07:41 INFO  : System reset is completed.
20:07:44 INFO  : 'after 3000' command is executed.
20:07:44 INFO  : 'targets -set -filter {jtag_cable_name =~ "Digilent Zybo Z7 210351B3FC8DA" && level==0 && jtag_device_ctx=="jsn-Zybo Z7-210351B3FC8DA-13722093-0"}' command is executed.
20:07:45 INFO  : FPGA configured successfully with bitstream "D:/proyectosep2/IEE2463-SEP-Proyecto-2-Z8/1_core/vitis/1_core/_ide/bitstream/DEMO_wrapper.bit"
20:07:45 INFO  : Context for 'APU' is selected.
20:07:47 INFO  : Hardware design and registers information is loaded from 'D:/proyectosep2/IEE2463-SEP-Proyecto-2-Z8/1_core/vitis/1_core_plt/export/1_core_plt/hw/DEMO_wrapper.xsa'.
20:07:47 INFO  : 'configparams force-mem-access 1' command is executed.
20:07:47 INFO  : Context for 'APU' is selected.
20:07:47 INFO  : Sourcing of 'D:/proyectosep2/IEE2463-SEP-Proyecto-2-Z8/1_core/vitis/1_core/_ide/psinit/ps7_init.tcl' is done.
20:07:48 INFO  : 'ps7_init' command is executed.
20:07:48 INFO  : 'ps7_post_config' command is executed.
20:07:48 INFO  : Context for processor 'ps7_cortexa9_0' is selected.
20:07:49 INFO  : The application 'D:/proyectosep2/IEE2463-SEP-Proyecto-2-Z8/1_core/vitis/1_core/Debug/1_core.elf' is downloaded to processor 'ps7_cortexa9_0'.
20:07:49 INFO  : 'configparams force-mem-access 0' command is executed.
20:07:49 INFO  : ----------------XSDB Script----------------
connect -url tcp:127.0.0.1:3121
targets -set -nocase -filter {name =~"APU*"}
rst -system
after 3000
targets -set -filter {jtag_cable_name =~ "Digilent Zybo Z7 210351B3FC8DA" && level==0 && jtag_device_ctx=="jsn-Zybo Z7-210351B3FC8DA-13722093-0"}
fpga -file D:/proyectosep2/IEE2463-SEP-Proyecto-2-Z8/1_core/vitis/1_core/_ide/bitstream/DEMO_wrapper.bit
targets -set -nocase -filter {name =~"APU*"}
loadhw -hw D:/proyectosep2/IEE2463-SEP-Proyecto-2-Z8/1_core/vitis/1_core_plt/export/1_core_plt/hw/DEMO_wrapper.xsa -mem-ranges [list {0x40000000 0xbfffffff}] -regs
configparams force-mem-access 1
targets -set -nocase -filter {name =~"APU*"}
source D:/proyectosep2/IEE2463-SEP-Proyecto-2-Z8/1_core/vitis/1_core/_ide/psinit/ps7_init.tcl
ps7_init
ps7_post_config
targets -set -nocase -filter {name =~ "*A9*#0"}
dow D:/proyectosep2/IEE2463-SEP-Proyecto-2-Z8/1_core/vitis/1_core/Debug/1_core.elf
configparams force-mem-access 0
----------------End of Script----------------

20:07:49 INFO  : Context for processor 'ps7_cortexa9_0' is selected.
20:07:49 INFO  : 'con' command is executed.
20:07:49 INFO  : ----------------XSDB Script (After Launch)----------------
targets -set -nocase -filter {name =~ "*A9*#0"}
con
----------------End of Script----------------

20:07:49 INFO  : Launch script is exported to file 'D:\proyectosep2\IEE2463-SEP-Proyecto-2-Z8\1_core\vitis\.sdk\launch_scripts\single_application_debug\systemdebugger_1_core_system_standalone.tcl'
20:23:04 INFO  : Checking for BSP changes to sync application flags for project '1_core'...
20:23:07 ERROR : (XSDB Server)ERROR: [Hsi 55-1571] The design file D:/proyectosep2/IEE2463-SEP-Proyecto-2-Z8/1_core/vitis/1_core_plt/export/1_core_plt/hw/DEMO_wrapper.xsa is already opened

20:24:27 INFO  : Checking for BSP changes to sync application flags for project '1_core'...
20:24:30 ERROR : (XSDB Server)ERROR: [Hsi 55-1571] The design file D:/proyectosep2/IEE2463-SEP-Proyecto-2-Z8/1_core/vitis/1_core_plt/export/1_core_plt/hw/DEMO_wrapper.xsa is already opened

20:24:40 INFO  : Disconnected from the channel tcfchan#12.
20:24:40 INFO  : Connected to target on host '127.0.0.1' and port '3121'.
20:24:40 INFO  : Jtag cable 'Digilent Zybo Z7 210351B3FC8DA' is selected.
20:24:40 INFO  : 'jtag frequency' command is executed.
20:24:40 INFO  : Context for 'APU' is selected.
20:24:40 INFO  : System reset is completed.
20:24:43 INFO  : 'after 3000' command is executed.
20:24:43 INFO  : 'targets -set -filter {jtag_cable_name =~ "Digilent Zybo Z7 210351B3FC8DA" && level==0 && jtag_device_ctx=="jsn-Zybo Z7-210351B3FC8DA-13722093-0"}' command is executed.
20:24:44 INFO  : FPGA configured successfully with bitstream "D:/proyectosep2/IEE2463-SEP-Proyecto-2-Z8/1_core/vitis/1_core/_ide/bitstream/DEMO_wrapper.bit"
20:24:44 INFO  : Context for 'APU' is selected.
20:24:47 INFO  : Hardware design and registers information is loaded from 'D:/proyectosep2/IEE2463-SEP-Proyecto-2-Z8/1_core/vitis/1_core_plt/export/1_core_plt/hw/DEMO_wrapper.xsa'.
20:24:47 INFO  : 'configparams force-mem-access 1' command is executed.
20:24:47 INFO  : Context for 'APU' is selected.
20:24:47 INFO  : Sourcing of 'D:/proyectosep2/IEE2463-SEP-Proyecto-2-Z8/1_core/vitis/1_core/_ide/psinit/ps7_init.tcl' is done.
20:24:47 INFO  : 'ps7_init' command is executed.
20:24:47 INFO  : 'ps7_post_config' command is executed.
20:24:47 INFO  : Context for processor 'ps7_cortexa9_0' is selected.
20:24:48 INFO  : The application 'D:/proyectosep2/IEE2463-SEP-Proyecto-2-Z8/1_core/vitis/1_core/Debug/1_core.elf' is downloaded to processor 'ps7_cortexa9_0'.
20:24:48 INFO  : 'configparams force-mem-access 0' command is executed.
20:24:48 INFO  : ----------------XSDB Script----------------
connect -url tcp:127.0.0.1:3121
targets -set -nocase -filter {name =~"APU*"}
rst -system
after 3000
targets -set -filter {jtag_cable_name =~ "Digilent Zybo Z7 210351B3FC8DA" && level==0 && jtag_device_ctx=="jsn-Zybo Z7-210351B3FC8DA-13722093-0"}
fpga -file D:/proyectosep2/IEE2463-SEP-Proyecto-2-Z8/1_core/vitis/1_core/_ide/bitstream/DEMO_wrapper.bit
targets -set -nocase -filter {name =~"APU*"}
loadhw -hw D:/proyectosep2/IEE2463-SEP-Proyecto-2-Z8/1_core/vitis/1_core_plt/export/1_core_plt/hw/DEMO_wrapper.xsa -mem-ranges [list {0x40000000 0xbfffffff}] -regs
configparams force-mem-access 1
targets -set -nocase -filter {name =~"APU*"}
source D:/proyectosep2/IEE2463-SEP-Proyecto-2-Z8/1_core/vitis/1_core/_ide/psinit/ps7_init.tcl
ps7_init
ps7_post_config
targets -set -nocase -filter {name =~ "*A9*#0"}
dow D:/proyectosep2/IEE2463-SEP-Proyecto-2-Z8/1_core/vitis/1_core/Debug/1_core.elf
configparams force-mem-access 0
----------------End of Script----------------

20:24:48 INFO  : Context for processor 'ps7_cortexa9_0' is selected.
20:24:48 INFO  : 'con' command is executed.
20:24:48 INFO  : ----------------XSDB Script (After Launch)----------------
targets -set -nocase -filter {name =~ "*A9*#0"}
con
----------------End of Script----------------

20:24:48 INFO  : Launch script is exported to file 'D:\proyectosep2\IEE2463-SEP-Proyecto-2-Z8\1_core\vitis\.sdk\launch_scripts\single_application_debug\systemdebugger_1_core_system_standalone.tcl'
20:31:19 INFO  : Checking for BSP changes to sync application flags for project '1_core'...
20:31:22 ERROR : (XSDB Server)ERROR: [Hsi 55-1571] The design file D:/proyectosep2/IEE2463-SEP-Proyecto-2-Z8/1_core/vitis/1_core_plt/export/1_core_plt/hw/DEMO_wrapper.xsa is already opened

20:31:31 INFO  : Disconnected from the channel tcfchan#15.
20:31:31 INFO  : Connected to target on host '127.0.0.1' and port '3121'.
20:31:31 INFO  : Jtag cable 'Digilent Zybo Z7 210351B3FC8DA' is selected.
20:31:31 INFO  : 'jtag frequency' command is executed.
20:31:31 INFO  : Context for 'APU' is selected.
20:31:31 INFO  : System reset is completed.
20:31:34 INFO  : 'after 3000' command is executed.
20:31:34 INFO  : 'targets -set -filter {jtag_cable_name =~ "Digilent Zybo Z7 210351B3FC8DA" && level==0 && jtag_device_ctx=="jsn-Zybo Z7-210351B3FC8DA-13722093-0"}' command is executed.
20:31:35 INFO  : FPGA configured successfully with bitstream "D:/proyectosep2/IEE2463-SEP-Proyecto-2-Z8/1_core/vitis/1_core/_ide/bitstream/DEMO_wrapper.bit"
20:31:35 INFO  : Context for 'APU' is selected.
20:31:38 INFO  : Hardware design and registers information is loaded from 'D:/proyectosep2/IEE2463-SEP-Proyecto-2-Z8/1_core/vitis/1_core_plt/export/1_core_plt/hw/DEMO_wrapper.xsa'.
20:31:38 INFO  : 'configparams force-mem-access 1' command is executed.
20:31:38 INFO  : Context for 'APU' is selected.
20:31:38 INFO  : Sourcing of 'D:/proyectosep2/IEE2463-SEP-Proyecto-2-Z8/1_core/vitis/1_core/_ide/psinit/ps7_init.tcl' is done.
20:31:38 INFO  : 'ps7_init' command is executed.
20:31:38 INFO  : 'ps7_post_config' command is executed.
20:31:38 INFO  : Context for processor 'ps7_cortexa9_0' is selected.
20:31:39 INFO  : The application 'D:/proyectosep2/IEE2463-SEP-Proyecto-2-Z8/1_core/vitis/1_core/Debug/1_core.elf' is downloaded to processor 'ps7_cortexa9_0'.
20:31:39 INFO  : 'configparams force-mem-access 0' command is executed.
20:31:39 INFO  : ----------------XSDB Script----------------
connect -url tcp:127.0.0.1:3121
targets -set -nocase -filter {name =~"APU*"}
rst -system
after 3000
targets -set -filter {jtag_cable_name =~ "Digilent Zybo Z7 210351B3FC8DA" && level==0 && jtag_device_ctx=="jsn-Zybo Z7-210351B3FC8DA-13722093-0"}
fpga -file D:/proyectosep2/IEE2463-SEP-Proyecto-2-Z8/1_core/vitis/1_core/_ide/bitstream/DEMO_wrapper.bit
targets -set -nocase -filter {name =~"APU*"}
loadhw -hw D:/proyectosep2/IEE2463-SEP-Proyecto-2-Z8/1_core/vitis/1_core_plt/export/1_core_plt/hw/DEMO_wrapper.xsa -mem-ranges [list {0x40000000 0xbfffffff}] -regs
configparams force-mem-access 1
targets -set -nocase -filter {name =~"APU*"}
source D:/proyectosep2/IEE2463-SEP-Proyecto-2-Z8/1_core/vitis/1_core/_ide/psinit/ps7_init.tcl
ps7_init
ps7_post_config
targets -set -nocase -filter {name =~ "*A9*#0"}
dow D:/proyectosep2/IEE2463-SEP-Proyecto-2-Z8/1_core/vitis/1_core/Debug/1_core.elf
configparams force-mem-access 0
----------------End of Script----------------

20:31:39 INFO  : Context for processor 'ps7_cortexa9_0' is selected.
20:31:39 INFO  : 'con' command is executed.
20:31:39 INFO  : ----------------XSDB Script (After Launch)----------------
targets -set -nocase -filter {name =~ "*A9*#0"}
con
----------------End of Script----------------

20:31:39 INFO  : Launch script is exported to file 'D:\proyectosep2\IEE2463-SEP-Proyecto-2-Z8\1_core\vitis\.sdk\launch_scripts\single_application_debug\systemdebugger_1_core_system_standalone.tcl'
20:36:48 INFO  : Disconnected from the channel tcfchan#17.
20:36:48 INFO  : Connected to target on host '127.0.0.1' and port '3121'.
20:36:48 INFO  : Jtag cable 'Digilent Zybo Z7 210351B3FC8DA' is selected.
20:36:48 INFO  : 'jtag frequency' command is executed.
20:36:48 INFO  : Context for 'APU' is selected.
20:36:48 INFO  : System reset is completed.
20:36:51 INFO  : 'after 3000' command is executed.
20:36:51 INFO  : 'targets -set -filter {jtag_cable_name =~ "Digilent Zybo Z7 210351B3FC8DA" && level==0 && jtag_device_ctx=="jsn-Zybo Z7-210351B3FC8DA-13722093-0"}' command is executed.
20:36:53 INFO  : FPGA configured successfully with bitstream "D:/proyectosep2/IEE2463-SEP-Proyecto-2-Z8/1_core/vitis/1_core/_ide/bitstream/DEMO_wrapper.bit"
20:36:53 INFO  : Context for 'APU' is selected.
20:36:55 INFO  : Hardware design and registers information is loaded from 'D:/proyectosep2/IEE2463-SEP-Proyecto-2-Z8/1_core/vitis/1_core_plt/export/1_core_plt/hw/DEMO_wrapper.xsa'.
20:36:55 INFO  : 'configparams force-mem-access 1' command is executed.
20:36:55 INFO  : Context for 'APU' is selected.
20:36:55 INFO  : Sourcing of 'D:/proyectosep2/IEE2463-SEP-Proyecto-2-Z8/1_core/vitis/1_core/_ide/psinit/ps7_init.tcl' is done.
20:36:55 INFO  : 'ps7_init' command is executed.
20:36:55 INFO  : 'ps7_post_config' command is executed.
20:36:55 INFO  : Context for processor 'ps7_cortexa9_0' is selected.
20:36:57 INFO  : The application 'D:/proyectosep2/IEE2463-SEP-Proyecto-2-Z8/1_core/vitis/1_core/Debug/1_core.elf' is downloaded to processor 'ps7_cortexa9_0'.
20:36:57 INFO  : 'configparams force-mem-access 0' command is executed.
20:36:57 INFO  : ----------------XSDB Script----------------
connect -url tcp:127.0.0.1:3121
targets -set -nocase -filter {name =~"APU*"}
rst -system
after 3000
targets -set -filter {jtag_cable_name =~ "Digilent Zybo Z7 210351B3FC8DA" && level==0 && jtag_device_ctx=="jsn-Zybo Z7-210351B3FC8DA-13722093-0"}
fpga -file D:/proyectosep2/IEE2463-SEP-Proyecto-2-Z8/1_core/vitis/1_core/_ide/bitstream/DEMO_wrapper.bit
targets -set -nocase -filter {name =~"APU*"}
loadhw -hw D:/proyectosep2/IEE2463-SEP-Proyecto-2-Z8/1_core/vitis/1_core_plt/export/1_core_plt/hw/DEMO_wrapper.xsa -mem-ranges [list {0x40000000 0xbfffffff}] -regs
configparams force-mem-access 1
targets -set -nocase -filter {name =~"APU*"}
source D:/proyectosep2/IEE2463-SEP-Proyecto-2-Z8/1_core/vitis/1_core/_ide/psinit/ps7_init.tcl
ps7_init
ps7_post_config
targets -set -nocase -filter {name =~ "*A9*#0"}
dow D:/proyectosep2/IEE2463-SEP-Proyecto-2-Z8/1_core/vitis/1_core/Debug/1_core.elf
configparams force-mem-access 0
----------------End of Script----------------

20:36:57 INFO  : Context for processor 'ps7_cortexa9_0' is selected.
20:36:57 INFO  : 'con' command is executed.
20:36:57 INFO  : ----------------XSDB Script (After Launch)----------------
targets -set -nocase -filter {name =~ "*A9*#0"}
con
----------------End of Script----------------

20:36:57 INFO  : Launch script is exported to file 'D:\proyectosep2\IEE2463-SEP-Proyecto-2-Z8\1_core\vitis\.sdk\launch_scripts\single_application_debug\systemdebugger_1_core_system_standalone.tcl'
20:37:27 INFO  : Checking for BSP changes to sync application flags for project '1_core'...
20:37:31 ERROR : (XSDB Server)ERROR: [Hsi 55-1571] The design file D:/proyectosep2/IEE2463-SEP-Proyecto-2-Z8/1_core/vitis/1_core_plt/export/1_core_plt/hw/DEMO_wrapper.xsa is already opened

20:37:36 INFO  : Disconnected from the channel tcfchan#18.
20:37:36 INFO  : Connected to target on host '127.0.0.1' and port '3121'.
20:37:37 INFO  : Jtag cable 'Digilent Zybo Z7 210351B3FC8DA' is selected.
20:37:37 INFO  : 'jtag frequency' command is executed.
20:37:37 INFO  : Context for 'APU' is selected.
20:37:37 INFO  : System reset is completed.
20:37:40 INFO  : 'after 3000' command is executed.
20:37:40 INFO  : 'targets -set -filter {jtag_cable_name =~ "Digilent Zybo Z7 210351B3FC8DA" && level==0 && jtag_device_ctx=="jsn-Zybo Z7-210351B3FC8DA-13722093-0"}' command is executed.
20:37:41 INFO  : FPGA configured successfully with bitstream "D:/proyectosep2/IEE2463-SEP-Proyecto-2-Z8/1_core/vitis/1_core/_ide/bitstream/DEMO_wrapper.bit"
20:37:41 INFO  : Context for 'APU' is selected.
20:37:44 INFO  : Hardware design and registers information is loaded from 'D:/proyectosep2/IEE2463-SEP-Proyecto-2-Z8/1_core/vitis/1_core_plt/export/1_core_plt/hw/DEMO_wrapper.xsa'.
20:37:44 INFO  : 'configparams force-mem-access 1' command is executed.
20:37:44 INFO  : Context for 'APU' is selected.
20:37:44 INFO  : Sourcing of 'D:/proyectosep2/IEE2463-SEP-Proyecto-2-Z8/1_core/vitis/1_core/_ide/psinit/ps7_init.tcl' is done.
20:37:44 INFO  : 'ps7_init' command is executed.
20:37:44 INFO  : 'ps7_post_config' command is executed.
20:37:44 INFO  : Context for processor 'ps7_cortexa9_0' is selected.
20:37:45 INFO  : The application 'D:/proyectosep2/IEE2463-SEP-Proyecto-2-Z8/1_core/vitis/1_core/Debug/1_core.elf' is downloaded to processor 'ps7_cortexa9_0'.
20:37:45 INFO  : 'configparams force-mem-access 0' command is executed.
20:37:45 INFO  : ----------------XSDB Script----------------
connect -url tcp:127.0.0.1:3121
targets -set -nocase -filter {name =~"APU*"}
rst -system
after 3000
targets -set -filter {jtag_cable_name =~ "Digilent Zybo Z7 210351B3FC8DA" && level==0 && jtag_device_ctx=="jsn-Zybo Z7-210351B3FC8DA-13722093-0"}
fpga -file D:/proyectosep2/IEE2463-SEP-Proyecto-2-Z8/1_core/vitis/1_core/_ide/bitstream/DEMO_wrapper.bit
targets -set -nocase -filter {name =~"APU*"}
loadhw -hw D:/proyectosep2/IEE2463-SEP-Proyecto-2-Z8/1_core/vitis/1_core_plt/export/1_core_plt/hw/DEMO_wrapper.xsa -mem-ranges [list {0x40000000 0xbfffffff}] -regs
configparams force-mem-access 1
targets -set -nocase -filter {name =~"APU*"}
source D:/proyectosep2/IEE2463-SEP-Proyecto-2-Z8/1_core/vitis/1_core/_ide/psinit/ps7_init.tcl
ps7_init
ps7_post_config
targets -set -nocase -filter {name =~ "*A9*#0"}
dow D:/proyectosep2/IEE2463-SEP-Proyecto-2-Z8/1_core/vitis/1_core/Debug/1_core.elf
configparams force-mem-access 0
----------------End of Script----------------

20:37:46 INFO  : Context for processor 'ps7_cortexa9_0' is selected.
20:37:46 INFO  : 'con' command is executed.
20:37:46 INFO  : ----------------XSDB Script (After Launch)----------------
targets -set -nocase -filter {name =~ "*A9*#0"}
con
----------------End of Script----------------

20:37:46 INFO  : Launch script is exported to file 'D:\proyectosep2\IEE2463-SEP-Proyecto-2-Z8\1_core\vitis\.sdk\launch_scripts\single_application_debug\systemdebugger_1_core_system_standalone.tcl'
20:37:57 INFO  : Disconnected from the channel tcfchan#20.
20:37:58 INFO  : Connected to target on host '127.0.0.1' and port '3121'.
20:37:58 INFO  : Jtag cable 'Digilent Zybo Z7 210351B3FC8DA' is selected.
20:37:58 INFO  : 'jtag frequency' command is executed.
20:37:58 INFO  : Context for 'APU' is selected.
20:37:58 INFO  : System reset is completed.
20:38:01 INFO  : 'after 3000' command is executed.
20:38:01 INFO  : 'targets -set -filter {jtag_cable_name =~ "Digilent Zybo Z7 210351B3FC8DA" && level==0 && jtag_device_ctx=="jsn-Zybo Z7-210351B3FC8DA-13722093-0"}' command is executed.
20:38:02 INFO  : FPGA configured successfully with bitstream "D:/proyectosep2/IEE2463-SEP-Proyecto-2-Z8/1_core/vitis/1_core/_ide/bitstream/DEMO_wrapper.bit"
20:38:02 INFO  : Context for 'APU' is selected.
20:38:05 INFO  : Hardware design and registers information is loaded from 'D:/proyectosep2/IEE2463-SEP-Proyecto-2-Z8/1_core/vitis/1_core_plt/export/1_core_plt/hw/DEMO_wrapper.xsa'.
20:38:05 INFO  : 'configparams force-mem-access 1' command is executed.
20:38:05 INFO  : Context for 'APU' is selected.
20:38:05 INFO  : Sourcing of 'D:/proyectosep2/IEE2463-SEP-Proyecto-2-Z8/1_core/vitis/1_core/_ide/psinit/ps7_init.tcl' is done.
20:38:05 INFO  : 'ps7_init' command is executed.
20:38:05 INFO  : 'ps7_post_config' command is executed.
20:38:05 INFO  : Context for processor 'ps7_cortexa9_0' is selected.
20:38:06 INFO  : The application 'D:/proyectosep2/IEE2463-SEP-Proyecto-2-Z8/1_core/vitis/1_core/Debug/1_core.elf' is downloaded to processor 'ps7_cortexa9_0'.
20:38:06 INFO  : 'configparams force-mem-access 0' command is executed.
20:38:06 INFO  : ----------------XSDB Script----------------
connect -url tcp:127.0.0.1:3121
targets -set -nocase -filter {name =~"APU*"}
rst -system
after 3000
targets -set -filter {jtag_cable_name =~ "Digilent Zybo Z7 210351B3FC8DA" && level==0 && jtag_device_ctx=="jsn-Zybo Z7-210351B3FC8DA-13722093-0"}
fpga -file D:/proyectosep2/IEE2463-SEP-Proyecto-2-Z8/1_core/vitis/1_core/_ide/bitstream/DEMO_wrapper.bit
targets -set -nocase -filter {name =~"APU*"}
loadhw -hw D:/proyectosep2/IEE2463-SEP-Proyecto-2-Z8/1_core/vitis/1_core_plt/export/1_core_plt/hw/DEMO_wrapper.xsa -mem-ranges [list {0x40000000 0xbfffffff}] -regs
configparams force-mem-access 1
targets -set -nocase -filter {name =~"APU*"}
source D:/proyectosep2/IEE2463-SEP-Proyecto-2-Z8/1_core/vitis/1_core/_ide/psinit/ps7_init.tcl
ps7_init
ps7_post_config
targets -set -nocase -filter {name =~ "*A9*#0"}
dow D:/proyectosep2/IEE2463-SEP-Proyecto-2-Z8/1_core/vitis/1_core/Debug/1_core.elf
configparams force-mem-access 0
----------------End of Script----------------

20:38:06 INFO  : Context for processor 'ps7_cortexa9_0' is selected.
20:38:06 INFO  : 'con' command is executed.
20:38:06 INFO  : ----------------XSDB Script (After Launch)----------------
targets -set -nocase -filter {name =~ "*A9*#0"}
con
----------------End of Script----------------

20:38:06 INFO  : Launch script is exported to file 'D:\proyectosep2\IEE2463-SEP-Proyecto-2-Z8\1_core\vitis\.sdk\launch_scripts\single_application_debug\systemdebugger_1_core_system_standalone.tcl'
20:42:17 INFO  : Checking for BSP changes to sync application flags for project '1_core'...
20:42:20 ERROR : (XSDB Server)ERROR: [Hsi 55-1571] The design file D:/proyectosep2/IEE2463-SEP-Proyecto-2-Z8/1_core/vitis/1_core_plt/export/1_core_plt/hw/DEMO_wrapper.xsa is already opened

20:42:24 INFO  : Disconnected from the channel tcfchan#21.
20:42:24 INFO  : Connected to target on host '127.0.0.1' and port '3121'.
20:42:25 INFO  : Jtag cable 'Digilent Zybo Z7 210351B3FC8DA' is selected.
20:42:25 INFO  : 'jtag frequency' command is executed.
20:42:25 INFO  : Context for 'APU' is selected.
20:42:25 INFO  : System reset is completed.
20:42:28 INFO  : 'after 3000' command is executed.
20:42:28 INFO  : 'targets -set -filter {jtag_cable_name =~ "Digilent Zybo Z7 210351B3FC8DA" && level==0 && jtag_device_ctx=="jsn-Zybo Z7-210351B3FC8DA-13722093-0"}' command is executed.
20:42:29 INFO  : FPGA configured successfully with bitstream "D:/proyectosep2/IEE2463-SEP-Proyecto-2-Z8/1_core/vitis/1_core/_ide/bitstream/DEMO_wrapper.bit"
20:42:29 INFO  : Context for 'APU' is selected.
20:42:31 INFO  : Hardware design and registers information is loaded from 'D:/proyectosep2/IEE2463-SEP-Proyecto-2-Z8/1_core/vitis/1_core_plt/export/1_core_plt/hw/DEMO_wrapper.xsa'.
20:42:31 INFO  : 'configparams force-mem-access 1' command is executed.
20:42:31 INFO  : Context for 'APU' is selected.
20:42:31 INFO  : Sourcing of 'D:/proyectosep2/IEE2463-SEP-Proyecto-2-Z8/1_core/vitis/1_core/_ide/psinit/ps7_init.tcl' is done.
20:42:32 INFO  : 'ps7_init' command is executed.
20:42:32 INFO  : 'ps7_post_config' command is executed.
20:42:32 INFO  : Context for processor 'ps7_cortexa9_0' is selected.
20:42:33 INFO  : The application 'D:/proyectosep2/IEE2463-SEP-Proyecto-2-Z8/1_core/vitis/1_core/Debug/1_core.elf' is downloaded to processor 'ps7_cortexa9_0'.
20:42:33 INFO  : 'configparams force-mem-access 0' command is executed.
20:42:33 INFO  : ----------------XSDB Script----------------
connect -url tcp:127.0.0.1:3121
targets -set -nocase -filter {name =~"APU*"}
rst -system
after 3000
targets -set -filter {jtag_cable_name =~ "Digilent Zybo Z7 210351B3FC8DA" && level==0 && jtag_device_ctx=="jsn-Zybo Z7-210351B3FC8DA-13722093-0"}
fpga -file D:/proyectosep2/IEE2463-SEP-Proyecto-2-Z8/1_core/vitis/1_core/_ide/bitstream/DEMO_wrapper.bit
targets -set -nocase -filter {name =~"APU*"}
loadhw -hw D:/proyectosep2/IEE2463-SEP-Proyecto-2-Z8/1_core/vitis/1_core_plt/export/1_core_plt/hw/DEMO_wrapper.xsa -mem-ranges [list {0x40000000 0xbfffffff}] -regs
configparams force-mem-access 1
targets -set -nocase -filter {name =~"APU*"}
source D:/proyectosep2/IEE2463-SEP-Proyecto-2-Z8/1_core/vitis/1_core/_ide/psinit/ps7_init.tcl
ps7_init
ps7_post_config
targets -set -nocase -filter {name =~ "*A9*#0"}
dow D:/proyectosep2/IEE2463-SEP-Proyecto-2-Z8/1_core/vitis/1_core/Debug/1_core.elf
configparams force-mem-access 0
----------------End of Script----------------

20:42:33 INFO  : Context for processor 'ps7_cortexa9_0' is selected.
20:42:33 INFO  : 'con' command is executed.
20:42:33 INFO  : ----------------XSDB Script (After Launch)----------------
targets -set -nocase -filter {name =~ "*A9*#0"}
con
----------------End of Script----------------

20:42:33 INFO  : Launch script is exported to file 'D:\proyectosep2\IEE2463-SEP-Proyecto-2-Z8\1_core\vitis\.sdk\launch_scripts\single_application_debug\systemdebugger_1_core_system_standalone.tcl'
20:48:02 INFO  : Checking for BSP changes to sync application flags for project '1_core'...
20:48:05 ERROR : (XSDB Server)ERROR: [Hsi 55-1571] The design file D:/proyectosep2/IEE2463-SEP-Proyecto-2-Z8/1_core/vitis/1_core_plt/export/1_core_plt/hw/DEMO_wrapper.xsa is already opened

20:48:11 INFO  : Disconnected from the channel tcfchan#23.
20:48:11 INFO  : Connected to target on host '127.0.0.1' and port '3121'.
20:48:11 INFO  : Jtag cable 'Digilent Zybo Z7 210351B3FC8DA' is selected.
20:48:11 INFO  : 'jtag frequency' command is executed.
20:48:11 INFO  : Context for 'APU' is selected.
20:48:11 INFO  : System reset is completed.
20:48:14 INFO  : 'after 3000' command is executed.
20:48:14 INFO  : 'targets -set -filter {jtag_cable_name =~ "Digilent Zybo Z7 210351B3FC8DA" && level==0 && jtag_device_ctx=="jsn-Zybo Z7-210351B3FC8DA-13722093-0"}' command is executed.
20:48:15 INFO  : FPGA configured successfully with bitstream "D:/proyectosep2/IEE2463-SEP-Proyecto-2-Z8/1_core/vitis/1_core/_ide/bitstream/DEMO_wrapper.bit"
20:48:15 INFO  : Context for 'APU' is selected.
20:48:17 INFO  : Hardware design and registers information is loaded from 'D:/proyectosep2/IEE2463-SEP-Proyecto-2-Z8/1_core/vitis/1_core_plt/export/1_core_plt/hw/DEMO_wrapper.xsa'.
20:48:17 INFO  : 'configparams force-mem-access 1' command is executed.
20:48:17 INFO  : Context for 'APU' is selected.
20:48:17 INFO  : Sourcing of 'D:/proyectosep2/IEE2463-SEP-Proyecto-2-Z8/1_core/vitis/1_core/_ide/psinit/ps7_init.tcl' is done.
20:48:18 INFO  : 'ps7_init' command is executed.
20:48:18 INFO  : 'ps7_post_config' command is executed.
20:48:18 INFO  : Context for processor 'ps7_cortexa9_0' is selected.
20:48:19 INFO  : The application 'D:/proyectosep2/IEE2463-SEP-Proyecto-2-Z8/1_core/vitis/1_core/Debug/1_core.elf' is downloaded to processor 'ps7_cortexa9_0'.
20:48:19 INFO  : 'configparams force-mem-access 0' command is executed.
20:48:19 INFO  : ----------------XSDB Script----------------
connect -url tcp:127.0.0.1:3121
targets -set -nocase -filter {name =~"APU*"}
rst -system
after 3000
targets -set -filter {jtag_cable_name =~ "Digilent Zybo Z7 210351B3FC8DA" && level==0 && jtag_device_ctx=="jsn-Zybo Z7-210351B3FC8DA-13722093-0"}
fpga -file D:/proyectosep2/IEE2463-SEP-Proyecto-2-Z8/1_core/vitis/1_core/_ide/bitstream/DEMO_wrapper.bit
targets -set -nocase -filter {name =~"APU*"}
loadhw -hw D:/proyectosep2/IEE2463-SEP-Proyecto-2-Z8/1_core/vitis/1_core_plt/export/1_core_plt/hw/DEMO_wrapper.xsa -mem-ranges [list {0x40000000 0xbfffffff}] -regs
configparams force-mem-access 1
targets -set -nocase -filter {name =~"APU*"}
source D:/proyectosep2/IEE2463-SEP-Proyecto-2-Z8/1_core/vitis/1_core/_ide/psinit/ps7_init.tcl
ps7_init
ps7_post_config
targets -set -nocase -filter {name =~ "*A9*#0"}
dow D:/proyectosep2/IEE2463-SEP-Proyecto-2-Z8/1_core/vitis/1_core/Debug/1_core.elf
configparams force-mem-access 0
----------------End of Script----------------

20:48:19 INFO  : Context for processor 'ps7_cortexa9_0' is selected.
20:48:19 INFO  : 'con' command is executed.
20:48:19 INFO  : ----------------XSDB Script (After Launch)----------------
targets -set -nocase -filter {name =~ "*A9*#0"}
con
----------------End of Script----------------

20:48:19 INFO  : Launch script is exported to file 'D:\proyectosep2\IEE2463-SEP-Proyecto-2-Z8\1_core\vitis\.sdk\launch_scripts\single_application_debug\systemdebugger_1_core_system_standalone.tcl'
20:50:36 INFO  : Checking for BSP changes to sync application flags for project '1_core'...
20:50:39 ERROR : (XSDB Server)ERROR: [Hsi 55-1571] The design file D:/proyectosep2/IEE2463-SEP-Proyecto-2-Z8/1_core/vitis/1_core_plt/export/1_core_plt/hw/DEMO_wrapper.xsa is already opened

20:50:45 INFO  : Disconnected from the channel tcfchan#25.
20:50:45 INFO  : Connected to target on host '127.0.0.1' and port '3121'.
20:50:45 INFO  : Jtag cable 'Digilent Zybo Z7 210351B3FC8DA' is selected.
20:50:45 INFO  : 'jtag frequency' command is executed.
20:50:45 INFO  : Context for 'APU' is selected.
20:50:45 INFO  : System reset is completed.
20:50:48 INFO  : 'after 3000' command is executed.
20:50:48 INFO  : 'targets -set -filter {jtag_cable_name =~ "Digilent Zybo Z7 210351B3FC8DA" && level==0 && jtag_device_ctx=="jsn-Zybo Z7-210351B3FC8DA-13722093-0"}' command is executed.
20:50:49 INFO  : FPGA configured successfully with bitstream "D:/proyectosep2/IEE2463-SEP-Proyecto-2-Z8/1_core/vitis/1_core/_ide/bitstream/DEMO_wrapper.bit"
20:50:49 INFO  : Context for 'APU' is selected.
20:50:51 INFO  : Hardware design and registers information is loaded from 'D:/proyectosep2/IEE2463-SEP-Proyecto-2-Z8/1_core/vitis/1_core_plt/export/1_core_plt/hw/DEMO_wrapper.xsa'.
20:50:51 INFO  : 'configparams force-mem-access 1' command is executed.
20:50:51 INFO  : Context for 'APU' is selected.
20:50:51 INFO  : Sourcing of 'D:/proyectosep2/IEE2463-SEP-Proyecto-2-Z8/1_core/vitis/1_core/_ide/psinit/ps7_init.tcl' is done.
20:50:52 INFO  : 'ps7_init' command is executed.
20:50:52 INFO  : 'ps7_post_config' command is executed.
20:50:52 INFO  : Context for processor 'ps7_cortexa9_0' is selected.
20:50:53 INFO  : The application 'D:/proyectosep2/IEE2463-SEP-Proyecto-2-Z8/1_core/vitis/1_core/Debug/1_core.elf' is downloaded to processor 'ps7_cortexa9_0'.
20:50:53 INFO  : 'configparams force-mem-access 0' command is executed.
20:50:53 INFO  : ----------------XSDB Script----------------
connect -url tcp:127.0.0.1:3121
targets -set -nocase -filter {name =~"APU*"}
rst -system
after 3000
targets -set -filter {jtag_cable_name =~ "Digilent Zybo Z7 210351B3FC8DA" && level==0 && jtag_device_ctx=="jsn-Zybo Z7-210351B3FC8DA-13722093-0"}
fpga -file D:/proyectosep2/IEE2463-SEP-Proyecto-2-Z8/1_core/vitis/1_core/_ide/bitstream/DEMO_wrapper.bit
targets -set -nocase -filter {name =~"APU*"}
loadhw -hw D:/proyectosep2/IEE2463-SEP-Proyecto-2-Z8/1_core/vitis/1_core_plt/export/1_core_plt/hw/DEMO_wrapper.xsa -mem-ranges [list {0x40000000 0xbfffffff}] -regs
configparams force-mem-access 1
targets -set -nocase -filter {name =~"APU*"}
source D:/proyectosep2/IEE2463-SEP-Proyecto-2-Z8/1_core/vitis/1_core/_ide/psinit/ps7_init.tcl
ps7_init
ps7_post_config
targets -set -nocase -filter {name =~ "*A9*#0"}
dow D:/proyectosep2/IEE2463-SEP-Proyecto-2-Z8/1_core/vitis/1_core/Debug/1_core.elf
configparams force-mem-access 0
----------------End of Script----------------

20:50:53 INFO  : Context for processor 'ps7_cortexa9_0' is selected.
20:50:53 INFO  : 'con' command is executed.
20:50:53 INFO  : ----------------XSDB Script (After Launch)----------------
targets -set -nocase -filter {name =~ "*A9*#0"}
con
----------------End of Script----------------

20:50:53 INFO  : Launch script is exported to file 'D:\proyectosep2\IEE2463-SEP-Proyecto-2-Z8\1_core\vitis\.sdk\launch_scripts\single_application_debug\systemdebugger_1_core_system_standalone.tcl'
20:52:56 INFO  : Disconnected from the channel tcfchan#27.
20:52:56 INFO  : Connected to target on host '127.0.0.1' and port '3121'.
20:52:56 INFO  : Jtag cable 'Digilent Zybo Z7 210351B3FC8DA' is selected.
20:52:56 INFO  : 'jtag frequency' command is executed.
20:52:56 INFO  : Context for 'APU' is selected.
20:52:56 INFO  : System reset is completed.
20:53:00 INFO  : 'after 3000' command is executed.
20:53:00 INFO  : 'targets -set -filter {jtag_cable_name =~ "Digilent Zybo Z7 210351B3FC8DA" && level==0 && jtag_device_ctx=="jsn-Zybo Z7-210351B3FC8DA-13722093-0"}' command is executed.
20:53:01 INFO  : FPGA configured successfully with bitstream "D:/proyectosep2/IEE2463-SEP-Proyecto-2-Z8/1_core/vitis/1_core/_ide/bitstream/DEMO_wrapper.bit"
20:53:01 INFO  : Context for 'APU' is selected.
20:53:03 INFO  : Hardware design and registers information is loaded from 'D:/proyectosep2/IEE2463-SEP-Proyecto-2-Z8/1_core/vitis/1_core_plt/export/1_core_plt/hw/DEMO_wrapper.xsa'.
20:53:03 INFO  : 'configparams force-mem-access 1' command is executed.
20:53:03 INFO  : Context for 'APU' is selected.
20:53:03 INFO  : Sourcing of 'D:/proyectosep2/IEE2463-SEP-Proyecto-2-Z8/1_core/vitis/1_core/_ide/psinit/ps7_init.tcl' is done.
20:53:03 INFO  : 'ps7_init' command is executed.
20:53:03 INFO  : 'ps7_post_config' command is executed.
20:53:03 INFO  : Context for processor 'ps7_cortexa9_0' is selected.
20:53:04 INFO  : The application 'D:/proyectosep2/IEE2463-SEP-Proyecto-2-Z8/1_core/vitis/1_core/Debug/1_core.elf' is downloaded to processor 'ps7_cortexa9_0'.
20:53:04 INFO  : 'configparams force-mem-access 0' command is executed.
20:53:04 INFO  : ----------------XSDB Script----------------
connect -url tcp:127.0.0.1:3121
targets -set -nocase -filter {name =~"APU*"}
rst -system
after 3000
targets -set -filter {jtag_cable_name =~ "Digilent Zybo Z7 210351B3FC8DA" && level==0 && jtag_device_ctx=="jsn-Zybo Z7-210351B3FC8DA-13722093-0"}
fpga -file D:/proyectosep2/IEE2463-SEP-Proyecto-2-Z8/1_core/vitis/1_core/_ide/bitstream/DEMO_wrapper.bit
targets -set -nocase -filter {name =~"APU*"}
loadhw -hw D:/proyectosep2/IEE2463-SEP-Proyecto-2-Z8/1_core/vitis/1_core_plt/export/1_core_plt/hw/DEMO_wrapper.xsa -mem-ranges [list {0x40000000 0xbfffffff}] -regs
configparams force-mem-access 1
targets -set -nocase -filter {name =~"APU*"}
source D:/proyectosep2/IEE2463-SEP-Proyecto-2-Z8/1_core/vitis/1_core/_ide/psinit/ps7_init.tcl
ps7_init
ps7_post_config
targets -set -nocase -filter {name =~ "*A9*#0"}
dow D:/proyectosep2/IEE2463-SEP-Proyecto-2-Z8/1_core/vitis/1_core/Debug/1_core.elf
configparams force-mem-access 0
----------------End of Script----------------

20:53:04 INFO  : Context for processor 'ps7_cortexa9_0' is selected.
20:53:05 INFO  : 'con' command is executed.
20:53:05 INFO  : ----------------XSDB Script (After Launch)----------------
targets -set -nocase -filter {name =~ "*A9*#0"}
con
----------------End of Script----------------

20:53:05 INFO  : Launch script is exported to file 'D:\proyectosep2\IEE2463-SEP-Proyecto-2-Z8\1_core\vitis\.sdk\launch_scripts\single_application_debug\systemdebugger_1_core_system_standalone.tcl'
20:56:21 INFO  : Checking for BSP changes to sync application flags for project '1_core'...
20:56:24 ERROR : (XSDB Server)ERROR: [Hsi 55-1571] The design file D:/proyectosep2/IEE2463-SEP-Proyecto-2-Z8/1_core/vitis/1_core_plt/export/1_core_plt/hw/DEMO_wrapper.xsa is already opened

20:56:31 INFO  : Disconnected from the channel tcfchan#28.
20:56:31 INFO  : Connected to target on host '127.0.0.1' and port '3121'.
20:56:31 INFO  : Jtag cable 'Digilent Zybo Z7 210351B3FC8DA' is selected.
20:56:31 INFO  : 'jtag frequency' command is executed.
20:56:31 INFO  : Context for 'APU' is selected.
20:56:31 INFO  : System reset is completed.
20:56:34 INFO  : 'after 3000' command is executed.
20:56:34 INFO  : 'targets -set -filter {jtag_cable_name =~ "Digilent Zybo Z7 210351B3FC8DA" && level==0 && jtag_device_ctx=="jsn-Zybo Z7-210351B3FC8DA-13722093-0"}' command is executed.
20:56:35 INFO  : FPGA configured successfully with bitstream "D:/proyectosep2/IEE2463-SEP-Proyecto-2-Z8/1_core/vitis/1_core/_ide/bitstream/DEMO_wrapper.bit"
20:56:35 INFO  : Context for 'APU' is selected.
20:56:38 INFO  : Hardware design and registers information is loaded from 'D:/proyectosep2/IEE2463-SEP-Proyecto-2-Z8/1_core/vitis/1_core_plt/export/1_core_plt/hw/DEMO_wrapper.xsa'.
20:56:38 INFO  : 'configparams force-mem-access 1' command is executed.
20:56:38 INFO  : Context for 'APU' is selected.
20:56:38 INFO  : Sourcing of 'D:/proyectosep2/IEE2463-SEP-Proyecto-2-Z8/1_core/vitis/1_core/_ide/psinit/ps7_init.tcl' is done.
20:56:38 INFO  : 'ps7_init' command is executed.
20:56:38 INFO  : 'ps7_post_config' command is executed.
20:56:38 INFO  : Context for processor 'ps7_cortexa9_0' is selected.
20:56:39 INFO  : The application 'D:/proyectosep2/IEE2463-SEP-Proyecto-2-Z8/1_core/vitis/1_core/Debug/1_core.elf' is downloaded to processor 'ps7_cortexa9_0'.
20:56:39 INFO  : 'configparams force-mem-access 0' command is executed.
20:56:39 INFO  : ----------------XSDB Script----------------
connect -url tcp:127.0.0.1:3121
targets -set -nocase -filter {name =~"APU*"}
rst -system
after 3000
targets -set -filter {jtag_cable_name =~ "Digilent Zybo Z7 210351B3FC8DA" && level==0 && jtag_device_ctx=="jsn-Zybo Z7-210351B3FC8DA-13722093-0"}
fpga -file D:/proyectosep2/IEE2463-SEP-Proyecto-2-Z8/1_core/vitis/1_core/_ide/bitstream/DEMO_wrapper.bit
targets -set -nocase -filter {name =~"APU*"}
loadhw -hw D:/proyectosep2/IEE2463-SEP-Proyecto-2-Z8/1_core/vitis/1_core_plt/export/1_core_plt/hw/DEMO_wrapper.xsa -mem-ranges [list {0x40000000 0xbfffffff}] -regs
configparams force-mem-access 1
targets -set -nocase -filter {name =~"APU*"}
source D:/proyectosep2/IEE2463-SEP-Proyecto-2-Z8/1_core/vitis/1_core/_ide/psinit/ps7_init.tcl
ps7_init
ps7_post_config
targets -set -nocase -filter {name =~ "*A9*#0"}
dow D:/proyectosep2/IEE2463-SEP-Proyecto-2-Z8/1_core/vitis/1_core/Debug/1_core.elf
configparams force-mem-access 0
----------------End of Script----------------

20:56:39 INFO  : Context for processor 'ps7_cortexa9_0' is selected.
20:56:39 INFO  : 'con' command is executed.
20:56:39 INFO  : ----------------XSDB Script (After Launch)----------------
targets -set -nocase -filter {name =~ "*A9*#0"}
con
----------------End of Script----------------

20:56:39 INFO  : Launch script is exported to file 'D:\proyectosep2\IEE2463-SEP-Proyecto-2-Z8\1_core\vitis\.sdk\launch_scripts\single_application_debug\systemdebugger_1_core_system_standalone.tcl'
20:57:00 INFO  : Checking for BSP changes to sync application flags for project '1_core'...
20:57:02 ERROR : (XSDB Server)ERROR: [Hsi 55-1571] The design file D:/proyectosep2/IEE2463-SEP-Proyecto-2-Z8/1_core/vitis/1_core_plt/export/1_core_plt/hw/DEMO_wrapper.xsa is already opened

20:57:08 INFO  : Disconnected from the channel tcfchan#30.
20:57:08 INFO  : Connected to target on host '127.0.0.1' and port '3121'.
20:57:08 INFO  : Jtag cable 'Digilent Zybo Z7 210351B3FC8DA' is selected.
20:57:08 INFO  : 'jtag frequency' command is executed.
20:57:08 INFO  : Context for 'APU' is selected.
20:57:08 INFO  : System reset is completed.
20:57:11 INFO  : 'after 3000' command is executed.
20:57:11 INFO  : 'targets -set -filter {jtag_cable_name =~ "Digilent Zybo Z7 210351B3FC8DA" && level==0 && jtag_device_ctx=="jsn-Zybo Z7-210351B3FC8DA-13722093-0"}' command is executed.
20:57:13 INFO  : FPGA configured successfully with bitstream "D:/proyectosep2/IEE2463-SEP-Proyecto-2-Z8/1_core/vitis/1_core/_ide/bitstream/DEMO_wrapper.bit"
20:57:13 INFO  : Context for 'APU' is selected.
20:57:15 INFO  : Hardware design and registers information is loaded from 'D:/proyectosep2/IEE2463-SEP-Proyecto-2-Z8/1_core/vitis/1_core_plt/export/1_core_plt/hw/DEMO_wrapper.xsa'.
20:57:15 INFO  : 'configparams force-mem-access 1' command is executed.
20:57:15 INFO  : Context for 'APU' is selected.
20:57:15 INFO  : Sourcing of 'D:/proyectosep2/IEE2463-SEP-Proyecto-2-Z8/1_core/vitis/1_core/_ide/psinit/ps7_init.tcl' is done.
20:57:15 INFO  : 'ps7_init' command is executed.
20:57:15 INFO  : 'ps7_post_config' command is executed.
20:57:15 INFO  : Context for processor 'ps7_cortexa9_0' is selected.
20:57:16 INFO  : The application 'D:/proyectosep2/IEE2463-SEP-Proyecto-2-Z8/1_core/vitis/1_core/Debug/1_core.elf' is downloaded to processor 'ps7_cortexa9_0'.
20:57:16 INFO  : 'configparams force-mem-access 0' command is executed.
20:57:16 INFO  : ----------------XSDB Script----------------
connect -url tcp:127.0.0.1:3121
targets -set -nocase -filter {name =~"APU*"}
rst -system
after 3000
targets -set -filter {jtag_cable_name =~ "Digilent Zybo Z7 210351B3FC8DA" && level==0 && jtag_device_ctx=="jsn-Zybo Z7-210351B3FC8DA-13722093-0"}
fpga -file D:/proyectosep2/IEE2463-SEP-Proyecto-2-Z8/1_core/vitis/1_core/_ide/bitstream/DEMO_wrapper.bit
targets -set -nocase -filter {name =~"APU*"}
loadhw -hw D:/proyectosep2/IEE2463-SEP-Proyecto-2-Z8/1_core/vitis/1_core_plt/export/1_core_plt/hw/DEMO_wrapper.xsa -mem-ranges [list {0x40000000 0xbfffffff}] -regs
configparams force-mem-access 1
targets -set -nocase -filter {name =~"APU*"}
source D:/proyectosep2/IEE2463-SEP-Proyecto-2-Z8/1_core/vitis/1_core/_ide/psinit/ps7_init.tcl
ps7_init
ps7_post_config
targets -set -nocase -filter {name =~ "*A9*#0"}
dow D:/proyectosep2/IEE2463-SEP-Proyecto-2-Z8/1_core/vitis/1_core/Debug/1_core.elf
configparams force-mem-access 0
----------------End of Script----------------

20:57:17 INFO  : Context for processor 'ps7_cortexa9_0' is selected.
20:57:17 INFO  : 'con' command is executed.
20:57:17 INFO  : ----------------XSDB Script (After Launch)----------------
targets -set -nocase -filter {name =~ "*A9*#0"}
con
----------------End of Script----------------

20:57:17 INFO  : Launch script is exported to file 'D:\proyectosep2\IEE2463-SEP-Proyecto-2-Z8\1_core\vitis\.sdk\launch_scripts\single_application_debug\systemdebugger_1_core_system_standalone.tcl'
21:16:09 INFO  : Disconnected from the channel tcfchan#32.
21:16:09 INFO  : Connected to target on host '127.0.0.1' and port '3121'.
21:16:09 INFO  : Jtag cable 'Digilent Zybo Z7 210351B3FC8DA' is selected.
21:16:09 INFO  : 'jtag frequency' command is executed.
21:16:09 INFO  : Context for 'APU' is selected.
21:16:09 INFO  : System reset is completed.
21:16:12 INFO  : 'after 3000' command is executed.
21:16:12 INFO  : 'targets -set -filter {jtag_cable_name =~ "Digilent Zybo Z7 210351B3FC8DA" && level==0 && jtag_device_ctx=="jsn-Zybo Z7-210351B3FC8DA-13722093-0"}' command is executed.
21:16:14 INFO  : FPGA configured successfully with bitstream "D:/proyectosep2/IEE2463-SEP-Proyecto-2-Z8/1_core/vitis/1_core/_ide/bitstream/DEMO_wrapper.bit"
21:16:14 INFO  : Context for 'APU' is selected.
21:16:16 INFO  : Hardware design and registers information is loaded from 'D:/proyectosep2/IEE2463-SEP-Proyecto-2-Z8/1_core/vitis/1_core_plt/export/1_core_plt/hw/DEMO_wrapper.xsa'.
21:16:16 INFO  : 'configparams force-mem-access 1' command is executed.
21:16:16 INFO  : Context for 'APU' is selected.
21:16:16 INFO  : Sourcing of 'D:/proyectosep2/IEE2463-SEP-Proyecto-2-Z8/1_core/vitis/1_core/_ide/psinit/ps7_init.tcl' is done.
21:16:16 INFO  : 'ps7_init' command is executed.
21:16:16 INFO  : 'ps7_post_config' command is executed.
21:16:16 INFO  : Context for processor 'ps7_cortexa9_0' is selected.
21:16:17 INFO  : The application 'D:/proyectosep2/IEE2463-SEP-Proyecto-2-Z8/1_core/vitis/1_core/Debug/1_core.elf' is downloaded to processor 'ps7_cortexa9_0'.
21:16:17 INFO  : 'configparams force-mem-access 0' command is executed.
21:16:17 INFO  : ----------------XSDB Script----------------
connect -url tcp:127.0.0.1:3121
targets -set -nocase -filter {name =~"APU*"}
rst -system
after 3000
targets -set -filter {jtag_cable_name =~ "Digilent Zybo Z7 210351B3FC8DA" && level==0 && jtag_device_ctx=="jsn-Zybo Z7-210351B3FC8DA-13722093-0"}
fpga -file D:/proyectosep2/IEE2463-SEP-Proyecto-2-Z8/1_core/vitis/1_core/_ide/bitstream/DEMO_wrapper.bit
targets -set -nocase -filter {name =~"APU*"}
loadhw -hw D:/proyectosep2/IEE2463-SEP-Proyecto-2-Z8/1_core/vitis/1_core_plt/export/1_core_plt/hw/DEMO_wrapper.xsa -mem-ranges [list {0x40000000 0xbfffffff}] -regs
configparams force-mem-access 1
targets -set -nocase -filter {name =~"APU*"}
source D:/proyectosep2/IEE2463-SEP-Proyecto-2-Z8/1_core/vitis/1_core/_ide/psinit/ps7_init.tcl
ps7_init
ps7_post_config
targets -set -nocase -filter {name =~ "*A9*#0"}
dow D:/proyectosep2/IEE2463-SEP-Proyecto-2-Z8/1_core/vitis/1_core/Debug/1_core.elf
configparams force-mem-access 0
----------------End of Script----------------

21:16:17 INFO  : Context for processor 'ps7_cortexa9_0' is selected.
21:16:17 INFO  : 'con' command is executed.
21:16:17 INFO  : ----------------XSDB Script (After Launch)----------------
targets -set -nocase -filter {name =~ "*A9*#0"}
con
----------------End of Script----------------

21:16:17 INFO  : Launch script is exported to file 'D:\proyectosep2\IEE2463-SEP-Proyecto-2-Z8\1_core\vitis\.sdk\launch_scripts\single_application_debug\systemdebugger_1_core_system_standalone.tcl'
21:17:38 INFO  : Checking for BSP changes to sync application flags for project '1_core'...
21:17:41 ERROR : (XSDB Server)ERROR: [Hsi 55-1571] The design file D:/proyectosep2/IEE2463-SEP-Proyecto-2-Z8/1_core/vitis/1_core_plt/export/1_core_plt/hw/DEMO_wrapper.xsa is already opened

21:17:47 INFO  : Disconnected from the channel tcfchan#33.
21:17:47 INFO  : Connected to target on host '127.0.0.1' and port '3121'.
21:17:47 INFO  : Jtag cable 'Digilent Zybo Z7 210351B3FC8DA' is selected.
21:17:47 INFO  : 'jtag frequency' command is executed.
21:17:47 INFO  : Context for 'APU' is selected.
21:17:47 INFO  : System reset is completed.
21:17:50 INFO  : 'after 3000' command is executed.
21:17:50 INFO  : 'targets -set -filter {jtag_cable_name =~ "Digilent Zybo Z7 210351B3FC8DA" && level==0 && jtag_device_ctx=="jsn-Zybo Z7-210351B3FC8DA-13722093-0"}' command is executed.
21:17:52 INFO  : FPGA configured successfully with bitstream "D:/proyectosep2/IEE2463-SEP-Proyecto-2-Z8/1_core/vitis/1_core/_ide/bitstream/DEMO_wrapper.bit"
21:17:52 INFO  : Context for 'APU' is selected.
21:17:54 INFO  : Hardware design and registers information is loaded from 'D:/proyectosep2/IEE2463-SEP-Proyecto-2-Z8/1_core/vitis/1_core_plt/export/1_core_plt/hw/DEMO_wrapper.xsa'.
21:17:54 INFO  : 'configparams force-mem-access 1' command is executed.
21:17:54 INFO  : Context for 'APU' is selected.
21:17:54 INFO  : Sourcing of 'D:/proyectosep2/IEE2463-SEP-Proyecto-2-Z8/1_core/vitis/1_core/_ide/psinit/ps7_init.tcl' is done.
21:17:54 INFO  : 'ps7_init' command is executed.
21:17:54 INFO  : 'ps7_post_config' command is executed.
21:17:54 INFO  : Context for processor 'ps7_cortexa9_0' is selected.
21:17:55 INFO  : The application 'D:/proyectosep2/IEE2463-SEP-Proyecto-2-Z8/1_core/vitis/1_core/Debug/1_core.elf' is downloaded to processor 'ps7_cortexa9_0'.
21:17:55 INFO  : 'configparams force-mem-access 0' command is executed.
21:17:55 INFO  : ----------------XSDB Script----------------
connect -url tcp:127.0.0.1:3121
targets -set -nocase -filter {name =~"APU*"}
rst -system
after 3000
targets -set -filter {jtag_cable_name =~ "Digilent Zybo Z7 210351B3FC8DA" && level==0 && jtag_device_ctx=="jsn-Zybo Z7-210351B3FC8DA-13722093-0"}
fpga -file D:/proyectosep2/IEE2463-SEP-Proyecto-2-Z8/1_core/vitis/1_core/_ide/bitstream/DEMO_wrapper.bit
targets -set -nocase -filter {name =~"APU*"}
loadhw -hw D:/proyectosep2/IEE2463-SEP-Proyecto-2-Z8/1_core/vitis/1_core_plt/export/1_core_plt/hw/DEMO_wrapper.xsa -mem-ranges [list {0x40000000 0xbfffffff}] -regs
configparams force-mem-access 1
targets -set -nocase -filter {name =~"APU*"}
source D:/proyectosep2/IEE2463-SEP-Proyecto-2-Z8/1_core/vitis/1_core/_ide/psinit/ps7_init.tcl
ps7_init
ps7_post_config
targets -set -nocase -filter {name =~ "*A9*#0"}
dow D:/proyectosep2/IEE2463-SEP-Proyecto-2-Z8/1_core/vitis/1_core/Debug/1_core.elf
configparams force-mem-access 0
----------------End of Script----------------

21:17:55 INFO  : Context for processor 'ps7_cortexa9_0' is selected.
21:17:55 INFO  : 'con' command is executed.
21:17:55 INFO  : ----------------XSDB Script (After Launch)----------------
targets -set -nocase -filter {name =~ "*A9*#0"}
con
----------------End of Script----------------

21:17:55 INFO  : Launch script is exported to file 'D:\proyectosep2\IEE2463-SEP-Proyecto-2-Z8\1_core\vitis\.sdk\launch_scripts\single_application_debug\systemdebugger_1_core_system_standalone.tcl'
21:19:11 INFO  : Checking for BSP changes to sync application flags for project '1_core'...
21:19:14 ERROR : (XSDB Server)ERROR: [Hsi 55-1571] The design file D:/proyectosep2/IEE2463-SEP-Proyecto-2-Z8/1_core/vitis/1_core_plt/export/1_core_plt/hw/DEMO_wrapper.xsa is already opened

21:19:19 INFO  : Disconnected from the channel tcfchan#35.
21:19:19 INFO  : Connected to target on host '127.0.0.1' and port '3121'.
21:19:19 INFO  : Jtag cable 'Digilent Zybo Z7 210351B3FC8DA' is selected.
21:19:19 INFO  : 'jtag frequency' command is executed.
21:19:19 INFO  : Context for 'APU' is selected.
21:19:19 INFO  : System reset is completed.
21:19:22 INFO  : 'after 3000' command is executed.
21:19:22 INFO  : 'targets -set -filter {jtag_cable_name =~ "Digilent Zybo Z7 210351B3FC8DA" && level==0 && jtag_device_ctx=="jsn-Zybo Z7-210351B3FC8DA-13722093-0"}' command is executed.
21:19:23 INFO  : FPGA configured successfully with bitstream "D:/proyectosep2/IEE2463-SEP-Proyecto-2-Z8/1_core/vitis/1_core/_ide/bitstream/DEMO_wrapper.bit"
21:19:23 INFO  : Context for 'APU' is selected.
21:19:26 INFO  : Hardware design and registers information is loaded from 'D:/proyectosep2/IEE2463-SEP-Proyecto-2-Z8/1_core/vitis/1_core_plt/export/1_core_plt/hw/DEMO_wrapper.xsa'.
21:19:26 INFO  : 'configparams force-mem-access 1' command is executed.
21:19:26 INFO  : Context for 'APU' is selected.
21:19:26 INFO  : Sourcing of 'D:/proyectosep2/IEE2463-SEP-Proyecto-2-Z8/1_core/vitis/1_core/_ide/psinit/ps7_init.tcl' is done.
21:19:26 INFO  : 'ps7_init' command is executed.
21:19:26 INFO  : 'ps7_post_config' command is executed.
21:19:26 INFO  : Context for processor 'ps7_cortexa9_0' is selected.
21:19:27 INFO  : The application 'D:/proyectosep2/IEE2463-SEP-Proyecto-2-Z8/1_core/vitis/1_core/Debug/1_core.elf' is downloaded to processor 'ps7_cortexa9_0'.
21:19:27 INFO  : 'configparams force-mem-access 0' command is executed.
21:19:27 INFO  : ----------------XSDB Script----------------
connect -url tcp:127.0.0.1:3121
targets -set -nocase -filter {name =~"APU*"}
rst -system
after 3000
targets -set -filter {jtag_cable_name =~ "Digilent Zybo Z7 210351B3FC8DA" && level==0 && jtag_device_ctx=="jsn-Zybo Z7-210351B3FC8DA-13722093-0"}
fpga -file D:/proyectosep2/IEE2463-SEP-Proyecto-2-Z8/1_core/vitis/1_core/_ide/bitstream/DEMO_wrapper.bit
targets -set -nocase -filter {name =~"APU*"}
loadhw -hw D:/proyectosep2/IEE2463-SEP-Proyecto-2-Z8/1_core/vitis/1_core_plt/export/1_core_plt/hw/DEMO_wrapper.xsa -mem-ranges [list {0x40000000 0xbfffffff}] -regs
configparams force-mem-access 1
targets -set -nocase -filter {name =~"APU*"}
source D:/proyectosep2/IEE2463-SEP-Proyecto-2-Z8/1_core/vitis/1_core/_ide/psinit/ps7_init.tcl
ps7_init
ps7_post_config
targets -set -nocase -filter {name =~ "*A9*#0"}
dow D:/proyectosep2/IEE2463-SEP-Proyecto-2-Z8/1_core/vitis/1_core/Debug/1_core.elf
configparams force-mem-access 0
----------------End of Script----------------

21:19:27 INFO  : Context for processor 'ps7_cortexa9_0' is selected.
21:19:27 INFO  : 'con' command is executed.
21:19:27 INFO  : ----------------XSDB Script (After Launch)----------------
targets -set -nocase -filter {name =~ "*A9*#0"}
con
----------------End of Script----------------

21:19:27 INFO  : Launch script is exported to file 'D:\proyectosep2\IEE2463-SEP-Proyecto-2-Z8\1_core\vitis\.sdk\launch_scripts\single_application_debug\systemdebugger_1_core_system_standalone.tcl'
21:21:02 INFO  : Checking for BSP changes to sync application flags for project '1_core'...
21:21:05 ERROR : (XSDB Server)ERROR: [Hsi 55-1571] The design file D:/proyectosep2/IEE2463-SEP-Proyecto-2-Z8/1_core/vitis/1_core_plt/export/1_core_plt/hw/DEMO_wrapper.xsa is already opened

21:21:19 INFO  : Disconnected from the channel tcfchan#37.
21:21:19 INFO  : Connected to target on host '127.0.0.1' and port '3121'.
21:21:19 INFO  : Jtag cable 'Digilent Zybo Z7 210351B3FC8DA' is selected.
21:21:19 INFO  : 'jtag frequency' command is executed.
21:21:19 INFO  : Context for 'APU' is selected.
21:21:19 INFO  : System reset is completed.
21:21:22 INFO  : 'after 3000' command is executed.
21:21:22 INFO  : 'targets -set -filter {jtag_cable_name =~ "Digilent Zybo Z7 210351B3FC8DA" && level==0 && jtag_device_ctx=="jsn-Zybo Z7-210351B3FC8DA-13722093-0"}' command is executed.
21:21:23 INFO  : FPGA configured successfully with bitstream "D:/proyectosep2/IEE2463-SEP-Proyecto-2-Z8/1_core/vitis/1_core/_ide/bitstream/DEMO_wrapper.bit"
21:21:23 INFO  : Context for 'APU' is selected.
21:21:26 INFO  : Hardware design and registers information is loaded from 'D:/proyectosep2/IEE2463-SEP-Proyecto-2-Z8/1_core/vitis/1_core_plt/export/1_core_plt/hw/DEMO_wrapper.xsa'.
21:21:26 INFO  : 'configparams force-mem-access 1' command is executed.
21:21:26 INFO  : Context for 'APU' is selected.
21:21:26 INFO  : Sourcing of 'D:/proyectosep2/IEE2463-SEP-Proyecto-2-Z8/1_core/vitis/1_core/_ide/psinit/ps7_init.tcl' is done.
21:21:27 INFO  : 'ps7_init' command is executed.
21:21:27 INFO  : 'ps7_post_config' command is executed.
21:21:27 INFO  : Context for processor 'ps7_cortexa9_0' is selected.
21:21:28 INFO  : The application 'D:/proyectosep2/IEE2463-SEP-Proyecto-2-Z8/1_core/vitis/1_core/Debug/1_core.elf' is downloaded to processor 'ps7_cortexa9_0'.
21:21:28 INFO  : 'configparams force-mem-access 0' command is executed.
21:21:28 INFO  : ----------------XSDB Script----------------
connect -url tcp:127.0.0.1:3121
targets -set -nocase -filter {name =~"APU*"}
rst -system
after 3000
targets -set -filter {jtag_cable_name =~ "Digilent Zybo Z7 210351B3FC8DA" && level==0 && jtag_device_ctx=="jsn-Zybo Z7-210351B3FC8DA-13722093-0"}
fpga -file D:/proyectosep2/IEE2463-SEP-Proyecto-2-Z8/1_core/vitis/1_core/_ide/bitstream/DEMO_wrapper.bit
targets -set -nocase -filter {name =~"APU*"}
loadhw -hw D:/proyectosep2/IEE2463-SEP-Proyecto-2-Z8/1_core/vitis/1_core_plt/export/1_core_plt/hw/DEMO_wrapper.xsa -mem-ranges [list {0x40000000 0xbfffffff}] -regs
configparams force-mem-access 1
targets -set -nocase -filter {name =~"APU*"}
source D:/proyectosep2/IEE2463-SEP-Proyecto-2-Z8/1_core/vitis/1_core/_ide/psinit/ps7_init.tcl
ps7_init
ps7_post_config
targets -set -nocase -filter {name =~ "*A9*#0"}
dow D:/proyectosep2/IEE2463-SEP-Proyecto-2-Z8/1_core/vitis/1_core/Debug/1_core.elf
configparams force-mem-access 0
----------------End of Script----------------

21:21:28 INFO  : Context for processor 'ps7_cortexa9_0' is selected.
21:21:28 INFO  : 'con' command is executed.
21:21:28 INFO  : ----------------XSDB Script (After Launch)----------------
targets -set -nocase -filter {name =~ "*A9*#0"}
con
----------------End of Script----------------

21:21:28 INFO  : Launch script is exported to file 'D:\proyectosep2\IEE2463-SEP-Proyecto-2-Z8\1_core\vitis\.sdk\launch_scripts\single_application_debug\systemdebugger_1_core_system_standalone.tcl'
21:35:53 INFO  : Disconnected from the channel tcfchan#39.
22:24:01 INFO  : Launching XSCT server: xsct.bat -n  -interactive D:\proyectosep2\IEE2463-SEP-Proyecto-2-Z8\1_core\vitis\temp_xsdb_launch_script.tcl
22:24:03 INFO  : XSCT server has started successfully.
22:24:03 INFO  : Successfully done setting XSCT server connection channel  
22:24:03 INFO  : plnx-install-location is set to ''
22:24:03 INFO  : Successfully done setting workspace for the tool. 
22:24:05 INFO  : Platform repository initialization has completed.
22:24:06 INFO  : Successfully done query RDI_DATADIR 
22:24:06 INFO  : Registering command handlers for Vitis TCF services
22:48:02 INFO  : Result from executing command 'getProjects': 1_core_plt
22:48:02 INFO  : Result from executing command 'getPlatforms': 1_core_plt|D:/proyectosep2/IEE2463-SEP-Proyecto-2-Z8/1_core/vitis/1_core_plt/export/1_core_plt/1_core_plt.xpfm
22:48:03 INFO  : Checking for BSP changes to sync application flags for project '1_core'...
22:48:46 INFO  : Checking for BSP changes to sync application flags for project '1_core'...
22:49:25 INFO  : Connected to target on host '127.0.0.1' and port '3121'.
22:49:25 INFO  : Connected to target on host '127.0.0.1' and port '3121'.
22:49:25 INFO  : Jtag cable 'Digilent Zybo Z7 210351B3FC8DA' is selected.
22:49:25 INFO  : Jtag cable 'Digilent Zybo Z7 210351B3FC8DA' is selected.
22:49:25 INFO  : 'jtag frequency' command is executed.
22:49:25 INFO  : 'jtag frequency' command is executed.
22:49:25 INFO  : Context for 'APU' is selected.
22:49:25 INFO  : Context for 'APU' is selected.
22:49:25 INFO  : System reset is completed.
22:49:25 INFO  : System reset is completed.
22:49:28 INFO  : 'after 3000' command is executed.
22:49:31 INFO  : 'after 3000' command is executed.
22:49:31 INFO  : 'targets -set -filter {jtag_cable_name =~ "Digilent Zybo Z7 210351B3FC8DA" && level==0 && jtag_device_ctx=="jsn-Zybo Z7-210351B3FC8DA-13722093-0"}' command is executed.
22:49:32 INFO  : FPGA configured successfully with bitstream "D:/proyectosep2/IEE2463-SEP-Proyecto-2-Z8/1_core/vitis/1_core/_ide/bitstream/DEMO_wrapper.bit"
22:49:33 INFO  : 'targets -set -filter {jtag_cable_name =~ "Digilent Zybo Z7 210351B3FC8DA" && level==0 && jtag_device_ctx=="jsn-Zybo Z7-210351B3FC8DA-13722093-0"}' command is executed.
22:49:34 INFO  : FPGA configured successfully with bitstream "D:/proyectosep2/IEE2463-SEP-Proyecto-2-Z8/1_core/vitis/1_core/_ide/bitstream/DEMO_wrapper.bit"
22:49:34 INFO  : Context for 'APU' is selected.
22:49:34 INFO  : Hardware design and registers information is loaded from 'D:/proyectosep2/IEE2463-SEP-Proyecto-2-Z8/1_core/vitis/1_core_plt/export/1_core_plt/hw/DEMO_wrapper.xsa'.
22:49:34 INFO  : Context for 'APU' is selected.
22:49:34 INFO  : 'configparams force-mem-access 1' command is executed.
22:49:34 INFO  : Hardware design and registers information is loaded from 'D:/proyectosep2/IEE2463-SEP-Proyecto-2-Z8/1_core/vitis/1_core_plt/export/1_core_plt/hw/DEMO_wrapper.xsa'.
22:49:34 INFO  : Context for 'APU' is selected.
22:49:34 INFO  : 'configparams force-mem-access 1' command is executed.
22:49:34 INFO  : Sourcing of 'D:/proyectosep2/IEE2463-SEP-Proyecto-2-Z8/1_core/vitis/1_core/_ide/psinit/ps7_init.tcl' is done.
22:49:34 INFO  : Context for 'APU' is selected.
22:49:34 INFO  : 'ps7_init' command is executed.
22:49:34 INFO  : Sourcing of 'D:/proyectosep2/IEE2463-SEP-Proyecto-2-Z8/1_core/vitis/1_core/_ide/psinit/ps7_init.tcl' is done.
22:49:34 INFO  : 'ps7_post_config' command is executed.
22:49:35 INFO  : 'ps7_init' command is executed.
22:49:35 INFO  : Context for processor 'ps7_cortexa9_0' is selected.
22:49:35 INFO  : 'ps7_post_config' command is executed.
22:49:36 INFO  : The application 'D:/proyectosep2/IEE2463-SEP-Proyecto-2-Z8/1_core/vitis/1_core/Debug/1_core.elf' is downloaded to processor 'ps7_cortexa9_0'.
22:49:36 INFO  : Context for processor 'ps7_cortexa9_0' is selected.
22:49:36 INFO  : 'configparams force-mem-access 0' command is executed.
22:49:36 INFO  : ----------------XSDB Script----------------
connect -url tcp:127.0.0.1:3121
targets -set -nocase -filter {name =~"APU*"}
rst -system
after 3000
targets -set -filter {jtag_cable_name =~ "Digilent Zybo Z7 210351B3FC8DA" && level==0 && jtag_device_ctx=="jsn-Zybo Z7-210351B3FC8DA-13722093-0"}
fpga -file D:/proyectosep2/IEE2463-SEP-Proyecto-2-Z8/1_core/vitis/1_core/_ide/bitstream/DEMO_wrapper.bit
targets -set -nocase -filter {name =~"APU*"}
loadhw -hw D:/proyectosep2/IEE2463-SEP-Proyecto-2-Z8/1_core/vitis/1_core_plt/export/1_core_plt/hw/DEMO_wrapper.xsa -mem-ranges [list {0x40000000 0xbfffffff}] -regs
configparams force-mem-access 1
targets -set -nocase -filter {name =~"APU*"}
source D:/proyectosep2/IEE2463-SEP-Proyecto-2-Z8/1_core/vitis/1_core/_ide/psinit/ps7_init.tcl
ps7_init
ps7_post_config
targets -set -nocase -filter {name =~ "*A9*#0"}
dow D:/proyectosep2/IEE2463-SEP-Proyecto-2-Z8/1_core/vitis/1_core/Debug/1_core.elf
configparams force-mem-access 0
----------------End of Script----------------

22:49:37 INFO  : The application 'D:/proyectosep2/IEE2463-SEP-Proyecto-2-Z8/1_core/vitis/1_core/Debug/1_core.elf' is downloaded to processor 'ps7_cortexa9_0'.
22:49:37 INFO  : Context for processor 'ps7_cortexa9_0' is selected.
22:49:37 INFO  : 'configparams force-mem-access 0' command is executed.
22:49:37 INFO  : ----------------XSDB Script----------------
connect -url tcp:127.0.0.1:3121
targets -set -nocase -filter {name =~"APU*"}
rst -system
after 3000
targets -set -filter {jtag_cable_name =~ "Digilent Zybo Z7 210351B3FC8DA" && level==0 && jtag_device_ctx=="jsn-Zybo Z7-210351B3FC8DA-13722093-0"}
fpga -file D:/proyectosep2/IEE2463-SEP-Proyecto-2-Z8/1_core/vitis/1_core/_ide/bitstream/DEMO_wrapper.bit
targets -set -nocase -filter {name =~"APU*"}
loadhw -hw D:/proyectosep2/IEE2463-SEP-Proyecto-2-Z8/1_core/vitis/1_core_plt/export/1_core_plt/hw/DEMO_wrapper.xsa -mem-ranges [list {0x40000000 0xbfffffff}] -regs
configparams force-mem-access 1
targets -set -nocase -filter {name =~"APU*"}
source D:/proyectosep2/IEE2463-SEP-Proyecto-2-Z8/1_core/vitis/1_core/_ide/psinit/ps7_init.tcl
ps7_init
ps7_post_config
targets -set -nocase -filter {name =~ "*A9*#0"}
dow D:/proyectosep2/IEE2463-SEP-Proyecto-2-Z8/1_core/vitis/1_core/Debug/1_core.elf
configparams force-mem-access 0
----------------End of Script----------------

22:49:37 INFO  : 'con' command is executed.
22:49:37 INFO  : ----------------XSDB Script (After Launch)----------------
targets -set -nocase -filter {name =~ "*A9*#0"}
con
----------------End of Script----------------

22:49:37 INFO  : Launch script is exported to file 'D:\proyectosep2\IEE2463-SEP-Proyecto-2-Z8\1_core\vitis\.sdk\launch_scripts\single_application_debug\systemdebugger_1_core_system_standalone.tcl'
22:49:37 INFO  : Context for processor 'ps7_cortexa9_0' is selected.
22:49:37 ERROR : Already running
22:49:37 INFO  : Disconnected from the channel tcfchan#4.
22:55:40 INFO  : Checking for BSP changes to sync application flags for project '1_core'...
22:57:01 INFO  : Checking for BSP changes to sync application flags for project '1_core'...
22:59:43 INFO  : Checking for BSP changes to sync application flags for project '1_core'...
23:00:04 INFO  : Connected to target on host '127.0.0.1' and port '3121'.
23:00:04 INFO  : Jtag cable 'Digilent Zybo Z7 210351B3FC8DA' is selected.
23:00:04 INFO  : 'jtag frequency' command is executed.
23:00:04 INFO  : Context for 'APU' is selected.
23:00:04 INFO  : System reset is completed.
23:00:07 INFO  : 'after 3000' command is executed.
23:00:07 INFO  : 'targets -set -filter {jtag_cable_name =~ "Digilent Zybo Z7 210351B3FC8DA" && level==0 && jtag_device_ctx=="jsn-Zybo Z7-210351B3FC8DA-13722093-0"}' command is executed.
23:00:08 INFO  : FPGA configured successfully with bitstream "D:/proyectosep2/IEE2463-SEP-Proyecto-2-Z8/1_core/vitis/1_core/_ide/bitstream/DEMO_wrapper.bit"
23:00:08 INFO  : Context for 'APU' is selected.
23:00:08 INFO  : Hardware design and registers information is loaded from 'D:/proyectosep2/IEE2463-SEP-Proyecto-2-Z8/1_core/vitis/1_core_plt/export/1_core_plt/hw/DEMO_wrapper.xsa'.
23:00:08 INFO  : 'configparams force-mem-access 1' command is executed.
23:00:08 INFO  : Context for 'APU' is selected.
23:00:08 INFO  : Sourcing of 'D:/proyectosep2/IEE2463-SEP-Proyecto-2-Z8/1_core/vitis/1_core/_ide/psinit/ps7_init.tcl' is done.
23:00:08 INFO  : 'ps7_init' command is executed.
23:00:08 INFO  : 'ps7_post_config' command is executed.
23:00:08 INFO  : Context for processor 'ps7_cortexa9_0' is selected.
23:00:09 INFO  : The application 'D:/proyectosep2/IEE2463-SEP-Proyecto-2-Z8/1_core/vitis/1_core/Debug/1_core.elf' is downloaded to processor 'ps7_cortexa9_0'.
23:00:09 INFO  : 'configparams force-mem-access 0' command is executed.
23:00:09 INFO  : ----------------XSDB Script----------------
connect -url tcp:127.0.0.1:3121
targets -set -nocase -filter {name =~"APU*"}
rst -system
after 3000
targets -set -filter {jtag_cable_name =~ "Digilent Zybo Z7 210351B3FC8DA" && level==0 && jtag_device_ctx=="jsn-Zybo Z7-210351B3FC8DA-13722093-0"}
fpga -file D:/proyectosep2/IEE2463-SEP-Proyecto-2-Z8/1_core/vitis/1_core/_ide/bitstream/DEMO_wrapper.bit
targets -set -nocase -filter {name =~"APU*"}
loadhw -hw D:/proyectosep2/IEE2463-SEP-Proyecto-2-Z8/1_core/vitis/1_core_plt/export/1_core_plt/hw/DEMO_wrapper.xsa -mem-ranges [list {0x40000000 0xbfffffff}] -regs
configparams force-mem-access 1
targets -set -nocase -filter {name =~"APU*"}
source D:/proyectosep2/IEE2463-SEP-Proyecto-2-Z8/1_core/vitis/1_core/_ide/psinit/ps7_init.tcl
ps7_init
ps7_post_config
targets -set -nocase -filter {name =~ "*A9*#0"}
dow D:/proyectosep2/IEE2463-SEP-Proyecto-2-Z8/1_core/vitis/1_core/Debug/1_core.elf
configparams force-mem-access 0
----------------End of Script----------------

23:00:09 INFO  : Context for processor 'ps7_cortexa9_0' is selected.
23:00:09 INFO  : 'con' command is executed.
23:00:09 INFO  : ----------------XSDB Script (After Launch)----------------
targets -set -nocase -filter {name =~ "*A9*#0"}
con
----------------End of Script----------------

23:00:09 INFO  : Launch script is exported to file 'D:\proyectosep2\IEE2463-SEP-Proyecto-2-Z8\1_core\vitis\.sdk\launch_scripts\single_application_debug\systemdebugger_1_core_system_standalone.tcl'
23:04:09 INFO  : Disconnected from the channel tcfchan#8.
23:04:09 INFO  : Connected to target on host '127.0.0.1' and port '3121'.
23:04:09 INFO  : Jtag cable 'Digilent Zybo Z7 210351B3FC8DA' is selected.
23:04:09 INFO  : 'jtag frequency' command is executed.
23:04:09 INFO  : Context for 'APU' is selected.
23:04:09 INFO  : System reset is completed.
23:04:12 INFO  : 'after 3000' command is executed.
23:04:13 INFO  : 'targets -set -filter {jtag_cable_name =~ "Digilent Zybo Z7 210351B3FC8DA" && level==0 && jtag_device_ctx=="jsn-Zybo Z7-210351B3FC8DA-13722093-0"}' command is executed.
23:04:14 INFO  : FPGA configured successfully with bitstream "D:/proyectosep2/IEE2463-SEP-Proyecto-2-Z8/1_core/vitis/1_core/_ide/bitstream/DEMO_wrapper.bit"
23:04:14 INFO  : Context for 'APU' is selected.
23:04:14 INFO  : Hardware design and registers information is loaded from 'D:/proyectosep2/IEE2463-SEP-Proyecto-2-Z8/1_core/vitis/1_core_plt/export/1_core_plt/hw/DEMO_wrapper.xsa'.
23:04:14 INFO  : 'configparams force-mem-access 1' command is executed.
23:04:14 INFO  : Context for 'APU' is selected.
23:04:14 INFO  : Sourcing of 'D:/proyectosep2/IEE2463-SEP-Proyecto-2-Z8/1_core/vitis/1_core/_ide/psinit/ps7_init.tcl' is done.
23:04:14 INFO  : 'ps7_init' command is executed.
23:04:14 INFO  : 'ps7_post_config' command is executed.
23:04:14 INFO  : Context for processor 'ps7_cortexa9_0' is selected.
23:04:15 INFO  : The application 'D:/proyectosep2/IEE2463-SEP-Proyecto-2-Z8/1_core/vitis/1_core/Debug/1_core.elf' is downloaded to processor 'ps7_cortexa9_0'.
23:04:15 INFO  : 'configparams force-mem-access 0' command is executed.
23:04:15 INFO  : ----------------XSDB Script----------------
connect -url tcp:127.0.0.1:3121
targets -set -nocase -filter {name =~"APU*"}
rst -system
after 3000
targets -set -filter {jtag_cable_name =~ "Digilent Zybo Z7 210351B3FC8DA" && level==0 && jtag_device_ctx=="jsn-Zybo Z7-210351B3FC8DA-13722093-0"}
fpga -file D:/proyectosep2/IEE2463-SEP-Proyecto-2-Z8/1_core/vitis/1_core/_ide/bitstream/DEMO_wrapper.bit
targets -set -nocase -filter {name =~"APU*"}
loadhw -hw D:/proyectosep2/IEE2463-SEP-Proyecto-2-Z8/1_core/vitis/1_core_plt/export/1_core_plt/hw/DEMO_wrapper.xsa -mem-ranges [list {0x40000000 0xbfffffff}] -regs
configparams force-mem-access 1
targets -set -nocase -filter {name =~"APU*"}
source D:/proyectosep2/IEE2463-SEP-Proyecto-2-Z8/1_core/vitis/1_core/_ide/psinit/ps7_init.tcl
ps7_init
ps7_post_config
targets -set -nocase -filter {name =~ "*A9*#0"}
dow D:/proyectosep2/IEE2463-SEP-Proyecto-2-Z8/1_core/vitis/1_core/Debug/1_core.elf
configparams force-mem-access 0
----------------End of Script----------------

23:04:15 INFO  : Context for processor 'ps7_cortexa9_0' is selected.
23:04:15 INFO  : 'con' command is executed.
23:04:15 INFO  : ----------------XSDB Script (After Launch)----------------
targets -set -nocase -filter {name =~ "*A9*#0"}
con
----------------End of Script----------------

23:04:15 INFO  : Launch script is exported to file 'D:\proyectosep2\IEE2463-SEP-Proyecto-2-Z8\1_core\vitis\.sdk\launch_scripts\single_application_debug\systemdebugger_1_core_system_standalone.tcl'
23:05:55 INFO  : Checking for BSP changes to sync application flags for project '1_core'...
23:08:16 INFO  : Checking for BSP changes to sync application flags for project '1_core'...
23:08:24 INFO  : Disconnected from the channel tcfchan#9.
23:08:24 INFO  : Connected to target on host '127.0.0.1' and port '3121'.
23:08:24 INFO  : Jtag cable 'Digilent Zybo Z7 210351B3FC8DA' is selected.
23:08:24 INFO  : 'jtag frequency' command is executed.
23:08:24 INFO  : Context for 'APU' is selected.
23:08:24 INFO  : System reset is completed.
23:08:27 INFO  : 'after 3000' command is executed.
23:08:27 INFO  : 'targets -set -filter {jtag_cable_name =~ "Digilent Zybo Z7 210351B3FC8DA" && level==0 && jtag_device_ctx=="jsn-Zybo Z7-210351B3FC8DA-13722093-0"}' command is executed.
23:08:28 INFO  : FPGA configured successfully with bitstream "D:/proyectosep2/IEE2463-SEP-Proyecto-2-Z8/1_core/vitis/1_core/_ide/bitstream/DEMO_wrapper.bit"
23:08:28 INFO  : Context for 'APU' is selected.
23:08:28 INFO  : Hardware design and registers information is loaded from 'D:/proyectosep2/IEE2463-SEP-Proyecto-2-Z8/1_core/vitis/1_core_plt/export/1_core_plt/hw/DEMO_wrapper.xsa'.
23:08:28 INFO  : 'configparams force-mem-access 1' command is executed.
23:08:28 INFO  : Context for 'APU' is selected.
23:08:28 INFO  : Sourcing of 'D:/proyectosep2/IEE2463-SEP-Proyecto-2-Z8/1_core/vitis/1_core/_ide/psinit/ps7_init.tcl' is done.
23:08:28 INFO  : 'ps7_init' command is executed.
23:08:29 INFO  : 'ps7_post_config' command is executed.
23:08:29 INFO  : Context for processor 'ps7_cortexa9_0' is selected.
23:08:29 INFO  : The application 'D:/proyectosep2/IEE2463-SEP-Proyecto-2-Z8/1_core/vitis/1_core/Debug/1_core.elf' is downloaded to processor 'ps7_cortexa9_0'.
23:08:29 INFO  : 'configparams force-mem-access 0' command is executed.
23:08:29 INFO  : ----------------XSDB Script----------------
connect -url tcp:127.0.0.1:3121
targets -set -nocase -filter {name =~"APU*"}
rst -system
after 3000
targets -set -filter {jtag_cable_name =~ "Digilent Zybo Z7 210351B3FC8DA" && level==0 && jtag_device_ctx=="jsn-Zybo Z7-210351B3FC8DA-13722093-0"}
fpga -file D:/proyectosep2/IEE2463-SEP-Proyecto-2-Z8/1_core/vitis/1_core/_ide/bitstream/DEMO_wrapper.bit
targets -set -nocase -filter {name =~"APU*"}
loadhw -hw D:/proyectosep2/IEE2463-SEP-Proyecto-2-Z8/1_core/vitis/1_core_plt/export/1_core_plt/hw/DEMO_wrapper.xsa -mem-ranges [list {0x40000000 0xbfffffff}] -regs
configparams force-mem-access 1
targets -set -nocase -filter {name =~"APU*"}
source D:/proyectosep2/IEE2463-SEP-Proyecto-2-Z8/1_core/vitis/1_core/_ide/psinit/ps7_init.tcl
ps7_init
ps7_post_config
targets -set -nocase -filter {name =~ "*A9*#0"}
dow D:/proyectosep2/IEE2463-SEP-Proyecto-2-Z8/1_core/vitis/1_core/Debug/1_core.elf
configparams force-mem-access 0
----------------End of Script----------------

23:08:30 INFO  : Context for processor 'ps7_cortexa9_0' is selected.
23:08:30 INFO  : 'con' command is executed.
23:08:30 INFO  : ----------------XSDB Script (After Launch)----------------
targets -set -nocase -filter {name =~ "*A9*#0"}
con
----------------End of Script----------------

23:08:30 INFO  : Launch script is exported to file 'D:\proyectosep2\IEE2463-SEP-Proyecto-2-Z8\1_core\vitis\.sdk\launch_scripts\single_application_debug\systemdebugger_1_core_system_standalone.tcl'
23:09:54 INFO  : Checking for BSP changes to sync application flags for project '1_core'...
23:11:25 INFO  : Disconnected from the channel tcfchan#12.
23:11:25 INFO  : Connected to target on host '127.0.0.1' and port '3121'.
23:11:26 INFO  : Jtag cable 'Digilent Zybo Z7 210351B3FC8DA' is selected.
23:11:26 INFO  : 'jtag frequency' command is executed.
23:11:26 INFO  : Context for 'APU' is selected.
23:11:26 INFO  : System reset is completed.
23:11:29 INFO  : 'after 3000' command is executed.
23:11:29 INFO  : 'targets -set -filter {jtag_cable_name =~ "Digilent Zybo Z7 210351B3FC8DA" && level==0 && jtag_device_ctx=="jsn-Zybo Z7-210351B3FC8DA-13722093-0"}' command is executed.
23:11:30 INFO  : FPGA configured successfully with bitstream "D:/proyectosep2/IEE2463-SEP-Proyecto-2-Z8/1_core/vitis/1_core/_ide/bitstream/DEMO_wrapper.bit"
23:11:30 INFO  : Context for 'APU' is selected.
23:11:30 INFO  : Hardware design and registers information is loaded from 'D:/proyectosep2/IEE2463-SEP-Proyecto-2-Z8/1_core/vitis/1_core_plt/export/1_core_plt/hw/DEMO_wrapper.xsa'.
23:11:30 INFO  : 'configparams force-mem-access 1' command is executed.
23:11:30 INFO  : Context for 'APU' is selected.
23:11:30 INFO  : Sourcing of 'D:/proyectosep2/IEE2463-SEP-Proyecto-2-Z8/1_core/vitis/1_core/_ide/psinit/ps7_init.tcl' is done.
23:11:30 INFO  : 'ps7_init' command is executed.
23:11:30 INFO  : 'ps7_post_config' command is executed.
23:11:30 INFO  : Context for processor 'ps7_cortexa9_0' is selected.
23:11:31 INFO  : The application 'D:/proyectosep2/IEE2463-SEP-Proyecto-2-Z8/1_core/vitis/1_core/Debug/1_core.elf' is downloaded to processor 'ps7_cortexa9_0'.
23:11:31 INFO  : 'configparams force-mem-access 0' command is executed.
23:11:31 INFO  : ----------------XSDB Script----------------
connect -url tcp:127.0.0.1:3121
targets -set -nocase -filter {name =~"APU*"}
rst -system
after 3000
targets -set -filter {jtag_cable_name =~ "Digilent Zybo Z7 210351B3FC8DA" && level==0 && jtag_device_ctx=="jsn-Zybo Z7-210351B3FC8DA-13722093-0"}
fpga -file D:/proyectosep2/IEE2463-SEP-Proyecto-2-Z8/1_core/vitis/1_core/_ide/bitstream/DEMO_wrapper.bit
targets -set -nocase -filter {name =~"APU*"}
loadhw -hw D:/proyectosep2/IEE2463-SEP-Proyecto-2-Z8/1_core/vitis/1_core_plt/export/1_core_plt/hw/DEMO_wrapper.xsa -mem-ranges [list {0x40000000 0xbfffffff}] -regs
configparams force-mem-access 1
targets -set -nocase -filter {name =~"APU*"}
source D:/proyectosep2/IEE2463-SEP-Proyecto-2-Z8/1_core/vitis/1_core/_ide/psinit/ps7_init.tcl
ps7_init
ps7_post_config
targets -set -nocase -filter {name =~ "*A9*#0"}
dow D:/proyectosep2/IEE2463-SEP-Proyecto-2-Z8/1_core/vitis/1_core/Debug/1_core.elf
configparams force-mem-access 0
----------------End of Script----------------

23:11:31 INFO  : Context for processor 'ps7_cortexa9_0' is selected.
23:11:31 INFO  : 'con' command is executed.
23:11:31 INFO  : ----------------XSDB Script (After Launch)----------------
targets -set -nocase -filter {name =~ "*A9*#0"}
con
----------------End of Script----------------

23:11:31 INFO  : Launch script is exported to file 'D:\proyectosep2\IEE2463-SEP-Proyecto-2-Z8\1_core\vitis\.sdk\launch_scripts\single_application_debug\systemdebugger_1_core_system_standalone.tcl'
23:12:31 INFO  : Disconnected from the channel tcfchan#14.
23:12:31 INFO  : Connected to target on host '127.0.0.1' and port '3121'.
23:12:31 INFO  : Jtag cable 'Digilent Zybo Z7 210351B3FC8DA' is selected.
23:12:31 INFO  : 'jtag frequency' command is executed.
23:12:31 INFO  : Context for 'APU' is selected.
23:12:31 INFO  : System reset is completed.
23:12:34 INFO  : 'after 3000' command is executed.
23:12:34 INFO  : 'targets -set -filter {jtag_cable_name =~ "Digilent Zybo Z7 210351B3FC8DA" && level==0 && jtag_device_ctx=="jsn-Zybo Z7-210351B3FC8DA-13722093-0"}' command is executed.
23:12:36 INFO  : FPGA configured successfully with bitstream "D:/proyectosep2/IEE2463-SEP-Proyecto-2-Z8/1_core/vitis/1_core/_ide/bitstream/DEMO_wrapper.bit"
23:12:36 INFO  : Context for 'APU' is selected.
23:12:36 INFO  : Hardware design and registers information is loaded from 'D:/proyectosep2/IEE2463-SEP-Proyecto-2-Z8/1_core/vitis/1_core_plt/export/1_core_plt/hw/DEMO_wrapper.xsa'.
23:12:36 INFO  : 'configparams force-mem-access 1' command is executed.
23:12:36 INFO  : Context for 'APU' is selected.
23:12:36 INFO  : Sourcing of 'D:/proyectosep2/IEE2463-SEP-Proyecto-2-Z8/1_core/vitis/1_core/_ide/psinit/ps7_init.tcl' is done.
23:12:36 INFO  : 'ps7_init' command is executed.
23:12:36 INFO  : 'ps7_post_config' command is executed.
23:12:36 INFO  : Context for processor 'ps7_cortexa9_0' is selected.
23:12:37 INFO  : The application 'D:/proyectosep2/IEE2463-SEP-Proyecto-2-Z8/1_core/vitis/1_core/Debug/1_core.elf' is downloaded to processor 'ps7_cortexa9_0'.
23:12:37 INFO  : 'configparams force-mem-access 0' command is executed.
23:12:37 INFO  : ----------------XSDB Script----------------
connect -url tcp:127.0.0.1:3121
targets -set -nocase -filter {name =~"APU*"}
rst -system
after 3000
targets -set -filter {jtag_cable_name =~ "Digilent Zybo Z7 210351B3FC8DA" && level==0 && jtag_device_ctx=="jsn-Zybo Z7-210351B3FC8DA-13722093-0"}
fpga -file D:/proyectosep2/IEE2463-SEP-Proyecto-2-Z8/1_core/vitis/1_core/_ide/bitstream/DEMO_wrapper.bit
targets -set -nocase -filter {name =~"APU*"}
loadhw -hw D:/proyectosep2/IEE2463-SEP-Proyecto-2-Z8/1_core/vitis/1_core_plt/export/1_core_plt/hw/DEMO_wrapper.xsa -mem-ranges [list {0x40000000 0xbfffffff}] -regs
configparams force-mem-access 1
targets -set -nocase -filter {name =~"APU*"}
source D:/proyectosep2/IEE2463-SEP-Proyecto-2-Z8/1_core/vitis/1_core/_ide/psinit/ps7_init.tcl
ps7_init
ps7_post_config
targets -set -nocase -filter {name =~ "*A9*#0"}
dow D:/proyectosep2/IEE2463-SEP-Proyecto-2-Z8/1_core/vitis/1_core/Debug/1_core.elf
configparams force-mem-access 0
----------------End of Script----------------

23:12:37 INFO  : Context for processor 'ps7_cortexa9_0' is selected.
23:12:37 INFO  : 'con' command is executed.
23:12:37 INFO  : ----------------XSDB Script (After Launch)----------------
targets -set -nocase -filter {name =~ "*A9*#0"}
con
----------------End of Script----------------

23:12:37 INFO  : Launch script is exported to file 'D:\proyectosep2\IEE2463-SEP-Proyecto-2-Z8\1_core\vitis\.sdk\launch_scripts\single_application_debug\systemdebugger_1_core_system_standalone.tcl'
23:19:22 INFO  : Checking for BSP changes to sync application flags for project '1_core'...
23:19:33 INFO  : Disconnected from the channel tcfchan#15.
23:19:33 INFO  : Connected to target on host '127.0.0.1' and port '3121'.
23:19:33 INFO  : Jtag cable 'Digilent Zybo Z7 210351B3FC8DA' is selected.
23:19:33 INFO  : 'jtag frequency' command is executed.
23:19:33 INFO  : Context for 'APU' is selected.
23:19:33 INFO  : System reset is completed.
23:19:36 INFO  : 'after 3000' command is executed.
23:19:36 INFO  : 'targets -set -filter {jtag_cable_name =~ "Digilent Zybo Z7 210351B3FC8DA" && level==0 && jtag_device_ctx=="jsn-Zybo Z7-210351B3FC8DA-13722093-0"}' command is executed.
23:19:37 INFO  : FPGA configured successfully with bitstream "D:/proyectosep2/IEE2463-SEP-Proyecto-2-Z8/1_core/vitis/1_core/_ide/bitstream/DEMO_wrapper.bit"
23:19:37 INFO  : Context for 'APU' is selected.
23:19:37 INFO  : Hardware design and registers information is loaded from 'D:/proyectosep2/IEE2463-SEP-Proyecto-2-Z8/1_core/vitis/1_core_plt/export/1_core_plt/hw/DEMO_wrapper.xsa'.
23:19:37 INFO  : 'configparams force-mem-access 1' command is executed.
23:19:37 INFO  : Context for 'APU' is selected.
23:19:37 INFO  : Sourcing of 'D:/proyectosep2/IEE2463-SEP-Proyecto-2-Z8/1_core/vitis/1_core/_ide/psinit/ps7_init.tcl' is done.
23:19:37 INFO  : 'ps7_init' command is executed.
23:19:37 INFO  : 'ps7_post_config' command is executed.
23:19:37 INFO  : Context for processor 'ps7_cortexa9_0' is selected.
23:19:38 INFO  : The application 'D:/proyectosep2/IEE2463-SEP-Proyecto-2-Z8/1_core/vitis/1_core/Debug/1_core.elf' is downloaded to processor 'ps7_cortexa9_0'.
23:19:38 INFO  : 'configparams force-mem-access 0' command is executed.
23:19:38 INFO  : ----------------XSDB Script----------------
connect -url tcp:127.0.0.1:3121
targets -set -nocase -filter {name =~"APU*"}
rst -system
after 3000
targets -set -filter {jtag_cable_name =~ "Digilent Zybo Z7 210351B3FC8DA" && level==0 && jtag_device_ctx=="jsn-Zybo Z7-210351B3FC8DA-13722093-0"}
fpga -file D:/proyectosep2/IEE2463-SEP-Proyecto-2-Z8/1_core/vitis/1_core/_ide/bitstream/DEMO_wrapper.bit
targets -set -nocase -filter {name =~"APU*"}
loadhw -hw D:/proyectosep2/IEE2463-SEP-Proyecto-2-Z8/1_core/vitis/1_core_plt/export/1_core_plt/hw/DEMO_wrapper.xsa -mem-ranges [list {0x40000000 0xbfffffff}] -regs
configparams force-mem-access 1
targets -set -nocase -filter {name =~"APU*"}
source D:/proyectosep2/IEE2463-SEP-Proyecto-2-Z8/1_core/vitis/1_core/_ide/psinit/ps7_init.tcl
ps7_init
ps7_post_config
targets -set -nocase -filter {name =~ "*A9*#0"}
dow D:/proyectosep2/IEE2463-SEP-Proyecto-2-Z8/1_core/vitis/1_core/Debug/1_core.elf
configparams force-mem-access 0
----------------End of Script----------------

23:19:38 INFO  : Context for processor 'ps7_cortexa9_0' is selected.
23:19:38 INFO  : 'con' command is executed.
23:19:38 INFO  : ----------------XSDB Script (After Launch)----------------
targets -set -nocase -filter {name =~ "*A9*#0"}
con
----------------End of Script----------------

23:19:38 INFO  : Launch script is exported to file 'D:\proyectosep2\IEE2463-SEP-Proyecto-2-Z8\1_core\vitis\.sdk\launch_scripts\single_application_debug\systemdebugger_1_core_system_standalone.tcl'
23:21:00 INFO  : Disconnected from the channel tcfchan#17.
