TRACE::2025-05-31.13:56:02::SCWPlatform::Trying to open the hw design at D:/proyectosep2/IEE2463-SEP-Proyecto-2-Z8/music_player/vitis2/music_player_plt/hw/design_1_wrapper.xsa
TRACE::2025-05-31.13:56:02::SCWPlatform::DSA given D:/proyectosep2/IEE2463-SEP-Proyecto-2-Z8/music_player/vitis2/music_player_plt/hw/design_1_wrapper.xsa
TRACE::2025-05-31.13:56:02::SCWPlatform::DSA absoulate path D:/proyectosep2/IEE2463-SEP-Proyecto-2-Z8/music_player/vitis2/music_player_plt/hw/design_1_wrapper.xsa
TRACE::2025-05-31.13:56:04::SCWPlatform::DSA directory D:/proyectosep2/IEE2463-SEP-Proyecto-2-Z8/music_player/vitis2/music_player_plt/hw
TRACE::2025-05-31.13:56:04::SCWPlatform:: Platform Path D:/proyectosep2/IEE2463-SEP-Proyecto-2-Z8/music_player/vitis2/music_player_plt/hw/design_1_wrapper.xsa
TRACE::2025-05-31.13:56:04::SCWPlatform:: Unique name xilinx:zybo-z7-10::0.0
TRACE::2025-05-31.13:56:04::SCWPlatform::Do not have an existing db opened. 
TRACE::2025-05-31.13:56:06::SCWPlatform::Opened new HwDB with name design_1_wrapper_0
TRACE::2025-05-31.13:56:06::SCWWriter::formatted JSON is {
	"platformName":	"music_player_plt",
	"sprVersion":	"2.0",
	"mode":	"gui",
	"dsaType":	"Fixed",
	"platformDesc":	"music_player_plt",
	"platHandOff":	"D:/proyectosep2/IEE2463-SEP-Proyecto-2-Z8/music_player/music_player/design_1_wrapper.xsa",
	"platIntHandOff":	"<platformDir>/hw/design_1_wrapper.xsa",
	"deviceType":	"zynq",
	"platIsPrebuiltAutogen":	"false",
	"platIsNoBootBsp":	"false",
	"hasFsblMakeHasChanges":	"false",
	"hasPmufwMakeHasChanges":	"false",
	"platPreBuiltFlag":	false,
	"platformSamplesDir":	""
}
TRACE::2025-05-31.13:56:06::SCWWriter::formatted JSON is {
	"platformName":	"music_player_plt",
	"sprVersion":	"2.0",
	"mode":	"gui",
	"dsaType":	"Fixed",
	"platformDesc":	"music_player_plt",
	"platHandOff":	"D:/proyectosep2/IEE2463-SEP-Proyecto-2-Z8/music_player/music_player/design_1_wrapper.xsa",
	"platIntHandOff":	"<platformDir>/hw/design_1_wrapper.xsa",
	"deviceType":	"zynq",
	"platIsPrebuiltAutogen":	"false",
	"platIsNoBootBsp":	"false",
	"hasFsblMakeHasChanges":	"false",
	"hasPmufwMakeHasChanges":	"false",
	"platPreBuiltFlag":	false,
	"platformSamplesDir":	"",
	"platActiveSys":	"music_player_plt",
	"systems":	[{
			"systemName":	"music_player_plt",
			"systemDesc":	"music_player_plt",
			"sysIsBootAutoGen":	"true",
			"systemDispName":	"music_player_plt"
		}]
}
TRACE::2025-05-31.13:56:06::SCWPlatform::Boot application domains not present, creating them
TRACE::2025-05-31.13:56:06::SCWDomain::checking for install qemu data   : 
TRACE::2025-05-31.13:56:06::SCWDomain:: Using the QEMU Data from install at  : D:/Xilinx/Vitis/2020.1/data/emulation/platforms/zynq/qemu/
TRACE::2025-05-31.13:56:06::SCWDomain:: Using the QEMU args  from install at  : D:/Xilinx/Vitis/2020.1/data/emulation/platforms/zynq/qemu/qemu_args.txt
TRACE::2025-05-31.13:56:06::SCWPlatform::Trying to open the hw design at D:/proyectosep2/IEE2463-SEP-Proyecto-2-Z8/music_player/vitis2/music_player_plt/hw/design_1_wrapper.xsa
TRACE::2025-05-31.13:56:06::SCWPlatform::DSA given D:/proyectosep2/IEE2463-SEP-Proyecto-2-Z8/music_player/vitis2/music_player_plt/hw/design_1_wrapper.xsa
TRACE::2025-05-31.13:56:06::SCWPlatform::DSA absoulate path D:/proyectosep2/IEE2463-SEP-Proyecto-2-Z8/music_player/vitis2/music_player_plt/hw/design_1_wrapper.xsa
TRACE::2025-05-31.13:56:06::SCWPlatform::DSA directory D:/proyectosep2/IEE2463-SEP-Proyecto-2-Z8/music_player/vitis2/music_player_plt/hw
TRACE::2025-05-31.13:56:06::SCWPlatform:: Platform Path D:/proyectosep2/IEE2463-SEP-Proyecto-2-Z8/music_player/vitis2/music_player_plt/hw/design_1_wrapper.xsa
TRACE::2025-05-31.13:56:06::SCWPlatform:: Unique name xilinx:zybo-z7-10::0.0
TRACE::2025-05-31.13:56:06::SCWPlatform::Trying to set the existing hwdb with name design_1_wrapper_0
TRACE::2025-05-31.13:56:06::SCWPlatform::Opened existing hwdb design_1_wrapper_0
TRACE::2025-05-31.13:56:06::SCWPlatform::Found the Hw Db part of the input DSA
TRACE::2025-05-31.13:56:06::SCWPlatform::Trying to open the hw design at D:/proyectosep2/IEE2463-SEP-Proyecto-2-Z8/music_player/vitis2/music_player_plt/hw/design_1_wrapper.xsa
TRACE::2025-05-31.13:56:06::SCWPlatform::DSA given D:/proyectosep2/IEE2463-SEP-Proyecto-2-Z8/music_player/vitis2/music_player_plt/hw/design_1_wrapper.xsa
TRACE::2025-05-31.13:56:06::SCWPlatform::DSA absoulate path D:/proyectosep2/IEE2463-SEP-Proyecto-2-Z8/music_player/vitis2/music_player_plt/hw/design_1_wrapper.xsa
TRACE::2025-05-31.13:56:06::SCWPlatform::DSA directory D:/proyectosep2/IEE2463-SEP-Proyecto-2-Z8/music_player/vitis2/music_player_plt/hw
TRACE::2025-05-31.13:56:06::SCWPlatform:: Platform Path D:/proyectosep2/IEE2463-SEP-Proyecto-2-Z8/music_player/vitis2/music_player_plt/hw/design_1_wrapper.xsa
TRACE::2025-05-31.13:56:06::SCWPlatform:: Unique name xilinx:zybo-z7-10::0.0
TRACE::2025-05-31.13:56:06::SCWPlatform::Trying to set the existing hwdb with name design_1_wrapper_0
TRACE::2025-05-31.13:56:06::SCWPlatform::Opened existing hwdb design_1_wrapper_0
TRACE::2025-05-31.13:56:06::SCWPlatform::Found the Hw Db part of the input DSA
TRACE::2025-05-31.13:56:06::SCWPlatform::Trying to open the hw design at D:/proyectosep2/IEE2463-SEP-Proyecto-2-Z8/music_player/vitis2/music_player_plt/hw/design_1_wrapper.xsa
TRACE::2025-05-31.13:56:06::SCWPlatform::DSA given D:/proyectosep2/IEE2463-SEP-Proyecto-2-Z8/music_player/vitis2/music_player_plt/hw/design_1_wrapper.xsa
TRACE::2025-05-31.13:56:06::SCWPlatform::DSA absoulate path D:/proyectosep2/IEE2463-SEP-Proyecto-2-Z8/music_player/vitis2/music_player_plt/hw/design_1_wrapper.xsa
TRACE::2025-05-31.13:56:06::SCWPlatform::DSA directory D:/proyectosep2/IEE2463-SEP-Proyecto-2-Z8/music_player/vitis2/music_player_plt/hw
TRACE::2025-05-31.13:56:06::SCWPlatform:: Platform Path D:/proyectosep2/IEE2463-SEP-Proyecto-2-Z8/music_player/vitis2/music_player_plt/hw/design_1_wrapper.xsa
TRACE::2025-05-31.13:56:06::SCWPlatform:: Unique name xilinx:zybo-z7-10::0.0
TRACE::2025-05-31.13:56:06::SCWPlatform::Trying to set the existing hwdb with name design_1_wrapper_0
TRACE::2025-05-31.13:56:06::SCWPlatform::Opened existing hwdb design_1_wrapper_0
TRACE::2025-05-31.13:56:06::SCWPlatform::Found the Hw Db part of the input DSA
TRACE::2025-05-31.13:56:06::SCWPlatform::Boot application domain added for zynq_fsbl
TRACE::2025-05-31.13:56:06::SCWPlatform::Generating the sources  .
TRACE::2025-05-31.13:56:06::SCWBDomain::Generating boot domain sources.
TRACE::2025-05-31.13:56:06::SCWBDomain:: Generating the zynq_fsbl Application.
TRACE::2025-05-31.13:56:06::SCWPlatform::Trying to open the hw design at D:/proyectosep2/IEE2463-SEP-Proyecto-2-Z8/music_player/vitis2/music_player_plt/hw/design_1_wrapper.xsa
TRACE::2025-05-31.13:56:06::SCWPlatform::DSA given D:/proyectosep2/IEE2463-SEP-Proyecto-2-Z8/music_player/vitis2/music_player_plt/hw/design_1_wrapper.xsa
TRACE::2025-05-31.13:56:06::SCWPlatform::DSA absoulate path D:/proyectosep2/IEE2463-SEP-Proyecto-2-Z8/music_player/vitis2/music_player_plt/hw/design_1_wrapper.xsa
TRACE::2025-05-31.13:56:06::SCWPlatform::DSA directory D:/proyectosep2/IEE2463-SEP-Proyecto-2-Z8/music_player/vitis2/music_player_plt/hw
TRACE::2025-05-31.13:56:06::SCWPlatform:: Platform Path D:/proyectosep2/IEE2463-SEP-Proyecto-2-Z8/music_player/vitis2/music_player_plt/hw/design_1_wrapper.xsa
TRACE::2025-05-31.13:56:06::SCWPlatform:: Unique name xilinx:zybo-z7-10::0.0
TRACE::2025-05-31.13:56:06::SCWPlatform::Trying to set the existing hwdb with name design_1_wrapper_0
TRACE::2025-05-31.13:56:06::SCWPlatform::Opened existing hwdb design_1_wrapper_0
TRACE::2025-05-31.13:56:06::SCWPlatform::Found the Hw Db part of the input DSA
TRACE::2025-05-31.13:56:06::SCWMssOS::Checking the sw design at  D:/proyectosep2/IEE2463-SEP-Proyecto-2-Z8/music_player/vitis2/music_player_plt/zynq_fsbl/zynq_fsbl_bsp/system.mss
TRACE::2025-05-31.13:56:06::SCWMssOS::DEBUG:  swdes dump  
TRACE::2025-05-31.13:56:06::SCWMssOS::No sw design opened at  D:/proyectosep2/IEE2463-SEP-Proyecto-2-Z8/music_player/vitis2/music_player_plt/zynq_fsbl/zynq_fsbl_bsp/system.mss
TRACE::2025-05-31.13:56:06::SCWMssOS::mss does not exists at D:/proyectosep2/IEE2463-SEP-Proyecto-2-Z8/music_player/vitis2/music_player_plt/zynq_fsbl/zynq_fsbl_bsp/system.mss
TRACE::2025-05-31.13:56:06::SCWMssOS::Creating sw design at  D:/proyectosep2/IEE2463-SEP-Proyecto-2-Z8/music_player/vitis2/music_player_plt/zynq_fsbl/zynq_fsbl_bsp/system.mss
TRACE::2025-05-31.13:56:06::SCWMssOS::Adding the swdes entry, created swdb D:/proyectosep2/IEE2463-SEP-Proyecto-2-Z8/music_player/vitis2/music_player_plt/zynq_fsbl/zynq_fsbl_bsp/system.mss with des name D:/proyectosep2/IEE2463-SEP-Proyecto-2-Z8/music_player/vitis2/music_player_plt/zynq_fsbl/zynq_fsbl_bsp/system.mss
TRACE::2025-05-31.13:56:06::SCWMssOS::updating the scw layer changes to swdes at   D:/proyectosep2/IEE2463-SEP-Proyecto-2-Z8/music_player/vitis2/music_player_plt/zynq_fsbl/zynq_fsbl_bsp/system.mss
TRACE::2025-05-31.13:56:06::SCWMssOS::Writing mss at D:/proyectosep2/IEE2463-SEP-Proyecto-2-Z8/music_player/vitis2/music_player_plt/zynq_fsbl/zynq_fsbl_bsp/system.mss
TRACE::2025-05-31.13:56:06::SCWMssOS::Completed writing the mss file at D:/proyectosep2/IEE2463-SEP-Proyecto-2-Z8/music_player/vitis2/music_player_plt/zynq_fsbl/zynq_fsbl_bsp
TRACE::2025-05-31.13:56:06::SCWMssOS::Picking up changes from newly written mss file into SCW Layer. 
TRACE::2025-05-31.13:56:06::SCWMssOS::Updated the changes from newly written mss file into SCW Layer. 
TRACE::2025-05-31.13:56:06::SCWBDomain::Completed writing the mss file at D:/proyectosep2/IEE2463-SEP-Proyecto-2-Z8/music_player/vitis2/music_player_plt/zynq_fsbl/zynq_fsbl_bsp
TRACE::2025-05-31.13:56:29::SCWPlatform::Generating sources Done.
TRACE::2025-05-31.13:56:29::SCWPlatform::Trying to open the hw design at D:/proyectosep2/IEE2463-SEP-Proyecto-2-Z8/music_player/vitis2/music_player_plt/hw/design_1_wrapper.xsa
TRACE::2025-05-31.13:56:29::SCWPlatform::DSA given D:/proyectosep2/IEE2463-SEP-Proyecto-2-Z8/music_player/vitis2/music_player_plt/hw/design_1_wrapper.xsa
TRACE::2025-05-31.13:56:29::SCWPlatform::DSA absoulate path D:/proyectosep2/IEE2463-SEP-Proyecto-2-Z8/music_player/vitis2/music_player_plt/hw/design_1_wrapper.xsa
TRACE::2025-05-31.13:56:29::SCWPlatform::DSA directory D:/proyectosep2/IEE2463-SEP-Proyecto-2-Z8/music_player/vitis2/music_player_plt/hw
TRACE::2025-05-31.13:56:29::SCWPlatform:: Platform Path D:/proyectosep2/IEE2463-SEP-Proyecto-2-Z8/music_player/vitis2/music_player_plt/hw/design_1_wrapper.xsa
TRACE::2025-05-31.13:56:29::SCWPlatform:: Unique name xilinx:zybo-z7-10::0.0
TRACE::2025-05-31.13:56:29::SCWPlatform::Trying to set the existing hwdb with name design_1_wrapper_0
TRACE::2025-05-31.13:56:29::SCWPlatform::Opened existing hwdb design_1_wrapper_0
TRACE::2025-05-31.13:56:29::SCWPlatform::Found the Hw Db part of the input DSA
TRACE::2025-05-31.13:56:29::SCWMssOS::Checking the sw design at  D:/proyectosep2/IEE2463-SEP-Proyecto-2-Z8/music_player/vitis2/music_player_plt/zynq_fsbl/zynq_fsbl_bsp/system.mss
TRACE::2025-05-31.13:56:29::SCWMssOS::DEBUG:  swdes dump  D:/proyectosep2/IEE2463-SEP-Proyecto-2-Z8/music_player/vitis2/music_player_plt/zynq_fsbl/zynq_fsbl_bsp/system.mss|D:/proyectosep2/IEE2463-SEP-Proyecto-2-Z8/music_player/vitis2/music_player_plt/zynq_fsbl/zynq_fsbl_bsp/system.mss||

KEYINFO::2025-05-31.13:56:29::SCWMssOS::Could not open the swdb for D:/proyectosep2/IEE2463-SEP-Proyecto-2-Z8/music_player/vitis2/music_player_plt/zynq_fsbl/zynq_fsbl_bsp/system.mss
KEYINFO::2025-05-31.13:56:29::SCWMssOS::Could not open the sw design at  D:/proyectosep2/IEE2463-SEP-Proyecto-2-Z8/music_player/vitis2/music_player_plt/zynq_fsbl/zynq_fsbl_bsp/system.mss
ERROR: [Hsi 55-1558] Software Design D:/proyectosep2/IEE2463-SEP-Proyecto-2-Z8/music_player/vitis2/music_player_plt/zynq_fsbl/zynq_fsbl_bsp/system.mss is not found

TRACE::2025-05-31.13:56:29::SCWMssOS::Cleared the swdb table entry
TRACE::2025-05-31.13:56:29::SCWMssOS::No sw design opened at  D:/proyectosep2/IEE2463-SEP-Proyecto-2-Z8/music_player/vitis2/music_player_plt/zynq_fsbl/zynq_fsbl_bsp/system.mss
TRACE::2025-05-31.13:56:29::SCWMssOS::mss exists loading the mss file  D:/proyectosep2/IEE2463-SEP-Proyecto-2-Z8/music_player/vitis2/music_player_plt/zynq_fsbl/zynq_fsbl_bsp/system.mss
TRACE::2025-05-31.13:56:29::SCWMssOS::Opened the sw design from mss  D:/proyectosep2/IEE2463-SEP-Proyecto-2-Z8/music_player/vitis2/music_player_plt/zynq_fsbl/zynq_fsbl_bsp/system.mss
TRACE::2025-05-31.13:56:29::SCWMssOS::Adding the swdes entry D:/proyectosep2/IEE2463-SEP-Proyecto-2-Z8/music_player/vitis2/music_player_plt/zynq_fsbl/zynq_fsbl_bsp/system.mss with des name system
TRACE::2025-05-31.13:56:29::SCWMssOS::updating the scw layer about changes
TRACE::2025-05-31.13:56:30::SCWMssOS::Opened the sw design.  D:/proyectosep2/IEE2463-SEP-Proyecto-2-Z8/music_player/vitis2/music_player_plt/zynq_fsbl/zynq_fsbl_bsp/system.mss
TRACE::2025-05-31.13:56:30::SCWMssOS::Saving the mss changes D:/proyectosep2/IEE2463-SEP-Proyecto-2-Z8/music_player/vitis2/music_player_plt/zynq_fsbl/zynq_fsbl_bsp/system.mss
TRACE::2025-05-31.13:56:30::SCWMssOS::Found a swdesign opened with the mssfile.
TRACE::2025-05-31.13:56:30::SCWMssOS::Completed writemss as part of save.
TRACE::2025-05-31.13:56:30::SCWMssOS::Commit changes completed.
TRACE::2025-05-31.13:56:30::SCWPlatform::Trying to open the hw design at D:/proyectosep2/IEE2463-SEP-Proyecto-2-Z8/music_player/vitis2/music_player_plt/hw/design_1_wrapper.xsa
TRACE::2025-05-31.13:56:30::SCWPlatform::DSA given D:/proyectosep2/IEE2463-SEP-Proyecto-2-Z8/music_player/vitis2/music_player_plt/hw/design_1_wrapper.xsa
TRACE::2025-05-31.13:56:30::SCWPlatform::DSA absoulate path D:/proyectosep2/IEE2463-SEP-Proyecto-2-Z8/music_player/vitis2/music_player_plt/hw/design_1_wrapper.xsa
TRACE::2025-05-31.13:56:30::SCWPlatform::DSA directory D:/proyectosep2/IEE2463-SEP-Proyecto-2-Z8/music_player/vitis2/music_player_plt/hw
TRACE::2025-05-31.13:56:30::SCWPlatform:: Platform Path D:/proyectosep2/IEE2463-SEP-Proyecto-2-Z8/music_player/vitis2/music_player_plt/hw/design_1_wrapper.xsa
TRACE::2025-05-31.13:56:30::SCWPlatform:: Unique name xilinx:zybo-z7-10::0.0
TRACE::2025-05-31.13:56:30::SCWPlatform::Trying to set the existing hwdb with name design_1_wrapper_0
TRACE::2025-05-31.13:56:30::SCWPlatform::Opened existing hwdb design_1_wrapper_0
TRACE::2025-05-31.13:56:30::SCWPlatform::Found the Hw Db part of the input DSA
TRACE::2025-05-31.13:56:30::SCWMssOS::Checking the sw design at  D:/proyectosep2/IEE2463-SEP-Proyecto-2-Z8/music_player/vitis2/music_player_plt/zynq_fsbl/zynq_fsbl_bsp/system.mss
TRACE::2025-05-31.13:56:30::SCWMssOS::DEBUG:  swdes dump  D:/proyectosep2/IEE2463-SEP-Proyecto-2-Z8/music_player/vitis2/music_player_plt/zynq_fsbl/zynq_fsbl_bsp/system.mss|system||

TRACE::2025-05-31.13:56:30::SCWMssOS::Sw design exists and opened at  D:/proyectosep2/IEE2463-SEP-Proyecto-2-Z8/music_player/vitis2/music_player_plt/zynq_fsbl/zynq_fsbl_bsp/system.mss
TRACE::2025-05-31.13:56:30::SCWPlatform::Trying to open the hw design at D:/proyectosep2/IEE2463-SEP-Proyecto-2-Z8/music_player/vitis2/music_player_plt/hw/design_1_wrapper.xsa
TRACE::2025-05-31.13:56:30::SCWPlatform::DSA given D:/proyectosep2/IEE2463-SEP-Proyecto-2-Z8/music_player/vitis2/music_player_plt/hw/design_1_wrapper.xsa
TRACE::2025-05-31.13:56:30::SCWPlatform::DSA absoulate path D:/proyectosep2/IEE2463-SEP-Proyecto-2-Z8/music_player/vitis2/music_player_plt/hw/design_1_wrapper.xsa
TRACE::2025-05-31.13:56:30::SCWPlatform::DSA directory D:/proyectosep2/IEE2463-SEP-Proyecto-2-Z8/music_player/vitis2/music_player_plt/hw
TRACE::2025-05-31.13:56:30::SCWPlatform:: Platform Path D:/proyectosep2/IEE2463-SEP-Proyecto-2-Z8/music_player/vitis2/music_player_plt/hw/design_1_wrapper.xsa
TRACE::2025-05-31.13:56:30::SCWPlatform:: Unique name xilinx:zybo-z7-10::0.0
TRACE::2025-05-31.13:56:30::SCWPlatform::Trying to set the existing hwdb with name design_1_wrapper_0
TRACE::2025-05-31.13:56:30::SCWPlatform::Opened existing hwdb design_1_wrapper_0
TRACE::2025-05-31.13:56:30::SCWPlatform::Found the Hw Db part of the input DSA
TRACE::2025-05-31.13:56:30::SCWMssOS::Checking the sw design at  D:/proyectosep2/IEE2463-SEP-Proyecto-2-Z8/music_player/vitis2/music_player_plt/zynq_fsbl/zynq_fsbl_bsp/system.mss
TRACE::2025-05-31.13:56:30::SCWMssOS::DEBUG:  swdes dump  D:/proyectosep2/IEE2463-SEP-Proyecto-2-Z8/music_player/vitis2/music_player_plt/zynq_fsbl/zynq_fsbl_bsp/system.mss|system||

TRACE::2025-05-31.13:56:30::SCWMssOS::Sw design exists and opened at  D:/proyectosep2/IEE2463-SEP-Proyecto-2-Z8/music_player/vitis2/music_player_plt/zynq_fsbl/zynq_fsbl_bsp/system.mss
TRACE::2025-05-31.13:56:30::SCWPlatform::Trying to open the hw design at D:/proyectosep2/IEE2463-SEP-Proyecto-2-Z8/music_player/vitis2/music_player_plt/hw/design_1_wrapper.xsa
TRACE::2025-05-31.13:56:30::SCWPlatform::DSA given D:/proyectosep2/IEE2463-SEP-Proyecto-2-Z8/music_player/vitis2/music_player_plt/hw/design_1_wrapper.xsa
TRACE::2025-05-31.13:56:30::SCWPlatform::DSA absoulate path D:/proyectosep2/IEE2463-SEP-Proyecto-2-Z8/music_player/vitis2/music_player_plt/hw/design_1_wrapper.xsa
TRACE::2025-05-31.13:56:30::SCWPlatform::DSA directory D:/proyectosep2/IEE2463-SEP-Proyecto-2-Z8/music_player/vitis2/music_player_plt/hw
TRACE::2025-05-31.13:56:30::SCWPlatform:: Platform Path D:/proyectosep2/IEE2463-SEP-Proyecto-2-Z8/music_player/vitis2/music_player_plt/hw/design_1_wrapper.xsa
TRACE::2025-05-31.13:56:30::SCWPlatform:: Unique name xilinx:zybo-z7-10::0.0
TRACE::2025-05-31.13:56:30::SCWPlatform::Trying to set the existing hwdb with name design_1_wrapper_0
TRACE::2025-05-31.13:56:30::SCWPlatform::Opened existing hwdb design_1_wrapper_0
TRACE::2025-05-31.13:56:30::SCWPlatform::Found the Hw Db part of the input DSA
TRACE::2025-05-31.13:56:30::SCWMssOS::Checking the sw design at  D:/proyectosep2/IEE2463-SEP-Proyecto-2-Z8/music_player/vitis2/music_player_plt/zynq_fsbl/zynq_fsbl_bsp/system.mss
TRACE::2025-05-31.13:56:30::SCWMssOS::DEBUG:  swdes dump  D:/proyectosep2/IEE2463-SEP-Proyecto-2-Z8/music_player/vitis2/music_player_plt/zynq_fsbl/zynq_fsbl_bsp/system.mss|system||

TRACE::2025-05-31.13:56:30::SCWMssOS::Sw design exists and opened at  D:/proyectosep2/IEE2463-SEP-Proyecto-2-Z8/music_player/vitis2/music_player_plt/zynq_fsbl/zynq_fsbl_bsp/system.mss
TRACE::2025-05-31.13:56:30::SCWWriter::formatted JSON is {
	"platformName":	"music_player_plt",
	"sprVersion":	"2.0",
	"mode":	"gui",
	"dsaType":	"Fixed",
	"platformDesc":	"music_player_plt",
	"platHandOff":	"D:/proyectosep2/IEE2463-SEP-Proyecto-2-Z8/music_player/music_player/design_1_wrapper.xsa",
	"platIntHandOff":	"<platformDir>/hw/design_1_wrapper.xsa",
	"deviceType":	"zynq",
	"platIsPrebuiltAutogen":	"false",
	"platIsNoBootBsp":	"false",
	"platFsblTarget":	"ps7_cortexa9_0",
	"hasFsblMakeHasChanges":	"false",
	"hasPmufwMakeHasChanges":	"false",
	"fsblExtraCompilerFlags":	"-MMD -MP       -mcpu=cortex-a9 -mfpu=vfpv3 -mfloat-abi=hard ",
	"platPreBuiltFlag":	false,
	"platformSamplesDir":	"",
	"platActiveSys":	"music_player_plt",
	"systems":	[{
			"systemName":	"music_player_plt",
			"systemDesc":	"music_player_plt",
			"sysIsBootAutoGen":	"true",
			"systemDispName":	"music_player_plt",
			"sysActiveDom":	"zynq_fsbl",
			"sysDefaultDom":	"",
			"domains":	[{
					"domainName":	"zynq_fsbl",
					"domainDispName":	"zynq_fsbl",
					"domainDesc":	"FSBL Application BSP - Auto Generated.",
					"processors":	"ps7_cortexa9_0",
					"os":	"standalone",
					"sdxOs":	"standalone",
					"debugEnable":	"",
					"domRuntimes":	["cpp"],
					"swRepo":	"",
					"mssOsVer":	"7.2",
					"mssFile":	"",
					"md5Digest":	"f649a90a47f54d59c50c6b3f6748da03",
					"compatibleApp":	"zynq_fsbl",
					"domType":	"bootDomain",
					"appSettings":	{
						"appCompilerFlags":	"",
						"appLinkerFlags":	""
					},
					"addedLibs":	["xilffs:4.3", "xilrsa:1.6"],
					"libOptions":	{
						"libsContainingOptions":	[]
					},
					"prebuiltLibs":	{
						"prebuiltIncPath":	[],
						"prebuiltLibPath":	[]
					},
					"isolation":	{
					}
				}]
		}]
}
TRACE::2025-05-31.13:56:30::SCWDomain::checking for install qemu data   : 
TRACE::2025-05-31.13:56:30::SCWDomain:: Using the QEMU Data from install at  : D:/Xilinx/Vitis/2020.1/data/emulation/platforms/zynq/qemu/
TRACE::2025-05-31.13:56:30::SCWDomain:: Using the QEMU args  from install at  : D:/Xilinx/Vitis/2020.1/data/emulation/platforms/zynq/qemu/qemu_args.txt
TRACE::2025-05-31.13:56:30::SCWPlatform::Trying to open the hw design at D:/proyectosep2/IEE2463-SEP-Proyecto-2-Z8/music_player/vitis2/music_player_plt/hw/design_1_wrapper.xsa
TRACE::2025-05-31.13:56:30::SCWPlatform::DSA given D:/proyectosep2/IEE2463-SEP-Proyecto-2-Z8/music_player/vitis2/music_player_plt/hw/design_1_wrapper.xsa
TRACE::2025-05-31.13:56:30::SCWPlatform::DSA absoulate path D:/proyectosep2/IEE2463-SEP-Proyecto-2-Z8/music_player/vitis2/music_player_plt/hw/design_1_wrapper.xsa
TRACE::2025-05-31.13:56:30::SCWPlatform::DSA directory D:/proyectosep2/IEE2463-SEP-Proyecto-2-Z8/music_player/vitis2/music_player_plt/hw
TRACE::2025-05-31.13:56:30::SCWPlatform:: Platform Path D:/proyectosep2/IEE2463-SEP-Proyecto-2-Z8/music_player/vitis2/music_player_plt/hw/design_1_wrapper.xsa
TRACE::2025-05-31.13:56:30::SCWPlatform:: Unique name xilinx:zybo-z7-10::0.0
TRACE::2025-05-31.13:56:30::SCWPlatform::Trying to set the existing hwdb with name design_1_wrapper_0
TRACE::2025-05-31.13:56:30::SCWPlatform::Opened existing hwdb design_1_wrapper_0
TRACE::2025-05-31.13:56:30::SCWPlatform::Found the Hw Db part of the input DSA
TRACE::2025-05-31.13:56:30::SCWPlatform::Trying to open the hw design at D:/proyectosep2/IEE2463-SEP-Proyecto-2-Z8/music_player/vitis2/music_player_plt/hw/design_1_wrapper.xsa
TRACE::2025-05-31.13:56:30::SCWPlatform::DSA given D:/proyectosep2/IEE2463-SEP-Proyecto-2-Z8/music_player/vitis2/music_player_plt/hw/design_1_wrapper.xsa
TRACE::2025-05-31.13:56:30::SCWPlatform::DSA absoulate path D:/proyectosep2/IEE2463-SEP-Proyecto-2-Z8/music_player/vitis2/music_player_plt/hw/design_1_wrapper.xsa
TRACE::2025-05-31.13:56:30::SCWPlatform::DSA directory D:/proyectosep2/IEE2463-SEP-Proyecto-2-Z8/music_player/vitis2/music_player_plt/hw
TRACE::2025-05-31.13:56:30::SCWPlatform:: Platform Path D:/proyectosep2/IEE2463-SEP-Proyecto-2-Z8/music_player/vitis2/music_player_plt/hw/design_1_wrapper.xsa
TRACE::2025-05-31.13:56:30::SCWPlatform:: Unique name xilinx:zybo-z7-10::0.0
TRACE::2025-05-31.13:56:30::SCWPlatform::Trying to set the existing hwdb with name design_1_wrapper_0
TRACE::2025-05-31.13:56:30::SCWPlatform::Opened existing hwdb design_1_wrapper_0
TRACE::2025-05-31.13:56:30::SCWPlatform::Found the Hw Db part of the input DSA
TRACE::2025-05-31.13:56:30::SCWPlatform::Trying to open the hw design at D:/proyectosep2/IEE2463-SEP-Proyecto-2-Z8/music_player/vitis2/music_player_plt/hw/design_1_wrapper.xsa
TRACE::2025-05-31.13:56:30::SCWPlatform::DSA given D:/proyectosep2/IEE2463-SEP-Proyecto-2-Z8/music_player/vitis2/music_player_plt/hw/design_1_wrapper.xsa
TRACE::2025-05-31.13:56:30::SCWPlatform::DSA absoulate path D:/proyectosep2/IEE2463-SEP-Proyecto-2-Z8/music_player/vitis2/music_player_plt/hw/design_1_wrapper.xsa
TRACE::2025-05-31.13:56:30::SCWPlatform::DSA directory D:/proyectosep2/IEE2463-SEP-Proyecto-2-Z8/music_player/vitis2/music_player_plt/hw
TRACE::2025-05-31.13:56:30::SCWPlatform:: Platform Path D:/proyectosep2/IEE2463-SEP-Proyecto-2-Z8/music_player/vitis2/music_player_plt/hw/design_1_wrapper.xsa
TRACE::2025-05-31.13:56:30::SCWPlatform:: Unique name xilinx:zybo-z7-10::0.0
TRACE::2025-05-31.13:56:30::SCWPlatform::Trying to set the existing hwdb with name design_1_wrapper_0
TRACE::2025-05-31.13:56:30::SCWPlatform::Opened existing hwdb design_1_wrapper_0
TRACE::2025-05-31.13:56:30::SCWPlatform::Found the Hw Db part of the input DSA
TRACE::2025-05-31.13:56:30::SCWMssOS::Checking the sw design at  D:/proyectosep2/IEE2463-SEP-Proyecto-2-Z8/music_player/vitis2/music_player_plt/ps7_cortexa9_0/standalone_domain/bsp/system.mss
TRACE::2025-05-31.13:56:30::SCWMssOS::DEBUG:  swdes dump  D:/proyectosep2/IEE2463-SEP-Proyecto-2-Z8/music_player/vitis2/music_player_plt/zynq_fsbl/zynq_fsbl_bsp/system.mss|system||

TRACE::2025-05-31.13:56:30::SCWMssOS::No sw design opened at  D:/proyectosep2/IEE2463-SEP-Proyecto-2-Z8/music_player/vitis2/music_player_plt/ps7_cortexa9_0/standalone_domain/bsp/system.mss
TRACE::2025-05-31.13:56:30::SCWMssOS::mss does not exists at D:/proyectosep2/IEE2463-SEP-Proyecto-2-Z8/music_player/vitis2/music_player_plt/ps7_cortexa9_0/standalone_domain/bsp/system.mss
TRACE::2025-05-31.13:56:30::SCWMssOS::Creating sw design at  D:/proyectosep2/IEE2463-SEP-Proyecto-2-Z8/music_player/vitis2/music_player_plt/ps7_cortexa9_0/standalone_domain/bsp/system.mss
TRACE::2025-05-31.13:56:30::SCWMssOS::Adding the swdes entry, created swdb D:/proyectosep2/IEE2463-SEP-Proyecto-2-Z8/music_player/vitis2/music_player_plt/ps7_cortexa9_0/standalone_domain/bsp/system.mss with des name D:/proyectosep2/IEE2463-SEP-Proyecto-2-Z8/music_player/vitis2/music_player_plt/ps7_cortexa9_0/standalone_domain/bsp/system.mss
TRACE::2025-05-31.13:56:30::SCWMssOS::updating the scw layer changes to swdes at   D:/proyectosep2/IEE2463-SEP-Proyecto-2-Z8/music_player/vitis2/music_player_plt/ps7_cortexa9_0/standalone_domain/bsp/system.mss
TRACE::2025-05-31.13:56:30::SCWMssOS::Writing mss at D:/proyectosep2/IEE2463-SEP-Proyecto-2-Z8/music_player/vitis2/music_player_plt/ps7_cortexa9_0/standalone_domain/bsp/system.mss
TRACE::2025-05-31.13:56:30::SCWMssOS::Completed writing the mss file at D:/proyectosep2/IEE2463-SEP-Proyecto-2-Z8/music_player/vitis2/music_player_plt/ps7_cortexa9_0/standalone_domain/bsp
TRACE::2025-05-31.13:56:30::SCWMssOS::Picking up changes from newly written mss file into SCW Layer. 
TRACE::2025-05-31.13:56:30::SCWMssOS::Updated the changes from newly written mss file into SCW Layer. 
TRACE::2025-05-31.13:56:30::SCWMssOS::Completed writing the mss file at D:/proyectosep2/IEE2463-SEP-Proyecto-2-Z8/music_player/vitis2/music_player_plt/ps7_cortexa9_0/standalone_domain/bsp
TRACE::2025-05-31.13:56:30::SCWMssOS::Forcing BSP Sources regeneration.
TRACE::2025-05-31.13:56:31::SCWMssOS::Saving the mss changes D:/proyectosep2/IEE2463-SEP-Proyecto-2-Z8/music_player/vitis2/music_player_plt/zynq_fsbl/zynq_fsbl_bsp/system.mss
TRACE::2025-05-31.13:56:31::SCWMssOS::Found a swdesign opened with the mssfile.
TRACE::2025-05-31.13:56:31::SCWMssOS::Completed writemss as part of save.
TRACE::2025-05-31.13:56:31::SCWMssOS::Commit changes completed.
TRACE::2025-05-31.13:56:31::SCWMssOS::Saving the mss changes D:/proyectosep2/IEE2463-SEP-Proyecto-2-Z8/music_player/vitis2/music_player_plt/ps7_cortexa9_0/standalone_domain/bsp/system.mss
TRACE::2025-05-31.13:56:31::SCWMssOS::Found a swdesign opened with the mssfile.
TRACE::2025-05-31.13:56:31::SCWMssOS::Running validate of swdbs.
KEYINFO::2025-05-31.13:56:31::SCWMssOS::Could not open the swdb for D:/proyectosep2/IEE2463-SEP-Proyecto-2-Z8/music_player/vitis2/music_player_plt/ps7_cortexa9_0/standalone_domain/bsp/system.mss
KEYINFO::2025-05-31.13:56:31::SCWMssOS::Could not open the sw design at  D:/proyectosep2/IEE2463-SEP-Proyecto-2-Z8/music_player/vitis2/music_player_plt/ps7_cortexa9_0/standalone_domain/bsp/system.mss
ERROR: [Hsi 55-1558] Software Design D:/proyectosep2/IEE2463-SEP-Proyecto-2-Z8/music_player/vitis2/music_player_plt/ps7_cortexa9_0/standalone_domain/bsp/system.mss is not found

TRACE::2025-05-31.13:56:31::SCWMssOS::Cleared the swdb table entry
TRACE::2025-05-31.13:56:31::SCWMssOS::Adding the swdes entry, mss present, able to open swdb D:/proyectosep2/IEE2463-SEP-Proyecto-2-Z8/music_player/vitis2/music_player_plt/ps7_cortexa9_0/standalone_domain/bsp/system.mss with des name system_0
TRACE::2025-05-31.13:56:31::SCWMssOS::Writing the mss file completed D:/proyectosep2/IEE2463-SEP-Proyecto-2-Z8/music_player/vitis2/music_player_plt/ps7_cortexa9_0/standalone_domain/bsp/system.mss
TRACE::2025-05-31.13:56:31::SCWMssOS::Commit changes completed.
TRACE::2025-05-31.13:56:31::SCWPlatform::Trying to open the hw design at D:/proyectosep2/IEE2463-SEP-Proyecto-2-Z8/music_player/vitis2/music_player_plt/hw/design_1_wrapper.xsa
TRACE::2025-05-31.13:56:31::SCWPlatform::DSA given D:/proyectosep2/IEE2463-SEP-Proyecto-2-Z8/music_player/vitis2/music_player_plt/hw/design_1_wrapper.xsa
TRACE::2025-05-31.13:56:31::SCWPlatform::DSA absoulate path D:/proyectosep2/IEE2463-SEP-Proyecto-2-Z8/music_player/vitis2/music_player_plt/hw/design_1_wrapper.xsa
TRACE::2025-05-31.13:56:31::SCWPlatform::DSA directory D:/proyectosep2/IEE2463-SEP-Proyecto-2-Z8/music_player/vitis2/music_player_plt/hw
TRACE::2025-05-31.13:56:31::SCWPlatform:: Platform Path D:/proyectosep2/IEE2463-SEP-Proyecto-2-Z8/music_player/vitis2/music_player_plt/hw/design_1_wrapper.xsa
TRACE::2025-05-31.13:56:31::SCWPlatform:: Unique name xilinx:zybo-z7-10::0.0
TRACE::2025-05-31.13:56:31::SCWPlatform::Trying to set the existing hwdb with name design_1_wrapper_0
TRACE::2025-05-31.13:56:31::SCWPlatform::Opened existing hwdb design_1_wrapper_0
TRACE::2025-05-31.13:56:31::SCWPlatform::Found the Hw Db part of the input DSA
TRACE::2025-05-31.13:56:31::SCWMssOS::Checking the sw design at  D:/proyectosep2/IEE2463-SEP-Proyecto-2-Z8/music_player/vitis2/music_player_plt/zynq_fsbl/zynq_fsbl_bsp/system.mss
TRACE::2025-05-31.13:56:31::SCWMssOS::DEBUG:  swdes dump  D:/proyectosep2/IEE2463-SEP-Proyecto-2-Z8/music_player/vitis2/music_player_plt/ps7_cortexa9_0/standalone_domain/bsp/system.mss|system_0||
D:/proyectosep2/IEE2463-SEP-Proyecto-2-Z8/music_player/vitis2/music_player_plt/zynq_fsbl/zynq_fsbl_bsp/system.mss|system||

TRACE::2025-05-31.13:56:31::SCWMssOS::Sw design exists and opened at  D:/proyectosep2/IEE2463-SEP-Proyecto-2-Z8/music_player/vitis2/music_player_plt/zynq_fsbl/zynq_fsbl_bsp/system.mss
TRACE::2025-05-31.13:56:31::SCWPlatform::Trying to open the hw design at D:/proyectosep2/IEE2463-SEP-Proyecto-2-Z8/music_player/vitis2/music_player_plt/hw/design_1_wrapper.xsa
TRACE::2025-05-31.13:56:31::SCWPlatform::DSA given D:/proyectosep2/IEE2463-SEP-Proyecto-2-Z8/music_player/vitis2/music_player_plt/hw/design_1_wrapper.xsa
TRACE::2025-05-31.13:56:31::SCWPlatform::DSA absoulate path D:/proyectosep2/IEE2463-SEP-Proyecto-2-Z8/music_player/vitis2/music_player_plt/hw/design_1_wrapper.xsa
TRACE::2025-05-31.13:56:31::SCWPlatform::DSA directory D:/proyectosep2/IEE2463-SEP-Proyecto-2-Z8/music_player/vitis2/music_player_plt/hw
TRACE::2025-05-31.13:56:31::SCWPlatform:: Platform Path D:/proyectosep2/IEE2463-SEP-Proyecto-2-Z8/music_player/vitis2/music_player_plt/hw/design_1_wrapper.xsa
TRACE::2025-05-31.13:56:31::SCWPlatform:: Unique name xilinx:zybo-z7-10::0.0
TRACE::2025-05-31.13:56:31::SCWPlatform::Trying to set the existing hwdb with name design_1_wrapper_0
TRACE::2025-05-31.13:56:31::SCWPlatform::Opened existing hwdb design_1_wrapper_0
TRACE::2025-05-31.13:56:31::SCWPlatform::Found the Hw Db part of the input DSA
TRACE::2025-05-31.13:56:31::SCWMssOS::Checking the sw design at  D:/proyectosep2/IEE2463-SEP-Proyecto-2-Z8/music_player/vitis2/music_player_plt/zynq_fsbl/zynq_fsbl_bsp/system.mss
TRACE::2025-05-31.13:56:31::SCWMssOS::DEBUG:  swdes dump  D:/proyectosep2/IEE2463-SEP-Proyecto-2-Z8/music_player/vitis2/music_player_plt/ps7_cortexa9_0/standalone_domain/bsp/system.mss|system_0||
D:/proyectosep2/IEE2463-SEP-Proyecto-2-Z8/music_player/vitis2/music_player_plt/zynq_fsbl/zynq_fsbl_bsp/system.mss|system||

TRACE::2025-05-31.13:56:31::SCWMssOS::Sw design exists and opened at  D:/proyectosep2/IEE2463-SEP-Proyecto-2-Z8/music_player/vitis2/music_player_plt/zynq_fsbl/zynq_fsbl_bsp/system.mss
TRACE::2025-05-31.13:56:31::SCWPlatform::Trying to open the hw design at D:/proyectosep2/IEE2463-SEP-Proyecto-2-Z8/music_player/vitis2/music_player_plt/hw/design_1_wrapper.xsa
TRACE::2025-05-31.13:56:31::SCWPlatform::DSA given D:/proyectosep2/IEE2463-SEP-Proyecto-2-Z8/music_player/vitis2/music_player_plt/hw/design_1_wrapper.xsa
TRACE::2025-05-31.13:56:31::SCWPlatform::DSA absoulate path D:/proyectosep2/IEE2463-SEP-Proyecto-2-Z8/music_player/vitis2/music_player_plt/hw/design_1_wrapper.xsa
TRACE::2025-05-31.13:56:31::SCWPlatform::DSA directory D:/proyectosep2/IEE2463-SEP-Proyecto-2-Z8/music_player/vitis2/music_player_plt/hw
TRACE::2025-05-31.13:56:31::SCWPlatform:: Platform Path D:/proyectosep2/IEE2463-SEP-Proyecto-2-Z8/music_player/vitis2/music_player_plt/hw/design_1_wrapper.xsa
TRACE::2025-05-31.13:56:31::SCWPlatform:: Unique name xilinx:zybo-z7-10::0.0
TRACE::2025-05-31.13:56:31::SCWPlatform::Trying to set the existing hwdb with name design_1_wrapper_0
TRACE::2025-05-31.13:56:31::SCWPlatform::Opened existing hwdb design_1_wrapper_0
TRACE::2025-05-31.13:56:31::SCWPlatform::Found the Hw Db part of the input DSA
TRACE::2025-05-31.13:56:31::SCWMssOS::Checking the sw design at  D:/proyectosep2/IEE2463-SEP-Proyecto-2-Z8/music_player/vitis2/music_player_plt/zynq_fsbl/zynq_fsbl_bsp/system.mss
TRACE::2025-05-31.13:56:31::SCWMssOS::DEBUG:  swdes dump  D:/proyectosep2/IEE2463-SEP-Proyecto-2-Z8/music_player/vitis2/music_player_plt/ps7_cortexa9_0/standalone_domain/bsp/system.mss|system_0||
D:/proyectosep2/IEE2463-SEP-Proyecto-2-Z8/music_player/vitis2/music_player_plt/zynq_fsbl/zynq_fsbl_bsp/system.mss|system||

TRACE::2025-05-31.13:56:31::SCWMssOS::Sw design exists and opened at  D:/proyectosep2/IEE2463-SEP-Proyecto-2-Z8/music_player/vitis2/music_player_plt/zynq_fsbl/zynq_fsbl_bsp/system.mss
TRACE::2025-05-31.13:56:31::SCWPlatform::Trying to open the hw design at D:/proyectosep2/IEE2463-SEP-Proyecto-2-Z8/music_player/vitis2/music_player_plt/hw/design_1_wrapper.xsa
TRACE::2025-05-31.13:56:31::SCWPlatform::DSA given D:/proyectosep2/IEE2463-SEP-Proyecto-2-Z8/music_player/vitis2/music_player_plt/hw/design_1_wrapper.xsa
TRACE::2025-05-31.13:56:31::SCWPlatform::DSA absoulate path D:/proyectosep2/IEE2463-SEP-Proyecto-2-Z8/music_player/vitis2/music_player_plt/hw/design_1_wrapper.xsa
TRACE::2025-05-31.13:56:31::SCWPlatform::DSA directory D:/proyectosep2/IEE2463-SEP-Proyecto-2-Z8/music_player/vitis2/music_player_plt/hw
TRACE::2025-05-31.13:56:31::SCWPlatform:: Platform Path D:/proyectosep2/IEE2463-SEP-Proyecto-2-Z8/music_player/vitis2/music_player_plt/hw/design_1_wrapper.xsa
TRACE::2025-05-31.13:56:31::SCWPlatform:: Unique name xilinx:zybo-z7-10::0.0
TRACE::2025-05-31.13:56:31::SCWPlatform::Trying to set the existing hwdb with name design_1_wrapper_0
TRACE::2025-05-31.13:56:31::SCWPlatform::Opened existing hwdb design_1_wrapper_0
TRACE::2025-05-31.13:56:31::SCWPlatform::Found the Hw Db part of the input DSA
TRACE::2025-05-31.13:56:31::SCWMssOS::Checking the sw design at  D:/proyectosep2/IEE2463-SEP-Proyecto-2-Z8/music_player/vitis2/music_player_plt/ps7_cortexa9_0/standalone_domain/bsp/system.mss
TRACE::2025-05-31.13:56:31::SCWMssOS::DEBUG:  swdes dump  D:/proyectosep2/IEE2463-SEP-Proyecto-2-Z8/music_player/vitis2/music_player_plt/ps7_cortexa9_0/standalone_domain/bsp/system.mss|system_0||
D:/proyectosep2/IEE2463-SEP-Proyecto-2-Z8/music_player/vitis2/music_player_plt/zynq_fsbl/zynq_fsbl_bsp/system.mss|system||

TRACE::2025-05-31.13:56:31::SCWMssOS::Sw design exists and opened at  D:/proyectosep2/IEE2463-SEP-Proyecto-2-Z8/music_player/vitis2/music_player_plt/ps7_cortexa9_0/standalone_domain/bsp/system.mss
TRACE::2025-05-31.13:56:31::SCWPlatform::Trying to open the hw design at D:/proyectosep2/IEE2463-SEP-Proyecto-2-Z8/music_player/vitis2/music_player_plt/hw/design_1_wrapper.xsa
TRACE::2025-05-31.13:56:31::SCWPlatform::DSA given D:/proyectosep2/IEE2463-SEP-Proyecto-2-Z8/music_player/vitis2/music_player_plt/hw/design_1_wrapper.xsa
TRACE::2025-05-31.13:56:31::SCWPlatform::DSA absoulate path D:/proyectosep2/IEE2463-SEP-Proyecto-2-Z8/music_player/vitis2/music_player_plt/hw/design_1_wrapper.xsa
TRACE::2025-05-31.13:56:31::SCWPlatform::DSA directory D:/proyectosep2/IEE2463-SEP-Proyecto-2-Z8/music_player/vitis2/music_player_plt/hw
TRACE::2025-05-31.13:56:31::SCWPlatform:: Platform Path D:/proyectosep2/IEE2463-SEP-Proyecto-2-Z8/music_player/vitis2/music_player_plt/hw/design_1_wrapper.xsa
TRACE::2025-05-31.13:56:31::SCWPlatform:: Unique name xilinx:zybo-z7-10::0.0
TRACE::2025-05-31.13:56:31::SCWPlatform::Trying to set the existing hwdb with name design_1_wrapper_0
TRACE::2025-05-31.13:56:31::SCWPlatform::Opened existing hwdb design_1_wrapper_0
TRACE::2025-05-31.13:56:31::SCWPlatform::Found the Hw Db part of the input DSA
TRACE::2025-05-31.13:56:31::SCWMssOS::Checking the sw design at  D:/proyectosep2/IEE2463-SEP-Proyecto-2-Z8/music_player/vitis2/music_player_plt/ps7_cortexa9_0/standalone_domain/bsp/system.mss
TRACE::2025-05-31.13:56:31::SCWMssOS::DEBUG:  swdes dump  D:/proyectosep2/IEE2463-SEP-Proyecto-2-Z8/music_player/vitis2/music_player_plt/ps7_cortexa9_0/standalone_domain/bsp/system.mss|system_0||
D:/proyectosep2/IEE2463-SEP-Proyecto-2-Z8/music_player/vitis2/music_player_plt/zynq_fsbl/zynq_fsbl_bsp/system.mss|system||

TRACE::2025-05-31.13:56:31::SCWMssOS::Sw design exists and opened at  D:/proyectosep2/IEE2463-SEP-Proyecto-2-Z8/music_player/vitis2/music_player_plt/ps7_cortexa9_0/standalone_domain/bsp/system.mss
TRACE::2025-05-31.13:56:31::SCWPlatform::Trying to open the hw design at D:/proyectosep2/IEE2463-SEP-Proyecto-2-Z8/music_player/vitis2/music_player_plt/hw/design_1_wrapper.xsa
TRACE::2025-05-31.13:56:31::SCWPlatform::DSA given D:/proyectosep2/IEE2463-SEP-Proyecto-2-Z8/music_player/vitis2/music_player_plt/hw/design_1_wrapper.xsa
TRACE::2025-05-31.13:56:31::SCWPlatform::DSA absoulate path D:/proyectosep2/IEE2463-SEP-Proyecto-2-Z8/music_player/vitis2/music_player_plt/hw/design_1_wrapper.xsa
TRACE::2025-05-31.13:56:31::SCWPlatform::DSA directory D:/proyectosep2/IEE2463-SEP-Proyecto-2-Z8/music_player/vitis2/music_player_plt/hw
TRACE::2025-05-31.13:56:31::SCWPlatform:: Platform Path D:/proyectosep2/IEE2463-SEP-Proyecto-2-Z8/music_player/vitis2/music_player_plt/hw/design_1_wrapper.xsa
TRACE::2025-05-31.13:56:31::SCWPlatform:: Unique name xilinx:zybo-z7-10::0.0
TRACE::2025-05-31.13:56:31::SCWPlatform::Trying to set the existing hwdb with name design_1_wrapper_0
TRACE::2025-05-31.13:56:31::SCWPlatform::Opened existing hwdb design_1_wrapper_0
TRACE::2025-05-31.13:56:31::SCWPlatform::Found the Hw Db part of the input DSA
TRACE::2025-05-31.13:56:31::SCWMssOS::Checking the sw design at  D:/proyectosep2/IEE2463-SEP-Proyecto-2-Z8/music_player/vitis2/music_player_plt/ps7_cortexa9_0/standalone_domain/bsp/system.mss
TRACE::2025-05-31.13:56:31::SCWMssOS::DEBUG:  swdes dump  D:/proyectosep2/IEE2463-SEP-Proyecto-2-Z8/music_player/vitis2/music_player_plt/ps7_cortexa9_0/standalone_domain/bsp/system.mss|system_0||
D:/proyectosep2/IEE2463-SEP-Proyecto-2-Z8/music_player/vitis2/music_player_plt/zynq_fsbl/zynq_fsbl_bsp/system.mss|system||

TRACE::2025-05-31.13:56:31::SCWMssOS::Sw design exists and opened at  D:/proyectosep2/IEE2463-SEP-Proyecto-2-Z8/music_player/vitis2/music_player_plt/ps7_cortexa9_0/standalone_domain/bsp/system.mss
TRACE::2025-05-31.13:56:31::SCWWriter::formatted JSON is {
	"platformName":	"music_player_plt",
	"sprVersion":	"2.0",
	"mode":	"gui",
	"dsaType":	"Fixed",
	"platformDesc":	"music_player_plt",
	"platHandOff":	"D:/proyectosep2/IEE2463-SEP-Proyecto-2-Z8/music_player/music_player/design_1_wrapper.xsa",
	"platIntHandOff":	"<platformDir>/hw/design_1_wrapper.xsa",
	"deviceType":	"zynq",
	"platIsPrebuiltAutogen":	"false",
	"platIsNoBootBsp":	"false",
	"platFsblTarget":	"ps7_cortexa9_0",
	"hasFsblMakeHasChanges":	"false",
	"hasPmufwMakeHasChanges":	"false",
	"fsblExtraCompilerFlags":	"-MMD -MP       -mcpu=cortex-a9 -mfpu=vfpv3 -mfloat-abi=hard ",
	"platPreBuiltFlag":	false,
	"platformSamplesDir":	"",
	"platActiveSys":	"music_player_plt",
	"systems":	[{
			"systemName":	"music_player_plt",
			"systemDesc":	"music_player_plt",
			"sysIsBootAutoGen":	"true",
			"systemDispName":	"music_player_plt",
			"sysActiveDom":	"standalone_domain",
			"sysDefaultDom":	"standalone_domain",
			"domains":	[{
					"domainName":	"zynq_fsbl",
					"domainDispName":	"zynq_fsbl",
					"domainDesc":	"FSBL Application BSP - Auto Generated.",
					"processors":	"ps7_cortexa9_0",
					"os":	"standalone",
					"sdxOs":	"standalone",
					"debugEnable":	"",
					"domRuntimes":	["cpp"],
					"swRepo":	"",
					"mssOsVer":	"7.2",
					"mssFile":	"",
					"md5Digest":	"f649a90a47f54d59c50c6b3f6748da03",
					"compatibleApp":	"zynq_fsbl",
					"domType":	"bootDomain",
					"appSettings":	{
						"appCompilerFlags":	"",
						"appLinkerFlags":	""
					},
					"addedLibs":	["xilffs:4.3", "xilrsa:1.6"],
					"libOptions":	{
						"libsContainingOptions":	[]
					},
					"prebuiltLibs":	{
						"prebuiltIncPath":	[],
						"prebuiltLibPath":	[]
					},
					"isolation":	{
					}
				}, {
					"domainName":	"standalone_domain",
					"domainDispName":	"standalone_domain",
					"domainDesc":	"standalone_domain",
					"processors":	"ps7_cortexa9_0",
					"os":	"standalone",
					"sdxOs":	"standalone",
					"qemuArgs":	"D:/Xilinx/Vitis/2020.1/data/emulation/platforms/zynq/qemu/qemu_args.txt",
					"qemuData":	"D:/Xilinx/Vitis/2020.1/data/emulation/platforms/zynq/qemu/",
					"debugEnable":	"False",
					"domRuntimes":	["cpp"],
					"swRepo":	"",
					"mssOsVer":	"7.2",
					"mssFile":	"",
					"md5Digest":	"a37611641fc7b448a0fdfdb6f26dda28",
					"compatibleApp":	"",
					"domType":	"mssDomain",
					"appSettings":	{
						"appCompilerFlags":	"",
						"appLinkerFlags":	""
					},
					"addedLibs":	[],
					"libOptions":	{
						"libsContainingOptions":	[]
					},
					"prebuiltLibs":	{
						"prebuiltIncPath":	[],
						"prebuiltLibPath":	[]
					},
					"isolation":	{
					}
				}]
		}]
}
LOG::2025-05-31.13:56:31::SCWPlatform::Started generating the artifacts platform music_player_plt
TRACE::2025-05-31.13:56:31::SCWPlatform::Sanity checking of platform is completed
LOG::2025-05-31.13:56:31::SCWPlatform::Started generating the artifacts for system configuration music_player_plt
LOG::2025-05-31.13:56:31::SCWSystem::Checking the domain zynq_fsbl
LOG::2025-05-31.13:56:31::SCWSystem::Doing application build for :  zynq_fsbl
TRACE::2025-05-31.13:56:31::SCWBDomain::Not a forced makefile updation, No changes are present. 
TRACE::2025-05-31.13:56:31::SCWDomain::Skipping the build for domain :  zynq_fsbl
LOG::2025-05-31.13:56:31::SCWSystem::Checking the domain standalone_domain
LOG::2025-05-31.13:56:31::SCWSystem::Not a boot domain 
LOG::2025-05-31.13:56:31::SCWSystem::Started Processing the domain standalone_domain
TRACE::2025-05-31.13:56:31::SCWDomain::Generating domain artifcats
TRACE::2025-05-31.13:56:31::SCWMssOS::Generating standalone artifcats
TRACE::2025-05-31.13:56:31::SCWMssOS::Copying the qemu file from  D:/Xilinx/Vitis/2020.1/data/emulation/platforms/zynq/qemu/qemu_args.txt To D:/proyectosep2/IEE2463-SEP-Proyecto-2-Z8/music_player/vitis2/music_player_plt/export/music_player_plt/sw/music_player_plt/qemu/
TRACE::2025-05-31.13:56:31::SCWMssOS::Copying the qemu file from  D:/Xilinx/Vitis/2020.1/data/emulation/platforms/zynq/qemu/qemu_args.txt To D:/proyectosep2/IEE2463-SEP-Proyecto-2-Z8/music_player/vitis2/music_player_plt/export/music_player_plt/sw/music_player_plt/standalone_domain/qemu/
TRACE::2025-05-31.13:56:31::SCWMssOS:: Copying the user libraries. 
TRACE::2025-05-31.13:56:31::SCWPlatform::Trying to open the hw design at D:/proyectosep2/IEE2463-SEP-Proyecto-2-Z8/music_player/vitis2/music_player_plt/hw/design_1_wrapper.xsa
TRACE::2025-05-31.13:56:31::SCWPlatform::DSA given D:/proyectosep2/IEE2463-SEP-Proyecto-2-Z8/music_player/vitis2/music_player_plt/hw/design_1_wrapper.xsa
TRACE::2025-05-31.13:56:31::SCWPlatform::DSA absoulate path D:/proyectosep2/IEE2463-SEP-Proyecto-2-Z8/music_player/vitis2/music_player_plt/hw/design_1_wrapper.xsa
TRACE::2025-05-31.13:56:31::SCWPlatform::DSA directory D:/proyectosep2/IEE2463-SEP-Proyecto-2-Z8/music_player/vitis2/music_player_plt/hw
TRACE::2025-05-31.13:56:31::SCWPlatform:: Platform Path D:/proyectosep2/IEE2463-SEP-Proyecto-2-Z8/music_player/vitis2/music_player_plt/hw/design_1_wrapper.xsa
TRACE::2025-05-31.13:56:31::SCWPlatform:: Unique name xilinx:zybo-z7-10::0.0
TRACE::2025-05-31.13:56:31::SCWPlatform::Trying to set the existing hwdb with name design_1_wrapper_0
TRACE::2025-05-31.13:56:31::SCWPlatform::Opened existing hwdb design_1_wrapper_0
TRACE::2025-05-31.13:56:31::SCWPlatform::Found the Hw Db part of the input DSA
TRACE::2025-05-31.13:56:31::SCWMssOS::Checking the sw design at  D:/proyectosep2/IEE2463-SEP-Proyecto-2-Z8/music_player/vitis2/music_player_plt/ps7_cortexa9_0/standalone_domain/bsp/system.mss
TRACE::2025-05-31.13:56:31::SCWMssOS::DEBUG:  swdes dump  D:/proyectosep2/IEE2463-SEP-Proyecto-2-Z8/music_player/vitis2/music_player_plt/ps7_cortexa9_0/standalone_domain/bsp/system.mss|system_0||
D:/proyectosep2/IEE2463-SEP-Proyecto-2-Z8/music_player/vitis2/music_player_plt/zynq_fsbl/zynq_fsbl_bsp/system.mss|system||

TRACE::2025-05-31.13:56:31::SCWMssOS::Sw design exists and opened at  D:/proyectosep2/IEE2463-SEP-Proyecto-2-Z8/music_player/vitis2/music_player_plt/ps7_cortexa9_0/standalone_domain/bsp/system.mss
TRACE::2025-05-31.13:56:31::SCWMssOS::Completed writing the mss file at D:/proyectosep2/IEE2463-SEP-Proyecto-2-Z8/music_player/vitis2/music_player_plt/ps7_cortexa9_0/standalone_domain/bsp
TRACE::2025-05-31.13:56:31::SCWMssOS::Mss edits present, copying mssfile into export location D:/proyectosep2/IEE2463-SEP-Proyecto-2-Z8/music_player/vitis2/music_player_plt/ps7_cortexa9_0/standalone_domain/bsp/system.mss
TRACE::2025-05-31.13:56:31::SCWMssOS::bsp generated is upto date with the mss file. Skipping bsp generation.
TRACE::2025-05-31.13:56:31::SCWMssOS::BSP is already built. skipping the bsp build ... 
TRACE::2025-05-31.13:56:31::SCWDomain::Skipping the build for domain :  standalone_domain
TRACE::2025-05-31.13:56:31::SCWMssOS::skipping the bsp build ... 
TRACE::2025-05-31.13:56:31::SCWMssOS::Copying to export directory.
TRACE::2025-05-31.13:56:31::SCWMssOS:: Checking if to create the Supporting Applications
TRACE::2025-05-31.13:56:31::SCWMssOS:: No Linux domain exists, trying to generate FSBL 
TRACE::2025-05-31.13:56:31::SCWMssOS:: Completed Standalone Artifacts creation 
LOG::2025-05-31.13:56:31::SCWSystem::Completed Processing the domain standalone_domain
LOG::2025-05-31.13:56:31::SCWSystem::Completed Processing the sysconfig music_player_plt
LOG::2025-05-31.13:56:31::SCWPlatform::Completed generating the artifacts for system configuration music_player_plt
TRACE::2025-05-31.13:56:31::SCWPlatform::Started preparing the platform 
TRACE::2025-05-31.13:56:31::SCWSystem::Writing the bif file for system config music_player_plt
TRACE::2025-05-31.13:56:31::SCWSystem::dir created 
TRACE::2025-05-31.13:56:31::SCWSystem::Writing the bif 
TRACE::2025-05-31.13:56:31::SCWPlatform::Started writing the spfm file 
TRACE::2025-05-31.13:56:31::SCWPlatform::Started writing the xpfm file 
TRACE::2025-05-31.13:56:31::SCWPlatform::Completed generating the platform
TRACE::2025-05-31.13:56:31::SCWMssOS::Saving the mss changes D:/proyectosep2/IEE2463-SEP-Proyecto-2-Z8/music_player/vitis2/music_player_plt/zynq_fsbl/zynq_fsbl_bsp/system.mss
TRACE::2025-05-31.13:56:31::SCWMssOS::Found a swdesign opened with the mssfile.
TRACE::2025-05-31.13:56:31::SCWMssOS::Completed writemss as part of save.
TRACE::2025-05-31.13:56:31::SCWMssOS::Commit changes completed.
TRACE::2025-05-31.13:56:31::SCWMssOS::Saving the mss changes D:/proyectosep2/IEE2463-SEP-Proyecto-2-Z8/music_player/vitis2/music_player_plt/ps7_cortexa9_0/standalone_domain/bsp/system.mss
TRACE::2025-05-31.13:56:31::SCWMssOS::Found a swdesign opened with the mssfile.
TRACE::2025-05-31.13:56:31::SCWMssOS::Completed writemss as part of save.
TRACE::2025-05-31.13:56:31::SCWMssOS::Commit changes completed.
TRACE::2025-05-31.13:56:31::SCWPlatform::Trying to open the hw design at D:/proyectosep2/IEE2463-SEP-Proyecto-2-Z8/music_player/vitis2/music_player_plt/hw/design_1_wrapper.xsa
TRACE::2025-05-31.13:56:31::SCWPlatform::DSA given D:/proyectosep2/IEE2463-SEP-Proyecto-2-Z8/music_player/vitis2/music_player_plt/hw/design_1_wrapper.xsa
TRACE::2025-05-31.13:56:31::SCWPlatform::DSA absoulate path D:/proyectosep2/IEE2463-SEP-Proyecto-2-Z8/music_player/vitis2/music_player_plt/hw/design_1_wrapper.xsa
TRACE::2025-05-31.13:56:31::SCWPlatform::DSA directory D:/proyectosep2/IEE2463-SEP-Proyecto-2-Z8/music_player/vitis2/music_player_plt/hw
TRACE::2025-05-31.13:56:31::SCWPlatform:: Platform Path D:/proyectosep2/IEE2463-SEP-Proyecto-2-Z8/music_player/vitis2/music_player_plt/hw/design_1_wrapper.xsa
TRACE::2025-05-31.13:56:31::SCWPlatform:: Unique name xilinx:zybo-z7-10::0.0
TRACE::2025-05-31.13:56:31::SCWPlatform::Trying to set the existing hwdb with name design_1_wrapper_0
TRACE::2025-05-31.13:56:31::SCWPlatform::Opened existing hwdb design_1_wrapper_0
TRACE::2025-05-31.13:56:31::SCWPlatform::Found the Hw Db part of the input DSA
TRACE::2025-05-31.13:56:31::SCWMssOS::Checking the sw design at  D:/proyectosep2/IEE2463-SEP-Proyecto-2-Z8/music_player/vitis2/music_player_plt/zynq_fsbl/zynq_fsbl_bsp/system.mss
TRACE::2025-05-31.13:56:31::SCWMssOS::DEBUG:  swdes dump  D:/proyectosep2/IEE2463-SEP-Proyecto-2-Z8/music_player/vitis2/music_player_plt/ps7_cortexa9_0/standalone_domain/bsp/system.mss|system_0||
D:/proyectosep2/IEE2463-SEP-Proyecto-2-Z8/music_player/vitis2/music_player_plt/zynq_fsbl/zynq_fsbl_bsp/system.mss|system||

TRACE::2025-05-31.13:56:31::SCWMssOS::Sw design exists and opened at  D:/proyectosep2/IEE2463-SEP-Proyecto-2-Z8/music_player/vitis2/music_player_plt/zynq_fsbl/zynq_fsbl_bsp/system.mss
TRACE::2025-05-31.13:56:31::SCWPlatform::Trying to open the hw design at D:/proyectosep2/IEE2463-SEP-Proyecto-2-Z8/music_player/vitis2/music_player_plt/hw/design_1_wrapper.xsa
TRACE::2025-05-31.13:56:31::SCWPlatform::DSA given D:/proyectosep2/IEE2463-SEP-Proyecto-2-Z8/music_player/vitis2/music_player_plt/hw/design_1_wrapper.xsa
TRACE::2025-05-31.13:56:31::SCWPlatform::DSA absoulate path D:/proyectosep2/IEE2463-SEP-Proyecto-2-Z8/music_player/vitis2/music_player_plt/hw/design_1_wrapper.xsa
TRACE::2025-05-31.13:56:31::SCWPlatform::DSA directory D:/proyectosep2/IEE2463-SEP-Proyecto-2-Z8/music_player/vitis2/music_player_plt/hw
TRACE::2025-05-31.13:56:31::SCWPlatform:: Platform Path D:/proyectosep2/IEE2463-SEP-Proyecto-2-Z8/music_player/vitis2/music_player_plt/hw/design_1_wrapper.xsa
TRACE::2025-05-31.13:56:31::SCWPlatform:: Unique name xilinx:zybo-z7-10::0.0
TRACE::2025-05-31.13:56:31::SCWPlatform::Trying to set the existing hwdb with name design_1_wrapper_0
TRACE::2025-05-31.13:56:31::SCWPlatform::Opened existing hwdb design_1_wrapper_0
TRACE::2025-05-31.13:56:31::SCWPlatform::Found the Hw Db part of the input DSA
TRACE::2025-05-31.13:56:31::SCWMssOS::Checking the sw design at  D:/proyectosep2/IEE2463-SEP-Proyecto-2-Z8/music_player/vitis2/music_player_plt/zynq_fsbl/zynq_fsbl_bsp/system.mss
TRACE::2025-05-31.13:56:31::SCWMssOS::DEBUG:  swdes dump  D:/proyectosep2/IEE2463-SEP-Proyecto-2-Z8/music_player/vitis2/music_player_plt/ps7_cortexa9_0/standalone_domain/bsp/system.mss|system_0||
D:/proyectosep2/IEE2463-SEP-Proyecto-2-Z8/music_player/vitis2/music_player_plt/zynq_fsbl/zynq_fsbl_bsp/system.mss|system||

TRACE::2025-05-31.13:56:31::SCWMssOS::Sw design exists and opened at  D:/proyectosep2/IEE2463-SEP-Proyecto-2-Z8/music_player/vitis2/music_player_plt/zynq_fsbl/zynq_fsbl_bsp/system.mss
TRACE::2025-05-31.13:56:31::SCWPlatform::Trying to open the hw design at D:/proyectosep2/IEE2463-SEP-Proyecto-2-Z8/music_player/vitis2/music_player_plt/hw/design_1_wrapper.xsa
TRACE::2025-05-31.13:56:31::SCWPlatform::DSA given D:/proyectosep2/IEE2463-SEP-Proyecto-2-Z8/music_player/vitis2/music_player_plt/hw/design_1_wrapper.xsa
TRACE::2025-05-31.13:56:31::SCWPlatform::DSA absoulate path D:/proyectosep2/IEE2463-SEP-Proyecto-2-Z8/music_player/vitis2/music_player_plt/hw/design_1_wrapper.xsa
TRACE::2025-05-31.13:56:31::SCWPlatform::DSA directory D:/proyectosep2/IEE2463-SEP-Proyecto-2-Z8/music_player/vitis2/music_player_plt/hw
TRACE::2025-05-31.13:56:31::SCWPlatform:: Platform Path D:/proyectosep2/IEE2463-SEP-Proyecto-2-Z8/music_player/vitis2/music_player_plt/hw/design_1_wrapper.xsa
TRACE::2025-05-31.13:56:31::SCWPlatform:: Unique name xilinx:zybo-z7-10::0.0
TRACE::2025-05-31.13:56:31::SCWPlatform::Trying to set the existing hwdb with name design_1_wrapper_0
TRACE::2025-05-31.13:56:31::SCWPlatform::Opened existing hwdb design_1_wrapper_0
TRACE::2025-05-31.13:56:31::SCWPlatform::Found the Hw Db part of the input DSA
TRACE::2025-05-31.13:56:31::SCWMssOS::Checking the sw design at  D:/proyectosep2/IEE2463-SEP-Proyecto-2-Z8/music_player/vitis2/music_player_plt/zynq_fsbl/zynq_fsbl_bsp/system.mss
TRACE::2025-05-31.13:56:31::SCWMssOS::DEBUG:  swdes dump  D:/proyectosep2/IEE2463-SEP-Proyecto-2-Z8/music_player/vitis2/music_player_plt/ps7_cortexa9_0/standalone_domain/bsp/system.mss|system_0||
D:/proyectosep2/IEE2463-SEP-Proyecto-2-Z8/music_player/vitis2/music_player_plt/zynq_fsbl/zynq_fsbl_bsp/system.mss|system||

TRACE::2025-05-31.13:56:31::SCWMssOS::Sw design exists and opened at  D:/proyectosep2/IEE2463-SEP-Proyecto-2-Z8/music_player/vitis2/music_player_plt/zynq_fsbl/zynq_fsbl_bsp/system.mss
TRACE::2025-05-31.13:56:31::SCWPlatform::Trying to open the hw design at D:/proyectosep2/IEE2463-SEP-Proyecto-2-Z8/music_player/vitis2/music_player_plt/hw/design_1_wrapper.xsa
TRACE::2025-05-31.13:56:31::SCWPlatform::DSA given D:/proyectosep2/IEE2463-SEP-Proyecto-2-Z8/music_player/vitis2/music_player_plt/hw/design_1_wrapper.xsa
TRACE::2025-05-31.13:56:31::SCWPlatform::DSA absoulate path D:/proyectosep2/IEE2463-SEP-Proyecto-2-Z8/music_player/vitis2/music_player_plt/hw/design_1_wrapper.xsa
TRACE::2025-05-31.13:56:31::SCWPlatform::DSA directory D:/proyectosep2/IEE2463-SEP-Proyecto-2-Z8/music_player/vitis2/music_player_plt/hw
TRACE::2025-05-31.13:56:31::SCWPlatform:: Platform Path D:/proyectosep2/IEE2463-SEP-Proyecto-2-Z8/music_player/vitis2/music_player_plt/hw/design_1_wrapper.xsa
TRACE::2025-05-31.13:56:31::SCWPlatform:: Unique name xilinx:zybo-z7-10::0.0
TRACE::2025-05-31.13:56:31::SCWPlatform::Trying to set the existing hwdb with name design_1_wrapper_0
TRACE::2025-05-31.13:56:31::SCWPlatform::Opened existing hwdb design_1_wrapper_0
TRACE::2025-05-31.13:56:31::SCWPlatform::Found the Hw Db part of the input DSA
TRACE::2025-05-31.13:56:31::SCWMssOS::Checking the sw design at  D:/proyectosep2/IEE2463-SEP-Proyecto-2-Z8/music_player/vitis2/music_player_plt/ps7_cortexa9_0/standalone_domain/bsp/system.mss
TRACE::2025-05-31.13:56:31::SCWMssOS::DEBUG:  swdes dump  D:/proyectosep2/IEE2463-SEP-Proyecto-2-Z8/music_player/vitis2/music_player_plt/ps7_cortexa9_0/standalone_domain/bsp/system.mss|system_0||
D:/proyectosep2/IEE2463-SEP-Proyecto-2-Z8/music_player/vitis2/music_player_plt/zynq_fsbl/zynq_fsbl_bsp/system.mss|system||

TRACE::2025-05-31.13:56:31::SCWMssOS::Sw design exists and opened at  D:/proyectosep2/IEE2463-SEP-Proyecto-2-Z8/music_player/vitis2/music_player_plt/ps7_cortexa9_0/standalone_domain/bsp/system.mss
TRACE::2025-05-31.13:56:31::SCWPlatform::Trying to open the hw design at D:/proyectosep2/IEE2463-SEP-Proyecto-2-Z8/music_player/vitis2/music_player_plt/hw/design_1_wrapper.xsa
TRACE::2025-05-31.13:56:31::SCWPlatform::DSA given D:/proyectosep2/IEE2463-SEP-Proyecto-2-Z8/music_player/vitis2/music_player_plt/hw/design_1_wrapper.xsa
TRACE::2025-05-31.13:56:31::SCWPlatform::DSA absoulate path D:/proyectosep2/IEE2463-SEP-Proyecto-2-Z8/music_player/vitis2/music_player_plt/hw/design_1_wrapper.xsa
TRACE::2025-05-31.13:56:31::SCWPlatform::DSA directory D:/proyectosep2/IEE2463-SEP-Proyecto-2-Z8/music_player/vitis2/music_player_plt/hw
TRACE::2025-05-31.13:56:31::SCWPlatform:: Platform Path D:/proyectosep2/IEE2463-SEP-Proyecto-2-Z8/music_player/vitis2/music_player_plt/hw/design_1_wrapper.xsa
TRACE::2025-05-31.13:56:31::SCWPlatform:: Unique name xilinx:zybo-z7-10::0.0
TRACE::2025-05-31.13:56:31::SCWPlatform::Trying to set the existing hwdb with name design_1_wrapper_0
TRACE::2025-05-31.13:56:31::SCWPlatform::Opened existing hwdb design_1_wrapper_0
TRACE::2025-05-31.13:56:31::SCWPlatform::Found the Hw Db part of the input DSA
TRACE::2025-05-31.13:56:31::SCWMssOS::Checking the sw design at  D:/proyectosep2/IEE2463-SEP-Proyecto-2-Z8/music_player/vitis2/music_player_plt/ps7_cortexa9_0/standalone_domain/bsp/system.mss
TRACE::2025-05-31.13:56:31::SCWMssOS::DEBUG:  swdes dump  D:/proyectosep2/IEE2463-SEP-Proyecto-2-Z8/music_player/vitis2/music_player_plt/ps7_cortexa9_0/standalone_domain/bsp/system.mss|system_0||
D:/proyectosep2/IEE2463-SEP-Proyecto-2-Z8/music_player/vitis2/music_player_plt/zynq_fsbl/zynq_fsbl_bsp/system.mss|system||

TRACE::2025-05-31.13:56:31::SCWMssOS::Sw design exists and opened at  D:/proyectosep2/IEE2463-SEP-Proyecto-2-Z8/music_player/vitis2/music_player_plt/ps7_cortexa9_0/standalone_domain/bsp/system.mss
TRACE::2025-05-31.13:56:31::SCWPlatform::Trying to open the hw design at D:/proyectosep2/IEE2463-SEP-Proyecto-2-Z8/music_player/vitis2/music_player_plt/hw/design_1_wrapper.xsa
TRACE::2025-05-31.13:56:31::SCWPlatform::DSA given D:/proyectosep2/IEE2463-SEP-Proyecto-2-Z8/music_player/vitis2/music_player_plt/hw/design_1_wrapper.xsa
TRACE::2025-05-31.13:56:31::SCWPlatform::DSA absoulate path D:/proyectosep2/IEE2463-SEP-Proyecto-2-Z8/music_player/vitis2/music_player_plt/hw/design_1_wrapper.xsa
TRACE::2025-05-31.13:56:31::SCWPlatform::DSA directory D:/proyectosep2/IEE2463-SEP-Proyecto-2-Z8/music_player/vitis2/music_player_plt/hw
TRACE::2025-05-31.13:56:31::SCWPlatform:: Platform Path D:/proyectosep2/IEE2463-SEP-Proyecto-2-Z8/music_player/vitis2/music_player_plt/hw/design_1_wrapper.xsa
TRACE::2025-05-31.13:56:31::SCWPlatform:: Unique name xilinx:zybo-z7-10::0.0
TRACE::2025-05-31.13:56:31::SCWPlatform::Trying to set the existing hwdb with name design_1_wrapper_0
TRACE::2025-05-31.13:56:31::SCWPlatform::Opened existing hwdb design_1_wrapper_0
TRACE::2025-05-31.13:56:31::SCWPlatform::Found the Hw Db part of the input DSA
TRACE::2025-05-31.13:56:31::SCWMssOS::Checking the sw design at  D:/proyectosep2/IEE2463-SEP-Proyecto-2-Z8/music_player/vitis2/music_player_plt/ps7_cortexa9_0/standalone_domain/bsp/system.mss
TRACE::2025-05-31.13:56:31::SCWMssOS::DEBUG:  swdes dump  D:/proyectosep2/IEE2463-SEP-Proyecto-2-Z8/music_player/vitis2/music_player_plt/ps7_cortexa9_0/standalone_domain/bsp/system.mss|system_0||
D:/proyectosep2/IEE2463-SEP-Proyecto-2-Z8/music_player/vitis2/music_player_plt/zynq_fsbl/zynq_fsbl_bsp/system.mss|system||

TRACE::2025-05-31.13:56:31::SCWMssOS::Sw design exists and opened at  D:/proyectosep2/IEE2463-SEP-Proyecto-2-Z8/music_player/vitis2/music_player_plt/ps7_cortexa9_0/standalone_domain/bsp/system.mss
TRACE::2025-05-31.13:56:31::SCWWriter::formatted JSON is {
	"platformName":	"music_player_plt",
	"sprVersion":	"2.0",
	"mode":	"gui",
	"dsaType":	"Fixed",
	"platformDesc":	"music_player_plt",
	"platHandOff":	"D:/proyectosep2/IEE2463-SEP-Proyecto-2-Z8/music_player/music_player/design_1_wrapper.xsa",
	"platIntHandOff":	"<platformDir>/hw/design_1_wrapper.xsa",
	"deviceType":	"zynq",
	"platIsPrebuiltAutogen":	"false",
	"platIsNoBootBsp":	"false",
	"platFsblTarget":	"ps7_cortexa9_0",
	"hasFsblMakeHasChanges":	"false",
	"hasPmufwMakeHasChanges":	"false",
	"fsblExtraCompilerFlags":	"-MMD -MP       -mcpu=cortex-a9 -mfpu=vfpv3 -mfloat-abi=hard ",
	"platPreBuiltFlag":	false,
	"platformSamplesDir":	"",
	"platActiveSys":	"music_player_plt",
	"systems":	[{
			"systemName":	"music_player_plt",
			"systemDesc":	"music_player_plt",
			"sysIsBootAutoGen":	"true",
			"systemDispName":	"music_player_plt",
			"sysActiveDom":	"standalone_domain",
			"sysDefaultDom":	"standalone_domain",
			"domains":	[{
					"domainName":	"zynq_fsbl",
					"domainDispName":	"zynq_fsbl",
					"domainDesc":	"FSBL Application BSP - Auto Generated.",
					"processors":	"ps7_cortexa9_0",
					"os":	"standalone",
					"sdxOs":	"standalone",
					"debugEnable":	"",
					"domRuntimes":	["cpp"],
					"swRepo":	"",
					"mssOsVer":	"7.2",
					"mssFile":	"",
					"md5Digest":	"f649a90a47f54d59c50c6b3f6748da03",
					"compatibleApp":	"zynq_fsbl",
					"domType":	"bootDomain",
					"appSettings":	{
						"appCompilerFlags":	"",
						"appLinkerFlags":	""
					},
					"addedLibs":	["xilffs:4.3", "xilrsa:1.6"],
					"libOptions":	{
						"libsContainingOptions":	[]
					},
					"prebuiltLibs":	{
						"prebuiltIncPath":	[],
						"prebuiltLibPath":	[]
					},
					"isolation":	{
					}
				}, {
					"domainName":	"standalone_domain",
					"domainDispName":	"standalone_domain",
					"domainDesc":	"standalone_domain",
					"processors":	"ps7_cortexa9_0",
					"os":	"standalone",
					"sdxOs":	"standalone",
					"qemuArgs":	"D:/Xilinx/Vitis/2020.1/data/emulation/platforms/zynq/qemu/qemu_args.txt",
					"qemuData":	"D:/Xilinx/Vitis/2020.1/data/emulation/platforms/zynq/qemu/",
					"debugEnable":	"False",
					"domRuntimes":	["cpp"],
					"swRepo":	"",
					"mssOsVer":	"7.2",
					"mssFile":	"",
					"md5Digest":	"a37611641fc7b448a0fdfdb6f26dda28",
					"compatibleApp":	"",
					"domType":	"mssDomain",
					"appSettings":	{
						"appCompilerFlags":	"",
						"appLinkerFlags":	""
					},
					"addedLibs":	[],
					"libOptions":	{
						"libsContainingOptions":	[]
					},
					"prebuiltLibs":	{
						"prebuiltIncPath":	[],
						"prebuiltLibPath":	[]
					},
					"isolation":	{
					}
				}]
		}]
}
KEYINFO::2025-05-31.13:56:31::SCWPlatform::updated the xpfm file.
TRACE::2025-05-31.13:56:31::SCWPlatform::Trying to open the hw design at D:/proyectosep2/IEE2463-SEP-Proyecto-2-Z8/music_player/vitis2/music_player_plt/hw/design_1_wrapper.xsa
TRACE::2025-05-31.13:56:31::SCWPlatform::DSA given D:/proyectosep2/IEE2463-SEP-Proyecto-2-Z8/music_player/vitis2/music_player_plt/hw/design_1_wrapper.xsa
TRACE::2025-05-31.13:56:31::SCWPlatform::DSA absoulate path D:/proyectosep2/IEE2463-SEP-Proyecto-2-Z8/music_player/vitis2/music_player_plt/hw/design_1_wrapper.xsa
TRACE::2025-05-31.13:56:31::SCWPlatform::DSA directory D:/proyectosep2/IEE2463-SEP-Proyecto-2-Z8/music_player/vitis2/music_player_plt/hw
TRACE::2025-05-31.13:56:31::SCWPlatform:: Platform Path D:/proyectosep2/IEE2463-SEP-Proyecto-2-Z8/music_player/vitis2/music_player_plt/hw/design_1_wrapper.xsa
TRACE::2025-05-31.13:56:31::SCWPlatform:: Unique name xilinx:zybo-z7-10::0.0
TRACE::2025-05-31.13:56:31::SCWPlatform::Trying to set the existing hwdb with name design_1_wrapper_0
TRACE::2025-05-31.13:56:31::SCWPlatform::Opened existing hwdb design_1_wrapper_0
TRACE::2025-05-31.13:56:31::SCWPlatform::Found the Hw Db part of the input DSA
TRACE::2025-05-31.13:56:31::SCWMssOS::Checking the sw design at  D:/proyectosep2/IEE2463-SEP-Proyecto-2-Z8/music_player/vitis2/music_player_plt/ps7_cortexa9_0/standalone_domain/bsp/system.mss
TRACE::2025-05-31.13:56:31::SCWMssOS::DEBUG:  swdes dump  D:/proyectosep2/IEE2463-SEP-Proyecto-2-Z8/music_player/vitis2/music_player_plt/ps7_cortexa9_0/standalone_domain/bsp/system.mss|system_0||
D:/proyectosep2/IEE2463-SEP-Proyecto-2-Z8/music_player/vitis2/music_player_plt/zynq_fsbl/zynq_fsbl_bsp/system.mss|system||

TRACE::2025-05-31.13:56:31::SCWMssOS::Sw design exists and opened at  D:/proyectosep2/IEE2463-SEP-Proyecto-2-Z8/music_player/vitis2/music_player_plt/ps7_cortexa9_0/standalone_domain/bsp/system.mss
TRACE::2025-05-31.13:56:31::SCWMssOS::Saving the mss changes D:/proyectosep2/IEE2463-SEP-Proyecto-2-Z8/music_player/vitis2/music_player_plt/zynq_fsbl/zynq_fsbl_bsp/system.mss
TRACE::2025-05-31.13:56:31::SCWMssOS::Found a swdesign opened with the mssfile.
TRACE::2025-05-31.13:56:31::SCWMssOS::Completed writemss as part of save.
TRACE::2025-05-31.13:56:31::SCWMssOS::Commit changes completed.
TRACE::2025-05-31.13:56:31::SCWMssOS::Saving the mss changes D:/proyectosep2/IEE2463-SEP-Proyecto-2-Z8/music_player/vitis2/music_player_plt/ps7_cortexa9_0/standalone_domain/bsp/system.mss
TRACE::2025-05-31.13:56:31::SCWMssOS::Found a swdesign opened with the mssfile.
TRACE::2025-05-31.13:56:31::SCWMssOS::Completed writemss as part of save.
TRACE::2025-05-31.13:56:31::SCWMssOS::Commit changes completed.
TRACE::2025-05-31.13:56:31::SCWPlatform::Trying to open the hw design at D:/proyectosep2/IEE2463-SEP-Proyecto-2-Z8/music_player/vitis2/music_player_plt/hw/design_1_wrapper.xsa
TRACE::2025-05-31.13:56:31::SCWPlatform::DSA given D:/proyectosep2/IEE2463-SEP-Proyecto-2-Z8/music_player/vitis2/music_player_plt/hw/design_1_wrapper.xsa
TRACE::2025-05-31.13:56:31::SCWPlatform::DSA absoulate path D:/proyectosep2/IEE2463-SEP-Proyecto-2-Z8/music_player/vitis2/music_player_plt/hw/design_1_wrapper.xsa
TRACE::2025-05-31.13:56:31::SCWPlatform::DSA directory D:/proyectosep2/IEE2463-SEP-Proyecto-2-Z8/music_player/vitis2/music_player_plt/hw
TRACE::2025-05-31.13:56:31::SCWPlatform:: Platform Path D:/proyectosep2/IEE2463-SEP-Proyecto-2-Z8/music_player/vitis2/music_player_plt/hw/design_1_wrapper.xsa
TRACE::2025-05-31.13:56:31::SCWPlatform:: Unique name xilinx:zybo-z7-10::0.0
TRACE::2025-05-31.13:56:31::SCWPlatform::Trying to set the existing hwdb with name design_1_wrapper_0
TRACE::2025-05-31.13:56:31::SCWPlatform::Opened existing hwdb design_1_wrapper_0
TRACE::2025-05-31.13:56:31::SCWPlatform::Found the Hw Db part of the input DSA
TRACE::2025-05-31.13:56:31::SCWMssOS::Checking the sw design at  D:/proyectosep2/IEE2463-SEP-Proyecto-2-Z8/music_player/vitis2/music_player_plt/zynq_fsbl/zynq_fsbl_bsp/system.mss
TRACE::2025-05-31.13:56:31::SCWMssOS::DEBUG:  swdes dump  D:/proyectosep2/IEE2463-SEP-Proyecto-2-Z8/music_player/vitis2/music_player_plt/ps7_cortexa9_0/standalone_domain/bsp/system.mss|system_0||
D:/proyectosep2/IEE2463-SEP-Proyecto-2-Z8/music_player/vitis2/music_player_plt/zynq_fsbl/zynq_fsbl_bsp/system.mss|system||

TRACE::2025-05-31.13:56:31::SCWMssOS::Sw design exists and opened at  D:/proyectosep2/IEE2463-SEP-Proyecto-2-Z8/music_player/vitis2/music_player_plt/zynq_fsbl/zynq_fsbl_bsp/system.mss
TRACE::2025-05-31.13:56:31::SCWPlatform::Trying to open the hw design at D:/proyectosep2/IEE2463-SEP-Proyecto-2-Z8/music_player/vitis2/music_player_plt/hw/design_1_wrapper.xsa
TRACE::2025-05-31.13:56:31::SCWPlatform::DSA given D:/proyectosep2/IEE2463-SEP-Proyecto-2-Z8/music_player/vitis2/music_player_plt/hw/design_1_wrapper.xsa
TRACE::2025-05-31.13:56:31::SCWPlatform::DSA absoulate path D:/proyectosep2/IEE2463-SEP-Proyecto-2-Z8/music_player/vitis2/music_player_plt/hw/design_1_wrapper.xsa
TRACE::2025-05-31.13:56:31::SCWPlatform::DSA directory D:/proyectosep2/IEE2463-SEP-Proyecto-2-Z8/music_player/vitis2/music_player_plt/hw
TRACE::2025-05-31.13:56:31::SCWPlatform:: Platform Path D:/proyectosep2/IEE2463-SEP-Proyecto-2-Z8/music_player/vitis2/music_player_plt/hw/design_1_wrapper.xsa
TRACE::2025-05-31.13:56:31::SCWPlatform:: Unique name xilinx:zybo-z7-10::0.0
TRACE::2025-05-31.13:56:31::SCWPlatform::Trying to set the existing hwdb with name design_1_wrapper_0
TRACE::2025-05-31.13:56:31::SCWPlatform::Opened existing hwdb design_1_wrapper_0
TRACE::2025-05-31.13:56:31::SCWPlatform::Found the Hw Db part of the input DSA
TRACE::2025-05-31.13:56:31::SCWMssOS::Checking the sw design at  D:/proyectosep2/IEE2463-SEP-Proyecto-2-Z8/music_player/vitis2/music_player_plt/zynq_fsbl/zynq_fsbl_bsp/system.mss
TRACE::2025-05-31.13:56:31::SCWMssOS::DEBUG:  swdes dump  D:/proyectosep2/IEE2463-SEP-Proyecto-2-Z8/music_player/vitis2/music_player_plt/ps7_cortexa9_0/standalone_domain/bsp/system.mss|system_0||
D:/proyectosep2/IEE2463-SEP-Proyecto-2-Z8/music_player/vitis2/music_player_plt/zynq_fsbl/zynq_fsbl_bsp/system.mss|system||

TRACE::2025-05-31.13:56:31::SCWMssOS::Sw design exists and opened at  D:/proyectosep2/IEE2463-SEP-Proyecto-2-Z8/music_player/vitis2/music_player_plt/zynq_fsbl/zynq_fsbl_bsp/system.mss
TRACE::2025-05-31.13:56:31::SCWPlatform::Trying to open the hw design at D:/proyectosep2/IEE2463-SEP-Proyecto-2-Z8/music_player/vitis2/music_player_plt/hw/design_1_wrapper.xsa
TRACE::2025-05-31.13:56:31::SCWPlatform::DSA given D:/proyectosep2/IEE2463-SEP-Proyecto-2-Z8/music_player/vitis2/music_player_plt/hw/design_1_wrapper.xsa
TRACE::2025-05-31.13:56:31::SCWPlatform::DSA absoulate path D:/proyectosep2/IEE2463-SEP-Proyecto-2-Z8/music_player/vitis2/music_player_plt/hw/design_1_wrapper.xsa
TRACE::2025-05-31.13:56:31::SCWPlatform::DSA directory D:/proyectosep2/IEE2463-SEP-Proyecto-2-Z8/music_player/vitis2/music_player_plt/hw
TRACE::2025-05-31.13:56:31::SCWPlatform:: Platform Path D:/proyectosep2/IEE2463-SEP-Proyecto-2-Z8/music_player/vitis2/music_player_plt/hw/design_1_wrapper.xsa
TRACE::2025-05-31.13:56:31::SCWPlatform:: Unique name xilinx:zybo-z7-10::0.0
TRACE::2025-05-31.13:56:31::SCWPlatform::Trying to set the existing hwdb with name design_1_wrapper_0
TRACE::2025-05-31.13:56:31::SCWPlatform::Opened existing hwdb design_1_wrapper_0
TRACE::2025-05-31.13:56:31::SCWPlatform::Found the Hw Db part of the input DSA
TRACE::2025-05-31.13:56:31::SCWMssOS::Checking the sw design at  D:/proyectosep2/IEE2463-SEP-Proyecto-2-Z8/music_player/vitis2/music_player_plt/zynq_fsbl/zynq_fsbl_bsp/system.mss
TRACE::2025-05-31.13:56:31::SCWMssOS::DEBUG:  swdes dump  D:/proyectosep2/IEE2463-SEP-Proyecto-2-Z8/music_player/vitis2/music_player_plt/ps7_cortexa9_0/standalone_domain/bsp/system.mss|system_0||
D:/proyectosep2/IEE2463-SEP-Proyecto-2-Z8/music_player/vitis2/music_player_plt/zynq_fsbl/zynq_fsbl_bsp/system.mss|system||

TRACE::2025-05-31.13:56:31::SCWMssOS::Sw design exists and opened at  D:/proyectosep2/IEE2463-SEP-Proyecto-2-Z8/music_player/vitis2/music_player_plt/zynq_fsbl/zynq_fsbl_bsp/system.mss
TRACE::2025-05-31.13:56:31::SCWPlatform::Trying to open the hw design at D:/proyectosep2/IEE2463-SEP-Proyecto-2-Z8/music_player/vitis2/music_player_plt/hw/design_1_wrapper.xsa
TRACE::2025-05-31.13:56:31::SCWPlatform::DSA given D:/proyectosep2/IEE2463-SEP-Proyecto-2-Z8/music_player/vitis2/music_player_plt/hw/design_1_wrapper.xsa
TRACE::2025-05-31.13:56:31::SCWPlatform::DSA absoulate path D:/proyectosep2/IEE2463-SEP-Proyecto-2-Z8/music_player/vitis2/music_player_plt/hw/design_1_wrapper.xsa
TRACE::2025-05-31.13:56:31::SCWPlatform::DSA directory D:/proyectosep2/IEE2463-SEP-Proyecto-2-Z8/music_player/vitis2/music_player_plt/hw
TRACE::2025-05-31.13:56:31::SCWPlatform:: Platform Path D:/proyectosep2/IEE2463-SEP-Proyecto-2-Z8/music_player/vitis2/music_player_plt/hw/design_1_wrapper.xsa
TRACE::2025-05-31.13:56:31::SCWPlatform:: Unique name xilinx:zybo-z7-10::0.0
TRACE::2025-05-31.13:56:31::SCWPlatform::Trying to set the existing hwdb with name design_1_wrapper_0
TRACE::2025-05-31.13:56:31::SCWPlatform::Opened existing hwdb design_1_wrapper_0
TRACE::2025-05-31.13:56:31::SCWPlatform::Found the Hw Db part of the input DSA
TRACE::2025-05-31.13:56:31::SCWMssOS::Checking the sw design at  D:/proyectosep2/IEE2463-SEP-Proyecto-2-Z8/music_player/vitis2/music_player_plt/ps7_cortexa9_0/standalone_domain/bsp/system.mss
TRACE::2025-05-31.13:56:31::SCWMssOS::DEBUG:  swdes dump  D:/proyectosep2/IEE2463-SEP-Proyecto-2-Z8/music_player/vitis2/music_player_plt/ps7_cortexa9_0/standalone_domain/bsp/system.mss|system_0||
D:/proyectosep2/IEE2463-SEP-Proyecto-2-Z8/music_player/vitis2/music_player_plt/zynq_fsbl/zynq_fsbl_bsp/system.mss|system||

TRACE::2025-05-31.13:56:31::SCWMssOS::Sw design exists and opened at  D:/proyectosep2/IEE2463-SEP-Proyecto-2-Z8/music_player/vitis2/music_player_plt/ps7_cortexa9_0/standalone_domain/bsp/system.mss
TRACE::2025-05-31.13:56:31::SCWPlatform::Trying to open the hw design at D:/proyectosep2/IEE2463-SEP-Proyecto-2-Z8/music_player/vitis2/music_player_plt/hw/design_1_wrapper.xsa
TRACE::2025-05-31.13:56:31::SCWPlatform::DSA given D:/proyectosep2/IEE2463-SEP-Proyecto-2-Z8/music_player/vitis2/music_player_plt/hw/design_1_wrapper.xsa
TRACE::2025-05-31.13:56:31::SCWPlatform::DSA absoulate path D:/proyectosep2/IEE2463-SEP-Proyecto-2-Z8/music_player/vitis2/music_player_plt/hw/design_1_wrapper.xsa
TRACE::2025-05-31.13:56:31::SCWPlatform::DSA directory D:/proyectosep2/IEE2463-SEP-Proyecto-2-Z8/music_player/vitis2/music_player_plt/hw
TRACE::2025-05-31.13:56:31::SCWPlatform:: Platform Path D:/proyectosep2/IEE2463-SEP-Proyecto-2-Z8/music_player/vitis2/music_player_plt/hw/design_1_wrapper.xsa
TRACE::2025-05-31.13:56:31::SCWPlatform:: Unique name xilinx:zybo-z7-10::0.0
TRACE::2025-05-31.13:56:31::SCWPlatform::Trying to set the existing hwdb with name design_1_wrapper_0
TRACE::2025-05-31.13:56:31::SCWPlatform::Opened existing hwdb design_1_wrapper_0
TRACE::2025-05-31.13:56:31::SCWPlatform::Found the Hw Db part of the input DSA
TRACE::2025-05-31.13:56:31::SCWMssOS::Checking the sw design at  D:/proyectosep2/IEE2463-SEP-Proyecto-2-Z8/music_player/vitis2/music_player_plt/ps7_cortexa9_0/standalone_domain/bsp/system.mss
TRACE::2025-05-31.13:56:31::SCWMssOS::DEBUG:  swdes dump  D:/proyectosep2/IEE2463-SEP-Proyecto-2-Z8/music_player/vitis2/music_player_plt/ps7_cortexa9_0/standalone_domain/bsp/system.mss|system_0||
D:/proyectosep2/IEE2463-SEP-Proyecto-2-Z8/music_player/vitis2/music_player_plt/zynq_fsbl/zynq_fsbl_bsp/system.mss|system||

TRACE::2025-05-31.13:56:31::SCWMssOS::Sw design exists and opened at  D:/proyectosep2/IEE2463-SEP-Proyecto-2-Z8/music_player/vitis2/music_player_plt/ps7_cortexa9_0/standalone_domain/bsp/system.mss
TRACE::2025-05-31.13:56:31::SCWPlatform::Trying to open the hw design at D:/proyectosep2/IEE2463-SEP-Proyecto-2-Z8/music_player/vitis2/music_player_plt/hw/design_1_wrapper.xsa
TRACE::2025-05-31.13:56:31::SCWPlatform::DSA given D:/proyectosep2/IEE2463-SEP-Proyecto-2-Z8/music_player/vitis2/music_player_plt/hw/design_1_wrapper.xsa
TRACE::2025-05-31.13:56:31::SCWPlatform::DSA absoulate path D:/proyectosep2/IEE2463-SEP-Proyecto-2-Z8/music_player/vitis2/music_player_plt/hw/design_1_wrapper.xsa
TRACE::2025-05-31.13:56:31::SCWPlatform::DSA directory D:/proyectosep2/IEE2463-SEP-Proyecto-2-Z8/music_player/vitis2/music_player_plt/hw
TRACE::2025-05-31.13:56:31::SCWPlatform:: Platform Path D:/proyectosep2/IEE2463-SEP-Proyecto-2-Z8/music_player/vitis2/music_player_plt/hw/design_1_wrapper.xsa
TRACE::2025-05-31.13:56:31::SCWPlatform:: Unique name xilinx:zybo-z7-10::0.0
TRACE::2025-05-31.13:56:31::SCWPlatform::Trying to set the existing hwdb with name design_1_wrapper_0
TRACE::2025-05-31.13:56:31::SCWPlatform::Opened existing hwdb design_1_wrapper_0
TRACE::2025-05-31.13:56:31::SCWPlatform::Found the Hw Db part of the input DSA
TRACE::2025-05-31.13:56:31::SCWMssOS::Checking the sw design at  D:/proyectosep2/IEE2463-SEP-Proyecto-2-Z8/music_player/vitis2/music_player_plt/ps7_cortexa9_0/standalone_domain/bsp/system.mss
TRACE::2025-05-31.13:56:31::SCWMssOS::DEBUG:  swdes dump  D:/proyectosep2/IEE2463-SEP-Proyecto-2-Z8/music_player/vitis2/music_player_plt/ps7_cortexa9_0/standalone_domain/bsp/system.mss|system_0||
D:/proyectosep2/IEE2463-SEP-Proyecto-2-Z8/music_player/vitis2/music_player_plt/zynq_fsbl/zynq_fsbl_bsp/system.mss|system||

TRACE::2025-05-31.13:56:31::SCWMssOS::Sw design exists and opened at  D:/proyectosep2/IEE2463-SEP-Proyecto-2-Z8/music_player/vitis2/music_player_plt/ps7_cortexa9_0/standalone_domain/bsp/system.mss
TRACE::2025-05-31.13:56:31::SCWWriter::formatted JSON is {
	"platformName":	"music_player_plt",
	"sprVersion":	"2.0",
	"mode":	"gui",
	"dsaType":	"Fixed",
	"platformDesc":	"music_player_plt",
	"platHandOff":	"D:/proyectosep2/IEE2463-SEP-Proyecto-2-Z8/music_player/music_player/design_1_wrapper.xsa",
	"platIntHandOff":	"<platformDir>/hw/design_1_wrapper.xsa",
	"deviceType":	"zynq",
	"platIsPrebuiltAutogen":	"false",
	"platIsNoBootBsp":	"false",
	"platFsblTarget":	"ps7_cortexa9_0",
	"hasFsblMakeHasChanges":	"false",
	"hasPmufwMakeHasChanges":	"false",
	"fsblExtraCompilerFlags":	"-MMD -MP       -mcpu=cortex-a9 -mfpu=vfpv3 -mfloat-abi=hard ",
	"platPreBuiltFlag":	false,
	"platformSamplesDir":	"",
	"platActiveSys":	"music_player_plt",
	"systems":	[{
			"systemName":	"music_player_plt",
			"systemDesc":	"music_player_plt",
			"sysIsBootAutoGen":	"true",
			"systemDispName":	"music_player_plt",
			"sysActiveDom":	"standalone_domain",
			"sysDefaultDom":	"standalone_domain",
			"domains":	[{
					"domainName":	"zynq_fsbl",
					"domainDispName":	"zynq_fsbl",
					"domainDesc":	"FSBL Application BSP - Auto Generated.",
					"processors":	"ps7_cortexa9_0",
					"os":	"standalone",
					"sdxOs":	"standalone",
					"debugEnable":	"",
					"domRuntimes":	["cpp"],
					"swRepo":	"",
					"mssOsVer":	"7.2",
					"mssFile":	"",
					"md5Digest":	"f649a90a47f54d59c50c6b3f6748da03",
					"compatibleApp":	"zynq_fsbl",
					"domType":	"bootDomain",
					"appSettings":	{
						"appCompilerFlags":	"",
						"appLinkerFlags":	""
					},
					"addedLibs":	["xilffs:4.3", "xilrsa:1.6"],
					"libOptions":	{
						"libsContainingOptions":	[]
					},
					"prebuiltLibs":	{
						"prebuiltIncPath":	[],
						"prebuiltLibPath":	[]
					},
					"isolation":	{
					}
				}, {
					"domainName":	"standalone_domain",
					"domainDispName":	"standalone_domain",
					"domainDesc":	"standalone_domain",
					"processors":	"ps7_cortexa9_0",
					"os":	"standalone",
					"sdxOs":	"standalone",
					"qemuArgs":	"D:/Xilinx/Vitis/2020.1/data/emulation/platforms/zynq/qemu/qemu_args.txt",
					"qemuData":	"D:/Xilinx/Vitis/2020.1/data/emulation/platforms/zynq/qemu/",
					"debugEnable":	"False",
					"domRuntimes":	["cpp"],
					"swRepo":	"",
					"mssOsVer":	"7.2",
					"mssFile":	"",
					"md5Digest":	"a37611641fc7b448a0fdfdb6f26dda28",
					"compatibleApp":	"",
					"domType":	"mssDomain",
					"appSettings":	{
						"appCompilerFlags":	"",
						"appLinkerFlags":	""
					},
					"addedLibs":	[],
					"libOptions":	{
						"libsContainingOptions":	[]
					},
					"prebuiltLibs":	{
						"prebuiltIncPath":	[],
						"prebuiltLibPath":	[]
					},
					"isolation":	{
					}
				}]
		}]
}
TRACE::2025-05-31.13:56:31::SCWPlatform::Trying to open the hw design at D:/proyectosep2/IEE2463-SEP-Proyecto-2-Z8/music_player/vitis2/music_player_plt/hw/design_1_wrapper.xsa
TRACE::2025-05-31.13:56:31::SCWPlatform::DSA given D:/proyectosep2/IEE2463-SEP-Proyecto-2-Z8/music_player/vitis2/music_player_plt/hw/design_1_wrapper.xsa
TRACE::2025-05-31.13:56:31::SCWPlatform::DSA absoulate path D:/proyectosep2/IEE2463-SEP-Proyecto-2-Z8/music_player/vitis2/music_player_plt/hw/design_1_wrapper.xsa
TRACE::2025-05-31.13:56:31::SCWPlatform::DSA directory D:/proyectosep2/IEE2463-SEP-Proyecto-2-Z8/music_player/vitis2/music_player_plt/hw
TRACE::2025-05-31.13:56:31::SCWPlatform:: Platform Path D:/proyectosep2/IEE2463-SEP-Proyecto-2-Z8/music_player/vitis2/music_player_plt/hw/design_1_wrapper.xsa
TRACE::2025-05-31.13:56:31::SCWPlatform:: Unique name xilinx:zybo-z7-10::0.0
TRACE::2025-05-31.13:56:31::SCWPlatform::Trying to set the existing hwdb with name design_1_wrapper_0
TRACE::2025-05-31.13:56:31::SCWPlatform::Opened existing hwdb design_1_wrapper_0
TRACE::2025-05-31.13:56:31::SCWPlatform::Found the Hw Db part of the input DSA
TRACE::2025-05-31.13:56:31::SCWMssOS::Checking the sw design at  D:/proyectosep2/IEE2463-SEP-Proyecto-2-Z8/music_player/vitis2/music_player_plt/ps7_cortexa9_0/standalone_domain/bsp/system.mss
TRACE::2025-05-31.13:56:31::SCWMssOS::DEBUG:  swdes dump  D:/proyectosep2/IEE2463-SEP-Proyecto-2-Z8/music_player/vitis2/music_player_plt/ps7_cortexa9_0/standalone_domain/bsp/system.mss|system_0||
D:/proyectosep2/IEE2463-SEP-Proyecto-2-Z8/music_player/vitis2/music_player_plt/zynq_fsbl/zynq_fsbl_bsp/system.mss|system||

TRACE::2025-05-31.13:56:31::SCWMssOS::Sw design exists and opened at  D:/proyectosep2/IEE2463-SEP-Proyecto-2-Z8/music_player/vitis2/music_player_plt/ps7_cortexa9_0/standalone_domain/bsp/system.mss
TRACE::2025-05-31.13:56:31::SCWPlatform::Trying to open the hw design at D:/proyectosep2/IEE2463-SEP-Proyecto-2-Z8/music_player/vitis2/music_player_plt/hw/design_1_wrapper.xsa
TRACE::2025-05-31.13:56:31::SCWPlatform::DSA given D:/proyectosep2/IEE2463-SEP-Proyecto-2-Z8/music_player/vitis2/music_player_plt/hw/design_1_wrapper.xsa
TRACE::2025-05-31.13:56:31::SCWPlatform::DSA absoulate path D:/proyectosep2/IEE2463-SEP-Proyecto-2-Z8/music_player/vitis2/music_player_plt/hw/design_1_wrapper.xsa
TRACE::2025-05-31.13:56:31::SCWPlatform::DSA directory D:/proyectosep2/IEE2463-SEP-Proyecto-2-Z8/music_player/vitis2/music_player_plt/hw
TRACE::2025-05-31.13:56:31::SCWPlatform:: Platform Path D:/proyectosep2/IEE2463-SEP-Proyecto-2-Z8/music_player/vitis2/music_player_plt/hw/design_1_wrapper.xsa
TRACE::2025-05-31.13:56:31::SCWPlatform:: Unique name xilinx:zybo-z7-10::0.0
TRACE::2025-05-31.13:56:31::SCWPlatform::Trying to set the existing hwdb with name design_1_wrapper_0
TRACE::2025-05-31.13:56:31::SCWPlatform::Opened existing hwdb design_1_wrapper_0
TRACE::2025-05-31.13:56:31::SCWPlatform::Found the Hw Db part of the input DSA
TRACE::2025-05-31.13:56:31::SCWMssOS::Checking the sw design at  D:/proyectosep2/IEE2463-SEP-Proyecto-2-Z8/music_player/vitis2/music_player_plt/ps7_cortexa9_0/standalone_domain/bsp/system.mss
TRACE::2025-05-31.13:56:31::SCWMssOS::DEBUG:  swdes dump  D:/proyectosep2/IEE2463-SEP-Proyecto-2-Z8/music_player/vitis2/music_player_plt/ps7_cortexa9_0/standalone_domain/bsp/system.mss|system_0||
D:/proyectosep2/IEE2463-SEP-Proyecto-2-Z8/music_player/vitis2/music_player_plt/zynq_fsbl/zynq_fsbl_bsp/system.mss|system||

TRACE::2025-05-31.13:56:31::SCWMssOS::Sw design exists and opened at  D:/proyectosep2/IEE2463-SEP-Proyecto-2-Z8/music_player/vitis2/music_player_plt/ps7_cortexa9_0/standalone_domain/bsp/system.mss
TRACE::2025-05-31.13:56:31::SCWPlatform::Trying to open the hw design at D:/proyectosep2/IEE2463-SEP-Proyecto-2-Z8/music_player/vitis2/music_player_plt/hw/design_1_wrapper.xsa
TRACE::2025-05-31.13:56:31::SCWPlatform::DSA given D:/proyectosep2/IEE2463-SEP-Proyecto-2-Z8/music_player/vitis2/music_player_plt/hw/design_1_wrapper.xsa
TRACE::2025-05-31.13:56:31::SCWPlatform::DSA absoulate path D:/proyectosep2/IEE2463-SEP-Proyecto-2-Z8/music_player/vitis2/music_player_plt/hw/design_1_wrapper.xsa
TRACE::2025-05-31.13:56:31::SCWPlatform::DSA directory D:/proyectosep2/IEE2463-SEP-Proyecto-2-Z8/music_player/vitis2/music_player_plt/hw
TRACE::2025-05-31.13:56:31::SCWPlatform:: Platform Path D:/proyectosep2/IEE2463-SEP-Proyecto-2-Z8/music_player/vitis2/music_player_plt/hw/design_1_wrapper.xsa
TRACE::2025-05-31.13:56:31::SCWPlatform:: Unique name xilinx:zybo-z7-10::0.0
TRACE::2025-05-31.13:56:31::SCWPlatform::Trying to set the existing hwdb with name design_1_wrapper_0
TRACE::2025-05-31.13:56:31::SCWPlatform::Opened existing hwdb design_1_wrapper_0
TRACE::2025-05-31.13:56:31::SCWPlatform::Found the Hw Db part of the input DSA
TRACE::2025-05-31.13:56:31::SCWMssOS::Checking the sw design at  D:/proyectosep2/IEE2463-SEP-Proyecto-2-Z8/music_player/vitis2/music_player_plt/ps7_cortexa9_0/standalone_domain/bsp/system.mss
TRACE::2025-05-31.13:56:31::SCWMssOS::DEBUG:  swdes dump  D:/proyectosep2/IEE2463-SEP-Proyecto-2-Z8/music_player/vitis2/music_player_plt/ps7_cortexa9_0/standalone_domain/bsp/system.mss|system_0||
D:/proyectosep2/IEE2463-SEP-Proyecto-2-Z8/music_player/vitis2/music_player_plt/zynq_fsbl/zynq_fsbl_bsp/system.mss|system||

TRACE::2025-05-31.13:56:31::SCWMssOS::Sw design exists and opened at  D:/proyectosep2/IEE2463-SEP-Proyecto-2-Z8/music_player/vitis2/music_player_plt/ps7_cortexa9_0/standalone_domain/bsp/system.mss
TRACE::2025-05-31.13:56:31::SCWMssOS::Saving the mss changes D:/proyectosep2/IEE2463-SEP-Proyecto-2-Z8/music_player/vitis2/music_player_plt/zynq_fsbl/zynq_fsbl_bsp/system.mss
TRACE::2025-05-31.13:56:31::SCWMssOS::Found a swdesign opened with the mssfile.
TRACE::2025-05-31.13:56:31::SCWMssOS::Completed writemss as part of save.
TRACE::2025-05-31.13:56:31::SCWMssOS::Commit changes completed.
TRACE::2025-05-31.13:56:31::SCWMssOS::Saving the mss changes D:/proyectosep2/IEE2463-SEP-Proyecto-2-Z8/music_player/vitis2/music_player_plt/ps7_cortexa9_0/standalone_domain/bsp/system.mss
TRACE::2025-05-31.13:56:31::SCWMssOS::Found a swdesign opened with the mssfile.
TRACE::2025-05-31.13:56:31::SCWMssOS::Completed writemss as part of save.
TRACE::2025-05-31.13:56:31::SCWMssOS::Commit changes completed.
TRACE::2025-05-31.13:56:31::SCWPlatform::Trying to open the hw design at D:/proyectosep2/IEE2463-SEP-Proyecto-2-Z8/music_player/vitis2/music_player_plt/hw/design_1_wrapper.xsa
TRACE::2025-05-31.13:56:31::SCWPlatform::DSA given D:/proyectosep2/IEE2463-SEP-Proyecto-2-Z8/music_player/vitis2/music_player_plt/hw/design_1_wrapper.xsa
TRACE::2025-05-31.13:56:31::SCWPlatform::DSA absoulate path D:/proyectosep2/IEE2463-SEP-Proyecto-2-Z8/music_player/vitis2/music_player_plt/hw/design_1_wrapper.xsa
TRACE::2025-05-31.13:56:31::SCWPlatform::DSA directory D:/proyectosep2/IEE2463-SEP-Proyecto-2-Z8/music_player/vitis2/music_player_plt/hw
TRACE::2025-05-31.13:56:31::SCWPlatform:: Platform Path D:/proyectosep2/IEE2463-SEP-Proyecto-2-Z8/music_player/vitis2/music_player_plt/hw/design_1_wrapper.xsa
TRACE::2025-05-31.13:56:31::SCWPlatform:: Unique name xilinx:zybo-z7-10::0.0
TRACE::2025-05-31.13:56:31::SCWPlatform::Trying to set the existing hwdb with name design_1_wrapper_0
TRACE::2025-05-31.13:56:31::SCWPlatform::Opened existing hwdb design_1_wrapper_0
TRACE::2025-05-31.13:56:31::SCWPlatform::Found the Hw Db part of the input DSA
TRACE::2025-05-31.13:56:31::SCWMssOS::Checking the sw design at  D:/proyectosep2/IEE2463-SEP-Proyecto-2-Z8/music_player/vitis2/music_player_plt/zynq_fsbl/zynq_fsbl_bsp/system.mss
TRACE::2025-05-31.13:56:31::SCWMssOS::DEBUG:  swdes dump  D:/proyectosep2/IEE2463-SEP-Proyecto-2-Z8/music_player/vitis2/music_player_plt/ps7_cortexa9_0/standalone_domain/bsp/system.mss|system_0||
D:/proyectosep2/IEE2463-SEP-Proyecto-2-Z8/music_player/vitis2/music_player_plt/zynq_fsbl/zynq_fsbl_bsp/system.mss|system||

TRACE::2025-05-31.13:56:31::SCWMssOS::Sw design exists and opened at  D:/proyectosep2/IEE2463-SEP-Proyecto-2-Z8/music_player/vitis2/music_player_plt/zynq_fsbl/zynq_fsbl_bsp/system.mss
TRACE::2025-05-31.13:56:31::SCWPlatform::Trying to open the hw design at D:/proyectosep2/IEE2463-SEP-Proyecto-2-Z8/music_player/vitis2/music_player_plt/hw/design_1_wrapper.xsa
TRACE::2025-05-31.13:56:31::SCWPlatform::DSA given D:/proyectosep2/IEE2463-SEP-Proyecto-2-Z8/music_player/vitis2/music_player_plt/hw/design_1_wrapper.xsa
TRACE::2025-05-31.13:56:31::SCWPlatform::DSA absoulate path D:/proyectosep2/IEE2463-SEP-Proyecto-2-Z8/music_player/vitis2/music_player_plt/hw/design_1_wrapper.xsa
TRACE::2025-05-31.13:56:31::SCWPlatform::DSA directory D:/proyectosep2/IEE2463-SEP-Proyecto-2-Z8/music_player/vitis2/music_player_plt/hw
TRACE::2025-05-31.13:56:31::SCWPlatform:: Platform Path D:/proyectosep2/IEE2463-SEP-Proyecto-2-Z8/music_player/vitis2/music_player_plt/hw/design_1_wrapper.xsa
TRACE::2025-05-31.13:56:31::SCWPlatform:: Unique name xilinx:zybo-z7-10::0.0
TRACE::2025-05-31.13:56:31::SCWPlatform::Trying to set the existing hwdb with name design_1_wrapper_0
TRACE::2025-05-31.13:56:31::SCWPlatform::Opened existing hwdb design_1_wrapper_0
TRACE::2025-05-31.13:56:31::SCWPlatform::Found the Hw Db part of the input DSA
TRACE::2025-05-31.13:56:31::SCWMssOS::Checking the sw design at  D:/proyectosep2/IEE2463-SEP-Proyecto-2-Z8/music_player/vitis2/music_player_plt/zynq_fsbl/zynq_fsbl_bsp/system.mss
TRACE::2025-05-31.13:56:31::SCWMssOS::DEBUG:  swdes dump  D:/proyectosep2/IEE2463-SEP-Proyecto-2-Z8/music_player/vitis2/music_player_plt/ps7_cortexa9_0/standalone_domain/bsp/system.mss|system_0||
D:/proyectosep2/IEE2463-SEP-Proyecto-2-Z8/music_player/vitis2/music_player_plt/zynq_fsbl/zynq_fsbl_bsp/system.mss|system||

TRACE::2025-05-31.13:56:31::SCWMssOS::Sw design exists and opened at  D:/proyectosep2/IEE2463-SEP-Proyecto-2-Z8/music_player/vitis2/music_player_plt/zynq_fsbl/zynq_fsbl_bsp/system.mss
TRACE::2025-05-31.13:56:31::SCWPlatform::Trying to open the hw design at D:/proyectosep2/IEE2463-SEP-Proyecto-2-Z8/music_player/vitis2/music_player_plt/hw/design_1_wrapper.xsa
TRACE::2025-05-31.13:56:31::SCWPlatform::DSA given D:/proyectosep2/IEE2463-SEP-Proyecto-2-Z8/music_player/vitis2/music_player_plt/hw/design_1_wrapper.xsa
TRACE::2025-05-31.13:56:31::SCWPlatform::DSA absoulate path D:/proyectosep2/IEE2463-SEP-Proyecto-2-Z8/music_player/vitis2/music_player_plt/hw/design_1_wrapper.xsa
TRACE::2025-05-31.13:56:31::SCWPlatform::DSA directory D:/proyectosep2/IEE2463-SEP-Proyecto-2-Z8/music_player/vitis2/music_player_plt/hw
TRACE::2025-05-31.13:56:31::SCWPlatform:: Platform Path D:/proyectosep2/IEE2463-SEP-Proyecto-2-Z8/music_player/vitis2/music_player_plt/hw/design_1_wrapper.xsa
TRACE::2025-05-31.13:56:31::SCWPlatform:: Unique name xilinx:zybo-z7-10::0.0
TRACE::2025-05-31.13:56:31::SCWPlatform::Trying to set the existing hwdb with name design_1_wrapper_0
TRACE::2025-05-31.13:56:31::SCWPlatform::Opened existing hwdb design_1_wrapper_0
TRACE::2025-05-31.13:56:31::SCWPlatform::Found the Hw Db part of the input DSA
TRACE::2025-05-31.13:56:31::SCWMssOS::Checking the sw design at  D:/proyectosep2/IEE2463-SEP-Proyecto-2-Z8/music_player/vitis2/music_player_plt/zynq_fsbl/zynq_fsbl_bsp/system.mss
TRACE::2025-05-31.13:56:31::SCWMssOS::DEBUG:  swdes dump  D:/proyectosep2/IEE2463-SEP-Proyecto-2-Z8/music_player/vitis2/music_player_plt/ps7_cortexa9_0/standalone_domain/bsp/system.mss|system_0||
D:/proyectosep2/IEE2463-SEP-Proyecto-2-Z8/music_player/vitis2/music_player_plt/zynq_fsbl/zynq_fsbl_bsp/system.mss|system||

TRACE::2025-05-31.13:56:31::SCWMssOS::Sw design exists and opened at  D:/proyectosep2/IEE2463-SEP-Proyecto-2-Z8/music_player/vitis2/music_player_plt/zynq_fsbl/zynq_fsbl_bsp/system.mss
TRACE::2025-05-31.13:56:31::SCWPlatform::Trying to open the hw design at D:/proyectosep2/IEE2463-SEP-Proyecto-2-Z8/music_player/vitis2/music_player_plt/hw/design_1_wrapper.xsa
TRACE::2025-05-31.13:56:31::SCWPlatform::DSA given D:/proyectosep2/IEE2463-SEP-Proyecto-2-Z8/music_player/vitis2/music_player_plt/hw/design_1_wrapper.xsa
TRACE::2025-05-31.13:56:31::SCWPlatform::DSA absoulate path D:/proyectosep2/IEE2463-SEP-Proyecto-2-Z8/music_player/vitis2/music_player_plt/hw/design_1_wrapper.xsa
TRACE::2025-05-31.13:56:31::SCWPlatform::DSA directory D:/proyectosep2/IEE2463-SEP-Proyecto-2-Z8/music_player/vitis2/music_player_plt/hw
TRACE::2025-05-31.13:56:31::SCWPlatform:: Platform Path D:/proyectosep2/IEE2463-SEP-Proyecto-2-Z8/music_player/vitis2/music_player_plt/hw/design_1_wrapper.xsa
TRACE::2025-05-31.13:56:31::SCWPlatform:: Unique name xilinx:zybo-z7-10::0.0
TRACE::2025-05-31.13:56:31::SCWPlatform::Trying to set the existing hwdb with name design_1_wrapper_0
TRACE::2025-05-31.13:56:31::SCWPlatform::Opened existing hwdb design_1_wrapper_0
TRACE::2025-05-31.13:56:31::SCWPlatform::Found the Hw Db part of the input DSA
TRACE::2025-05-31.13:56:31::SCWMssOS::Checking the sw design at  D:/proyectosep2/IEE2463-SEP-Proyecto-2-Z8/music_player/vitis2/music_player_plt/ps7_cortexa9_0/standalone_domain/bsp/system.mss
TRACE::2025-05-31.13:56:31::SCWMssOS::DEBUG:  swdes dump  D:/proyectosep2/IEE2463-SEP-Proyecto-2-Z8/music_player/vitis2/music_player_plt/ps7_cortexa9_0/standalone_domain/bsp/system.mss|system_0||
D:/proyectosep2/IEE2463-SEP-Proyecto-2-Z8/music_player/vitis2/music_player_plt/zynq_fsbl/zynq_fsbl_bsp/system.mss|system||

TRACE::2025-05-31.13:56:31::SCWMssOS::Sw design exists and opened at  D:/proyectosep2/IEE2463-SEP-Proyecto-2-Z8/music_player/vitis2/music_player_plt/ps7_cortexa9_0/standalone_domain/bsp/system.mss
TRACE::2025-05-31.13:56:31::SCWPlatform::Trying to open the hw design at D:/proyectosep2/IEE2463-SEP-Proyecto-2-Z8/music_player/vitis2/music_player_plt/hw/design_1_wrapper.xsa
TRACE::2025-05-31.13:56:31::SCWPlatform::DSA given D:/proyectosep2/IEE2463-SEP-Proyecto-2-Z8/music_player/vitis2/music_player_plt/hw/design_1_wrapper.xsa
TRACE::2025-05-31.13:56:31::SCWPlatform::DSA absoulate path D:/proyectosep2/IEE2463-SEP-Proyecto-2-Z8/music_player/vitis2/music_player_plt/hw/design_1_wrapper.xsa
TRACE::2025-05-31.13:56:31::SCWPlatform::DSA directory D:/proyectosep2/IEE2463-SEP-Proyecto-2-Z8/music_player/vitis2/music_player_plt/hw
TRACE::2025-05-31.13:56:31::SCWPlatform:: Platform Path D:/proyectosep2/IEE2463-SEP-Proyecto-2-Z8/music_player/vitis2/music_player_plt/hw/design_1_wrapper.xsa
TRACE::2025-05-31.13:56:31::SCWPlatform:: Unique name xilinx:zybo-z7-10::0.0
TRACE::2025-05-31.13:56:31::SCWPlatform::Trying to set the existing hwdb with name design_1_wrapper_0
TRACE::2025-05-31.13:56:31::SCWPlatform::Opened existing hwdb design_1_wrapper_0
TRACE::2025-05-31.13:56:31::SCWPlatform::Found the Hw Db part of the input DSA
TRACE::2025-05-31.13:56:31::SCWMssOS::Checking the sw design at  D:/proyectosep2/IEE2463-SEP-Proyecto-2-Z8/music_player/vitis2/music_player_plt/ps7_cortexa9_0/standalone_domain/bsp/system.mss
TRACE::2025-05-31.13:56:31::SCWMssOS::DEBUG:  swdes dump  D:/proyectosep2/IEE2463-SEP-Proyecto-2-Z8/music_player/vitis2/music_player_plt/ps7_cortexa9_0/standalone_domain/bsp/system.mss|system_0||
D:/proyectosep2/IEE2463-SEP-Proyecto-2-Z8/music_player/vitis2/music_player_plt/zynq_fsbl/zynq_fsbl_bsp/system.mss|system||

TRACE::2025-05-31.13:56:31::SCWMssOS::Sw design exists and opened at  D:/proyectosep2/IEE2463-SEP-Proyecto-2-Z8/music_player/vitis2/music_player_plt/ps7_cortexa9_0/standalone_domain/bsp/system.mss
TRACE::2025-05-31.13:56:31::SCWPlatform::Trying to open the hw design at D:/proyectosep2/IEE2463-SEP-Proyecto-2-Z8/music_player/vitis2/music_player_plt/hw/design_1_wrapper.xsa
TRACE::2025-05-31.13:56:31::SCWPlatform::DSA given D:/proyectosep2/IEE2463-SEP-Proyecto-2-Z8/music_player/vitis2/music_player_plt/hw/design_1_wrapper.xsa
TRACE::2025-05-31.13:56:31::SCWPlatform::DSA absoulate path D:/proyectosep2/IEE2463-SEP-Proyecto-2-Z8/music_player/vitis2/music_player_plt/hw/design_1_wrapper.xsa
TRACE::2025-05-31.13:56:31::SCWPlatform::DSA directory D:/proyectosep2/IEE2463-SEP-Proyecto-2-Z8/music_player/vitis2/music_player_plt/hw
TRACE::2025-05-31.13:56:31::SCWPlatform:: Platform Path D:/proyectosep2/IEE2463-SEP-Proyecto-2-Z8/music_player/vitis2/music_player_plt/hw/design_1_wrapper.xsa
TRACE::2025-05-31.13:56:31::SCWPlatform:: Unique name xilinx:zybo-z7-10::0.0
TRACE::2025-05-31.13:56:31::SCWPlatform::Trying to set the existing hwdb with name design_1_wrapper_0
TRACE::2025-05-31.13:56:31::SCWPlatform::Opened existing hwdb design_1_wrapper_0
TRACE::2025-05-31.13:56:31::SCWPlatform::Found the Hw Db part of the input DSA
TRACE::2025-05-31.13:56:31::SCWMssOS::Checking the sw design at  D:/proyectosep2/IEE2463-SEP-Proyecto-2-Z8/music_player/vitis2/music_player_plt/ps7_cortexa9_0/standalone_domain/bsp/system.mss
TRACE::2025-05-31.13:56:31::SCWMssOS::DEBUG:  swdes dump  D:/proyectosep2/IEE2463-SEP-Proyecto-2-Z8/music_player/vitis2/music_player_plt/ps7_cortexa9_0/standalone_domain/bsp/system.mss|system_0||
D:/proyectosep2/IEE2463-SEP-Proyecto-2-Z8/music_player/vitis2/music_player_plt/zynq_fsbl/zynq_fsbl_bsp/system.mss|system||

TRACE::2025-05-31.13:56:31::SCWMssOS::Sw design exists and opened at  D:/proyectosep2/IEE2463-SEP-Proyecto-2-Z8/music_player/vitis2/music_player_plt/ps7_cortexa9_0/standalone_domain/bsp/system.mss
TRACE::2025-05-31.13:56:31::SCWWriter::formatted JSON is {
	"platformName":	"music_player_plt",
	"sprVersion":	"2.0",
	"mode":	"gui",
	"dsaType":	"Fixed",
	"platformDesc":	"music_player_plt",
	"platHandOff":	"D:/proyectosep2/IEE2463-SEP-Proyecto-2-Z8/music_player/music_player/design_1_wrapper.xsa",
	"platIntHandOff":	"<platformDir>/hw/design_1_wrapper.xsa",
	"deviceType":	"zynq",
	"platIsPrebuiltAutogen":	"false",
	"platIsNoBootBsp":	"false",
	"platFsblTarget":	"ps7_cortexa9_0",
	"hasFsblMakeHasChanges":	"false",
	"hasPmufwMakeHasChanges":	"false",
	"fsblExtraCompilerFlags":	"-MMD -MP       -mcpu=cortex-a9 -mfpu=vfpv3 -mfloat-abi=hard ",
	"platPreBuiltFlag":	false,
	"platformSamplesDir":	"",
	"platActiveSys":	"music_player_plt",
	"systems":	[{
			"systemName":	"music_player_plt",
			"systemDesc":	"music_player_plt",
			"sysIsBootAutoGen":	"true",
			"systemDispName":	"music_player_plt",
			"sysActiveDom":	"standalone_domain",
			"sysDefaultDom":	"standalone_domain",
			"domains":	[{
					"domainName":	"zynq_fsbl",
					"domainDispName":	"zynq_fsbl",
					"domainDesc":	"FSBL Application BSP - Auto Generated.",
					"processors":	"ps7_cortexa9_0",
					"os":	"standalone",
					"sdxOs":	"standalone",
					"debugEnable":	"",
					"domRuntimes":	["cpp"],
					"swRepo":	"",
					"mssOsVer":	"7.2",
					"mssFile":	"",
					"md5Digest":	"f649a90a47f54d59c50c6b3f6748da03",
					"compatibleApp":	"zynq_fsbl",
					"domType":	"bootDomain",
					"appSettings":	{
						"appCompilerFlags":	"",
						"appLinkerFlags":	""
					},
					"addedLibs":	["xilffs:4.3", "xilrsa:1.6"],
					"libOptions":	{
						"libsContainingOptions":	[]
					},
					"prebuiltLibs":	{
						"prebuiltIncPath":	[],
						"prebuiltLibPath":	[]
					},
					"isolation":	{
					}
				}, {
					"domainName":	"standalone_domain",
					"domainDispName":	"standalone on ps7_cortexa9_0",
					"domainDesc":	"standalone_domain",
					"processors":	"ps7_cortexa9_0",
					"os":	"standalone",
					"sdxOs":	"standalone",
					"qemuArgs":	"D:/Xilinx/Vitis/2020.1/data/emulation/platforms/zynq/qemu/qemu_args.txt",
					"qemuData":	"D:/Xilinx/Vitis/2020.1/data/emulation/platforms/zynq/qemu/",
					"debugEnable":	"False",
					"domRuntimes":	["cpp"],
					"swRepo":	"",
					"mssOsVer":	"7.2",
					"mssFile":	"",
					"md5Digest":	"a37611641fc7b448a0fdfdb6f26dda28",
					"compatibleApp":	"",
					"domType":	"mssDomain",
					"appSettings":	{
						"appCompilerFlags":	"",
						"appLinkerFlags":	""
					},
					"addedLibs":	[],
					"libOptions":	{
						"libsContainingOptions":	[]
					},
					"prebuiltLibs":	{
						"prebuiltIncPath":	[],
						"prebuiltLibPath":	[]
					},
					"isolation":	{
					}
				}]
		}]
}
TRACE::2025-05-31.13:56:31::SCWMssOS::Saving the mss changes D:/proyectosep2/IEE2463-SEP-Proyecto-2-Z8/music_player/vitis2/music_player_plt/zynq_fsbl/zynq_fsbl_bsp/system.mss
TRACE::2025-05-31.13:56:31::SCWMssOS::Found a swdesign opened with the mssfile.
TRACE::2025-05-31.13:56:31::SCWMssOS::Completed writemss as part of save.
TRACE::2025-05-31.13:56:31::SCWMssOS::Commit changes completed.
TRACE::2025-05-31.13:56:31::SCWMssOS::Saving the mss changes D:/proyectosep2/IEE2463-SEP-Proyecto-2-Z8/music_player/vitis2/music_player_plt/ps7_cortexa9_0/standalone_domain/bsp/system.mss
TRACE::2025-05-31.13:56:31::SCWMssOS::Found a swdesign opened with the mssfile.
TRACE::2025-05-31.13:56:31::SCWMssOS::Completed writemss as part of save.
TRACE::2025-05-31.13:56:31::SCWMssOS::Commit changes completed.
TRACE::2025-05-31.13:56:31::SCWPlatform::Trying to open the hw design at D:/proyectosep2/IEE2463-SEP-Proyecto-2-Z8/music_player/vitis2/music_player_plt/hw/design_1_wrapper.xsa
TRACE::2025-05-31.13:56:31::SCWPlatform::DSA given D:/proyectosep2/IEE2463-SEP-Proyecto-2-Z8/music_player/vitis2/music_player_plt/hw/design_1_wrapper.xsa
TRACE::2025-05-31.13:56:31::SCWPlatform::DSA absoulate path D:/proyectosep2/IEE2463-SEP-Proyecto-2-Z8/music_player/vitis2/music_player_plt/hw/design_1_wrapper.xsa
TRACE::2025-05-31.13:56:31::SCWPlatform::DSA directory D:/proyectosep2/IEE2463-SEP-Proyecto-2-Z8/music_player/vitis2/music_player_plt/hw
TRACE::2025-05-31.13:56:31::SCWPlatform:: Platform Path D:/proyectosep2/IEE2463-SEP-Proyecto-2-Z8/music_player/vitis2/music_player_plt/hw/design_1_wrapper.xsa
TRACE::2025-05-31.13:56:31::SCWPlatform:: Unique name xilinx:zybo-z7-10::0.0
TRACE::2025-05-31.13:56:31::SCWPlatform::Trying to set the existing hwdb with name design_1_wrapper_0
TRACE::2025-05-31.13:56:31::SCWPlatform::Opened existing hwdb design_1_wrapper_0
TRACE::2025-05-31.13:56:31::SCWPlatform::Found the Hw Db part of the input DSA
TRACE::2025-05-31.13:56:31::SCWMssOS::Checking the sw design at  D:/proyectosep2/IEE2463-SEP-Proyecto-2-Z8/music_player/vitis2/music_player_plt/zynq_fsbl/zynq_fsbl_bsp/system.mss
TRACE::2025-05-31.13:56:31::SCWMssOS::DEBUG:  swdes dump  D:/proyectosep2/IEE2463-SEP-Proyecto-2-Z8/music_player/vitis2/music_player_plt/ps7_cortexa9_0/standalone_domain/bsp/system.mss|system_0||
D:/proyectosep2/IEE2463-SEP-Proyecto-2-Z8/music_player/vitis2/music_player_plt/zynq_fsbl/zynq_fsbl_bsp/system.mss|system||

TRACE::2025-05-31.13:56:31::SCWMssOS::Sw design exists and opened at  D:/proyectosep2/IEE2463-SEP-Proyecto-2-Z8/music_player/vitis2/music_player_plt/zynq_fsbl/zynq_fsbl_bsp/system.mss
TRACE::2025-05-31.13:56:31::SCWPlatform::Trying to open the hw design at D:/proyectosep2/IEE2463-SEP-Proyecto-2-Z8/music_player/vitis2/music_player_plt/hw/design_1_wrapper.xsa
TRACE::2025-05-31.13:56:31::SCWPlatform::DSA given D:/proyectosep2/IEE2463-SEP-Proyecto-2-Z8/music_player/vitis2/music_player_plt/hw/design_1_wrapper.xsa
TRACE::2025-05-31.13:56:31::SCWPlatform::DSA absoulate path D:/proyectosep2/IEE2463-SEP-Proyecto-2-Z8/music_player/vitis2/music_player_plt/hw/design_1_wrapper.xsa
TRACE::2025-05-31.13:56:31::SCWPlatform::DSA directory D:/proyectosep2/IEE2463-SEP-Proyecto-2-Z8/music_player/vitis2/music_player_plt/hw
TRACE::2025-05-31.13:56:31::SCWPlatform:: Platform Path D:/proyectosep2/IEE2463-SEP-Proyecto-2-Z8/music_player/vitis2/music_player_plt/hw/design_1_wrapper.xsa
TRACE::2025-05-31.13:56:31::SCWPlatform:: Unique name xilinx:zybo-z7-10::0.0
TRACE::2025-05-31.13:56:31::SCWPlatform::Trying to set the existing hwdb with name design_1_wrapper_0
TRACE::2025-05-31.13:56:31::SCWPlatform::Opened existing hwdb design_1_wrapper_0
TRACE::2025-05-31.13:56:31::SCWPlatform::Found the Hw Db part of the input DSA
TRACE::2025-05-31.13:56:31::SCWMssOS::Checking the sw design at  D:/proyectosep2/IEE2463-SEP-Proyecto-2-Z8/music_player/vitis2/music_player_plt/zynq_fsbl/zynq_fsbl_bsp/system.mss
TRACE::2025-05-31.13:56:31::SCWMssOS::DEBUG:  swdes dump  D:/proyectosep2/IEE2463-SEP-Proyecto-2-Z8/music_player/vitis2/music_player_plt/ps7_cortexa9_0/standalone_domain/bsp/system.mss|system_0||
D:/proyectosep2/IEE2463-SEP-Proyecto-2-Z8/music_player/vitis2/music_player_plt/zynq_fsbl/zynq_fsbl_bsp/system.mss|system||

TRACE::2025-05-31.13:56:31::SCWMssOS::Sw design exists and opened at  D:/proyectosep2/IEE2463-SEP-Proyecto-2-Z8/music_player/vitis2/music_player_plt/zynq_fsbl/zynq_fsbl_bsp/system.mss
TRACE::2025-05-31.13:56:31::SCWPlatform::Trying to open the hw design at D:/proyectosep2/IEE2463-SEP-Proyecto-2-Z8/music_player/vitis2/music_player_plt/hw/design_1_wrapper.xsa
TRACE::2025-05-31.13:56:31::SCWPlatform::DSA given D:/proyectosep2/IEE2463-SEP-Proyecto-2-Z8/music_player/vitis2/music_player_plt/hw/design_1_wrapper.xsa
TRACE::2025-05-31.13:56:31::SCWPlatform::DSA absoulate path D:/proyectosep2/IEE2463-SEP-Proyecto-2-Z8/music_player/vitis2/music_player_plt/hw/design_1_wrapper.xsa
TRACE::2025-05-31.13:56:31::SCWPlatform::DSA directory D:/proyectosep2/IEE2463-SEP-Proyecto-2-Z8/music_player/vitis2/music_player_plt/hw
TRACE::2025-05-31.13:56:31::SCWPlatform:: Platform Path D:/proyectosep2/IEE2463-SEP-Proyecto-2-Z8/music_player/vitis2/music_player_plt/hw/design_1_wrapper.xsa
TRACE::2025-05-31.13:56:31::SCWPlatform:: Unique name xilinx:zybo-z7-10::0.0
TRACE::2025-05-31.13:56:31::SCWPlatform::Trying to set the existing hwdb with name design_1_wrapper_0
TRACE::2025-05-31.13:56:31::SCWPlatform::Opened existing hwdb design_1_wrapper_0
TRACE::2025-05-31.13:56:31::SCWPlatform::Found the Hw Db part of the input DSA
TRACE::2025-05-31.13:56:31::SCWMssOS::Checking the sw design at  D:/proyectosep2/IEE2463-SEP-Proyecto-2-Z8/music_player/vitis2/music_player_plt/zynq_fsbl/zynq_fsbl_bsp/system.mss
TRACE::2025-05-31.13:56:31::SCWMssOS::DEBUG:  swdes dump  D:/proyectosep2/IEE2463-SEP-Proyecto-2-Z8/music_player/vitis2/music_player_plt/ps7_cortexa9_0/standalone_domain/bsp/system.mss|system_0||
D:/proyectosep2/IEE2463-SEP-Proyecto-2-Z8/music_player/vitis2/music_player_plt/zynq_fsbl/zynq_fsbl_bsp/system.mss|system||

TRACE::2025-05-31.13:56:31::SCWMssOS::Sw design exists and opened at  D:/proyectosep2/IEE2463-SEP-Proyecto-2-Z8/music_player/vitis2/music_player_plt/zynq_fsbl/zynq_fsbl_bsp/system.mss
TRACE::2025-05-31.13:56:31::SCWPlatform::Trying to open the hw design at D:/proyectosep2/IEE2463-SEP-Proyecto-2-Z8/music_player/vitis2/music_player_plt/hw/design_1_wrapper.xsa
TRACE::2025-05-31.13:56:31::SCWPlatform::DSA given D:/proyectosep2/IEE2463-SEP-Proyecto-2-Z8/music_player/vitis2/music_player_plt/hw/design_1_wrapper.xsa
TRACE::2025-05-31.13:56:31::SCWPlatform::DSA absoulate path D:/proyectosep2/IEE2463-SEP-Proyecto-2-Z8/music_player/vitis2/music_player_plt/hw/design_1_wrapper.xsa
TRACE::2025-05-31.13:56:31::SCWPlatform::DSA directory D:/proyectosep2/IEE2463-SEP-Proyecto-2-Z8/music_player/vitis2/music_player_plt/hw
TRACE::2025-05-31.13:56:31::SCWPlatform:: Platform Path D:/proyectosep2/IEE2463-SEP-Proyecto-2-Z8/music_player/vitis2/music_player_plt/hw/design_1_wrapper.xsa
TRACE::2025-05-31.13:56:31::SCWPlatform:: Unique name xilinx:zybo-z7-10::0.0
TRACE::2025-05-31.13:56:31::SCWPlatform::Trying to set the existing hwdb with name design_1_wrapper_0
TRACE::2025-05-31.13:56:31::SCWPlatform::Opened existing hwdb design_1_wrapper_0
TRACE::2025-05-31.13:56:31::SCWPlatform::Found the Hw Db part of the input DSA
TRACE::2025-05-31.13:56:31::SCWMssOS::Checking the sw design at  D:/proyectosep2/IEE2463-SEP-Proyecto-2-Z8/music_player/vitis2/music_player_plt/ps7_cortexa9_0/standalone_domain/bsp/system.mss
TRACE::2025-05-31.13:56:31::SCWMssOS::DEBUG:  swdes dump  D:/proyectosep2/IEE2463-SEP-Proyecto-2-Z8/music_player/vitis2/music_player_plt/ps7_cortexa9_0/standalone_domain/bsp/system.mss|system_0||
D:/proyectosep2/IEE2463-SEP-Proyecto-2-Z8/music_player/vitis2/music_player_plt/zynq_fsbl/zynq_fsbl_bsp/system.mss|system||

TRACE::2025-05-31.13:56:31::SCWMssOS::Sw design exists and opened at  D:/proyectosep2/IEE2463-SEP-Proyecto-2-Z8/music_player/vitis2/music_player_plt/ps7_cortexa9_0/standalone_domain/bsp/system.mss
TRACE::2025-05-31.13:56:31::SCWPlatform::Trying to open the hw design at D:/proyectosep2/IEE2463-SEP-Proyecto-2-Z8/music_player/vitis2/music_player_plt/hw/design_1_wrapper.xsa
TRACE::2025-05-31.13:56:31::SCWPlatform::DSA given D:/proyectosep2/IEE2463-SEP-Proyecto-2-Z8/music_player/vitis2/music_player_plt/hw/design_1_wrapper.xsa
TRACE::2025-05-31.13:56:31::SCWPlatform::DSA absoulate path D:/proyectosep2/IEE2463-SEP-Proyecto-2-Z8/music_player/vitis2/music_player_plt/hw/design_1_wrapper.xsa
TRACE::2025-05-31.13:56:31::SCWPlatform::DSA directory D:/proyectosep2/IEE2463-SEP-Proyecto-2-Z8/music_player/vitis2/music_player_plt/hw
TRACE::2025-05-31.13:56:31::SCWPlatform:: Platform Path D:/proyectosep2/IEE2463-SEP-Proyecto-2-Z8/music_player/vitis2/music_player_plt/hw/design_1_wrapper.xsa
TRACE::2025-05-31.13:56:31::SCWPlatform:: Unique name xilinx:zybo-z7-10::0.0
TRACE::2025-05-31.13:56:31::SCWPlatform::Trying to set the existing hwdb with name design_1_wrapper_0
TRACE::2025-05-31.13:56:31::SCWPlatform::Opened existing hwdb design_1_wrapper_0
TRACE::2025-05-31.13:56:31::SCWPlatform::Found the Hw Db part of the input DSA
TRACE::2025-05-31.13:56:31::SCWMssOS::Checking the sw design at  D:/proyectosep2/IEE2463-SEP-Proyecto-2-Z8/music_player/vitis2/music_player_plt/ps7_cortexa9_0/standalone_domain/bsp/system.mss
TRACE::2025-05-31.13:56:31::SCWMssOS::DEBUG:  swdes dump  D:/proyectosep2/IEE2463-SEP-Proyecto-2-Z8/music_player/vitis2/music_player_plt/ps7_cortexa9_0/standalone_domain/bsp/system.mss|system_0||
D:/proyectosep2/IEE2463-SEP-Proyecto-2-Z8/music_player/vitis2/music_player_plt/zynq_fsbl/zynq_fsbl_bsp/system.mss|system||

TRACE::2025-05-31.13:56:31::SCWMssOS::Sw design exists and opened at  D:/proyectosep2/IEE2463-SEP-Proyecto-2-Z8/music_player/vitis2/music_player_plt/ps7_cortexa9_0/standalone_domain/bsp/system.mss
TRACE::2025-05-31.13:56:31::SCWPlatform::Trying to open the hw design at D:/proyectosep2/IEE2463-SEP-Proyecto-2-Z8/music_player/vitis2/music_player_plt/hw/design_1_wrapper.xsa
TRACE::2025-05-31.13:56:31::SCWPlatform::DSA given D:/proyectosep2/IEE2463-SEP-Proyecto-2-Z8/music_player/vitis2/music_player_plt/hw/design_1_wrapper.xsa
TRACE::2025-05-31.13:56:31::SCWPlatform::DSA absoulate path D:/proyectosep2/IEE2463-SEP-Proyecto-2-Z8/music_player/vitis2/music_player_plt/hw/design_1_wrapper.xsa
TRACE::2025-05-31.13:56:31::SCWPlatform::DSA directory D:/proyectosep2/IEE2463-SEP-Proyecto-2-Z8/music_player/vitis2/music_player_plt/hw
TRACE::2025-05-31.13:56:31::SCWPlatform:: Platform Path D:/proyectosep2/IEE2463-SEP-Proyecto-2-Z8/music_player/vitis2/music_player_plt/hw/design_1_wrapper.xsa
TRACE::2025-05-31.13:56:31::SCWPlatform:: Unique name xilinx:zybo-z7-10::0.0
TRACE::2025-05-31.13:56:31::SCWPlatform::Trying to set the existing hwdb with name design_1_wrapper_0
TRACE::2025-05-31.13:56:31::SCWPlatform::Opened existing hwdb design_1_wrapper_0
TRACE::2025-05-31.13:56:31::SCWPlatform::Found the Hw Db part of the input DSA
TRACE::2025-05-31.13:56:31::SCWMssOS::Checking the sw design at  D:/proyectosep2/IEE2463-SEP-Proyecto-2-Z8/music_player/vitis2/music_player_plt/ps7_cortexa9_0/standalone_domain/bsp/system.mss
TRACE::2025-05-31.13:56:31::SCWMssOS::DEBUG:  swdes dump  D:/proyectosep2/IEE2463-SEP-Proyecto-2-Z8/music_player/vitis2/music_player_plt/ps7_cortexa9_0/standalone_domain/bsp/system.mss|system_0||
D:/proyectosep2/IEE2463-SEP-Proyecto-2-Z8/music_player/vitis2/music_player_plt/zynq_fsbl/zynq_fsbl_bsp/system.mss|system||

TRACE::2025-05-31.13:56:31::SCWMssOS::Sw design exists and opened at  D:/proyectosep2/IEE2463-SEP-Proyecto-2-Z8/music_player/vitis2/music_player_plt/ps7_cortexa9_0/standalone_domain/bsp/system.mss
TRACE::2025-05-31.13:56:31::SCWWriter::formatted JSON is {
	"platformName":	"music_player_plt",
	"sprVersion":	"2.0",
	"mode":	"gui",
	"dsaType":	"Fixed",
	"platformDesc":	"music_player_plt",
	"platHandOff":	"D:/proyectosep2/IEE2463-SEP-Proyecto-2-Z8/music_player/music_player/design_1_wrapper.xsa",
	"platIntHandOff":	"<platformDir>/hw/design_1_wrapper.xsa",
	"deviceType":	"zynq",
	"platIsPrebuiltAutogen":	"false",
	"platIsNoBootBsp":	"false",
	"platFsblTarget":	"ps7_cortexa9_0",
	"hasFsblMakeHasChanges":	"false",
	"hasPmufwMakeHasChanges":	"false",
	"fsblExtraCompilerFlags":	"-MMD -MP       -mcpu=cortex-a9 -mfpu=vfpv3 -mfloat-abi=hard ",
	"platPreBuiltFlag":	false,
	"platformSamplesDir":	"",
	"platActiveSys":	"music_player_plt",
	"systems":	[{
			"systemName":	"music_player_plt",
			"systemDesc":	"music_player_plt",
			"sysIsBootAutoGen":	"true",
			"systemDispName":	"music_player_plt",
			"sysActiveDom":	"standalone_domain",
			"sysDefaultDom":	"standalone_domain",
			"domains":	[{
					"domainName":	"zynq_fsbl",
					"domainDispName":	"zynq_fsbl",
					"domainDesc":	"FSBL Application BSP - Auto Generated.",
					"processors":	"ps7_cortexa9_0",
					"os":	"standalone",
					"sdxOs":	"standalone",
					"debugEnable":	"",
					"domRuntimes":	["cpp"],
					"swRepo":	"",
					"mssOsVer":	"7.2",
					"mssFile":	"",
					"md5Digest":	"f649a90a47f54d59c50c6b3f6748da03",
					"compatibleApp":	"zynq_fsbl",
					"domType":	"bootDomain",
					"appSettings":	{
						"appCompilerFlags":	"",
						"appLinkerFlags":	""
					},
					"addedLibs":	["xilffs:4.3", "xilrsa:1.6"],
					"libOptions":	{
						"libsContainingOptions":	[]
					},
					"prebuiltLibs":	{
						"prebuiltIncPath":	[],
						"prebuiltLibPath":	[]
					},
					"isolation":	{
					}
				}, {
					"domainName":	"standalone_domain",
					"domainDispName":	"standalone on ps7_cortexa9_0",
					"domainDesc":	"standalone_domain",
					"processors":	"ps7_cortexa9_0",
					"os":	"standalone",
					"sdxOs":	"standalone",
					"qemuArgs":	"D:/Xilinx/Vitis/2020.1/data/emulation/platforms/zynq/qemu/qemu_args.txt",
					"qemuData":	"D:/Xilinx/Vitis/2020.1/data/emulation/platforms/zynq/qemu/",
					"debugEnable":	"False",
					"domRuntimes":	["cpp"],
					"swRepo":	"",
					"mssOsVer":	"7.2",
					"mssFile":	"",
					"md5Digest":	"a37611641fc7b448a0fdfdb6f26dda28",
					"compatibleApp":	"",
					"domType":	"mssDomain",
					"appSettings":	{
						"appCompilerFlags":	"",
						"appLinkerFlags":	""
					},
					"addedLibs":	[],
					"libOptions":	{
						"libsContainingOptions":	[]
					},
					"prebuiltLibs":	{
						"prebuiltIncPath":	[],
						"prebuiltLibPath":	[]
					},
					"isolation":	{
					}
				}]
		}]
}
TRACE::2025-05-31.13:56:32::SCWPlatform::Clearing the existing platform
TRACE::2025-05-31.13:56:32::SCWSystem::Clearing the existing sysconfig
TRACE::2025-05-31.13:56:32::SCWBDomain::clearing the fsbl build
TRACE::2025-05-31.13:56:32::SCWMssOS::Removing the swdes entry for  D:/proyectosep2/IEE2463-SEP-Proyecto-2-Z8/music_player/vitis2/music_player_plt/zynq_fsbl/zynq_fsbl_bsp/system.mss
TRACE::2025-05-31.13:56:32::SCWMssOS::Removing the swdes entry for  D:/proyectosep2/IEE2463-SEP-Proyecto-2-Z8/music_player/vitis2/music_player_plt/ps7_cortexa9_0/standalone_domain/bsp/system.mss
TRACE::2025-05-31.13:56:32::SCWSystem::Clearing the domains completed.
TRACE::2025-05-31.13:56:32::SCWPlatform::Clearing the opened hw db.
TRACE::2025-05-31.13:56:32::SCWPlatform::DSA given D:/proyectosep2/IEE2463-SEP-Proyecto-2-Z8/music_player/vitis2/music_player_plt/hw/design_1_wrapper.xsa
TRACE::2025-05-31.13:56:32::SCWPlatform::DSA absoulate path D:/proyectosep2/IEE2463-SEP-Proyecto-2-Z8/music_player/vitis2/music_player_plt/hw/design_1_wrapper.xsa
TRACE::2025-05-31.13:56:32::SCWPlatform:: Platform location is D:/proyectosep2/IEE2463-SEP-Proyecto-2-Z8/music_player/vitis2/music_player_plt/hw
TRACE::2025-05-31.13:56:32::SCWPlatform:: Platform Path D:/proyectosep2/IEE2463-SEP-Proyecto-2-Z8/music_player/vitis2/music_player_plt/hw/design_1_wrapper.xsa
TRACE::2025-05-31.13:56:32::SCWPlatform:: Unique name xilinx:zybo-z7-10::0.0
TRACE::2025-05-31.13:56:32::SCWPlatform::Removing the HwDB with name D:/proyectosep2/IEE2463-SEP-Proyecto-2-Z8/music_player/vitis2/music_player_plt/hw/design_1_wrapper.xsa
TRACE::2025-05-31.13:56:32::SCWPlatform::Trying to open the hw design at D:/proyectosep2/IEE2463-SEP-Proyecto-2-Z8/music_player/vitis2/music_player_plt/hw/design_1_wrapper.xsa
TRACE::2025-05-31.13:56:32::SCWPlatform::DSA given D:/proyectosep2/IEE2463-SEP-Proyecto-2-Z8/music_player/vitis2/music_player_plt/hw/design_1_wrapper.xsa
TRACE::2025-05-31.13:56:32::SCWPlatform::DSA absoulate path D:/proyectosep2/IEE2463-SEP-Proyecto-2-Z8/music_player/vitis2/music_player_plt/hw/design_1_wrapper.xsa
TRACE::2025-05-31.13:56:32::SCWPlatform::DSA directory D:/proyectosep2/IEE2463-SEP-Proyecto-2-Z8/music_player/vitis2/music_player_plt/hw
TRACE::2025-05-31.13:56:32::SCWPlatform:: Platform Path D:/proyectosep2/IEE2463-SEP-Proyecto-2-Z8/music_player/vitis2/music_player_plt/hw/design_1_wrapper.xsa
TRACE::2025-05-31.13:56:32::SCWPlatform:: Unique name xilinx:zybo-z7-10::0.0
TRACE::2025-05-31.13:56:32::SCWPlatform::Do not have an existing db opened. 
TRACE::2025-05-31.13:56:36::SCWPlatform::Opened new HwDB with name design_1_wrapper_1
TRACE::2025-05-31.13:56:36::SCWReader::Active system found as  music_player_plt
TRACE::2025-05-31.13:56:36::SCWReader::Handling sysconfig music_player_plt
TRACE::2025-05-31.13:56:36::SCWDomain::checking for install qemu data   : 
TRACE::2025-05-31.13:56:36::SCWDomain:: Using the QEMU Data from install at  : D:/Xilinx/Vitis/2020.1/data/emulation/platforms/zynq/qemu/
TRACE::2025-05-31.13:56:36::SCWDomain:: Using the QEMU args  from install at  : D:/Xilinx/Vitis/2020.1/data/emulation/platforms/zynq/qemu/qemu_args.txt
TRACE::2025-05-31.13:56:36::SCWPlatform::Trying to open the hw design at D:/proyectosep2/IEE2463-SEP-Proyecto-2-Z8/music_player/vitis2/music_player_plt/hw/design_1_wrapper.xsa
TRACE::2025-05-31.13:56:36::SCWPlatform::DSA given D:/proyectosep2/IEE2463-SEP-Proyecto-2-Z8/music_player/vitis2/music_player_plt/hw/design_1_wrapper.xsa
TRACE::2025-05-31.13:56:36::SCWPlatform::DSA absoulate path D:/proyectosep2/IEE2463-SEP-Proyecto-2-Z8/music_player/vitis2/music_player_plt/hw/design_1_wrapper.xsa
TRACE::2025-05-31.13:56:36::SCWPlatform::DSA directory D:/proyectosep2/IEE2463-SEP-Proyecto-2-Z8/music_player/vitis2/music_player_plt/hw
TRACE::2025-05-31.13:56:36::SCWPlatform:: Platform Path D:/proyectosep2/IEE2463-SEP-Proyecto-2-Z8/music_player/vitis2/music_player_plt/hw/design_1_wrapper.xsa
TRACE::2025-05-31.13:56:36::SCWPlatform:: Unique name xilinx:zybo-z7-10::0.0
TRACE::2025-05-31.13:56:36::SCWPlatform::Trying to set the existing hwdb with name design_1_wrapper_1
TRACE::2025-05-31.13:56:36::SCWPlatform::Opened existing hwdb design_1_wrapper_1
TRACE::2025-05-31.13:56:36::SCWPlatform::Found the Hw Db part of the input DSA
TRACE::2025-05-31.13:56:36::SCWPlatform::Trying to open the hw design at D:/proyectosep2/IEE2463-SEP-Proyecto-2-Z8/music_player/vitis2/music_player_plt/hw/design_1_wrapper.xsa
TRACE::2025-05-31.13:56:36::SCWPlatform::DSA given D:/proyectosep2/IEE2463-SEP-Proyecto-2-Z8/music_player/vitis2/music_player_plt/hw/design_1_wrapper.xsa
TRACE::2025-05-31.13:56:36::SCWPlatform::DSA absoulate path D:/proyectosep2/IEE2463-SEP-Proyecto-2-Z8/music_player/vitis2/music_player_plt/hw/design_1_wrapper.xsa
TRACE::2025-05-31.13:56:36::SCWPlatform::DSA directory D:/proyectosep2/IEE2463-SEP-Proyecto-2-Z8/music_player/vitis2/music_player_plt/hw
TRACE::2025-05-31.13:56:36::SCWPlatform:: Platform Path D:/proyectosep2/IEE2463-SEP-Proyecto-2-Z8/music_player/vitis2/music_player_plt/hw/design_1_wrapper.xsa
TRACE::2025-05-31.13:56:36::SCWPlatform:: Unique name xilinx:zybo-z7-10::0.0
TRACE::2025-05-31.13:56:36::SCWPlatform::Trying to set the existing hwdb with name design_1_wrapper_1
TRACE::2025-05-31.13:56:36::SCWPlatform::Opened existing hwdb design_1_wrapper_1
TRACE::2025-05-31.13:56:36::SCWPlatform::Found the Hw Db part of the input DSA
TRACE::2025-05-31.13:56:36::SCWPlatform::Trying to open the hw design at D:/proyectosep2/IEE2463-SEP-Proyecto-2-Z8/music_player/vitis2/music_player_plt/hw/design_1_wrapper.xsa
TRACE::2025-05-31.13:56:36::SCWPlatform::DSA given D:/proyectosep2/IEE2463-SEP-Proyecto-2-Z8/music_player/vitis2/music_player_plt/hw/design_1_wrapper.xsa
TRACE::2025-05-31.13:56:36::SCWPlatform::DSA absoulate path D:/proyectosep2/IEE2463-SEP-Proyecto-2-Z8/music_player/vitis2/music_player_plt/hw/design_1_wrapper.xsa
TRACE::2025-05-31.13:56:36::SCWPlatform::DSA directory D:/proyectosep2/IEE2463-SEP-Proyecto-2-Z8/music_player/vitis2/music_player_plt/hw
TRACE::2025-05-31.13:56:36::SCWPlatform:: Platform Path D:/proyectosep2/IEE2463-SEP-Proyecto-2-Z8/music_player/vitis2/music_player_plt/hw/design_1_wrapper.xsa
TRACE::2025-05-31.13:56:36::SCWPlatform:: Unique name xilinx:zybo-z7-10::0.0
TRACE::2025-05-31.13:56:36::SCWPlatform::Trying to set the existing hwdb with name design_1_wrapper_1
TRACE::2025-05-31.13:56:36::SCWPlatform::Opened existing hwdb design_1_wrapper_1
TRACE::2025-05-31.13:56:36::SCWPlatform::Found the Hw Db part of the input DSA
TRACE::2025-05-31.13:56:36::SCWReader::Boot application domain added for zynq_fsbl
TRACE::2025-05-31.13:56:36::SCWPlatform::Trying to open the hw design at D:/proyectosep2/IEE2463-SEP-Proyecto-2-Z8/music_player/vitis2/music_player_plt/hw/design_1_wrapper.xsa
TRACE::2025-05-31.13:56:36::SCWPlatform::DSA given D:/proyectosep2/IEE2463-SEP-Proyecto-2-Z8/music_player/vitis2/music_player_plt/hw/design_1_wrapper.xsa
TRACE::2025-05-31.13:56:36::SCWPlatform::DSA absoulate path D:/proyectosep2/IEE2463-SEP-Proyecto-2-Z8/music_player/vitis2/music_player_plt/hw/design_1_wrapper.xsa
TRACE::2025-05-31.13:56:36::SCWPlatform::DSA directory D:/proyectosep2/IEE2463-SEP-Proyecto-2-Z8/music_player/vitis2/music_player_plt/hw
TRACE::2025-05-31.13:56:36::SCWPlatform:: Platform Path D:/proyectosep2/IEE2463-SEP-Proyecto-2-Z8/music_player/vitis2/music_player_plt/hw/design_1_wrapper.xsa
TRACE::2025-05-31.13:56:36::SCWPlatform:: Unique name xilinx:zybo-z7-10::0.0
TRACE::2025-05-31.13:56:36::SCWPlatform::Trying to set the existing hwdb with name design_1_wrapper_1
TRACE::2025-05-31.13:56:36::SCWPlatform::Opened existing hwdb design_1_wrapper_1
TRACE::2025-05-31.13:56:36::SCWPlatform::Found the Hw Db part of the input DSA
TRACE::2025-05-31.13:56:36::SCWMssOS::Checking the sw design at  D:/proyectosep2/IEE2463-SEP-Proyecto-2-Z8/music_player/vitis2/music_player_plt/zynq_fsbl/zynq_fsbl_bsp/system.mss
TRACE::2025-05-31.13:56:36::SCWMssOS::DEBUG:  swdes dump  
TRACE::2025-05-31.13:56:36::SCWMssOS::No sw design opened at  D:/proyectosep2/IEE2463-SEP-Proyecto-2-Z8/music_player/vitis2/music_player_plt/zynq_fsbl/zynq_fsbl_bsp/system.mss
TRACE::2025-05-31.13:56:36::SCWMssOS::mss exists loading the mss file  D:/proyectosep2/IEE2463-SEP-Proyecto-2-Z8/music_player/vitis2/music_player_plt/zynq_fsbl/zynq_fsbl_bsp/system.mss
TRACE::2025-05-31.13:56:36::SCWMssOS::Opened the sw design from mss  D:/proyectosep2/IEE2463-SEP-Proyecto-2-Z8/music_player/vitis2/music_player_plt/zynq_fsbl/zynq_fsbl_bsp/system.mss
TRACE::2025-05-31.13:56:36::SCWMssOS::Adding the swdes entry D:/proyectosep2/IEE2463-SEP-Proyecto-2-Z8/music_player/vitis2/music_player_plt/zynq_fsbl/zynq_fsbl_bsp/system.mss with des name system
TRACE::2025-05-31.13:56:36::SCWMssOS::updating the scw layer about changes
TRACE::2025-05-31.13:56:36::SCWMssOS::Opened the sw design.  D:/proyectosep2/IEE2463-SEP-Proyecto-2-Z8/music_player/vitis2/music_player_plt/zynq_fsbl/zynq_fsbl_bsp/system.mss
TRACE::2025-05-31.13:56:36::SCWPlatform::Trying to open the hw design at D:/proyectosep2/IEE2463-SEP-Proyecto-2-Z8/music_player/vitis2/music_player_plt/hw/design_1_wrapper.xsa
TRACE::2025-05-31.13:56:36::SCWPlatform::DSA given D:/proyectosep2/IEE2463-SEP-Proyecto-2-Z8/music_player/vitis2/music_player_plt/hw/design_1_wrapper.xsa
TRACE::2025-05-31.13:56:36::SCWPlatform::DSA absoulate path D:/proyectosep2/IEE2463-SEP-Proyecto-2-Z8/music_player/vitis2/music_player_plt/hw/design_1_wrapper.xsa
TRACE::2025-05-31.13:56:36::SCWPlatform::DSA directory D:/proyectosep2/IEE2463-SEP-Proyecto-2-Z8/music_player/vitis2/music_player_plt/hw
TRACE::2025-05-31.13:56:36::SCWPlatform:: Platform Path D:/proyectosep2/IEE2463-SEP-Proyecto-2-Z8/music_player/vitis2/music_player_plt/hw/design_1_wrapper.xsa
TRACE::2025-05-31.13:56:36::SCWPlatform:: Unique name xilinx:zybo-z7-10::0.0
TRACE::2025-05-31.13:56:36::SCWPlatform::Trying to set the existing hwdb with name design_1_wrapper_1
TRACE::2025-05-31.13:56:36::SCWPlatform::Opened existing hwdb design_1_wrapper_1
TRACE::2025-05-31.13:56:36::SCWPlatform::Found the Hw Db part of the input DSA
TRACE::2025-05-31.13:56:36::SCWMssOS::Checking the sw design at  D:/proyectosep2/IEE2463-SEP-Proyecto-2-Z8/music_player/vitis2/music_player_plt/zynq_fsbl/zynq_fsbl_bsp/system.mss
TRACE::2025-05-31.13:56:36::SCWMssOS::DEBUG:  swdes dump  D:/proyectosep2/IEE2463-SEP-Proyecto-2-Z8/music_player/vitis2/music_player_plt/zynq_fsbl/zynq_fsbl_bsp/system.mss|system||

TRACE::2025-05-31.13:56:36::SCWMssOS::Sw design exists and opened at  D:/proyectosep2/IEE2463-SEP-Proyecto-2-Z8/music_player/vitis2/music_player_plt/zynq_fsbl/zynq_fsbl_bsp/system.mss
TRACE::2025-05-31.13:56:36::SCWMssOS:: library already available in sw design:  xilffs:4.3
TRACE::2025-05-31.13:56:36::SCWPlatform::Trying to open the hw design at D:/proyectosep2/IEE2463-SEP-Proyecto-2-Z8/music_player/vitis2/music_player_plt/hw/design_1_wrapper.xsa
TRACE::2025-05-31.13:56:36::SCWPlatform::DSA given D:/proyectosep2/IEE2463-SEP-Proyecto-2-Z8/music_player/vitis2/music_player_plt/hw/design_1_wrapper.xsa
TRACE::2025-05-31.13:56:36::SCWPlatform::DSA absoulate path D:/proyectosep2/IEE2463-SEP-Proyecto-2-Z8/music_player/vitis2/music_player_plt/hw/design_1_wrapper.xsa
TRACE::2025-05-31.13:56:36::SCWPlatform::DSA directory D:/proyectosep2/IEE2463-SEP-Proyecto-2-Z8/music_player/vitis2/music_player_plt/hw
TRACE::2025-05-31.13:56:36::SCWPlatform:: Platform Path D:/proyectosep2/IEE2463-SEP-Proyecto-2-Z8/music_player/vitis2/music_player_plt/hw/design_1_wrapper.xsa
TRACE::2025-05-31.13:56:36::SCWPlatform:: Unique name xilinx:zybo-z7-10::0.0
TRACE::2025-05-31.13:56:36::SCWPlatform::Trying to set the existing hwdb with name design_1_wrapper_1
TRACE::2025-05-31.13:56:36::SCWPlatform::Opened existing hwdb design_1_wrapper_1
TRACE::2025-05-31.13:56:36::SCWPlatform::Found the Hw Db part of the input DSA
TRACE::2025-05-31.13:56:36::SCWMssOS::Checking the sw design at  D:/proyectosep2/IEE2463-SEP-Proyecto-2-Z8/music_player/vitis2/music_player_plt/zynq_fsbl/zynq_fsbl_bsp/system.mss
TRACE::2025-05-31.13:56:36::SCWMssOS::DEBUG:  swdes dump  D:/proyectosep2/IEE2463-SEP-Proyecto-2-Z8/music_player/vitis2/music_player_plt/zynq_fsbl/zynq_fsbl_bsp/system.mss|system||

TRACE::2025-05-31.13:56:36::SCWMssOS::Sw design exists and opened at  D:/proyectosep2/IEE2463-SEP-Proyecto-2-Z8/music_player/vitis2/music_player_plt/zynq_fsbl/zynq_fsbl_bsp/system.mss
TRACE::2025-05-31.13:56:36::SCWMssOS:: library already available in sw design:  xilrsa:1.6
TRACE::2025-05-31.13:56:36::SCWMssOS::Saving the mss changes D:/proyectosep2/IEE2463-SEP-Proyecto-2-Z8/music_player/vitis2/music_player_plt/zynq_fsbl/zynq_fsbl_bsp/system.mss
TRACE::2025-05-31.13:56:36::SCWMssOS::Found a swdesign opened with the mssfile.
TRACE::2025-05-31.13:56:36::SCWMssOS::Completed writemss as part of save.
TRACE::2025-05-31.13:56:36::SCWMssOS::Commit changes completed.
TRACE::2025-05-31.13:56:36::SCWReader::Adding prebuilt librarypaths as   
TRACE::2025-05-31.13:56:36::SCWReader::Adding prebuilt incpaths  as   
TRACE::2025-05-31.13:56:36::SCWPlatform::Trying to open the hw design at D:/proyectosep2/IEE2463-SEP-Proyecto-2-Z8/music_player/vitis2/music_player_plt/hw/design_1_wrapper.xsa
TRACE::2025-05-31.13:56:36::SCWPlatform::DSA given D:/proyectosep2/IEE2463-SEP-Proyecto-2-Z8/music_player/vitis2/music_player_plt/hw/design_1_wrapper.xsa
TRACE::2025-05-31.13:56:36::SCWPlatform::DSA absoulate path D:/proyectosep2/IEE2463-SEP-Proyecto-2-Z8/music_player/vitis2/music_player_plt/hw/design_1_wrapper.xsa
TRACE::2025-05-31.13:56:36::SCWPlatform::DSA directory D:/proyectosep2/IEE2463-SEP-Proyecto-2-Z8/music_player/vitis2/music_player_plt/hw
TRACE::2025-05-31.13:56:36::SCWPlatform:: Platform Path D:/proyectosep2/IEE2463-SEP-Proyecto-2-Z8/music_player/vitis2/music_player_plt/hw/design_1_wrapper.xsa
TRACE::2025-05-31.13:56:36::SCWPlatform:: Unique name xilinx:zybo-z7-10::0.0
TRACE::2025-05-31.13:56:36::SCWPlatform::Trying to set the existing hwdb with name design_1_wrapper_1
TRACE::2025-05-31.13:56:36::SCWPlatform::Opened existing hwdb design_1_wrapper_1
TRACE::2025-05-31.13:56:36::SCWPlatform::Found the Hw Db part of the input DSA
TRACE::2025-05-31.13:56:36::SCWMssOS::Checking the sw design at  D:/proyectosep2/IEE2463-SEP-Proyecto-2-Z8/music_player/vitis2/music_player_plt/zynq_fsbl/zynq_fsbl_bsp/system.mss
TRACE::2025-05-31.13:56:36::SCWMssOS::DEBUG:  swdes dump  D:/proyectosep2/IEE2463-SEP-Proyecto-2-Z8/music_player/vitis2/music_player_plt/zynq_fsbl/zynq_fsbl_bsp/system.mss|system||

TRACE::2025-05-31.13:56:36::SCWMssOS::Sw design exists and opened at  D:/proyectosep2/IEE2463-SEP-Proyecto-2-Z8/music_player/vitis2/music_player_plt/zynq_fsbl/zynq_fsbl_bsp/system.mss
TRACE::2025-05-31.13:56:36::SCWReader::No isolation master present  
TRACE::2025-05-31.13:56:36::SCWDomain::checking for install qemu data   : 
TRACE::2025-05-31.13:56:36::SCWDomain:: Using the QEMU Data from install at  : D:/Xilinx/Vitis/2020.1/data/emulation/platforms/zynq/qemu/
TRACE::2025-05-31.13:56:36::SCWDomain:: Using the QEMU args  from install at  : D:/Xilinx/Vitis/2020.1/data/emulation/platforms/zynq/qemu/qemu_args.txt
TRACE::2025-05-31.13:56:36::SCWPlatform::Trying to open the hw design at D:/proyectosep2/IEE2463-SEP-Proyecto-2-Z8/music_player/vitis2/music_player_plt/hw/design_1_wrapper.xsa
TRACE::2025-05-31.13:56:36::SCWPlatform::DSA given D:/proyectosep2/IEE2463-SEP-Proyecto-2-Z8/music_player/vitis2/music_player_plt/hw/design_1_wrapper.xsa
TRACE::2025-05-31.13:56:36::SCWPlatform::DSA absoulate path D:/proyectosep2/IEE2463-SEP-Proyecto-2-Z8/music_player/vitis2/music_player_plt/hw/design_1_wrapper.xsa
TRACE::2025-05-31.13:56:36::SCWPlatform::DSA directory D:/proyectosep2/IEE2463-SEP-Proyecto-2-Z8/music_player/vitis2/music_player_plt/hw
TRACE::2025-05-31.13:56:36::SCWPlatform:: Platform Path D:/proyectosep2/IEE2463-SEP-Proyecto-2-Z8/music_player/vitis2/music_player_plt/hw/design_1_wrapper.xsa
TRACE::2025-05-31.13:56:36::SCWPlatform:: Unique name xilinx:zybo-z7-10::0.0
TRACE::2025-05-31.13:56:36::SCWPlatform::Trying to set the existing hwdb with name design_1_wrapper_1
TRACE::2025-05-31.13:56:36::SCWPlatform::Opened existing hwdb design_1_wrapper_1
TRACE::2025-05-31.13:56:36::SCWPlatform::Found the Hw Db part of the input DSA
TRACE::2025-05-31.13:56:36::SCWPlatform::Trying to open the hw design at D:/proyectosep2/IEE2463-SEP-Proyecto-2-Z8/music_player/vitis2/music_player_plt/hw/design_1_wrapper.xsa
TRACE::2025-05-31.13:56:36::SCWPlatform::DSA given D:/proyectosep2/IEE2463-SEP-Proyecto-2-Z8/music_player/vitis2/music_player_plt/hw/design_1_wrapper.xsa
TRACE::2025-05-31.13:56:36::SCWPlatform::DSA absoulate path D:/proyectosep2/IEE2463-SEP-Proyecto-2-Z8/music_player/vitis2/music_player_plt/hw/design_1_wrapper.xsa
TRACE::2025-05-31.13:56:36::SCWPlatform::DSA directory D:/proyectosep2/IEE2463-SEP-Proyecto-2-Z8/music_player/vitis2/music_player_plt/hw
TRACE::2025-05-31.13:56:36::SCWPlatform:: Platform Path D:/proyectosep2/IEE2463-SEP-Proyecto-2-Z8/music_player/vitis2/music_player_plt/hw/design_1_wrapper.xsa
TRACE::2025-05-31.13:56:36::SCWPlatform:: Unique name xilinx:zybo-z7-10::0.0
TRACE::2025-05-31.13:56:36::SCWPlatform::Trying to set the existing hwdb with name design_1_wrapper_1
TRACE::2025-05-31.13:56:36::SCWPlatform::Opened existing hwdb design_1_wrapper_1
TRACE::2025-05-31.13:56:36::SCWPlatform::Found the Hw Db part of the input DSA
TRACE::2025-05-31.13:56:36::SCWPlatform::Trying to open the hw design at D:/proyectosep2/IEE2463-SEP-Proyecto-2-Z8/music_player/vitis2/music_player_plt/hw/design_1_wrapper.xsa
TRACE::2025-05-31.13:56:36::SCWPlatform::DSA given D:/proyectosep2/IEE2463-SEP-Proyecto-2-Z8/music_player/vitis2/music_player_plt/hw/design_1_wrapper.xsa
TRACE::2025-05-31.13:56:36::SCWPlatform::DSA absoulate path D:/proyectosep2/IEE2463-SEP-Proyecto-2-Z8/music_player/vitis2/music_player_plt/hw/design_1_wrapper.xsa
TRACE::2025-05-31.13:56:36::SCWPlatform::DSA directory D:/proyectosep2/IEE2463-SEP-Proyecto-2-Z8/music_player/vitis2/music_player_plt/hw
TRACE::2025-05-31.13:56:36::SCWPlatform:: Platform Path D:/proyectosep2/IEE2463-SEP-Proyecto-2-Z8/music_player/vitis2/music_player_plt/hw/design_1_wrapper.xsa
TRACE::2025-05-31.13:56:36::SCWPlatform:: Unique name xilinx:zybo-z7-10::0.0
TRACE::2025-05-31.13:56:36::SCWPlatform::Trying to set the existing hwdb with name design_1_wrapper_1
TRACE::2025-05-31.13:56:36::SCWPlatform::Opened existing hwdb design_1_wrapper_1
TRACE::2025-05-31.13:56:36::SCWPlatform::Found the Hw Db part of the input DSA
TRACE::2025-05-31.13:56:36::SCWMssOS::Checking the sw design at  D:/proyectosep2/IEE2463-SEP-Proyecto-2-Z8/music_player/vitis2/music_player_plt/ps7_cortexa9_0/standalone_domain/bsp/system.mss
TRACE::2025-05-31.13:56:36::SCWMssOS::DEBUG:  swdes dump  D:/proyectosep2/IEE2463-SEP-Proyecto-2-Z8/music_player/vitis2/music_player_plt/zynq_fsbl/zynq_fsbl_bsp/system.mss|system||

TRACE::2025-05-31.13:56:36::SCWMssOS::No sw design opened at  D:/proyectosep2/IEE2463-SEP-Proyecto-2-Z8/music_player/vitis2/music_player_plt/ps7_cortexa9_0/standalone_domain/bsp/system.mss
TRACE::2025-05-31.13:56:36::SCWMssOS::mss exists loading the mss file  D:/proyectosep2/IEE2463-SEP-Proyecto-2-Z8/music_player/vitis2/music_player_plt/ps7_cortexa9_0/standalone_domain/bsp/system.mss
TRACE::2025-05-31.13:56:36::SCWMssOS::Opened the sw design from mss  D:/proyectosep2/IEE2463-SEP-Proyecto-2-Z8/music_player/vitis2/music_player_plt/ps7_cortexa9_0/standalone_domain/bsp/system.mss
TRACE::2025-05-31.13:56:36::SCWMssOS::Adding the swdes entry D:/proyectosep2/IEE2463-SEP-Proyecto-2-Z8/music_player/vitis2/music_player_plt/ps7_cortexa9_0/standalone_domain/bsp/system.mss with des name system_0
TRACE::2025-05-31.13:56:36::SCWMssOS::updating the scw layer about changes
TRACE::2025-05-31.13:56:36::SCWMssOS::Opened the sw design.  D:/proyectosep2/IEE2463-SEP-Proyecto-2-Z8/music_player/vitis2/music_player_plt/ps7_cortexa9_0/standalone_domain/bsp/system.mss
TRACE::2025-05-31.13:56:36::SCWMssOS::Saving the mss changes D:/proyectosep2/IEE2463-SEP-Proyecto-2-Z8/music_player/vitis2/music_player_plt/ps7_cortexa9_0/standalone_domain/bsp/system.mss
TRACE::2025-05-31.13:56:36::SCWMssOS::Found a swdesign opened with the mssfile.
TRACE::2025-05-31.13:56:36::SCWMssOS::Completed writemss as part of save.
TRACE::2025-05-31.13:56:36::SCWMssOS::Commit changes completed.
TRACE::2025-05-31.13:56:36::SCWReader::Adding prebuilt librarypaths as   
TRACE::2025-05-31.13:56:36::SCWReader::Adding prebuilt incpaths  as   
TRACE::2025-05-31.13:56:36::SCWPlatform::Trying to open the hw design at D:/proyectosep2/IEE2463-SEP-Proyecto-2-Z8/music_player/vitis2/music_player_plt/hw/design_1_wrapper.xsa
TRACE::2025-05-31.13:56:36::SCWPlatform::DSA given D:/proyectosep2/IEE2463-SEP-Proyecto-2-Z8/music_player/vitis2/music_player_plt/hw/design_1_wrapper.xsa
TRACE::2025-05-31.13:56:36::SCWPlatform::DSA absoulate path D:/proyectosep2/IEE2463-SEP-Proyecto-2-Z8/music_player/vitis2/music_player_plt/hw/design_1_wrapper.xsa
TRACE::2025-05-31.13:56:36::SCWPlatform::DSA directory D:/proyectosep2/IEE2463-SEP-Proyecto-2-Z8/music_player/vitis2/music_player_plt/hw
TRACE::2025-05-31.13:56:36::SCWPlatform:: Platform Path D:/proyectosep2/IEE2463-SEP-Proyecto-2-Z8/music_player/vitis2/music_player_plt/hw/design_1_wrapper.xsa
TRACE::2025-05-31.13:56:36::SCWPlatform:: Unique name xilinx:zybo-z7-10::0.0
TRACE::2025-05-31.13:56:36::SCWPlatform::Trying to set the existing hwdb with name design_1_wrapper_1
TRACE::2025-05-31.13:56:36::SCWPlatform::Opened existing hwdb design_1_wrapper_1
TRACE::2025-05-31.13:56:36::SCWPlatform::Found the Hw Db part of the input DSA
TRACE::2025-05-31.13:56:36::SCWMssOS::Checking the sw design at  D:/proyectosep2/IEE2463-SEP-Proyecto-2-Z8/music_player/vitis2/music_player_plt/ps7_cortexa9_0/standalone_domain/bsp/system.mss
TRACE::2025-05-31.13:56:36::SCWMssOS::DEBUG:  swdes dump  D:/proyectosep2/IEE2463-SEP-Proyecto-2-Z8/music_player/vitis2/music_player_plt/ps7_cortexa9_0/standalone_domain/bsp/system.mss|system_0||
D:/proyectosep2/IEE2463-SEP-Proyecto-2-Z8/music_player/vitis2/music_player_plt/zynq_fsbl/zynq_fsbl_bsp/system.mss|system||

TRACE::2025-05-31.13:56:36::SCWMssOS::Sw design exists and opened at  D:/proyectosep2/IEE2463-SEP-Proyecto-2-Z8/music_player/vitis2/music_player_plt/ps7_cortexa9_0/standalone_domain/bsp/system.mss
TRACE::2025-05-31.13:56:36::SCWReader::No isolation master present  
LOG::2025-05-31.13:58:30::SCWPlatform::Started generating the artifacts platform music_player_plt
TRACE::2025-05-31.13:58:30::SCWPlatform::Sanity checking of platform is completed
LOG::2025-05-31.13:58:30::SCWPlatform::Started generating the artifacts for system configuration music_player_plt
LOG::2025-05-31.13:58:30::SCWSystem::Checking the domain zynq_fsbl
LOG::2025-05-31.13:58:30::SCWSystem::Doing application build for :  zynq_fsbl
TRACE::2025-05-31.13:58:30::SCWBDomain::Not a forced makefile updation, No changes are present. 
TRACE::2025-05-31.13:58:30::SCWDomain::Building the domain as part of full build :  zynq_fsbl
TRACE::2025-05-31.13:58:30::SCWPlatform::Trying to open the hw design at D:/proyectosep2/IEE2463-SEP-Proyecto-2-Z8/music_player/vitis2/music_player_plt/hw/design_1_wrapper.xsa
TRACE::2025-05-31.13:58:30::SCWPlatform::DSA given D:/proyectosep2/IEE2463-SEP-Proyecto-2-Z8/music_player/vitis2/music_player_plt/hw/design_1_wrapper.xsa
TRACE::2025-05-31.13:58:30::SCWPlatform::DSA absoulate path D:/proyectosep2/IEE2463-SEP-Proyecto-2-Z8/music_player/vitis2/music_player_plt/hw/design_1_wrapper.xsa
TRACE::2025-05-31.13:58:30::SCWPlatform::DSA directory D:/proyectosep2/IEE2463-SEP-Proyecto-2-Z8/music_player/vitis2/music_player_plt/hw
TRACE::2025-05-31.13:58:30::SCWPlatform:: Platform Path D:/proyectosep2/IEE2463-SEP-Proyecto-2-Z8/music_player/vitis2/music_player_plt/hw/design_1_wrapper.xsa
TRACE::2025-05-31.13:58:30::SCWPlatform:: Unique name xilinx:zybo-z7-10::0.0
TRACE::2025-05-31.13:58:30::SCWPlatform::Trying to set the existing hwdb with name design_1_wrapper_1
TRACE::2025-05-31.13:58:30::SCWPlatform::Opened existing hwdb design_1_wrapper_1
TRACE::2025-05-31.13:58:30::SCWPlatform::Found the Hw Db part of the input DSA
TRACE::2025-05-31.13:58:30::SCWMssOS::Checking the sw design at  D:/proyectosep2/IEE2463-SEP-Proyecto-2-Z8/music_player/vitis2/music_player_plt/zynq_fsbl/zynq_fsbl_bsp/system.mss
TRACE::2025-05-31.13:58:30::SCWMssOS::DEBUG:  swdes dump  D:/proyectosep2/IEE2463-SEP-Proyecto-2-Z8/music_player/vitis2/music_player_plt/ps7_cortexa9_0/standalone_domain/bsp/system.mss|system_0||
D:/proyectosep2/IEE2463-SEP-Proyecto-2-Z8/music_player/vitis2/music_player_plt/zynq_fsbl/zynq_fsbl_bsp/system.mss|system||

TRACE::2025-05-31.13:58:30::SCWMssOS::Sw design exists and opened at  D:/proyectosep2/IEE2463-SEP-Proyecto-2-Z8/music_player/vitis2/music_player_plt/zynq_fsbl/zynq_fsbl_bsp/system.mss
TRACE::2025-05-31.13:58:30::SCWBDomain::Completed writing the mss file at D:/proyectosep2/IEE2463-SEP-Proyecto-2-Z8/music_player/vitis2/music_player_plt/zynq_fsbl/zynq_fsbl_bsp
TRACE::2025-05-31.13:58:30::SCWBDomain::bsp generated is upto date with the mss file. Skipping bsp generation.
TRACE::2025-05-31.13:58:30::SCWBDomain::Not a forced makefile updation, No changes are present. 
TRACE::2025-05-31.13:58:30::SCWBDomain::System Command Ran  D:&  cd  D:/proyectosep2/IEE2463-SEP-Proyecto-2-Z8/music_player/vitis2/music_player_plt/zynq_fsbl & make 
TRACE::2025-05-31.13:58:30::SCWBDomain::make -C zynq_fsbl_bsp

TRACE::2025-05-31.13:58:30::SCWBDomain::make[1]: Entering directory 'D:/proyectosep2/IEE2463-SEP-Proyecto-2-Z8/music_player/vitis2/music_player_plt/zynq_fsbl/zynq_fsbl
TRACE::2025-05-31.13:58:30::SCWBDomain::_bsp'

TRACE::2025-05-31.13:58:30::SCWBDomain::"Running Make include in ps7_cortexa9_0/libsrc/coresightps_dcc_v1_7/src"

TRACE::2025-05-31.13:58:30::SCWBDomain::make -C ps7_cortexa9_0/libsrc/coresightps_dcc_v1_7/src -s include  "SHELL=CMD" "COMPILER=arm-none-eabi-gcc" "ASSEMBLER=arm-none
TRACE::2025-05-31.13:58:30::SCWBDomain::-eabi-as" "ARCHIVER=arm-none-eabi-ar" "COMPILER_FLAGS=  -O2 -c" "EXTRA_COMPILER_FLAGS=-mcpu=cortex-a9 -mfpu=vfpv3 -mfloat-abi=h
TRACE::2025-05-31.13:58:30::SCWBDomain::ard -nostartfiles -g -Wall -Wextra"

TRACE::2025-05-31.13:58:30::SCWBDomain::make[2]: Entering directory 'D:/proyectosep2/IEE2463-SEP-Proyecto-2-Z8/music_player/vitis2/music_player_plt/zynq_fsbl/zynq_fsbl
TRACE::2025-05-31.13:58:30::SCWBDomain::_bsp/ps7_cortexa9_0/libsrc/coresightps_dcc_v1_7/src'

TRACE::2025-05-31.13:58:30::SCWBDomain::make[2]: Leaving directory 'D:/proyectosep2/IEE2463-SEP-Proyecto-2-Z8/music_player/vitis2/music_player_plt/zynq_fsbl/zynq_fsbl_
TRACE::2025-05-31.13:58:30::SCWBDomain::bsp/ps7_cortexa9_0/libsrc/coresightps_dcc_v1_7/src'

TRACE::2025-05-31.13:58:30::SCWBDomain::"Running Make include in ps7_cortexa9_0/libsrc/cpu_cortexa9_v2_9/src"

TRACE::2025-05-31.13:58:30::SCWBDomain::make -C ps7_cortexa9_0/libsrc/cpu_cortexa9_v2_9/src -s include  "SHELL=CMD" "COMPILER=arm-none-eabi-gcc" "ASSEMBLER=arm-none-ea
TRACE::2025-05-31.13:58:30::SCWBDomain::bi-as" "ARCHIVER=arm-none-eabi-ar" "COMPILER_FLAGS=  -O2 -c" "EXTRA_COMPILER_FLAGS=-mcpu=cortex-a9 -mfpu=vfpv3 -mfloat-abi=hard
TRACE::2025-05-31.13:58:30::SCWBDomain:: -nostartfiles -g -Wall -Wextra"

TRACE::2025-05-31.13:58:30::SCWBDomain::make[2]: Entering directory 'D:/proyectosep2/IEE2463-SEP-Proyecto-2-Z8/music_player/vitis2/music_player_plt/zynq_fsbl/zynq_fsbl
TRACE::2025-05-31.13:58:30::SCWBDomain::_bsp/ps7_cortexa9_0/libsrc/cpu_cortexa9_v2_9/src'

TRACE::2025-05-31.13:58:30::SCWBDomain::make[2]: Leaving directory 'D:/proyectosep2/IEE2463-SEP-Proyecto-2-Z8/music_player/vitis2/music_player_plt/zynq_fsbl/zynq_fsbl_
TRACE::2025-05-31.13:58:30::SCWBDomain::bsp/ps7_cortexa9_0/libsrc/cpu_cortexa9_v2_9/src'

TRACE::2025-05-31.13:58:31::SCWBDomain::"Running Make include in ps7_cortexa9_0/libsrc/ddrps_v1_1/src"

TRACE::2025-05-31.13:58:31::SCWBDomain::make -C ps7_cortexa9_0/libsrc/ddrps_v1_1/src -s include  "SHELL=CMD" "COMPILER=arm-none-eabi-gcc" "ASSEMBLER=arm-none-eabi-as" 
TRACE::2025-05-31.13:58:31::SCWBDomain::"ARCHIVER=arm-none-eabi-ar" "COMPILER_FLAGS=  -O2 -c" "EXTRA_COMPILER_FLAGS=-mcpu=cortex-a9 -mfpu=vfpv3 -mfloat-abi=hard -nosta
TRACE::2025-05-31.13:58:31::SCWBDomain::rtfiles -g -Wall -Wextra"

TRACE::2025-05-31.13:58:31::SCWBDomain::make[2]: Entering directory 'D:/proyectosep2/IEE2463-SEP-Proyecto-2-Z8/music_player/vitis2/music_player_plt/zynq_fsbl/zynq_fsbl
TRACE::2025-05-31.13:58:31::SCWBDomain::_bsp/ps7_cortexa9_0/libsrc/ddrps_v1_1/src'

TRACE::2025-05-31.13:58:31::SCWBDomain::make[2]: Leaving directory 'D:/proyectosep2/IEE2463-SEP-Proyecto-2-Z8/music_player/vitis2/music_player_plt/zynq_fsbl/zynq_fsbl_
TRACE::2025-05-31.13:58:31::SCWBDomain::bsp/ps7_cortexa9_0/libsrc/ddrps_v1_1/src'

TRACE::2025-05-31.13:58:31::SCWBDomain::"Running Make include in ps7_cortexa9_0/libsrc/devcfg_v3_6/src"

TRACE::2025-05-31.13:58:31::SCWBDomain::make -C ps7_cortexa9_0/libsrc/devcfg_v3_6/src -s include  "SHELL=CMD" "COMPILER=arm-none-eabi-gcc" "ASSEMBLER=arm-none-eabi-as"
TRACE::2025-05-31.13:58:31::SCWBDomain:: "ARCHIVER=arm-none-eabi-ar" "COMPILER_FLAGS=  -O2 -c" "EXTRA_COMPILER_FLAGS=-mcpu=cortex-a9 -mfpu=vfpv3 -mfloat-abi=hard -nost
TRACE::2025-05-31.13:58:31::SCWBDomain::artfiles -g -Wall -Wextra"

TRACE::2025-05-31.13:58:31::SCWBDomain::make[2]: Entering directory 'D:/proyectosep2/IEE2463-SEP-Proyecto-2-Z8/music_player/vitis2/music_player_plt/zynq_fsbl/zynq_fsbl
TRACE::2025-05-31.13:58:31::SCWBDomain::_bsp/ps7_cortexa9_0/libsrc/devcfg_v3_6/src'

TRACE::2025-05-31.13:58:31::SCWBDomain::make[2]: Leaving directory 'D:/proyectosep2/IEE2463-SEP-Proyecto-2-Z8/music_player/vitis2/music_player_plt/zynq_fsbl/zynq_fsbl_
TRACE::2025-05-31.13:58:31::SCWBDomain::bsp/ps7_cortexa9_0/libsrc/devcfg_v3_6/src'

TRACE::2025-05-31.13:58:31::SCWBDomain::"Running Make include in ps7_cortexa9_0/libsrc/dmaps_v2_6/src"

TRACE::2025-05-31.13:58:31::SCWBDomain::make -C ps7_cortexa9_0/libsrc/dmaps_v2_6/src -s include  "SHELL=CMD" "COMPILER=arm-none-eabi-gcc" "ASSEMBLER=arm-none-eabi-as" 
TRACE::2025-05-31.13:58:31::SCWBDomain::"ARCHIVER=arm-none-eabi-ar" "COMPILER_FLAGS=  -O2 -c" "EXTRA_COMPILER_FLAGS=-mcpu=cortex-a9 -mfpu=vfpv3 -mfloat-abi=hard -nosta
TRACE::2025-05-31.13:58:31::SCWBDomain::rtfiles -g -Wall -Wextra"

TRACE::2025-05-31.13:58:31::SCWBDomain::make[2]: Entering directory 'D:/proyectosep2/IEE2463-SEP-Proyecto-2-Z8/music_player/vitis2/music_player_plt/zynq_fsbl/zynq_fsbl
TRACE::2025-05-31.13:58:31::SCWBDomain::_bsp/ps7_cortexa9_0/libsrc/dmaps_v2_6/src'

TRACE::2025-05-31.13:58:31::SCWBDomain::make[2]: Leaving directory 'D:/proyectosep2/IEE2463-SEP-Proyecto-2-Z8/music_player/vitis2/music_player_plt/zynq_fsbl/zynq_fsbl_
TRACE::2025-05-31.13:58:31::SCWBDomain::bsp/ps7_cortexa9_0/libsrc/dmaps_v2_6/src'

TRACE::2025-05-31.13:58:31::SCWBDomain::"Running Make include in ps7_cortexa9_0/libsrc/emacps_v3_11/src"

TRACE::2025-05-31.13:58:31::SCWBDomain::make -C ps7_cortexa9_0/libsrc/emacps_v3_11/src -s include  "SHELL=CMD" "COMPILER=arm-none-eabi-gcc" "ASSEMBLER=arm-none-eabi-as
TRACE::2025-05-31.13:58:31::SCWBDomain::" "ARCHIVER=arm-none-eabi-ar" "COMPILER_FLAGS=  -O2 -c" "EXTRA_COMPILER_FLAGS=-mcpu=cortex-a9 -mfpu=vfpv3 -mfloat-abi=hard -nos
TRACE::2025-05-31.13:58:31::SCWBDomain::tartfiles -g -Wall -Wextra"

TRACE::2025-05-31.13:58:31::SCWBDomain::make[2]: Entering directory 'D:/proyectosep2/IEE2463-SEP-Proyecto-2-Z8/music_player/vitis2/music_player_plt/zynq_fsbl/zynq_fsbl
TRACE::2025-05-31.13:58:31::SCWBDomain::_bsp/ps7_cortexa9_0/libsrc/emacps_v3_11/src'

TRACE::2025-05-31.13:58:31::SCWBDomain::make[2]: Leaving directory 'D:/proyectosep2/IEE2463-SEP-Proyecto-2-Z8/music_player/vitis2/music_player_plt/zynq_fsbl/zynq_fsbl_
TRACE::2025-05-31.13:58:31::SCWBDomain::bsp/ps7_cortexa9_0/libsrc/emacps_v3_11/src'

TRACE::2025-05-31.13:58:31::SCWBDomain::"Running Make include in ps7_cortexa9_0/libsrc/gpiops_v3_7/src"

TRACE::2025-05-31.13:58:31::SCWBDomain::make -C ps7_cortexa9_0/libsrc/gpiops_v3_7/src -s include  "SHELL=CMD" "COMPILER=arm-none-eabi-gcc" "ASSEMBLER=arm-none-eabi-as"
TRACE::2025-05-31.13:58:31::SCWBDomain:: "ARCHIVER=arm-none-eabi-ar" "COMPILER_FLAGS=  -O2 -c" "EXTRA_COMPILER_FLAGS=-mcpu=cortex-a9 -mfpu=vfpv3 -mfloat-abi=hard -nost
TRACE::2025-05-31.13:58:31::SCWBDomain::artfiles -g -Wall -Wextra"

TRACE::2025-05-31.13:58:31::SCWBDomain::make[2]: Entering directory 'D:/proyectosep2/IEE2463-SEP-Proyecto-2-Z8/music_player/vitis2/music_player_plt/zynq_fsbl/zynq_fsbl
TRACE::2025-05-31.13:58:31::SCWBDomain::_bsp/ps7_cortexa9_0/libsrc/gpiops_v3_7/src'

TRACE::2025-05-31.13:58:31::SCWBDomain::make[2]: Leaving directory 'D:/proyectosep2/IEE2463-SEP-Proyecto-2-Z8/music_player/vitis2/music_player_plt/zynq_fsbl/zynq_fsbl_
TRACE::2025-05-31.13:58:31::SCWBDomain::bsp/ps7_cortexa9_0/libsrc/gpiops_v3_7/src'

TRACE::2025-05-31.13:58:31::SCWBDomain::"Running Make include in ps7_cortexa9_0/libsrc/gpio_v4_6/src"

TRACE::2025-05-31.13:58:31::SCWBDomain::make -C ps7_cortexa9_0/libsrc/gpio_v4_6/src -s include  "SHELL=CMD" "COMPILER=arm-none-eabi-gcc" "ASSEMBLER=arm-none-eabi-as" "
TRACE::2025-05-31.13:58:31::SCWBDomain::ARCHIVER=arm-none-eabi-ar" "COMPILER_FLAGS=  -O2 -c" "EXTRA_COMPILER_FLAGS=-mcpu=cortex-a9 -mfpu=vfpv3 -mfloat-abi=hard -nostar
TRACE::2025-05-31.13:58:31::SCWBDomain::tfiles -g -Wall -Wextra"

TRACE::2025-05-31.13:58:31::SCWBDomain::make[2]: Entering directory 'D:/proyectosep2/IEE2463-SEP-Proyecto-2-Z8/music_player/vitis2/music_player_plt/zynq_fsbl/zynq_fsbl
TRACE::2025-05-31.13:58:31::SCWBDomain::_bsp/ps7_cortexa9_0/libsrc/gpio_v4_6/src'

TRACE::2025-05-31.13:58:31::SCWBDomain::make[2]: Leaving directory 'D:/proyectosep2/IEE2463-SEP-Proyecto-2-Z8/music_player/vitis2/music_player_plt/zynq_fsbl/zynq_fsbl_
TRACE::2025-05-31.13:58:31::SCWBDomain::bsp/ps7_cortexa9_0/libsrc/gpio_v4_6/src'

TRACE::2025-05-31.13:58:31::SCWBDomain::"Running Make include in ps7_cortexa9_0/libsrc/qspips_v3_7/src"

TRACE::2025-05-31.13:58:31::SCWBDomain::make -C ps7_cortexa9_0/libsrc/qspips_v3_7/src -s include  "SHELL=CMD" "COMPILER=arm-none-eabi-gcc" "ASSEMBLER=arm-none-eabi-as"
TRACE::2025-05-31.13:58:31::SCWBDomain:: "ARCHIVER=arm-none-eabi-ar" "COMPILER_FLAGS=  -O2 -c" "EXTRA_COMPILER_FLAGS=-mcpu=cortex-a9 -mfpu=vfpv3 -mfloat-abi=hard -nost
TRACE::2025-05-31.13:58:31::SCWBDomain::artfiles -g -Wall -Wextra"

TRACE::2025-05-31.13:58:31::SCWBDomain::make[2]: Entering directory 'D:/proyectosep2/IEE2463-SEP-Proyecto-2-Z8/music_player/vitis2/music_player_plt/zynq_fsbl/zynq_fsbl
TRACE::2025-05-31.13:58:31::SCWBDomain::_bsp/ps7_cortexa9_0/libsrc/qspips_v3_7/src'

TRACE::2025-05-31.13:58:31::SCWBDomain::make[2]: Leaving directory 'D:/proyectosep2/IEE2463-SEP-Proyecto-2-Z8/music_player/vitis2/music_player_plt/zynq_fsbl/zynq_fsbl_
TRACE::2025-05-31.13:58:31::SCWBDomain::bsp/ps7_cortexa9_0/libsrc/qspips_v3_7/src'

TRACE::2025-05-31.13:58:31::SCWBDomain::"Running Make include in ps7_cortexa9_0/libsrc/scugic_v4_2/src"

TRACE::2025-05-31.13:58:31::SCWBDomain::make -C ps7_cortexa9_0/libsrc/scugic_v4_2/src -s include  "SHELL=CMD" "COMPILER=arm-none-eabi-gcc" "ASSEMBLER=arm-none-eabi-as"
TRACE::2025-05-31.13:58:31::SCWBDomain:: "ARCHIVER=arm-none-eabi-ar" "COMPILER_FLAGS=  -O2 -c" "EXTRA_COMPILER_FLAGS=-mcpu=cortex-a9 -mfpu=vfpv3 -mfloat-abi=hard -nost
TRACE::2025-05-31.13:58:31::SCWBDomain::artfiles -g -Wall -Wextra"

TRACE::2025-05-31.13:58:31::SCWBDomain::make[2]: Entering directory 'D:/proyectosep2/IEE2463-SEP-Proyecto-2-Z8/music_player/vitis2/music_player_plt/zynq_fsbl/zynq_fsbl
TRACE::2025-05-31.13:58:31::SCWBDomain::_bsp/ps7_cortexa9_0/libsrc/scugic_v4_2/src'

TRACE::2025-05-31.13:58:31::SCWBDomain::make[2]: Leaving directory 'D:/proyectosep2/IEE2463-SEP-Proyecto-2-Z8/music_player/vitis2/music_player_plt/zynq_fsbl/zynq_fsbl_
TRACE::2025-05-31.13:58:31::SCWBDomain::bsp/ps7_cortexa9_0/libsrc/scugic_v4_2/src'

TRACE::2025-05-31.13:58:31::SCWBDomain::"Running Make include in ps7_cortexa9_0/libsrc/scutimer_v2_2/src"

TRACE::2025-05-31.13:58:31::SCWBDomain::make -C ps7_cortexa9_0/libsrc/scutimer_v2_2/src -s include  "SHELL=CMD" "COMPILER=arm-none-eabi-gcc" "ASSEMBLER=arm-none-eabi-a
TRACE::2025-05-31.13:58:31::SCWBDomain::s" "ARCHIVER=arm-none-eabi-ar" "COMPILER_FLAGS=  -O2 -c" "EXTRA_COMPILER_FLAGS=-mcpu=cortex-a9 -mfpu=vfpv3 -mfloat-abi=hard -no
TRACE::2025-05-31.13:58:31::SCWBDomain::startfiles -g -Wall -Wextra"

TRACE::2025-05-31.13:58:31::SCWBDomain::make[2]: Entering directory 'D:/proyectosep2/IEE2463-SEP-Proyecto-2-Z8/music_player/vitis2/music_player_plt/zynq_fsbl/zynq_fsbl
TRACE::2025-05-31.13:58:31::SCWBDomain::_bsp/ps7_cortexa9_0/libsrc/scutimer_v2_2/src'

TRACE::2025-05-31.13:58:31::SCWBDomain::make[2]: Leaving directory 'D:/proyectosep2/IEE2463-SEP-Proyecto-2-Z8/music_player/vitis2/music_player_plt/zynq_fsbl/zynq_fsbl_
TRACE::2025-05-31.13:58:31::SCWBDomain::bsp/ps7_cortexa9_0/libsrc/scutimer_v2_2/src'

TRACE::2025-05-31.13:58:31::SCWBDomain::"Running Make include in ps7_cortexa9_0/libsrc/scuwdt_v2_2/src"

TRACE::2025-05-31.13:58:31::SCWBDomain::make -C ps7_cortexa9_0/libsrc/scuwdt_v2_2/src -s include  "SHELL=CMD" "COMPILER=arm-none-eabi-gcc" "ASSEMBLER=arm-none-eabi-as"
TRACE::2025-05-31.13:58:31::SCWBDomain:: "ARCHIVER=arm-none-eabi-ar" "COMPILER_FLAGS=  -O2 -c" "EXTRA_COMPILER_FLAGS=-mcpu=cortex-a9 -mfpu=vfpv3 -mfloat-abi=hard -nost
TRACE::2025-05-31.13:58:31::SCWBDomain::artfiles -g -Wall -Wextra"

TRACE::2025-05-31.13:58:31::SCWBDomain::make[2]: Entering directory 'D:/proyectosep2/IEE2463-SEP-Proyecto-2-Z8/music_player/vitis2/music_player_plt/zynq_fsbl/zynq_fsbl
TRACE::2025-05-31.13:58:31::SCWBDomain::_bsp/ps7_cortexa9_0/libsrc/scuwdt_v2_2/src'

TRACE::2025-05-31.13:58:31::SCWBDomain::make[2]: Leaving directory 'D:/proyectosep2/IEE2463-SEP-Proyecto-2-Z8/music_player/vitis2/music_player_plt/zynq_fsbl/zynq_fsbl_
TRACE::2025-05-31.13:58:31::SCWBDomain::bsp/ps7_cortexa9_0/libsrc/scuwdt_v2_2/src'

TRACE::2025-05-31.13:58:31::SCWBDomain::"Running Make include in ps7_cortexa9_0/libsrc/sdps_v3_9/src"

TRACE::2025-05-31.13:58:31::SCWBDomain::make -C ps7_cortexa9_0/libsrc/sdps_v3_9/src -s include  "SHELL=CMD" "COMPILER=arm-none-eabi-gcc" "ASSEMBLER=arm-none-eabi-as" "
TRACE::2025-05-31.13:58:31::SCWBDomain::ARCHIVER=arm-none-eabi-ar" "COMPILER_FLAGS=  -O2 -c" "EXTRA_COMPILER_FLAGS=-mcpu=cortex-a9 -mfpu=vfpv3 -mfloat-abi=hard -nostar
TRACE::2025-05-31.13:58:31::SCWBDomain::tfiles -g -Wall -Wextra"

TRACE::2025-05-31.13:58:31::SCWBDomain::make[2]: Entering directory 'D:/proyectosep2/IEE2463-SEP-Proyecto-2-Z8/music_player/vitis2/music_player_plt/zynq_fsbl/zynq_fsbl
TRACE::2025-05-31.13:58:31::SCWBDomain::_bsp/ps7_cortexa9_0/libsrc/sdps_v3_9/src'

TRACE::2025-05-31.13:58:32::SCWBDomain::make[2]: Leaving directory 'D:/proyectosep2/IEE2463-SEP-Proyecto-2-Z8/music_player/vitis2/music_player_plt/zynq_fsbl/zynq_fsbl_
TRACE::2025-05-31.13:58:32::SCWBDomain::bsp/ps7_cortexa9_0/libsrc/sdps_v3_9/src'

TRACE::2025-05-31.13:58:32::SCWBDomain::"Running Make include in ps7_cortexa9_0/libsrc/standalone_v7_2/src"

TRACE::2025-05-31.13:58:32::SCWBDomain::make -C ps7_cortexa9_0/libsrc/standalone_v7_2/src -s include  "SHELL=CMD" "COMPILER=arm-none-eabi-gcc" "ASSEMBLER=arm-none-eabi
TRACE::2025-05-31.13:58:32::SCWBDomain::-as" "ARCHIVER=arm-none-eabi-ar" "COMPILER_FLAGS=  -O2 -c" "EXTRA_COMPILER_FLAGS=-mcpu=cortex-a9 -mfpu=vfpv3 -mfloat-abi=hard -
TRACE::2025-05-31.13:58:32::SCWBDomain::nostartfiles -g -Wall -Wextra"

TRACE::2025-05-31.13:58:32::SCWBDomain::make[2]: Entering directory 'D:/proyectosep2/IEE2463-SEP-Proyecto-2-Z8/music_player/vitis2/music_player_plt/zynq_fsbl/zynq_fsbl
TRACE::2025-05-31.13:58:32::SCWBDomain::_bsp/ps7_cortexa9_0/libsrc/standalone_v7_2/src'

TRACE::2025-05-31.13:58:32::SCWBDomain::make[3]: Entering directory 'D:/proyectosep2/IEE2463-SEP-Proyecto-2-Z8/music_player/vitis2/music_player_plt/zynq_fsbl/zynq_fsbl
TRACE::2025-05-31.13:58:32::SCWBDomain::_bsp/ps7_cortexa9_0/libsrc/standalone_v7_2/src/profile'

TRACE::2025-05-31.13:58:33::SCWBDomain::make[3]: Leaving directory 'D:/proyectosep2/IEE2463-SEP-Proyecto-2-Z8/music_player/vitis2/music_player_plt/zynq_fsbl/zynq_fsbl_
TRACE::2025-05-31.13:58:33::SCWBDomain::bsp/ps7_cortexa9_0/libsrc/standalone_v7_2/src/profile'

TRACE::2025-05-31.13:58:33::SCWBDomain::make[2]: Leaving directory 'D:/proyectosep2/IEE2463-SEP-Proyecto-2-Z8/music_player/vitis2/music_player_plt/zynq_fsbl/zynq_fsbl_
TRACE::2025-05-31.13:58:33::SCWBDomain::bsp/ps7_cortexa9_0/libsrc/standalone_v7_2/src'

TRACE::2025-05-31.13:58:33::SCWBDomain::"Running Make include in ps7_cortexa9_0/libsrc/tmrctr_v4_6/src"

TRACE::2025-05-31.13:58:33::SCWBDomain::make -C ps7_cortexa9_0/libsrc/tmrctr_v4_6/src -s include  "SHELL=CMD" "COMPILER=arm-none-eabi-gcc" "ASSEMBLER=arm-none-eabi-as"
TRACE::2025-05-31.13:58:33::SCWBDomain:: "ARCHIVER=arm-none-eabi-ar" "COMPILER_FLAGS=  -O2 -c" "EXTRA_COMPILER_FLAGS=-mcpu=cortex-a9 -mfpu=vfpv3 -mfloat-abi=hard -nost
TRACE::2025-05-31.13:58:33::SCWBDomain::artfiles -g -Wall -Wextra"

TRACE::2025-05-31.13:58:33::SCWBDomain::make[2]: Entering directory 'D:/proyectosep2/IEE2463-SEP-Proyecto-2-Z8/music_player/vitis2/music_player_plt/zynq_fsbl/zynq_fsbl
TRACE::2025-05-31.13:58:33::SCWBDomain::_bsp/ps7_cortexa9_0/libsrc/tmrctr_v4_6/src'

TRACE::2025-05-31.13:58:33::SCWBDomain::make[2]: Leaving directory 'D:/proyectosep2/IEE2463-SEP-Proyecto-2-Z8/music_player/vitis2/music_player_plt/zynq_fsbl/zynq_fsbl_
TRACE::2025-05-31.13:58:33::SCWBDomain::bsp/ps7_cortexa9_0/libsrc/tmrctr_v4_6/src'

TRACE::2025-05-31.13:58:33::SCWBDomain::"Running Make include in ps7_cortexa9_0/libsrc/uartps_v3_9/src"

TRACE::2025-05-31.13:58:33::SCWBDomain::make -C ps7_cortexa9_0/libsrc/uartps_v3_9/src -s include  "SHELL=CMD" "COMPILER=arm-none-eabi-gcc" "ASSEMBLER=arm-none-eabi-as"
TRACE::2025-05-31.13:58:33::SCWBDomain:: "ARCHIVER=arm-none-eabi-ar" "COMPILER_FLAGS=  -O2 -c" "EXTRA_COMPILER_FLAGS=-mcpu=cortex-a9 -mfpu=vfpv3 -mfloat-abi=hard -nost
TRACE::2025-05-31.13:58:33::SCWBDomain::artfiles -g -Wall -Wextra"

TRACE::2025-05-31.13:58:33::SCWBDomain::make[2]: Entering directory 'D:/proyectosep2/IEE2463-SEP-Proyecto-2-Z8/music_player/vitis2/music_player_plt/zynq_fsbl/zynq_fsbl
TRACE::2025-05-31.13:58:33::SCWBDomain::_bsp/ps7_cortexa9_0/libsrc/uartps_v3_9/src'

TRACE::2025-05-31.13:58:33::SCWBDomain::make[2]: Leaving directory 'D:/proyectosep2/IEE2463-SEP-Proyecto-2-Z8/music_player/vitis2/music_player_plt/zynq_fsbl/zynq_fsbl_
TRACE::2025-05-31.13:58:33::SCWBDomain::bsp/ps7_cortexa9_0/libsrc/uartps_v3_9/src'

TRACE::2025-05-31.13:58:33::SCWBDomain::"Running Make include in ps7_cortexa9_0/libsrc/usbps_v2_5/src"

TRACE::2025-05-31.13:58:33::SCWBDomain::make -C ps7_cortexa9_0/libsrc/usbps_v2_5/src -s include  "SHELL=CMD" "COMPILER=arm-none-eabi-gcc" "ASSEMBLER=arm-none-eabi-as" 
TRACE::2025-05-31.13:58:33::SCWBDomain::"ARCHIVER=arm-none-eabi-ar" "COMPILER_FLAGS=  -O2 -c" "EXTRA_COMPILER_FLAGS=-mcpu=cortex-a9 -mfpu=vfpv3 -mfloat-abi=hard -nosta
TRACE::2025-05-31.13:58:33::SCWBDomain::rtfiles -g -Wall -Wextra"

TRACE::2025-05-31.13:58:33::SCWBDomain::make[2]: Entering directory 'D:/proyectosep2/IEE2463-SEP-Proyecto-2-Z8/music_player/vitis2/music_player_plt/zynq_fsbl/zynq_fsbl
TRACE::2025-05-31.13:58:33::SCWBDomain::_bsp/ps7_cortexa9_0/libsrc/usbps_v2_5/src'

TRACE::2025-05-31.13:58:33::SCWBDomain::make[2]: Leaving directory 'D:/proyectosep2/IEE2463-SEP-Proyecto-2-Z8/music_player/vitis2/music_player_plt/zynq_fsbl/zynq_fsbl_
TRACE::2025-05-31.13:58:33::SCWBDomain::bsp/ps7_cortexa9_0/libsrc/usbps_v2_5/src'

TRACE::2025-05-31.13:58:33::SCWBDomain::"Running Make include in ps7_cortexa9_0/libsrc/xadcps_v2_4/src"

TRACE::2025-05-31.13:58:33::SCWBDomain::make -C ps7_cortexa9_0/libsrc/xadcps_v2_4/src -s include  "SHELL=CMD" "COMPILER=arm-none-eabi-gcc" "ASSEMBLER=arm-none-eabi-as"
TRACE::2025-05-31.13:58:33::SCWBDomain:: "ARCHIVER=arm-none-eabi-ar" "COMPILER_FLAGS=  -O2 -c" "EXTRA_COMPILER_FLAGS=-mcpu=cortex-a9 -mfpu=vfpv3 -mfloat-abi=hard -nost
TRACE::2025-05-31.13:58:33::SCWBDomain::artfiles -g -Wall -Wextra"

TRACE::2025-05-31.13:58:33::SCWBDomain::make[2]: Entering directory 'D:/proyectosep2/IEE2463-SEP-Proyecto-2-Z8/music_player/vitis2/music_player_plt/zynq_fsbl/zynq_fsbl
TRACE::2025-05-31.13:58:33::SCWBDomain::_bsp/ps7_cortexa9_0/libsrc/xadcps_v2_4/src'

TRACE::2025-05-31.13:58:33::SCWBDomain::make[2]: Leaving directory 'D:/proyectosep2/IEE2463-SEP-Proyecto-2-Z8/music_player/vitis2/music_player_plt/zynq_fsbl/zynq_fsbl_
TRACE::2025-05-31.13:58:33::SCWBDomain::bsp/ps7_cortexa9_0/libsrc/xadcps_v2_4/src'

TRACE::2025-05-31.13:58:33::SCWBDomain::"Running Make include in ps7_cortexa9_0/libsrc/xilffs_v4_3/src"

TRACE::2025-05-31.13:58:33::SCWBDomain::make -C ps7_cortexa9_0/libsrc/xilffs_v4_3/src -s include  "SHELL=CMD" "COMPILER=arm-none-eabi-gcc" "ASSEMBLER=arm-none-eabi-as"
TRACE::2025-05-31.13:58:33::SCWBDomain:: "ARCHIVER=arm-none-eabi-ar" "COMPILER_FLAGS=  -O2 -c" "EXTRA_COMPILER_FLAGS=-mcpu=cortex-a9 -mfpu=vfpv3 -mfloat-abi=hard -nost
TRACE::2025-05-31.13:58:33::SCWBDomain::artfiles -g -Wall -Wextra"

TRACE::2025-05-31.13:58:33::SCWBDomain::make[2]: Entering directory 'D:/proyectosep2/IEE2463-SEP-Proyecto-2-Z8/music_player/vitis2/music_player_plt/zynq_fsbl/zynq_fsbl
TRACE::2025-05-31.13:58:33::SCWBDomain::_bsp/ps7_cortexa9_0/libsrc/xilffs_v4_3/src'

TRACE::2025-05-31.13:58:33::SCWBDomain::make[2]: Leaving directory 'D:/proyectosep2/IEE2463-SEP-Proyecto-2-Z8/music_player/vitis2/music_player_plt/zynq_fsbl/zynq_fsbl_
TRACE::2025-05-31.13:58:33::SCWBDomain::bsp/ps7_cortexa9_0/libsrc/xilffs_v4_3/src'

TRACE::2025-05-31.13:58:33::SCWBDomain::"Running Make include in ps7_cortexa9_0/libsrc/xilrsa_v1_6/src"

TRACE::2025-05-31.13:58:33::SCWBDomain::make -C ps7_cortexa9_0/libsrc/xilrsa_v1_6/src -s include  "SHELL=CMD" "COMPILER=arm-none-eabi-gcc" "ASSEMBLER=arm-none-eabi-as"
TRACE::2025-05-31.13:58:33::SCWBDomain:: "ARCHIVER=arm-none-eabi-ar" "COMPILER_FLAGS=  -O2 -c" "EXTRA_COMPILER_FLAGS=-mcpu=cortex-a9 -mfpu=vfpv3 -mfloat-abi=hard -nost
TRACE::2025-05-31.13:58:33::SCWBDomain::artfiles -g -Wall -Wextra"

TRACE::2025-05-31.13:58:33::SCWBDomain::make[2]: Entering directory 'D:/proyectosep2/IEE2463-SEP-Proyecto-2-Z8/music_player/vitis2/music_player_plt/zynq_fsbl/zynq_fsbl
TRACE::2025-05-31.13:58:33::SCWBDomain::_bsp/ps7_cortexa9_0/libsrc/xilrsa_v1_6/src'

TRACE::2025-05-31.13:58:33::SCWBDomain::make[2]: Leaving directory 'D:/proyectosep2/IEE2463-SEP-Proyecto-2-Z8/music_player/vitis2/music_player_plt/zynq_fsbl/zynq_fsbl_
TRACE::2025-05-31.13:58:33::SCWBDomain::bsp/ps7_cortexa9_0/libsrc/xilrsa_v1_6/src'

TRACE::2025-05-31.13:58:33::SCWBDomain::"Running Make libs in ps7_cortexa9_0/libsrc/coresightps_dcc_v1_7/src"

TRACE::2025-05-31.13:58:33::SCWBDomain::make -C ps7_cortexa9_0/libsrc/coresightps_dcc_v1_7/src -s libs  "SHELL=CMD" "COMPILER=arm-none-eabi-gcc" "ASSEMBLER=arm-none-ea
TRACE::2025-05-31.13:58:33::SCWBDomain::bi-as" "ARCHIVER=arm-none-eabi-ar" "COMPILER_FLAGS=  -O2 -c" "EXTRA_COMPILER_FLAGS=-mcpu=cortex-a9 -mfpu=vfpv3 -mfloat-abi=hard
TRACE::2025-05-31.13:58:33::SCWBDomain:: -nostartfiles -g -Wall -Wextra"

TRACE::2025-05-31.13:58:33::SCWBDomain::make[2]: Entering directory 'D:/proyectosep2/IEE2463-SEP-Proyecto-2-Z8/music_player/vitis2/music_player_plt/zynq_fsbl/zynq_fsbl
TRACE::2025-05-31.13:58:33::SCWBDomain::_bsp/ps7_cortexa9_0/libsrc/coresightps_dcc_v1_7/src'

TRACE::2025-05-31.13:58:33::SCWBDomain::"Compiling coresightps_dcc"

TRACE::2025-05-31.13:58:34::SCWBDomain::make[2]: Leaving directory 'D:/proyectosep2/IEE2463-SEP-Proyecto-2-Z8/music_player/vitis2/music_player_plt/zynq_fsbl/zynq_fsbl_
TRACE::2025-05-31.13:58:34::SCWBDomain::bsp/ps7_cortexa9_0/libsrc/coresightps_dcc_v1_7/src'

TRACE::2025-05-31.13:58:34::SCWBDomain::"Running Make libs in ps7_cortexa9_0/libsrc/cpu_cortexa9_v2_9/src"

TRACE::2025-05-31.13:58:34::SCWBDomain::make -C ps7_cortexa9_0/libsrc/cpu_cortexa9_v2_9/src -s libs  "SHELL=CMD" "COMPILER=arm-none-eabi-gcc" "ASSEMBLER=arm-none-eabi-
TRACE::2025-05-31.13:58:34::SCWBDomain::as" "ARCHIVER=arm-none-eabi-ar" "COMPILER_FLAGS=  -O2 -c" "EXTRA_COMPILER_FLAGS=-mcpu=cortex-a9 -mfpu=vfpv3 -mfloat-abi=hard -n
TRACE::2025-05-31.13:58:34::SCWBDomain::ostartfiles -g -Wall -Wextra"

TRACE::2025-05-31.13:58:34::SCWBDomain::make[2]: Entering directory 'D:/proyectosep2/IEE2463-SEP-Proyecto-2-Z8/music_player/vitis2/music_player_plt/zynq_fsbl/zynq_fsbl
TRACE::2025-05-31.13:58:34::SCWBDomain::_bsp/ps7_cortexa9_0/libsrc/cpu_cortexa9_v2_9/src'

TRACE::2025-05-31.13:58:34::SCWBDomain::"Compiling cpu_cortexa9"

TRACE::2025-05-31.13:58:34::SCWBDomain::make[2]: Leaving directory 'D:/proyectosep2/IEE2463-SEP-Proyecto-2-Z8/music_player/vitis2/music_player_plt/zynq_fsbl/zynq_fsbl_
TRACE::2025-05-31.13:58:34::SCWBDomain::bsp/ps7_cortexa9_0/libsrc/cpu_cortexa9_v2_9/src'

TRACE::2025-05-31.13:58:34::SCWBDomain::"Running Make libs in ps7_cortexa9_0/libsrc/ddrps_v1_1/src"

TRACE::2025-05-31.13:58:34::SCWBDomain::make -C ps7_cortexa9_0/libsrc/ddrps_v1_1/src -s libs  "SHELL=CMD" "COMPILER=arm-none-eabi-gcc" "ASSEMBLER=arm-none-eabi-as" "AR
TRACE::2025-05-31.13:58:34::SCWBDomain::CHIVER=arm-none-eabi-ar" "COMPILER_FLAGS=  -O2 -c" "EXTRA_COMPILER_FLAGS=-mcpu=cortex-a9 -mfpu=vfpv3 -mfloat-abi=hard -nostartf
TRACE::2025-05-31.13:58:34::SCWBDomain::iles -g -Wall -Wextra"

TRACE::2025-05-31.13:58:34::SCWBDomain::make[2]: Entering directory 'D:/proyectosep2/IEE2463-SEP-Proyecto-2-Z8/music_player/vitis2/music_player_plt/zynq_fsbl/zynq_fsbl
TRACE::2025-05-31.13:58:34::SCWBDomain::_bsp/ps7_cortexa9_0/libsrc/ddrps_v1_1/src'

TRACE::2025-05-31.13:58:34::SCWBDomain::"Compiling ddrps"

TRACE::2025-05-31.13:58:34::SCWBDomain::make[2]: Leaving directory 'D:/proyectosep2/IEE2463-SEP-Proyecto-2-Z8/music_player/vitis2/music_player_plt/zynq_fsbl/zynq_fsbl_
TRACE::2025-05-31.13:58:34::SCWBDomain::bsp/ps7_cortexa9_0/libsrc/ddrps_v1_1/src'

TRACE::2025-05-31.13:58:34::SCWBDomain::"Running Make libs in ps7_cortexa9_0/libsrc/devcfg_v3_6/src"

TRACE::2025-05-31.13:58:34::SCWBDomain::make -C ps7_cortexa9_0/libsrc/devcfg_v3_6/src -s libs  "SHELL=CMD" "COMPILER=arm-none-eabi-gcc" "ASSEMBLER=arm-none-eabi-as" "A
TRACE::2025-05-31.13:58:34::SCWBDomain::RCHIVER=arm-none-eabi-ar" "COMPILER_FLAGS=  -O2 -c" "EXTRA_COMPILER_FLAGS=-mcpu=cortex-a9 -mfpu=vfpv3 -mfloat-abi=hard -nostart
TRACE::2025-05-31.13:58:34::SCWBDomain::files -g -Wall -Wextra"

TRACE::2025-05-31.13:58:34::SCWBDomain::make[2]: Entering directory 'D:/proyectosep2/IEE2463-SEP-Proyecto-2-Z8/music_player/vitis2/music_player_plt/zynq_fsbl/zynq_fsbl
TRACE::2025-05-31.13:58:34::SCWBDomain::_bsp/ps7_cortexa9_0/libsrc/devcfg_v3_6/src'

TRACE::2025-05-31.13:58:34::SCWBDomain::"Compiling devcfg"

TRACE::2025-05-31.13:58:35::SCWBDomain::make[2]: Leaving directory 'D:/proyectosep2/IEE2463-SEP-Proyecto-2-Z8/music_player/vitis2/music_player_plt/zynq_fsbl/zynq_fsbl_
TRACE::2025-05-31.13:58:35::SCWBDomain::bsp/ps7_cortexa9_0/libsrc/devcfg_v3_6/src'

TRACE::2025-05-31.13:58:35::SCWBDomain::"Running Make libs in ps7_cortexa9_0/libsrc/dmaps_v2_6/src"

TRACE::2025-05-31.13:58:35::SCWBDomain::make -C ps7_cortexa9_0/libsrc/dmaps_v2_6/src -s libs  "SHELL=CMD" "COMPILER=arm-none-eabi-gcc" "ASSEMBLER=arm-none-eabi-as" "AR
TRACE::2025-05-31.13:58:35::SCWBDomain::CHIVER=arm-none-eabi-ar" "COMPILER_FLAGS=  -O2 -c" "EXTRA_COMPILER_FLAGS=-mcpu=cortex-a9 -mfpu=vfpv3 -mfloat-abi=hard -nostartf
TRACE::2025-05-31.13:58:35::SCWBDomain::iles -g -Wall -Wextra"

TRACE::2025-05-31.13:58:35::SCWBDomain::make[2]: Entering directory 'D:/proyectosep2/IEE2463-SEP-Proyecto-2-Z8/music_player/vitis2/music_player_plt/zynq_fsbl/zynq_fsbl
TRACE::2025-05-31.13:58:35::SCWBDomain::_bsp/ps7_cortexa9_0/libsrc/dmaps_v2_6/src'

TRACE::2025-05-31.13:58:35::SCWBDomain::"Compiling dmaps"

TRACE::2025-05-31.13:58:35::SCWBDomain::make[2]: Leaving directory 'D:/proyectosep2/IEE2463-SEP-Proyecto-2-Z8/music_player/vitis2/music_player_plt/zynq_fsbl/zynq_fsbl_
TRACE::2025-05-31.13:58:35::SCWBDomain::bsp/ps7_cortexa9_0/libsrc/dmaps_v2_6/src'

TRACE::2025-05-31.13:58:35::SCWBDomain::"Running Make libs in ps7_cortexa9_0/libsrc/emacps_v3_11/src"

TRACE::2025-05-31.13:58:35::SCWBDomain::make -C ps7_cortexa9_0/libsrc/emacps_v3_11/src -s libs  "SHELL=CMD" "COMPILER=arm-none-eabi-gcc" "ASSEMBLER=arm-none-eabi-as" "
TRACE::2025-05-31.13:58:35::SCWBDomain::ARCHIVER=arm-none-eabi-ar" "COMPILER_FLAGS=  -O2 -c" "EXTRA_COMPILER_FLAGS=-mcpu=cortex-a9 -mfpu=vfpv3 -mfloat-abi=hard -nostar
TRACE::2025-05-31.13:58:35::SCWBDomain::tfiles -g -Wall -Wextra"

TRACE::2025-05-31.13:58:35::SCWBDomain::make[2]: Entering directory 'D:/proyectosep2/IEE2463-SEP-Proyecto-2-Z8/music_player/vitis2/music_player_plt/zynq_fsbl/zynq_fsbl
TRACE::2025-05-31.13:58:35::SCWBDomain::_bsp/ps7_cortexa9_0/libsrc/emacps_v3_11/src'

TRACE::2025-05-31.13:58:35::SCWBDomain::"Compiling emacps"

TRACE::2025-05-31.13:58:36::SCWBDomain::make[2]: Leaving directory 'D:/proyectosep2/IEE2463-SEP-Proyecto-2-Z8/music_player/vitis2/music_player_plt/zynq_fsbl/zynq_fsbl_
TRACE::2025-05-31.13:58:36::SCWBDomain::bsp/ps7_cortexa9_0/libsrc/emacps_v3_11/src'

TRACE::2025-05-31.13:58:36::SCWBDomain::"Running Make libs in ps7_cortexa9_0/libsrc/gpiops_v3_7/src"

TRACE::2025-05-31.13:58:36::SCWBDomain::make -C ps7_cortexa9_0/libsrc/gpiops_v3_7/src -s libs  "SHELL=CMD" "COMPILER=arm-none-eabi-gcc" "ASSEMBLER=arm-none-eabi-as" "A
TRACE::2025-05-31.13:58:36::SCWBDomain::RCHIVER=arm-none-eabi-ar" "COMPILER_FLAGS=  -O2 -c" "EXTRA_COMPILER_FLAGS=-mcpu=cortex-a9 -mfpu=vfpv3 -mfloat-abi=hard -nostart
TRACE::2025-05-31.13:58:36::SCWBDomain::files -g -Wall -Wextra"

TRACE::2025-05-31.13:58:36::SCWBDomain::make[2]: Entering directory 'D:/proyectosep2/IEE2463-SEP-Proyecto-2-Z8/music_player/vitis2/music_player_plt/zynq_fsbl/zynq_fsbl
TRACE::2025-05-31.13:58:36::SCWBDomain::_bsp/ps7_cortexa9_0/libsrc/gpiops_v3_7/src'

TRACE::2025-05-31.13:58:36::SCWBDomain::"Compiling gpiops"

TRACE::2025-05-31.13:58:37::SCWBDomain::make[2]: Leaving directory 'D:/proyectosep2/IEE2463-SEP-Proyecto-2-Z8/music_player/vitis2/music_player_plt/zynq_fsbl/zynq_fsbl_
TRACE::2025-05-31.13:58:37::SCWBDomain::bsp/ps7_cortexa9_0/libsrc/gpiops_v3_7/src'

TRACE::2025-05-31.13:58:37::SCWBDomain::"Running Make libs in ps7_cortexa9_0/libsrc/gpio_v4_6/src"

TRACE::2025-05-31.13:58:37::SCWBDomain::make -C ps7_cortexa9_0/libsrc/gpio_v4_6/src -s libs  "SHELL=CMD" "COMPILER=arm-none-eabi-gcc" "ASSEMBLER=arm-none-eabi-as" "ARC
TRACE::2025-05-31.13:58:37::SCWBDomain::HIVER=arm-none-eabi-ar" "COMPILER_FLAGS=  -O2 -c" "EXTRA_COMPILER_FLAGS=-mcpu=cortex-a9 -mfpu=vfpv3 -mfloat-abi=hard -nostartfi
TRACE::2025-05-31.13:58:37::SCWBDomain::les -g -Wall -Wextra"

TRACE::2025-05-31.13:58:37::SCWBDomain::make[2]: Entering directory 'D:/proyectosep2/IEE2463-SEP-Proyecto-2-Z8/music_player/vitis2/music_player_plt/zynq_fsbl/zynq_fsbl
TRACE::2025-05-31.13:58:37::SCWBDomain::_bsp/ps7_cortexa9_0/libsrc/gpio_v4_6/src'

TRACE::2025-05-31.13:58:37::SCWBDomain::"Compiling gpio"

TRACE::2025-05-31.13:58:38::SCWBDomain::make[2]: Leaving directory 'D:/proyectosep2/IEE2463-SEP-Proyecto-2-Z8/music_player/vitis2/music_player_plt/zynq_fsbl/zynq_fsbl_
TRACE::2025-05-31.13:58:38::SCWBDomain::bsp/ps7_cortexa9_0/libsrc/gpio_v4_6/src'

TRACE::2025-05-31.13:58:38::SCWBDomain::"Running Make libs in ps7_cortexa9_0/libsrc/qspips_v3_7/src"

TRACE::2025-05-31.13:58:38::SCWBDomain::make -C ps7_cortexa9_0/libsrc/qspips_v3_7/src -s libs  "SHELL=CMD" "COMPILER=arm-none-eabi-gcc" "ASSEMBLER=arm-none-eabi-as" "A
TRACE::2025-05-31.13:58:38::SCWBDomain::RCHIVER=arm-none-eabi-ar" "COMPILER_FLAGS=  -O2 -c" "EXTRA_COMPILER_FLAGS=-mcpu=cortex-a9 -mfpu=vfpv3 -mfloat-abi=hard -nostart
TRACE::2025-05-31.13:58:38::SCWBDomain::files -g -Wall -Wextra"

TRACE::2025-05-31.13:58:38::SCWBDomain::make[2]: Entering directory 'D:/proyectosep2/IEE2463-SEP-Proyecto-2-Z8/music_player/vitis2/music_player_plt/zynq_fsbl/zynq_fsbl
TRACE::2025-05-31.13:58:38::SCWBDomain::_bsp/ps7_cortexa9_0/libsrc/qspips_v3_7/src'

TRACE::2025-05-31.13:58:38::SCWBDomain::"Compiling qspips"

TRACE::2025-05-31.13:58:39::SCWBDomain::make[2]: Leaving directory 'D:/proyectosep2/IEE2463-SEP-Proyecto-2-Z8/music_player/vitis2/music_player_plt/zynq_fsbl/zynq_fsbl_
TRACE::2025-05-31.13:58:39::SCWBDomain::bsp/ps7_cortexa9_0/libsrc/qspips_v3_7/src'

TRACE::2025-05-31.13:58:39::SCWBDomain::"Running Make libs in ps7_cortexa9_0/libsrc/scugic_v4_2/src"

TRACE::2025-05-31.13:58:39::SCWBDomain::make -C ps7_cortexa9_0/libsrc/scugic_v4_2/src -s libs  "SHELL=CMD" "COMPILER=arm-none-eabi-gcc" "ASSEMBLER=arm-none-eabi-as" "A
TRACE::2025-05-31.13:58:39::SCWBDomain::RCHIVER=arm-none-eabi-ar" "COMPILER_FLAGS=  -O2 -c" "EXTRA_COMPILER_FLAGS=-mcpu=cortex-a9 -mfpu=vfpv3 -mfloat-abi=hard -nostart
TRACE::2025-05-31.13:58:39::SCWBDomain::files -g -Wall -Wextra"

TRACE::2025-05-31.13:58:39::SCWBDomain::make[2]: Entering directory 'D:/proyectosep2/IEE2463-SEP-Proyecto-2-Z8/music_player/vitis2/music_player_plt/zynq_fsbl/zynq_fsbl
TRACE::2025-05-31.13:58:39::SCWBDomain::_bsp/ps7_cortexa9_0/libsrc/scugic_v4_2/src'

TRACE::2025-05-31.13:58:39::SCWBDomain::"Compiling scugic"

TRACE::2025-05-31.13:58:39::SCWBDomain::make[2]: Leaving directory 'D:/proyectosep2/IEE2463-SEP-Proyecto-2-Z8/music_player/vitis2/music_player_plt/zynq_fsbl/zynq_fsbl_
TRACE::2025-05-31.13:58:39::SCWBDomain::bsp/ps7_cortexa9_0/libsrc/scugic_v4_2/src'

TRACE::2025-05-31.13:58:39::SCWBDomain::"Running Make libs in ps7_cortexa9_0/libsrc/scutimer_v2_2/src"

TRACE::2025-05-31.13:58:39::SCWBDomain::make -C ps7_cortexa9_0/libsrc/scutimer_v2_2/src -s libs  "SHELL=CMD" "COMPILER=arm-none-eabi-gcc" "ASSEMBLER=arm-none-eabi-as" 
TRACE::2025-05-31.13:58:39::SCWBDomain::"ARCHIVER=arm-none-eabi-ar" "COMPILER_FLAGS=  -O2 -c" "EXTRA_COMPILER_FLAGS=-mcpu=cortex-a9 -mfpu=vfpv3 -mfloat-abi=hard -nosta
TRACE::2025-05-31.13:58:39::SCWBDomain::rtfiles -g -Wall -Wextra"

TRACE::2025-05-31.13:58:39::SCWBDomain::make[2]: Entering directory 'D:/proyectosep2/IEE2463-SEP-Proyecto-2-Z8/music_player/vitis2/music_player_plt/zynq_fsbl/zynq_fsbl
TRACE::2025-05-31.13:58:39::SCWBDomain::_bsp/ps7_cortexa9_0/libsrc/scutimer_v2_2/src'

TRACE::2025-05-31.13:58:39::SCWBDomain::"Compiling scutimer"

TRACE::2025-05-31.13:58:40::SCWBDomain::make[2]: Leaving directory 'D:/proyectosep2/IEE2463-SEP-Proyecto-2-Z8/music_player/vitis2/music_player_plt/zynq_fsbl/zynq_fsbl_
TRACE::2025-05-31.13:58:40::SCWBDomain::bsp/ps7_cortexa9_0/libsrc/scutimer_v2_2/src'

TRACE::2025-05-31.13:58:40::SCWBDomain::"Running Make libs in ps7_cortexa9_0/libsrc/scuwdt_v2_2/src"

TRACE::2025-05-31.13:58:40::SCWBDomain::make -C ps7_cortexa9_0/libsrc/scuwdt_v2_2/src -s libs  "SHELL=CMD" "COMPILER=arm-none-eabi-gcc" "ASSEMBLER=arm-none-eabi-as" "A
TRACE::2025-05-31.13:58:40::SCWBDomain::RCHIVER=arm-none-eabi-ar" "COMPILER_FLAGS=  -O2 -c" "EXTRA_COMPILER_FLAGS=-mcpu=cortex-a9 -mfpu=vfpv3 -mfloat-abi=hard -nostart
TRACE::2025-05-31.13:58:40::SCWBDomain::files -g -Wall -Wextra"

TRACE::2025-05-31.13:58:40::SCWBDomain::make[2]: Entering directory 'D:/proyectosep2/IEE2463-SEP-Proyecto-2-Z8/music_player/vitis2/music_player_plt/zynq_fsbl/zynq_fsbl
TRACE::2025-05-31.13:58:40::SCWBDomain::_bsp/ps7_cortexa9_0/libsrc/scuwdt_v2_2/src'

TRACE::2025-05-31.13:58:40::SCWBDomain::"Compiling scuwdt"

TRACE::2025-05-31.13:58:40::SCWBDomain::make[2]: Leaving directory 'D:/proyectosep2/IEE2463-SEP-Proyecto-2-Z8/music_player/vitis2/music_player_plt/zynq_fsbl/zynq_fsbl_
TRACE::2025-05-31.13:58:40::SCWBDomain::bsp/ps7_cortexa9_0/libsrc/scuwdt_v2_2/src'

TRACE::2025-05-31.13:58:40::SCWBDomain::"Running Make libs in ps7_cortexa9_0/libsrc/sdps_v3_9/src"

TRACE::2025-05-31.13:58:40::SCWBDomain::make -C ps7_cortexa9_0/libsrc/sdps_v3_9/src -s libs  "SHELL=CMD" "COMPILER=arm-none-eabi-gcc" "ASSEMBLER=arm-none-eabi-as" "ARC
TRACE::2025-05-31.13:58:40::SCWBDomain::HIVER=arm-none-eabi-ar" "COMPILER_FLAGS=  -O2 -c" "EXTRA_COMPILER_FLAGS=-mcpu=cortex-a9 -mfpu=vfpv3 -mfloat-abi=hard -nostartfi
TRACE::2025-05-31.13:58:40::SCWBDomain::les -g -Wall -Wextra"

TRACE::2025-05-31.13:58:40::SCWBDomain::make[2]: Entering directory 'D:/proyectosep2/IEE2463-SEP-Proyecto-2-Z8/music_player/vitis2/music_player_plt/zynq_fsbl/zynq_fsbl
TRACE::2025-05-31.13:58:40::SCWBDomain::_bsp/ps7_cortexa9_0/libsrc/sdps_v3_9/src'

TRACE::2025-05-31.13:58:40::SCWBDomain::"Compiling sdps"

TRACE::2025-05-31.13:58:41::SCWBDomain::make[2]: Leaving directory 'D:/proyectosep2/IEE2463-SEP-Proyecto-2-Z8/music_player/vitis2/music_player_plt/zynq_fsbl/zynq_fsbl_
TRACE::2025-05-31.13:58:41::SCWBDomain::bsp/ps7_cortexa9_0/libsrc/sdps_v3_9/src'

TRACE::2025-05-31.13:58:41::SCWBDomain::"Running Make libs in ps7_cortexa9_0/libsrc/standalone_v7_2/src"

TRACE::2025-05-31.13:58:41::SCWBDomain::make -C ps7_cortexa9_0/libsrc/standalone_v7_2/src -s libs  "SHELL=CMD" "COMPILER=arm-none-eabi-gcc" "ASSEMBLER=arm-none-eabi-as
TRACE::2025-05-31.13:58:41::SCWBDomain::" "ARCHIVER=arm-none-eabi-ar" "COMPILER_FLAGS=  -O2 -c" "EXTRA_COMPILER_FLAGS=-mcpu=cortex-a9 -mfpu=vfpv3 -mfloat-abi=hard -nos
TRACE::2025-05-31.13:58:41::SCWBDomain::tartfiles -g -Wall -Wextra"

TRACE::2025-05-31.13:58:41::SCWBDomain::make[2]: Entering directory 'D:/proyectosep2/IEE2463-SEP-Proyecto-2-Z8/music_player/vitis2/music_player_plt/zynq_fsbl/zynq_fsbl
TRACE::2025-05-31.13:58:41::SCWBDomain::_bsp/ps7_cortexa9_0/libsrc/standalone_v7_2/src'

TRACE::2025-05-31.13:58:41::SCWBDomain::"Compiling standalone"

TRACE::2025-05-31.13:58:44::SCWBDomain::make[3]: Entering directory 'D:/proyectosep2/IEE2463-SEP-Proyecto-2-Z8/music_player/vitis2/music_player_plt/zynq_fsbl/zynq_fsbl
TRACE::2025-05-31.13:58:44::SCWBDomain::_bsp/ps7_cortexa9_0/libsrc/standalone_v7_2/src/profile'

TRACE::2025-05-31.13:58:44::SCWBDomain::make[3]: Leaving directory 'D:/proyectosep2/IEE2463-SEP-Proyecto-2-Z8/music_player/vitis2/music_player_plt/zynq_fsbl/zynq_fsbl_
TRACE::2025-05-31.13:58:44::SCWBDomain::bsp/ps7_cortexa9_0/libsrc/standalone_v7_2/src/profile'

TRACE::2025-05-31.13:58:44::SCWBDomain::make[2]: Leaving directory 'D:/proyectosep2/IEE2463-SEP-Proyecto-2-Z8/music_player/vitis2/music_player_plt/zynq_fsbl/zynq_fsbl_
TRACE::2025-05-31.13:58:44::SCWBDomain::bsp/ps7_cortexa9_0/libsrc/standalone_v7_2/src'

TRACE::2025-05-31.13:58:44::SCWBDomain::"Running Make libs in ps7_cortexa9_0/libsrc/tmrctr_v4_6/src"

TRACE::2025-05-31.13:58:44::SCWBDomain::make -C ps7_cortexa9_0/libsrc/tmrctr_v4_6/src -s libs  "SHELL=CMD" "COMPILER=arm-none-eabi-gcc" "ASSEMBLER=arm-none-eabi-as" "A
TRACE::2025-05-31.13:58:44::SCWBDomain::RCHIVER=arm-none-eabi-ar" "COMPILER_FLAGS=  -O2 -c" "EXTRA_COMPILER_FLAGS=-mcpu=cortex-a9 -mfpu=vfpv3 -mfloat-abi=hard -nostart
TRACE::2025-05-31.13:58:44::SCWBDomain::files -g -Wall -Wextra"

TRACE::2025-05-31.13:58:44::SCWBDomain::make[2]: Entering directory 'D:/proyectosep2/IEE2463-SEP-Proyecto-2-Z8/music_player/vitis2/music_player_plt/zynq_fsbl/zynq_fsbl
TRACE::2025-05-31.13:58:44::SCWBDomain::_bsp/ps7_cortexa9_0/libsrc/tmrctr_v4_6/src'

TRACE::2025-05-31.13:58:44::SCWBDomain::"Compiling tmrctr"

TRACE::2025-05-31.13:58:45::SCWBDomain::make[2]: Leaving directory 'D:/proyectosep2/IEE2463-SEP-Proyecto-2-Z8/music_player/vitis2/music_player_plt/zynq_fsbl/zynq_fsbl_
TRACE::2025-05-31.13:58:45::SCWBDomain::bsp/ps7_cortexa9_0/libsrc/tmrctr_v4_6/src'

TRACE::2025-05-31.13:58:45::SCWBDomain::"Running Make libs in ps7_cortexa9_0/libsrc/uartps_v3_9/src"

TRACE::2025-05-31.13:58:45::SCWBDomain::make -C ps7_cortexa9_0/libsrc/uartps_v3_9/src -s libs  "SHELL=CMD" "COMPILER=arm-none-eabi-gcc" "ASSEMBLER=arm-none-eabi-as" "A
TRACE::2025-05-31.13:58:45::SCWBDomain::RCHIVER=arm-none-eabi-ar" "COMPILER_FLAGS=  -O2 -c" "EXTRA_COMPILER_FLAGS=-mcpu=cortex-a9 -mfpu=vfpv3 -mfloat-abi=hard -nostart
TRACE::2025-05-31.13:58:45::SCWBDomain::files -g -Wall -Wextra"

TRACE::2025-05-31.13:58:45::SCWBDomain::make[2]: Entering directory 'D:/proyectosep2/IEE2463-SEP-Proyecto-2-Z8/music_player/vitis2/music_player_plt/zynq_fsbl/zynq_fsbl
TRACE::2025-05-31.13:58:45::SCWBDomain::_bsp/ps7_cortexa9_0/libsrc/uartps_v3_9/src'

TRACE::2025-05-31.13:58:45::SCWBDomain::"Compiling uartps"

TRACE::2025-05-31.13:58:46::SCWBDomain::make[2]: Leaving directory 'D:/proyectosep2/IEE2463-SEP-Proyecto-2-Z8/music_player/vitis2/music_player_plt/zynq_fsbl/zynq_fsbl_
TRACE::2025-05-31.13:58:46::SCWBDomain::bsp/ps7_cortexa9_0/libsrc/uartps_v3_9/src'

TRACE::2025-05-31.13:58:46::SCWBDomain::"Running Make libs in ps7_cortexa9_0/libsrc/usbps_v2_5/src"

TRACE::2025-05-31.13:58:46::SCWBDomain::make -C ps7_cortexa9_0/libsrc/usbps_v2_5/src -s libs  "SHELL=CMD" "COMPILER=arm-none-eabi-gcc" "ASSEMBLER=arm-none-eabi-as" "AR
TRACE::2025-05-31.13:58:46::SCWBDomain::CHIVER=arm-none-eabi-ar" "COMPILER_FLAGS=  -O2 -c" "EXTRA_COMPILER_FLAGS=-mcpu=cortex-a9 -mfpu=vfpv3 -mfloat-abi=hard -nostartf
TRACE::2025-05-31.13:58:46::SCWBDomain::iles -g -Wall -Wextra"

TRACE::2025-05-31.13:58:46::SCWBDomain::make[2]: Entering directory 'D:/proyectosep2/IEE2463-SEP-Proyecto-2-Z8/music_player/vitis2/music_player_plt/zynq_fsbl/zynq_fsbl
TRACE::2025-05-31.13:58:46::SCWBDomain::_bsp/ps7_cortexa9_0/libsrc/usbps_v2_5/src'

TRACE::2025-05-31.13:58:46::SCWBDomain::"Compiling usbps"

TRACE::2025-05-31.13:58:47::SCWBDomain::make[2]: Leaving directory 'D:/proyectosep2/IEE2463-SEP-Proyecto-2-Z8/music_player/vitis2/music_player_plt/zynq_fsbl/zynq_fsbl_
TRACE::2025-05-31.13:58:47::SCWBDomain::bsp/ps7_cortexa9_0/libsrc/usbps_v2_5/src'

TRACE::2025-05-31.13:58:47::SCWBDomain::"Running Make libs in ps7_cortexa9_0/libsrc/xadcps_v2_4/src"

TRACE::2025-05-31.13:58:47::SCWBDomain::make -C ps7_cortexa9_0/libsrc/xadcps_v2_4/src -s libs  "SHELL=CMD" "COMPILER=arm-none-eabi-gcc" "ASSEMBLER=arm-none-eabi-as" "A
TRACE::2025-05-31.13:58:47::SCWBDomain::RCHIVER=arm-none-eabi-ar" "COMPILER_FLAGS=  -O2 -c" "EXTRA_COMPILER_FLAGS=-mcpu=cortex-a9 -mfpu=vfpv3 -mfloat-abi=hard -nostart
TRACE::2025-05-31.13:58:47::SCWBDomain::files -g -Wall -Wextra"

TRACE::2025-05-31.13:58:47::SCWBDomain::make[2]: Entering directory 'D:/proyectosep2/IEE2463-SEP-Proyecto-2-Z8/music_player/vitis2/music_player_plt/zynq_fsbl/zynq_fsbl
TRACE::2025-05-31.13:58:47::SCWBDomain::_bsp/ps7_cortexa9_0/libsrc/xadcps_v2_4/src'

TRACE::2025-05-31.13:58:47::SCWBDomain::"Compiling xadcps"

TRACE::2025-05-31.13:58:48::SCWBDomain::make[2]: Leaving directory 'D:/proyectosep2/IEE2463-SEP-Proyecto-2-Z8/music_player/vitis2/music_player_plt/zynq_fsbl/zynq_fsbl_
TRACE::2025-05-31.13:58:48::SCWBDomain::bsp/ps7_cortexa9_0/libsrc/xadcps_v2_4/src'

TRACE::2025-05-31.13:58:48::SCWBDomain::"Running Make libs in ps7_cortexa9_0/libsrc/xilffs_v4_3/src"

TRACE::2025-05-31.13:58:48::SCWBDomain::make -C ps7_cortexa9_0/libsrc/xilffs_v4_3/src -s libs  "SHELL=CMD" "COMPILER=arm-none-eabi-gcc" "ASSEMBLER=arm-none-eabi-as" "A
TRACE::2025-05-31.13:58:48::SCWBDomain::RCHIVER=arm-none-eabi-ar" "COMPILER_FLAGS=  -O2 -c" "EXTRA_COMPILER_FLAGS=-mcpu=cortex-a9 -mfpu=vfpv3 -mfloat-abi=hard -nostart
TRACE::2025-05-31.13:58:48::SCWBDomain::files -g -Wall -Wextra"

TRACE::2025-05-31.13:58:48::SCWBDomain::make[2]: Entering directory 'D:/proyectosep2/IEE2463-SEP-Proyecto-2-Z8/music_player/vitis2/music_player_plt/zynq_fsbl/zynq_fsbl
TRACE::2025-05-31.13:58:48::SCWBDomain::_bsp/ps7_cortexa9_0/libsrc/xilffs_v4_3/src'

TRACE::2025-05-31.13:58:48::SCWBDomain::"Compiling XilFFs Library"

TRACE::2025-05-31.13:58:49::SCWBDomain::make[2]: Leaving directory 'D:/proyectosep2/IEE2463-SEP-Proyecto-2-Z8/music_player/vitis2/music_player_plt/zynq_fsbl/zynq_fsbl_
TRACE::2025-05-31.13:58:49::SCWBDomain::bsp/ps7_cortexa9_0/libsrc/xilffs_v4_3/src'

TRACE::2025-05-31.13:58:49::SCWBDomain::"Running Make libs in ps7_cortexa9_0/libsrc/xilrsa_v1_6/src"

TRACE::2025-05-31.13:58:49::SCWBDomain::make -C ps7_cortexa9_0/libsrc/xilrsa_v1_6/src -s libs  "SHELL=CMD" "COMPILER=arm-none-eabi-gcc" "ASSEMBLER=arm-none-eabi-as" "A
TRACE::2025-05-31.13:58:49::SCWBDomain::RCHIVER=arm-none-eabi-ar" "COMPILER_FLAGS=  -O2 -c" "EXTRA_COMPILER_FLAGS=-mcpu=cortex-a9 -mfpu=vfpv3 -mfloat-abi=hard -nostart
TRACE::2025-05-31.13:58:49::SCWBDomain::files -g -Wall -Wextra"

TRACE::2025-05-31.13:58:49::SCWBDomain::make[2]: Entering directory 'D:/proyectosep2/IEE2463-SEP-Proyecto-2-Z8/music_player/vitis2/music_player_plt/zynq_fsbl/zynq_fsbl
TRACE::2025-05-31.13:58:49::SCWBDomain::_bsp/ps7_cortexa9_0/libsrc/xilrsa_v1_6/src'

TRACE::2025-05-31.13:58:49::SCWBDomain::make[2]: Leaving directory 'D:/proyectosep2/IEE2463-SEP-Proyecto-2-Z8/music_player/vitis2/music_player_plt/zynq_fsbl/zynq_fsbl_
TRACE::2025-05-31.13:58:49::SCWBDomain::bsp/ps7_cortexa9_0/libsrc/xilrsa_v1_6/src'

TRACE::2025-05-31.13:58:49::SCWBDomain::'Finished building libraries'

TRACE::2025-05-31.13:58:49::SCWBDomain::make[1]: Leaving directory 'D:/proyectosep2/IEE2463-SEP-Proyecto-2-Z8/music_player/vitis2/music_player_plt/zynq_fsbl/zynq_fsbl_
TRACE::2025-05-31.13:58:49::SCWBDomain::bsp'

TRACE::2025-05-31.13:58:49::SCWBDomain::arm-none-eabi-gcc -MMD -MP       -mcpu=cortex-a9 -mfpu=vfpv3 -mfloat-abi=hard   -O2 -c -c sd.c -o sd.o -Izynq_fsbl_bsp/ps7_cort
TRACE::2025-05-31.13:58:49::SCWBDomain::exa9_0/include -I.

TRACE::2025-05-31.13:58:49::SCWBDomain::arm-none-eabi-gcc -MMD -MP       -mcpu=cortex-a9 -mfpu=vfpv3 -mfloat-abi=hard   -O2 -c -c nand.c -o nand.o -Izynq_fsbl_bsp/ps7_
TRACE::2025-05-31.13:58:49::SCWBDomain::cortexa9_0/include -I.

TRACE::2025-05-31.13:58:49::SCWBDomain::arm-none-eabi-gcc -MMD -MP       -mcpu=cortex-a9 -mfpu=vfpv3 -mfloat-abi=hard   -O2 -c -c nor.c -o nor.o -Izynq_fsbl_bsp/ps7_co
TRACE::2025-05-31.13:58:49::SCWBDomain::rtexa9_0/include -I.

TRACE::2025-05-31.13:58:49::SCWBDomain::arm-none-eabi-gcc -MMD -MP       -mcpu=cortex-a9 -mfpu=vfpv3 -mfloat-abi=hard   -O2 -c -c image_mover.c -o image_mover.o -Izynq
TRACE::2025-05-31.13:58:49::SCWBDomain::_fsbl_bsp/ps7_cortexa9_0/include -I.

TRACE::2025-05-31.13:58:49::SCWBDomain::arm-none-eabi-gcc -MMD -MP       -mcpu=cortex-a9 -mfpu=vfpv3 -mfloat-abi=hard   -O2 -c -c md5.c -o md5.o -Izynq_fsbl_bsp/ps7_co
TRACE::2025-05-31.13:58:49::SCWBDomain::rtexa9_0/include -I.

TRACE::2025-05-31.13:58:49::SCWBDomain::arm-none-eabi-gcc -MMD -MP       -mcpu=cortex-a9 -mfpu=vfpv3 -mfloat-abi=hard   -O2 -c -c fsbl_hooks.c -o fsbl_hooks.o -Izynq_f
TRACE::2025-05-31.13:58:49::SCWBDomain::sbl_bsp/ps7_cortexa9_0/include -I.

TRACE::2025-05-31.13:58:49::SCWBDomain::arm-none-eabi-gcc -MMD -MP       -mcpu=cortex-a9 -mfpu=vfpv3 -mfloat-abi=hard   -O2 -c -c main.c -o main.o -Izynq_fsbl_bsp/ps7_
TRACE::2025-05-31.13:58:49::SCWBDomain::cortexa9_0/include -I.

TRACE::2025-05-31.13:58:49::SCWBDomain::arm-none-eabi-gcc -MMD -MP       -mcpu=cortex-a9 -mfpu=vfpv3 -mfloat-abi=hard   -O2 -c -c rsa.c -o rsa.o -Izynq_fsbl_bsp/ps7_co
TRACE::2025-05-31.13:58:49::SCWBDomain::rtexa9_0/include -I.

TRACE::2025-05-31.13:58:49::SCWBDomain::arm-none-eabi-gcc -MMD -MP       -mcpu=cortex-a9 -mfpu=vfpv3 -mfloat-abi=hard   -O2 -c -c qspi.c -o qspi.o -Izynq_fsbl_bsp/ps7_
TRACE::2025-05-31.13:58:49::SCWBDomain::cortexa9_0/include -I.

TRACE::2025-05-31.13:58:50::SCWBDomain::arm-none-eabi-gcc -MMD -MP       -mcpu=cortex-a9 -mfpu=vfpv3 -mfloat-abi=hard   -O2 -c -c ps7_init.c -o ps7_init.o -Izynq_fsbl_
TRACE::2025-05-31.13:58:50::SCWBDomain::bsp/ps7_cortexa9_0/include -I.

TRACE::2025-05-31.13:58:50::SCWBDomain::arm-none-eabi-gcc -MMD -MP       -mcpu=cortex-a9 -mfpu=vfpv3 -mfloat-abi=hard   -O2 -c -c pcap.c -o pcap.o -Izynq_fsbl_bsp/ps7_
TRACE::2025-05-31.13:58:50::SCWBDomain::cortexa9_0/include -I.

TRACE::2025-05-31.13:58:50::SCWBDomain::arm-none-eabi-gcc -MMD -MP       -mcpu=cortex-a9 -mfpu=vfpv3 -mfloat-abi=hard   -O2 -c -c fsbl_handoff.S -o fsbl_handoff.o -Izy
TRACE::2025-05-31.13:58:50::SCWBDomain::nq_fsbl_bsp/ps7_cortexa9_0/include -I.

TRACE::2025-05-31.13:58:50::SCWBDomain::arm-none-eabi-gcc -o executable.elf  sd.o  nand.o  nor.o  image_mover.o  md5.o  fsbl_hooks.o  main.o  rsa.o  qspi.o  ps7_init.o
TRACE::2025-05-31.13:58:50::SCWBDomain::  pcap.o  fsbl_handoff.o -MMD -MP       -mcpu=cortex-a9 -mfpu=vfpv3 -mfloat-abi=hard   -mcpu=cortex-a9 -mfpu=vfpv3 -mfloat-abi=
TRACE::2025-05-31.13:58:50::SCWBDomain::hard -Wl,-build-id=none -specs=Xilinx.spec  -lrsa -Wl,--start-group,-lxil,-lgcc,-lc,--end-group -Wl,--start-group,-lxilffs,-lxi
TRACE::2025-05-31.13:58:50::SCWBDomain::l,-lgcc,-lc,--end-group -Wl,--start-group,-lrsa,-lxil,-lgcc,-lc,--end-group                                     -Wl,--gc-sectio
TRACE::2025-05-31.13:58:50::SCWBDomain::ns -Lzynq_fsbl_bsp/ps7_cortexa9_0/lib -L./ -Tlscript.ld

LOG::2025-05-31.13:58:50::SCWSystem::Checking the domain standalone_domain
LOG::2025-05-31.13:58:50::SCWSystem::Not a boot domain 
LOG::2025-05-31.13:58:50::SCWSystem::Started Processing the domain standalone_domain
TRACE::2025-05-31.13:58:50::SCWDomain::Generating domain artifcats
TRACE::2025-05-31.13:58:50::SCWMssOS::Generating standalone artifcats
TRACE::2025-05-31.13:58:50::SCWMssOS::Copying the qemu file from  D:/Xilinx/Vitis/2020.1/data/emulation/platforms/zynq/qemu/qemu_args.txt To D:/proyectosep2/IEE2463-SEP-Proyecto-2-Z8/music_player/vitis2/music_player_plt/export/music_player_plt/sw/music_player_plt/qemu/
TRACE::2025-05-31.13:58:50::SCWMssOS::Copying the qemu file from  D:/Xilinx/Vitis/2020.1/data/emulation/platforms/zynq/qemu/qemu_args.txt To D:/proyectosep2/IEE2463-SEP-Proyecto-2-Z8/music_player/vitis2/music_player_plt/export/music_player_plt/sw/music_player_plt/standalone_domain/qemu/
TRACE::2025-05-31.13:58:50::SCWMssOS:: Copying the user libraries. 
TRACE::2025-05-31.13:58:50::SCWPlatform::Trying to open the hw design at D:/proyectosep2/IEE2463-SEP-Proyecto-2-Z8/music_player/vitis2/music_player_plt/hw/design_1_wrapper.xsa
TRACE::2025-05-31.13:58:50::SCWPlatform::DSA given D:/proyectosep2/IEE2463-SEP-Proyecto-2-Z8/music_player/vitis2/music_player_plt/hw/design_1_wrapper.xsa
TRACE::2025-05-31.13:58:50::SCWPlatform::DSA absoulate path D:/proyectosep2/IEE2463-SEP-Proyecto-2-Z8/music_player/vitis2/music_player_plt/hw/design_1_wrapper.xsa
TRACE::2025-05-31.13:58:50::SCWPlatform::DSA directory D:/proyectosep2/IEE2463-SEP-Proyecto-2-Z8/music_player/vitis2/music_player_plt/hw
TRACE::2025-05-31.13:58:50::SCWPlatform:: Platform Path D:/proyectosep2/IEE2463-SEP-Proyecto-2-Z8/music_player/vitis2/music_player_plt/hw/design_1_wrapper.xsa
TRACE::2025-05-31.13:58:50::SCWPlatform:: Unique name xilinx:zybo-z7-10::0.0
TRACE::2025-05-31.13:58:50::SCWPlatform::Trying to set the existing hwdb with name design_1_wrapper_1
TRACE::2025-05-31.13:58:50::SCWPlatform::Opened existing hwdb design_1_wrapper_1
TRACE::2025-05-31.13:58:50::SCWPlatform::Found the Hw Db part of the input DSA
TRACE::2025-05-31.13:58:50::SCWMssOS::Checking the sw design at  D:/proyectosep2/IEE2463-SEP-Proyecto-2-Z8/music_player/vitis2/music_player_plt/ps7_cortexa9_0/standalone_domain/bsp/system.mss
TRACE::2025-05-31.13:58:50::SCWMssOS::DEBUG:  swdes dump  D:/proyectosep2/IEE2463-SEP-Proyecto-2-Z8/music_player/vitis2/music_player_plt/ps7_cortexa9_0/standalone_domain/bsp/system.mss|system_0||
D:/proyectosep2/IEE2463-SEP-Proyecto-2-Z8/music_player/vitis2/music_player_plt/zynq_fsbl/zynq_fsbl_bsp/system.mss|system||

TRACE::2025-05-31.13:58:50::SCWMssOS::Sw design exists and opened at  D:/proyectosep2/IEE2463-SEP-Proyecto-2-Z8/music_player/vitis2/music_player_plt/ps7_cortexa9_0/standalone_domain/bsp/system.mss
TRACE::2025-05-31.13:58:50::SCWMssOS::Completed writing the mss file at D:/proyectosep2/IEE2463-SEP-Proyecto-2-Z8/music_player/vitis2/music_player_plt/ps7_cortexa9_0/standalone_domain/bsp
TRACE::2025-05-31.13:58:50::SCWMssOS::Mss edits present, copying mssfile into export location D:/proyectosep2/IEE2463-SEP-Proyecto-2-Z8/music_player/vitis2/music_player_plt/ps7_cortexa9_0/standalone_domain/bsp/system.mss
TRACE::2025-05-31.13:58:50::SCWMssOS::bsp generated is upto date with the mss file. Skipping bsp generation.
TRACE::2025-05-31.13:58:50::SCWMssOS::BSP is already built. skipping the bsp build ... 
TRACE::2025-05-31.13:58:50::SCWDomain::Building the domain as part of full build :  standalone_domain
TRACE::2025-05-31.13:58:50::SCWMssOS::doing bsp build ... 
TRACE::2025-05-31.13:58:50::SCWMssOS::System Command Ran  D: & cd  D:/proyectosep2/IEE2463-SEP-Proyecto-2-Z8/music_player/vitis2/music_player_plt/ps7_cortexa9_0/standalone_domain/bsp & make 
TRACE::2025-05-31.13:58:50::SCWMssOS::"Running Make include in ps7_cortexa9_0/libsrc/coresightps_dcc_v1_7/src"

TRACE::2025-05-31.13:58:50::SCWMssOS::make -C ps7_cortexa9_0/libsrc/coresightps_dcc_v1_7/src -s include  "SHELL=CMD" "COMPILER=arm-none-eabi-gcc" "ASSEMBLER=arm-none
TRACE::2025-05-31.13:58:50::SCWMssOS::-eabi-as" "ARCHIVER=arm-none-eabi-ar" "COMPILER_FLAGS=  -O2 -c" "EXTRA_COMPILER_FLAGS=-mcpu=cortex-a9 -mfpu=vfpv3 -mfloat-abi=h
TRACE::2025-05-31.13:58:50::SCWMssOS::ard -nostartfiles -g -Wall -Wextra"

TRACE::2025-05-31.13:58:50::SCWMssOS::"Running Make include in ps7_cortexa9_0/libsrc/cpu_cortexa9_v2_9/src"

TRACE::2025-05-31.13:58:50::SCWMssOS::make -C ps7_cortexa9_0/libsrc/cpu_cortexa9_v2_9/src -s include  "SHELL=CMD" "COMPILER=arm-none-eabi-gcc" "ASSEMBLER=arm-none-ea
TRACE::2025-05-31.13:58:50::SCWMssOS::bi-as" "ARCHIVER=arm-none-eabi-ar" "COMPILER_FLAGS=  -O2 -c" "EXTRA_COMPILER_FLAGS=-mcpu=cortex-a9 -mfpu=vfpv3 -mfloat-abi=hard
TRACE::2025-05-31.13:58:50::SCWMssOS:: -nostartfiles -g -Wall -Wextra"

TRACE::2025-05-31.13:58:50::SCWMssOS::"Running Make include in ps7_cortexa9_0/libsrc/ddrps_v1_1/src"

TRACE::2025-05-31.13:58:50::SCWMssOS::make -C ps7_cortexa9_0/libsrc/ddrps_v1_1/src -s include  "SHELL=CMD" "COMPILER=arm-none-eabi-gcc" "ASSEMBLER=arm-none-eabi-as" 
TRACE::2025-05-31.13:58:50::SCWMssOS::"ARCHIVER=arm-none-eabi-ar" "COMPILER_FLAGS=  -O2 -c" "EXTRA_COMPILER_FLAGS=-mcpu=cortex-a9 -mfpu=vfpv3 -mfloat-abi=hard -nosta
TRACE::2025-05-31.13:58:50::SCWMssOS::rtfiles -g -Wall -Wextra"

TRACE::2025-05-31.13:58:50::SCWMssOS::"Running Make include in ps7_cortexa9_0/libsrc/devcfg_v3_6/src"

TRACE::2025-05-31.13:58:50::SCWMssOS::make -C ps7_cortexa9_0/libsrc/devcfg_v3_6/src -s include  "SHELL=CMD" "COMPILER=arm-none-eabi-gcc" "ASSEMBLER=arm-none-eabi-as"
TRACE::2025-05-31.13:58:50::SCWMssOS:: "ARCHIVER=arm-none-eabi-ar" "COMPILER_FLAGS=  -O2 -c" "EXTRA_COMPILER_FLAGS=-mcpu=cortex-a9 -mfpu=vfpv3 -mfloat-abi=hard -nost
TRACE::2025-05-31.13:58:50::SCWMssOS::artfiles -g -Wall -Wextra"

TRACE::2025-05-31.13:58:50::SCWMssOS::"Running Make include in ps7_cortexa9_0/libsrc/dmaps_v2_6/src"

TRACE::2025-05-31.13:58:50::SCWMssOS::make -C ps7_cortexa9_0/libsrc/dmaps_v2_6/src -s include  "SHELL=CMD" "COMPILER=arm-none-eabi-gcc" "ASSEMBLER=arm-none-eabi-as" 
TRACE::2025-05-31.13:58:50::SCWMssOS::"ARCHIVER=arm-none-eabi-ar" "COMPILER_FLAGS=  -O2 -c" "EXTRA_COMPILER_FLAGS=-mcpu=cortex-a9 -mfpu=vfpv3 -mfloat-abi=hard -nosta
TRACE::2025-05-31.13:58:50::SCWMssOS::rtfiles -g -Wall -Wextra"

TRACE::2025-05-31.13:58:50::SCWMssOS::"Running Make include in ps7_cortexa9_0/libsrc/emacps_v3_11/src"

TRACE::2025-05-31.13:58:50::SCWMssOS::make -C ps7_cortexa9_0/libsrc/emacps_v3_11/src -s include  "SHELL=CMD" "COMPILER=arm-none-eabi-gcc" "ASSEMBLER=arm-none-eabi-as
TRACE::2025-05-31.13:58:50::SCWMssOS::" "ARCHIVER=arm-none-eabi-ar" "COMPILER_FLAGS=  -O2 -c" "EXTRA_COMPILER_FLAGS=-mcpu=cortex-a9 -mfpu=vfpv3 -mfloat-abi=hard -nos
TRACE::2025-05-31.13:58:50::SCWMssOS::tartfiles -g -Wall -Wextra"

TRACE::2025-05-31.13:58:51::SCWMssOS::"Running Make include in ps7_cortexa9_0/libsrc/gpiops_v3_7/src"

TRACE::2025-05-31.13:58:51::SCWMssOS::make -C ps7_cortexa9_0/libsrc/gpiops_v3_7/src -s include  "SHELL=CMD" "COMPILER=arm-none-eabi-gcc" "ASSEMBLER=arm-none-eabi-as"
TRACE::2025-05-31.13:58:51::SCWMssOS:: "ARCHIVER=arm-none-eabi-ar" "COMPILER_FLAGS=  -O2 -c" "EXTRA_COMPILER_FLAGS=-mcpu=cortex-a9 -mfpu=vfpv3 -mfloat-abi=hard -nost
TRACE::2025-05-31.13:58:51::SCWMssOS::artfiles -g -Wall -Wextra"

TRACE::2025-05-31.13:58:51::SCWMssOS::"Running Make include in ps7_cortexa9_0/libsrc/gpio_v4_6/src"

TRACE::2025-05-31.13:58:51::SCWMssOS::make -C ps7_cortexa9_0/libsrc/gpio_v4_6/src -s include  "SHELL=CMD" "COMPILER=arm-none-eabi-gcc" "ASSEMBLER=arm-none-eabi-as" "
TRACE::2025-05-31.13:58:51::SCWMssOS::ARCHIVER=arm-none-eabi-ar" "COMPILER_FLAGS=  -O2 -c" "EXTRA_COMPILER_FLAGS=-mcpu=cortex-a9 -mfpu=vfpv3 -mfloat-abi=hard -nostar
TRACE::2025-05-31.13:58:51::SCWMssOS::tfiles -g -Wall -Wextra"

TRACE::2025-05-31.13:58:51::SCWMssOS::"Running Make include in ps7_cortexa9_0/libsrc/qspips_v3_7/src"

TRACE::2025-05-31.13:58:51::SCWMssOS::make -C ps7_cortexa9_0/libsrc/qspips_v3_7/src -s include  "SHELL=CMD" "COMPILER=arm-none-eabi-gcc" "ASSEMBLER=arm-none-eabi-as"
TRACE::2025-05-31.13:58:51::SCWMssOS:: "ARCHIVER=arm-none-eabi-ar" "COMPILER_FLAGS=  -O2 -c" "EXTRA_COMPILER_FLAGS=-mcpu=cortex-a9 -mfpu=vfpv3 -mfloat-abi=hard -nost
TRACE::2025-05-31.13:58:51::SCWMssOS::artfiles -g -Wall -Wextra"

TRACE::2025-05-31.13:58:51::SCWMssOS::"Running Make include in ps7_cortexa9_0/libsrc/scugic_v4_2/src"

TRACE::2025-05-31.13:58:51::SCWMssOS::make -C ps7_cortexa9_0/libsrc/scugic_v4_2/src -s include  "SHELL=CMD" "COMPILER=arm-none-eabi-gcc" "ASSEMBLER=arm-none-eabi-as"
TRACE::2025-05-31.13:58:51::SCWMssOS:: "ARCHIVER=arm-none-eabi-ar" "COMPILER_FLAGS=  -O2 -c" "EXTRA_COMPILER_FLAGS=-mcpu=cortex-a9 -mfpu=vfpv3 -mfloat-abi=hard -nost
TRACE::2025-05-31.13:58:51::SCWMssOS::artfiles -g -Wall -Wextra"

TRACE::2025-05-31.13:58:51::SCWMssOS::"Running Make include in ps7_cortexa9_0/libsrc/scutimer_v2_2/src"

TRACE::2025-05-31.13:58:51::SCWMssOS::make -C ps7_cortexa9_0/libsrc/scutimer_v2_2/src -s include  "SHELL=CMD" "COMPILER=arm-none-eabi-gcc" "ASSEMBLER=arm-none-eabi-a
TRACE::2025-05-31.13:58:51::SCWMssOS::s" "ARCHIVER=arm-none-eabi-ar" "COMPILER_FLAGS=  -O2 -c" "EXTRA_COMPILER_FLAGS=-mcpu=cortex-a9 -mfpu=vfpv3 -mfloat-abi=hard -no
TRACE::2025-05-31.13:58:51::SCWMssOS::startfiles -g -Wall -Wextra"

TRACE::2025-05-31.13:58:51::SCWMssOS::"Running Make include in ps7_cortexa9_0/libsrc/scuwdt_v2_2/src"

TRACE::2025-05-31.13:58:51::SCWMssOS::make -C ps7_cortexa9_0/libsrc/scuwdt_v2_2/src -s include  "SHELL=CMD" "COMPILER=arm-none-eabi-gcc" "ASSEMBLER=arm-none-eabi-as"
TRACE::2025-05-31.13:58:51::SCWMssOS:: "ARCHIVER=arm-none-eabi-ar" "COMPILER_FLAGS=  -O2 -c" "EXTRA_COMPILER_FLAGS=-mcpu=cortex-a9 -mfpu=vfpv3 -mfloat-abi=hard -nost
TRACE::2025-05-31.13:58:51::SCWMssOS::artfiles -g -Wall -Wextra"

TRACE::2025-05-31.13:58:51::SCWMssOS::"Running Make include in ps7_cortexa9_0/libsrc/sdps_v3_9/src"

TRACE::2025-05-31.13:58:51::SCWMssOS::make -C ps7_cortexa9_0/libsrc/sdps_v3_9/src -s include  "SHELL=CMD" "COMPILER=arm-none-eabi-gcc" "ASSEMBLER=arm-none-eabi-as" "
TRACE::2025-05-31.13:58:51::SCWMssOS::ARCHIVER=arm-none-eabi-ar" "COMPILER_FLAGS=  -O2 -c" "EXTRA_COMPILER_FLAGS=-mcpu=cortex-a9 -mfpu=vfpv3 -mfloat-abi=hard -nostar
TRACE::2025-05-31.13:58:51::SCWMssOS::tfiles -g -Wall -Wextra"

TRACE::2025-05-31.13:58:51::SCWMssOS::"Running Make include in ps7_cortexa9_0/libsrc/standalone_v7_2/src"

TRACE::2025-05-31.13:58:51::SCWMssOS::make -C ps7_cortexa9_0/libsrc/standalone_v7_2/src -s include  "SHELL=CMD" "COMPILER=arm-none-eabi-gcc" "ASSEMBLER=arm-none-eabi
TRACE::2025-05-31.13:58:51::SCWMssOS::-as" "ARCHIVER=arm-none-eabi-ar" "COMPILER_FLAGS=  -O2 -c" "EXTRA_COMPILER_FLAGS=-mcpu=cortex-a9 -mfpu=vfpv3 -mfloat-abi=hard -
TRACE::2025-05-31.13:58:51::SCWMssOS::nostartfiles -g -Wall -Wextra"

TRACE::2025-05-31.13:58:52::SCWMssOS::"Running Make include in ps7_cortexa9_0/libsrc/tmrctr_v4_6/src"

TRACE::2025-05-31.13:58:52::SCWMssOS::make -C ps7_cortexa9_0/libsrc/tmrctr_v4_6/src -s include  "SHELL=CMD" "COMPILER=arm-none-eabi-gcc" "ASSEMBLER=arm-none-eabi-as"
TRACE::2025-05-31.13:58:52::SCWMssOS:: "ARCHIVER=arm-none-eabi-ar" "COMPILER_FLAGS=  -O2 -c" "EXTRA_COMPILER_FLAGS=-mcpu=cortex-a9 -mfpu=vfpv3 -mfloat-abi=hard -nost
TRACE::2025-05-31.13:58:52::SCWMssOS::artfiles -g -Wall -Wextra"

TRACE::2025-05-31.13:58:52::SCWMssOS::"Running Make include in ps7_cortexa9_0/libsrc/uartps_v3_9/src"

TRACE::2025-05-31.13:58:52::SCWMssOS::make -C ps7_cortexa9_0/libsrc/uartps_v3_9/src -s include  "SHELL=CMD" "COMPILER=arm-none-eabi-gcc" "ASSEMBLER=arm-none-eabi-as"
TRACE::2025-05-31.13:58:52::SCWMssOS:: "ARCHIVER=arm-none-eabi-ar" "COMPILER_FLAGS=  -O2 -c" "EXTRA_COMPILER_FLAGS=-mcpu=cortex-a9 -mfpu=vfpv3 -mfloat-abi=hard -nost
TRACE::2025-05-31.13:58:52::SCWMssOS::artfiles -g -Wall -Wextra"

TRACE::2025-05-31.13:58:52::SCWMssOS::"Running Make include in ps7_cortexa9_0/libsrc/usbps_v2_5/src"

TRACE::2025-05-31.13:58:52::SCWMssOS::make -C ps7_cortexa9_0/libsrc/usbps_v2_5/src -s include  "SHELL=CMD" "COMPILER=arm-none-eabi-gcc" "ASSEMBLER=arm-none-eabi-as" 
TRACE::2025-05-31.13:58:52::SCWMssOS::"ARCHIVER=arm-none-eabi-ar" "COMPILER_FLAGS=  -O2 -c" "EXTRA_COMPILER_FLAGS=-mcpu=cortex-a9 -mfpu=vfpv3 -mfloat-abi=hard -nosta
TRACE::2025-05-31.13:58:52::SCWMssOS::rtfiles -g -Wall -Wextra"

TRACE::2025-05-31.13:58:52::SCWMssOS::"Running Make include in ps7_cortexa9_0/libsrc/xadcps_v2_4/src"

TRACE::2025-05-31.13:58:52::SCWMssOS::make -C ps7_cortexa9_0/libsrc/xadcps_v2_4/src -s include  "SHELL=CMD" "COMPILER=arm-none-eabi-gcc" "ASSEMBLER=arm-none-eabi-as"
TRACE::2025-05-31.13:58:52::SCWMssOS:: "ARCHIVER=arm-none-eabi-ar" "COMPILER_FLAGS=  -O2 -c" "EXTRA_COMPILER_FLAGS=-mcpu=cortex-a9 -mfpu=vfpv3 -mfloat-abi=hard -nost
TRACE::2025-05-31.13:58:52::SCWMssOS::artfiles -g -Wall -Wextra"

TRACE::2025-05-31.13:58:52::SCWMssOS::"Running Make libs in ps7_cortexa9_0/libsrc/coresightps_dcc_v1_7/src"

TRACE::2025-05-31.13:58:52::SCWMssOS::make -C ps7_cortexa9_0/libsrc/coresightps_dcc_v1_7/src -s libs  "SHELL=CMD" "COMPILER=arm-none-eabi-gcc" "ASSEMBLER=arm-none-ea
TRACE::2025-05-31.13:58:52::SCWMssOS::bi-as" "ARCHIVER=arm-none-eabi-ar" "COMPILER_FLAGS=  -O2 -c" "EXTRA_COMPILER_FLAGS=-mcpu=cortex-a9 -mfpu=vfpv3 -mfloat-abi=hard
TRACE::2025-05-31.13:58:52::SCWMssOS:: -nostartfiles -g -Wall -Wextra"

TRACE::2025-05-31.13:58:52::SCWMssOS::"Compiling coresightps_dcc"

TRACE::2025-05-31.13:58:52::SCWMssOS::"Running Make libs in ps7_cortexa9_0/libsrc/cpu_cortexa9_v2_9/src"

TRACE::2025-05-31.13:58:52::SCWMssOS::make -C ps7_cortexa9_0/libsrc/cpu_cortexa9_v2_9/src -s libs  "SHELL=CMD" "COMPILER=arm-none-eabi-gcc" "ASSEMBLER=arm-none-eabi-
TRACE::2025-05-31.13:58:52::SCWMssOS::as" "ARCHIVER=arm-none-eabi-ar" "COMPILER_FLAGS=  -O2 -c" "EXTRA_COMPILER_FLAGS=-mcpu=cortex-a9 -mfpu=vfpv3 -mfloat-abi=hard -n
TRACE::2025-05-31.13:58:52::SCWMssOS::ostartfiles -g -Wall -Wextra"

TRACE::2025-05-31.13:58:52::SCWMssOS::"Compiling cpu_cortexa9"

TRACE::2025-05-31.13:58:52::SCWMssOS::"Running Make libs in ps7_cortexa9_0/libsrc/ddrps_v1_1/src"

TRACE::2025-05-31.13:58:52::SCWMssOS::make -C ps7_cortexa9_0/libsrc/ddrps_v1_1/src -s libs  "SHELL=CMD" "COMPILER=arm-none-eabi-gcc" "ASSEMBLER=arm-none-eabi-as" "AR
TRACE::2025-05-31.13:58:52::SCWMssOS::CHIVER=arm-none-eabi-ar" "COMPILER_FLAGS=  -O2 -c" "EXTRA_COMPILER_FLAGS=-mcpu=cortex-a9 -mfpu=vfpv3 -mfloat-abi=hard -nostartf
TRACE::2025-05-31.13:58:52::SCWMssOS::iles -g -Wall -Wextra"

TRACE::2025-05-31.13:58:52::SCWMssOS::"Compiling ddrps"

TRACE::2025-05-31.13:58:52::SCWMssOS::"Running Make libs in ps7_cortexa9_0/libsrc/devcfg_v3_6/src"

TRACE::2025-05-31.13:58:52::SCWMssOS::make -C ps7_cortexa9_0/libsrc/devcfg_v3_6/src -s libs  "SHELL=CMD" "COMPILER=arm-none-eabi-gcc" "ASSEMBLER=arm-none-eabi-as" "A
TRACE::2025-05-31.13:58:52::SCWMssOS::RCHIVER=arm-none-eabi-ar" "COMPILER_FLAGS=  -O2 -c" "EXTRA_COMPILER_FLAGS=-mcpu=cortex-a9 -mfpu=vfpv3 -mfloat-abi=hard -nostart
TRACE::2025-05-31.13:58:52::SCWMssOS::files -g -Wall -Wextra"

TRACE::2025-05-31.13:58:52::SCWMssOS::"Compiling devcfg"

TRACE::2025-05-31.13:58:53::SCWMssOS::"Running Make libs in ps7_cortexa9_0/libsrc/dmaps_v2_6/src"

TRACE::2025-05-31.13:58:53::SCWMssOS::make -C ps7_cortexa9_0/libsrc/dmaps_v2_6/src -s libs  "SHELL=CMD" "COMPILER=arm-none-eabi-gcc" "ASSEMBLER=arm-none-eabi-as" "AR
TRACE::2025-05-31.13:58:53::SCWMssOS::CHIVER=arm-none-eabi-ar" "COMPILER_FLAGS=  -O2 -c" "EXTRA_COMPILER_FLAGS=-mcpu=cortex-a9 -mfpu=vfpv3 -mfloat-abi=hard -nostartf
TRACE::2025-05-31.13:58:53::SCWMssOS::iles -g -Wall -Wextra"

TRACE::2025-05-31.13:58:53::SCWMssOS::"Compiling dmaps"

TRACE::2025-05-31.13:58:54::SCWMssOS::"Running Make libs in ps7_cortexa9_0/libsrc/emacps_v3_11/src"

TRACE::2025-05-31.13:58:54::SCWMssOS::make -C ps7_cortexa9_0/libsrc/emacps_v3_11/src -s libs  "SHELL=CMD" "COMPILER=arm-none-eabi-gcc" "ASSEMBLER=arm-none-eabi-as" "
TRACE::2025-05-31.13:58:54::SCWMssOS::ARCHIVER=arm-none-eabi-ar" "COMPILER_FLAGS=  -O2 -c" "EXTRA_COMPILER_FLAGS=-mcpu=cortex-a9 -mfpu=vfpv3 -mfloat-abi=hard -nostar
TRACE::2025-05-31.13:58:54::SCWMssOS::tfiles -g -Wall -Wextra"

TRACE::2025-05-31.13:58:54::SCWMssOS::"Compiling emacps"

TRACE::2025-05-31.13:58:55::SCWMssOS::"Running Make libs in ps7_cortexa9_0/libsrc/gpiops_v3_7/src"

TRACE::2025-05-31.13:58:55::SCWMssOS::make -C ps7_cortexa9_0/libsrc/gpiops_v3_7/src -s libs  "SHELL=CMD" "COMPILER=arm-none-eabi-gcc" "ASSEMBLER=arm-none-eabi-as" "A
TRACE::2025-05-31.13:58:55::SCWMssOS::RCHIVER=arm-none-eabi-ar" "COMPILER_FLAGS=  -O2 -c" "EXTRA_COMPILER_FLAGS=-mcpu=cortex-a9 -mfpu=vfpv3 -mfloat-abi=hard -nostart
TRACE::2025-05-31.13:58:55::SCWMssOS::files -g -Wall -Wextra"

TRACE::2025-05-31.13:58:55::SCWMssOS::"Compiling gpiops"

TRACE::2025-05-31.13:58:55::SCWMssOS::"Running Make libs in ps7_cortexa9_0/libsrc/gpio_v4_6/src"

TRACE::2025-05-31.13:58:55::SCWMssOS::make -C ps7_cortexa9_0/libsrc/gpio_v4_6/src -s libs  "SHELL=CMD" "COMPILER=arm-none-eabi-gcc" "ASSEMBLER=arm-none-eabi-as" "ARC
TRACE::2025-05-31.13:58:55::SCWMssOS::HIVER=arm-none-eabi-ar" "COMPILER_FLAGS=  -O2 -c" "EXTRA_COMPILER_FLAGS=-mcpu=cortex-a9 -mfpu=vfpv3 -mfloat-abi=hard -nostartfi
TRACE::2025-05-31.13:58:55::SCWMssOS::les -g -Wall -Wextra"

TRACE::2025-05-31.13:58:55::SCWMssOS::"Compiling gpio"

TRACE::2025-05-31.13:58:56::SCWMssOS::"Running Make libs in ps7_cortexa9_0/libsrc/qspips_v3_7/src"

TRACE::2025-05-31.13:58:56::SCWMssOS::make -C ps7_cortexa9_0/libsrc/qspips_v3_7/src -s libs  "SHELL=CMD" "COMPILER=arm-none-eabi-gcc" "ASSEMBLER=arm-none-eabi-as" "A
TRACE::2025-05-31.13:58:56::SCWMssOS::RCHIVER=arm-none-eabi-ar" "COMPILER_FLAGS=  -O2 -c" "EXTRA_COMPILER_FLAGS=-mcpu=cortex-a9 -mfpu=vfpv3 -mfloat-abi=hard -nostart
TRACE::2025-05-31.13:58:56::SCWMssOS::files -g -Wall -Wextra"

TRACE::2025-05-31.13:58:56::SCWMssOS::"Compiling qspips"

TRACE::2025-05-31.13:58:57::SCWMssOS::"Running Make libs in ps7_cortexa9_0/libsrc/scugic_v4_2/src"

TRACE::2025-05-31.13:58:57::SCWMssOS::make -C ps7_cortexa9_0/libsrc/scugic_v4_2/src -s libs  "SHELL=CMD" "COMPILER=arm-none-eabi-gcc" "ASSEMBLER=arm-none-eabi-as" "A
TRACE::2025-05-31.13:58:57::SCWMssOS::RCHIVER=arm-none-eabi-ar" "COMPILER_FLAGS=  -O2 -c" "EXTRA_COMPILER_FLAGS=-mcpu=cortex-a9 -mfpu=vfpv3 -mfloat-abi=hard -nostart
TRACE::2025-05-31.13:58:57::SCWMssOS::files -g -Wall -Wextra"

TRACE::2025-05-31.13:58:57::SCWMssOS::"Compiling scugic"

TRACE::2025-05-31.13:58:58::SCWMssOS::"Running Make libs in ps7_cortexa9_0/libsrc/scutimer_v2_2/src"

TRACE::2025-05-31.13:58:58::SCWMssOS::make -C ps7_cortexa9_0/libsrc/scutimer_v2_2/src -s libs  "SHELL=CMD" "COMPILER=arm-none-eabi-gcc" "ASSEMBLER=arm-none-eabi-as" 
TRACE::2025-05-31.13:58:58::SCWMssOS::"ARCHIVER=arm-none-eabi-ar" "COMPILER_FLAGS=  -O2 -c" "EXTRA_COMPILER_FLAGS=-mcpu=cortex-a9 -mfpu=vfpv3 -mfloat-abi=hard -nosta
TRACE::2025-05-31.13:58:58::SCWMssOS::rtfiles -g -Wall -Wextra"

TRACE::2025-05-31.13:58:58::SCWMssOS::"Compiling scutimer"

TRACE::2025-05-31.13:58:58::SCWMssOS::"Running Make libs in ps7_cortexa9_0/libsrc/scuwdt_v2_2/src"

TRACE::2025-05-31.13:58:58::SCWMssOS::make -C ps7_cortexa9_0/libsrc/scuwdt_v2_2/src -s libs  "SHELL=CMD" "COMPILER=arm-none-eabi-gcc" "ASSEMBLER=arm-none-eabi-as" "A
TRACE::2025-05-31.13:58:58::SCWMssOS::RCHIVER=arm-none-eabi-ar" "COMPILER_FLAGS=  -O2 -c" "EXTRA_COMPILER_FLAGS=-mcpu=cortex-a9 -mfpu=vfpv3 -mfloat-abi=hard -nostart
TRACE::2025-05-31.13:58:58::SCWMssOS::files -g -Wall -Wextra"

TRACE::2025-05-31.13:58:58::SCWMssOS::"Compiling scuwdt"

TRACE::2025-05-31.13:58:58::SCWMssOS::"Running Make libs in ps7_cortexa9_0/libsrc/sdps_v3_9/src"

TRACE::2025-05-31.13:58:58::SCWMssOS::make -C ps7_cortexa9_0/libsrc/sdps_v3_9/src -s libs  "SHELL=CMD" "COMPILER=arm-none-eabi-gcc" "ASSEMBLER=arm-none-eabi-as" "ARC
TRACE::2025-05-31.13:58:58::SCWMssOS::HIVER=arm-none-eabi-ar" "COMPILER_FLAGS=  -O2 -c" "EXTRA_COMPILER_FLAGS=-mcpu=cortex-a9 -mfpu=vfpv3 -mfloat-abi=hard -nostartfi
TRACE::2025-05-31.13:58:58::SCWMssOS::les -g -Wall -Wextra"

TRACE::2025-05-31.13:58:58::SCWMssOS::"Compiling sdps"

TRACE::2025-05-31.13:58:59::SCWMssOS::"Running Make libs in ps7_cortexa9_0/libsrc/standalone_v7_2/src"

TRACE::2025-05-31.13:58:59::SCWMssOS::make -C ps7_cortexa9_0/libsrc/standalone_v7_2/src -s libs  "SHELL=CMD" "COMPILER=arm-none-eabi-gcc" "ASSEMBLER=arm-none-eabi-as
TRACE::2025-05-31.13:58:59::SCWMssOS::" "ARCHIVER=arm-none-eabi-ar" "COMPILER_FLAGS=  -O2 -c" "EXTRA_COMPILER_FLAGS=-mcpu=cortex-a9 -mfpu=vfpv3 -mfloat-abi=hard -nos
TRACE::2025-05-31.13:58:59::SCWMssOS::tartfiles -g -Wall -Wextra"

TRACE::2025-05-31.13:58:59::SCWMssOS::"Compiling standalone"

TRACE::2025-05-31.13:59:02::SCWMssOS::"Running Make libs in ps7_cortexa9_0/libsrc/tmrctr_v4_6/src"

TRACE::2025-05-31.13:59:02::SCWMssOS::make -C ps7_cortexa9_0/libsrc/tmrctr_v4_6/src -s libs  "SHELL=CMD" "COMPILER=arm-none-eabi-gcc" "ASSEMBLER=arm-none-eabi-as" "A
TRACE::2025-05-31.13:59:02::SCWMssOS::RCHIVER=arm-none-eabi-ar" "COMPILER_FLAGS=  -O2 -c" "EXTRA_COMPILER_FLAGS=-mcpu=cortex-a9 -mfpu=vfpv3 -mfloat-abi=hard -nostart
TRACE::2025-05-31.13:59:02::SCWMssOS::files -g -Wall -Wextra"

TRACE::2025-05-31.13:59:02::SCWMssOS::"Compiling tmrctr"

TRACE::2025-05-31.13:59:03::SCWMssOS::"Running Make libs in ps7_cortexa9_0/libsrc/uartps_v3_9/src"

TRACE::2025-05-31.13:59:03::SCWMssOS::make -C ps7_cortexa9_0/libsrc/uartps_v3_9/src -s libs  "SHELL=CMD" "COMPILER=arm-none-eabi-gcc" "ASSEMBLER=arm-none-eabi-as" "A
TRACE::2025-05-31.13:59:03::SCWMssOS::RCHIVER=arm-none-eabi-ar" "COMPILER_FLAGS=  -O2 -c" "EXTRA_COMPILER_FLAGS=-mcpu=cortex-a9 -mfpu=vfpv3 -mfloat-abi=hard -nostart
TRACE::2025-05-31.13:59:03::SCWMssOS::files -g -Wall -Wextra"

TRACE::2025-05-31.13:59:03::SCWMssOS::"Compiling uartps"

TRACE::2025-05-31.13:59:04::SCWMssOS::"Running Make libs in ps7_cortexa9_0/libsrc/usbps_v2_5/src"

TRACE::2025-05-31.13:59:04::SCWMssOS::make -C ps7_cortexa9_0/libsrc/usbps_v2_5/src -s libs  "SHELL=CMD" "COMPILER=arm-none-eabi-gcc" "ASSEMBLER=arm-none-eabi-as" "AR
TRACE::2025-05-31.13:59:04::SCWMssOS::CHIVER=arm-none-eabi-ar" "COMPILER_FLAGS=  -O2 -c" "EXTRA_COMPILER_FLAGS=-mcpu=cortex-a9 -mfpu=vfpv3 -mfloat-abi=hard -nostartf
TRACE::2025-05-31.13:59:04::SCWMssOS::iles -g -Wall -Wextra"

TRACE::2025-05-31.13:59:04::SCWMssOS::"Compiling usbps"

TRACE::2025-05-31.13:59:05::SCWMssOS::"Running Make libs in ps7_cortexa9_0/libsrc/xadcps_v2_4/src"

TRACE::2025-05-31.13:59:05::SCWMssOS::make -C ps7_cortexa9_0/libsrc/xadcps_v2_4/src -s libs  "SHELL=CMD" "COMPILER=arm-none-eabi-gcc" "ASSEMBLER=arm-none-eabi-as" "A
TRACE::2025-05-31.13:59:05::SCWMssOS::RCHIVER=arm-none-eabi-ar" "COMPILER_FLAGS=  -O2 -c" "EXTRA_COMPILER_FLAGS=-mcpu=cortex-a9 -mfpu=vfpv3 -mfloat-abi=hard -nostart
TRACE::2025-05-31.13:59:05::SCWMssOS::files -g -Wall -Wextra"

TRACE::2025-05-31.13:59:05::SCWMssOS::"Compiling xadcps"

TRACE::2025-05-31.13:59:05::SCWMssOS::'Finished building libraries'

TRACE::2025-05-31.13:59:05::SCWMssOS::Copying to export directory.
TRACE::2025-05-31.13:59:05::SCWMssOS:: Checking if to create the Supporting Applications
TRACE::2025-05-31.13:59:05::SCWMssOS:: No Linux domain exists, trying to generate FSBL 
LOG::2025-05-31.13:59:05::SCWSystem::Completed Processing the domain standalone_domain
LOG::2025-05-31.13:59:05::SCWSystem::Completed Processing the sysconfig music_player_plt
LOG::2025-05-31.13:59:05::SCWPlatform::Completed generating the artifacts for system configuration music_player_plt
TRACE::2025-05-31.13:59:05::SCWPlatform::Started preparing the platform 
TRACE::2025-05-31.13:59:05::SCWSystem::Writing the bif file for system config music_player_plt
TRACE::2025-05-31.13:59:05::SCWSystem::dir created 
TRACE::2025-05-31.13:59:05::SCWSystem::Writing the bif 
TRACE::2025-05-31.13:59:05::SCWPlatform::Started writing the spfm file 
TRACE::2025-05-31.13:59:05::SCWPlatform::Started writing the xpfm file 
TRACE::2025-05-31.13:59:05::SCWPlatform::Completed generating the platform
TRACE::2025-05-31.13:59:05::SCWMssOS::Saving the mss changes D:/proyectosep2/IEE2463-SEP-Proyecto-2-Z8/music_player/vitis2/music_player_plt/zynq_fsbl/zynq_fsbl_bsp/system.mss
TRACE::2025-05-31.13:59:05::SCWMssOS::Found a swdesign opened with the mssfile.
TRACE::2025-05-31.13:59:05::SCWMssOS::Completed writemss as part of save.
TRACE::2025-05-31.13:59:05::SCWMssOS::Commit changes completed.
TRACE::2025-05-31.13:59:05::SCWMssOS::Saving the mss changes D:/proyectosep2/IEE2463-SEP-Proyecto-2-Z8/music_player/vitis2/music_player_plt/ps7_cortexa9_0/standalone_domain/bsp/system.mss
TRACE::2025-05-31.13:59:05::SCWMssOS::Found a swdesign opened with the mssfile.
TRACE::2025-05-31.13:59:05::SCWMssOS::Completed writemss as part of save.
TRACE::2025-05-31.13:59:05::SCWMssOS::Commit changes completed.
TRACE::2025-05-31.13:59:05::SCWPlatform::Trying to open the hw design at D:/proyectosep2/IEE2463-SEP-Proyecto-2-Z8/music_player/vitis2/music_player_plt/hw/design_1_wrapper.xsa
TRACE::2025-05-31.13:59:05::SCWPlatform::DSA given D:/proyectosep2/IEE2463-SEP-Proyecto-2-Z8/music_player/vitis2/music_player_plt/hw/design_1_wrapper.xsa
TRACE::2025-05-31.13:59:05::SCWPlatform::DSA absoulate path D:/proyectosep2/IEE2463-SEP-Proyecto-2-Z8/music_player/vitis2/music_player_plt/hw/design_1_wrapper.xsa
TRACE::2025-05-31.13:59:05::SCWPlatform::DSA directory D:/proyectosep2/IEE2463-SEP-Proyecto-2-Z8/music_player/vitis2/music_player_plt/hw
TRACE::2025-05-31.13:59:05::SCWPlatform:: Platform Path D:/proyectosep2/IEE2463-SEP-Proyecto-2-Z8/music_player/vitis2/music_player_plt/hw/design_1_wrapper.xsa
TRACE::2025-05-31.13:59:05::SCWPlatform:: Unique name xilinx:zybo-z7-10::0.0
TRACE::2025-05-31.13:59:05::SCWPlatform::Trying to set the existing hwdb with name design_1_wrapper_1
TRACE::2025-05-31.13:59:05::SCWPlatform::Opened existing hwdb design_1_wrapper_1
TRACE::2025-05-31.13:59:05::SCWPlatform::Found the Hw Db part of the input DSA
TRACE::2025-05-31.13:59:05::SCWMssOS::Checking the sw design at  D:/proyectosep2/IEE2463-SEP-Proyecto-2-Z8/music_player/vitis2/music_player_plt/zynq_fsbl/zynq_fsbl_bsp/system.mss
TRACE::2025-05-31.13:59:05::SCWMssOS::DEBUG:  swdes dump  D:/proyectosep2/IEE2463-SEP-Proyecto-2-Z8/music_player/vitis2/music_player_plt/ps7_cortexa9_0/standalone_domain/bsp/system.mss|system_0||
D:/proyectosep2/IEE2463-SEP-Proyecto-2-Z8/music_player/vitis2/music_player_plt/zynq_fsbl/zynq_fsbl_bsp/system.mss|system||

TRACE::2025-05-31.13:59:05::SCWMssOS::Sw design exists and opened at  D:/proyectosep2/IEE2463-SEP-Proyecto-2-Z8/music_player/vitis2/music_player_plt/zynq_fsbl/zynq_fsbl_bsp/system.mss
TRACE::2025-05-31.13:59:05::SCWPlatform::Trying to open the hw design at D:/proyectosep2/IEE2463-SEP-Proyecto-2-Z8/music_player/vitis2/music_player_plt/hw/design_1_wrapper.xsa
TRACE::2025-05-31.13:59:05::SCWPlatform::DSA given D:/proyectosep2/IEE2463-SEP-Proyecto-2-Z8/music_player/vitis2/music_player_plt/hw/design_1_wrapper.xsa
TRACE::2025-05-31.13:59:05::SCWPlatform::DSA absoulate path D:/proyectosep2/IEE2463-SEP-Proyecto-2-Z8/music_player/vitis2/music_player_plt/hw/design_1_wrapper.xsa
TRACE::2025-05-31.13:59:05::SCWPlatform::DSA directory D:/proyectosep2/IEE2463-SEP-Proyecto-2-Z8/music_player/vitis2/music_player_plt/hw
TRACE::2025-05-31.13:59:05::SCWPlatform:: Platform Path D:/proyectosep2/IEE2463-SEP-Proyecto-2-Z8/music_player/vitis2/music_player_plt/hw/design_1_wrapper.xsa
TRACE::2025-05-31.13:59:05::SCWPlatform:: Unique name xilinx:zybo-z7-10::0.0
TRACE::2025-05-31.13:59:05::SCWPlatform::Trying to set the existing hwdb with name design_1_wrapper_1
TRACE::2025-05-31.13:59:05::SCWPlatform::Opened existing hwdb design_1_wrapper_1
TRACE::2025-05-31.13:59:05::SCWPlatform::Found the Hw Db part of the input DSA
TRACE::2025-05-31.13:59:05::SCWMssOS::Checking the sw design at  D:/proyectosep2/IEE2463-SEP-Proyecto-2-Z8/music_player/vitis2/music_player_plt/ps7_cortexa9_0/standalone_domain/bsp/system.mss
TRACE::2025-05-31.13:59:05::SCWMssOS::DEBUG:  swdes dump  D:/proyectosep2/IEE2463-SEP-Proyecto-2-Z8/music_player/vitis2/music_player_plt/ps7_cortexa9_0/standalone_domain/bsp/system.mss|system_0||
D:/proyectosep2/IEE2463-SEP-Proyecto-2-Z8/music_player/vitis2/music_player_plt/zynq_fsbl/zynq_fsbl_bsp/system.mss|system||

TRACE::2025-05-31.13:59:05::SCWMssOS::Sw design exists and opened at  D:/proyectosep2/IEE2463-SEP-Proyecto-2-Z8/music_player/vitis2/music_player_plt/ps7_cortexa9_0/standalone_domain/bsp/system.mss
TRACE::2025-05-31.13:59:05::SCWWriter::formatted JSON is {
	"platformName":	"music_player_plt",
	"sprVersion":	"2.0",
	"mode":	"gui",
	"dsaType":	"Fixed",
	"platformDesc":	"music_player_plt",
	"platHandOff":	"D:/proyectosep2/IEE2463-SEP-Proyecto-2-Z8/music_player/music_player/design_1_wrapper.xsa",
	"platIntHandOff":	"<platformDir>/hw/design_1_wrapper.xsa",
	"deviceType":	"zynq",
	"platIsPrebuiltAutogen":	"false",
	"platIsNoBootBsp":	"false",
	"hasFsblMakeHasChanges":	"false",
	"hasPmufwMakeHasChanges":	"false",
	"fsblExtraCompilerFlags":	"-MMD -MP       -mcpu=cortex-a9 -mfpu=vfpv3 -mfloat-abi=hard ",
	"platPreBuiltFlag":	false,
	"platformSamplesDir":	"",
	"platActiveSys":	"music_player_plt",
	"systems":	[{
			"systemName":	"music_player_plt",
			"systemDesc":	"music_player_plt",
			"sysIsBootAutoGen":	"true",
			"systemDispName":	"music_player_plt",
			"sysActiveDom":	"standalone_domain",
			"sysDefaultDom":	"standalone_domain",
			"domains":	[{
					"domainName":	"zynq_fsbl",
					"domainDispName":	"zynq_fsbl",
					"domainDesc":	"FSBL Application BSP - Auto Generated.",
					"processors":	"ps7_cortexa9_0",
					"os":	"standalone",
					"sdxOs":	"standalone",
					"debugEnable":	"",
					"domRuntimes":	["cpp"],
					"swRepo":	"",
					"mssOsVer":	"7.2",
					"mssFile":	"",
					"md5Digest":	"f649a90a47f54d59c50c6b3f6748da03",
					"compatibleApp":	"zynq_fsbl",
					"domType":	"bootDomain",
					"appSettings":	{
						"appCompilerFlags":	"",
						"appLinkerFlags":	""
					},
					"addedLibs":	["xilffs:4.3", "xilrsa:1.6"],
					"libOptions":	{
						"libsContainingOptions":	[]
					},
					"prebuiltLibs":	{
						"prebuiltIncPath":	[],
						"prebuiltLibPath":	[]
					},
					"isolation":	{
					}
				}, {
					"domainName":	"standalone_domain",
					"domainDispName":	"standalone on ps7_cortexa9_0",
					"domainDesc":	"standalone_domain",
					"processors":	"ps7_cortexa9_0",
					"os":	"standalone",
					"sdxOs":	"standalone",
					"qemuArgs":	"D:/Xilinx/Vitis/2020.1/data/emulation/platforms/zynq/qemu/qemu_args.txt",
					"qemuData":	"D:/Xilinx/Vitis/2020.1/data/emulation/platforms/zynq/qemu/",
					"debugEnable":	"False",
					"domRuntimes":	["cpp"],
					"swRepo":	"",
					"mssOsVer":	"7.2",
					"mssFile":	"",
					"md5Digest":	"a37611641fc7b448a0fdfdb6f26dda28",
					"compatibleApp":	"",
					"domType":	"mssDomain",
					"appSettings":	{
						"appCompilerFlags":	"",
						"appLinkerFlags":	""
					},
					"addedLibs":	[],
					"libOptions":	{
						"libsContainingOptions":	[]
					},
					"prebuiltLibs":	{
						"prebuiltIncPath":	[],
						"prebuiltLibPath":	[]
					},
					"isolation":	{
					}
				}]
		}]
}
KEYINFO::2025-05-31.13:59:05::SCWPlatform::updated the xpfm file.
TRACE::2025-05-31.13:59:06::SCWPlatform::Trying to open the hw design at D:/proyectosep2/IEE2463-SEP-Proyecto-2-Z8/music_player/vitis2/music_player_plt/hw/design_1_wrapper.xsa
TRACE::2025-05-31.13:59:06::SCWPlatform::DSA given D:/proyectosep2/IEE2463-SEP-Proyecto-2-Z8/music_player/vitis2/music_player_plt/hw/design_1_wrapper.xsa
TRACE::2025-05-31.13:59:06::SCWPlatform::DSA absoulate path D:/proyectosep2/IEE2463-SEP-Proyecto-2-Z8/music_player/vitis2/music_player_plt/hw/design_1_wrapper.xsa
TRACE::2025-05-31.13:59:06::SCWPlatform::DSA directory D:/proyectosep2/IEE2463-SEP-Proyecto-2-Z8/music_player/vitis2/music_player_plt/hw
TRACE::2025-05-31.13:59:06::SCWPlatform:: Platform Path D:/proyectosep2/IEE2463-SEP-Proyecto-2-Z8/music_player/vitis2/music_player_plt/hw/design_1_wrapper.xsa
TRACE::2025-05-31.13:59:06::SCWPlatform:: Unique name xilinx:zybo-z7-10::0.0
TRACE::2025-05-31.13:59:06::SCWPlatform::Trying to set the existing hwdb with name design_1_wrapper_1
TRACE::2025-05-31.13:59:06::SCWPlatform::Opened existing hwdb design_1_wrapper_1
TRACE::2025-05-31.13:59:06::SCWPlatform::Found the Hw Db part of the input DSA
TRACE::2025-05-31.13:59:06::SCWMssOS::Checking the sw design at  D:/proyectosep2/IEE2463-SEP-Proyecto-2-Z8/music_player/vitis2/music_player_plt/ps7_cortexa9_0/standalone_domain/bsp/system.mss
TRACE::2025-05-31.13:59:06::SCWMssOS::DEBUG:  swdes dump  D:/proyectosep2/IEE2463-SEP-Proyecto-2-Z8/music_player/vitis2/music_player_plt/ps7_cortexa9_0/standalone_domain/bsp/system.mss|system_0||
D:/proyectosep2/IEE2463-SEP-Proyecto-2-Z8/music_player/vitis2/music_player_plt/zynq_fsbl/zynq_fsbl_bsp/system.mss|system||

TRACE::2025-05-31.13:59:06::SCWMssOS::Sw design exists and opened at  D:/proyectosep2/IEE2463-SEP-Proyecto-2-Z8/music_player/vitis2/music_player_plt/ps7_cortexa9_0/standalone_domain/bsp/system.mss
TRACE::2025-05-31.14:33:28::SCWPlatform::Trying to open the hw design at D:/proyectosep2/IEE2463-SEP-Proyecto-2-Z8/music_player/vitis2/music_player_plt/hw/design_1_wrapper.xsa
TRACE::2025-05-31.14:33:28::SCWPlatform::DSA given D:/proyectosep2/IEE2463-SEP-Proyecto-2-Z8/music_player/vitis2/music_player_plt/hw/design_1_wrapper.xsa
TRACE::2025-05-31.14:33:28::SCWPlatform::DSA absoulate path D:/proyectosep2/IEE2463-SEP-Proyecto-2-Z8/music_player/vitis2/music_player_plt/hw/design_1_wrapper.xsa
TRACE::2025-05-31.14:33:28::SCWPlatform::DSA directory D:/proyectosep2/IEE2463-SEP-Proyecto-2-Z8/music_player/vitis2/music_player_plt/hw
TRACE::2025-05-31.14:33:28::SCWPlatform:: Platform Path D:/proyectosep2/IEE2463-SEP-Proyecto-2-Z8/music_player/vitis2/music_player_plt/hw/design_1_wrapper.xsa
TRACE::2025-05-31.14:33:28::SCWPlatform:: Unique name xilinx:zybo-z7-10::0.0
TRACE::2025-05-31.14:33:28::SCWPlatform::Trying to set the existing hwdb with name design_1_wrapper_1
TRACE::2025-05-31.14:33:28::SCWPlatform::Opened existing hwdb design_1_wrapper_1
TRACE::2025-05-31.14:33:28::SCWPlatform::Found the Hw Db part of the input DSA
TRACE::2025-05-31.14:33:28::SCWMssOS::Checking the sw design at  D:/proyectosep2/IEE2463-SEP-Proyecto-2-Z8/music_player/vitis2/music_player_plt/zynq_fsbl/zynq_fsbl_bsp/system.mss
TRACE::2025-05-31.14:33:28::SCWMssOS::DEBUG:  swdes dump  D:/proyectosep2/IEE2463-SEP-Proyecto-2-Z8/music_player/vitis2/music_player_plt/ps7_cortexa9_0/standalone_domain/bsp/system.mss|system_0||
D:/proyectosep2/IEE2463-SEP-Proyecto-2-Z8/music_player/vitis2/music_player_plt/zynq_fsbl/zynq_fsbl_bsp/system.mss|system||

TRACE::2025-05-31.14:33:28::SCWMssOS::Sw design exists and opened at  D:/proyectosep2/IEE2463-SEP-Proyecto-2-Z8/music_player/vitis2/music_player_plt/zynq_fsbl/zynq_fsbl_bsp/system.mss
TRACE::2025-05-31.14:33:29::SCWMssOS::In reload Mss file.
TRACE::2025-05-31.14:33:29::SCWPlatform::Trying to open the hw design at D:/proyectosep2/IEE2463-SEP-Proyecto-2-Z8/music_player/vitis2/music_player_plt/hw/design_1_wrapper.xsa
TRACE::2025-05-31.14:33:29::SCWPlatform::DSA given D:/proyectosep2/IEE2463-SEP-Proyecto-2-Z8/music_player/vitis2/music_player_plt/hw/design_1_wrapper.xsa
TRACE::2025-05-31.14:33:29::SCWPlatform::DSA absoulate path D:/proyectosep2/IEE2463-SEP-Proyecto-2-Z8/music_player/vitis2/music_player_plt/hw/design_1_wrapper.xsa
TRACE::2025-05-31.14:33:29::SCWPlatform::DSA directory D:/proyectosep2/IEE2463-SEP-Proyecto-2-Z8/music_player/vitis2/music_player_plt/hw
TRACE::2025-05-31.14:33:29::SCWPlatform:: Platform Path D:/proyectosep2/IEE2463-SEP-Proyecto-2-Z8/music_player/vitis2/music_player_plt/hw/design_1_wrapper.xsa
TRACE::2025-05-31.14:33:29::SCWPlatform:: Unique name xilinx:zybo-z7-10::0.0
TRACE::2025-05-31.14:33:29::SCWPlatform::Trying to set the existing hwdb with name design_1_wrapper_1
TRACE::2025-05-31.14:33:29::SCWPlatform::Opened existing hwdb design_1_wrapper_1
TRACE::2025-05-31.14:33:29::SCWPlatform::Found the Hw Db part of the input DSA
TRACE::2025-05-31.14:33:29::SCWMssOS::Checking the sw design at  D:/proyectosep2/IEE2463-SEP-Proyecto-2-Z8/music_player/vitis2/music_player_plt/zynq_fsbl/zynq_fsbl_bsp/system.mss
TRACE::2025-05-31.14:33:29::SCWMssOS::DEBUG:  swdes dump  D:/proyectosep2/IEE2463-SEP-Proyecto-2-Z8/music_player/vitis2/music_player_plt/ps7_cortexa9_0/standalone_domain/bsp/system.mss|system_0||
D:/proyectosep2/IEE2463-SEP-Proyecto-2-Z8/music_player/vitis2/music_player_plt/zynq_fsbl/zynq_fsbl_bsp/system.mss|system||

KEYINFO::2025-05-31.14:33:29::SCWMssOS::Could not open the swdb for system
KEYINFO::2025-05-31.14:33:29::SCWMssOS::Could not open the sw design at  system
ERROR: [Hsi 55-1558] Software Design system is not found

TRACE::2025-05-31.14:33:29::SCWMssOS::Cleared the swdb table entry
TRACE::2025-05-31.14:33:29::SCWMssOS::No sw design opened at  D:/proyectosep2/IEE2463-SEP-Proyecto-2-Z8/music_player/vitis2/music_player_plt/zynq_fsbl/zynq_fsbl_bsp/system.mss
TRACE::2025-05-31.14:33:29::SCWMssOS::mss exists loading the mss file  D:/proyectosep2/IEE2463-SEP-Proyecto-2-Z8/music_player/vitis2/music_player_plt/zynq_fsbl/zynq_fsbl_bsp/system.mss
TRACE::2025-05-31.14:33:29::SCWMssOS::Opened the sw design from mss  D:/proyectosep2/IEE2463-SEP-Proyecto-2-Z8/music_player/vitis2/music_player_plt/zynq_fsbl/zynq_fsbl_bsp/system.mss
TRACE::2025-05-31.14:33:29::SCWMssOS::Adding the swdes entry D:/proyectosep2/IEE2463-SEP-Proyecto-2-Z8/music_player/vitis2/music_player_plt/zynq_fsbl/zynq_fsbl_bsp/system.mss with des name system
TRACE::2025-05-31.14:33:29::SCWMssOS::updating the scw layer about changes
TRACE::2025-05-31.14:33:29::SCWMssOS::Opened the sw design.  D:/proyectosep2/IEE2463-SEP-Proyecto-2-Z8/music_player/vitis2/music_player_plt/zynq_fsbl/zynq_fsbl_bsp/system.mss
TRACE::2025-05-31.14:33:29::SCWPlatform::Trying to open the hw design at D:/proyectosep2/IEE2463-SEP-Proyecto-2-Z8/music_player/vitis2/music_player_plt/hw/design_1_wrapper.xsa
TRACE::2025-05-31.14:33:29::SCWPlatform::DSA given D:/proyectosep2/IEE2463-SEP-Proyecto-2-Z8/music_player/vitis2/music_player_plt/hw/design_1_wrapper.xsa
TRACE::2025-05-31.14:33:29::SCWPlatform::DSA absoulate path D:/proyectosep2/IEE2463-SEP-Proyecto-2-Z8/music_player/vitis2/music_player_plt/hw/design_1_wrapper.xsa
TRACE::2025-05-31.14:33:29::SCWPlatform::DSA directory D:/proyectosep2/IEE2463-SEP-Proyecto-2-Z8/music_player/vitis2/music_player_plt/hw
TRACE::2025-05-31.14:33:29::SCWPlatform:: Platform Path D:/proyectosep2/IEE2463-SEP-Proyecto-2-Z8/music_player/vitis2/music_player_plt/hw/design_1_wrapper.xsa
TRACE::2025-05-31.14:33:29::SCWPlatform:: Unique name xilinx:zybo-z7-10::0.0
TRACE::2025-05-31.14:33:29::SCWPlatform::Trying to set the existing hwdb with name design_1_wrapper_1
TRACE::2025-05-31.14:33:29::SCWPlatform::Opened existing hwdb design_1_wrapper_1
TRACE::2025-05-31.14:33:29::SCWPlatform::Found the Hw Db part of the input DSA
TRACE::2025-05-31.14:33:29::SCWMssOS::Checking the sw design at  D:/proyectosep2/IEE2463-SEP-Proyecto-2-Z8/music_player/vitis2/music_player_plt/zynq_fsbl/zynq_fsbl_bsp/system.mss
TRACE::2025-05-31.14:33:29::SCWMssOS::DEBUG:  swdes dump  D:/proyectosep2/IEE2463-SEP-Proyecto-2-Z8/music_player/vitis2/music_player_plt/ps7_cortexa9_0/standalone_domain/bsp/system.mss|system_0||
D:/proyectosep2/IEE2463-SEP-Proyecto-2-Z8/music_player/vitis2/music_player_plt/zynq_fsbl/zynq_fsbl_bsp/system.mss|system||

TRACE::2025-05-31.14:33:29::SCWMssOS::Sw design exists and opened at  D:/proyectosep2/IEE2463-SEP-Proyecto-2-Z8/music_player/vitis2/music_player_plt/zynq_fsbl/zynq_fsbl_bsp/system.mss
TRACE::2025-05-31.14:33:29::SCWMssOS:: library already available in sw design:  xilffs:4.3
TRACE::2025-05-31.14:33:29::SCWPlatform::Trying to open the hw design at D:/proyectosep2/IEE2463-SEP-Proyecto-2-Z8/music_player/vitis2/music_player_plt/hw/design_1_wrapper.xsa
TRACE::2025-05-31.14:33:29::SCWPlatform::DSA given D:/proyectosep2/IEE2463-SEP-Proyecto-2-Z8/music_player/vitis2/music_player_plt/hw/design_1_wrapper.xsa
TRACE::2025-05-31.14:33:29::SCWPlatform::DSA absoulate path D:/proyectosep2/IEE2463-SEP-Proyecto-2-Z8/music_player/vitis2/music_player_plt/hw/design_1_wrapper.xsa
TRACE::2025-05-31.14:33:29::SCWPlatform::DSA directory D:/proyectosep2/IEE2463-SEP-Proyecto-2-Z8/music_player/vitis2/music_player_plt/hw
TRACE::2025-05-31.14:33:29::SCWPlatform:: Platform Path D:/proyectosep2/IEE2463-SEP-Proyecto-2-Z8/music_player/vitis2/music_player_plt/hw/design_1_wrapper.xsa
TRACE::2025-05-31.14:33:29::SCWPlatform:: Unique name xilinx:zybo-z7-10::0.0
TRACE::2025-05-31.14:33:29::SCWPlatform::Trying to set the existing hwdb with name design_1_wrapper_1
TRACE::2025-05-31.14:33:29::SCWPlatform::Opened existing hwdb design_1_wrapper_1
TRACE::2025-05-31.14:33:29::SCWPlatform::Found the Hw Db part of the input DSA
TRACE::2025-05-31.14:33:29::SCWMssOS::Checking the sw design at  D:/proyectosep2/IEE2463-SEP-Proyecto-2-Z8/music_player/vitis2/music_player_plt/zynq_fsbl/zynq_fsbl_bsp/system.mss
TRACE::2025-05-31.14:33:29::SCWMssOS::DEBUG:  swdes dump  D:/proyectosep2/IEE2463-SEP-Proyecto-2-Z8/music_player/vitis2/music_player_plt/ps7_cortexa9_0/standalone_domain/bsp/system.mss|system_0||
D:/proyectosep2/IEE2463-SEP-Proyecto-2-Z8/music_player/vitis2/music_player_plt/zynq_fsbl/zynq_fsbl_bsp/system.mss|system||

TRACE::2025-05-31.14:33:29::SCWMssOS::Sw design exists and opened at  D:/proyectosep2/IEE2463-SEP-Proyecto-2-Z8/music_player/vitis2/music_player_plt/zynq_fsbl/zynq_fsbl_bsp/system.mss
TRACE::2025-05-31.14:33:29::SCWMssOS:: library already available in sw design:  xilrsa:1.6
TRACE::2025-05-31.14:33:29::SCWMssOS::Saving the mss changes D:/proyectosep2/IEE2463-SEP-Proyecto-2-Z8/music_player/vitis2/music_player_plt/zynq_fsbl/zynq_fsbl_bsp/system.mss
TRACE::2025-05-31.14:33:29::SCWMssOS::Found a swdesign opened with the mssfile.
TRACE::2025-05-31.14:33:29::SCWMssOS::Completed writemss as part of save.
TRACE::2025-05-31.14:33:29::SCWMssOS::Commit changes completed.
TRACE::2025-05-31.14:33:29::SCWPlatform::Trying to open the hw design at D:/proyectosep2/IEE2463-SEP-Proyecto-2-Z8/music_player/vitis2/music_player_plt/hw/design_1_wrapper.xsa
TRACE::2025-05-31.14:33:29::SCWPlatform::DSA given D:/proyectosep2/IEE2463-SEP-Proyecto-2-Z8/music_player/vitis2/music_player_plt/hw/design_1_wrapper.xsa
TRACE::2025-05-31.14:33:29::SCWPlatform::DSA absoulate path D:/proyectosep2/IEE2463-SEP-Proyecto-2-Z8/music_player/vitis2/music_player_plt/hw/design_1_wrapper.xsa
TRACE::2025-05-31.14:33:29::SCWPlatform::DSA directory D:/proyectosep2/IEE2463-SEP-Proyecto-2-Z8/music_player/vitis2/music_player_plt/hw
TRACE::2025-05-31.14:33:29::SCWPlatform:: Platform Path D:/proyectosep2/IEE2463-SEP-Proyecto-2-Z8/music_player/vitis2/music_player_plt/hw/design_1_wrapper.xsa
TRACE::2025-05-31.14:33:29::SCWPlatform:: Unique name xilinx:zybo-z7-10::0.0
TRACE::2025-05-31.14:33:29::SCWPlatform::Trying to set the existing hwdb with name design_1_wrapper_1
TRACE::2025-05-31.14:33:29::SCWPlatform::Opened existing hwdb design_1_wrapper_1
TRACE::2025-05-31.14:33:29::SCWPlatform::Found the Hw Db part of the input DSA
TRACE::2025-05-31.14:33:29::SCWMssOS::Checking the sw design at  D:/proyectosep2/IEE2463-SEP-Proyecto-2-Z8/music_player/vitis2/music_player_plt/zynq_fsbl/zynq_fsbl_bsp/system.mss
TRACE::2025-05-31.14:33:29::SCWMssOS::DEBUG:  swdes dump  D:/proyectosep2/IEE2463-SEP-Proyecto-2-Z8/music_player/vitis2/music_player_plt/ps7_cortexa9_0/standalone_domain/bsp/system.mss|system_0||
D:/proyectosep2/IEE2463-SEP-Proyecto-2-Z8/music_player/vitis2/music_player_plt/zynq_fsbl/zynq_fsbl_bsp/system.mss|system||

TRACE::2025-05-31.14:33:29::SCWMssOS::Sw design exists and opened at  D:/proyectosep2/IEE2463-SEP-Proyecto-2-Z8/music_player/vitis2/music_player_plt/zynq_fsbl/zynq_fsbl_bsp/system.mss
TRACE::2025-05-31.14:33:29::SCWMssOS::Removing the swdes entry for  D:/proyectosep2/IEE2463-SEP-Proyecto-2-Z8/music_player/vitis2/music_player_plt/zynq_fsbl/zynq_fsbl_bsp/system.mss
TRACE::2025-05-31.14:33:30::SCWPlatform::Trying to open the hw design at D:/proyectosep2/IEE2463-SEP-Proyecto-2-Z8/music_player/vitis2/music_player_plt/hw/design_1_wrapper.xsa
TRACE::2025-05-31.14:33:30::SCWPlatform::DSA given D:/proyectosep2/IEE2463-SEP-Proyecto-2-Z8/music_player/vitis2/music_player_plt/hw/design_1_wrapper.xsa
TRACE::2025-05-31.14:33:30::SCWPlatform::DSA absoulate path D:/proyectosep2/IEE2463-SEP-Proyecto-2-Z8/music_player/vitis2/music_player_plt/hw/design_1_wrapper.xsa
TRACE::2025-05-31.14:33:30::SCWPlatform::DSA directory D:/proyectosep2/IEE2463-SEP-Proyecto-2-Z8/music_player/vitis2/music_player_plt/hw
TRACE::2025-05-31.14:33:30::SCWPlatform:: Platform Path D:/proyectosep2/IEE2463-SEP-Proyecto-2-Z8/music_player/vitis2/music_player_plt/hw/design_1_wrapper.xsa
TRACE::2025-05-31.14:33:30::SCWPlatform:: Unique name xilinx:zybo-z7-10::0.0
TRACE::2025-05-31.14:33:30::SCWPlatform::Trying to set the existing hwdb with name design_1_wrapper_1
TRACE::2025-05-31.14:33:30::SCWPlatform::Opened existing hwdb design_1_wrapper_1
TRACE::2025-05-31.14:33:30::SCWPlatform::Found the Hw Db part of the input DSA
TRACE::2025-05-31.14:33:30::SCWMssOS::Checking the sw design at  D:/proyectosep2/IEE2463-SEP-Proyecto-2-Z8/music_player/vitis2/music_player_plt/ps7_cortexa9_0/standalone_domain/bsp/system.mss
TRACE::2025-05-31.14:33:30::SCWMssOS::DEBUG:  swdes dump  D:/proyectosep2/IEE2463-SEP-Proyecto-2-Z8/music_player/vitis2/music_player_plt/ps7_cortexa9_0/standalone_domain/bsp/system.mss|system_0||

TRACE::2025-05-31.14:33:30::SCWMssOS::Sw design exists and opened at  D:/proyectosep2/IEE2463-SEP-Proyecto-2-Z8/music_player/vitis2/music_player_plt/ps7_cortexa9_0/standalone_domain/bsp/system.mss
TRACE::2025-05-31.14:33:30::SCWMssOS::In reload Mss file.
TRACE::2025-05-31.14:33:30::SCWPlatform::Trying to open the hw design at D:/proyectosep2/IEE2463-SEP-Proyecto-2-Z8/music_player/vitis2/music_player_plt/hw/design_1_wrapper.xsa
TRACE::2025-05-31.14:33:30::SCWPlatform::DSA given D:/proyectosep2/IEE2463-SEP-Proyecto-2-Z8/music_player/vitis2/music_player_plt/hw/design_1_wrapper.xsa
TRACE::2025-05-31.14:33:30::SCWPlatform::DSA absoulate path D:/proyectosep2/IEE2463-SEP-Proyecto-2-Z8/music_player/vitis2/music_player_plt/hw/design_1_wrapper.xsa
TRACE::2025-05-31.14:33:30::SCWPlatform::DSA directory D:/proyectosep2/IEE2463-SEP-Proyecto-2-Z8/music_player/vitis2/music_player_plt/hw
TRACE::2025-05-31.14:33:30::SCWPlatform:: Platform Path D:/proyectosep2/IEE2463-SEP-Proyecto-2-Z8/music_player/vitis2/music_player_plt/hw/design_1_wrapper.xsa
TRACE::2025-05-31.14:33:30::SCWPlatform:: Unique name xilinx:zybo-z7-10::0.0
TRACE::2025-05-31.14:33:30::SCWPlatform::Trying to set the existing hwdb with name design_1_wrapper_1
TRACE::2025-05-31.14:33:30::SCWPlatform::Opened existing hwdb design_1_wrapper_1
TRACE::2025-05-31.14:33:30::SCWPlatform::Found the Hw Db part of the input DSA
TRACE::2025-05-31.14:33:30::SCWMssOS::Checking the sw design at  D:/proyectosep2/IEE2463-SEP-Proyecto-2-Z8/music_player/vitis2/music_player_plt/ps7_cortexa9_0/standalone_domain/bsp/system.mss
TRACE::2025-05-31.14:33:30::SCWMssOS::DEBUG:  swdes dump  D:/proyectosep2/IEE2463-SEP-Proyecto-2-Z8/music_player/vitis2/music_player_plt/ps7_cortexa9_0/standalone_domain/bsp/system.mss|system_0||

KEYINFO::2025-05-31.14:33:30::SCWMssOS::Could not open the swdb for system_0
KEYINFO::2025-05-31.14:33:30::SCWMssOS::Could not open the sw design at  system_0
ERROR: [Hsi 55-1558] Software Design system_0 is not found

TRACE::2025-05-31.14:33:30::SCWMssOS::Cleared the swdb table entry
TRACE::2025-05-31.14:33:30::SCWMssOS::No sw design opened at  D:/proyectosep2/IEE2463-SEP-Proyecto-2-Z8/music_player/vitis2/music_player_plt/ps7_cortexa9_0/standalone_domain/bsp/system.mss
TRACE::2025-05-31.14:33:30::SCWMssOS::mss exists loading the mss file  D:/proyectosep2/IEE2463-SEP-Proyecto-2-Z8/music_player/vitis2/music_player_plt/ps7_cortexa9_0/standalone_domain/bsp/system.mss
TRACE::2025-05-31.14:33:30::SCWMssOS::Opened the sw design from mss  D:/proyectosep2/IEE2463-SEP-Proyecto-2-Z8/music_player/vitis2/music_player_plt/ps7_cortexa9_0/standalone_domain/bsp/system.mss
TRACE::2025-05-31.14:33:30::SCWMssOS::Adding the swdes entry D:/proyectosep2/IEE2463-SEP-Proyecto-2-Z8/music_player/vitis2/music_player_plt/ps7_cortexa9_0/standalone_domain/bsp/system.mss with des name system
TRACE::2025-05-31.14:33:30::SCWMssOS::updating the scw layer about changes
TRACE::2025-05-31.14:33:30::SCWMssOS::Opened the sw design.  D:/proyectosep2/IEE2463-SEP-Proyecto-2-Z8/music_player/vitis2/music_player_plt/ps7_cortexa9_0/standalone_domain/bsp/system.mss
TRACE::2025-05-31.14:33:30::SCWMssOS::Saving the mss changes D:/proyectosep2/IEE2463-SEP-Proyecto-2-Z8/music_player/vitis2/music_player_plt/ps7_cortexa9_0/standalone_domain/bsp/system.mss
TRACE::2025-05-31.14:33:30::SCWMssOS::Found a swdesign opened with the mssfile.
TRACE::2025-05-31.14:33:30::SCWMssOS::Completed writemss as part of save.
TRACE::2025-05-31.14:33:30::SCWMssOS::Commit changes completed.
TRACE::2025-05-31.14:33:30::SCWPlatform::Trying to open the hw design at D:/proyectosep2/IEE2463-SEP-Proyecto-2-Z8/music_player/vitis2/music_player_plt/hw/design_1_wrapper.xsa
TRACE::2025-05-31.14:33:30::SCWPlatform::DSA given D:/proyectosep2/IEE2463-SEP-Proyecto-2-Z8/music_player/vitis2/music_player_plt/hw/design_1_wrapper.xsa
TRACE::2025-05-31.14:33:30::SCWPlatform::DSA absoulate path D:/proyectosep2/IEE2463-SEP-Proyecto-2-Z8/music_player/vitis2/music_player_plt/hw/design_1_wrapper.xsa
TRACE::2025-05-31.14:33:30::SCWPlatform::DSA directory D:/proyectosep2/IEE2463-SEP-Proyecto-2-Z8/music_player/vitis2/music_player_plt/hw
TRACE::2025-05-31.14:33:30::SCWPlatform:: Platform Path D:/proyectosep2/IEE2463-SEP-Proyecto-2-Z8/music_player/vitis2/music_player_plt/hw/design_1_wrapper.xsa
TRACE::2025-05-31.14:33:30::SCWPlatform:: Unique name xilinx:zybo-z7-10::0.0
TRACE::2025-05-31.14:33:30::SCWPlatform::Trying to set the existing hwdb with name design_1_wrapper_1
TRACE::2025-05-31.14:33:30::SCWPlatform::Opened existing hwdb design_1_wrapper_1
TRACE::2025-05-31.14:33:30::SCWPlatform::Found the Hw Db part of the input DSA
TRACE::2025-05-31.14:33:30::SCWMssOS::Checking the sw design at  D:/proyectosep2/IEE2463-SEP-Proyecto-2-Z8/music_player/vitis2/music_player_plt/ps7_cortexa9_0/standalone_domain/bsp/system.mss
TRACE::2025-05-31.14:33:30::SCWMssOS::DEBUG:  swdes dump  D:/proyectosep2/IEE2463-SEP-Proyecto-2-Z8/music_player/vitis2/music_player_plt/ps7_cortexa9_0/standalone_domain/bsp/system.mss|system||

TRACE::2025-05-31.14:33:30::SCWMssOS::Sw design exists and opened at  D:/proyectosep2/IEE2463-SEP-Proyecto-2-Z8/music_player/vitis2/music_player_plt/ps7_cortexa9_0/standalone_domain/bsp/system.mss
TRACE::2025-05-31.14:33:30::SCWMssOS::Removing the swdes entry for  D:/proyectosep2/IEE2463-SEP-Proyecto-2-Z8/music_player/vitis2/music_player_plt/ps7_cortexa9_0/standalone_domain/bsp/system.mss
TRACE::2025-05-31.14:33:55::SCWPlatform::Trying to open the hw design at D:/proyectosep2/IEE2463-SEP-Proyecto-2-Z8/music_player/vitis2/music_player_plt/hw/design_1_wrapper.xsa
TRACE::2025-05-31.14:33:55::SCWPlatform::DSA given D:/proyectosep2/IEE2463-SEP-Proyecto-2-Z8/music_player/vitis2/music_player_plt/hw/design_1_wrapper.xsa
TRACE::2025-05-31.14:33:55::SCWPlatform::DSA absoulate path D:/proyectosep2/IEE2463-SEP-Proyecto-2-Z8/music_player/vitis2/music_player_plt/hw/design_1_wrapper.xsa
TRACE::2025-05-31.14:33:55::SCWPlatform::DSA directory D:/proyectosep2/IEE2463-SEP-Proyecto-2-Z8/music_player/vitis2/music_player_plt/hw
TRACE::2025-05-31.14:33:55::SCWPlatform:: Platform Path D:/proyectosep2/IEE2463-SEP-Proyecto-2-Z8/music_player/vitis2/music_player_plt/hw/design_1_wrapper.xsa
TRACE::2025-05-31.14:33:55::SCWPlatform:: Unique name xilinx:zybo-z7-10::0.0
TRACE::2025-05-31.14:33:55::SCWPlatform::Trying to set the existing hwdb with name design_1_wrapper_1
TRACE::2025-05-31.14:33:55::SCWPlatform::Opened existing hwdb design_1_wrapper_1
TRACE::2025-05-31.14:33:55::SCWPlatform::Found the Hw Db part of the input DSA
TRACE::2025-05-31.14:33:55::SCWMssOS::Checking the sw design at  D:/proyectosep2/IEE2463-SEP-Proyecto-2-Z8/music_player/vitis2/music_player_plt/ps7_cortexa9_0/standalone_domain/bsp/system.mss
TRACE::2025-05-31.14:33:55::SCWMssOS::DEBUG:  swdes dump  
TRACE::2025-05-31.14:33:55::SCWMssOS::No sw design opened at  D:/proyectosep2/IEE2463-SEP-Proyecto-2-Z8/music_player/vitis2/music_player_plt/ps7_cortexa9_0/standalone_domain/bsp/system.mss
TRACE::2025-05-31.14:33:55::SCWMssOS::mss exists loading the mss file  D:/proyectosep2/IEE2463-SEP-Proyecto-2-Z8/music_player/vitis2/music_player_plt/ps7_cortexa9_0/standalone_domain/bsp/system.mss
TRACE::2025-05-31.14:33:55::SCWMssOS::Opened the sw design from mss  D:/proyectosep2/IEE2463-SEP-Proyecto-2-Z8/music_player/vitis2/music_player_plt/ps7_cortexa9_0/standalone_domain/bsp/system.mss
TRACE::2025-05-31.14:33:55::SCWMssOS::Adding the swdes entry D:/proyectosep2/IEE2463-SEP-Proyecto-2-Z8/music_player/vitis2/music_player_plt/ps7_cortexa9_0/standalone_domain/bsp/system.mss with des name system
TRACE::2025-05-31.14:33:55::SCWMssOS::updating the scw layer about changes
TRACE::2025-05-31.14:33:55::SCWMssOS::Opened the sw design.  D:/proyectosep2/IEE2463-SEP-Proyecto-2-Z8/music_player/vitis2/music_player_plt/ps7_cortexa9_0/standalone_domain/bsp/system.mss
TRACE::2025-05-31.14:33:57::SCWPlatform::Trying to open the hw design at D:/proyectosep2/IEE2463-SEP-Proyecto-2-Z8/music_player/vitis2/music_player_plt/hw/design_1_wrapper.xsa
TRACE::2025-05-31.14:33:57::SCWPlatform::DSA given D:/proyectosep2/IEE2463-SEP-Proyecto-2-Z8/music_player/vitis2/music_player_plt/hw/design_1_wrapper.xsa
TRACE::2025-05-31.14:33:57::SCWPlatform::DSA absoulate path D:/proyectosep2/IEE2463-SEP-Proyecto-2-Z8/music_player/vitis2/music_player_plt/hw/design_1_wrapper.xsa
TRACE::2025-05-31.14:33:57::SCWPlatform::DSA directory D:/proyectosep2/IEE2463-SEP-Proyecto-2-Z8/music_player/vitis2/music_player_plt/hw
TRACE::2025-05-31.14:33:57::SCWPlatform:: Platform Path D:/proyectosep2/IEE2463-SEP-Proyecto-2-Z8/music_player/vitis2/music_player_plt/hw/design_1_wrapper.xsa
TRACE::2025-05-31.14:33:57::SCWPlatform:: Unique name xilinx:zybo-z7-10::0.0
TRACE::2025-05-31.14:33:57::SCWPlatform::Trying to set the existing hwdb with name design_1_wrapper_1
TRACE::2025-05-31.14:33:57::SCWPlatform::Opened existing hwdb design_1_wrapper_1
TRACE::2025-05-31.14:33:57::SCWPlatform::Found the Hw Db part of the input DSA
TRACE::2025-05-31.14:33:57::SCWMssOS::Checking the sw design at  D:/proyectosep2/IEE2463-SEP-Proyecto-2-Z8/music_player/vitis2/music_player_plt/ps7_cortexa9_0/standalone_domain/bsp/system.mss
TRACE::2025-05-31.14:33:57::SCWMssOS::DEBUG:  swdes dump  D:/proyectosep2/IEE2463-SEP-Proyecto-2-Z8/music_player/vitis2/music_player_plt/ps7_cortexa9_0/standalone_domain/bsp/system.mss|system||

TRACE::2025-05-31.14:33:57::SCWMssOS::Sw design exists and opened at  D:/proyectosep2/IEE2463-SEP-Proyecto-2-Z8/music_player/vitis2/music_player_plt/ps7_cortexa9_0/standalone_domain/bsp/system.mss
TRACE::2025-05-31.14:33:57::SCWMssOS::Adding Library:  xilffs:4.3
TRACE::2025-05-31.14:33:57::SCWMssOS::Added Library:  xilffs
TRACE::2025-05-31.14:34:02::SCWMssOS::Saving the mss changes D:/proyectosep2/IEE2463-SEP-Proyecto-2-Z8/music_player/vitis2/music_player_plt/zynq_fsbl/zynq_fsbl_bsp/system.mss
TRACE::2025-05-31.14:34:02::SCWMssOS::Adding the swdes entry, mss present, able to open swdb D:/proyectosep2/IEE2463-SEP-Proyecto-2-Z8/music_player/vitis2/music_player_plt/zynq_fsbl/zynq_fsbl_bsp/system.mss with des name system_0
TRACE::2025-05-31.14:34:02::SCWMssOS::Writing the mss file completed D:/proyectosep2/IEE2463-SEP-Proyecto-2-Z8/music_player/vitis2/music_player_plt/zynq_fsbl/zynq_fsbl_bsp/system.mss
TRACE::2025-05-31.14:34:02::SCWMssOS::Commit changes completed.
TRACE::2025-05-31.14:34:02::SCWMssOS::Saving the mss changes D:/proyectosep2/IEE2463-SEP-Proyecto-2-Z8/music_player/vitis2/music_player_plt/ps7_cortexa9_0/standalone_domain/bsp/system.mss
TRACE::2025-05-31.14:34:02::SCWMssOS::Found a swdesign opened with the mssfile.
TRACE::2025-05-31.14:34:02::SCWMssOS::Completed writemss as part of save.
TRACE::2025-05-31.14:34:02::SCWMssOS::Commit changes completed.
TRACE::2025-05-31.14:34:02::SCWPlatform::Trying to open the hw design at D:/proyectosep2/IEE2463-SEP-Proyecto-2-Z8/music_player/vitis2/music_player_plt/hw/design_1_wrapper.xsa
TRACE::2025-05-31.14:34:02::SCWPlatform::DSA given D:/proyectosep2/IEE2463-SEP-Proyecto-2-Z8/music_player/vitis2/music_player_plt/hw/design_1_wrapper.xsa
TRACE::2025-05-31.14:34:02::SCWPlatform::DSA absoulate path D:/proyectosep2/IEE2463-SEP-Proyecto-2-Z8/music_player/vitis2/music_player_plt/hw/design_1_wrapper.xsa
TRACE::2025-05-31.14:34:02::SCWPlatform::DSA directory D:/proyectosep2/IEE2463-SEP-Proyecto-2-Z8/music_player/vitis2/music_player_plt/hw
TRACE::2025-05-31.14:34:02::SCWPlatform:: Platform Path D:/proyectosep2/IEE2463-SEP-Proyecto-2-Z8/music_player/vitis2/music_player_plt/hw/design_1_wrapper.xsa
TRACE::2025-05-31.14:34:02::SCWPlatform:: Unique name xilinx:zybo-z7-10::0.0
TRACE::2025-05-31.14:34:02::SCWPlatform::Trying to set the existing hwdb with name design_1_wrapper_1
TRACE::2025-05-31.14:34:02::SCWPlatform::Opened existing hwdb design_1_wrapper_1
TRACE::2025-05-31.14:34:02::SCWPlatform::Found the Hw Db part of the input DSA
TRACE::2025-05-31.14:34:02::SCWMssOS::Checking the sw design at  D:/proyectosep2/IEE2463-SEP-Proyecto-2-Z8/music_player/vitis2/music_player_plt/zynq_fsbl/zynq_fsbl_bsp/system.mss
TRACE::2025-05-31.14:34:02::SCWMssOS::DEBUG:  swdes dump  D:/proyectosep2/IEE2463-SEP-Proyecto-2-Z8/music_player/vitis2/music_player_plt/ps7_cortexa9_0/standalone_domain/bsp/system.mss|system||
D:/proyectosep2/IEE2463-SEP-Proyecto-2-Z8/music_player/vitis2/music_player_plt/zynq_fsbl/zynq_fsbl_bsp/system.mss|system_0||

TRACE::2025-05-31.14:34:02::SCWMssOS::Sw design exists and opened at  D:/proyectosep2/IEE2463-SEP-Proyecto-2-Z8/music_player/vitis2/music_player_plt/zynq_fsbl/zynq_fsbl_bsp/system.mss
TRACE::2025-05-31.14:34:02::SCWPlatform::Trying to open the hw design at D:/proyectosep2/IEE2463-SEP-Proyecto-2-Z8/music_player/vitis2/music_player_plt/hw/design_1_wrapper.xsa
TRACE::2025-05-31.14:34:02::SCWPlatform::DSA given D:/proyectosep2/IEE2463-SEP-Proyecto-2-Z8/music_player/vitis2/music_player_plt/hw/design_1_wrapper.xsa
TRACE::2025-05-31.14:34:02::SCWPlatform::DSA absoulate path D:/proyectosep2/IEE2463-SEP-Proyecto-2-Z8/music_player/vitis2/music_player_plt/hw/design_1_wrapper.xsa
TRACE::2025-05-31.14:34:02::SCWPlatform::DSA directory D:/proyectosep2/IEE2463-SEP-Proyecto-2-Z8/music_player/vitis2/music_player_plt/hw
TRACE::2025-05-31.14:34:02::SCWPlatform:: Platform Path D:/proyectosep2/IEE2463-SEP-Proyecto-2-Z8/music_player/vitis2/music_player_plt/hw/design_1_wrapper.xsa
TRACE::2025-05-31.14:34:02::SCWPlatform:: Unique name xilinx:zybo-z7-10::0.0
TRACE::2025-05-31.14:34:02::SCWPlatform::Trying to set the existing hwdb with name design_1_wrapper_1
TRACE::2025-05-31.14:34:02::SCWPlatform::Opened existing hwdb design_1_wrapper_1
TRACE::2025-05-31.14:34:02::SCWPlatform::Found the Hw Db part of the input DSA
TRACE::2025-05-31.14:34:02::SCWMssOS::Checking the sw design at  D:/proyectosep2/IEE2463-SEP-Proyecto-2-Z8/music_player/vitis2/music_player_plt/ps7_cortexa9_0/standalone_domain/bsp/system.mss
TRACE::2025-05-31.14:34:02::SCWMssOS::DEBUG:  swdes dump  D:/proyectosep2/IEE2463-SEP-Proyecto-2-Z8/music_player/vitis2/music_player_plt/ps7_cortexa9_0/standalone_domain/bsp/system.mss|system||
D:/proyectosep2/IEE2463-SEP-Proyecto-2-Z8/music_player/vitis2/music_player_plt/zynq_fsbl/zynq_fsbl_bsp/system.mss|system_0||

TRACE::2025-05-31.14:34:02::SCWMssOS::Sw design exists and opened at  D:/proyectosep2/IEE2463-SEP-Proyecto-2-Z8/music_player/vitis2/music_player_plt/ps7_cortexa9_0/standalone_domain/bsp/system.mss
TRACE::2025-05-31.14:34:02::SCWWriter::formatted JSON is {
	"platformName":	"music_player_plt",
	"sprVersion":	"2.0",
	"mode":	"gui",
	"dsaType":	"Fixed",
	"platformDesc":	"music_player_plt",
	"platHandOff":	"D:/proyectosep2/IEE2463-SEP-Proyecto-2-Z8/music_player/music_player/design_1_wrapper.xsa",
	"platIntHandOff":	"<platformDir>/hw/design_1_wrapper.xsa",
	"deviceType":	"zynq",
	"platIsPrebuiltAutogen":	"false",
	"platIsNoBootBsp":	"false",
	"hasFsblMakeHasChanges":	"false",
	"hasPmufwMakeHasChanges":	"false",
	"fsblExtraCompilerFlags":	"-MMD -MP       -mcpu=cortex-a9 -mfpu=vfpv3 -mfloat-abi=hard ",
	"platPreBuiltFlag":	false,
	"platformSamplesDir":	"",
	"platActiveSys":	"music_player_plt",
	"systems":	[{
			"systemName":	"music_player_plt",
			"systemDesc":	"music_player_plt",
			"sysIsBootAutoGen":	"true",
			"systemDispName":	"music_player_plt",
			"sysActiveDom":	"standalone_domain",
			"sysDefaultDom":	"standalone_domain",
			"domains":	[{
					"domainName":	"zynq_fsbl",
					"domainDispName":	"zynq_fsbl",
					"domainDesc":	"FSBL Application BSP - Auto Generated.",
					"processors":	"ps7_cortexa9_0",
					"os":	"standalone",
					"sdxOs":	"standalone",
					"debugEnable":	"",
					"domRuntimes":	["cpp"],
					"swRepo":	"",
					"mssOsVer":	"7.2",
					"mssFile":	"",
					"md5Digest":	"f649a90a47f54d59c50c6b3f6748da03",
					"compatibleApp":	"zynq_fsbl",
					"domType":	"bootDomain",
					"appSettings":	{
						"appCompilerFlags":	"",
						"appLinkerFlags":	""
					},
					"addedLibs":	["xilffs:4.3", "xilrsa:1.6"],
					"libOptions":	{
						"libsContainingOptions":	[]
					},
					"prebuiltLibs":	{
						"prebuiltIncPath":	[],
						"prebuiltLibPath":	[]
					},
					"isolation":	{
					}
				}, {
					"domainName":	"standalone_domain",
					"domainDispName":	"standalone on ps7_cortexa9_0",
					"domainDesc":	"standalone_domain",
					"processors":	"ps7_cortexa9_0",
					"os":	"standalone",
					"sdxOs":	"standalone",
					"qemuArgs":	"D:/Xilinx/Vitis/2020.1/data/emulation/platforms/zynq/qemu/qemu_args.txt",
					"qemuData":	"D:/Xilinx/Vitis/2020.1/data/emulation/platforms/zynq/qemu/",
					"debugEnable":	"False",
					"domRuntimes":	["cpp"],
					"swRepo":	"",
					"mssOsVer":	"7.2",
					"mssFile":	"",
					"md5Digest":	"a37611641fc7b448a0fdfdb6f26dda28",
					"compatibleApp":	"",
					"domType":	"mssDomain",
					"appSettings":	{
						"appCompilerFlags":	"",
						"appLinkerFlags":	""
					},
					"addedLibs":	["xilffs:4.3"],
					"libOptions":	{
						"libsContainingOptions":	[]
					},
					"prebuiltLibs":	{
						"prebuiltIncPath":	[],
						"prebuiltLibPath":	[]
					},
					"isolation":	{
					}
				}]
		}]
}
TRACE::2025-05-31.14:34:02::SCWMssOS::Saving the mss changes D:/proyectosep2/IEE2463-SEP-Proyecto-2-Z8/music_player/vitis2/music_player_plt/ps7_cortexa9_0/standalone_domain/bsp/system.mss
TRACE::2025-05-31.14:34:02::SCWMssOS::Found a swdesign opened with the mssfile.
TRACE::2025-05-31.14:34:02::SCWMssOS::Completed writemss as part of save.
TRACE::2025-05-31.14:34:02::SCWMssOS::Commit changes completed.
TRACE::2025-05-31.14:34:02::SCWPlatform::Trying to open the hw design at D:/proyectosep2/IEE2463-SEP-Proyecto-2-Z8/music_player/vitis2/music_player_plt/hw/design_1_wrapper.xsa
TRACE::2025-05-31.14:34:02::SCWPlatform::DSA given D:/proyectosep2/IEE2463-SEP-Proyecto-2-Z8/music_player/vitis2/music_player_plt/hw/design_1_wrapper.xsa
TRACE::2025-05-31.14:34:02::SCWPlatform::DSA absoulate path D:/proyectosep2/IEE2463-SEP-Proyecto-2-Z8/music_player/vitis2/music_player_plt/hw/design_1_wrapper.xsa
TRACE::2025-05-31.14:34:02::SCWPlatform::DSA directory D:/proyectosep2/IEE2463-SEP-Proyecto-2-Z8/music_player/vitis2/music_player_plt/hw
TRACE::2025-05-31.14:34:02::SCWPlatform:: Platform Path D:/proyectosep2/IEE2463-SEP-Proyecto-2-Z8/music_player/vitis2/music_player_plt/hw/design_1_wrapper.xsa
TRACE::2025-05-31.14:34:02::SCWPlatform:: Unique name xilinx:zybo-z7-10::0.0
TRACE::2025-05-31.14:34:02::SCWPlatform::Trying to set the existing hwdb with name design_1_wrapper_1
TRACE::2025-05-31.14:34:02::SCWPlatform::Opened existing hwdb design_1_wrapper_1
TRACE::2025-05-31.14:34:02::SCWPlatform::Found the Hw Db part of the input DSA
TRACE::2025-05-31.14:34:02::SCWMssOS::Checking the sw design at  D:/proyectosep2/IEE2463-SEP-Proyecto-2-Z8/music_player/vitis2/music_player_plt/ps7_cortexa9_0/standalone_domain/bsp/system.mss
TRACE::2025-05-31.14:34:02::SCWMssOS::DEBUG:  swdes dump  D:/proyectosep2/IEE2463-SEP-Proyecto-2-Z8/music_player/vitis2/music_player_plt/ps7_cortexa9_0/standalone_domain/bsp/system.mss|system||
D:/proyectosep2/IEE2463-SEP-Proyecto-2-Z8/music_player/vitis2/music_player_plt/zynq_fsbl/zynq_fsbl_bsp/system.mss|system_0||

TRACE::2025-05-31.14:34:02::SCWMssOS::Sw design exists and opened at  D:/proyectosep2/IEE2463-SEP-Proyecto-2-Z8/music_player/vitis2/music_player_plt/ps7_cortexa9_0/standalone_domain/bsp/system.mss
TRACE::2025-05-31.14:34:02::SCWMssOS::Removing the swdes entry for  D:/proyectosep2/IEE2463-SEP-Proyecto-2-Z8/music_player/vitis2/music_player_plt/ps7_cortexa9_0/standalone_domain/bsp/system.mss
TRACE::2025-05-31.14:34:02::SCWMssOS::In reload Mss file.
TRACE::2025-05-31.14:34:02::SCWPlatform::Trying to open the hw design at D:/proyectosep2/IEE2463-SEP-Proyecto-2-Z8/music_player/vitis2/music_player_plt/hw/design_1_wrapper.xsa
TRACE::2025-05-31.14:34:02::SCWPlatform::DSA given D:/proyectosep2/IEE2463-SEP-Proyecto-2-Z8/music_player/vitis2/music_player_plt/hw/design_1_wrapper.xsa
TRACE::2025-05-31.14:34:02::SCWPlatform::DSA absoulate path D:/proyectosep2/IEE2463-SEP-Proyecto-2-Z8/music_player/vitis2/music_player_plt/hw/design_1_wrapper.xsa
TRACE::2025-05-31.14:34:02::SCWPlatform::DSA directory D:/proyectosep2/IEE2463-SEP-Proyecto-2-Z8/music_player/vitis2/music_player_plt/hw
TRACE::2025-05-31.14:34:02::SCWPlatform:: Platform Path D:/proyectosep2/IEE2463-SEP-Proyecto-2-Z8/music_player/vitis2/music_player_plt/hw/design_1_wrapper.xsa
TRACE::2025-05-31.14:34:02::SCWPlatform:: Unique name xilinx:zybo-z7-10::0.0
TRACE::2025-05-31.14:34:02::SCWPlatform::Trying to set the existing hwdb with name design_1_wrapper_1
TRACE::2025-05-31.14:34:02::SCWPlatform::Opened existing hwdb design_1_wrapper_1
TRACE::2025-05-31.14:34:02::SCWPlatform::Found the Hw Db part of the input DSA
TRACE::2025-05-31.14:34:02::SCWMssOS::Checking the sw design at  D:/proyectosep2/IEE2463-SEP-Proyecto-2-Z8/music_player/vitis2/music_player_plt/ps7_cortexa9_0/standalone_domain/bsp/system.mss
TRACE::2025-05-31.14:34:02::SCWMssOS::DEBUG:  swdes dump  D:/proyectosep2/IEE2463-SEP-Proyecto-2-Z8/music_player/vitis2/music_player_plt/zynq_fsbl/zynq_fsbl_bsp/system.mss|system_0||

TRACE::2025-05-31.14:34:02::SCWMssOS::No sw design opened at  D:/proyectosep2/IEE2463-SEP-Proyecto-2-Z8/music_player/vitis2/music_player_plt/ps7_cortexa9_0/standalone_domain/bsp/system.mss
TRACE::2025-05-31.14:34:02::SCWMssOS::mss exists loading the mss file  D:/proyectosep2/IEE2463-SEP-Proyecto-2-Z8/music_player/vitis2/music_player_plt/ps7_cortexa9_0/standalone_domain/bsp/system.mss
TRACE::2025-05-31.14:34:02::SCWMssOS::Opened the sw design from mss  D:/proyectosep2/IEE2463-SEP-Proyecto-2-Z8/music_player/vitis2/music_player_plt/ps7_cortexa9_0/standalone_domain/bsp/system.mss
TRACE::2025-05-31.14:34:02::SCWMssOS::Adding the swdes entry D:/proyectosep2/IEE2463-SEP-Proyecto-2-Z8/music_player/vitis2/music_player_plt/ps7_cortexa9_0/standalone_domain/bsp/system.mss with des name system
TRACE::2025-05-31.14:34:02::SCWMssOS::updating the scw layer about changes
TRACE::2025-05-31.14:34:02::SCWMssOS::Opened the sw design.  D:/proyectosep2/IEE2463-SEP-Proyecto-2-Z8/music_player/vitis2/music_player_plt/ps7_cortexa9_0/standalone_domain/bsp/system.mss
TRACE::2025-05-31.14:34:02::SCWPlatform::Trying to open the hw design at D:/proyectosep2/IEE2463-SEP-Proyecto-2-Z8/music_player/vitis2/music_player_plt/hw/design_1_wrapper.xsa
TRACE::2025-05-31.14:34:02::SCWPlatform::DSA given D:/proyectosep2/IEE2463-SEP-Proyecto-2-Z8/music_player/vitis2/music_player_plt/hw/design_1_wrapper.xsa
TRACE::2025-05-31.14:34:02::SCWPlatform::DSA absoulate path D:/proyectosep2/IEE2463-SEP-Proyecto-2-Z8/music_player/vitis2/music_player_plt/hw/design_1_wrapper.xsa
TRACE::2025-05-31.14:34:02::SCWPlatform::DSA directory D:/proyectosep2/IEE2463-SEP-Proyecto-2-Z8/music_player/vitis2/music_player_plt/hw
TRACE::2025-05-31.14:34:02::SCWPlatform:: Platform Path D:/proyectosep2/IEE2463-SEP-Proyecto-2-Z8/music_player/vitis2/music_player_plt/hw/design_1_wrapper.xsa
TRACE::2025-05-31.14:34:02::SCWPlatform:: Unique name xilinx:zybo-z7-10::0.0
TRACE::2025-05-31.14:34:02::SCWPlatform::Trying to set the existing hwdb with name design_1_wrapper_1
TRACE::2025-05-31.14:34:02::SCWPlatform::Opened existing hwdb design_1_wrapper_1
TRACE::2025-05-31.14:34:02::SCWPlatform::Found the Hw Db part of the input DSA
TRACE::2025-05-31.14:34:02::SCWMssOS::Checking the sw design at  D:/proyectosep2/IEE2463-SEP-Proyecto-2-Z8/music_player/vitis2/music_player_plt/ps7_cortexa9_0/standalone_domain/bsp/system.mss
TRACE::2025-05-31.14:34:02::SCWMssOS::DEBUG:  swdes dump  D:/proyectosep2/IEE2463-SEP-Proyecto-2-Z8/music_player/vitis2/music_player_plt/ps7_cortexa9_0/standalone_domain/bsp/system.mss|system||
D:/proyectosep2/IEE2463-SEP-Proyecto-2-Z8/music_player/vitis2/music_player_plt/zynq_fsbl/zynq_fsbl_bsp/system.mss|system_0||

TRACE::2025-05-31.14:34:02::SCWMssOS::Sw design exists and opened at  D:/proyectosep2/IEE2463-SEP-Proyecto-2-Z8/music_player/vitis2/music_player_plt/ps7_cortexa9_0/standalone_domain/bsp/system.mss
TRACE::2025-05-31.14:34:02::SCWMssOS:: library already available in sw design:  xilffs:4.3
TRACE::2025-05-31.14:34:02::SCWMssOS::Saving the mss changes D:/proyectosep2/IEE2463-SEP-Proyecto-2-Z8/music_player/vitis2/music_player_plt/ps7_cortexa9_0/standalone_domain/bsp/system.mss
TRACE::2025-05-31.14:34:02::SCWMssOS::Found a swdesign opened with the mssfile.
TRACE::2025-05-31.14:34:02::SCWMssOS::Completed writemss as part of save.
TRACE::2025-05-31.14:34:02::SCWMssOS::Commit changes completed.
TRACE::2025-05-31.14:34:02::SCWPlatform::Trying to open the hw design at D:/proyectosep2/IEE2463-SEP-Proyecto-2-Z8/music_player/vitis2/music_player_plt/hw/design_1_wrapper.xsa
TRACE::2025-05-31.14:34:02::SCWPlatform::DSA given D:/proyectosep2/IEE2463-SEP-Proyecto-2-Z8/music_player/vitis2/music_player_plt/hw/design_1_wrapper.xsa
TRACE::2025-05-31.14:34:02::SCWPlatform::DSA absoulate path D:/proyectosep2/IEE2463-SEP-Proyecto-2-Z8/music_player/vitis2/music_player_plt/hw/design_1_wrapper.xsa
TRACE::2025-05-31.14:34:02::SCWPlatform::DSA directory D:/proyectosep2/IEE2463-SEP-Proyecto-2-Z8/music_player/vitis2/music_player_plt/hw
TRACE::2025-05-31.14:34:02::SCWPlatform:: Platform Path D:/proyectosep2/IEE2463-SEP-Proyecto-2-Z8/music_player/vitis2/music_player_plt/hw/design_1_wrapper.xsa
TRACE::2025-05-31.14:34:02::SCWPlatform:: Unique name xilinx:zybo-z7-10::0.0
TRACE::2025-05-31.14:34:02::SCWPlatform::Trying to set the existing hwdb with name design_1_wrapper_1
TRACE::2025-05-31.14:34:02::SCWPlatform::Opened existing hwdb design_1_wrapper_1
TRACE::2025-05-31.14:34:02::SCWPlatform::Found the Hw Db part of the input DSA
TRACE::2025-05-31.14:34:02::SCWMssOS::Checking the sw design at  D:/proyectosep2/IEE2463-SEP-Proyecto-2-Z8/music_player/vitis2/music_player_plt/ps7_cortexa9_0/standalone_domain/bsp/system.mss
TRACE::2025-05-31.14:34:02::SCWMssOS::DEBUG:  swdes dump  D:/proyectosep2/IEE2463-SEP-Proyecto-2-Z8/music_player/vitis2/music_player_plt/ps7_cortexa9_0/standalone_domain/bsp/system.mss|system||
D:/proyectosep2/IEE2463-SEP-Proyecto-2-Z8/music_player/vitis2/music_player_plt/zynq_fsbl/zynq_fsbl_bsp/system.mss|system_0||

TRACE::2025-05-31.14:34:02::SCWMssOS::Sw design exists and opened at  D:/proyectosep2/IEE2463-SEP-Proyecto-2-Z8/music_player/vitis2/music_player_plt/ps7_cortexa9_0/standalone_domain/bsp/system.mss
TRACE::2025-05-31.14:34:02::SCWMssOS::Removing the swdes entry for  D:/proyectosep2/IEE2463-SEP-Proyecto-2-Z8/music_player/vitis2/music_player_plt/ps7_cortexa9_0/standalone_domain/bsp/system.mss
TRACE::2025-05-31.14:34:02::SCWPlatform::Trying to open the hw design at D:/proyectosep2/IEE2463-SEP-Proyecto-2-Z8/music_player/vitis2/music_player_plt/hw/design_1_wrapper.xsa
TRACE::2025-05-31.14:34:02::SCWPlatform::DSA given D:/proyectosep2/IEE2463-SEP-Proyecto-2-Z8/music_player/vitis2/music_player_plt/hw/design_1_wrapper.xsa
TRACE::2025-05-31.14:34:02::SCWPlatform::DSA absoulate path D:/proyectosep2/IEE2463-SEP-Proyecto-2-Z8/music_player/vitis2/music_player_plt/hw/design_1_wrapper.xsa
TRACE::2025-05-31.14:34:02::SCWPlatform::DSA directory D:/proyectosep2/IEE2463-SEP-Proyecto-2-Z8/music_player/vitis2/music_player_plt/hw
TRACE::2025-05-31.14:34:02::SCWPlatform:: Platform Path D:/proyectosep2/IEE2463-SEP-Proyecto-2-Z8/music_player/vitis2/music_player_plt/hw/design_1_wrapper.xsa
TRACE::2025-05-31.14:34:02::SCWPlatform:: Unique name xilinx:zybo-z7-10::0.0
TRACE::2025-05-31.14:34:02::SCWPlatform::Trying to set the existing hwdb with name design_1_wrapper_1
TRACE::2025-05-31.14:34:02::SCWPlatform::Opened existing hwdb design_1_wrapper_1
TRACE::2025-05-31.14:34:02::SCWPlatform::Found the Hw Db part of the input DSA
TRACE::2025-05-31.14:34:02::SCWMssOS::Checking the sw design at  D:/proyectosep2/IEE2463-SEP-Proyecto-2-Z8/music_player/vitis2/music_player_plt/ps7_cortexa9_0/standalone_domain/bsp/system.mss
TRACE::2025-05-31.14:34:02::SCWMssOS::DEBUG:  swdes dump  D:/proyectosep2/IEE2463-SEP-Proyecto-2-Z8/music_player/vitis2/music_player_plt/zynq_fsbl/zynq_fsbl_bsp/system.mss|system_0||

TRACE::2025-05-31.14:34:02::SCWMssOS::No sw design opened at  D:/proyectosep2/IEE2463-SEP-Proyecto-2-Z8/music_player/vitis2/music_player_plt/ps7_cortexa9_0/standalone_domain/bsp/system.mss
TRACE::2025-05-31.14:34:02::SCWMssOS::mss exists loading the mss file  D:/proyectosep2/IEE2463-SEP-Proyecto-2-Z8/music_player/vitis2/music_player_plt/ps7_cortexa9_0/standalone_domain/bsp/system.mss
TRACE::2025-05-31.14:34:02::SCWMssOS::Opened the sw design from mss  D:/proyectosep2/IEE2463-SEP-Proyecto-2-Z8/music_player/vitis2/music_player_plt/ps7_cortexa9_0/standalone_domain/bsp/system.mss
TRACE::2025-05-31.14:34:02::SCWMssOS::Adding the swdes entry D:/proyectosep2/IEE2463-SEP-Proyecto-2-Z8/music_player/vitis2/music_player_plt/ps7_cortexa9_0/standalone_domain/bsp/system.mss with des name system
TRACE::2025-05-31.14:34:02::SCWMssOS::updating the scw layer about changes
TRACE::2025-05-31.14:34:02::SCWMssOS::Opened the sw design.  D:/proyectosep2/IEE2463-SEP-Proyecto-2-Z8/music_player/vitis2/music_player_plt/ps7_cortexa9_0/standalone_domain/bsp/system.mss
TRACE::2025-05-31.14:34:02::SCWMssOS::Completed writing the mss file at D:/proyectosep2/IEE2463-SEP-Proyecto-2-Z8/music_player/vitis2/music_player_plt/ps7_cortexa9_0/standalone_domain/bsp
TRACE::2025-05-31.14:34:02::SCWMssOS::Forcing BSP Sources regeneration.
LOG::2025-05-31.14:34:16::SCWPlatform::Started generating the artifacts platform music_player_plt
TRACE::2025-05-31.14:34:16::SCWPlatform::Sanity checking of platform is completed
LOG::2025-05-31.14:34:16::SCWPlatform::Started generating the artifacts for system configuration music_player_plt
LOG::2025-05-31.14:34:16::SCWSystem::Checking the domain zynq_fsbl
LOG::2025-05-31.14:34:16::SCWSystem::Doing application build for :  zynq_fsbl
TRACE::2025-05-31.14:34:16::SCWBDomain::Not a forced makefile updation, No changes are present. 
TRACE::2025-05-31.14:34:16::SCWDomain::Skipping the build for domain :  zynq_fsbl
LOG::2025-05-31.14:34:16::SCWSystem::Checking the domain standalone_domain
LOG::2025-05-31.14:34:16::SCWSystem::Not a boot domain 
LOG::2025-05-31.14:34:16::SCWSystem::Started Processing the domain standalone_domain
TRACE::2025-05-31.14:34:16::SCWDomain::Generating domain artifcats
TRACE::2025-05-31.14:34:16::SCWMssOS::Generating standalone artifcats
TRACE::2025-05-31.14:34:16::SCWMssOS::Copying the qemu file from  D:/Xilinx/Vitis/2020.1/data/emulation/platforms/zynq/qemu/qemu_args.txt To D:/proyectosep2/IEE2463-SEP-Proyecto-2-Z8/music_player/vitis2/music_player_plt/export/music_player_plt/sw/music_player_plt/qemu/
TRACE::2025-05-31.14:34:16::SCWMssOS::Copying the qemu file from  D:/Xilinx/Vitis/2020.1/data/emulation/platforms/zynq/qemu/qemu_args.txt To D:/proyectosep2/IEE2463-SEP-Proyecto-2-Z8/music_player/vitis2/music_player_plt/export/music_player_plt/sw/music_player_plt/standalone_domain/qemu/
TRACE::2025-05-31.14:34:16::SCWMssOS:: Copying the user libraries. 
TRACE::2025-05-31.14:34:16::SCWPlatform::Trying to open the hw design at D:/proyectosep2/IEE2463-SEP-Proyecto-2-Z8/music_player/vitis2/music_player_plt/hw/design_1_wrapper.xsa
TRACE::2025-05-31.14:34:16::SCWPlatform::DSA given D:/proyectosep2/IEE2463-SEP-Proyecto-2-Z8/music_player/vitis2/music_player_plt/hw/design_1_wrapper.xsa
TRACE::2025-05-31.14:34:16::SCWPlatform::DSA absoulate path D:/proyectosep2/IEE2463-SEP-Proyecto-2-Z8/music_player/vitis2/music_player_plt/hw/design_1_wrapper.xsa
TRACE::2025-05-31.14:34:16::SCWPlatform::DSA directory D:/proyectosep2/IEE2463-SEP-Proyecto-2-Z8/music_player/vitis2/music_player_plt/hw
TRACE::2025-05-31.14:34:16::SCWPlatform:: Platform Path D:/proyectosep2/IEE2463-SEP-Proyecto-2-Z8/music_player/vitis2/music_player_plt/hw/design_1_wrapper.xsa
TRACE::2025-05-31.14:34:16::SCWPlatform:: Unique name xilinx:zybo-z7-10::0.0
TRACE::2025-05-31.14:34:16::SCWPlatform::Trying to set the existing hwdb with name design_1_wrapper_1
TRACE::2025-05-31.14:34:16::SCWPlatform::Opened existing hwdb design_1_wrapper_1
TRACE::2025-05-31.14:34:16::SCWPlatform::Found the Hw Db part of the input DSA
TRACE::2025-05-31.14:34:16::SCWMssOS::Checking the sw design at  D:/proyectosep2/IEE2463-SEP-Proyecto-2-Z8/music_player/vitis2/music_player_plt/ps7_cortexa9_0/standalone_domain/bsp/system.mss
TRACE::2025-05-31.14:34:16::SCWMssOS::DEBUG:  swdes dump  D:/proyectosep2/IEE2463-SEP-Proyecto-2-Z8/music_player/vitis2/music_player_plt/ps7_cortexa9_0/standalone_domain/bsp/system.mss|system||
D:/proyectosep2/IEE2463-SEP-Proyecto-2-Z8/music_player/vitis2/music_player_plt/zynq_fsbl/zynq_fsbl_bsp/system.mss|system_0||

KEYINFO::2025-05-31.14:34:16::SCWMssOS::Could not open the swdb for system
KEYINFO::2025-05-31.14:34:16::SCWMssOS::Could not open the sw design at  system
ERROR: [Hsi 55-1558] Software Design system is not found

TRACE::2025-05-31.14:34:16::SCWMssOS::Cleared the swdb table entry
TRACE::2025-05-31.14:34:16::SCWMssOS::No sw design opened at  D:/proyectosep2/IEE2463-SEP-Proyecto-2-Z8/music_player/vitis2/music_player_plt/ps7_cortexa9_0/standalone_domain/bsp/system.mss
TRACE::2025-05-31.14:34:16::SCWMssOS::mss exists loading the mss file  D:/proyectosep2/IEE2463-SEP-Proyecto-2-Z8/music_player/vitis2/music_player_plt/ps7_cortexa9_0/standalone_domain/bsp/system.mss
TRACE::2025-05-31.14:34:16::SCWMssOS::Opened the sw design from mss  D:/proyectosep2/IEE2463-SEP-Proyecto-2-Z8/music_player/vitis2/music_player_plt/ps7_cortexa9_0/standalone_domain/bsp/system.mss
TRACE::2025-05-31.14:34:16::SCWMssOS::Adding the swdes entry D:/proyectosep2/IEE2463-SEP-Proyecto-2-Z8/music_player/vitis2/music_player_plt/ps7_cortexa9_0/standalone_domain/bsp/system.mss with des name system
TRACE::2025-05-31.14:34:16::SCWMssOS::updating the scw layer about changes
TRACE::2025-05-31.14:34:16::SCWMssOS::Opened the sw design.  D:/proyectosep2/IEE2463-SEP-Proyecto-2-Z8/music_player/vitis2/music_player_plt/ps7_cortexa9_0/standalone_domain/bsp/system.mss
TRACE::2025-05-31.14:34:16::SCWMssOS::Completed writing the mss file at D:/proyectosep2/IEE2463-SEP-Proyecto-2-Z8/music_player/vitis2/music_player_plt/ps7_cortexa9_0/standalone_domain/bsp
TRACE::2025-05-31.14:34:16::SCWMssOS::Mss edits present, copying mssfile into export location D:/proyectosep2/IEE2463-SEP-Proyecto-2-Z8/music_player/vitis2/music_player_plt/ps7_cortexa9_0/standalone_domain/bsp/system.mss
TRACE::2025-05-31.14:34:16::SCWMssOS::bsp generated is upto date with the mss file. Skipping bsp generation.
TRACE::2025-05-31.14:34:16::SCWMssOS::BSP is already built. skipping the bsp build ... 
TRACE::2025-05-31.14:34:16::SCWDomain::Building the domain :  standalone_domain
TRACE::2025-05-31.14:34:16::SCWMssOS::doing bsp build ... 
TRACE::2025-05-31.14:34:16::SCWMssOS::System Command Ran  D: & cd  D:/proyectosep2/IEE2463-SEP-Proyecto-2-Z8/music_player/vitis2/music_player_plt/ps7_cortexa9_0/standalone_domain/bsp & make 
TRACE::2025-05-31.14:34:16::SCWMssOS::"Running Make include in ps7_cortexa9_0/libsrc/coresightps_dcc_v1_7/src"

TRACE::2025-05-31.14:34:16::SCWMssOS::make -C ps7_cortexa9_0/libsrc/coresightps_dcc_v1_7/src -s include  "SHELL=CMD" "COMPILER=arm-none-eabi-gcc" "ASSEMBLER=arm-none
TRACE::2025-05-31.14:34:16::SCWMssOS::-eabi-as" "ARCHIVER=arm-none-eabi-ar" "COMPILER_FLAGS=  -O2 -c" "EXTRA_COMPILER_FLAGS=-mcpu=cortex-a9 -mfpu=vfpv3 -mfloat-abi=h
TRACE::2025-05-31.14:34:16::SCWMssOS::ard -nostartfiles -g -Wall -Wextra"

TRACE::2025-05-31.14:34:16::SCWMssOS::"Running Make include in ps7_cortexa9_0/libsrc/cpu_cortexa9_v2_9/src"

TRACE::2025-05-31.14:34:16::SCWMssOS::make -C ps7_cortexa9_0/libsrc/cpu_cortexa9_v2_9/src -s include  "SHELL=CMD" "COMPILER=arm-none-eabi-gcc" "ASSEMBLER=arm-none-ea
TRACE::2025-05-31.14:34:16::SCWMssOS::bi-as" "ARCHIVER=arm-none-eabi-ar" "COMPILER_FLAGS=  -O2 -c" "EXTRA_COMPILER_FLAGS=-mcpu=cortex-a9 -mfpu=vfpv3 -mfloat-abi=hard
TRACE::2025-05-31.14:34:16::SCWMssOS:: -nostartfiles -g -Wall -Wextra"

TRACE::2025-05-31.14:34:16::SCWMssOS::"Running Make include in ps7_cortexa9_0/libsrc/ddrps_v1_1/src"

TRACE::2025-05-31.14:34:16::SCWMssOS::make -C ps7_cortexa9_0/libsrc/ddrps_v1_1/src -s include  "SHELL=CMD" "COMPILER=arm-none-eabi-gcc" "ASSEMBLER=arm-none-eabi-as" 
TRACE::2025-05-31.14:34:16::SCWMssOS::"ARCHIVER=arm-none-eabi-ar" "COMPILER_FLAGS=  -O2 -c" "EXTRA_COMPILER_FLAGS=-mcpu=cortex-a9 -mfpu=vfpv3 -mfloat-abi=hard -nosta
TRACE::2025-05-31.14:34:16::SCWMssOS::rtfiles -g -Wall -Wextra"

TRACE::2025-05-31.14:34:16::SCWMssOS::"Running Make include in ps7_cortexa9_0/libsrc/devcfg_v3_6/src"

TRACE::2025-05-31.14:34:16::SCWMssOS::make -C ps7_cortexa9_0/libsrc/devcfg_v3_6/src -s include  "SHELL=CMD" "COMPILER=arm-none-eabi-gcc" "ASSEMBLER=arm-none-eabi-as"
TRACE::2025-05-31.14:34:16::SCWMssOS:: "ARCHIVER=arm-none-eabi-ar" "COMPILER_FLAGS=  -O2 -c" "EXTRA_COMPILER_FLAGS=-mcpu=cortex-a9 -mfpu=vfpv3 -mfloat-abi=hard -nost
TRACE::2025-05-31.14:34:16::SCWMssOS::artfiles -g -Wall -Wextra"

TRACE::2025-05-31.14:34:16::SCWMssOS::"Running Make include in ps7_cortexa9_0/libsrc/dmaps_v2_6/src"

TRACE::2025-05-31.14:34:16::SCWMssOS::make -C ps7_cortexa9_0/libsrc/dmaps_v2_6/src -s include  "SHELL=CMD" "COMPILER=arm-none-eabi-gcc" "ASSEMBLER=arm-none-eabi-as" 
TRACE::2025-05-31.14:34:16::SCWMssOS::"ARCHIVER=arm-none-eabi-ar" "COMPILER_FLAGS=  -O2 -c" "EXTRA_COMPILER_FLAGS=-mcpu=cortex-a9 -mfpu=vfpv3 -mfloat-abi=hard -nosta
TRACE::2025-05-31.14:34:16::SCWMssOS::rtfiles -g -Wall -Wextra"

TRACE::2025-05-31.14:34:17::SCWMssOS::"Running Make include in ps7_cortexa9_0/libsrc/emacps_v3_11/src"

TRACE::2025-05-31.14:34:17::SCWMssOS::make -C ps7_cortexa9_0/libsrc/emacps_v3_11/src -s include  "SHELL=CMD" "COMPILER=arm-none-eabi-gcc" "ASSEMBLER=arm-none-eabi-as
TRACE::2025-05-31.14:34:17::SCWMssOS::" "ARCHIVER=arm-none-eabi-ar" "COMPILER_FLAGS=  -O2 -c" "EXTRA_COMPILER_FLAGS=-mcpu=cortex-a9 -mfpu=vfpv3 -mfloat-abi=hard -nos
TRACE::2025-05-31.14:34:17::SCWMssOS::tartfiles -g -Wall -Wextra"

TRACE::2025-05-31.14:34:17::SCWMssOS::"Running Make include in ps7_cortexa9_0/libsrc/gpiops_v3_7/src"

TRACE::2025-05-31.14:34:17::SCWMssOS::make -C ps7_cortexa9_0/libsrc/gpiops_v3_7/src -s include  "SHELL=CMD" "COMPILER=arm-none-eabi-gcc" "ASSEMBLER=arm-none-eabi-as"
TRACE::2025-05-31.14:34:17::SCWMssOS:: "ARCHIVER=arm-none-eabi-ar" "COMPILER_FLAGS=  -O2 -c" "EXTRA_COMPILER_FLAGS=-mcpu=cortex-a9 -mfpu=vfpv3 -mfloat-abi=hard -nost
TRACE::2025-05-31.14:34:17::SCWMssOS::artfiles -g -Wall -Wextra"

TRACE::2025-05-31.14:34:17::SCWMssOS::"Running Make include in ps7_cortexa9_0/libsrc/gpio_v4_6/src"

TRACE::2025-05-31.14:34:17::SCWMssOS::make -C ps7_cortexa9_0/libsrc/gpio_v4_6/src -s include  "SHELL=CMD" "COMPILER=arm-none-eabi-gcc" "ASSEMBLER=arm-none-eabi-as" "
TRACE::2025-05-31.14:34:17::SCWMssOS::ARCHIVER=arm-none-eabi-ar" "COMPILER_FLAGS=  -O2 -c" "EXTRA_COMPILER_FLAGS=-mcpu=cortex-a9 -mfpu=vfpv3 -mfloat-abi=hard -nostar
TRACE::2025-05-31.14:34:17::SCWMssOS::tfiles -g -Wall -Wextra"

TRACE::2025-05-31.14:34:17::SCWMssOS::"Running Make include in ps7_cortexa9_0/libsrc/qspips_v3_7/src"

TRACE::2025-05-31.14:34:17::SCWMssOS::make -C ps7_cortexa9_0/libsrc/qspips_v3_7/src -s include  "SHELL=CMD" "COMPILER=arm-none-eabi-gcc" "ASSEMBLER=arm-none-eabi-as"
TRACE::2025-05-31.14:34:17::SCWMssOS:: "ARCHIVER=arm-none-eabi-ar" "COMPILER_FLAGS=  -O2 -c" "EXTRA_COMPILER_FLAGS=-mcpu=cortex-a9 -mfpu=vfpv3 -mfloat-abi=hard -nost
TRACE::2025-05-31.14:34:17::SCWMssOS::artfiles -g -Wall -Wextra"

TRACE::2025-05-31.14:34:17::SCWMssOS::"Running Make include in ps7_cortexa9_0/libsrc/scugic_v4_2/src"

TRACE::2025-05-31.14:34:17::SCWMssOS::make -C ps7_cortexa9_0/libsrc/scugic_v4_2/src -s include  "SHELL=CMD" "COMPILER=arm-none-eabi-gcc" "ASSEMBLER=arm-none-eabi-as"
TRACE::2025-05-31.14:34:17::SCWMssOS:: "ARCHIVER=arm-none-eabi-ar" "COMPILER_FLAGS=  -O2 -c" "EXTRA_COMPILER_FLAGS=-mcpu=cortex-a9 -mfpu=vfpv3 -mfloat-abi=hard -nost
TRACE::2025-05-31.14:34:17::SCWMssOS::artfiles -g -Wall -Wextra"

TRACE::2025-05-31.14:34:17::SCWMssOS::"Running Make include in ps7_cortexa9_0/libsrc/scutimer_v2_2/src"

TRACE::2025-05-31.14:34:17::SCWMssOS::make -C ps7_cortexa9_0/libsrc/scutimer_v2_2/src -s include  "SHELL=CMD" "COMPILER=arm-none-eabi-gcc" "ASSEMBLER=arm-none-eabi-a
TRACE::2025-05-31.14:34:17::SCWMssOS::s" "ARCHIVER=arm-none-eabi-ar" "COMPILER_FLAGS=  -O2 -c" "EXTRA_COMPILER_FLAGS=-mcpu=cortex-a9 -mfpu=vfpv3 -mfloat-abi=hard -no
TRACE::2025-05-31.14:34:17::SCWMssOS::startfiles -g -Wall -Wextra"

TRACE::2025-05-31.14:34:17::SCWMssOS::"Running Make include in ps7_cortexa9_0/libsrc/scuwdt_v2_2/src"

TRACE::2025-05-31.14:34:17::SCWMssOS::make -C ps7_cortexa9_0/libsrc/scuwdt_v2_2/src -s include  "SHELL=CMD" "COMPILER=arm-none-eabi-gcc" "ASSEMBLER=arm-none-eabi-as"
TRACE::2025-05-31.14:34:17::SCWMssOS:: "ARCHIVER=arm-none-eabi-ar" "COMPILER_FLAGS=  -O2 -c" "EXTRA_COMPILER_FLAGS=-mcpu=cortex-a9 -mfpu=vfpv3 -mfloat-abi=hard -nost
TRACE::2025-05-31.14:34:17::SCWMssOS::artfiles -g -Wall -Wextra"

TRACE::2025-05-31.14:34:17::SCWMssOS::"Running Make include in ps7_cortexa9_0/libsrc/sdps_v3_9/src"

TRACE::2025-05-31.14:34:17::SCWMssOS::make -C ps7_cortexa9_0/libsrc/sdps_v3_9/src -s include  "SHELL=CMD" "COMPILER=arm-none-eabi-gcc" "ASSEMBLER=arm-none-eabi-as" "
TRACE::2025-05-31.14:34:17::SCWMssOS::ARCHIVER=arm-none-eabi-ar" "COMPILER_FLAGS=  -O2 -c" "EXTRA_COMPILER_FLAGS=-mcpu=cortex-a9 -mfpu=vfpv3 -mfloat-abi=hard -nostar
TRACE::2025-05-31.14:34:17::SCWMssOS::tfiles -g -Wall -Wextra"

TRACE::2025-05-31.14:34:17::SCWMssOS::"Running Make include in ps7_cortexa9_0/libsrc/standalone_v7_2/src"

TRACE::2025-05-31.14:34:17::SCWMssOS::make -C ps7_cortexa9_0/libsrc/standalone_v7_2/src -s include  "SHELL=CMD" "COMPILER=arm-none-eabi-gcc" "ASSEMBLER=arm-none-eabi
TRACE::2025-05-31.14:34:17::SCWMssOS::-as" "ARCHIVER=arm-none-eabi-ar" "COMPILER_FLAGS=  -O2 -c" "EXTRA_COMPILER_FLAGS=-mcpu=cortex-a9 -mfpu=vfpv3 -mfloat-abi=hard -
TRACE::2025-05-31.14:34:17::SCWMssOS::nostartfiles -g -Wall -Wextra"

TRACE::2025-05-31.14:34:18::SCWMssOS::"Running Make include in ps7_cortexa9_0/libsrc/tmrctr_v4_6/src"

TRACE::2025-05-31.14:34:18::SCWMssOS::make -C ps7_cortexa9_0/libsrc/tmrctr_v4_6/src -s include  "SHELL=CMD" "COMPILER=arm-none-eabi-gcc" "ASSEMBLER=arm-none-eabi-as"
TRACE::2025-05-31.14:34:18::SCWMssOS:: "ARCHIVER=arm-none-eabi-ar" "COMPILER_FLAGS=  -O2 -c" "EXTRA_COMPILER_FLAGS=-mcpu=cortex-a9 -mfpu=vfpv3 -mfloat-abi=hard -nost
TRACE::2025-05-31.14:34:18::SCWMssOS::artfiles -g -Wall -Wextra"

TRACE::2025-05-31.14:34:18::SCWMssOS::"Running Make include in ps7_cortexa9_0/libsrc/uartps_v3_9/src"

TRACE::2025-05-31.14:34:18::SCWMssOS::make -C ps7_cortexa9_0/libsrc/uartps_v3_9/src -s include  "SHELL=CMD" "COMPILER=arm-none-eabi-gcc" "ASSEMBLER=arm-none-eabi-as"
TRACE::2025-05-31.14:34:18::SCWMssOS:: "ARCHIVER=arm-none-eabi-ar" "COMPILER_FLAGS=  -O2 -c" "EXTRA_COMPILER_FLAGS=-mcpu=cortex-a9 -mfpu=vfpv3 -mfloat-abi=hard -nost
TRACE::2025-05-31.14:34:18::SCWMssOS::artfiles -g -Wall -Wextra"

TRACE::2025-05-31.14:34:18::SCWMssOS::"Running Make include in ps7_cortexa9_0/libsrc/usbps_v2_5/src"

TRACE::2025-05-31.14:34:18::SCWMssOS::make -C ps7_cortexa9_0/libsrc/usbps_v2_5/src -s include  "SHELL=CMD" "COMPILER=arm-none-eabi-gcc" "ASSEMBLER=arm-none-eabi-as" 
TRACE::2025-05-31.14:34:18::SCWMssOS::"ARCHIVER=arm-none-eabi-ar" "COMPILER_FLAGS=  -O2 -c" "EXTRA_COMPILER_FLAGS=-mcpu=cortex-a9 -mfpu=vfpv3 -mfloat-abi=hard -nosta
TRACE::2025-05-31.14:34:18::SCWMssOS::rtfiles -g -Wall -Wextra"

TRACE::2025-05-31.14:34:18::SCWMssOS::"Running Make include in ps7_cortexa9_0/libsrc/xadcps_v2_4/src"

TRACE::2025-05-31.14:34:18::SCWMssOS::make -C ps7_cortexa9_0/libsrc/xadcps_v2_4/src -s include  "SHELL=CMD" "COMPILER=arm-none-eabi-gcc" "ASSEMBLER=arm-none-eabi-as"
TRACE::2025-05-31.14:34:18::SCWMssOS:: "ARCHIVER=arm-none-eabi-ar" "COMPILER_FLAGS=  -O2 -c" "EXTRA_COMPILER_FLAGS=-mcpu=cortex-a9 -mfpu=vfpv3 -mfloat-abi=hard -nost
TRACE::2025-05-31.14:34:18::SCWMssOS::artfiles -g -Wall -Wextra"

TRACE::2025-05-31.14:34:18::SCWMssOS::"Running Make include in ps7_cortexa9_0/libsrc/xilffs_v4_3/src"

TRACE::2025-05-31.14:34:18::SCWMssOS::make -C ps7_cortexa9_0/libsrc/xilffs_v4_3/src -s include  "SHELL=CMD" "COMPILER=arm-none-eabi-gcc" "ASSEMBLER=arm-none-eabi-as"
TRACE::2025-05-31.14:34:18::SCWMssOS:: "ARCHIVER=arm-none-eabi-ar" "COMPILER_FLAGS=  -O2 -c" "EXTRA_COMPILER_FLAGS=-mcpu=cortex-a9 -mfpu=vfpv3 -mfloat-abi=hard -nost
TRACE::2025-05-31.14:34:18::SCWMssOS::artfiles -g -Wall -Wextra"

TRACE::2025-05-31.14:34:18::SCWMssOS::"Running Make libs in ps7_cortexa9_0/libsrc/coresightps_dcc_v1_7/src"

TRACE::2025-05-31.14:34:18::SCWMssOS::make -C ps7_cortexa9_0/libsrc/coresightps_dcc_v1_7/src -s libs  "SHELL=CMD" "COMPILER=arm-none-eabi-gcc" "ASSEMBLER=arm-none-ea
TRACE::2025-05-31.14:34:18::SCWMssOS::bi-as" "ARCHIVER=arm-none-eabi-ar" "COMPILER_FLAGS=  -O2 -c" "EXTRA_COMPILER_FLAGS=-mcpu=cortex-a9 -mfpu=vfpv3 -mfloat-abi=hard
TRACE::2025-05-31.14:34:18::SCWMssOS:: -nostartfiles -g -Wall -Wextra"

TRACE::2025-05-31.14:34:19::SCWMssOS::"Compiling coresightps_dcc"

TRACE::2025-05-31.14:34:19::SCWMssOS::"Running Make libs in ps7_cortexa9_0/libsrc/cpu_cortexa9_v2_9/src"

TRACE::2025-05-31.14:34:19::SCWMssOS::make -C ps7_cortexa9_0/libsrc/cpu_cortexa9_v2_9/src -s libs  "SHELL=CMD" "COMPILER=arm-none-eabi-gcc" "ASSEMBLER=arm-none-eabi-
TRACE::2025-05-31.14:34:19::SCWMssOS::as" "ARCHIVER=arm-none-eabi-ar" "COMPILER_FLAGS=  -O2 -c" "EXTRA_COMPILER_FLAGS=-mcpu=cortex-a9 -mfpu=vfpv3 -mfloat-abi=hard -n
TRACE::2025-05-31.14:34:19::SCWMssOS::ostartfiles -g -Wall -Wextra"

TRACE::2025-05-31.14:34:19::SCWMssOS::"Compiling cpu_cortexa9"

TRACE::2025-05-31.14:34:19::SCWMssOS::"Running Make libs in ps7_cortexa9_0/libsrc/ddrps_v1_1/src"

TRACE::2025-05-31.14:34:19::SCWMssOS::make -C ps7_cortexa9_0/libsrc/ddrps_v1_1/src -s libs  "SHELL=CMD" "COMPILER=arm-none-eabi-gcc" "ASSEMBLER=arm-none-eabi-as" "AR
TRACE::2025-05-31.14:34:19::SCWMssOS::CHIVER=arm-none-eabi-ar" "COMPILER_FLAGS=  -O2 -c" "EXTRA_COMPILER_FLAGS=-mcpu=cortex-a9 -mfpu=vfpv3 -mfloat-abi=hard -nostartf
TRACE::2025-05-31.14:34:19::SCWMssOS::iles -g -Wall -Wextra"

TRACE::2025-05-31.14:34:19::SCWMssOS::"Compiling ddrps"

TRACE::2025-05-31.14:34:19::SCWMssOS::"Running Make libs in ps7_cortexa9_0/libsrc/devcfg_v3_6/src"

TRACE::2025-05-31.14:34:19::SCWMssOS::make -C ps7_cortexa9_0/libsrc/devcfg_v3_6/src -s libs  "SHELL=CMD" "COMPILER=arm-none-eabi-gcc" "ASSEMBLER=arm-none-eabi-as" "A
TRACE::2025-05-31.14:34:19::SCWMssOS::RCHIVER=arm-none-eabi-ar" "COMPILER_FLAGS=  -O2 -c" "EXTRA_COMPILER_FLAGS=-mcpu=cortex-a9 -mfpu=vfpv3 -mfloat-abi=hard -nostart
TRACE::2025-05-31.14:34:19::SCWMssOS::files -g -Wall -Wextra"

TRACE::2025-05-31.14:34:19::SCWMssOS::"Compiling devcfg"

TRACE::2025-05-31.14:34:20::SCWMssOS::"Running Make libs in ps7_cortexa9_0/libsrc/dmaps_v2_6/src"

TRACE::2025-05-31.14:34:20::SCWMssOS::make -C ps7_cortexa9_0/libsrc/dmaps_v2_6/src -s libs  "SHELL=CMD" "COMPILER=arm-none-eabi-gcc" "ASSEMBLER=arm-none-eabi-as" "AR
TRACE::2025-05-31.14:34:20::SCWMssOS::CHIVER=arm-none-eabi-ar" "COMPILER_FLAGS=  -O2 -c" "EXTRA_COMPILER_FLAGS=-mcpu=cortex-a9 -mfpu=vfpv3 -mfloat-abi=hard -nostartf
TRACE::2025-05-31.14:34:20::SCWMssOS::iles -g -Wall -Wextra"

TRACE::2025-05-31.14:34:20::SCWMssOS::"Compiling dmaps"

TRACE::2025-05-31.14:34:20::SCWMssOS::"Running Make libs in ps7_cortexa9_0/libsrc/emacps_v3_11/src"

TRACE::2025-05-31.14:34:20::SCWMssOS::make -C ps7_cortexa9_0/libsrc/emacps_v3_11/src -s libs  "SHELL=CMD" "COMPILER=arm-none-eabi-gcc" "ASSEMBLER=arm-none-eabi-as" "
TRACE::2025-05-31.14:34:20::SCWMssOS::ARCHIVER=arm-none-eabi-ar" "COMPILER_FLAGS=  -O2 -c" "EXTRA_COMPILER_FLAGS=-mcpu=cortex-a9 -mfpu=vfpv3 -mfloat-abi=hard -nostar
TRACE::2025-05-31.14:34:20::SCWMssOS::tfiles -g -Wall -Wextra"

TRACE::2025-05-31.14:34:20::SCWMssOS::"Compiling emacps"

TRACE::2025-05-31.14:34:21::SCWMssOS::"Running Make libs in ps7_cortexa9_0/libsrc/gpiops_v3_7/src"

TRACE::2025-05-31.14:34:21::SCWMssOS::make -C ps7_cortexa9_0/libsrc/gpiops_v3_7/src -s libs  "SHELL=CMD" "COMPILER=arm-none-eabi-gcc" "ASSEMBLER=arm-none-eabi-as" "A
TRACE::2025-05-31.14:34:21::SCWMssOS::RCHIVER=arm-none-eabi-ar" "COMPILER_FLAGS=  -O2 -c" "EXTRA_COMPILER_FLAGS=-mcpu=cortex-a9 -mfpu=vfpv3 -mfloat-abi=hard -nostart
TRACE::2025-05-31.14:34:21::SCWMssOS::files -g -Wall -Wextra"

TRACE::2025-05-31.14:34:21::SCWMssOS::"Compiling gpiops"

TRACE::2025-05-31.14:34:22::SCWMssOS::"Running Make libs in ps7_cortexa9_0/libsrc/gpio_v4_6/src"

TRACE::2025-05-31.14:34:22::SCWMssOS::make -C ps7_cortexa9_0/libsrc/gpio_v4_6/src -s libs  "SHELL=CMD" "COMPILER=arm-none-eabi-gcc" "ASSEMBLER=arm-none-eabi-as" "ARC
TRACE::2025-05-31.14:34:22::SCWMssOS::HIVER=arm-none-eabi-ar" "COMPILER_FLAGS=  -O2 -c" "EXTRA_COMPILER_FLAGS=-mcpu=cortex-a9 -mfpu=vfpv3 -mfloat-abi=hard -nostartfi
TRACE::2025-05-31.14:34:22::SCWMssOS::les -g -Wall -Wextra"

TRACE::2025-05-31.14:34:22::SCWMssOS::"Compiling gpio"

TRACE::2025-05-31.14:34:23::SCWMssOS::"Running Make libs in ps7_cortexa9_0/libsrc/qspips_v3_7/src"

TRACE::2025-05-31.14:34:23::SCWMssOS::make -C ps7_cortexa9_0/libsrc/qspips_v3_7/src -s libs  "SHELL=CMD" "COMPILER=arm-none-eabi-gcc" "ASSEMBLER=arm-none-eabi-as" "A
TRACE::2025-05-31.14:34:23::SCWMssOS::RCHIVER=arm-none-eabi-ar" "COMPILER_FLAGS=  -O2 -c" "EXTRA_COMPILER_FLAGS=-mcpu=cortex-a9 -mfpu=vfpv3 -mfloat-abi=hard -nostart
TRACE::2025-05-31.14:34:23::SCWMssOS::files -g -Wall -Wextra"

TRACE::2025-05-31.14:34:23::SCWMssOS::"Compiling qspips"

TRACE::2025-05-31.14:34:24::SCWMssOS::"Running Make libs in ps7_cortexa9_0/libsrc/scugic_v4_2/src"

TRACE::2025-05-31.14:34:24::SCWMssOS::make -C ps7_cortexa9_0/libsrc/scugic_v4_2/src -s libs  "SHELL=CMD" "COMPILER=arm-none-eabi-gcc" "ASSEMBLER=arm-none-eabi-as" "A
TRACE::2025-05-31.14:34:24::SCWMssOS::RCHIVER=arm-none-eabi-ar" "COMPILER_FLAGS=  -O2 -c" "EXTRA_COMPILER_FLAGS=-mcpu=cortex-a9 -mfpu=vfpv3 -mfloat-abi=hard -nostart
TRACE::2025-05-31.14:34:24::SCWMssOS::files -g -Wall -Wextra"

TRACE::2025-05-31.14:34:24::SCWMssOS::"Compiling scugic"

TRACE::2025-05-31.14:34:24::SCWMssOS::"Running Make libs in ps7_cortexa9_0/libsrc/scutimer_v2_2/src"

TRACE::2025-05-31.14:34:24::SCWMssOS::make -C ps7_cortexa9_0/libsrc/scutimer_v2_2/src -s libs  "SHELL=CMD" "COMPILER=arm-none-eabi-gcc" "ASSEMBLER=arm-none-eabi-as" 
TRACE::2025-05-31.14:34:24::SCWMssOS::"ARCHIVER=arm-none-eabi-ar" "COMPILER_FLAGS=  -O2 -c" "EXTRA_COMPILER_FLAGS=-mcpu=cortex-a9 -mfpu=vfpv3 -mfloat-abi=hard -nosta
TRACE::2025-05-31.14:34:24::SCWMssOS::rtfiles -g -Wall -Wextra"

TRACE::2025-05-31.14:34:24::SCWMssOS::"Compiling scutimer"

TRACE::2025-05-31.14:34:25::SCWMssOS::"Running Make libs in ps7_cortexa9_0/libsrc/scuwdt_v2_2/src"

TRACE::2025-05-31.14:34:25::SCWMssOS::make -C ps7_cortexa9_0/libsrc/scuwdt_v2_2/src -s libs  "SHELL=CMD" "COMPILER=arm-none-eabi-gcc" "ASSEMBLER=arm-none-eabi-as" "A
TRACE::2025-05-31.14:34:25::SCWMssOS::RCHIVER=arm-none-eabi-ar" "COMPILER_FLAGS=  -O2 -c" "EXTRA_COMPILER_FLAGS=-mcpu=cortex-a9 -mfpu=vfpv3 -mfloat-abi=hard -nostart
TRACE::2025-05-31.14:34:25::SCWMssOS::files -g -Wall -Wextra"

TRACE::2025-05-31.14:34:25::SCWMssOS::"Compiling scuwdt"

TRACE::2025-05-31.14:34:25::SCWMssOS::"Running Make libs in ps7_cortexa9_0/libsrc/sdps_v3_9/src"

TRACE::2025-05-31.14:34:25::SCWMssOS::make -C ps7_cortexa9_0/libsrc/sdps_v3_9/src -s libs  "SHELL=CMD" "COMPILER=arm-none-eabi-gcc" "ASSEMBLER=arm-none-eabi-as" "ARC
TRACE::2025-05-31.14:34:25::SCWMssOS::HIVER=arm-none-eabi-ar" "COMPILER_FLAGS=  -O2 -c" "EXTRA_COMPILER_FLAGS=-mcpu=cortex-a9 -mfpu=vfpv3 -mfloat-abi=hard -nostartfi
TRACE::2025-05-31.14:34:25::SCWMssOS::les -g -Wall -Wextra"

TRACE::2025-05-31.14:34:25::SCWMssOS::"Compiling sdps"

TRACE::2025-05-31.14:34:26::SCWMssOS::"Running Make libs in ps7_cortexa9_0/libsrc/standalone_v7_2/src"

TRACE::2025-05-31.14:34:26::SCWMssOS::make -C ps7_cortexa9_0/libsrc/standalone_v7_2/src -s libs  "SHELL=CMD" "COMPILER=arm-none-eabi-gcc" "ASSEMBLER=arm-none-eabi-as
TRACE::2025-05-31.14:34:26::SCWMssOS::" "ARCHIVER=arm-none-eabi-ar" "COMPILER_FLAGS=  -O2 -c" "EXTRA_COMPILER_FLAGS=-mcpu=cortex-a9 -mfpu=vfpv3 -mfloat-abi=hard -nos
TRACE::2025-05-31.14:34:26::SCWMssOS::tartfiles -g -Wall -Wextra"

TRACE::2025-05-31.14:34:26::SCWMssOS::"Compiling standalone"

TRACE::2025-05-31.14:34:29::SCWMssOS::"Running Make libs in ps7_cortexa9_0/libsrc/tmrctr_v4_6/src"

TRACE::2025-05-31.14:34:29::SCWMssOS::make -C ps7_cortexa9_0/libsrc/tmrctr_v4_6/src -s libs  "SHELL=CMD" "COMPILER=arm-none-eabi-gcc" "ASSEMBLER=arm-none-eabi-as" "A
TRACE::2025-05-31.14:34:29::SCWMssOS::RCHIVER=arm-none-eabi-ar" "COMPILER_FLAGS=  -O2 -c" "EXTRA_COMPILER_FLAGS=-mcpu=cortex-a9 -mfpu=vfpv3 -mfloat-abi=hard -nostart
TRACE::2025-05-31.14:34:29::SCWMssOS::files -g -Wall -Wextra"

TRACE::2025-05-31.14:34:29::SCWMssOS::"Compiling tmrctr"

TRACE::2025-05-31.14:34:30::SCWMssOS::"Running Make libs in ps7_cortexa9_0/libsrc/uartps_v3_9/src"

TRACE::2025-05-31.14:34:30::SCWMssOS::make -C ps7_cortexa9_0/libsrc/uartps_v3_9/src -s libs  "SHELL=CMD" "COMPILER=arm-none-eabi-gcc" "ASSEMBLER=arm-none-eabi-as" "A
TRACE::2025-05-31.14:34:30::SCWMssOS::RCHIVER=arm-none-eabi-ar" "COMPILER_FLAGS=  -O2 -c" "EXTRA_COMPILER_FLAGS=-mcpu=cortex-a9 -mfpu=vfpv3 -mfloat-abi=hard -nostart
TRACE::2025-05-31.14:34:30::SCWMssOS::files -g -Wall -Wextra"

TRACE::2025-05-31.14:34:30::SCWMssOS::"Compiling uartps"

TRACE::2025-05-31.14:34:31::SCWMssOS::"Running Make libs in ps7_cortexa9_0/libsrc/usbps_v2_5/src"

TRACE::2025-05-31.14:34:31::SCWMssOS::make -C ps7_cortexa9_0/libsrc/usbps_v2_5/src -s libs  "SHELL=CMD" "COMPILER=arm-none-eabi-gcc" "ASSEMBLER=arm-none-eabi-as" "AR
TRACE::2025-05-31.14:34:31::SCWMssOS::CHIVER=arm-none-eabi-ar" "COMPILER_FLAGS=  -O2 -c" "EXTRA_COMPILER_FLAGS=-mcpu=cortex-a9 -mfpu=vfpv3 -mfloat-abi=hard -nostartf
TRACE::2025-05-31.14:34:31::SCWMssOS::iles -g -Wall -Wextra"

TRACE::2025-05-31.14:34:31::SCWMssOS::"Compiling usbps"

TRACE::2025-05-31.14:34:32::SCWMssOS::"Running Make libs in ps7_cortexa9_0/libsrc/xadcps_v2_4/src"

TRACE::2025-05-31.14:34:32::SCWMssOS::make -C ps7_cortexa9_0/libsrc/xadcps_v2_4/src -s libs  "SHELL=CMD" "COMPILER=arm-none-eabi-gcc" "ASSEMBLER=arm-none-eabi-as" "A
TRACE::2025-05-31.14:34:32::SCWMssOS::RCHIVER=arm-none-eabi-ar" "COMPILER_FLAGS=  -O2 -c" "EXTRA_COMPILER_FLAGS=-mcpu=cortex-a9 -mfpu=vfpv3 -mfloat-abi=hard -nostart
TRACE::2025-05-31.14:34:32::SCWMssOS::files -g -Wall -Wextra"

TRACE::2025-05-31.14:34:32::SCWMssOS::"Compiling xadcps"

TRACE::2025-05-31.14:34:33::SCWMssOS::"Running Make libs in ps7_cortexa9_0/libsrc/xilffs_v4_3/src"

TRACE::2025-05-31.14:34:33::SCWMssOS::make -C ps7_cortexa9_0/libsrc/xilffs_v4_3/src -s libs  "SHELL=CMD" "COMPILER=arm-none-eabi-gcc" "ASSEMBLER=arm-none-eabi-as" "A
TRACE::2025-05-31.14:34:33::SCWMssOS::RCHIVER=arm-none-eabi-ar" "COMPILER_FLAGS=  -O2 -c" "EXTRA_COMPILER_FLAGS=-mcpu=cortex-a9 -mfpu=vfpv3 -mfloat-abi=hard -nostart
TRACE::2025-05-31.14:34:33::SCWMssOS::files -g -Wall -Wextra"

TRACE::2025-05-31.14:34:33::SCWMssOS::"Compiling XilFFs Library"

TRACE::2025-05-31.14:34:34::SCWMssOS::'Finished building libraries'

TRACE::2025-05-31.14:34:34::SCWMssOS::Copying to export directory.
TRACE::2025-05-31.14:34:34::SCWMssOS:: Checking if to create the Supporting Applications
TRACE::2025-05-31.14:34:34::SCWMssOS:: No Linux domain exists, trying to generate FSBL 
LOG::2025-05-31.14:34:34::SCWSystem::Completed Processing the domain standalone_domain
LOG::2025-05-31.14:34:34::SCWSystem::Completed Processing the sysconfig music_player_plt
LOG::2025-05-31.14:34:34::SCWPlatform::Completed generating the artifacts for system configuration music_player_plt
TRACE::2025-05-31.14:34:34::SCWPlatform::Started preparing the platform 
TRACE::2025-05-31.14:34:34::SCWSystem::Writing the bif file for system config music_player_plt
TRACE::2025-05-31.14:34:34::SCWSystem::dir created 
TRACE::2025-05-31.14:34:34::SCWSystem::Writing the bif 
TRACE::2025-05-31.14:34:34::SCWPlatform::Started writing the spfm file 
TRACE::2025-05-31.14:34:34::SCWPlatform::Started writing the xpfm file 
TRACE::2025-05-31.14:34:34::SCWPlatform::Completed generating the platform
TRACE::2025-05-31.14:34:34::SCWMssOS::Saving the mss changes D:/proyectosep2/IEE2463-SEP-Proyecto-2-Z8/music_player/vitis2/music_player_plt/zynq_fsbl/zynq_fsbl_bsp/system.mss
TRACE::2025-05-31.14:34:34::SCWMssOS::Found a swdesign opened with the mssfile.
TRACE::2025-05-31.14:34:34::SCWMssOS::Completed writemss as part of save.
TRACE::2025-05-31.14:34:34::SCWMssOS::Commit changes completed.
TRACE::2025-05-31.14:34:34::SCWMssOS::Saving the mss changes D:/proyectosep2/IEE2463-SEP-Proyecto-2-Z8/music_player/vitis2/music_player_plt/ps7_cortexa9_0/standalone_domain/bsp/system.mss
TRACE::2025-05-31.14:34:34::SCWMssOS::Found a swdesign opened with the mssfile.
TRACE::2025-05-31.14:34:34::SCWMssOS::Completed writemss as part of save.
TRACE::2025-05-31.14:34:34::SCWMssOS::Commit changes completed.
TRACE::2025-05-31.14:34:34::SCWPlatform::Trying to open the hw design at D:/proyectosep2/IEE2463-SEP-Proyecto-2-Z8/music_player/vitis2/music_player_plt/hw/design_1_wrapper.xsa
TRACE::2025-05-31.14:34:34::SCWPlatform::DSA given D:/proyectosep2/IEE2463-SEP-Proyecto-2-Z8/music_player/vitis2/music_player_plt/hw/design_1_wrapper.xsa
TRACE::2025-05-31.14:34:34::SCWPlatform::DSA absoulate path D:/proyectosep2/IEE2463-SEP-Proyecto-2-Z8/music_player/vitis2/music_player_plt/hw/design_1_wrapper.xsa
TRACE::2025-05-31.14:34:34::SCWPlatform::DSA directory D:/proyectosep2/IEE2463-SEP-Proyecto-2-Z8/music_player/vitis2/music_player_plt/hw
TRACE::2025-05-31.14:34:34::SCWPlatform:: Platform Path D:/proyectosep2/IEE2463-SEP-Proyecto-2-Z8/music_player/vitis2/music_player_plt/hw/design_1_wrapper.xsa
TRACE::2025-05-31.14:34:34::SCWPlatform:: Unique name xilinx:zybo-z7-10::0.0
TRACE::2025-05-31.14:34:34::SCWPlatform::Trying to set the existing hwdb with name design_1_wrapper_1
TRACE::2025-05-31.14:34:34::SCWPlatform::Opened existing hwdb design_1_wrapper_1
TRACE::2025-05-31.14:34:34::SCWPlatform::Found the Hw Db part of the input DSA
TRACE::2025-05-31.14:34:34::SCWMssOS::Checking the sw design at  D:/proyectosep2/IEE2463-SEP-Proyecto-2-Z8/music_player/vitis2/music_player_plt/zynq_fsbl/zynq_fsbl_bsp/system.mss
TRACE::2025-05-31.14:34:34::SCWMssOS::DEBUG:  swdes dump  D:/proyectosep2/IEE2463-SEP-Proyecto-2-Z8/music_player/vitis2/music_player_plt/ps7_cortexa9_0/standalone_domain/bsp/system.mss|system||
D:/proyectosep2/IEE2463-SEP-Proyecto-2-Z8/music_player/vitis2/music_player_plt/zynq_fsbl/zynq_fsbl_bsp/system.mss|system_0||

TRACE::2025-05-31.14:34:34::SCWMssOS::Sw design exists and opened at  D:/proyectosep2/IEE2463-SEP-Proyecto-2-Z8/music_player/vitis2/music_player_plt/zynq_fsbl/zynq_fsbl_bsp/system.mss
TRACE::2025-05-31.14:34:34::SCWPlatform::Trying to open the hw design at D:/proyectosep2/IEE2463-SEP-Proyecto-2-Z8/music_player/vitis2/music_player_plt/hw/design_1_wrapper.xsa
TRACE::2025-05-31.14:34:34::SCWPlatform::DSA given D:/proyectosep2/IEE2463-SEP-Proyecto-2-Z8/music_player/vitis2/music_player_plt/hw/design_1_wrapper.xsa
TRACE::2025-05-31.14:34:34::SCWPlatform::DSA absoulate path D:/proyectosep2/IEE2463-SEP-Proyecto-2-Z8/music_player/vitis2/music_player_plt/hw/design_1_wrapper.xsa
TRACE::2025-05-31.14:34:34::SCWPlatform::DSA directory D:/proyectosep2/IEE2463-SEP-Proyecto-2-Z8/music_player/vitis2/music_player_plt/hw
TRACE::2025-05-31.14:34:34::SCWPlatform:: Platform Path D:/proyectosep2/IEE2463-SEP-Proyecto-2-Z8/music_player/vitis2/music_player_plt/hw/design_1_wrapper.xsa
TRACE::2025-05-31.14:34:34::SCWPlatform:: Unique name xilinx:zybo-z7-10::0.0
TRACE::2025-05-31.14:34:34::SCWPlatform::Trying to set the existing hwdb with name design_1_wrapper_1
TRACE::2025-05-31.14:34:34::SCWPlatform::Opened existing hwdb design_1_wrapper_1
TRACE::2025-05-31.14:34:34::SCWPlatform::Found the Hw Db part of the input DSA
TRACE::2025-05-31.14:34:34::SCWMssOS::Checking the sw design at  D:/proyectosep2/IEE2463-SEP-Proyecto-2-Z8/music_player/vitis2/music_player_plt/ps7_cortexa9_0/standalone_domain/bsp/system.mss
TRACE::2025-05-31.14:34:34::SCWMssOS::DEBUG:  swdes dump  D:/proyectosep2/IEE2463-SEP-Proyecto-2-Z8/music_player/vitis2/music_player_plt/ps7_cortexa9_0/standalone_domain/bsp/system.mss|system||
D:/proyectosep2/IEE2463-SEP-Proyecto-2-Z8/music_player/vitis2/music_player_plt/zynq_fsbl/zynq_fsbl_bsp/system.mss|system_0||

TRACE::2025-05-31.14:34:34::SCWMssOS::Sw design exists and opened at  D:/proyectosep2/IEE2463-SEP-Proyecto-2-Z8/music_player/vitis2/music_player_plt/ps7_cortexa9_0/standalone_domain/bsp/system.mss
TRACE::2025-05-31.14:34:34::SCWWriter::formatted JSON is {
	"platformName":	"music_player_plt",
	"sprVersion":	"2.0",
	"mode":	"gui",
	"dsaType":	"Fixed",
	"platformDesc":	"music_player_plt",
	"platHandOff":	"D:/proyectosep2/IEE2463-SEP-Proyecto-2-Z8/music_player/music_player/design_1_wrapper.xsa",
	"platIntHandOff":	"<platformDir>/hw/design_1_wrapper.xsa",
	"deviceType":	"zynq",
	"platIsPrebuiltAutogen":	"false",
	"platIsNoBootBsp":	"false",
	"hasFsblMakeHasChanges":	"false",
	"hasPmufwMakeHasChanges":	"false",
	"fsblExtraCompilerFlags":	"-MMD -MP       -mcpu=cortex-a9 -mfpu=vfpv3 -mfloat-abi=hard ",
	"platPreBuiltFlag":	false,
	"platformSamplesDir":	"",
	"platActiveSys":	"music_player_plt",
	"systems":	[{
			"systemName":	"music_player_plt",
			"systemDesc":	"music_player_plt",
			"sysIsBootAutoGen":	"true",
			"systemDispName":	"music_player_plt",
			"sysActiveDom":	"standalone_domain",
			"sysDefaultDom":	"standalone_domain",
			"domains":	[{
					"domainName":	"zynq_fsbl",
					"domainDispName":	"zynq_fsbl",
					"domainDesc":	"FSBL Application BSP - Auto Generated.",
					"processors":	"ps7_cortexa9_0",
					"os":	"standalone",
					"sdxOs":	"standalone",
					"debugEnable":	"",
					"domRuntimes":	["cpp"],
					"swRepo":	"",
					"mssOsVer":	"7.2",
					"mssFile":	"",
					"md5Digest":	"f649a90a47f54d59c50c6b3f6748da03",
					"compatibleApp":	"zynq_fsbl",
					"domType":	"bootDomain",
					"appSettings":	{
						"appCompilerFlags":	"",
						"appLinkerFlags":	""
					},
					"addedLibs":	["xilffs:4.3", "xilrsa:1.6"],
					"libOptions":	{
						"libsContainingOptions":	[]
					},
					"prebuiltLibs":	{
						"prebuiltIncPath":	[],
						"prebuiltLibPath":	[]
					},
					"isolation":	{
					}
				}, {
					"domainName":	"standalone_domain",
					"domainDispName":	"standalone on ps7_cortexa9_0",
					"domainDesc":	"standalone_domain",
					"processors":	"ps7_cortexa9_0",
					"os":	"standalone",
					"sdxOs":	"standalone",
					"qemuArgs":	"D:/Xilinx/Vitis/2020.1/data/emulation/platforms/zynq/qemu/qemu_args.txt",
					"qemuData":	"D:/Xilinx/Vitis/2020.1/data/emulation/platforms/zynq/qemu/",
					"debugEnable":	"False",
					"domRuntimes":	["cpp"],
					"swRepo":	"",
					"mssOsVer":	"7.2",
					"mssFile":	"",
					"md5Digest":	"3e802d368d5e2da2ccb2e7f79ebc2b09",
					"compatibleApp":	"",
					"domType":	"mssDomain",
					"appSettings":	{
						"appCompilerFlags":	"",
						"appLinkerFlags":	""
					},
					"addedLibs":	["xilffs:4.3"],
					"libOptions":	{
						"libsContainingOptions":	[]
					},
					"prebuiltLibs":	{
						"prebuiltIncPath":	[],
						"prebuiltLibPath":	[]
					},
					"isolation":	{
					}
				}]
		}]
}
KEYINFO::2025-05-31.14:34:34::SCWPlatform::updated the xpfm file.
TRACE::2025-05-31.14:34:34::SCWPlatform::Trying to open the hw design at D:/proyectosep2/IEE2463-SEP-Proyecto-2-Z8/music_player/vitis2/music_player_plt/hw/design_1_wrapper.xsa
TRACE::2025-05-31.14:34:34::SCWPlatform::DSA given D:/proyectosep2/IEE2463-SEP-Proyecto-2-Z8/music_player/vitis2/music_player_plt/hw/design_1_wrapper.xsa
TRACE::2025-05-31.14:34:34::SCWPlatform::DSA absoulate path D:/proyectosep2/IEE2463-SEP-Proyecto-2-Z8/music_player/vitis2/music_player_plt/hw/design_1_wrapper.xsa
TRACE::2025-05-31.14:34:34::SCWPlatform::DSA directory D:/proyectosep2/IEE2463-SEP-Proyecto-2-Z8/music_player/vitis2/music_player_plt/hw
TRACE::2025-05-31.14:34:34::SCWPlatform:: Platform Path D:/proyectosep2/IEE2463-SEP-Proyecto-2-Z8/music_player/vitis2/music_player_plt/hw/design_1_wrapper.xsa
TRACE::2025-05-31.14:34:34::SCWPlatform:: Unique name xilinx:zybo-z7-10::0.0
TRACE::2025-05-31.14:34:34::SCWPlatform::Trying to set the existing hwdb with name design_1_wrapper_1
TRACE::2025-05-31.14:34:34::SCWPlatform::Opened existing hwdb design_1_wrapper_1
TRACE::2025-05-31.14:34:34::SCWPlatform::Found the Hw Db part of the input DSA
TRACE::2025-05-31.14:34:34::SCWMssOS::Checking the sw design at  D:/proyectosep2/IEE2463-SEP-Proyecto-2-Z8/music_player/vitis2/music_player_plt/ps7_cortexa9_0/standalone_domain/bsp/system.mss
TRACE::2025-05-31.14:34:34::SCWMssOS::DEBUG:  swdes dump  D:/proyectosep2/IEE2463-SEP-Proyecto-2-Z8/music_player/vitis2/music_player_plt/ps7_cortexa9_0/standalone_domain/bsp/system.mss|system||
D:/proyectosep2/IEE2463-SEP-Proyecto-2-Z8/music_player/vitis2/music_player_plt/zynq_fsbl/zynq_fsbl_bsp/system.mss|system_0||

TRACE::2025-05-31.14:34:34::SCWMssOS::Sw design exists and opened at  D:/proyectosep2/IEE2463-SEP-Proyecto-2-Z8/music_player/vitis2/music_player_plt/ps7_cortexa9_0/standalone_domain/bsp/system.mss
