TRACE::2025-06-17.01:11:30::SCWPlatform::Trying to open the hw design at D:/proyectosep2/IEE2463-SEP-Proyecto-2-Z8/music_player_v2/vitis/music_player_v2_plt/hw/design_1_wrapper.xsa
TRACE::2025-06-17.01:11:30::SCWPlatform::DSA given D:/proyectosep2/IEE2463-SEP-Proyecto-2-Z8/music_player_v2/vitis/music_player_v2_plt/hw/design_1_wrapper.xsa
TRACE::2025-06-17.01:11:30::SCWPlatform::DSA absoulate path D:/proyectosep2/IEE2463-SEP-Proyecto-2-Z8/music_player_v2/vitis/music_player_v2_plt/hw/design_1_wrapper.xsa
TRACE::2025-06-17.01:11:32::SCWPlatform::DSA directory D:/proyectosep2/IEE2463-SEP-Proyecto-2-Z8/music_player_v2/vitis/music_player_v2_plt/hw
TRACE::2025-06-17.01:11:32::SCWPlatform:: Platform Path D:/proyectosep2/IEE2463-SEP-Proyecto-2-Z8/music_player_v2/vitis/music_player_v2_plt/hw/design_1_wrapper.xsa
TRACE::2025-06-17.01:11:32::SCWPlatform:: Unique name xilinx:zybo-z7-10::0.0
TRACE::2025-06-17.01:11:32::SCWPlatform::Do not have an existing db opened. 
TRACE::2025-06-17.01:11:34::SCWPlatform::Opened new HwDB with name design_1_wrapper_0
TRACE::2025-06-17.01:11:34::SCWWriter::formatted JSON is {
	"platformName":	"music_player_v2_plt",
	"sprVersion":	"2.0",
	"mode":	"gui",
	"dsaType":	"Fixed",
	"platformDesc":	"music_player_v2_plt",
	"platHandOff":	"D:/proyectosep2/IEE2463-SEP-Proyecto-2-Z8/music_player_v2/project_1/design_1_wrapper.xsa",
	"platIntHandOff":	"<platformDir>/hw/design_1_wrapper.xsa",
	"deviceType":	"zynq",
	"platIsPrebuiltAutogen":	"false",
	"platIsNoBootBsp":	"false",
	"hasFsblMakeHasChanges":	"false",
	"hasPmufwMakeHasChanges":	"false",
	"platPreBuiltFlag":	false,
	"platformSamplesDir":	""
}
TRACE::2025-06-17.01:11:34::SCWWriter::formatted JSON is {
	"platformName":	"music_player_v2_plt",
	"sprVersion":	"2.0",
	"mode":	"gui",
	"dsaType":	"Fixed",
	"platformDesc":	"music_player_v2_plt",
	"platHandOff":	"D:/proyectosep2/IEE2463-SEP-Proyecto-2-Z8/music_player_v2/project_1/design_1_wrapper.xsa",
	"platIntHandOff":	"<platformDir>/hw/design_1_wrapper.xsa",
	"deviceType":	"zynq",
	"platIsPrebuiltAutogen":	"false",
	"platIsNoBootBsp":	"false",
	"hasFsblMakeHasChanges":	"false",
	"hasPmufwMakeHasChanges":	"false",
	"platPreBuiltFlag":	false,
	"platformSamplesDir":	"",
	"platActiveSys":	"music_player_v2_plt",
	"systems":	[{
			"systemName":	"music_player_v2_plt",
			"systemDesc":	"music_player_v2_plt",
			"sysIsBootAutoGen":	"true",
			"systemDispName":	"music_player_v2_plt"
		}]
}
TRACE::2025-06-17.01:11:34::SCWPlatform::Boot application domains not present, creating them
TRACE::2025-06-17.01:11:34::SCWDomain::checking for install qemu data   : 
TRACE::2025-06-17.01:11:34::SCWDomain:: Using the QEMU Data from install at  : D:/Xilinx/Vitis/2020.1/data/emulation/platforms/zynq/qemu/
TRACE::2025-06-17.01:11:34::SCWDomain:: Using the QEMU args  from install at  : D:/Xilinx/Vitis/2020.1/data/emulation/platforms/zynq/qemu/qemu_args.txt
TRACE::2025-06-17.01:11:34::SCWPlatform::Trying to open the hw design at D:/proyectosep2/IEE2463-SEP-Proyecto-2-Z8/music_player_v2/vitis/music_player_v2_plt/hw/design_1_wrapper.xsa
TRACE::2025-06-17.01:11:34::SCWPlatform::DSA given D:/proyectosep2/IEE2463-SEP-Proyecto-2-Z8/music_player_v2/vitis/music_player_v2_plt/hw/design_1_wrapper.xsa
TRACE::2025-06-17.01:11:34::SCWPlatform::DSA absoulate path D:/proyectosep2/IEE2463-SEP-Proyecto-2-Z8/music_player_v2/vitis/music_player_v2_plt/hw/design_1_wrapper.xsa
TRACE::2025-06-17.01:11:34::SCWPlatform::DSA directory D:/proyectosep2/IEE2463-SEP-Proyecto-2-Z8/music_player_v2/vitis/music_player_v2_plt/hw
TRACE::2025-06-17.01:11:34::SCWPlatform:: Platform Path D:/proyectosep2/IEE2463-SEP-Proyecto-2-Z8/music_player_v2/vitis/music_player_v2_plt/hw/design_1_wrapper.xsa
TRACE::2025-06-17.01:11:34::SCWPlatform:: Unique name xilinx:zybo-z7-10::0.0
TRACE::2025-06-17.01:11:34::SCWPlatform::Trying to set the existing hwdb with name design_1_wrapper_0
TRACE::2025-06-17.01:11:34::SCWPlatform::Opened existing hwdb design_1_wrapper_0
TRACE::2025-06-17.01:11:34::SCWPlatform::Found the Hw Db part of the input DSA
TRACE::2025-06-17.01:11:34::SCWPlatform::Trying to open the hw design at D:/proyectosep2/IEE2463-SEP-Proyecto-2-Z8/music_player_v2/vitis/music_player_v2_plt/hw/design_1_wrapper.xsa
TRACE::2025-06-17.01:11:34::SCWPlatform::DSA given D:/proyectosep2/IEE2463-SEP-Proyecto-2-Z8/music_player_v2/vitis/music_player_v2_plt/hw/design_1_wrapper.xsa
TRACE::2025-06-17.01:11:34::SCWPlatform::DSA absoulate path D:/proyectosep2/IEE2463-SEP-Proyecto-2-Z8/music_player_v2/vitis/music_player_v2_plt/hw/design_1_wrapper.xsa
TRACE::2025-06-17.01:11:34::SCWPlatform::DSA directory D:/proyectosep2/IEE2463-SEP-Proyecto-2-Z8/music_player_v2/vitis/music_player_v2_plt/hw
TRACE::2025-06-17.01:11:34::SCWPlatform:: Platform Path D:/proyectosep2/IEE2463-SEP-Proyecto-2-Z8/music_player_v2/vitis/music_player_v2_plt/hw/design_1_wrapper.xsa
TRACE::2025-06-17.01:11:34::SCWPlatform:: Unique name xilinx:zybo-z7-10::0.0
TRACE::2025-06-17.01:11:34::SCWPlatform::Trying to set the existing hwdb with name design_1_wrapper_0
TRACE::2025-06-17.01:11:34::SCWPlatform::Opened existing hwdb design_1_wrapper_0
TRACE::2025-06-17.01:11:34::SCWPlatform::Found the Hw Db part of the input DSA
TRACE::2025-06-17.01:11:34::SCWPlatform::Trying to open the hw design at D:/proyectosep2/IEE2463-SEP-Proyecto-2-Z8/music_player_v2/vitis/music_player_v2_plt/hw/design_1_wrapper.xsa
TRACE::2025-06-17.01:11:34::SCWPlatform::DSA given D:/proyectosep2/IEE2463-SEP-Proyecto-2-Z8/music_player_v2/vitis/music_player_v2_plt/hw/design_1_wrapper.xsa
TRACE::2025-06-17.01:11:34::SCWPlatform::DSA absoulate path D:/proyectosep2/IEE2463-SEP-Proyecto-2-Z8/music_player_v2/vitis/music_player_v2_plt/hw/design_1_wrapper.xsa
TRACE::2025-06-17.01:11:34::SCWPlatform::DSA directory D:/proyectosep2/IEE2463-SEP-Proyecto-2-Z8/music_player_v2/vitis/music_player_v2_plt/hw
TRACE::2025-06-17.01:11:34::SCWPlatform:: Platform Path D:/proyectosep2/IEE2463-SEP-Proyecto-2-Z8/music_player_v2/vitis/music_player_v2_plt/hw/design_1_wrapper.xsa
TRACE::2025-06-17.01:11:34::SCWPlatform:: Unique name xilinx:zybo-z7-10::0.0
TRACE::2025-06-17.01:11:34::SCWPlatform::Trying to set the existing hwdb with name design_1_wrapper_0
TRACE::2025-06-17.01:11:34::SCWPlatform::Opened existing hwdb design_1_wrapper_0
TRACE::2025-06-17.01:11:34::SCWPlatform::Found the Hw Db part of the input DSA
TRACE::2025-06-17.01:11:34::SCWPlatform::Boot application domain added for zynq_fsbl
TRACE::2025-06-17.01:11:34::SCWPlatform::Generating the sources  .
TRACE::2025-06-17.01:11:34::SCWBDomain::Generating boot domain sources.
TRACE::2025-06-17.01:11:34::SCWBDomain:: Generating the zynq_fsbl Application.
TRACE::2025-06-17.01:11:34::SCWPlatform::Trying to open the hw design at D:/proyectosep2/IEE2463-SEP-Proyecto-2-Z8/music_player_v2/vitis/music_player_v2_plt/hw/design_1_wrapper.xsa
TRACE::2025-06-17.01:11:34::SCWPlatform::DSA given D:/proyectosep2/IEE2463-SEP-Proyecto-2-Z8/music_player_v2/vitis/music_player_v2_plt/hw/design_1_wrapper.xsa
TRACE::2025-06-17.01:11:34::SCWPlatform::DSA absoulate path D:/proyectosep2/IEE2463-SEP-Proyecto-2-Z8/music_player_v2/vitis/music_player_v2_plt/hw/design_1_wrapper.xsa
TRACE::2025-06-17.01:11:34::SCWPlatform::DSA directory D:/proyectosep2/IEE2463-SEP-Proyecto-2-Z8/music_player_v2/vitis/music_player_v2_plt/hw
TRACE::2025-06-17.01:11:34::SCWPlatform:: Platform Path D:/proyectosep2/IEE2463-SEP-Proyecto-2-Z8/music_player_v2/vitis/music_player_v2_plt/hw/design_1_wrapper.xsa
TRACE::2025-06-17.01:11:34::SCWPlatform:: Unique name xilinx:zybo-z7-10::0.0
TRACE::2025-06-17.01:11:34::SCWPlatform::Trying to set the existing hwdb with name design_1_wrapper_0
TRACE::2025-06-17.01:11:34::SCWPlatform::Opened existing hwdb design_1_wrapper_0
TRACE::2025-06-17.01:11:34::SCWPlatform::Found the Hw Db part of the input DSA
TRACE::2025-06-17.01:11:34::SCWMssOS::Checking the sw design at  D:/proyectosep2/IEE2463-SEP-Proyecto-2-Z8/music_player_v2/vitis/music_player_v2_plt/zynq_fsbl/zynq_fsbl_bsp/system.mss
TRACE::2025-06-17.01:11:34::SCWMssOS::DEBUG:  swdes dump  
TRACE::2025-06-17.01:11:34::SCWMssOS::No sw design opened at  D:/proyectosep2/IEE2463-SEP-Proyecto-2-Z8/music_player_v2/vitis/music_player_v2_plt/zynq_fsbl/zynq_fsbl_bsp/system.mss
TRACE::2025-06-17.01:11:34::SCWMssOS::mss does not exists at D:/proyectosep2/IEE2463-SEP-Proyecto-2-Z8/music_player_v2/vitis/music_player_v2_plt/zynq_fsbl/zynq_fsbl_bsp/system.mss
TRACE::2025-06-17.01:11:34::SCWMssOS::Creating sw design at  D:/proyectosep2/IEE2463-SEP-Proyecto-2-Z8/music_player_v2/vitis/music_player_v2_plt/zynq_fsbl/zynq_fsbl_bsp/system.mss
TRACE::2025-06-17.01:11:34::SCWMssOS::Adding the swdes entry, created swdb D:/proyectosep2/IEE2463-SEP-Proyecto-2-Z8/music_player_v2/vitis/music_player_v2_plt/zynq_fsbl/zynq_fsbl_bsp/system.mss with des name D:/proyectosep2/IEE2463-SEP-Proyecto-2-Z8/music_player_v2/vitis/music_player_v2_plt/zynq_fsbl/zynq_fsbl_bsp/system.mss
TRACE::2025-06-17.01:11:34::SCWMssOS::updating the scw layer changes to swdes at   D:/proyectosep2/IEE2463-SEP-Proyecto-2-Z8/music_player_v2/vitis/music_player_v2_plt/zynq_fsbl/zynq_fsbl_bsp/system.mss
TRACE::2025-06-17.01:11:34::SCWMssOS::Writing mss at D:/proyectosep2/IEE2463-SEP-Proyecto-2-Z8/music_player_v2/vitis/music_player_v2_plt/zynq_fsbl/zynq_fsbl_bsp/system.mss
TRACE::2025-06-17.01:11:34::SCWMssOS::Completed writing the mss file at D:/proyectosep2/IEE2463-SEP-Proyecto-2-Z8/music_player_v2/vitis/music_player_v2_plt/zynq_fsbl/zynq_fsbl_bsp
TRACE::2025-06-17.01:11:34::SCWMssOS::Picking up changes from newly written mss file into SCW Layer. 
TRACE::2025-06-17.01:11:35::SCWMssOS::Updated the changes from newly written mss file into SCW Layer. 
TRACE::2025-06-17.01:11:35::SCWBDomain::Completed writing the mss file at D:/proyectosep2/IEE2463-SEP-Proyecto-2-Z8/music_player_v2/vitis/music_player_v2_plt/zynq_fsbl/zynq_fsbl_bsp
TRACE::2025-06-17.01:11:59::SCWPlatform::Generating sources Done.
TRACE::2025-06-17.01:11:59::SCWPlatform::Trying to open the hw design at D:/proyectosep2/IEE2463-SEP-Proyecto-2-Z8/music_player_v2/vitis/music_player_v2_plt/hw/design_1_wrapper.xsa
TRACE::2025-06-17.01:11:59::SCWPlatform::DSA given D:/proyectosep2/IEE2463-SEP-Proyecto-2-Z8/music_player_v2/vitis/music_player_v2_plt/hw/design_1_wrapper.xsa
TRACE::2025-06-17.01:11:59::SCWPlatform::DSA absoulate path D:/proyectosep2/IEE2463-SEP-Proyecto-2-Z8/music_player_v2/vitis/music_player_v2_plt/hw/design_1_wrapper.xsa
TRACE::2025-06-17.01:11:59::SCWPlatform::DSA directory D:/proyectosep2/IEE2463-SEP-Proyecto-2-Z8/music_player_v2/vitis/music_player_v2_plt/hw
TRACE::2025-06-17.01:11:59::SCWPlatform:: Platform Path D:/proyectosep2/IEE2463-SEP-Proyecto-2-Z8/music_player_v2/vitis/music_player_v2_plt/hw/design_1_wrapper.xsa
TRACE::2025-06-17.01:11:59::SCWPlatform:: Unique name xilinx:zybo-z7-10::0.0
TRACE::2025-06-17.01:11:59::SCWPlatform::Trying to set the existing hwdb with name design_1_wrapper_0
TRACE::2025-06-17.01:11:59::SCWPlatform::Opened existing hwdb design_1_wrapper_0
TRACE::2025-06-17.01:11:59::SCWPlatform::Found the Hw Db part of the input DSA
TRACE::2025-06-17.01:11:59::SCWMssOS::Checking the sw design at  D:/proyectosep2/IEE2463-SEP-Proyecto-2-Z8/music_player_v2/vitis/music_player_v2_plt/zynq_fsbl/zynq_fsbl_bsp/system.mss
TRACE::2025-06-17.01:11:59::SCWMssOS::DEBUG:  swdes dump  D:/proyectosep2/IEE2463-SEP-Proyecto-2-Z8/music_player_v2/vitis/music_player_v2_plt/zynq_fsbl/zynq_fsbl_bsp/system.mss|D:/proyectosep2/IEE2463-SEP-Proyecto-2-Z8/music_player_v2/vitis/music_player_v2_plt/zynq_fsbl/zynq_fsbl_bsp/system.mss||

KEYINFO::2025-06-17.01:11:59::SCWMssOS::Could not open the swdb for D:/proyectosep2/IEE2463-SEP-Proyecto-2-Z8/music_player_v2/vitis/music_player_v2_plt/zynq_fsbl/zynq_fsbl_bsp/system.mss
KEYINFO::2025-06-17.01:11:59::SCWMssOS::Could not open the sw design at  D:/proyectosep2/IEE2463-SEP-Proyecto-2-Z8/music_player_v2/vitis/music_player_v2_plt/zynq_fsbl/zynq_fsbl_bsp/system.mss
ERROR: [Hsi 55-1558] Software Design D:/proyectosep2/IEE2463-SEP-Proyecto-2-Z8/music_player_v2/vitis/music_player_v2_plt/zynq_fsbl/zynq_fsbl_bsp/system.mss is not found

TRACE::2025-06-17.01:11:59::SCWMssOS::Cleared the swdb table entry
TRACE::2025-06-17.01:11:59::SCWMssOS::No sw design opened at  D:/proyectosep2/IEE2463-SEP-Proyecto-2-Z8/music_player_v2/vitis/music_player_v2_plt/zynq_fsbl/zynq_fsbl_bsp/system.mss
TRACE::2025-06-17.01:11:59::SCWMssOS::mss exists loading the mss file  D:/proyectosep2/IEE2463-SEP-Proyecto-2-Z8/music_player_v2/vitis/music_player_v2_plt/zynq_fsbl/zynq_fsbl_bsp/system.mss
TRACE::2025-06-17.01:11:59::SCWMssOS::Opened the sw design from mss  D:/proyectosep2/IEE2463-SEP-Proyecto-2-Z8/music_player_v2/vitis/music_player_v2_plt/zynq_fsbl/zynq_fsbl_bsp/system.mss
TRACE::2025-06-17.01:11:59::SCWMssOS::Adding the swdes entry D:/proyectosep2/IEE2463-SEP-Proyecto-2-Z8/music_player_v2/vitis/music_player_v2_plt/zynq_fsbl/zynq_fsbl_bsp/system.mss with des name system
TRACE::2025-06-17.01:11:59::SCWMssOS::updating the scw layer about changes
TRACE::2025-06-17.01:11:59::SCWMssOS::Opened the sw design.  D:/proyectosep2/IEE2463-SEP-Proyecto-2-Z8/music_player_v2/vitis/music_player_v2_plt/zynq_fsbl/zynq_fsbl_bsp/system.mss
TRACE::2025-06-17.01:11:59::SCWMssOS::Saving the mss changes D:/proyectosep2/IEE2463-SEP-Proyecto-2-Z8/music_player_v2/vitis/music_player_v2_plt/zynq_fsbl/zynq_fsbl_bsp/system.mss
TRACE::2025-06-17.01:11:59::SCWMssOS::Found a swdesign opened with the mssfile.
TRACE::2025-06-17.01:11:59::SCWMssOS::Completed writemss as part of save.
TRACE::2025-06-17.01:11:59::SCWMssOS::Commit changes completed.
TRACE::2025-06-17.01:11:59::SCWPlatform::Trying to open the hw design at D:/proyectosep2/IEE2463-SEP-Proyecto-2-Z8/music_player_v2/vitis/music_player_v2_plt/hw/design_1_wrapper.xsa
TRACE::2025-06-17.01:11:59::SCWPlatform::DSA given D:/proyectosep2/IEE2463-SEP-Proyecto-2-Z8/music_player_v2/vitis/music_player_v2_plt/hw/design_1_wrapper.xsa
TRACE::2025-06-17.01:11:59::SCWPlatform::DSA absoulate path D:/proyectosep2/IEE2463-SEP-Proyecto-2-Z8/music_player_v2/vitis/music_player_v2_plt/hw/design_1_wrapper.xsa
TRACE::2025-06-17.01:11:59::SCWPlatform::DSA directory D:/proyectosep2/IEE2463-SEP-Proyecto-2-Z8/music_player_v2/vitis/music_player_v2_plt/hw
TRACE::2025-06-17.01:11:59::SCWPlatform:: Platform Path D:/proyectosep2/IEE2463-SEP-Proyecto-2-Z8/music_player_v2/vitis/music_player_v2_plt/hw/design_1_wrapper.xsa
TRACE::2025-06-17.01:11:59::SCWPlatform:: Unique name xilinx:zybo-z7-10::0.0
TRACE::2025-06-17.01:11:59::SCWPlatform::Trying to set the existing hwdb with name design_1_wrapper_0
TRACE::2025-06-17.01:11:59::SCWPlatform::Opened existing hwdb design_1_wrapper_0
TRACE::2025-06-17.01:11:59::SCWPlatform::Found the Hw Db part of the input DSA
TRACE::2025-06-17.01:11:59::SCWMssOS::Checking the sw design at  D:/proyectosep2/IEE2463-SEP-Proyecto-2-Z8/music_player_v2/vitis/music_player_v2_plt/zynq_fsbl/zynq_fsbl_bsp/system.mss
TRACE::2025-06-17.01:11:59::SCWMssOS::DEBUG:  swdes dump  D:/proyectosep2/IEE2463-SEP-Proyecto-2-Z8/music_player_v2/vitis/music_player_v2_plt/zynq_fsbl/zynq_fsbl_bsp/system.mss|system||

TRACE::2025-06-17.01:11:59::SCWMssOS::Sw design exists and opened at  D:/proyectosep2/IEE2463-SEP-Proyecto-2-Z8/music_player_v2/vitis/music_player_v2_plt/zynq_fsbl/zynq_fsbl_bsp/system.mss
TRACE::2025-06-17.01:11:59::SCWPlatform::Trying to open the hw design at D:/proyectosep2/IEE2463-SEP-Proyecto-2-Z8/music_player_v2/vitis/music_player_v2_plt/hw/design_1_wrapper.xsa
TRACE::2025-06-17.01:11:59::SCWPlatform::DSA given D:/proyectosep2/IEE2463-SEP-Proyecto-2-Z8/music_player_v2/vitis/music_player_v2_plt/hw/design_1_wrapper.xsa
TRACE::2025-06-17.01:11:59::SCWPlatform::DSA absoulate path D:/proyectosep2/IEE2463-SEP-Proyecto-2-Z8/music_player_v2/vitis/music_player_v2_plt/hw/design_1_wrapper.xsa
TRACE::2025-06-17.01:11:59::SCWPlatform::DSA directory D:/proyectosep2/IEE2463-SEP-Proyecto-2-Z8/music_player_v2/vitis/music_player_v2_plt/hw
TRACE::2025-06-17.01:11:59::SCWPlatform:: Platform Path D:/proyectosep2/IEE2463-SEP-Proyecto-2-Z8/music_player_v2/vitis/music_player_v2_plt/hw/design_1_wrapper.xsa
TRACE::2025-06-17.01:11:59::SCWPlatform:: Unique name xilinx:zybo-z7-10::0.0
TRACE::2025-06-17.01:11:59::SCWPlatform::Trying to set the existing hwdb with name design_1_wrapper_0
TRACE::2025-06-17.01:11:59::SCWPlatform::Opened existing hwdb design_1_wrapper_0
TRACE::2025-06-17.01:11:59::SCWPlatform::Found the Hw Db part of the input DSA
TRACE::2025-06-17.01:11:59::SCWMssOS::Checking the sw design at  D:/proyectosep2/IEE2463-SEP-Proyecto-2-Z8/music_player_v2/vitis/music_player_v2_plt/zynq_fsbl/zynq_fsbl_bsp/system.mss
TRACE::2025-06-17.01:11:59::SCWMssOS::DEBUG:  swdes dump  D:/proyectosep2/IEE2463-SEP-Proyecto-2-Z8/music_player_v2/vitis/music_player_v2_plt/zynq_fsbl/zynq_fsbl_bsp/system.mss|system||

TRACE::2025-06-17.01:11:59::SCWMssOS::Sw design exists and opened at  D:/proyectosep2/IEE2463-SEP-Proyecto-2-Z8/music_player_v2/vitis/music_player_v2_plt/zynq_fsbl/zynq_fsbl_bsp/system.mss
TRACE::2025-06-17.01:11:59::SCWPlatform::Trying to open the hw design at D:/proyectosep2/IEE2463-SEP-Proyecto-2-Z8/music_player_v2/vitis/music_player_v2_plt/hw/design_1_wrapper.xsa
TRACE::2025-06-17.01:11:59::SCWPlatform::DSA given D:/proyectosep2/IEE2463-SEP-Proyecto-2-Z8/music_player_v2/vitis/music_player_v2_plt/hw/design_1_wrapper.xsa
TRACE::2025-06-17.01:11:59::SCWPlatform::DSA absoulate path D:/proyectosep2/IEE2463-SEP-Proyecto-2-Z8/music_player_v2/vitis/music_player_v2_plt/hw/design_1_wrapper.xsa
TRACE::2025-06-17.01:11:59::SCWPlatform::DSA directory D:/proyectosep2/IEE2463-SEP-Proyecto-2-Z8/music_player_v2/vitis/music_player_v2_plt/hw
TRACE::2025-06-17.01:11:59::SCWPlatform:: Platform Path D:/proyectosep2/IEE2463-SEP-Proyecto-2-Z8/music_player_v2/vitis/music_player_v2_plt/hw/design_1_wrapper.xsa
TRACE::2025-06-17.01:11:59::SCWPlatform:: Unique name xilinx:zybo-z7-10::0.0
TRACE::2025-06-17.01:11:59::SCWPlatform::Trying to set the existing hwdb with name design_1_wrapper_0
TRACE::2025-06-17.01:11:59::SCWPlatform::Opened existing hwdb design_1_wrapper_0
TRACE::2025-06-17.01:11:59::SCWPlatform::Found the Hw Db part of the input DSA
TRACE::2025-06-17.01:11:59::SCWMssOS::Checking the sw design at  D:/proyectosep2/IEE2463-SEP-Proyecto-2-Z8/music_player_v2/vitis/music_player_v2_plt/zynq_fsbl/zynq_fsbl_bsp/system.mss
TRACE::2025-06-17.01:11:59::SCWMssOS::DEBUG:  swdes dump  D:/proyectosep2/IEE2463-SEP-Proyecto-2-Z8/music_player_v2/vitis/music_player_v2_plt/zynq_fsbl/zynq_fsbl_bsp/system.mss|system||

TRACE::2025-06-17.01:11:59::SCWMssOS::Sw design exists and opened at  D:/proyectosep2/IEE2463-SEP-Proyecto-2-Z8/music_player_v2/vitis/music_player_v2_plt/zynq_fsbl/zynq_fsbl_bsp/system.mss
TRACE::2025-06-17.01:11:59::SCWWriter::formatted JSON is {
	"platformName":	"music_player_v2_plt",
	"sprVersion":	"2.0",
	"mode":	"gui",
	"dsaType":	"Fixed",
	"platformDesc":	"music_player_v2_plt",
	"platHandOff":	"D:/proyectosep2/IEE2463-SEP-Proyecto-2-Z8/music_player_v2/project_1/design_1_wrapper.xsa",
	"platIntHandOff":	"<platformDir>/hw/design_1_wrapper.xsa",
	"deviceType":	"zynq",
	"platIsPrebuiltAutogen":	"false",
	"platIsNoBootBsp":	"false",
	"platFsblTarget":	"ps7_cortexa9_0",
	"hasFsblMakeHasChanges":	"false",
	"hasPmufwMakeHasChanges":	"false",
	"fsblExtraCompilerFlags":	"-MMD -MP       -mcpu=cortex-a9 -mfpu=vfpv3 -mfloat-abi=hard ",
	"platPreBuiltFlag":	false,
	"platformSamplesDir":	"",
	"platActiveSys":	"music_player_v2_plt",
	"systems":	[{
			"systemName":	"music_player_v2_plt",
			"systemDesc":	"music_player_v2_plt",
			"sysIsBootAutoGen":	"true",
			"systemDispName":	"music_player_v2_plt",
			"sysActiveDom":	"zynq_fsbl",
			"sysDefaultDom":	"",
			"domains":	[{
					"domainName":	"zynq_fsbl",
					"domainDispName":	"zynq_fsbl",
					"domainDesc":	"FSBL Application BSP - Auto Generated.",
					"processors":	"ps7_cortexa9_0",
					"os":	"standalone",
					"sdxOs":	"standalone",
					"debugEnable":	"",
					"domRuntimes":	["cpp"],
					"swRepo":	"",
					"mssOsVer":	"7.2",
					"mssFile":	"",
					"md5Digest":	"2cc1a00be57fefc4b5f8d35f1cb57176",
					"compatibleApp":	"zynq_fsbl",
					"domType":	"bootDomain",
					"appSettings":	{
						"appCompilerFlags":	"",
						"appLinkerFlags":	""
					},
					"addedLibs":	["xilffs:4.3", "xilrsa:1.6"],
					"libOptions":	{
						"libsContainingOptions":	[]
					},
					"prebuiltLibs":	{
						"prebuiltIncPath":	[],
						"prebuiltLibPath":	[]
					},
					"isolation":	{
					}
				}]
		}]
}
TRACE::2025-06-17.01:11:59::SCWDomain::checking for install qemu data   : 
TRACE::2025-06-17.01:11:59::SCWDomain:: Using the QEMU Data from install at  : D:/Xilinx/Vitis/2020.1/data/emulation/platforms/zynq/qemu/
TRACE::2025-06-17.01:11:59::SCWDomain:: Using the QEMU args  from install at  : D:/Xilinx/Vitis/2020.1/data/emulation/platforms/zynq/qemu/qemu_args.txt
TRACE::2025-06-17.01:11:59::SCWPlatform::Trying to open the hw design at D:/proyectosep2/IEE2463-SEP-Proyecto-2-Z8/music_player_v2/vitis/music_player_v2_plt/hw/design_1_wrapper.xsa
TRACE::2025-06-17.01:11:59::SCWPlatform::DSA given D:/proyectosep2/IEE2463-SEP-Proyecto-2-Z8/music_player_v2/vitis/music_player_v2_plt/hw/design_1_wrapper.xsa
TRACE::2025-06-17.01:11:59::SCWPlatform::DSA absoulate path D:/proyectosep2/IEE2463-SEP-Proyecto-2-Z8/music_player_v2/vitis/music_player_v2_plt/hw/design_1_wrapper.xsa
TRACE::2025-06-17.01:11:59::SCWPlatform::DSA directory D:/proyectosep2/IEE2463-SEP-Proyecto-2-Z8/music_player_v2/vitis/music_player_v2_plt/hw
TRACE::2025-06-17.01:11:59::SCWPlatform:: Platform Path D:/proyectosep2/IEE2463-SEP-Proyecto-2-Z8/music_player_v2/vitis/music_player_v2_plt/hw/design_1_wrapper.xsa
TRACE::2025-06-17.01:11:59::SCWPlatform:: Unique name xilinx:zybo-z7-10::0.0
TRACE::2025-06-17.01:11:59::SCWPlatform::Trying to set the existing hwdb with name design_1_wrapper_0
TRACE::2025-06-17.01:11:59::SCWPlatform::Opened existing hwdb design_1_wrapper_0
TRACE::2025-06-17.01:11:59::SCWPlatform::Found the Hw Db part of the input DSA
TRACE::2025-06-17.01:11:59::SCWPlatform::Trying to open the hw design at D:/proyectosep2/IEE2463-SEP-Proyecto-2-Z8/music_player_v2/vitis/music_player_v2_plt/hw/design_1_wrapper.xsa
TRACE::2025-06-17.01:11:59::SCWPlatform::DSA given D:/proyectosep2/IEE2463-SEP-Proyecto-2-Z8/music_player_v2/vitis/music_player_v2_plt/hw/design_1_wrapper.xsa
TRACE::2025-06-17.01:11:59::SCWPlatform::DSA absoulate path D:/proyectosep2/IEE2463-SEP-Proyecto-2-Z8/music_player_v2/vitis/music_player_v2_plt/hw/design_1_wrapper.xsa
TRACE::2025-06-17.01:11:59::SCWPlatform::DSA directory D:/proyectosep2/IEE2463-SEP-Proyecto-2-Z8/music_player_v2/vitis/music_player_v2_plt/hw
TRACE::2025-06-17.01:11:59::SCWPlatform:: Platform Path D:/proyectosep2/IEE2463-SEP-Proyecto-2-Z8/music_player_v2/vitis/music_player_v2_plt/hw/design_1_wrapper.xsa
TRACE::2025-06-17.01:11:59::SCWPlatform:: Unique name xilinx:zybo-z7-10::0.0
TRACE::2025-06-17.01:11:59::SCWPlatform::Trying to set the existing hwdb with name design_1_wrapper_0
TRACE::2025-06-17.01:11:59::SCWPlatform::Opened existing hwdb design_1_wrapper_0
TRACE::2025-06-17.01:11:59::SCWPlatform::Found the Hw Db part of the input DSA
TRACE::2025-06-17.01:11:59::SCWPlatform::Trying to open the hw design at D:/proyectosep2/IEE2463-SEP-Proyecto-2-Z8/music_player_v2/vitis/music_player_v2_plt/hw/design_1_wrapper.xsa
TRACE::2025-06-17.01:11:59::SCWPlatform::DSA given D:/proyectosep2/IEE2463-SEP-Proyecto-2-Z8/music_player_v2/vitis/music_player_v2_plt/hw/design_1_wrapper.xsa
TRACE::2025-06-17.01:11:59::SCWPlatform::DSA absoulate path D:/proyectosep2/IEE2463-SEP-Proyecto-2-Z8/music_player_v2/vitis/music_player_v2_plt/hw/design_1_wrapper.xsa
TRACE::2025-06-17.01:11:59::SCWPlatform::DSA directory D:/proyectosep2/IEE2463-SEP-Proyecto-2-Z8/music_player_v2/vitis/music_player_v2_plt/hw
TRACE::2025-06-17.01:11:59::SCWPlatform:: Platform Path D:/proyectosep2/IEE2463-SEP-Proyecto-2-Z8/music_player_v2/vitis/music_player_v2_plt/hw/design_1_wrapper.xsa
TRACE::2025-06-17.01:11:59::SCWPlatform:: Unique name xilinx:zybo-z7-10::0.0
TRACE::2025-06-17.01:11:59::SCWPlatform::Trying to set the existing hwdb with name design_1_wrapper_0
TRACE::2025-06-17.01:11:59::SCWPlatform::Opened existing hwdb design_1_wrapper_0
TRACE::2025-06-17.01:11:59::SCWPlatform::Found the Hw Db part of the input DSA
TRACE::2025-06-17.01:11:59::SCWMssOS::Checking the sw design at  D:/proyectosep2/IEE2463-SEP-Proyecto-2-Z8/music_player_v2/vitis/music_player_v2_plt/ps7_cortexa9_0/standalone_domain/bsp/system.mss
TRACE::2025-06-17.01:11:59::SCWMssOS::DEBUG:  swdes dump  D:/proyectosep2/IEE2463-SEP-Proyecto-2-Z8/music_player_v2/vitis/music_player_v2_plt/zynq_fsbl/zynq_fsbl_bsp/system.mss|system||

TRACE::2025-06-17.01:11:59::SCWMssOS::No sw design opened at  D:/proyectosep2/IEE2463-SEP-Proyecto-2-Z8/music_player_v2/vitis/music_player_v2_plt/ps7_cortexa9_0/standalone_domain/bsp/system.mss
TRACE::2025-06-17.01:11:59::SCWMssOS::mss does not exists at D:/proyectosep2/IEE2463-SEP-Proyecto-2-Z8/music_player_v2/vitis/music_player_v2_plt/ps7_cortexa9_0/standalone_domain/bsp/system.mss
TRACE::2025-06-17.01:11:59::SCWMssOS::Creating sw design at  D:/proyectosep2/IEE2463-SEP-Proyecto-2-Z8/music_player_v2/vitis/music_player_v2_plt/ps7_cortexa9_0/standalone_domain/bsp/system.mss
TRACE::2025-06-17.01:11:59::SCWMssOS::Adding the swdes entry, created swdb D:/proyectosep2/IEE2463-SEP-Proyecto-2-Z8/music_player_v2/vitis/music_player_v2_plt/ps7_cortexa9_0/standalone_domain/bsp/system.mss with des name D:/proyectosep2/IEE2463-SEP-Proyecto-2-Z8/music_player_v2/vitis/music_player_v2_plt/ps7_cortexa9_0/standalone_domain/bsp/system.mss
TRACE::2025-06-17.01:11:59::SCWMssOS::updating the scw layer changes to swdes at   D:/proyectosep2/IEE2463-SEP-Proyecto-2-Z8/music_player_v2/vitis/music_player_v2_plt/ps7_cortexa9_0/standalone_domain/bsp/system.mss
TRACE::2025-06-17.01:11:59::SCWMssOS::Writing mss at D:/proyectosep2/IEE2463-SEP-Proyecto-2-Z8/music_player_v2/vitis/music_player_v2_plt/ps7_cortexa9_0/standalone_domain/bsp/system.mss
TRACE::2025-06-17.01:11:59::SCWMssOS::Completed writing the mss file at D:/proyectosep2/IEE2463-SEP-Proyecto-2-Z8/music_player_v2/vitis/music_player_v2_plt/ps7_cortexa9_0/standalone_domain/bsp
TRACE::2025-06-17.01:11:59::SCWMssOS::Picking up changes from newly written mss file into SCW Layer. 
TRACE::2025-06-17.01:11:59::SCWMssOS::Updated the changes from newly written mss file into SCW Layer. 
TRACE::2025-06-17.01:11:59::SCWMssOS::Completed writing the mss file at D:/proyectosep2/IEE2463-SEP-Proyecto-2-Z8/music_player_v2/vitis/music_player_v2_plt/ps7_cortexa9_0/standalone_domain/bsp
TRACE::2025-06-17.01:11:59::SCWMssOS::Forcing BSP Sources regeneration.
TRACE::2025-06-17.01:12:02::SCWMssOS::Saving the mss changes D:/proyectosep2/IEE2463-SEP-Proyecto-2-Z8/music_player_v2/vitis/music_player_v2_plt/zynq_fsbl/zynq_fsbl_bsp/system.mss
TRACE::2025-06-17.01:12:02::SCWMssOS::Found a swdesign opened with the mssfile.
TRACE::2025-06-17.01:12:02::SCWMssOS::Completed writemss as part of save.
TRACE::2025-06-17.01:12:02::SCWMssOS::Commit changes completed.
TRACE::2025-06-17.01:12:02::SCWMssOS::Saving the mss changes D:/proyectosep2/IEE2463-SEP-Proyecto-2-Z8/music_player_v2/vitis/music_player_v2_plt/ps7_cortexa9_0/standalone_domain/bsp/system.mss
TRACE::2025-06-17.01:12:02::SCWMssOS::Found a swdesign opened with the mssfile.
TRACE::2025-06-17.01:12:02::SCWMssOS::Running validate of swdbs.
KEYINFO::2025-06-17.01:12:02::SCWMssOS::Could not open the swdb for D:/proyectosep2/IEE2463-SEP-Proyecto-2-Z8/music_player_v2/vitis/music_player_v2_plt/ps7_cortexa9_0/standalone_domain/bsp/system.mss
KEYINFO::2025-06-17.01:12:02::SCWMssOS::Could not open the sw design at  D:/proyectosep2/IEE2463-SEP-Proyecto-2-Z8/music_player_v2/vitis/music_player_v2_plt/ps7_cortexa9_0/standalone_domain/bsp/system.mss
ERROR: [Hsi 55-1558] Software Design D:/proyectosep2/IEE2463-SEP-Proyecto-2-Z8/music_player_v2/vitis/music_player_v2_plt/ps7_cortexa9_0/standalone_domain/bsp/system.mss is not found

TRACE::2025-06-17.01:12:02::SCWMssOS::Cleared the swdb table entry
TRACE::2025-06-17.01:12:02::SCWMssOS::Adding the swdes entry, mss present, able to open swdb D:/proyectosep2/IEE2463-SEP-Proyecto-2-Z8/music_player_v2/vitis/music_player_v2_plt/ps7_cortexa9_0/standalone_domain/bsp/system.mss with des name system_0
TRACE::2025-06-17.01:12:02::SCWMssOS::Writing the mss file completed D:/proyectosep2/IEE2463-SEP-Proyecto-2-Z8/music_player_v2/vitis/music_player_v2_plt/ps7_cortexa9_0/standalone_domain/bsp/system.mss
TRACE::2025-06-17.01:12:02::SCWMssOS::Commit changes completed.
TRACE::2025-06-17.01:12:02::SCWPlatform::Trying to open the hw design at D:/proyectosep2/IEE2463-SEP-Proyecto-2-Z8/music_player_v2/vitis/music_player_v2_plt/hw/design_1_wrapper.xsa
TRACE::2025-06-17.01:12:02::SCWPlatform::DSA given D:/proyectosep2/IEE2463-SEP-Proyecto-2-Z8/music_player_v2/vitis/music_player_v2_plt/hw/design_1_wrapper.xsa
TRACE::2025-06-17.01:12:02::SCWPlatform::DSA absoulate path D:/proyectosep2/IEE2463-SEP-Proyecto-2-Z8/music_player_v2/vitis/music_player_v2_plt/hw/design_1_wrapper.xsa
TRACE::2025-06-17.01:12:02::SCWPlatform::DSA directory D:/proyectosep2/IEE2463-SEP-Proyecto-2-Z8/music_player_v2/vitis/music_player_v2_plt/hw
TRACE::2025-06-17.01:12:02::SCWPlatform:: Platform Path D:/proyectosep2/IEE2463-SEP-Proyecto-2-Z8/music_player_v2/vitis/music_player_v2_plt/hw/design_1_wrapper.xsa
TRACE::2025-06-17.01:12:02::SCWPlatform:: Unique name xilinx:zybo-z7-10::0.0
TRACE::2025-06-17.01:12:02::SCWPlatform::Trying to set the existing hwdb with name design_1_wrapper_0
TRACE::2025-06-17.01:12:02::SCWPlatform::Opened existing hwdb design_1_wrapper_0
TRACE::2025-06-17.01:12:02::SCWPlatform::Found the Hw Db part of the input DSA
TRACE::2025-06-17.01:12:02::SCWMssOS::Checking the sw design at  D:/proyectosep2/IEE2463-SEP-Proyecto-2-Z8/music_player_v2/vitis/music_player_v2_plt/zynq_fsbl/zynq_fsbl_bsp/system.mss
TRACE::2025-06-17.01:12:02::SCWMssOS::DEBUG:  swdes dump  D:/proyectosep2/IEE2463-SEP-Proyecto-2-Z8/music_player_v2/vitis/music_player_v2_plt/ps7_cortexa9_0/standalone_domain/bsp/system.mss|system_0||
D:/proyectosep2/IEE2463-SEP-Proyecto-2-Z8/music_player_v2/vitis/music_player_v2_plt/zynq_fsbl/zynq_fsbl_bsp/system.mss|system||

TRACE::2025-06-17.01:12:02::SCWMssOS::Sw design exists and opened at  D:/proyectosep2/IEE2463-SEP-Proyecto-2-Z8/music_player_v2/vitis/music_player_v2_plt/zynq_fsbl/zynq_fsbl_bsp/system.mss
TRACE::2025-06-17.01:12:02::SCWPlatform::Trying to open the hw design at D:/proyectosep2/IEE2463-SEP-Proyecto-2-Z8/music_player_v2/vitis/music_player_v2_plt/hw/design_1_wrapper.xsa
TRACE::2025-06-17.01:12:02::SCWPlatform::DSA given D:/proyectosep2/IEE2463-SEP-Proyecto-2-Z8/music_player_v2/vitis/music_player_v2_plt/hw/design_1_wrapper.xsa
TRACE::2025-06-17.01:12:02::SCWPlatform::DSA absoulate path D:/proyectosep2/IEE2463-SEP-Proyecto-2-Z8/music_player_v2/vitis/music_player_v2_plt/hw/design_1_wrapper.xsa
TRACE::2025-06-17.01:12:02::SCWPlatform::DSA directory D:/proyectosep2/IEE2463-SEP-Proyecto-2-Z8/music_player_v2/vitis/music_player_v2_plt/hw
TRACE::2025-06-17.01:12:02::SCWPlatform:: Platform Path D:/proyectosep2/IEE2463-SEP-Proyecto-2-Z8/music_player_v2/vitis/music_player_v2_plt/hw/design_1_wrapper.xsa
TRACE::2025-06-17.01:12:02::SCWPlatform:: Unique name xilinx:zybo-z7-10::0.0
TRACE::2025-06-17.01:12:02::SCWPlatform::Trying to set the existing hwdb with name design_1_wrapper_0
TRACE::2025-06-17.01:12:02::SCWPlatform::Opened existing hwdb design_1_wrapper_0
TRACE::2025-06-17.01:12:02::SCWPlatform::Found the Hw Db part of the input DSA
TRACE::2025-06-17.01:12:02::SCWMssOS::Checking the sw design at  D:/proyectosep2/IEE2463-SEP-Proyecto-2-Z8/music_player_v2/vitis/music_player_v2_plt/zynq_fsbl/zynq_fsbl_bsp/system.mss
TRACE::2025-06-17.01:12:02::SCWMssOS::DEBUG:  swdes dump  D:/proyectosep2/IEE2463-SEP-Proyecto-2-Z8/music_player_v2/vitis/music_player_v2_plt/ps7_cortexa9_0/standalone_domain/bsp/system.mss|system_0||
D:/proyectosep2/IEE2463-SEP-Proyecto-2-Z8/music_player_v2/vitis/music_player_v2_plt/zynq_fsbl/zynq_fsbl_bsp/system.mss|system||

TRACE::2025-06-17.01:12:02::SCWMssOS::Sw design exists and opened at  D:/proyectosep2/IEE2463-SEP-Proyecto-2-Z8/music_player_v2/vitis/music_player_v2_plt/zynq_fsbl/zynq_fsbl_bsp/system.mss
TRACE::2025-06-17.01:12:02::SCWPlatform::Trying to open the hw design at D:/proyectosep2/IEE2463-SEP-Proyecto-2-Z8/music_player_v2/vitis/music_player_v2_plt/hw/design_1_wrapper.xsa
TRACE::2025-06-17.01:12:02::SCWPlatform::DSA given D:/proyectosep2/IEE2463-SEP-Proyecto-2-Z8/music_player_v2/vitis/music_player_v2_plt/hw/design_1_wrapper.xsa
TRACE::2025-06-17.01:12:02::SCWPlatform::DSA absoulate path D:/proyectosep2/IEE2463-SEP-Proyecto-2-Z8/music_player_v2/vitis/music_player_v2_plt/hw/design_1_wrapper.xsa
TRACE::2025-06-17.01:12:02::SCWPlatform::DSA directory D:/proyectosep2/IEE2463-SEP-Proyecto-2-Z8/music_player_v2/vitis/music_player_v2_plt/hw
TRACE::2025-06-17.01:12:02::SCWPlatform:: Platform Path D:/proyectosep2/IEE2463-SEP-Proyecto-2-Z8/music_player_v2/vitis/music_player_v2_plt/hw/design_1_wrapper.xsa
TRACE::2025-06-17.01:12:02::SCWPlatform:: Unique name xilinx:zybo-z7-10::0.0
TRACE::2025-06-17.01:12:02::SCWPlatform::Trying to set the existing hwdb with name design_1_wrapper_0
TRACE::2025-06-17.01:12:02::SCWPlatform::Opened existing hwdb design_1_wrapper_0
TRACE::2025-06-17.01:12:02::SCWPlatform::Found the Hw Db part of the input DSA
TRACE::2025-06-17.01:12:02::SCWMssOS::Checking the sw design at  D:/proyectosep2/IEE2463-SEP-Proyecto-2-Z8/music_player_v2/vitis/music_player_v2_plt/zynq_fsbl/zynq_fsbl_bsp/system.mss
TRACE::2025-06-17.01:12:02::SCWMssOS::DEBUG:  swdes dump  D:/proyectosep2/IEE2463-SEP-Proyecto-2-Z8/music_player_v2/vitis/music_player_v2_plt/ps7_cortexa9_0/standalone_domain/bsp/system.mss|system_0||
D:/proyectosep2/IEE2463-SEP-Proyecto-2-Z8/music_player_v2/vitis/music_player_v2_plt/zynq_fsbl/zynq_fsbl_bsp/system.mss|system||

TRACE::2025-06-17.01:12:02::SCWMssOS::Sw design exists and opened at  D:/proyectosep2/IEE2463-SEP-Proyecto-2-Z8/music_player_v2/vitis/music_player_v2_plt/zynq_fsbl/zynq_fsbl_bsp/system.mss
TRACE::2025-06-17.01:12:02::SCWPlatform::Trying to open the hw design at D:/proyectosep2/IEE2463-SEP-Proyecto-2-Z8/music_player_v2/vitis/music_player_v2_plt/hw/design_1_wrapper.xsa
TRACE::2025-06-17.01:12:02::SCWPlatform::DSA given D:/proyectosep2/IEE2463-SEP-Proyecto-2-Z8/music_player_v2/vitis/music_player_v2_plt/hw/design_1_wrapper.xsa
TRACE::2025-06-17.01:12:02::SCWPlatform::DSA absoulate path D:/proyectosep2/IEE2463-SEP-Proyecto-2-Z8/music_player_v2/vitis/music_player_v2_plt/hw/design_1_wrapper.xsa
TRACE::2025-06-17.01:12:02::SCWPlatform::DSA directory D:/proyectosep2/IEE2463-SEP-Proyecto-2-Z8/music_player_v2/vitis/music_player_v2_plt/hw
TRACE::2025-06-17.01:12:02::SCWPlatform:: Platform Path D:/proyectosep2/IEE2463-SEP-Proyecto-2-Z8/music_player_v2/vitis/music_player_v2_plt/hw/design_1_wrapper.xsa
TRACE::2025-06-17.01:12:02::SCWPlatform:: Unique name xilinx:zybo-z7-10::0.0
TRACE::2025-06-17.01:12:02::SCWPlatform::Trying to set the existing hwdb with name design_1_wrapper_0
TRACE::2025-06-17.01:12:02::SCWPlatform::Opened existing hwdb design_1_wrapper_0
TRACE::2025-06-17.01:12:02::SCWPlatform::Found the Hw Db part of the input DSA
TRACE::2025-06-17.01:12:02::SCWMssOS::Checking the sw design at  D:/proyectosep2/IEE2463-SEP-Proyecto-2-Z8/music_player_v2/vitis/music_player_v2_plt/ps7_cortexa9_0/standalone_domain/bsp/system.mss
TRACE::2025-06-17.01:12:02::SCWMssOS::DEBUG:  swdes dump  D:/proyectosep2/IEE2463-SEP-Proyecto-2-Z8/music_player_v2/vitis/music_player_v2_plt/ps7_cortexa9_0/standalone_domain/bsp/system.mss|system_0||
D:/proyectosep2/IEE2463-SEP-Proyecto-2-Z8/music_player_v2/vitis/music_player_v2_plt/zynq_fsbl/zynq_fsbl_bsp/system.mss|system||

TRACE::2025-06-17.01:12:02::SCWMssOS::Sw design exists and opened at  D:/proyectosep2/IEE2463-SEP-Proyecto-2-Z8/music_player_v2/vitis/music_player_v2_plt/ps7_cortexa9_0/standalone_domain/bsp/system.mss
TRACE::2025-06-17.01:12:02::SCWPlatform::Trying to open the hw design at D:/proyectosep2/IEE2463-SEP-Proyecto-2-Z8/music_player_v2/vitis/music_player_v2_plt/hw/design_1_wrapper.xsa
TRACE::2025-06-17.01:12:02::SCWPlatform::DSA given D:/proyectosep2/IEE2463-SEP-Proyecto-2-Z8/music_player_v2/vitis/music_player_v2_plt/hw/design_1_wrapper.xsa
TRACE::2025-06-17.01:12:02::SCWPlatform::DSA absoulate path D:/proyectosep2/IEE2463-SEP-Proyecto-2-Z8/music_player_v2/vitis/music_player_v2_plt/hw/design_1_wrapper.xsa
TRACE::2025-06-17.01:12:02::SCWPlatform::DSA directory D:/proyectosep2/IEE2463-SEP-Proyecto-2-Z8/music_player_v2/vitis/music_player_v2_plt/hw
TRACE::2025-06-17.01:12:02::SCWPlatform:: Platform Path D:/proyectosep2/IEE2463-SEP-Proyecto-2-Z8/music_player_v2/vitis/music_player_v2_plt/hw/design_1_wrapper.xsa
TRACE::2025-06-17.01:12:02::SCWPlatform:: Unique name xilinx:zybo-z7-10::0.0
TRACE::2025-06-17.01:12:02::SCWPlatform::Trying to set the existing hwdb with name design_1_wrapper_0
TRACE::2025-06-17.01:12:02::SCWPlatform::Opened existing hwdb design_1_wrapper_0
TRACE::2025-06-17.01:12:02::SCWPlatform::Found the Hw Db part of the input DSA
TRACE::2025-06-17.01:12:02::SCWMssOS::Checking the sw design at  D:/proyectosep2/IEE2463-SEP-Proyecto-2-Z8/music_player_v2/vitis/music_player_v2_plt/ps7_cortexa9_0/standalone_domain/bsp/system.mss
TRACE::2025-06-17.01:12:02::SCWMssOS::DEBUG:  swdes dump  D:/proyectosep2/IEE2463-SEP-Proyecto-2-Z8/music_player_v2/vitis/music_player_v2_plt/ps7_cortexa9_0/standalone_domain/bsp/system.mss|system_0||
D:/proyectosep2/IEE2463-SEP-Proyecto-2-Z8/music_player_v2/vitis/music_player_v2_plt/zynq_fsbl/zynq_fsbl_bsp/system.mss|system||

TRACE::2025-06-17.01:12:02::SCWMssOS::Sw design exists and opened at  D:/proyectosep2/IEE2463-SEP-Proyecto-2-Z8/music_player_v2/vitis/music_player_v2_plt/ps7_cortexa9_0/standalone_domain/bsp/system.mss
TRACE::2025-06-17.01:12:02::SCWPlatform::Trying to open the hw design at D:/proyectosep2/IEE2463-SEP-Proyecto-2-Z8/music_player_v2/vitis/music_player_v2_plt/hw/design_1_wrapper.xsa
TRACE::2025-06-17.01:12:02::SCWPlatform::DSA given D:/proyectosep2/IEE2463-SEP-Proyecto-2-Z8/music_player_v2/vitis/music_player_v2_plt/hw/design_1_wrapper.xsa
TRACE::2025-06-17.01:12:02::SCWPlatform::DSA absoulate path D:/proyectosep2/IEE2463-SEP-Proyecto-2-Z8/music_player_v2/vitis/music_player_v2_plt/hw/design_1_wrapper.xsa
TRACE::2025-06-17.01:12:02::SCWPlatform::DSA directory D:/proyectosep2/IEE2463-SEP-Proyecto-2-Z8/music_player_v2/vitis/music_player_v2_plt/hw
TRACE::2025-06-17.01:12:02::SCWPlatform:: Platform Path D:/proyectosep2/IEE2463-SEP-Proyecto-2-Z8/music_player_v2/vitis/music_player_v2_plt/hw/design_1_wrapper.xsa
TRACE::2025-06-17.01:12:02::SCWPlatform:: Unique name xilinx:zybo-z7-10::0.0
TRACE::2025-06-17.01:12:02::SCWPlatform::Trying to set the existing hwdb with name design_1_wrapper_0
TRACE::2025-06-17.01:12:02::SCWPlatform::Opened existing hwdb design_1_wrapper_0
TRACE::2025-06-17.01:12:02::SCWPlatform::Found the Hw Db part of the input DSA
TRACE::2025-06-17.01:12:02::SCWMssOS::Checking the sw design at  D:/proyectosep2/IEE2463-SEP-Proyecto-2-Z8/music_player_v2/vitis/music_player_v2_plt/ps7_cortexa9_0/standalone_domain/bsp/system.mss
TRACE::2025-06-17.01:12:02::SCWMssOS::DEBUG:  swdes dump  D:/proyectosep2/IEE2463-SEP-Proyecto-2-Z8/music_player_v2/vitis/music_player_v2_plt/ps7_cortexa9_0/standalone_domain/bsp/system.mss|system_0||
D:/proyectosep2/IEE2463-SEP-Proyecto-2-Z8/music_player_v2/vitis/music_player_v2_plt/zynq_fsbl/zynq_fsbl_bsp/system.mss|system||

TRACE::2025-06-17.01:12:02::SCWMssOS::Sw design exists and opened at  D:/proyectosep2/IEE2463-SEP-Proyecto-2-Z8/music_player_v2/vitis/music_player_v2_plt/ps7_cortexa9_0/standalone_domain/bsp/system.mss
TRACE::2025-06-17.01:12:02::SCWWriter::formatted JSON is {
	"platformName":	"music_player_v2_plt",
	"sprVersion":	"2.0",
	"mode":	"gui",
	"dsaType":	"Fixed",
	"platformDesc":	"music_player_v2_plt",
	"platHandOff":	"D:/proyectosep2/IEE2463-SEP-Proyecto-2-Z8/music_player_v2/project_1/design_1_wrapper.xsa",
	"platIntHandOff":	"<platformDir>/hw/design_1_wrapper.xsa",
	"deviceType":	"zynq",
	"platIsPrebuiltAutogen":	"false",
	"platIsNoBootBsp":	"false",
	"platFsblTarget":	"ps7_cortexa9_0",
	"hasFsblMakeHasChanges":	"false",
	"hasPmufwMakeHasChanges":	"false",
	"fsblExtraCompilerFlags":	"-MMD -MP       -mcpu=cortex-a9 -mfpu=vfpv3 -mfloat-abi=hard ",
	"platPreBuiltFlag":	false,
	"platformSamplesDir":	"",
	"platActiveSys":	"music_player_v2_plt",
	"systems":	[{
			"systemName":	"music_player_v2_plt",
			"systemDesc":	"music_player_v2_plt",
			"sysIsBootAutoGen":	"true",
			"systemDispName":	"music_player_v2_plt",
			"sysActiveDom":	"standalone_domain",
			"sysDefaultDom":	"standalone_domain",
			"domains":	[{
					"domainName":	"zynq_fsbl",
					"domainDispName":	"zynq_fsbl",
					"domainDesc":	"FSBL Application BSP - Auto Generated.",
					"processors":	"ps7_cortexa9_0",
					"os":	"standalone",
					"sdxOs":	"standalone",
					"debugEnable":	"",
					"domRuntimes":	["cpp"],
					"swRepo":	"",
					"mssOsVer":	"7.2",
					"mssFile":	"",
					"md5Digest":	"2cc1a00be57fefc4b5f8d35f1cb57176",
					"compatibleApp":	"zynq_fsbl",
					"domType":	"bootDomain",
					"appSettings":	{
						"appCompilerFlags":	"",
						"appLinkerFlags":	""
					},
					"addedLibs":	["xilffs:4.3", "xilrsa:1.6"],
					"libOptions":	{
						"libsContainingOptions":	[]
					},
					"prebuiltLibs":	{
						"prebuiltIncPath":	[],
						"prebuiltLibPath":	[]
					},
					"isolation":	{
					}
				}, {
					"domainName":	"standalone_domain",
					"domainDispName":	"standalone_domain",
					"domainDesc":	"standalone_domain",
					"processors":	"ps7_cortexa9_0",
					"os":	"standalone",
					"sdxOs":	"standalone",
					"qemuArgs":	"D:/Xilinx/Vitis/2020.1/data/emulation/platforms/zynq/qemu/qemu_args.txt",
					"qemuData":	"D:/Xilinx/Vitis/2020.1/data/emulation/platforms/zynq/qemu/",
					"debugEnable":	"False",
					"domRuntimes":	["cpp"],
					"swRepo":	"",
					"mssOsVer":	"7.2",
					"mssFile":	"",
					"md5Digest":	"7c2903d5491ee5c801437af40f901373",
					"compatibleApp":	"",
					"domType":	"mssDomain",
					"appSettings":	{
						"appCompilerFlags":	"",
						"appLinkerFlags":	""
					},
					"addedLibs":	[],
					"libOptions":	{
						"libsContainingOptions":	[]
					},
					"prebuiltLibs":	{
						"prebuiltIncPath":	[],
						"prebuiltLibPath":	[]
					},
					"isolation":	{
					}
				}]
		}]
}
LOG::2025-06-17.01:12:02::SCWPlatform::Started generating the artifacts platform music_player_v2_plt
TRACE::2025-06-17.01:12:02::SCWPlatform::Sanity checking of platform is completed
LOG::2025-06-17.01:12:02::SCWPlatform::Started generating the artifacts for system configuration music_player_v2_plt
LOG::2025-06-17.01:12:02::SCWSystem::Checking the domain zynq_fsbl
LOG::2025-06-17.01:12:02::SCWSystem::Doing application build for :  zynq_fsbl
TRACE::2025-06-17.01:12:02::SCWBDomain::Not a forced makefile updation, No changes are present. 
TRACE::2025-06-17.01:12:02::SCWDomain::Skipping the build for domain :  zynq_fsbl
LOG::2025-06-17.01:12:02::SCWSystem::Checking the domain standalone_domain
LOG::2025-06-17.01:12:02::SCWSystem::Not a boot domain 
LOG::2025-06-17.01:12:02::SCWSystem::Started Processing the domain standalone_domain
TRACE::2025-06-17.01:12:02::SCWDomain::Generating domain artifcats
TRACE::2025-06-17.01:12:02::SCWMssOS::Generating standalone artifcats
TRACE::2025-06-17.01:12:02::SCWMssOS::Copying the qemu file from  D:/Xilinx/Vitis/2020.1/data/emulation/platforms/zynq/qemu/qemu_args.txt To D:/proyectosep2/IEE2463-SEP-Proyecto-2-Z8/music_player_v2/vitis/music_player_v2_plt/export/music_player_v2_plt/sw/music_player_v2_plt/qemu/
TRACE::2025-06-17.01:12:02::SCWMssOS::Copying the qemu file from  D:/Xilinx/Vitis/2020.1/data/emulation/platforms/zynq/qemu/qemu_args.txt To D:/proyectosep2/IEE2463-SEP-Proyecto-2-Z8/music_player_v2/vitis/music_player_v2_plt/export/music_player_v2_plt/sw/music_player_v2_plt/standalone_domain/qemu/
TRACE::2025-06-17.01:12:02::SCWMssOS:: Copying the user libraries. 
TRACE::2025-06-17.01:12:02::SCWPlatform::Trying to open the hw design at D:/proyectosep2/IEE2463-SEP-Proyecto-2-Z8/music_player_v2/vitis/music_player_v2_plt/hw/design_1_wrapper.xsa
TRACE::2025-06-17.01:12:02::SCWPlatform::DSA given D:/proyectosep2/IEE2463-SEP-Proyecto-2-Z8/music_player_v2/vitis/music_player_v2_plt/hw/design_1_wrapper.xsa
TRACE::2025-06-17.01:12:02::SCWPlatform::DSA absoulate path D:/proyectosep2/IEE2463-SEP-Proyecto-2-Z8/music_player_v2/vitis/music_player_v2_plt/hw/design_1_wrapper.xsa
TRACE::2025-06-17.01:12:02::SCWPlatform::DSA directory D:/proyectosep2/IEE2463-SEP-Proyecto-2-Z8/music_player_v2/vitis/music_player_v2_plt/hw
TRACE::2025-06-17.01:12:02::SCWPlatform:: Platform Path D:/proyectosep2/IEE2463-SEP-Proyecto-2-Z8/music_player_v2/vitis/music_player_v2_plt/hw/design_1_wrapper.xsa
TRACE::2025-06-17.01:12:02::SCWPlatform:: Unique name xilinx:zybo-z7-10::0.0
TRACE::2025-06-17.01:12:02::SCWPlatform::Trying to set the existing hwdb with name design_1_wrapper_0
TRACE::2025-06-17.01:12:02::SCWPlatform::Opened existing hwdb design_1_wrapper_0
TRACE::2025-06-17.01:12:02::SCWPlatform::Found the Hw Db part of the input DSA
TRACE::2025-06-17.01:12:02::SCWMssOS::Checking the sw design at  D:/proyectosep2/IEE2463-SEP-Proyecto-2-Z8/music_player_v2/vitis/music_player_v2_plt/ps7_cortexa9_0/standalone_domain/bsp/system.mss
TRACE::2025-06-17.01:12:02::SCWMssOS::DEBUG:  swdes dump  D:/proyectosep2/IEE2463-SEP-Proyecto-2-Z8/music_player_v2/vitis/music_player_v2_plt/ps7_cortexa9_0/standalone_domain/bsp/system.mss|system_0||
D:/proyectosep2/IEE2463-SEP-Proyecto-2-Z8/music_player_v2/vitis/music_player_v2_plt/zynq_fsbl/zynq_fsbl_bsp/system.mss|system||

TRACE::2025-06-17.01:12:02::SCWMssOS::Sw design exists and opened at  D:/proyectosep2/IEE2463-SEP-Proyecto-2-Z8/music_player_v2/vitis/music_player_v2_plt/ps7_cortexa9_0/standalone_domain/bsp/system.mss
TRACE::2025-06-17.01:12:02::SCWMssOS::Completed writing the mss file at D:/proyectosep2/IEE2463-SEP-Proyecto-2-Z8/music_player_v2/vitis/music_player_v2_plt/ps7_cortexa9_0/standalone_domain/bsp
TRACE::2025-06-17.01:12:02::SCWMssOS::Mss edits present, copying mssfile into export location D:/proyectosep2/IEE2463-SEP-Proyecto-2-Z8/music_player_v2/vitis/music_player_v2_plt/ps7_cortexa9_0/standalone_domain/bsp/system.mss
TRACE::2025-06-17.01:12:02::SCWMssOS::bsp generated is upto date with the mss file. Skipping bsp generation.
TRACE::2025-06-17.01:12:02::SCWMssOS::BSP is already built. skipping the bsp build ... 
TRACE::2025-06-17.01:12:02::SCWDomain::Skipping the build for domain :  standalone_domain
TRACE::2025-06-17.01:12:02::SCWMssOS::skipping the bsp build ... 
TRACE::2025-06-17.01:12:02::SCWMssOS::Copying to export directory.
TRACE::2025-06-17.01:12:02::SCWMssOS:: Checking if to create the Supporting Applications
TRACE::2025-06-17.01:12:02::SCWMssOS:: No Linux domain exists, trying to generate FSBL 
TRACE::2025-06-17.01:12:02::SCWMssOS:: Completed Standalone Artifacts creation 
LOG::2025-06-17.01:12:02::SCWSystem::Completed Processing the domain standalone_domain
LOG::2025-06-17.01:12:02::SCWSystem::Completed Processing the sysconfig music_player_v2_plt
LOG::2025-06-17.01:12:02::SCWPlatform::Completed generating the artifacts for system configuration music_player_v2_plt
TRACE::2025-06-17.01:12:02::SCWPlatform::Started preparing the platform 
TRACE::2025-06-17.01:12:02::SCWSystem::Writing the bif file for system config music_player_v2_plt
TRACE::2025-06-17.01:12:02::SCWSystem::dir created 
TRACE::2025-06-17.01:12:02::SCWSystem::Writing the bif 
TRACE::2025-06-17.01:12:02::SCWPlatform::Started writing the spfm file 
TRACE::2025-06-17.01:12:02::SCWPlatform::Started writing the xpfm file 
TRACE::2025-06-17.01:12:02::SCWPlatform::Completed generating the platform
TRACE::2025-06-17.01:12:02::SCWMssOS::Saving the mss changes D:/proyectosep2/IEE2463-SEP-Proyecto-2-Z8/music_player_v2/vitis/music_player_v2_plt/zynq_fsbl/zynq_fsbl_bsp/system.mss
TRACE::2025-06-17.01:12:02::SCWMssOS::Found a swdesign opened with the mssfile.
TRACE::2025-06-17.01:12:02::SCWMssOS::Completed writemss as part of save.
TRACE::2025-06-17.01:12:02::SCWMssOS::Commit changes completed.
TRACE::2025-06-17.01:12:02::SCWMssOS::Saving the mss changes D:/proyectosep2/IEE2463-SEP-Proyecto-2-Z8/music_player_v2/vitis/music_player_v2_plt/ps7_cortexa9_0/standalone_domain/bsp/system.mss
TRACE::2025-06-17.01:12:02::SCWMssOS::Found a swdesign opened with the mssfile.
TRACE::2025-06-17.01:12:02::SCWMssOS::Completed writemss as part of save.
TRACE::2025-06-17.01:12:02::SCWMssOS::Commit changes completed.
TRACE::2025-06-17.01:12:02::SCWPlatform::Trying to open the hw design at D:/proyectosep2/IEE2463-SEP-Proyecto-2-Z8/music_player_v2/vitis/music_player_v2_plt/hw/design_1_wrapper.xsa
TRACE::2025-06-17.01:12:02::SCWPlatform::DSA given D:/proyectosep2/IEE2463-SEP-Proyecto-2-Z8/music_player_v2/vitis/music_player_v2_plt/hw/design_1_wrapper.xsa
TRACE::2025-06-17.01:12:02::SCWPlatform::DSA absoulate path D:/proyectosep2/IEE2463-SEP-Proyecto-2-Z8/music_player_v2/vitis/music_player_v2_plt/hw/design_1_wrapper.xsa
TRACE::2025-06-17.01:12:02::SCWPlatform::DSA directory D:/proyectosep2/IEE2463-SEP-Proyecto-2-Z8/music_player_v2/vitis/music_player_v2_plt/hw
TRACE::2025-06-17.01:12:02::SCWPlatform:: Platform Path D:/proyectosep2/IEE2463-SEP-Proyecto-2-Z8/music_player_v2/vitis/music_player_v2_plt/hw/design_1_wrapper.xsa
TRACE::2025-06-17.01:12:02::SCWPlatform:: Unique name xilinx:zybo-z7-10::0.0
TRACE::2025-06-17.01:12:02::SCWPlatform::Trying to set the existing hwdb with name design_1_wrapper_0
TRACE::2025-06-17.01:12:02::SCWPlatform::Opened existing hwdb design_1_wrapper_0
TRACE::2025-06-17.01:12:02::SCWPlatform::Found the Hw Db part of the input DSA
TRACE::2025-06-17.01:12:02::SCWMssOS::Checking the sw design at  D:/proyectosep2/IEE2463-SEP-Proyecto-2-Z8/music_player_v2/vitis/music_player_v2_plt/zynq_fsbl/zynq_fsbl_bsp/system.mss
TRACE::2025-06-17.01:12:02::SCWMssOS::DEBUG:  swdes dump  D:/proyectosep2/IEE2463-SEP-Proyecto-2-Z8/music_player_v2/vitis/music_player_v2_plt/ps7_cortexa9_0/standalone_domain/bsp/system.mss|system_0||
D:/proyectosep2/IEE2463-SEP-Proyecto-2-Z8/music_player_v2/vitis/music_player_v2_plt/zynq_fsbl/zynq_fsbl_bsp/system.mss|system||

TRACE::2025-06-17.01:12:02::SCWMssOS::Sw design exists and opened at  D:/proyectosep2/IEE2463-SEP-Proyecto-2-Z8/music_player_v2/vitis/music_player_v2_plt/zynq_fsbl/zynq_fsbl_bsp/system.mss
TRACE::2025-06-17.01:12:02::SCWPlatform::Trying to open the hw design at D:/proyectosep2/IEE2463-SEP-Proyecto-2-Z8/music_player_v2/vitis/music_player_v2_plt/hw/design_1_wrapper.xsa
TRACE::2025-06-17.01:12:02::SCWPlatform::DSA given D:/proyectosep2/IEE2463-SEP-Proyecto-2-Z8/music_player_v2/vitis/music_player_v2_plt/hw/design_1_wrapper.xsa
TRACE::2025-06-17.01:12:02::SCWPlatform::DSA absoulate path D:/proyectosep2/IEE2463-SEP-Proyecto-2-Z8/music_player_v2/vitis/music_player_v2_plt/hw/design_1_wrapper.xsa
TRACE::2025-06-17.01:12:02::SCWPlatform::DSA directory D:/proyectosep2/IEE2463-SEP-Proyecto-2-Z8/music_player_v2/vitis/music_player_v2_plt/hw
TRACE::2025-06-17.01:12:02::SCWPlatform:: Platform Path D:/proyectosep2/IEE2463-SEP-Proyecto-2-Z8/music_player_v2/vitis/music_player_v2_plt/hw/design_1_wrapper.xsa
TRACE::2025-06-17.01:12:02::SCWPlatform:: Unique name xilinx:zybo-z7-10::0.0
TRACE::2025-06-17.01:12:02::SCWPlatform::Trying to set the existing hwdb with name design_1_wrapper_0
TRACE::2025-06-17.01:12:02::SCWPlatform::Opened existing hwdb design_1_wrapper_0
TRACE::2025-06-17.01:12:02::SCWPlatform::Found the Hw Db part of the input DSA
TRACE::2025-06-17.01:12:02::SCWMssOS::Checking the sw design at  D:/proyectosep2/IEE2463-SEP-Proyecto-2-Z8/music_player_v2/vitis/music_player_v2_plt/zynq_fsbl/zynq_fsbl_bsp/system.mss
TRACE::2025-06-17.01:12:02::SCWMssOS::DEBUG:  swdes dump  D:/proyectosep2/IEE2463-SEP-Proyecto-2-Z8/music_player_v2/vitis/music_player_v2_plt/ps7_cortexa9_0/standalone_domain/bsp/system.mss|system_0||
D:/proyectosep2/IEE2463-SEP-Proyecto-2-Z8/music_player_v2/vitis/music_player_v2_plt/zynq_fsbl/zynq_fsbl_bsp/system.mss|system||

TRACE::2025-06-17.01:12:02::SCWMssOS::Sw design exists and opened at  D:/proyectosep2/IEE2463-SEP-Proyecto-2-Z8/music_player_v2/vitis/music_player_v2_plt/zynq_fsbl/zynq_fsbl_bsp/system.mss
TRACE::2025-06-17.01:12:02::SCWPlatform::Trying to open the hw design at D:/proyectosep2/IEE2463-SEP-Proyecto-2-Z8/music_player_v2/vitis/music_player_v2_plt/hw/design_1_wrapper.xsa
TRACE::2025-06-17.01:12:02::SCWPlatform::DSA given D:/proyectosep2/IEE2463-SEP-Proyecto-2-Z8/music_player_v2/vitis/music_player_v2_plt/hw/design_1_wrapper.xsa
TRACE::2025-06-17.01:12:02::SCWPlatform::DSA absoulate path D:/proyectosep2/IEE2463-SEP-Proyecto-2-Z8/music_player_v2/vitis/music_player_v2_plt/hw/design_1_wrapper.xsa
TRACE::2025-06-17.01:12:02::SCWPlatform::DSA directory D:/proyectosep2/IEE2463-SEP-Proyecto-2-Z8/music_player_v2/vitis/music_player_v2_plt/hw
TRACE::2025-06-17.01:12:02::SCWPlatform:: Platform Path D:/proyectosep2/IEE2463-SEP-Proyecto-2-Z8/music_player_v2/vitis/music_player_v2_plt/hw/design_1_wrapper.xsa
TRACE::2025-06-17.01:12:02::SCWPlatform:: Unique name xilinx:zybo-z7-10::0.0
TRACE::2025-06-17.01:12:02::SCWPlatform::Trying to set the existing hwdb with name design_1_wrapper_0
TRACE::2025-06-17.01:12:02::SCWPlatform::Opened existing hwdb design_1_wrapper_0
TRACE::2025-06-17.01:12:02::SCWPlatform::Found the Hw Db part of the input DSA
TRACE::2025-06-17.01:12:02::SCWMssOS::Checking the sw design at  D:/proyectosep2/IEE2463-SEP-Proyecto-2-Z8/music_player_v2/vitis/music_player_v2_plt/zynq_fsbl/zynq_fsbl_bsp/system.mss
TRACE::2025-06-17.01:12:02::SCWMssOS::DEBUG:  swdes dump  D:/proyectosep2/IEE2463-SEP-Proyecto-2-Z8/music_player_v2/vitis/music_player_v2_plt/ps7_cortexa9_0/standalone_domain/bsp/system.mss|system_0||
D:/proyectosep2/IEE2463-SEP-Proyecto-2-Z8/music_player_v2/vitis/music_player_v2_plt/zynq_fsbl/zynq_fsbl_bsp/system.mss|system||

TRACE::2025-06-17.01:12:02::SCWMssOS::Sw design exists and opened at  D:/proyectosep2/IEE2463-SEP-Proyecto-2-Z8/music_player_v2/vitis/music_player_v2_plt/zynq_fsbl/zynq_fsbl_bsp/system.mss
TRACE::2025-06-17.01:12:02::SCWPlatform::Trying to open the hw design at D:/proyectosep2/IEE2463-SEP-Proyecto-2-Z8/music_player_v2/vitis/music_player_v2_plt/hw/design_1_wrapper.xsa
TRACE::2025-06-17.01:12:02::SCWPlatform::DSA given D:/proyectosep2/IEE2463-SEP-Proyecto-2-Z8/music_player_v2/vitis/music_player_v2_plt/hw/design_1_wrapper.xsa
TRACE::2025-06-17.01:12:02::SCWPlatform::DSA absoulate path D:/proyectosep2/IEE2463-SEP-Proyecto-2-Z8/music_player_v2/vitis/music_player_v2_plt/hw/design_1_wrapper.xsa
TRACE::2025-06-17.01:12:02::SCWPlatform::DSA directory D:/proyectosep2/IEE2463-SEP-Proyecto-2-Z8/music_player_v2/vitis/music_player_v2_plt/hw
TRACE::2025-06-17.01:12:02::SCWPlatform:: Platform Path D:/proyectosep2/IEE2463-SEP-Proyecto-2-Z8/music_player_v2/vitis/music_player_v2_plt/hw/design_1_wrapper.xsa
TRACE::2025-06-17.01:12:02::SCWPlatform:: Unique name xilinx:zybo-z7-10::0.0
TRACE::2025-06-17.01:12:02::SCWPlatform::Trying to set the existing hwdb with name design_1_wrapper_0
TRACE::2025-06-17.01:12:02::SCWPlatform::Opened existing hwdb design_1_wrapper_0
TRACE::2025-06-17.01:12:02::SCWPlatform::Found the Hw Db part of the input DSA
TRACE::2025-06-17.01:12:02::SCWMssOS::Checking the sw design at  D:/proyectosep2/IEE2463-SEP-Proyecto-2-Z8/music_player_v2/vitis/music_player_v2_plt/ps7_cortexa9_0/standalone_domain/bsp/system.mss
TRACE::2025-06-17.01:12:02::SCWMssOS::DEBUG:  swdes dump  D:/proyectosep2/IEE2463-SEP-Proyecto-2-Z8/music_player_v2/vitis/music_player_v2_plt/ps7_cortexa9_0/standalone_domain/bsp/system.mss|system_0||
D:/proyectosep2/IEE2463-SEP-Proyecto-2-Z8/music_player_v2/vitis/music_player_v2_plt/zynq_fsbl/zynq_fsbl_bsp/system.mss|system||

TRACE::2025-06-17.01:12:02::SCWMssOS::Sw design exists and opened at  D:/proyectosep2/IEE2463-SEP-Proyecto-2-Z8/music_player_v2/vitis/music_player_v2_plt/ps7_cortexa9_0/standalone_domain/bsp/system.mss
TRACE::2025-06-17.01:12:02::SCWPlatform::Trying to open the hw design at D:/proyectosep2/IEE2463-SEP-Proyecto-2-Z8/music_player_v2/vitis/music_player_v2_plt/hw/design_1_wrapper.xsa
TRACE::2025-06-17.01:12:02::SCWPlatform::DSA given D:/proyectosep2/IEE2463-SEP-Proyecto-2-Z8/music_player_v2/vitis/music_player_v2_plt/hw/design_1_wrapper.xsa
TRACE::2025-06-17.01:12:02::SCWPlatform::DSA absoulate path D:/proyectosep2/IEE2463-SEP-Proyecto-2-Z8/music_player_v2/vitis/music_player_v2_plt/hw/design_1_wrapper.xsa
TRACE::2025-06-17.01:12:02::SCWPlatform::DSA directory D:/proyectosep2/IEE2463-SEP-Proyecto-2-Z8/music_player_v2/vitis/music_player_v2_plt/hw
TRACE::2025-06-17.01:12:02::SCWPlatform:: Platform Path D:/proyectosep2/IEE2463-SEP-Proyecto-2-Z8/music_player_v2/vitis/music_player_v2_plt/hw/design_1_wrapper.xsa
TRACE::2025-06-17.01:12:02::SCWPlatform:: Unique name xilinx:zybo-z7-10::0.0
TRACE::2025-06-17.01:12:02::SCWPlatform::Trying to set the existing hwdb with name design_1_wrapper_0
TRACE::2025-06-17.01:12:02::SCWPlatform::Opened existing hwdb design_1_wrapper_0
TRACE::2025-06-17.01:12:02::SCWPlatform::Found the Hw Db part of the input DSA
TRACE::2025-06-17.01:12:02::SCWMssOS::Checking the sw design at  D:/proyectosep2/IEE2463-SEP-Proyecto-2-Z8/music_player_v2/vitis/music_player_v2_plt/ps7_cortexa9_0/standalone_domain/bsp/system.mss
TRACE::2025-06-17.01:12:02::SCWMssOS::DEBUG:  swdes dump  D:/proyectosep2/IEE2463-SEP-Proyecto-2-Z8/music_player_v2/vitis/music_player_v2_plt/ps7_cortexa9_0/standalone_domain/bsp/system.mss|system_0||
D:/proyectosep2/IEE2463-SEP-Proyecto-2-Z8/music_player_v2/vitis/music_player_v2_plt/zynq_fsbl/zynq_fsbl_bsp/system.mss|system||

TRACE::2025-06-17.01:12:02::SCWMssOS::Sw design exists and opened at  D:/proyectosep2/IEE2463-SEP-Proyecto-2-Z8/music_player_v2/vitis/music_player_v2_plt/ps7_cortexa9_0/standalone_domain/bsp/system.mss
TRACE::2025-06-17.01:12:02::SCWPlatform::Trying to open the hw design at D:/proyectosep2/IEE2463-SEP-Proyecto-2-Z8/music_player_v2/vitis/music_player_v2_plt/hw/design_1_wrapper.xsa
TRACE::2025-06-17.01:12:02::SCWPlatform::DSA given D:/proyectosep2/IEE2463-SEP-Proyecto-2-Z8/music_player_v2/vitis/music_player_v2_plt/hw/design_1_wrapper.xsa
TRACE::2025-06-17.01:12:02::SCWPlatform::DSA absoulate path D:/proyectosep2/IEE2463-SEP-Proyecto-2-Z8/music_player_v2/vitis/music_player_v2_plt/hw/design_1_wrapper.xsa
TRACE::2025-06-17.01:12:02::SCWPlatform::DSA directory D:/proyectosep2/IEE2463-SEP-Proyecto-2-Z8/music_player_v2/vitis/music_player_v2_plt/hw
TRACE::2025-06-17.01:12:02::SCWPlatform:: Platform Path D:/proyectosep2/IEE2463-SEP-Proyecto-2-Z8/music_player_v2/vitis/music_player_v2_plt/hw/design_1_wrapper.xsa
TRACE::2025-06-17.01:12:02::SCWPlatform:: Unique name xilinx:zybo-z7-10::0.0
TRACE::2025-06-17.01:12:02::SCWPlatform::Trying to set the existing hwdb with name design_1_wrapper_0
TRACE::2025-06-17.01:12:02::SCWPlatform::Opened existing hwdb design_1_wrapper_0
TRACE::2025-06-17.01:12:02::SCWPlatform::Found the Hw Db part of the input DSA
TRACE::2025-06-17.01:12:02::SCWMssOS::Checking the sw design at  D:/proyectosep2/IEE2463-SEP-Proyecto-2-Z8/music_player_v2/vitis/music_player_v2_plt/ps7_cortexa9_0/standalone_domain/bsp/system.mss
TRACE::2025-06-17.01:12:02::SCWMssOS::DEBUG:  swdes dump  D:/proyectosep2/IEE2463-SEP-Proyecto-2-Z8/music_player_v2/vitis/music_player_v2_plt/ps7_cortexa9_0/standalone_domain/bsp/system.mss|system_0||
D:/proyectosep2/IEE2463-SEP-Proyecto-2-Z8/music_player_v2/vitis/music_player_v2_plt/zynq_fsbl/zynq_fsbl_bsp/system.mss|system||

TRACE::2025-06-17.01:12:02::SCWMssOS::Sw design exists and opened at  D:/proyectosep2/IEE2463-SEP-Proyecto-2-Z8/music_player_v2/vitis/music_player_v2_plt/ps7_cortexa9_0/standalone_domain/bsp/system.mss
TRACE::2025-06-17.01:12:02::SCWWriter::formatted JSON is {
	"platformName":	"music_player_v2_plt",
	"sprVersion":	"2.0",
	"mode":	"gui",
	"dsaType":	"Fixed",
	"platformDesc":	"music_player_v2_plt",
	"platHandOff":	"D:/proyectosep2/IEE2463-SEP-Proyecto-2-Z8/music_player_v2/project_1/design_1_wrapper.xsa",
	"platIntHandOff":	"<platformDir>/hw/design_1_wrapper.xsa",
	"deviceType":	"zynq",
	"platIsPrebuiltAutogen":	"false",
	"platIsNoBootBsp":	"false",
	"platFsblTarget":	"ps7_cortexa9_0",
	"hasFsblMakeHasChanges":	"false",
	"hasPmufwMakeHasChanges":	"false",
	"fsblExtraCompilerFlags":	"-MMD -MP       -mcpu=cortex-a9 -mfpu=vfpv3 -mfloat-abi=hard ",
	"platPreBuiltFlag":	false,
	"platformSamplesDir":	"",
	"platActiveSys":	"music_player_v2_plt",
	"systems":	[{
			"systemName":	"music_player_v2_plt",
			"systemDesc":	"music_player_v2_plt",
			"sysIsBootAutoGen":	"true",
			"systemDispName":	"music_player_v2_plt",
			"sysActiveDom":	"standalone_domain",
			"sysDefaultDom":	"standalone_domain",
			"domains":	[{
					"domainName":	"zynq_fsbl",
					"domainDispName":	"zynq_fsbl",
					"domainDesc":	"FSBL Application BSP - Auto Generated.",
					"processors":	"ps7_cortexa9_0",
					"os":	"standalone",
					"sdxOs":	"standalone",
					"debugEnable":	"",
					"domRuntimes":	["cpp"],
					"swRepo":	"",
					"mssOsVer":	"7.2",
					"mssFile":	"",
					"md5Digest":	"2cc1a00be57fefc4b5f8d35f1cb57176",
					"compatibleApp":	"zynq_fsbl",
					"domType":	"bootDomain",
					"appSettings":	{
						"appCompilerFlags":	"",
						"appLinkerFlags":	""
					},
					"addedLibs":	["xilffs:4.3", "xilrsa:1.6"],
					"libOptions":	{
						"libsContainingOptions":	[]
					},
					"prebuiltLibs":	{
						"prebuiltIncPath":	[],
						"prebuiltLibPath":	[]
					},
					"isolation":	{
					}
				}, {
					"domainName":	"standalone_domain",
					"domainDispName":	"standalone_domain",
					"domainDesc":	"standalone_domain",
					"processors":	"ps7_cortexa9_0",
					"os":	"standalone",
					"sdxOs":	"standalone",
					"qemuArgs":	"D:/Xilinx/Vitis/2020.1/data/emulation/platforms/zynq/qemu/qemu_args.txt",
					"qemuData":	"D:/Xilinx/Vitis/2020.1/data/emulation/platforms/zynq/qemu/",
					"debugEnable":	"False",
					"domRuntimes":	["cpp"],
					"swRepo":	"",
					"mssOsVer":	"7.2",
					"mssFile":	"",
					"md5Digest":	"7c2903d5491ee5c801437af40f901373",
					"compatibleApp":	"",
					"domType":	"mssDomain",
					"appSettings":	{
						"appCompilerFlags":	"",
						"appLinkerFlags":	""
					},
					"addedLibs":	[],
					"libOptions":	{
						"libsContainingOptions":	[]
					},
					"prebuiltLibs":	{
						"prebuiltIncPath":	[],
						"prebuiltLibPath":	[]
					},
					"isolation":	{
					}
				}]
		}]
}
KEYINFO::2025-06-17.01:12:02::SCWPlatform::updated the xpfm file.
TRACE::2025-06-17.01:12:02::SCWPlatform::Trying to open the hw design at D:/proyectosep2/IEE2463-SEP-Proyecto-2-Z8/music_player_v2/vitis/music_player_v2_plt/hw/design_1_wrapper.xsa
TRACE::2025-06-17.01:12:02::SCWPlatform::DSA given D:/proyectosep2/IEE2463-SEP-Proyecto-2-Z8/music_player_v2/vitis/music_player_v2_plt/hw/design_1_wrapper.xsa
TRACE::2025-06-17.01:12:02::SCWPlatform::DSA absoulate path D:/proyectosep2/IEE2463-SEP-Proyecto-2-Z8/music_player_v2/vitis/music_player_v2_plt/hw/design_1_wrapper.xsa
TRACE::2025-06-17.01:12:02::SCWPlatform::DSA directory D:/proyectosep2/IEE2463-SEP-Proyecto-2-Z8/music_player_v2/vitis/music_player_v2_plt/hw
TRACE::2025-06-17.01:12:02::SCWPlatform:: Platform Path D:/proyectosep2/IEE2463-SEP-Proyecto-2-Z8/music_player_v2/vitis/music_player_v2_plt/hw/design_1_wrapper.xsa
TRACE::2025-06-17.01:12:02::SCWPlatform:: Unique name xilinx:zybo-z7-10::0.0
TRACE::2025-06-17.01:12:02::SCWPlatform::Trying to set the existing hwdb with name design_1_wrapper_0
TRACE::2025-06-17.01:12:02::SCWPlatform::Opened existing hwdb design_1_wrapper_0
TRACE::2025-06-17.01:12:02::SCWPlatform::Found the Hw Db part of the input DSA
TRACE::2025-06-17.01:12:02::SCWMssOS::Checking the sw design at  D:/proyectosep2/IEE2463-SEP-Proyecto-2-Z8/music_player_v2/vitis/music_player_v2_plt/ps7_cortexa9_0/standalone_domain/bsp/system.mss
TRACE::2025-06-17.01:12:02::SCWMssOS::DEBUG:  swdes dump  D:/proyectosep2/IEE2463-SEP-Proyecto-2-Z8/music_player_v2/vitis/music_player_v2_plt/ps7_cortexa9_0/standalone_domain/bsp/system.mss|system_0||
D:/proyectosep2/IEE2463-SEP-Proyecto-2-Z8/music_player_v2/vitis/music_player_v2_plt/zynq_fsbl/zynq_fsbl_bsp/system.mss|system||

TRACE::2025-06-17.01:12:02::SCWMssOS::Sw design exists and opened at  D:/proyectosep2/IEE2463-SEP-Proyecto-2-Z8/music_player_v2/vitis/music_player_v2_plt/ps7_cortexa9_0/standalone_domain/bsp/system.mss
TRACE::2025-06-17.01:12:02::SCWMssOS::Saving the mss changes D:/proyectosep2/IEE2463-SEP-Proyecto-2-Z8/music_player_v2/vitis/music_player_v2_plt/zynq_fsbl/zynq_fsbl_bsp/system.mss
TRACE::2025-06-17.01:12:02::SCWMssOS::Found a swdesign opened with the mssfile.
TRACE::2025-06-17.01:12:02::SCWMssOS::Completed writemss as part of save.
TRACE::2025-06-17.01:12:02::SCWMssOS::Commit changes completed.
TRACE::2025-06-17.01:12:02::SCWMssOS::Saving the mss changes D:/proyectosep2/IEE2463-SEP-Proyecto-2-Z8/music_player_v2/vitis/music_player_v2_plt/ps7_cortexa9_0/standalone_domain/bsp/system.mss
TRACE::2025-06-17.01:12:02::SCWMssOS::Found a swdesign opened with the mssfile.
TRACE::2025-06-17.01:12:02::SCWMssOS::Completed writemss as part of save.
TRACE::2025-06-17.01:12:02::SCWMssOS::Commit changes completed.
TRACE::2025-06-17.01:12:02::SCWPlatform::Trying to open the hw design at D:/proyectosep2/IEE2463-SEP-Proyecto-2-Z8/music_player_v2/vitis/music_player_v2_plt/hw/design_1_wrapper.xsa
TRACE::2025-06-17.01:12:02::SCWPlatform::DSA given D:/proyectosep2/IEE2463-SEP-Proyecto-2-Z8/music_player_v2/vitis/music_player_v2_plt/hw/design_1_wrapper.xsa
TRACE::2025-06-17.01:12:02::SCWPlatform::DSA absoulate path D:/proyectosep2/IEE2463-SEP-Proyecto-2-Z8/music_player_v2/vitis/music_player_v2_plt/hw/design_1_wrapper.xsa
TRACE::2025-06-17.01:12:02::SCWPlatform::DSA directory D:/proyectosep2/IEE2463-SEP-Proyecto-2-Z8/music_player_v2/vitis/music_player_v2_plt/hw
TRACE::2025-06-17.01:12:02::SCWPlatform:: Platform Path D:/proyectosep2/IEE2463-SEP-Proyecto-2-Z8/music_player_v2/vitis/music_player_v2_plt/hw/design_1_wrapper.xsa
TRACE::2025-06-17.01:12:02::SCWPlatform:: Unique name xilinx:zybo-z7-10::0.0
TRACE::2025-06-17.01:12:02::SCWPlatform::Trying to set the existing hwdb with name design_1_wrapper_0
TRACE::2025-06-17.01:12:02::SCWPlatform::Opened existing hwdb design_1_wrapper_0
TRACE::2025-06-17.01:12:02::SCWPlatform::Found the Hw Db part of the input DSA
TRACE::2025-06-17.01:12:02::SCWMssOS::Checking the sw design at  D:/proyectosep2/IEE2463-SEP-Proyecto-2-Z8/music_player_v2/vitis/music_player_v2_plt/zynq_fsbl/zynq_fsbl_bsp/system.mss
TRACE::2025-06-17.01:12:02::SCWMssOS::DEBUG:  swdes dump  D:/proyectosep2/IEE2463-SEP-Proyecto-2-Z8/music_player_v2/vitis/music_player_v2_plt/ps7_cortexa9_0/standalone_domain/bsp/system.mss|system_0||
D:/proyectosep2/IEE2463-SEP-Proyecto-2-Z8/music_player_v2/vitis/music_player_v2_plt/zynq_fsbl/zynq_fsbl_bsp/system.mss|system||

TRACE::2025-06-17.01:12:02::SCWMssOS::Sw design exists and opened at  D:/proyectosep2/IEE2463-SEP-Proyecto-2-Z8/music_player_v2/vitis/music_player_v2_plt/zynq_fsbl/zynq_fsbl_bsp/system.mss
TRACE::2025-06-17.01:12:02::SCWPlatform::Trying to open the hw design at D:/proyectosep2/IEE2463-SEP-Proyecto-2-Z8/music_player_v2/vitis/music_player_v2_plt/hw/design_1_wrapper.xsa
TRACE::2025-06-17.01:12:02::SCWPlatform::DSA given D:/proyectosep2/IEE2463-SEP-Proyecto-2-Z8/music_player_v2/vitis/music_player_v2_plt/hw/design_1_wrapper.xsa
TRACE::2025-06-17.01:12:02::SCWPlatform::DSA absoulate path D:/proyectosep2/IEE2463-SEP-Proyecto-2-Z8/music_player_v2/vitis/music_player_v2_plt/hw/design_1_wrapper.xsa
TRACE::2025-06-17.01:12:02::SCWPlatform::DSA directory D:/proyectosep2/IEE2463-SEP-Proyecto-2-Z8/music_player_v2/vitis/music_player_v2_plt/hw
TRACE::2025-06-17.01:12:02::SCWPlatform:: Platform Path D:/proyectosep2/IEE2463-SEP-Proyecto-2-Z8/music_player_v2/vitis/music_player_v2_plt/hw/design_1_wrapper.xsa
TRACE::2025-06-17.01:12:02::SCWPlatform:: Unique name xilinx:zybo-z7-10::0.0
TRACE::2025-06-17.01:12:02::SCWPlatform::Trying to set the existing hwdb with name design_1_wrapper_0
TRACE::2025-06-17.01:12:02::SCWPlatform::Opened existing hwdb design_1_wrapper_0
TRACE::2025-06-17.01:12:02::SCWPlatform::Found the Hw Db part of the input DSA
TRACE::2025-06-17.01:12:02::SCWMssOS::Checking the sw design at  D:/proyectosep2/IEE2463-SEP-Proyecto-2-Z8/music_player_v2/vitis/music_player_v2_plt/zynq_fsbl/zynq_fsbl_bsp/system.mss
TRACE::2025-06-17.01:12:02::SCWMssOS::DEBUG:  swdes dump  D:/proyectosep2/IEE2463-SEP-Proyecto-2-Z8/music_player_v2/vitis/music_player_v2_plt/ps7_cortexa9_0/standalone_domain/bsp/system.mss|system_0||
D:/proyectosep2/IEE2463-SEP-Proyecto-2-Z8/music_player_v2/vitis/music_player_v2_plt/zynq_fsbl/zynq_fsbl_bsp/system.mss|system||

TRACE::2025-06-17.01:12:02::SCWMssOS::Sw design exists and opened at  D:/proyectosep2/IEE2463-SEP-Proyecto-2-Z8/music_player_v2/vitis/music_player_v2_plt/zynq_fsbl/zynq_fsbl_bsp/system.mss
TRACE::2025-06-17.01:12:02::SCWPlatform::Trying to open the hw design at D:/proyectosep2/IEE2463-SEP-Proyecto-2-Z8/music_player_v2/vitis/music_player_v2_plt/hw/design_1_wrapper.xsa
TRACE::2025-06-17.01:12:02::SCWPlatform::DSA given D:/proyectosep2/IEE2463-SEP-Proyecto-2-Z8/music_player_v2/vitis/music_player_v2_plt/hw/design_1_wrapper.xsa
TRACE::2025-06-17.01:12:02::SCWPlatform::DSA absoulate path D:/proyectosep2/IEE2463-SEP-Proyecto-2-Z8/music_player_v2/vitis/music_player_v2_plt/hw/design_1_wrapper.xsa
TRACE::2025-06-17.01:12:02::SCWPlatform::DSA directory D:/proyectosep2/IEE2463-SEP-Proyecto-2-Z8/music_player_v2/vitis/music_player_v2_plt/hw
TRACE::2025-06-17.01:12:02::SCWPlatform:: Platform Path D:/proyectosep2/IEE2463-SEP-Proyecto-2-Z8/music_player_v2/vitis/music_player_v2_plt/hw/design_1_wrapper.xsa
TRACE::2025-06-17.01:12:02::SCWPlatform:: Unique name xilinx:zybo-z7-10::0.0
TRACE::2025-06-17.01:12:02::SCWPlatform::Trying to set the existing hwdb with name design_1_wrapper_0
TRACE::2025-06-17.01:12:02::SCWPlatform::Opened existing hwdb design_1_wrapper_0
TRACE::2025-06-17.01:12:02::SCWPlatform::Found the Hw Db part of the input DSA
TRACE::2025-06-17.01:12:02::SCWMssOS::Checking the sw design at  D:/proyectosep2/IEE2463-SEP-Proyecto-2-Z8/music_player_v2/vitis/music_player_v2_plt/zynq_fsbl/zynq_fsbl_bsp/system.mss
TRACE::2025-06-17.01:12:02::SCWMssOS::DEBUG:  swdes dump  D:/proyectosep2/IEE2463-SEP-Proyecto-2-Z8/music_player_v2/vitis/music_player_v2_plt/ps7_cortexa9_0/standalone_domain/bsp/system.mss|system_0||
D:/proyectosep2/IEE2463-SEP-Proyecto-2-Z8/music_player_v2/vitis/music_player_v2_plt/zynq_fsbl/zynq_fsbl_bsp/system.mss|system||

TRACE::2025-06-17.01:12:02::SCWMssOS::Sw design exists and opened at  D:/proyectosep2/IEE2463-SEP-Proyecto-2-Z8/music_player_v2/vitis/music_player_v2_plt/zynq_fsbl/zynq_fsbl_bsp/system.mss
TRACE::2025-06-17.01:12:02::SCWPlatform::Trying to open the hw design at D:/proyectosep2/IEE2463-SEP-Proyecto-2-Z8/music_player_v2/vitis/music_player_v2_plt/hw/design_1_wrapper.xsa
TRACE::2025-06-17.01:12:02::SCWPlatform::DSA given D:/proyectosep2/IEE2463-SEP-Proyecto-2-Z8/music_player_v2/vitis/music_player_v2_plt/hw/design_1_wrapper.xsa
TRACE::2025-06-17.01:12:02::SCWPlatform::DSA absoulate path D:/proyectosep2/IEE2463-SEP-Proyecto-2-Z8/music_player_v2/vitis/music_player_v2_plt/hw/design_1_wrapper.xsa
TRACE::2025-06-17.01:12:02::SCWPlatform::DSA directory D:/proyectosep2/IEE2463-SEP-Proyecto-2-Z8/music_player_v2/vitis/music_player_v2_plt/hw
TRACE::2025-06-17.01:12:02::SCWPlatform:: Platform Path D:/proyectosep2/IEE2463-SEP-Proyecto-2-Z8/music_player_v2/vitis/music_player_v2_plt/hw/design_1_wrapper.xsa
TRACE::2025-06-17.01:12:02::SCWPlatform:: Unique name xilinx:zybo-z7-10::0.0
TRACE::2025-06-17.01:12:02::SCWPlatform::Trying to set the existing hwdb with name design_1_wrapper_0
TRACE::2025-06-17.01:12:02::SCWPlatform::Opened existing hwdb design_1_wrapper_0
TRACE::2025-06-17.01:12:02::SCWPlatform::Found the Hw Db part of the input DSA
TRACE::2025-06-17.01:12:02::SCWMssOS::Checking the sw design at  D:/proyectosep2/IEE2463-SEP-Proyecto-2-Z8/music_player_v2/vitis/music_player_v2_plt/ps7_cortexa9_0/standalone_domain/bsp/system.mss
TRACE::2025-06-17.01:12:02::SCWMssOS::DEBUG:  swdes dump  D:/proyectosep2/IEE2463-SEP-Proyecto-2-Z8/music_player_v2/vitis/music_player_v2_plt/ps7_cortexa9_0/standalone_domain/bsp/system.mss|system_0||
D:/proyectosep2/IEE2463-SEP-Proyecto-2-Z8/music_player_v2/vitis/music_player_v2_plt/zynq_fsbl/zynq_fsbl_bsp/system.mss|system||

TRACE::2025-06-17.01:12:02::SCWMssOS::Sw design exists and opened at  D:/proyectosep2/IEE2463-SEP-Proyecto-2-Z8/music_player_v2/vitis/music_player_v2_plt/ps7_cortexa9_0/standalone_domain/bsp/system.mss
TRACE::2025-06-17.01:12:02::SCWPlatform::Trying to open the hw design at D:/proyectosep2/IEE2463-SEP-Proyecto-2-Z8/music_player_v2/vitis/music_player_v2_plt/hw/design_1_wrapper.xsa
TRACE::2025-06-17.01:12:02::SCWPlatform::DSA given D:/proyectosep2/IEE2463-SEP-Proyecto-2-Z8/music_player_v2/vitis/music_player_v2_plt/hw/design_1_wrapper.xsa
TRACE::2025-06-17.01:12:02::SCWPlatform::DSA absoulate path D:/proyectosep2/IEE2463-SEP-Proyecto-2-Z8/music_player_v2/vitis/music_player_v2_plt/hw/design_1_wrapper.xsa
TRACE::2025-06-17.01:12:02::SCWPlatform::DSA directory D:/proyectosep2/IEE2463-SEP-Proyecto-2-Z8/music_player_v2/vitis/music_player_v2_plt/hw
TRACE::2025-06-17.01:12:02::SCWPlatform:: Platform Path D:/proyectosep2/IEE2463-SEP-Proyecto-2-Z8/music_player_v2/vitis/music_player_v2_plt/hw/design_1_wrapper.xsa
TRACE::2025-06-17.01:12:02::SCWPlatform:: Unique name xilinx:zybo-z7-10::0.0
TRACE::2025-06-17.01:12:02::SCWPlatform::Trying to set the existing hwdb with name design_1_wrapper_0
TRACE::2025-06-17.01:12:02::SCWPlatform::Opened existing hwdb design_1_wrapper_0
TRACE::2025-06-17.01:12:02::SCWPlatform::Found the Hw Db part of the input DSA
TRACE::2025-06-17.01:12:02::SCWMssOS::Checking the sw design at  D:/proyectosep2/IEE2463-SEP-Proyecto-2-Z8/music_player_v2/vitis/music_player_v2_plt/ps7_cortexa9_0/standalone_domain/bsp/system.mss
TRACE::2025-06-17.01:12:02::SCWMssOS::DEBUG:  swdes dump  D:/proyectosep2/IEE2463-SEP-Proyecto-2-Z8/music_player_v2/vitis/music_player_v2_plt/ps7_cortexa9_0/standalone_domain/bsp/system.mss|system_0||
D:/proyectosep2/IEE2463-SEP-Proyecto-2-Z8/music_player_v2/vitis/music_player_v2_plt/zynq_fsbl/zynq_fsbl_bsp/system.mss|system||

TRACE::2025-06-17.01:12:02::SCWMssOS::Sw design exists and opened at  D:/proyectosep2/IEE2463-SEP-Proyecto-2-Z8/music_player_v2/vitis/music_player_v2_plt/ps7_cortexa9_0/standalone_domain/bsp/system.mss
TRACE::2025-06-17.01:12:02::SCWPlatform::Trying to open the hw design at D:/proyectosep2/IEE2463-SEP-Proyecto-2-Z8/music_player_v2/vitis/music_player_v2_plt/hw/design_1_wrapper.xsa
TRACE::2025-06-17.01:12:02::SCWPlatform::DSA given D:/proyectosep2/IEE2463-SEP-Proyecto-2-Z8/music_player_v2/vitis/music_player_v2_plt/hw/design_1_wrapper.xsa
TRACE::2025-06-17.01:12:02::SCWPlatform::DSA absoulate path D:/proyectosep2/IEE2463-SEP-Proyecto-2-Z8/music_player_v2/vitis/music_player_v2_plt/hw/design_1_wrapper.xsa
TRACE::2025-06-17.01:12:02::SCWPlatform::DSA directory D:/proyectosep2/IEE2463-SEP-Proyecto-2-Z8/music_player_v2/vitis/music_player_v2_plt/hw
TRACE::2025-06-17.01:12:02::SCWPlatform:: Platform Path D:/proyectosep2/IEE2463-SEP-Proyecto-2-Z8/music_player_v2/vitis/music_player_v2_plt/hw/design_1_wrapper.xsa
TRACE::2025-06-17.01:12:02::SCWPlatform:: Unique name xilinx:zybo-z7-10::0.0
TRACE::2025-06-17.01:12:02::SCWPlatform::Trying to set the existing hwdb with name design_1_wrapper_0
TRACE::2025-06-17.01:12:02::SCWPlatform::Opened existing hwdb design_1_wrapper_0
TRACE::2025-06-17.01:12:02::SCWPlatform::Found the Hw Db part of the input DSA
TRACE::2025-06-17.01:12:02::SCWMssOS::Checking the sw design at  D:/proyectosep2/IEE2463-SEP-Proyecto-2-Z8/music_player_v2/vitis/music_player_v2_plt/ps7_cortexa9_0/standalone_domain/bsp/system.mss
TRACE::2025-06-17.01:12:02::SCWMssOS::DEBUG:  swdes dump  D:/proyectosep2/IEE2463-SEP-Proyecto-2-Z8/music_player_v2/vitis/music_player_v2_plt/ps7_cortexa9_0/standalone_domain/bsp/system.mss|system_0||
D:/proyectosep2/IEE2463-SEP-Proyecto-2-Z8/music_player_v2/vitis/music_player_v2_plt/zynq_fsbl/zynq_fsbl_bsp/system.mss|system||

TRACE::2025-06-17.01:12:02::SCWMssOS::Sw design exists and opened at  D:/proyectosep2/IEE2463-SEP-Proyecto-2-Z8/music_player_v2/vitis/music_player_v2_plt/ps7_cortexa9_0/standalone_domain/bsp/system.mss
TRACE::2025-06-17.01:12:02::SCWWriter::formatted JSON is {
	"platformName":	"music_player_v2_plt",
	"sprVersion":	"2.0",
	"mode":	"gui",
	"dsaType":	"Fixed",
	"platformDesc":	"music_player_v2_plt",
	"platHandOff":	"D:/proyectosep2/IEE2463-SEP-Proyecto-2-Z8/music_player_v2/project_1/design_1_wrapper.xsa",
	"platIntHandOff":	"<platformDir>/hw/design_1_wrapper.xsa",
	"deviceType":	"zynq",
	"platIsPrebuiltAutogen":	"false",
	"platIsNoBootBsp":	"false",
	"platFsblTarget":	"ps7_cortexa9_0",
	"hasFsblMakeHasChanges":	"false",
	"hasPmufwMakeHasChanges":	"false",
	"fsblExtraCompilerFlags":	"-MMD -MP       -mcpu=cortex-a9 -mfpu=vfpv3 -mfloat-abi=hard ",
	"platPreBuiltFlag":	false,
	"platformSamplesDir":	"",
	"platActiveSys":	"music_player_v2_plt",
	"systems":	[{
			"systemName":	"music_player_v2_plt",
			"systemDesc":	"music_player_v2_plt",
			"sysIsBootAutoGen":	"true",
			"systemDispName":	"music_player_v2_plt",
			"sysActiveDom":	"standalone_domain",
			"sysDefaultDom":	"standalone_domain",
			"domains":	[{
					"domainName":	"zynq_fsbl",
					"domainDispName":	"zynq_fsbl",
					"domainDesc":	"FSBL Application BSP - Auto Generated.",
					"processors":	"ps7_cortexa9_0",
					"os":	"standalone",
					"sdxOs":	"standalone",
					"debugEnable":	"",
					"domRuntimes":	["cpp"],
					"swRepo":	"",
					"mssOsVer":	"7.2",
					"mssFile":	"",
					"md5Digest":	"2cc1a00be57fefc4b5f8d35f1cb57176",
					"compatibleApp":	"zynq_fsbl",
					"domType":	"bootDomain",
					"appSettings":	{
						"appCompilerFlags":	"",
						"appLinkerFlags":	""
					},
					"addedLibs":	["xilffs:4.3", "xilrsa:1.6"],
					"libOptions":	{
						"libsContainingOptions":	[]
					},
					"prebuiltLibs":	{
						"prebuiltIncPath":	[],
						"prebuiltLibPath":	[]
					},
					"isolation":	{
					}
				}, {
					"domainName":	"standalone_domain",
					"domainDispName":	"standalone_domain",
					"domainDesc":	"standalone_domain",
					"processors":	"ps7_cortexa9_0",
					"os":	"standalone",
					"sdxOs":	"standalone",
					"qemuArgs":	"D:/Xilinx/Vitis/2020.1/data/emulation/platforms/zynq/qemu/qemu_args.txt",
					"qemuData":	"D:/Xilinx/Vitis/2020.1/data/emulation/platforms/zynq/qemu/",
					"debugEnable":	"False",
					"domRuntimes":	["cpp"],
					"swRepo":	"",
					"mssOsVer":	"7.2",
					"mssFile":	"",
					"md5Digest":	"7c2903d5491ee5c801437af40f901373",
					"compatibleApp":	"",
					"domType":	"mssDomain",
					"appSettings":	{
						"appCompilerFlags":	"",
						"appLinkerFlags":	""
					},
					"addedLibs":	[],
					"libOptions":	{
						"libsContainingOptions":	[]
					},
					"prebuiltLibs":	{
						"prebuiltIncPath":	[],
						"prebuiltLibPath":	[]
					},
					"isolation":	{
					}
				}]
		}]
}
TRACE::2025-06-17.01:12:02::SCWPlatform::Trying to open the hw design at D:/proyectosep2/IEE2463-SEP-Proyecto-2-Z8/music_player_v2/vitis/music_player_v2_plt/hw/design_1_wrapper.xsa
TRACE::2025-06-17.01:12:02::SCWPlatform::DSA given D:/proyectosep2/IEE2463-SEP-Proyecto-2-Z8/music_player_v2/vitis/music_player_v2_plt/hw/design_1_wrapper.xsa
TRACE::2025-06-17.01:12:02::SCWPlatform::DSA absoulate path D:/proyectosep2/IEE2463-SEP-Proyecto-2-Z8/music_player_v2/vitis/music_player_v2_plt/hw/design_1_wrapper.xsa
TRACE::2025-06-17.01:12:02::SCWPlatform::DSA directory D:/proyectosep2/IEE2463-SEP-Proyecto-2-Z8/music_player_v2/vitis/music_player_v2_plt/hw
TRACE::2025-06-17.01:12:02::SCWPlatform:: Platform Path D:/proyectosep2/IEE2463-SEP-Proyecto-2-Z8/music_player_v2/vitis/music_player_v2_plt/hw/design_1_wrapper.xsa
TRACE::2025-06-17.01:12:02::SCWPlatform:: Unique name xilinx:zybo-z7-10::0.0
TRACE::2025-06-17.01:12:02::SCWPlatform::Trying to set the existing hwdb with name design_1_wrapper_0
TRACE::2025-06-17.01:12:02::SCWPlatform::Opened existing hwdb design_1_wrapper_0
TRACE::2025-06-17.01:12:02::SCWPlatform::Found the Hw Db part of the input DSA
TRACE::2025-06-17.01:12:02::SCWMssOS::Checking the sw design at  D:/proyectosep2/IEE2463-SEP-Proyecto-2-Z8/music_player_v2/vitis/music_player_v2_plt/ps7_cortexa9_0/standalone_domain/bsp/system.mss
TRACE::2025-06-17.01:12:02::SCWMssOS::DEBUG:  swdes dump  D:/proyectosep2/IEE2463-SEP-Proyecto-2-Z8/music_player_v2/vitis/music_player_v2_plt/ps7_cortexa9_0/standalone_domain/bsp/system.mss|system_0||
D:/proyectosep2/IEE2463-SEP-Proyecto-2-Z8/music_player_v2/vitis/music_player_v2_plt/zynq_fsbl/zynq_fsbl_bsp/system.mss|system||

TRACE::2025-06-17.01:12:02::SCWMssOS::Sw design exists and opened at  D:/proyectosep2/IEE2463-SEP-Proyecto-2-Z8/music_player_v2/vitis/music_player_v2_plt/ps7_cortexa9_0/standalone_domain/bsp/system.mss
TRACE::2025-06-17.01:12:02::SCWPlatform::Trying to open the hw design at D:/proyectosep2/IEE2463-SEP-Proyecto-2-Z8/music_player_v2/vitis/music_player_v2_plt/hw/design_1_wrapper.xsa
TRACE::2025-06-17.01:12:02::SCWPlatform::DSA given D:/proyectosep2/IEE2463-SEP-Proyecto-2-Z8/music_player_v2/vitis/music_player_v2_plt/hw/design_1_wrapper.xsa
TRACE::2025-06-17.01:12:02::SCWPlatform::DSA absoulate path D:/proyectosep2/IEE2463-SEP-Proyecto-2-Z8/music_player_v2/vitis/music_player_v2_plt/hw/design_1_wrapper.xsa
TRACE::2025-06-17.01:12:02::SCWPlatform::DSA directory D:/proyectosep2/IEE2463-SEP-Proyecto-2-Z8/music_player_v2/vitis/music_player_v2_plt/hw
TRACE::2025-06-17.01:12:02::SCWPlatform:: Platform Path D:/proyectosep2/IEE2463-SEP-Proyecto-2-Z8/music_player_v2/vitis/music_player_v2_plt/hw/design_1_wrapper.xsa
TRACE::2025-06-17.01:12:02::SCWPlatform:: Unique name xilinx:zybo-z7-10::0.0
TRACE::2025-06-17.01:12:02::SCWPlatform::Trying to set the existing hwdb with name design_1_wrapper_0
TRACE::2025-06-17.01:12:02::SCWPlatform::Opened existing hwdb design_1_wrapper_0
TRACE::2025-06-17.01:12:02::SCWPlatform::Found the Hw Db part of the input DSA
TRACE::2025-06-17.01:12:02::SCWMssOS::Checking the sw design at  D:/proyectosep2/IEE2463-SEP-Proyecto-2-Z8/music_player_v2/vitis/music_player_v2_plt/ps7_cortexa9_0/standalone_domain/bsp/system.mss
TRACE::2025-06-17.01:12:02::SCWMssOS::DEBUG:  swdes dump  D:/proyectosep2/IEE2463-SEP-Proyecto-2-Z8/music_player_v2/vitis/music_player_v2_plt/ps7_cortexa9_0/standalone_domain/bsp/system.mss|system_0||
D:/proyectosep2/IEE2463-SEP-Proyecto-2-Z8/music_player_v2/vitis/music_player_v2_plt/zynq_fsbl/zynq_fsbl_bsp/system.mss|system||

TRACE::2025-06-17.01:12:02::SCWMssOS::Sw design exists and opened at  D:/proyectosep2/IEE2463-SEP-Proyecto-2-Z8/music_player_v2/vitis/music_player_v2_plt/ps7_cortexa9_0/standalone_domain/bsp/system.mss
TRACE::2025-06-17.01:12:02::SCWPlatform::Trying to open the hw design at D:/proyectosep2/IEE2463-SEP-Proyecto-2-Z8/music_player_v2/vitis/music_player_v2_plt/hw/design_1_wrapper.xsa
TRACE::2025-06-17.01:12:02::SCWPlatform::DSA given D:/proyectosep2/IEE2463-SEP-Proyecto-2-Z8/music_player_v2/vitis/music_player_v2_plt/hw/design_1_wrapper.xsa
TRACE::2025-06-17.01:12:02::SCWPlatform::DSA absoulate path D:/proyectosep2/IEE2463-SEP-Proyecto-2-Z8/music_player_v2/vitis/music_player_v2_plt/hw/design_1_wrapper.xsa
TRACE::2025-06-17.01:12:02::SCWPlatform::DSA directory D:/proyectosep2/IEE2463-SEP-Proyecto-2-Z8/music_player_v2/vitis/music_player_v2_plt/hw
TRACE::2025-06-17.01:12:02::SCWPlatform:: Platform Path D:/proyectosep2/IEE2463-SEP-Proyecto-2-Z8/music_player_v2/vitis/music_player_v2_plt/hw/design_1_wrapper.xsa
TRACE::2025-06-17.01:12:02::SCWPlatform:: Unique name xilinx:zybo-z7-10::0.0
TRACE::2025-06-17.01:12:02::SCWPlatform::Trying to set the existing hwdb with name design_1_wrapper_0
TRACE::2025-06-17.01:12:02::SCWPlatform::Opened existing hwdb design_1_wrapper_0
TRACE::2025-06-17.01:12:02::SCWPlatform::Found the Hw Db part of the input DSA
TRACE::2025-06-17.01:12:02::SCWMssOS::Checking the sw design at  D:/proyectosep2/IEE2463-SEP-Proyecto-2-Z8/music_player_v2/vitis/music_player_v2_plt/ps7_cortexa9_0/standalone_domain/bsp/system.mss
TRACE::2025-06-17.01:12:02::SCWMssOS::DEBUG:  swdes dump  D:/proyectosep2/IEE2463-SEP-Proyecto-2-Z8/music_player_v2/vitis/music_player_v2_plt/ps7_cortexa9_0/standalone_domain/bsp/system.mss|system_0||
D:/proyectosep2/IEE2463-SEP-Proyecto-2-Z8/music_player_v2/vitis/music_player_v2_plt/zynq_fsbl/zynq_fsbl_bsp/system.mss|system||

TRACE::2025-06-17.01:12:02::SCWMssOS::Sw design exists and opened at  D:/proyectosep2/IEE2463-SEP-Proyecto-2-Z8/music_player_v2/vitis/music_player_v2_plt/ps7_cortexa9_0/standalone_domain/bsp/system.mss
TRACE::2025-06-17.01:12:02::SCWMssOS::Saving the mss changes D:/proyectosep2/IEE2463-SEP-Proyecto-2-Z8/music_player_v2/vitis/music_player_v2_plt/zynq_fsbl/zynq_fsbl_bsp/system.mss
TRACE::2025-06-17.01:12:02::SCWMssOS::Found a swdesign opened with the mssfile.
TRACE::2025-06-17.01:12:02::SCWMssOS::Completed writemss as part of save.
TRACE::2025-06-17.01:12:02::SCWMssOS::Commit changes completed.
TRACE::2025-06-17.01:12:02::SCWMssOS::Saving the mss changes D:/proyectosep2/IEE2463-SEP-Proyecto-2-Z8/music_player_v2/vitis/music_player_v2_plt/ps7_cortexa9_0/standalone_domain/bsp/system.mss
TRACE::2025-06-17.01:12:02::SCWMssOS::Found a swdesign opened with the mssfile.
TRACE::2025-06-17.01:12:02::SCWMssOS::Completed writemss as part of save.
TRACE::2025-06-17.01:12:02::SCWMssOS::Commit changes completed.
TRACE::2025-06-17.01:12:02::SCWPlatform::Trying to open the hw design at D:/proyectosep2/IEE2463-SEP-Proyecto-2-Z8/music_player_v2/vitis/music_player_v2_plt/hw/design_1_wrapper.xsa
TRACE::2025-06-17.01:12:02::SCWPlatform::DSA given D:/proyectosep2/IEE2463-SEP-Proyecto-2-Z8/music_player_v2/vitis/music_player_v2_plt/hw/design_1_wrapper.xsa
TRACE::2025-06-17.01:12:02::SCWPlatform::DSA absoulate path D:/proyectosep2/IEE2463-SEP-Proyecto-2-Z8/music_player_v2/vitis/music_player_v2_plt/hw/design_1_wrapper.xsa
TRACE::2025-06-17.01:12:02::SCWPlatform::DSA directory D:/proyectosep2/IEE2463-SEP-Proyecto-2-Z8/music_player_v2/vitis/music_player_v2_plt/hw
TRACE::2025-06-17.01:12:02::SCWPlatform:: Platform Path D:/proyectosep2/IEE2463-SEP-Proyecto-2-Z8/music_player_v2/vitis/music_player_v2_plt/hw/design_1_wrapper.xsa
TRACE::2025-06-17.01:12:02::SCWPlatform:: Unique name xilinx:zybo-z7-10::0.0
TRACE::2025-06-17.01:12:02::SCWPlatform::Trying to set the existing hwdb with name design_1_wrapper_0
TRACE::2025-06-17.01:12:02::SCWPlatform::Opened existing hwdb design_1_wrapper_0
TRACE::2025-06-17.01:12:02::SCWPlatform::Found the Hw Db part of the input DSA
TRACE::2025-06-17.01:12:02::SCWMssOS::Checking the sw design at  D:/proyectosep2/IEE2463-SEP-Proyecto-2-Z8/music_player_v2/vitis/music_player_v2_plt/zynq_fsbl/zynq_fsbl_bsp/system.mss
TRACE::2025-06-17.01:12:02::SCWMssOS::DEBUG:  swdes dump  D:/proyectosep2/IEE2463-SEP-Proyecto-2-Z8/music_player_v2/vitis/music_player_v2_plt/ps7_cortexa9_0/standalone_domain/bsp/system.mss|system_0||
D:/proyectosep2/IEE2463-SEP-Proyecto-2-Z8/music_player_v2/vitis/music_player_v2_plt/zynq_fsbl/zynq_fsbl_bsp/system.mss|system||

TRACE::2025-06-17.01:12:02::SCWMssOS::Sw design exists and opened at  D:/proyectosep2/IEE2463-SEP-Proyecto-2-Z8/music_player_v2/vitis/music_player_v2_plt/zynq_fsbl/zynq_fsbl_bsp/system.mss
TRACE::2025-06-17.01:12:02::SCWPlatform::Trying to open the hw design at D:/proyectosep2/IEE2463-SEP-Proyecto-2-Z8/music_player_v2/vitis/music_player_v2_plt/hw/design_1_wrapper.xsa
TRACE::2025-06-17.01:12:02::SCWPlatform::DSA given D:/proyectosep2/IEE2463-SEP-Proyecto-2-Z8/music_player_v2/vitis/music_player_v2_plt/hw/design_1_wrapper.xsa
TRACE::2025-06-17.01:12:02::SCWPlatform::DSA absoulate path D:/proyectosep2/IEE2463-SEP-Proyecto-2-Z8/music_player_v2/vitis/music_player_v2_plt/hw/design_1_wrapper.xsa
TRACE::2025-06-17.01:12:02::SCWPlatform::DSA directory D:/proyectosep2/IEE2463-SEP-Proyecto-2-Z8/music_player_v2/vitis/music_player_v2_plt/hw
TRACE::2025-06-17.01:12:02::SCWPlatform:: Platform Path D:/proyectosep2/IEE2463-SEP-Proyecto-2-Z8/music_player_v2/vitis/music_player_v2_plt/hw/design_1_wrapper.xsa
TRACE::2025-06-17.01:12:02::SCWPlatform:: Unique name xilinx:zybo-z7-10::0.0
TRACE::2025-06-17.01:12:02::SCWPlatform::Trying to set the existing hwdb with name design_1_wrapper_0
TRACE::2025-06-17.01:12:02::SCWPlatform::Opened existing hwdb design_1_wrapper_0
TRACE::2025-06-17.01:12:02::SCWPlatform::Found the Hw Db part of the input DSA
TRACE::2025-06-17.01:12:02::SCWMssOS::Checking the sw design at  D:/proyectosep2/IEE2463-SEP-Proyecto-2-Z8/music_player_v2/vitis/music_player_v2_plt/zynq_fsbl/zynq_fsbl_bsp/system.mss
TRACE::2025-06-17.01:12:02::SCWMssOS::DEBUG:  swdes dump  D:/proyectosep2/IEE2463-SEP-Proyecto-2-Z8/music_player_v2/vitis/music_player_v2_plt/ps7_cortexa9_0/standalone_domain/bsp/system.mss|system_0||
D:/proyectosep2/IEE2463-SEP-Proyecto-2-Z8/music_player_v2/vitis/music_player_v2_plt/zynq_fsbl/zynq_fsbl_bsp/system.mss|system||

TRACE::2025-06-17.01:12:02::SCWMssOS::Sw design exists and opened at  D:/proyectosep2/IEE2463-SEP-Proyecto-2-Z8/music_player_v2/vitis/music_player_v2_plt/zynq_fsbl/zynq_fsbl_bsp/system.mss
TRACE::2025-06-17.01:12:02::SCWPlatform::Trying to open the hw design at D:/proyectosep2/IEE2463-SEP-Proyecto-2-Z8/music_player_v2/vitis/music_player_v2_plt/hw/design_1_wrapper.xsa
TRACE::2025-06-17.01:12:02::SCWPlatform::DSA given D:/proyectosep2/IEE2463-SEP-Proyecto-2-Z8/music_player_v2/vitis/music_player_v2_plt/hw/design_1_wrapper.xsa
TRACE::2025-06-17.01:12:02::SCWPlatform::DSA absoulate path D:/proyectosep2/IEE2463-SEP-Proyecto-2-Z8/music_player_v2/vitis/music_player_v2_plt/hw/design_1_wrapper.xsa
TRACE::2025-06-17.01:12:02::SCWPlatform::DSA directory D:/proyectosep2/IEE2463-SEP-Proyecto-2-Z8/music_player_v2/vitis/music_player_v2_plt/hw
TRACE::2025-06-17.01:12:02::SCWPlatform:: Platform Path D:/proyectosep2/IEE2463-SEP-Proyecto-2-Z8/music_player_v2/vitis/music_player_v2_plt/hw/design_1_wrapper.xsa
TRACE::2025-06-17.01:12:02::SCWPlatform:: Unique name xilinx:zybo-z7-10::0.0
TRACE::2025-06-17.01:12:02::SCWPlatform::Trying to set the existing hwdb with name design_1_wrapper_0
TRACE::2025-06-17.01:12:02::SCWPlatform::Opened existing hwdb design_1_wrapper_0
TRACE::2025-06-17.01:12:02::SCWPlatform::Found the Hw Db part of the input DSA
TRACE::2025-06-17.01:12:02::SCWMssOS::Checking the sw design at  D:/proyectosep2/IEE2463-SEP-Proyecto-2-Z8/music_player_v2/vitis/music_player_v2_plt/zynq_fsbl/zynq_fsbl_bsp/system.mss
TRACE::2025-06-17.01:12:02::SCWMssOS::DEBUG:  swdes dump  D:/proyectosep2/IEE2463-SEP-Proyecto-2-Z8/music_player_v2/vitis/music_player_v2_plt/ps7_cortexa9_0/standalone_domain/bsp/system.mss|system_0||
D:/proyectosep2/IEE2463-SEP-Proyecto-2-Z8/music_player_v2/vitis/music_player_v2_plt/zynq_fsbl/zynq_fsbl_bsp/system.mss|system||

TRACE::2025-06-17.01:12:02::SCWMssOS::Sw design exists and opened at  D:/proyectosep2/IEE2463-SEP-Proyecto-2-Z8/music_player_v2/vitis/music_player_v2_plt/zynq_fsbl/zynq_fsbl_bsp/system.mss
TRACE::2025-06-17.01:12:02::SCWPlatform::Trying to open the hw design at D:/proyectosep2/IEE2463-SEP-Proyecto-2-Z8/music_player_v2/vitis/music_player_v2_plt/hw/design_1_wrapper.xsa
TRACE::2025-06-17.01:12:02::SCWPlatform::DSA given D:/proyectosep2/IEE2463-SEP-Proyecto-2-Z8/music_player_v2/vitis/music_player_v2_plt/hw/design_1_wrapper.xsa
TRACE::2025-06-17.01:12:02::SCWPlatform::DSA absoulate path D:/proyectosep2/IEE2463-SEP-Proyecto-2-Z8/music_player_v2/vitis/music_player_v2_plt/hw/design_1_wrapper.xsa
TRACE::2025-06-17.01:12:02::SCWPlatform::DSA directory D:/proyectosep2/IEE2463-SEP-Proyecto-2-Z8/music_player_v2/vitis/music_player_v2_plt/hw
TRACE::2025-06-17.01:12:02::SCWPlatform:: Platform Path D:/proyectosep2/IEE2463-SEP-Proyecto-2-Z8/music_player_v2/vitis/music_player_v2_plt/hw/design_1_wrapper.xsa
TRACE::2025-06-17.01:12:02::SCWPlatform:: Unique name xilinx:zybo-z7-10::0.0
TRACE::2025-06-17.01:12:02::SCWPlatform::Trying to set the existing hwdb with name design_1_wrapper_0
TRACE::2025-06-17.01:12:02::SCWPlatform::Opened existing hwdb design_1_wrapper_0
TRACE::2025-06-17.01:12:02::SCWPlatform::Found the Hw Db part of the input DSA
TRACE::2025-06-17.01:12:02::SCWMssOS::Checking the sw design at  D:/proyectosep2/IEE2463-SEP-Proyecto-2-Z8/music_player_v2/vitis/music_player_v2_plt/ps7_cortexa9_0/standalone_domain/bsp/system.mss
TRACE::2025-06-17.01:12:02::SCWMssOS::DEBUG:  swdes dump  D:/proyectosep2/IEE2463-SEP-Proyecto-2-Z8/music_player_v2/vitis/music_player_v2_plt/ps7_cortexa9_0/standalone_domain/bsp/system.mss|system_0||
D:/proyectosep2/IEE2463-SEP-Proyecto-2-Z8/music_player_v2/vitis/music_player_v2_plt/zynq_fsbl/zynq_fsbl_bsp/system.mss|system||

TRACE::2025-06-17.01:12:02::SCWMssOS::Sw design exists and opened at  D:/proyectosep2/IEE2463-SEP-Proyecto-2-Z8/music_player_v2/vitis/music_player_v2_plt/ps7_cortexa9_0/standalone_domain/bsp/system.mss
TRACE::2025-06-17.01:12:02::SCWPlatform::Trying to open the hw design at D:/proyectosep2/IEE2463-SEP-Proyecto-2-Z8/music_player_v2/vitis/music_player_v2_plt/hw/design_1_wrapper.xsa
TRACE::2025-06-17.01:12:02::SCWPlatform::DSA given D:/proyectosep2/IEE2463-SEP-Proyecto-2-Z8/music_player_v2/vitis/music_player_v2_plt/hw/design_1_wrapper.xsa
TRACE::2025-06-17.01:12:02::SCWPlatform::DSA absoulate path D:/proyectosep2/IEE2463-SEP-Proyecto-2-Z8/music_player_v2/vitis/music_player_v2_plt/hw/design_1_wrapper.xsa
TRACE::2025-06-17.01:12:02::SCWPlatform::DSA directory D:/proyectosep2/IEE2463-SEP-Proyecto-2-Z8/music_player_v2/vitis/music_player_v2_plt/hw
TRACE::2025-06-17.01:12:02::SCWPlatform:: Platform Path D:/proyectosep2/IEE2463-SEP-Proyecto-2-Z8/music_player_v2/vitis/music_player_v2_plt/hw/design_1_wrapper.xsa
TRACE::2025-06-17.01:12:02::SCWPlatform:: Unique name xilinx:zybo-z7-10::0.0
TRACE::2025-06-17.01:12:02::SCWPlatform::Trying to set the existing hwdb with name design_1_wrapper_0
TRACE::2025-06-17.01:12:02::SCWPlatform::Opened existing hwdb design_1_wrapper_0
TRACE::2025-06-17.01:12:02::SCWPlatform::Found the Hw Db part of the input DSA
TRACE::2025-06-17.01:12:02::SCWMssOS::Checking the sw design at  D:/proyectosep2/IEE2463-SEP-Proyecto-2-Z8/music_player_v2/vitis/music_player_v2_plt/ps7_cortexa9_0/standalone_domain/bsp/system.mss
TRACE::2025-06-17.01:12:02::SCWMssOS::DEBUG:  swdes dump  D:/proyectosep2/IEE2463-SEP-Proyecto-2-Z8/music_player_v2/vitis/music_player_v2_plt/ps7_cortexa9_0/standalone_domain/bsp/system.mss|system_0||
D:/proyectosep2/IEE2463-SEP-Proyecto-2-Z8/music_player_v2/vitis/music_player_v2_plt/zynq_fsbl/zynq_fsbl_bsp/system.mss|system||

TRACE::2025-06-17.01:12:02::SCWMssOS::Sw design exists and opened at  D:/proyectosep2/IEE2463-SEP-Proyecto-2-Z8/music_player_v2/vitis/music_player_v2_plt/ps7_cortexa9_0/standalone_domain/bsp/system.mss
TRACE::2025-06-17.01:12:02::SCWPlatform::Trying to open the hw design at D:/proyectosep2/IEE2463-SEP-Proyecto-2-Z8/music_player_v2/vitis/music_player_v2_plt/hw/design_1_wrapper.xsa
TRACE::2025-06-17.01:12:02::SCWPlatform::DSA given D:/proyectosep2/IEE2463-SEP-Proyecto-2-Z8/music_player_v2/vitis/music_player_v2_plt/hw/design_1_wrapper.xsa
TRACE::2025-06-17.01:12:02::SCWPlatform::DSA absoulate path D:/proyectosep2/IEE2463-SEP-Proyecto-2-Z8/music_player_v2/vitis/music_player_v2_plt/hw/design_1_wrapper.xsa
TRACE::2025-06-17.01:12:02::SCWPlatform::DSA directory D:/proyectosep2/IEE2463-SEP-Proyecto-2-Z8/music_player_v2/vitis/music_player_v2_plt/hw
TRACE::2025-06-17.01:12:02::SCWPlatform:: Platform Path D:/proyectosep2/IEE2463-SEP-Proyecto-2-Z8/music_player_v2/vitis/music_player_v2_plt/hw/design_1_wrapper.xsa
TRACE::2025-06-17.01:12:02::SCWPlatform:: Unique name xilinx:zybo-z7-10::0.0
TRACE::2025-06-17.01:12:02::SCWPlatform::Trying to set the existing hwdb with name design_1_wrapper_0
TRACE::2025-06-17.01:12:02::SCWPlatform::Opened existing hwdb design_1_wrapper_0
TRACE::2025-06-17.01:12:02::SCWPlatform::Found the Hw Db part of the input DSA
TRACE::2025-06-17.01:12:02::SCWMssOS::Checking the sw design at  D:/proyectosep2/IEE2463-SEP-Proyecto-2-Z8/music_player_v2/vitis/music_player_v2_plt/ps7_cortexa9_0/standalone_domain/bsp/system.mss
TRACE::2025-06-17.01:12:02::SCWMssOS::DEBUG:  swdes dump  D:/proyectosep2/IEE2463-SEP-Proyecto-2-Z8/music_player_v2/vitis/music_player_v2_plt/ps7_cortexa9_0/standalone_domain/bsp/system.mss|system_0||
D:/proyectosep2/IEE2463-SEP-Proyecto-2-Z8/music_player_v2/vitis/music_player_v2_plt/zynq_fsbl/zynq_fsbl_bsp/system.mss|system||

TRACE::2025-06-17.01:12:02::SCWMssOS::Sw design exists and opened at  D:/proyectosep2/IEE2463-SEP-Proyecto-2-Z8/music_player_v2/vitis/music_player_v2_plt/ps7_cortexa9_0/standalone_domain/bsp/system.mss
TRACE::2025-06-17.01:12:02::SCWWriter::formatted JSON is {
	"platformName":	"music_player_v2_plt",
	"sprVersion":	"2.0",
	"mode":	"gui",
	"dsaType":	"Fixed",
	"platformDesc":	"music_player_v2_plt",
	"platHandOff":	"D:/proyectosep2/IEE2463-SEP-Proyecto-2-Z8/music_player_v2/project_1/design_1_wrapper.xsa",
	"platIntHandOff":	"<platformDir>/hw/design_1_wrapper.xsa",
	"deviceType":	"zynq",
	"platIsPrebuiltAutogen":	"false",
	"platIsNoBootBsp":	"false",
	"platFsblTarget":	"ps7_cortexa9_0",
	"hasFsblMakeHasChanges":	"false",
	"hasPmufwMakeHasChanges":	"false",
	"fsblExtraCompilerFlags":	"-MMD -MP       -mcpu=cortex-a9 -mfpu=vfpv3 -mfloat-abi=hard ",
	"platPreBuiltFlag":	false,
	"platformSamplesDir":	"",
	"platActiveSys":	"music_player_v2_plt",
	"systems":	[{
			"systemName":	"music_player_v2_plt",
			"systemDesc":	"music_player_v2_plt",
			"sysIsBootAutoGen":	"true",
			"systemDispName":	"music_player_v2_plt",
			"sysActiveDom":	"standalone_domain",
			"sysDefaultDom":	"standalone_domain",
			"domains":	[{
					"domainName":	"zynq_fsbl",
					"domainDispName":	"zynq_fsbl",
					"domainDesc":	"FSBL Application BSP - Auto Generated.",
					"processors":	"ps7_cortexa9_0",
					"os":	"standalone",
					"sdxOs":	"standalone",
					"debugEnable":	"",
					"domRuntimes":	["cpp"],
					"swRepo":	"",
					"mssOsVer":	"7.2",
					"mssFile":	"",
					"md5Digest":	"2cc1a00be57fefc4b5f8d35f1cb57176",
					"compatibleApp":	"zynq_fsbl",
					"domType":	"bootDomain",
					"appSettings":	{
						"appCompilerFlags":	"",
						"appLinkerFlags":	""
					},
					"addedLibs":	["xilffs:4.3", "xilrsa:1.6"],
					"libOptions":	{
						"libsContainingOptions":	[]
					},
					"prebuiltLibs":	{
						"prebuiltIncPath":	[],
						"prebuiltLibPath":	[]
					},
					"isolation":	{
					}
				}, {
					"domainName":	"standalone_domain",
					"domainDispName":	"standalone on ps7_cortexa9_0",
					"domainDesc":	"standalone_domain",
					"processors":	"ps7_cortexa9_0",
					"os":	"standalone",
					"sdxOs":	"standalone",
					"qemuArgs":	"D:/Xilinx/Vitis/2020.1/data/emulation/platforms/zynq/qemu/qemu_args.txt",
					"qemuData":	"D:/Xilinx/Vitis/2020.1/data/emulation/platforms/zynq/qemu/",
					"debugEnable":	"False",
					"domRuntimes":	["cpp"],
					"swRepo":	"",
					"mssOsVer":	"7.2",
					"mssFile":	"",
					"md5Digest":	"7c2903d5491ee5c801437af40f901373",
					"compatibleApp":	"",
					"domType":	"mssDomain",
					"appSettings":	{
						"appCompilerFlags":	"",
						"appLinkerFlags":	""
					},
					"addedLibs":	[],
					"libOptions":	{
						"libsContainingOptions":	[]
					},
					"prebuiltLibs":	{
						"prebuiltIncPath":	[],
						"prebuiltLibPath":	[]
					},
					"isolation":	{
					}
				}]
		}]
}
TRACE::2025-06-17.01:12:02::SCWMssOS::Saving the mss changes D:/proyectosep2/IEE2463-SEP-Proyecto-2-Z8/music_player_v2/vitis/music_player_v2_plt/zynq_fsbl/zynq_fsbl_bsp/system.mss
TRACE::2025-06-17.01:12:02::SCWMssOS::Found a swdesign opened with the mssfile.
TRACE::2025-06-17.01:12:02::SCWMssOS::Completed writemss as part of save.
TRACE::2025-06-17.01:12:02::SCWMssOS::Commit changes completed.
TRACE::2025-06-17.01:12:02::SCWMssOS::Saving the mss changes D:/proyectosep2/IEE2463-SEP-Proyecto-2-Z8/music_player_v2/vitis/music_player_v2_plt/ps7_cortexa9_0/standalone_domain/bsp/system.mss
TRACE::2025-06-17.01:12:02::SCWMssOS::Found a swdesign opened with the mssfile.
TRACE::2025-06-17.01:12:02::SCWMssOS::Completed writemss as part of save.
TRACE::2025-06-17.01:12:02::SCWMssOS::Commit changes completed.
TRACE::2025-06-17.01:12:02::SCWPlatform::Trying to open the hw design at D:/proyectosep2/IEE2463-SEP-Proyecto-2-Z8/music_player_v2/vitis/music_player_v2_plt/hw/design_1_wrapper.xsa
TRACE::2025-06-17.01:12:02::SCWPlatform::DSA given D:/proyectosep2/IEE2463-SEP-Proyecto-2-Z8/music_player_v2/vitis/music_player_v2_plt/hw/design_1_wrapper.xsa
TRACE::2025-06-17.01:12:02::SCWPlatform::DSA absoulate path D:/proyectosep2/IEE2463-SEP-Proyecto-2-Z8/music_player_v2/vitis/music_player_v2_plt/hw/design_1_wrapper.xsa
TRACE::2025-06-17.01:12:02::SCWPlatform::DSA directory D:/proyectosep2/IEE2463-SEP-Proyecto-2-Z8/music_player_v2/vitis/music_player_v2_plt/hw
TRACE::2025-06-17.01:12:02::SCWPlatform:: Platform Path D:/proyectosep2/IEE2463-SEP-Proyecto-2-Z8/music_player_v2/vitis/music_player_v2_plt/hw/design_1_wrapper.xsa
TRACE::2025-06-17.01:12:02::SCWPlatform:: Unique name xilinx:zybo-z7-10::0.0
TRACE::2025-06-17.01:12:02::SCWPlatform::Trying to set the existing hwdb with name design_1_wrapper_0
TRACE::2025-06-17.01:12:02::SCWPlatform::Opened existing hwdb design_1_wrapper_0
TRACE::2025-06-17.01:12:02::SCWPlatform::Found the Hw Db part of the input DSA
TRACE::2025-06-17.01:12:02::SCWMssOS::Checking the sw design at  D:/proyectosep2/IEE2463-SEP-Proyecto-2-Z8/music_player_v2/vitis/music_player_v2_plt/zynq_fsbl/zynq_fsbl_bsp/system.mss
TRACE::2025-06-17.01:12:02::SCWMssOS::DEBUG:  swdes dump  D:/proyectosep2/IEE2463-SEP-Proyecto-2-Z8/music_player_v2/vitis/music_player_v2_plt/ps7_cortexa9_0/standalone_domain/bsp/system.mss|system_0||
D:/proyectosep2/IEE2463-SEP-Proyecto-2-Z8/music_player_v2/vitis/music_player_v2_plt/zynq_fsbl/zynq_fsbl_bsp/system.mss|system||

TRACE::2025-06-17.01:12:02::SCWMssOS::Sw design exists and opened at  D:/proyectosep2/IEE2463-SEP-Proyecto-2-Z8/music_player_v2/vitis/music_player_v2_plt/zynq_fsbl/zynq_fsbl_bsp/system.mss
TRACE::2025-06-17.01:12:02::SCWPlatform::Trying to open the hw design at D:/proyectosep2/IEE2463-SEP-Proyecto-2-Z8/music_player_v2/vitis/music_player_v2_plt/hw/design_1_wrapper.xsa
TRACE::2025-06-17.01:12:02::SCWPlatform::DSA given D:/proyectosep2/IEE2463-SEP-Proyecto-2-Z8/music_player_v2/vitis/music_player_v2_plt/hw/design_1_wrapper.xsa
TRACE::2025-06-17.01:12:02::SCWPlatform::DSA absoulate path D:/proyectosep2/IEE2463-SEP-Proyecto-2-Z8/music_player_v2/vitis/music_player_v2_plt/hw/design_1_wrapper.xsa
TRACE::2025-06-17.01:12:02::SCWPlatform::DSA directory D:/proyectosep2/IEE2463-SEP-Proyecto-2-Z8/music_player_v2/vitis/music_player_v2_plt/hw
TRACE::2025-06-17.01:12:02::SCWPlatform:: Platform Path D:/proyectosep2/IEE2463-SEP-Proyecto-2-Z8/music_player_v2/vitis/music_player_v2_plt/hw/design_1_wrapper.xsa
TRACE::2025-06-17.01:12:02::SCWPlatform:: Unique name xilinx:zybo-z7-10::0.0
TRACE::2025-06-17.01:12:02::SCWPlatform::Trying to set the existing hwdb with name design_1_wrapper_0
TRACE::2025-06-17.01:12:02::SCWPlatform::Opened existing hwdb design_1_wrapper_0
TRACE::2025-06-17.01:12:02::SCWPlatform::Found the Hw Db part of the input DSA
TRACE::2025-06-17.01:12:02::SCWMssOS::Checking the sw design at  D:/proyectosep2/IEE2463-SEP-Proyecto-2-Z8/music_player_v2/vitis/music_player_v2_plt/zynq_fsbl/zynq_fsbl_bsp/system.mss
TRACE::2025-06-17.01:12:02::SCWMssOS::DEBUG:  swdes dump  D:/proyectosep2/IEE2463-SEP-Proyecto-2-Z8/music_player_v2/vitis/music_player_v2_plt/ps7_cortexa9_0/standalone_domain/bsp/system.mss|system_0||
D:/proyectosep2/IEE2463-SEP-Proyecto-2-Z8/music_player_v2/vitis/music_player_v2_plt/zynq_fsbl/zynq_fsbl_bsp/system.mss|system||

TRACE::2025-06-17.01:12:02::SCWMssOS::Sw design exists and opened at  D:/proyectosep2/IEE2463-SEP-Proyecto-2-Z8/music_player_v2/vitis/music_player_v2_plt/zynq_fsbl/zynq_fsbl_bsp/system.mss
TRACE::2025-06-17.01:12:02::SCWPlatform::Trying to open the hw design at D:/proyectosep2/IEE2463-SEP-Proyecto-2-Z8/music_player_v2/vitis/music_player_v2_plt/hw/design_1_wrapper.xsa
TRACE::2025-06-17.01:12:02::SCWPlatform::DSA given D:/proyectosep2/IEE2463-SEP-Proyecto-2-Z8/music_player_v2/vitis/music_player_v2_plt/hw/design_1_wrapper.xsa
TRACE::2025-06-17.01:12:02::SCWPlatform::DSA absoulate path D:/proyectosep2/IEE2463-SEP-Proyecto-2-Z8/music_player_v2/vitis/music_player_v2_plt/hw/design_1_wrapper.xsa
TRACE::2025-06-17.01:12:02::SCWPlatform::DSA directory D:/proyectosep2/IEE2463-SEP-Proyecto-2-Z8/music_player_v2/vitis/music_player_v2_plt/hw
TRACE::2025-06-17.01:12:02::SCWPlatform:: Platform Path D:/proyectosep2/IEE2463-SEP-Proyecto-2-Z8/music_player_v2/vitis/music_player_v2_plt/hw/design_1_wrapper.xsa
TRACE::2025-06-17.01:12:02::SCWPlatform:: Unique name xilinx:zybo-z7-10::0.0
TRACE::2025-06-17.01:12:02::SCWPlatform::Trying to set the existing hwdb with name design_1_wrapper_0
TRACE::2025-06-17.01:12:02::SCWPlatform::Opened existing hwdb design_1_wrapper_0
TRACE::2025-06-17.01:12:02::SCWPlatform::Found the Hw Db part of the input DSA
TRACE::2025-06-17.01:12:02::SCWMssOS::Checking the sw design at  D:/proyectosep2/IEE2463-SEP-Proyecto-2-Z8/music_player_v2/vitis/music_player_v2_plt/zynq_fsbl/zynq_fsbl_bsp/system.mss
TRACE::2025-06-17.01:12:02::SCWMssOS::DEBUG:  swdes dump  D:/proyectosep2/IEE2463-SEP-Proyecto-2-Z8/music_player_v2/vitis/music_player_v2_plt/ps7_cortexa9_0/standalone_domain/bsp/system.mss|system_0||
D:/proyectosep2/IEE2463-SEP-Proyecto-2-Z8/music_player_v2/vitis/music_player_v2_plt/zynq_fsbl/zynq_fsbl_bsp/system.mss|system||

TRACE::2025-06-17.01:12:02::SCWMssOS::Sw design exists and opened at  D:/proyectosep2/IEE2463-SEP-Proyecto-2-Z8/music_player_v2/vitis/music_player_v2_plt/zynq_fsbl/zynq_fsbl_bsp/system.mss
TRACE::2025-06-17.01:12:02::SCWPlatform::Trying to open the hw design at D:/proyectosep2/IEE2463-SEP-Proyecto-2-Z8/music_player_v2/vitis/music_player_v2_plt/hw/design_1_wrapper.xsa
TRACE::2025-06-17.01:12:02::SCWPlatform::DSA given D:/proyectosep2/IEE2463-SEP-Proyecto-2-Z8/music_player_v2/vitis/music_player_v2_plt/hw/design_1_wrapper.xsa
TRACE::2025-06-17.01:12:02::SCWPlatform::DSA absoulate path D:/proyectosep2/IEE2463-SEP-Proyecto-2-Z8/music_player_v2/vitis/music_player_v2_plt/hw/design_1_wrapper.xsa
TRACE::2025-06-17.01:12:02::SCWPlatform::DSA directory D:/proyectosep2/IEE2463-SEP-Proyecto-2-Z8/music_player_v2/vitis/music_player_v2_plt/hw
TRACE::2025-06-17.01:12:02::SCWPlatform:: Platform Path D:/proyectosep2/IEE2463-SEP-Proyecto-2-Z8/music_player_v2/vitis/music_player_v2_plt/hw/design_1_wrapper.xsa
TRACE::2025-06-17.01:12:02::SCWPlatform:: Unique name xilinx:zybo-z7-10::0.0
TRACE::2025-06-17.01:12:02::SCWPlatform::Trying to set the existing hwdb with name design_1_wrapper_0
TRACE::2025-06-17.01:12:02::SCWPlatform::Opened existing hwdb design_1_wrapper_0
TRACE::2025-06-17.01:12:02::SCWPlatform::Found the Hw Db part of the input DSA
TRACE::2025-06-17.01:12:02::SCWMssOS::Checking the sw design at  D:/proyectosep2/IEE2463-SEP-Proyecto-2-Z8/music_player_v2/vitis/music_player_v2_plt/ps7_cortexa9_0/standalone_domain/bsp/system.mss
TRACE::2025-06-17.01:12:02::SCWMssOS::DEBUG:  swdes dump  D:/proyectosep2/IEE2463-SEP-Proyecto-2-Z8/music_player_v2/vitis/music_player_v2_plt/ps7_cortexa9_0/standalone_domain/bsp/system.mss|system_0||
D:/proyectosep2/IEE2463-SEP-Proyecto-2-Z8/music_player_v2/vitis/music_player_v2_plt/zynq_fsbl/zynq_fsbl_bsp/system.mss|system||

TRACE::2025-06-17.01:12:02::SCWMssOS::Sw design exists and opened at  D:/proyectosep2/IEE2463-SEP-Proyecto-2-Z8/music_player_v2/vitis/music_player_v2_plt/ps7_cortexa9_0/standalone_domain/bsp/system.mss
TRACE::2025-06-17.01:12:02::SCWPlatform::Trying to open the hw design at D:/proyectosep2/IEE2463-SEP-Proyecto-2-Z8/music_player_v2/vitis/music_player_v2_plt/hw/design_1_wrapper.xsa
TRACE::2025-06-17.01:12:02::SCWPlatform::DSA given D:/proyectosep2/IEE2463-SEP-Proyecto-2-Z8/music_player_v2/vitis/music_player_v2_plt/hw/design_1_wrapper.xsa
TRACE::2025-06-17.01:12:02::SCWPlatform::DSA absoulate path D:/proyectosep2/IEE2463-SEP-Proyecto-2-Z8/music_player_v2/vitis/music_player_v2_plt/hw/design_1_wrapper.xsa
TRACE::2025-06-17.01:12:02::SCWPlatform::DSA directory D:/proyectosep2/IEE2463-SEP-Proyecto-2-Z8/music_player_v2/vitis/music_player_v2_plt/hw
TRACE::2025-06-17.01:12:02::SCWPlatform:: Platform Path D:/proyectosep2/IEE2463-SEP-Proyecto-2-Z8/music_player_v2/vitis/music_player_v2_plt/hw/design_1_wrapper.xsa
TRACE::2025-06-17.01:12:02::SCWPlatform:: Unique name xilinx:zybo-z7-10::0.0
TRACE::2025-06-17.01:12:02::SCWPlatform::Trying to set the existing hwdb with name design_1_wrapper_0
TRACE::2025-06-17.01:12:02::SCWPlatform::Opened existing hwdb design_1_wrapper_0
TRACE::2025-06-17.01:12:02::SCWPlatform::Found the Hw Db part of the input DSA
TRACE::2025-06-17.01:12:02::SCWMssOS::Checking the sw design at  D:/proyectosep2/IEE2463-SEP-Proyecto-2-Z8/music_player_v2/vitis/music_player_v2_plt/ps7_cortexa9_0/standalone_domain/bsp/system.mss
TRACE::2025-06-17.01:12:02::SCWMssOS::DEBUG:  swdes dump  D:/proyectosep2/IEE2463-SEP-Proyecto-2-Z8/music_player_v2/vitis/music_player_v2_plt/ps7_cortexa9_0/standalone_domain/bsp/system.mss|system_0||
D:/proyectosep2/IEE2463-SEP-Proyecto-2-Z8/music_player_v2/vitis/music_player_v2_plt/zynq_fsbl/zynq_fsbl_bsp/system.mss|system||

TRACE::2025-06-17.01:12:02::SCWMssOS::Sw design exists and opened at  D:/proyectosep2/IEE2463-SEP-Proyecto-2-Z8/music_player_v2/vitis/music_player_v2_plt/ps7_cortexa9_0/standalone_domain/bsp/system.mss
TRACE::2025-06-17.01:12:02::SCWPlatform::Trying to open the hw design at D:/proyectosep2/IEE2463-SEP-Proyecto-2-Z8/music_player_v2/vitis/music_player_v2_plt/hw/design_1_wrapper.xsa
TRACE::2025-06-17.01:12:02::SCWPlatform::DSA given D:/proyectosep2/IEE2463-SEP-Proyecto-2-Z8/music_player_v2/vitis/music_player_v2_plt/hw/design_1_wrapper.xsa
TRACE::2025-06-17.01:12:02::SCWPlatform::DSA absoulate path D:/proyectosep2/IEE2463-SEP-Proyecto-2-Z8/music_player_v2/vitis/music_player_v2_plt/hw/design_1_wrapper.xsa
TRACE::2025-06-17.01:12:02::SCWPlatform::DSA directory D:/proyectosep2/IEE2463-SEP-Proyecto-2-Z8/music_player_v2/vitis/music_player_v2_plt/hw
TRACE::2025-06-17.01:12:02::SCWPlatform:: Platform Path D:/proyectosep2/IEE2463-SEP-Proyecto-2-Z8/music_player_v2/vitis/music_player_v2_plt/hw/design_1_wrapper.xsa
TRACE::2025-06-17.01:12:02::SCWPlatform:: Unique name xilinx:zybo-z7-10::0.0
TRACE::2025-06-17.01:12:02::SCWPlatform::Trying to set the existing hwdb with name design_1_wrapper_0
TRACE::2025-06-17.01:12:02::SCWPlatform::Opened existing hwdb design_1_wrapper_0
TRACE::2025-06-17.01:12:02::SCWPlatform::Found the Hw Db part of the input DSA
TRACE::2025-06-17.01:12:02::SCWMssOS::Checking the sw design at  D:/proyectosep2/IEE2463-SEP-Proyecto-2-Z8/music_player_v2/vitis/music_player_v2_plt/ps7_cortexa9_0/standalone_domain/bsp/system.mss
TRACE::2025-06-17.01:12:02::SCWMssOS::DEBUG:  swdes dump  D:/proyectosep2/IEE2463-SEP-Proyecto-2-Z8/music_player_v2/vitis/music_player_v2_plt/ps7_cortexa9_0/standalone_domain/bsp/system.mss|system_0||
D:/proyectosep2/IEE2463-SEP-Proyecto-2-Z8/music_player_v2/vitis/music_player_v2_plt/zynq_fsbl/zynq_fsbl_bsp/system.mss|system||

TRACE::2025-06-17.01:12:02::SCWMssOS::Sw design exists and opened at  D:/proyectosep2/IEE2463-SEP-Proyecto-2-Z8/music_player_v2/vitis/music_player_v2_plt/ps7_cortexa9_0/standalone_domain/bsp/system.mss
TRACE::2025-06-17.01:12:02::SCWWriter::formatted JSON is {
	"platformName":	"music_player_v2_plt",
	"sprVersion":	"2.0",
	"mode":	"gui",
	"dsaType":	"Fixed",
	"platformDesc":	"music_player_v2_plt",
	"platHandOff":	"D:/proyectosep2/IEE2463-SEP-Proyecto-2-Z8/music_player_v2/project_1/design_1_wrapper.xsa",
	"platIntHandOff":	"<platformDir>/hw/design_1_wrapper.xsa",
	"deviceType":	"zynq",
	"platIsPrebuiltAutogen":	"false",
	"platIsNoBootBsp":	"false",
	"platFsblTarget":	"ps7_cortexa9_0",
	"hasFsblMakeHasChanges":	"false",
	"hasPmufwMakeHasChanges":	"false",
	"fsblExtraCompilerFlags":	"-MMD -MP       -mcpu=cortex-a9 -mfpu=vfpv3 -mfloat-abi=hard ",
	"platPreBuiltFlag":	false,
	"platformSamplesDir":	"",
	"platActiveSys":	"music_player_v2_plt",
	"systems":	[{
			"systemName":	"music_player_v2_plt",
			"systemDesc":	"music_player_v2_plt",
			"sysIsBootAutoGen":	"true",
			"systemDispName":	"music_player_v2_plt",
			"sysActiveDom":	"standalone_domain",
			"sysDefaultDom":	"standalone_domain",
			"domains":	[{
					"domainName":	"zynq_fsbl",
					"domainDispName":	"zynq_fsbl",
					"domainDesc":	"FSBL Application BSP - Auto Generated.",
					"processors":	"ps7_cortexa9_0",
					"os":	"standalone",
					"sdxOs":	"standalone",
					"debugEnable":	"",
					"domRuntimes":	["cpp"],
					"swRepo":	"",
					"mssOsVer":	"7.2",
					"mssFile":	"",
					"md5Digest":	"2cc1a00be57fefc4b5f8d35f1cb57176",
					"compatibleApp":	"zynq_fsbl",
					"domType":	"bootDomain",
					"appSettings":	{
						"appCompilerFlags":	"",
						"appLinkerFlags":	""
					},
					"addedLibs":	["xilffs:4.3", "xilrsa:1.6"],
					"libOptions":	{
						"libsContainingOptions":	[]
					},
					"prebuiltLibs":	{
						"prebuiltIncPath":	[],
						"prebuiltLibPath":	[]
					},
					"isolation":	{
					}
				}, {
					"domainName":	"standalone_domain",
					"domainDispName":	"standalone on ps7_cortexa9_0",
					"domainDesc":	"standalone_domain",
					"processors":	"ps7_cortexa9_0",
					"os":	"standalone",
					"sdxOs":	"standalone",
					"qemuArgs":	"D:/Xilinx/Vitis/2020.1/data/emulation/platforms/zynq/qemu/qemu_args.txt",
					"qemuData":	"D:/Xilinx/Vitis/2020.1/data/emulation/platforms/zynq/qemu/",
					"debugEnable":	"False",
					"domRuntimes":	["cpp"],
					"swRepo":	"",
					"mssOsVer":	"7.2",
					"mssFile":	"",
					"md5Digest":	"7c2903d5491ee5c801437af40f901373",
					"compatibleApp":	"",
					"domType":	"mssDomain",
					"appSettings":	{
						"appCompilerFlags":	"",
						"appLinkerFlags":	""
					},
					"addedLibs":	[],
					"libOptions":	{
						"libsContainingOptions":	[]
					},
					"prebuiltLibs":	{
						"prebuiltIncPath":	[],
						"prebuiltLibPath":	[]
					},
					"isolation":	{
					}
				}]
		}]
}
TRACE::2025-06-17.01:12:03::SCWPlatform::Clearing the existing platform
TRACE::2025-06-17.01:12:03::SCWSystem::Clearing the existing sysconfig
TRACE::2025-06-17.01:12:03::SCWBDomain::clearing the fsbl build
TRACE::2025-06-17.01:12:03::SCWMssOS::Removing the swdes entry for  D:/proyectosep2/IEE2463-SEP-Proyecto-2-Z8/music_player_v2/vitis/music_player_v2_plt/zynq_fsbl/zynq_fsbl_bsp/system.mss
TRACE::2025-06-17.01:12:03::SCWMssOS::Removing the swdes entry for  D:/proyectosep2/IEE2463-SEP-Proyecto-2-Z8/music_player_v2/vitis/music_player_v2_plt/ps7_cortexa9_0/standalone_domain/bsp/system.mss
TRACE::2025-06-17.01:12:03::SCWSystem::Clearing the domains completed.
TRACE::2025-06-17.01:12:03::SCWPlatform::Clearing the opened hw db.
TRACE::2025-06-17.01:12:03::SCWPlatform::DSA given D:/proyectosep2/IEE2463-SEP-Proyecto-2-Z8/music_player_v2/vitis/music_player_v2_plt/hw/design_1_wrapper.xsa
TRACE::2025-06-17.01:12:03::SCWPlatform::DSA absoulate path D:/proyectosep2/IEE2463-SEP-Proyecto-2-Z8/music_player_v2/vitis/music_player_v2_plt/hw/design_1_wrapper.xsa
TRACE::2025-06-17.01:12:03::SCWPlatform:: Platform location is D:/proyectosep2/IEE2463-SEP-Proyecto-2-Z8/music_player_v2/vitis/music_player_v2_plt/hw
TRACE::2025-06-17.01:12:03::SCWPlatform:: Platform Path D:/proyectosep2/IEE2463-SEP-Proyecto-2-Z8/music_player_v2/vitis/music_player_v2_plt/hw/design_1_wrapper.xsa
TRACE::2025-06-17.01:12:03::SCWPlatform:: Unique name xilinx:zybo-z7-10::0.0
TRACE::2025-06-17.01:12:03::SCWPlatform::Removing the HwDB with name D:/proyectosep2/IEE2463-SEP-Proyecto-2-Z8/music_player_v2/vitis/music_player_v2_plt/hw/design_1_wrapper.xsa
TRACE::2025-06-17.01:12:03::SCWPlatform::Trying to open the hw design at D:/proyectosep2/IEE2463-SEP-Proyecto-2-Z8/music_player_v2/vitis/music_player_v2_plt/hw/design_1_wrapper.xsa
TRACE::2025-06-17.01:12:03::SCWPlatform::DSA given D:/proyectosep2/IEE2463-SEP-Proyecto-2-Z8/music_player_v2/vitis/music_player_v2_plt/hw/design_1_wrapper.xsa
TRACE::2025-06-17.01:12:03::SCWPlatform::DSA absoulate path D:/proyectosep2/IEE2463-SEP-Proyecto-2-Z8/music_player_v2/vitis/music_player_v2_plt/hw/design_1_wrapper.xsa
TRACE::2025-06-17.01:12:03::SCWPlatform::DSA directory D:/proyectosep2/IEE2463-SEP-Proyecto-2-Z8/music_player_v2/vitis/music_player_v2_plt/hw
TRACE::2025-06-17.01:12:03::SCWPlatform:: Platform Path D:/proyectosep2/IEE2463-SEP-Proyecto-2-Z8/music_player_v2/vitis/music_player_v2_plt/hw/design_1_wrapper.xsa
TRACE::2025-06-17.01:12:03::SCWPlatform:: Unique name xilinx:zybo-z7-10::0.0
TRACE::2025-06-17.01:12:03::SCWPlatform::Do not have an existing db opened. 
TRACE::2025-06-17.01:12:07::SCWPlatform::Opened new HwDB with name design_1_wrapper_1
TRACE::2025-06-17.01:12:07::SCWReader::Active system found as  music_player_v2_plt
TRACE::2025-06-17.01:12:07::SCWReader::Handling sysconfig music_player_v2_plt
TRACE::2025-06-17.01:12:07::SCWDomain::checking for install qemu data   : 
TRACE::2025-06-17.01:12:07::SCWDomain:: Using the QEMU Data from install at  : D:/Xilinx/Vitis/2020.1/data/emulation/platforms/zynq/qemu/
TRACE::2025-06-17.01:12:07::SCWDomain:: Using the QEMU args  from install at  : D:/Xilinx/Vitis/2020.1/data/emulation/platforms/zynq/qemu/qemu_args.txt
TRACE::2025-06-17.01:12:07::SCWPlatform::Trying to open the hw design at D:/proyectosep2/IEE2463-SEP-Proyecto-2-Z8/music_player_v2/vitis/music_player_v2_plt/hw/design_1_wrapper.xsa
TRACE::2025-06-17.01:12:07::SCWPlatform::DSA given D:/proyectosep2/IEE2463-SEP-Proyecto-2-Z8/music_player_v2/vitis/music_player_v2_plt/hw/design_1_wrapper.xsa
TRACE::2025-06-17.01:12:07::SCWPlatform::DSA absoulate path D:/proyectosep2/IEE2463-SEP-Proyecto-2-Z8/music_player_v2/vitis/music_player_v2_plt/hw/design_1_wrapper.xsa
TRACE::2025-06-17.01:12:07::SCWPlatform::DSA directory D:/proyectosep2/IEE2463-SEP-Proyecto-2-Z8/music_player_v2/vitis/music_player_v2_plt/hw
TRACE::2025-06-17.01:12:07::SCWPlatform:: Platform Path D:/proyectosep2/IEE2463-SEP-Proyecto-2-Z8/music_player_v2/vitis/music_player_v2_plt/hw/design_1_wrapper.xsa
TRACE::2025-06-17.01:12:07::SCWPlatform:: Unique name xilinx:zybo-z7-10::0.0
TRACE::2025-06-17.01:12:07::SCWPlatform::Trying to set the existing hwdb with name design_1_wrapper_1
TRACE::2025-06-17.01:12:07::SCWPlatform::Opened existing hwdb design_1_wrapper_1
TRACE::2025-06-17.01:12:07::SCWPlatform::Found the Hw Db part of the input DSA
TRACE::2025-06-17.01:12:07::SCWPlatform::Trying to open the hw design at D:/proyectosep2/IEE2463-SEP-Proyecto-2-Z8/music_player_v2/vitis/music_player_v2_plt/hw/design_1_wrapper.xsa
TRACE::2025-06-17.01:12:07::SCWPlatform::DSA given D:/proyectosep2/IEE2463-SEP-Proyecto-2-Z8/music_player_v2/vitis/music_player_v2_plt/hw/design_1_wrapper.xsa
TRACE::2025-06-17.01:12:07::SCWPlatform::DSA absoulate path D:/proyectosep2/IEE2463-SEP-Proyecto-2-Z8/music_player_v2/vitis/music_player_v2_plt/hw/design_1_wrapper.xsa
TRACE::2025-06-17.01:12:07::SCWPlatform::DSA directory D:/proyectosep2/IEE2463-SEP-Proyecto-2-Z8/music_player_v2/vitis/music_player_v2_plt/hw
TRACE::2025-06-17.01:12:07::SCWPlatform:: Platform Path D:/proyectosep2/IEE2463-SEP-Proyecto-2-Z8/music_player_v2/vitis/music_player_v2_plt/hw/design_1_wrapper.xsa
TRACE::2025-06-17.01:12:07::SCWPlatform:: Unique name xilinx:zybo-z7-10::0.0
TRACE::2025-06-17.01:12:07::SCWPlatform::Trying to set the existing hwdb with name design_1_wrapper_1
TRACE::2025-06-17.01:12:07::SCWPlatform::Opened existing hwdb design_1_wrapper_1
TRACE::2025-06-17.01:12:07::SCWPlatform::Found the Hw Db part of the input DSA
TRACE::2025-06-17.01:12:07::SCWPlatform::Trying to open the hw design at D:/proyectosep2/IEE2463-SEP-Proyecto-2-Z8/music_player_v2/vitis/music_player_v2_plt/hw/design_1_wrapper.xsa
TRACE::2025-06-17.01:12:07::SCWPlatform::DSA given D:/proyectosep2/IEE2463-SEP-Proyecto-2-Z8/music_player_v2/vitis/music_player_v2_plt/hw/design_1_wrapper.xsa
TRACE::2025-06-17.01:12:07::SCWPlatform::DSA absoulate path D:/proyectosep2/IEE2463-SEP-Proyecto-2-Z8/music_player_v2/vitis/music_player_v2_plt/hw/design_1_wrapper.xsa
TRACE::2025-06-17.01:12:07::SCWPlatform::DSA directory D:/proyectosep2/IEE2463-SEP-Proyecto-2-Z8/music_player_v2/vitis/music_player_v2_plt/hw
TRACE::2025-06-17.01:12:07::SCWPlatform:: Platform Path D:/proyectosep2/IEE2463-SEP-Proyecto-2-Z8/music_player_v2/vitis/music_player_v2_plt/hw/design_1_wrapper.xsa
TRACE::2025-06-17.01:12:07::SCWPlatform:: Unique name xilinx:zybo-z7-10::0.0
TRACE::2025-06-17.01:12:07::SCWPlatform::Trying to set the existing hwdb with name design_1_wrapper_1
TRACE::2025-06-17.01:12:07::SCWPlatform::Opened existing hwdb design_1_wrapper_1
TRACE::2025-06-17.01:12:07::SCWPlatform::Found the Hw Db part of the input DSA
TRACE::2025-06-17.01:12:07::SCWReader::Boot application domain added for zynq_fsbl
TRACE::2025-06-17.01:12:07::SCWPlatform::Trying to open the hw design at D:/proyectosep2/IEE2463-SEP-Proyecto-2-Z8/music_player_v2/vitis/music_player_v2_plt/hw/design_1_wrapper.xsa
TRACE::2025-06-17.01:12:07::SCWPlatform::DSA given D:/proyectosep2/IEE2463-SEP-Proyecto-2-Z8/music_player_v2/vitis/music_player_v2_plt/hw/design_1_wrapper.xsa
TRACE::2025-06-17.01:12:07::SCWPlatform::DSA absoulate path D:/proyectosep2/IEE2463-SEP-Proyecto-2-Z8/music_player_v2/vitis/music_player_v2_plt/hw/design_1_wrapper.xsa
TRACE::2025-06-17.01:12:07::SCWPlatform::DSA directory D:/proyectosep2/IEE2463-SEP-Proyecto-2-Z8/music_player_v2/vitis/music_player_v2_plt/hw
TRACE::2025-06-17.01:12:07::SCWPlatform:: Platform Path D:/proyectosep2/IEE2463-SEP-Proyecto-2-Z8/music_player_v2/vitis/music_player_v2_plt/hw/design_1_wrapper.xsa
TRACE::2025-06-17.01:12:07::SCWPlatform:: Unique name xilinx:zybo-z7-10::0.0
TRACE::2025-06-17.01:12:07::SCWPlatform::Trying to set the existing hwdb with name design_1_wrapper_1
TRACE::2025-06-17.01:12:07::SCWPlatform::Opened existing hwdb design_1_wrapper_1
TRACE::2025-06-17.01:12:07::SCWPlatform::Found the Hw Db part of the input DSA
TRACE::2025-06-17.01:12:07::SCWMssOS::Checking the sw design at  D:/proyectosep2/IEE2463-SEP-Proyecto-2-Z8/music_player_v2/vitis/music_player_v2_plt/zynq_fsbl/zynq_fsbl_bsp/system.mss
TRACE::2025-06-17.01:12:07::SCWMssOS::DEBUG:  swdes dump  
TRACE::2025-06-17.01:12:07::SCWMssOS::No sw design opened at  D:/proyectosep2/IEE2463-SEP-Proyecto-2-Z8/music_player_v2/vitis/music_player_v2_plt/zynq_fsbl/zynq_fsbl_bsp/system.mss
TRACE::2025-06-17.01:12:07::SCWMssOS::mss exists loading the mss file  D:/proyectosep2/IEE2463-SEP-Proyecto-2-Z8/music_player_v2/vitis/music_player_v2_plt/zynq_fsbl/zynq_fsbl_bsp/system.mss
TRACE::2025-06-17.01:12:07::SCWMssOS::Opened the sw design from mss  D:/proyectosep2/IEE2463-SEP-Proyecto-2-Z8/music_player_v2/vitis/music_player_v2_plt/zynq_fsbl/zynq_fsbl_bsp/system.mss
TRACE::2025-06-17.01:12:07::SCWMssOS::Adding the swdes entry D:/proyectosep2/IEE2463-SEP-Proyecto-2-Z8/music_player_v2/vitis/music_player_v2_plt/zynq_fsbl/zynq_fsbl_bsp/system.mss with des name system
TRACE::2025-06-17.01:12:07::SCWMssOS::updating the scw layer about changes
TRACE::2025-06-17.01:12:07::SCWMssOS::Opened the sw design.  D:/proyectosep2/IEE2463-SEP-Proyecto-2-Z8/music_player_v2/vitis/music_player_v2_plt/zynq_fsbl/zynq_fsbl_bsp/system.mss
TRACE::2025-06-17.01:12:07::SCWPlatform::Trying to open the hw design at D:/proyectosep2/IEE2463-SEP-Proyecto-2-Z8/music_player_v2/vitis/music_player_v2_plt/hw/design_1_wrapper.xsa
TRACE::2025-06-17.01:12:07::SCWPlatform::DSA given D:/proyectosep2/IEE2463-SEP-Proyecto-2-Z8/music_player_v2/vitis/music_player_v2_plt/hw/design_1_wrapper.xsa
TRACE::2025-06-17.01:12:07::SCWPlatform::DSA absoulate path D:/proyectosep2/IEE2463-SEP-Proyecto-2-Z8/music_player_v2/vitis/music_player_v2_plt/hw/design_1_wrapper.xsa
TRACE::2025-06-17.01:12:07::SCWPlatform::DSA directory D:/proyectosep2/IEE2463-SEP-Proyecto-2-Z8/music_player_v2/vitis/music_player_v2_plt/hw
TRACE::2025-06-17.01:12:07::SCWPlatform:: Platform Path D:/proyectosep2/IEE2463-SEP-Proyecto-2-Z8/music_player_v2/vitis/music_player_v2_plt/hw/design_1_wrapper.xsa
TRACE::2025-06-17.01:12:07::SCWPlatform:: Unique name xilinx:zybo-z7-10::0.0
TRACE::2025-06-17.01:12:07::SCWPlatform::Trying to set the existing hwdb with name design_1_wrapper_1
TRACE::2025-06-17.01:12:07::SCWPlatform::Opened existing hwdb design_1_wrapper_1
TRACE::2025-06-17.01:12:07::SCWPlatform::Found the Hw Db part of the input DSA
TRACE::2025-06-17.01:12:07::SCWMssOS::Checking the sw design at  D:/proyectosep2/IEE2463-SEP-Proyecto-2-Z8/music_player_v2/vitis/music_player_v2_plt/zynq_fsbl/zynq_fsbl_bsp/system.mss
TRACE::2025-06-17.01:12:07::SCWMssOS::DEBUG:  swdes dump  D:/proyectosep2/IEE2463-SEP-Proyecto-2-Z8/music_player_v2/vitis/music_player_v2_plt/zynq_fsbl/zynq_fsbl_bsp/system.mss|system||

TRACE::2025-06-17.01:12:07::SCWMssOS::Sw design exists and opened at  D:/proyectosep2/IEE2463-SEP-Proyecto-2-Z8/music_player_v2/vitis/music_player_v2_plt/zynq_fsbl/zynq_fsbl_bsp/system.mss
TRACE::2025-06-17.01:12:07::SCWMssOS:: library already available in sw design:  xilffs:4.3
TRACE::2025-06-17.01:12:07::SCWPlatform::Trying to open the hw design at D:/proyectosep2/IEE2463-SEP-Proyecto-2-Z8/music_player_v2/vitis/music_player_v2_plt/hw/design_1_wrapper.xsa
TRACE::2025-06-17.01:12:07::SCWPlatform::DSA given D:/proyectosep2/IEE2463-SEP-Proyecto-2-Z8/music_player_v2/vitis/music_player_v2_plt/hw/design_1_wrapper.xsa
TRACE::2025-06-17.01:12:07::SCWPlatform::DSA absoulate path D:/proyectosep2/IEE2463-SEP-Proyecto-2-Z8/music_player_v2/vitis/music_player_v2_plt/hw/design_1_wrapper.xsa
TRACE::2025-06-17.01:12:07::SCWPlatform::DSA directory D:/proyectosep2/IEE2463-SEP-Proyecto-2-Z8/music_player_v2/vitis/music_player_v2_plt/hw
TRACE::2025-06-17.01:12:07::SCWPlatform:: Platform Path D:/proyectosep2/IEE2463-SEP-Proyecto-2-Z8/music_player_v2/vitis/music_player_v2_plt/hw/design_1_wrapper.xsa
TRACE::2025-06-17.01:12:07::SCWPlatform:: Unique name xilinx:zybo-z7-10::0.0
TRACE::2025-06-17.01:12:07::SCWPlatform::Trying to set the existing hwdb with name design_1_wrapper_1
TRACE::2025-06-17.01:12:07::SCWPlatform::Opened existing hwdb design_1_wrapper_1
TRACE::2025-06-17.01:12:07::SCWPlatform::Found the Hw Db part of the input DSA
TRACE::2025-06-17.01:12:07::SCWMssOS::Checking the sw design at  D:/proyectosep2/IEE2463-SEP-Proyecto-2-Z8/music_player_v2/vitis/music_player_v2_plt/zynq_fsbl/zynq_fsbl_bsp/system.mss
TRACE::2025-06-17.01:12:07::SCWMssOS::DEBUG:  swdes dump  D:/proyectosep2/IEE2463-SEP-Proyecto-2-Z8/music_player_v2/vitis/music_player_v2_plt/zynq_fsbl/zynq_fsbl_bsp/system.mss|system||

TRACE::2025-06-17.01:12:07::SCWMssOS::Sw design exists and opened at  D:/proyectosep2/IEE2463-SEP-Proyecto-2-Z8/music_player_v2/vitis/music_player_v2_plt/zynq_fsbl/zynq_fsbl_bsp/system.mss
TRACE::2025-06-17.01:12:07::SCWMssOS:: library already available in sw design:  xilrsa:1.6
TRACE::2025-06-17.01:12:07::SCWMssOS::Saving the mss changes D:/proyectosep2/IEE2463-SEP-Proyecto-2-Z8/music_player_v2/vitis/music_player_v2_plt/zynq_fsbl/zynq_fsbl_bsp/system.mss
TRACE::2025-06-17.01:12:07::SCWMssOS::Found a swdesign opened with the mssfile.
TRACE::2025-06-17.01:12:07::SCWMssOS::Completed writemss as part of save.
TRACE::2025-06-17.01:12:07::SCWMssOS::Commit changes completed.
TRACE::2025-06-17.01:12:07::SCWReader::Adding prebuilt librarypaths as   
TRACE::2025-06-17.01:12:07::SCWReader::Adding prebuilt incpaths  as   
TRACE::2025-06-17.01:12:07::SCWPlatform::Trying to open the hw design at D:/proyectosep2/IEE2463-SEP-Proyecto-2-Z8/music_player_v2/vitis/music_player_v2_plt/hw/design_1_wrapper.xsa
TRACE::2025-06-17.01:12:07::SCWPlatform::DSA given D:/proyectosep2/IEE2463-SEP-Proyecto-2-Z8/music_player_v2/vitis/music_player_v2_plt/hw/design_1_wrapper.xsa
TRACE::2025-06-17.01:12:07::SCWPlatform::DSA absoulate path D:/proyectosep2/IEE2463-SEP-Proyecto-2-Z8/music_player_v2/vitis/music_player_v2_plt/hw/design_1_wrapper.xsa
TRACE::2025-06-17.01:12:07::SCWPlatform::DSA directory D:/proyectosep2/IEE2463-SEP-Proyecto-2-Z8/music_player_v2/vitis/music_player_v2_plt/hw
TRACE::2025-06-17.01:12:07::SCWPlatform:: Platform Path D:/proyectosep2/IEE2463-SEP-Proyecto-2-Z8/music_player_v2/vitis/music_player_v2_plt/hw/design_1_wrapper.xsa
TRACE::2025-06-17.01:12:07::SCWPlatform:: Unique name xilinx:zybo-z7-10::0.0
TRACE::2025-06-17.01:12:07::SCWPlatform::Trying to set the existing hwdb with name design_1_wrapper_1
TRACE::2025-06-17.01:12:07::SCWPlatform::Opened existing hwdb design_1_wrapper_1
TRACE::2025-06-17.01:12:07::SCWPlatform::Found the Hw Db part of the input DSA
TRACE::2025-06-17.01:12:07::SCWMssOS::Checking the sw design at  D:/proyectosep2/IEE2463-SEP-Proyecto-2-Z8/music_player_v2/vitis/music_player_v2_plt/zynq_fsbl/zynq_fsbl_bsp/system.mss
TRACE::2025-06-17.01:12:07::SCWMssOS::DEBUG:  swdes dump  D:/proyectosep2/IEE2463-SEP-Proyecto-2-Z8/music_player_v2/vitis/music_player_v2_plt/zynq_fsbl/zynq_fsbl_bsp/system.mss|system||

TRACE::2025-06-17.01:12:07::SCWMssOS::Sw design exists and opened at  D:/proyectosep2/IEE2463-SEP-Proyecto-2-Z8/music_player_v2/vitis/music_player_v2_plt/zynq_fsbl/zynq_fsbl_bsp/system.mss
TRACE::2025-06-17.01:12:07::SCWReader::No isolation master present  
TRACE::2025-06-17.01:12:07::SCWDomain::checking for install qemu data   : 
TRACE::2025-06-17.01:12:07::SCWDomain:: Using the QEMU Data from install at  : D:/Xilinx/Vitis/2020.1/data/emulation/platforms/zynq/qemu/
TRACE::2025-06-17.01:12:07::SCWDomain:: Using the QEMU args  from install at  : D:/Xilinx/Vitis/2020.1/data/emulation/platforms/zynq/qemu/qemu_args.txt
TRACE::2025-06-17.01:12:07::SCWPlatform::Trying to open the hw design at D:/proyectosep2/IEE2463-SEP-Proyecto-2-Z8/music_player_v2/vitis/music_player_v2_plt/hw/design_1_wrapper.xsa
TRACE::2025-06-17.01:12:07::SCWPlatform::DSA given D:/proyectosep2/IEE2463-SEP-Proyecto-2-Z8/music_player_v2/vitis/music_player_v2_plt/hw/design_1_wrapper.xsa
TRACE::2025-06-17.01:12:07::SCWPlatform::DSA absoulate path D:/proyectosep2/IEE2463-SEP-Proyecto-2-Z8/music_player_v2/vitis/music_player_v2_plt/hw/design_1_wrapper.xsa
TRACE::2025-06-17.01:12:07::SCWPlatform::DSA directory D:/proyectosep2/IEE2463-SEP-Proyecto-2-Z8/music_player_v2/vitis/music_player_v2_plt/hw
TRACE::2025-06-17.01:12:07::SCWPlatform:: Platform Path D:/proyectosep2/IEE2463-SEP-Proyecto-2-Z8/music_player_v2/vitis/music_player_v2_plt/hw/design_1_wrapper.xsa
TRACE::2025-06-17.01:12:07::SCWPlatform:: Unique name xilinx:zybo-z7-10::0.0
TRACE::2025-06-17.01:12:07::SCWPlatform::Trying to set the existing hwdb with name design_1_wrapper_1
TRACE::2025-06-17.01:12:07::SCWPlatform::Opened existing hwdb design_1_wrapper_1
TRACE::2025-06-17.01:12:07::SCWPlatform::Found the Hw Db part of the input DSA
TRACE::2025-06-17.01:12:07::SCWPlatform::Trying to open the hw design at D:/proyectosep2/IEE2463-SEP-Proyecto-2-Z8/music_player_v2/vitis/music_player_v2_plt/hw/design_1_wrapper.xsa
TRACE::2025-06-17.01:12:07::SCWPlatform::DSA given D:/proyectosep2/IEE2463-SEP-Proyecto-2-Z8/music_player_v2/vitis/music_player_v2_plt/hw/design_1_wrapper.xsa
TRACE::2025-06-17.01:12:07::SCWPlatform::DSA absoulate path D:/proyectosep2/IEE2463-SEP-Proyecto-2-Z8/music_player_v2/vitis/music_player_v2_plt/hw/design_1_wrapper.xsa
TRACE::2025-06-17.01:12:07::SCWPlatform::DSA directory D:/proyectosep2/IEE2463-SEP-Proyecto-2-Z8/music_player_v2/vitis/music_player_v2_plt/hw
TRACE::2025-06-17.01:12:07::SCWPlatform:: Platform Path D:/proyectosep2/IEE2463-SEP-Proyecto-2-Z8/music_player_v2/vitis/music_player_v2_plt/hw/design_1_wrapper.xsa
TRACE::2025-06-17.01:12:07::SCWPlatform:: Unique name xilinx:zybo-z7-10::0.0
TRACE::2025-06-17.01:12:07::SCWPlatform::Trying to set the existing hwdb with name design_1_wrapper_1
TRACE::2025-06-17.01:12:07::SCWPlatform::Opened existing hwdb design_1_wrapper_1
TRACE::2025-06-17.01:12:07::SCWPlatform::Found the Hw Db part of the input DSA
TRACE::2025-06-17.01:12:07::SCWPlatform::Trying to open the hw design at D:/proyectosep2/IEE2463-SEP-Proyecto-2-Z8/music_player_v2/vitis/music_player_v2_plt/hw/design_1_wrapper.xsa
TRACE::2025-06-17.01:12:07::SCWPlatform::DSA given D:/proyectosep2/IEE2463-SEP-Proyecto-2-Z8/music_player_v2/vitis/music_player_v2_plt/hw/design_1_wrapper.xsa
TRACE::2025-06-17.01:12:07::SCWPlatform::DSA absoulate path D:/proyectosep2/IEE2463-SEP-Proyecto-2-Z8/music_player_v2/vitis/music_player_v2_plt/hw/design_1_wrapper.xsa
TRACE::2025-06-17.01:12:07::SCWPlatform::DSA directory D:/proyectosep2/IEE2463-SEP-Proyecto-2-Z8/music_player_v2/vitis/music_player_v2_plt/hw
TRACE::2025-06-17.01:12:07::SCWPlatform:: Platform Path D:/proyectosep2/IEE2463-SEP-Proyecto-2-Z8/music_player_v2/vitis/music_player_v2_plt/hw/design_1_wrapper.xsa
TRACE::2025-06-17.01:12:07::SCWPlatform:: Unique name xilinx:zybo-z7-10::0.0
TRACE::2025-06-17.01:12:07::SCWPlatform::Trying to set the existing hwdb with name design_1_wrapper_1
TRACE::2025-06-17.01:12:07::SCWPlatform::Opened existing hwdb design_1_wrapper_1
TRACE::2025-06-17.01:12:07::SCWPlatform::Found the Hw Db part of the input DSA
TRACE::2025-06-17.01:12:07::SCWMssOS::Checking the sw design at  D:/proyectosep2/IEE2463-SEP-Proyecto-2-Z8/music_player_v2/vitis/music_player_v2_plt/ps7_cortexa9_0/standalone_domain/bsp/system.mss
TRACE::2025-06-17.01:12:07::SCWMssOS::DEBUG:  swdes dump  D:/proyectosep2/IEE2463-SEP-Proyecto-2-Z8/music_player_v2/vitis/music_player_v2_plt/zynq_fsbl/zynq_fsbl_bsp/system.mss|system||

TRACE::2025-06-17.01:12:07::SCWMssOS::No sw design opened at  D:/proyectosep2/IEE2463-SEP-Proyecto-2-Z8/music_player_v2/vitis/music_player_v2_plt/ps7_cortexa9_0/standalone_domain/bsp/system.mss
TRACE::2025-06-17.01:12:07::SCWMssOS::mss exists loading the mss file  D:/proyectosep2/IEE2463-SEP-Proyecto-2-Z8/music_player_v2/vitis/music_player_v2_plt/ps7_cortexa9_0/standalone_domain/bsp/system.mss
TRACE::2025-06-17.01:12:07::SCWMssOS::Opened the sw design from mss  D:/proyectosep2/IEE2463-SEP-Proyecto-2-Z8/music_player_v2/vitis/music_player_v2_plt/ps7_cortexa9_0/standalone_domain/bsp/system.mss
TRACE::2025-06-17.01:12:07::SCWMssOS::Adding the swdes entry D:/proyectosep2/IEE2463-SEP-Proyecto-2-Z8/music_player_v2/vitis/music_player_v2_plt/ps7_cortexa9_0/standalone_domain/bsp/system.mss with des name system_0
TRACE::2025-06-17.01:12:07::SCWMssOS::updating the scw layer about changes
TRACE::2025-06-17.01:12:07::SCWMssOS::Opened the sw design.  D:/proyectosep2/IEE2463-SEP-Proyecto-2-Z8/music_player_v2/vitis/music_player_v2_plt/ps7_cortexa9_0/standalone_domain/bsp/system.mss
TRACE::2025-06-17.01:12:07::SCWMssOS::Saving the mss changes D:/proyectosep2/IEE2463-SEP-Proyecto-2-Z8/music_player_v2/vitis/music_player_v2_plt/ps7_cortexa9_0/standalone_domain/bsp/system.mss
TRACE::2025-06-17.01:12:07::SCWMssOS::Found a swdesign opened with the mssfile.
TRACE::2025-06-17.01:12:07::SCWMssOS::Completed writemss as part of save.
TRACE::2025-06-17.01:12:07::SCWMssOS::Commit changes completed.
TRACE::2025-06-17.01:12:07::SCWReader::Adding prebuilt librarypaths as   
TRACE::2025-06-17.01:12:07::SCWReader::Adding prebuilt incpaths  as   
TRACE::2025-06-17.01:12:07::SCWPlatform::Trying to open the hw design at D:/proyectosep2/IEE2463-SEP-Proyecto-2-Z8/music_player_v2/vitis/music_player_v2_plt/hw/design_1_wrapper.xsa
TRACE::2025-06-17.01:12:07::SCWPlatform::DSA given D:/proyectosep2/IEE2463-SEP-Proyecto-2-Z8/music_player_v2/vitis/music_player_v2_plt/hw/design_1_wrapper.xsa
TRACE::2025-06-17.01:12:07::SCWPlatform::DSA absoulate path D:/proyectosep2/IEE2463-SEP-Proyecto-2-Z8/music_player_v2/vitis/music_player_v2_plt/hw/design_1_wrapper.xsa
TRACE::2025-06-17.01:12:07::SCWPlatform::DSA directory D:/proyectosep2/IEE2463-SEP-Proyecto-2-Z8/music_player_v2/vitis/music_player_v2_plt/hw
TRACE::2025-06-17.01:12:07::SCWPlatform:: Platform Path D:/proyectosep2/IEE2463-SEP-Proyecto-2-Z8/music_player_v2/vitis/music_player_v2_plt/hw/design_1_wrapper.xsa
TRACE::2025-06-17.01:12:07::SCWPlatform:: Unique name xilinx:zybo-z7-10::0.0
TRACE::2025-06-17.01:12:07::SCWPlatform::Trying to set the existing hwdb with name design_1_wrapper_1
TRACE::2025-06-17.01:12:07::SCWPlatform::Opened existing hwdb design_1_wrapper_1
TRACE::2025-06-17.01:12:07::SCWPlatform::Found the Hw Db part of the input DSA
TRACE::2025-06-17.01:12:07::SCWMssOS::Checking the sw design at  D:/proyectosep2/IEE2463-SEP-Proyecto-2-Z8/music_player_v2/vitis/music_player_v2_plt/ps7_cortexa9_0/standalone_domain/bsp/system.mss
TRACE::2025-06-17.01:12:07::SCWMssOS::DEBUG:  swdes dump  D:/proyectosep2/IEE2463-SEP-Proyecto-2-Z8/music_player_v2/vitis/music_player_v2_plt/ps7_cortexa9_0/standalone_domain/bsp/system.mss|system_0||
D:/proyectosep2/IEE2463-SEP-Proyecto-2-Z8/music_player_v2/vitis/music_player_v2_plt/zynq_fsbl/zynq_fsbl_bsp/system.mss|system||

TRACE::2025-06-17.01:12:07::SCWMssOS::Sw design exists and opened at  D:/proyectosep2/IEE2463-SEP-Proyecto-2-Z8/music_player_v2/vitis/music_player_v2_plt/ps7_cortexa9_0/standalone_domain/bsp/system.mss
TRACE::2025-06-17.01:12:07::SCWReader::No isolation master present  
TRACE::2025-06-17.01:13:20::SCWPlatform::Trying to open the hw design at D:/proyectosep2/IEE2463-SEP-Proyecto-2-Z8/music_player_v2/vitis/music_player_v2_plt/hw/design_1_wrapper.xsa
TRACE::2025-06-17.01:13:20::SCWPlatform::DSA given D:/proyectosep2/IEE2463-SEP-Proyecto-2-Z8/music_player_v2/vitis/music_player_v2_plt/hw/design_1_wrapper.xsa
TRACE::2025-06-17.01:13:20::SCWPlatform::DSA absoulate path D:/proyectosep2/IEE2463-SEP-Proyecto-2-Z8/music_player_v2/vitis/music_player_v2_plt/hw/design_1_wrapper.xsa
TRACE::2025-06-17.01:13:20::SCWPlatform::DSA directory D:/proyectosep2/IEE2463-SEP-Proyecto-2-Z8/music_player_v2/vitis/music_player_v2_plt/hw
TRACE::2025-06-17.01:13:20::SCWPlatform:: Platform Path D:/proyectosep2/IEE2463-SEP-Proyecto-2-Z8/music_player_v2/vitis/music_player_v2_plt/hw/design_1_wrapper.xsa
TRACE::2025-06-17.01:13:20::SCWPlatform:: Unique name xilinx:zybo-z7-10::0.0
TRACE::2025-06-17.01:13:20::SCWPlatform::Trying to set the existing hwdb with name design_1_wrapper_1
TRACE::2025-06-17.01:13:20::SCWPlatform::Opened existing hwdb design_1_wrapper_1
TRACE::2025-06-17.01:13:20::SCWPlatform::Found the Hw Db part of the input DSA
TRACE::2025-06-17.01:13:20::SCWMssOS::Checking the sw design at  D:/proyectosep2/IEE2463-SEP-Proyecto-2-Z8/music_player_v2/vitis/music_player_v2_plt/zynq_fsbl/zynq_fsbl_bsp/system.mss
TRACE::2025-06-17.01:13:20::SCWMssOS::DEBUG:  swdes dump  D:/proyectosep2/IEE2463-SEP-Proyecto-2-Z8/music_player_v2/vitis/music_player_v2_plt/ps7_cortexa9_0/standalone_domain/bsp/system.mss|system_0||
D:/proyectosep2/IEE2463-SEP-Proyecto-2-Z8/music_player_v2/vitis/music_player_v2_plt/zynq_fsbl/zynq_fsbl_bsp/system.mss|system||

TRACE::2025-06-17.01:13:20::SCWMssOS::Sw design exists and opened at  D:/proyectosep2/IEE2463-SEP-Proyecto-2-Z8/music_player_v2/vitis/music_player_v2_plt/zynq_fsbl/zynq_fsbl_bsp/system.mss
TRACE::2025-06-17.01:13:21::SCWMssOS::In reload Mss file.
TRACE::2025-06-17.01:13:21::SCWPlatform::Trying to open the hw design at D:/proyectosep2/IEE2463-SEP-Proyecto-2-Z8/music_player_v2/vitis/music_player_v2_plt/hw/design_1_wrapper.xsa
TRACE::2025-06-17.01:13:21::SCWPlatform::DSA given D:/proyectosep2/IEE2463-SEP-Proyecto-2-Z8/music_player_v2/vitis/music_player_v2_plt/hw/design_1_wrapper.xsa
TRACE::2025-06-17.01:13:21::SCWPlatform::DSA absoulate path D:/proyectosep2/IEE2463-SEP-Proyecto-2-Z8/music_player_v2/vitis/music_player_v2_plt/hw/design_1_wrapper.xsa
TRACE::2025-06-17.01:13:21::SCWPlatform::DSA directory D:/proyectosep2/IEE2463-SEP-Proyecto-2-Z8/music_player_v2/vitis/music_player_v2_plt/hw
TRACE::2025-06-17.01:13:21::SCWPlatform:: Platform Path D:/proyectosep2/IEE2463-SEP-Proyecto-2-Z8/music_player_v2/vitis/music_player_v2_plt/hw/design_1_wrapper.xsa
TRACE::2025-06-17.01:13:21::SCWPlatform:: Unique name xilinx:zybo-z7-10::0.0
TRACE::2025-06-17.01:13:21::SCWPlatform::Trying to set the existing hwdb with name design_1_wrapper_1
TRACE::2025-06-17.01:13:21::SCWPlatform::Opened existing hwdb design_1_wrapper_1
TRACE::2025-06-17.01:13:21::SCWPlatform::Found the Hw Db part of the input DSA
TRACE::2025-06-17.01:13:21::SCWMssOS::Checking the sw design at  D:/proyectosep2/IEE2463-SEP-Proyecto-2-Z8/music_player_v2/vitis/music_player_v2_plt/zynq_fsbl/zynq_fsbl_bsp/system.mss
TRACE::2025-06-17.01:13:21::SCWMssOS::DEBUG:  swdes dump  D:/proyectosep2/IEE2463-SEP-Proyecto-2-Z8/music_player_v2/vitis/music_player_v2_plt/ps7_cortexa9_0/standalone_domain/bsp/system.mss|system_0||
D:/proyectosep2/IEE2463-SEP-Proyecto-2-Z8/music_player_v2/vitis/music_player_v2_plt/zynq_fsbl/zynq_fsbl_bsp/system.mss|system||

KEYINFO::2025-06-17.01:13:21::SCWMssOS::Could not open the swdb for system
KEYINFO::2025-06-17.01:13:21::SCWMssOS::Could not open the sw design at  system
ERROR: [Hsi 55-1558] Software Design system is not found

TRACE::2025-06-17.01:13:21::SCWMssOS::Cleared the swdb table entry
TRACE::2025-06-17.01:13:21::SCWMssOS::No sw design opened at  D:/proyectosep2/IEE2463-SEP-Proyecto-2-Z8/music_player_v2/vitis/music_player_v2_plt/zynq_fsbl/zynq_fsbl_bsp/system.mss
TRACE::2025-06-17.01:13:21::SCWMssOS::mss exists loading the mss file  D:/proyectosep2/IEE2463-SEP-Proyecto-2-Z8/music_player_v2/vitis/music_player_v2_plt/zynq_fsbl/zynq_fsbl_bsp/system.mss
TRACE::2025-06-17.01:13:21::SCWMssOS::Opened the sw design from mss  D:/proyectosep2/IEE2463-SEP-Proyecto-2-Z8/music_player_v2/vitis/music_player_v2_plt/zynq_fsbl/zynq_fsbl_bsp/system.mss
TRACE::2025-06-17.01:13:21::SCWMssOS::Adding the swdes entry D:/proyectosep2/IEE2463-SEP-Proyecto-2-Z8/music_player_v2/vitis/music_player_v2_plt/zynq_fsbl/zynq_fsbl_bsp/system.mss with des name system
TRACE::2025-06-17.01:13:21::SCWMssOS::updating the scw layer about changes
TRACE::2025-06-17.01:13:21::SCWMssOS::Opened the sw design.  D:/proyectosep2/IEE2463-SEP-Proyecto-2-Z8/music_player_v2/vitis/music_player_v2_plt/zynq_fsbl/zynq_fsbl_bsp/system.mss
TRACE::2025-06-17.01:13:21::SCWPlatform::Trying to open the hw design at D:/proyectosep2/IEE2463-SEP-Proyecto-2-Z8/music_player_v2/vitis/music_player_v2_plt/hw/design_1_wrapper.xsa
TRACE::2025-06-17.01:13:21::SCWPlatform::DSA given D:/proyectosep2/IEE2463-SEP-Proyecto-2-Z8/music_player_v2/vitis/music_player_v2_plt/hw/design_1_wrapper.xsa
TRACE::2025-06-17.01:13:21::SCWPlatform::DSA absoulate path D:/proyectosep2/IEE2463-SEP-Proyecto-2-Z8/music_player_v2/vitis/music_player_v2_plt/hw/design_1_wrapper.xsa
TRACE::2025-06-17.01:13:21::SCWPlatform::DSA directory D:/proyectosep2/IEE2463-SEP-Proyecto-2-Z8/music_player_v2/vitis/music_player_v2_plt/hw
TRACE::2025-06-17.01:13:21::SCWPlatform:: Platform Path D:/proyectosep2/IEE2463-SEP-Proyecto-2-Z8/music_player_v2/vitis/music_player_v2_plt/hw/design_1_wrapper.xsa
TRACE::2025-06-17.01:13:21::SCWPlatform:: Unique name xilinx:zybo-z7-10::0.0
TRACE::2025-06-17.01:13:21::SCWPlatform::Trying to set the existing hwdb with name design_1_wrapper_1
TRACE::2025-06-17.01:13:21::SCWPlatform::Opened existing hwdb design_1_wrapper_1
TRACE::2025-06-17.01:13:21::SCWPlatform::Found the Hw Db part of the input DSA
TRACE::2025-06-17.01:13:21::SCWMssOS::Checking the sw design at  D:/proyectosep2/IEE2463-SEP-Proyecto-2-Z8/music_player_v2/vitis/music_player_v2_plt/zynq_fsbl/zynq_fsbl_bsp/system.mss
TRACE::2025-06-17.01:13:21::SCWMssOS::DEBUG:  swdes dump  D:/proyectosep2/IEE2463-SEP-Proyecto-2-Z8/music_player_v2/vitis/music_player_v2_plt/ps7_cortexa9_0/standalone_domain/bsp/system.mss|system_0||
D:/proyectosep2/IEE2463-SEP-Proyecto-2-Z8/music_player_v2/vitis/music_player_v2_plt/zynq_fsbl/zynq_fsbl_bsp/system.mss|system||

TRACE::2025-06-17.01:13:21::SCWMssOS::Sw design exists and opened at  D:/proyectosep2/IEE2463-SEP-Proyecto-2-Z8/music_player_v2/vitis/music_player_v2_plt/zynq_fsbl/zynq_fsbl_bsp/system.mss
TRACE::2025-06-17.01:13:21::SCWMssOS:: library already available in sw design:  xilffs:4.3
TRACE::2025-06-17.01:13:21::SCWPlatform::Trying to open the hw design at D:/proyectosep2/IEE2463-SEP-Proyecto-2-Z8/music_player_v2/vitis/music_player_v2_plt/hw/design_1_wrapper.xsa
TRACE::2025-06-17.01:13:21::SCWPlatform::DSA given D:/proyectosep2/IEE2463-SEP-Proyecto-2-Z8/music_player_v2/vitis/music_player_v2_plt/hw/design_1_wrapper.xsa
TRACE::2025-06-17.01:13:21::SCWPlatform::DSA absoulate path D:/proyectosep2/IEE2463-SEP-Proyecto-2-Z8/music_player_v2/vitis/music_player_v2_plt/hw/design_1_wrapper.xsa
TRACE::2025-06-17.01:13:21::SCWPlatform::DSA directory D:/proyectosep2/IEE2463-SEP-Proyecto-2-Z8/music_player_v2/vitis/music_player_v2_plt/hw
TRACE::2025-06-17.01:13:21::SCWPlatform:: Platform Path D:/proyectosep2/IEE2463-SEP-Proyecto-2-Z8/music_player_v2/vitis/music_player_v2_plt/hw/design_1_wrapper.xsa
TRACE::2025-06-17.01:13:21::SCWPlatform:: Unique name xilinx:zybo-z7-10::0.0
TRACE::2025-06-17.01:13:21::SCWPlatform::Trying to set the existing hwdb with name design_1_wrapper_1
TRACE::2025-06-17.01:13:21::SCWPlatform::Opened existing hwdb design_1_wrapper_1
TRACE::2025-06-17.01:13:21::SCWPlatform::Found the Hw Db part of the input DSA
TRACE::2025-06-17.01:13:21::SCWMssOS::Checking the sw design at  D:/proyectosep2/IEE2463-SEP-Proyecto-2-Z8/music_player_v2/vitis/music_player_v2_plt/zynq_fsbl/zynq_fsbl_bsp/system.mss
TRACE::2025-06-17.01:13:21::SCWMssOS::DEBUG:  swdes dump  D:/proyectosep2/IEE2463-SEP-Proyecto-2-Z8/music_player_v2/vitis/music_player_v2_plt/ps7_cortexa9_0/standalone_domain/bsp/system.mss|system_0||
D:/proyectosep2/IEE2463-SEP-Proyecto-2-Z8/music_player_v2/vitis/music_player_v2_plt/zynq_fsbl/zynq_fsbl_bsp/system.mss|system||

TRACE::2025-06-17.01:13:21::SCWMssOS::Sw design exists and opened at  D:/proyectosep2/IEE2463-SEP-Proyecto-2-Z8/music_player_v2/vitis/music_player_v2_plt/zynq_fsbl/zynq_fsbl_bsp/system.mss
TRACE::2025-06-17.01:13:21::SCWMssOS:: library already available in sw design:  xilrsa:1.6
TRACE::2025-06-17.01:13:21::SCWMssOS::Saving the mss changes D:/proyectosep2/IEE2463-SEP-Proyecto-2-Z8/music_player_v2/vitis/music_player_v2_plt/zynq_fsbl/zynq_fsbl_bsp/system.mss
TRACE::2025-06-17.01:13:21::SCWMssOS::Found a swdesign opened with the mssfile.
TRACE::2025-06-17.01:13:21::SCWMssOS::Completed writemss as part of save.
TRACE::2025-06-17.01:13:21::SCWMssOS::Commit changes completed.
TRACE::2025-06-17.01:13:21::SCWPlatform::Trying to open the hw design at D:/proyectosep2/IEE2463-SEP-Proyecto-2-Z8/music_player_v2/vitis/music_player_v2_plt/hw/design_1_wrapper.xsa
TRACE::2025-06-17.01:13:21::SCWPlatform::DSA given D:/proyectosep2/IEE2463-SEP-Proyecto-2-Z8/music_player_v2/vitis/music_player_v2_plt/hw/design_1_wrapper.xsa
TRACE::2025-06-17.01:13:21::SCWPlatform::DSA absoulate path D:/proyectosep2/IEE2463-SEP-Proyecto-2-Z8/music_player_v2/vitis/music_player_v2_plt/hw/design_1_wrapper.xsa
TRACE::2025-06-17.01:13:21::SCWPlatform::DSA directory D:/proyectosep2/IEE2463-SEP-Proyecto-2-Z8/music_player_v2/vitis/music_player_v2_plt/hw
TRACE::2025-06-17.01:13:21::SCWPlatform:: Platform Path D:/proyectosep2/IEE2463-SEP-Proyecto-2-Z8/music_player_v2/vitis/music_player_v2_plt/hw/design_1_wrapper.xsa
TRACE::2025-06-17.01:13:21::SCWPlatform:: Unique name xilinx:zybo-z7-10::0.0
TRACE::2025-06-17.01:13:21::SCWPlatform::Trying to set the existing hwdb with name design_1_wrapper_1
TRACE::2025-06-17.01:13:21::SCWPlatform::Opened existing hwdb design_1_wrapper_1
TRACE::2025-06-17.01:13:21::SCWPlatform::Found the Hw Db part of the input DSA
TRACE::2025-06-17.01:13:21::SCWMssOS::Checking the sw design at  D:/proyectosep2/IEE2463-SEP-Proyecto-2-Z8/music_player_v2/vitis/music_player_v2_plt/zynq_fsbl/zynq_fsbl_bsp/system.mss
TRACE::2025-06-17.01:13:21::SCWMssOS::DEBUG:  swdes dump  D:/proyectosep2/IEE2463-SEP-Proyecto-2-Z8/music_player_v2/vitis/music_player_v2_plt/ps7_cortexa9_0/standalone_domain/bsp/system.mss|system_0||
D:/proyectosep2/IEE2463-SEP-Proyecto-2-Z8/music_player_v2/vitis/music_player_v2_plt/zynq_fsbl/zynq_fsbl_bsp/system.mss|system||

TRACE::2025-06-17.01:13:21::SCWMssOS::Sw design exists and opened at  D:/proyectosep2/IEE2463-SEP-Proyecto-2-Z8/music_player_v2/vitis/music_player_v2_plt/zynq_fsbl/zynq_fsbl_bsp/system.mss
TRACE::2025-06-17.01:13:21::SCWMssOS::Removing the swdes entry for  D:/proyectosep2/IEE2463-SEP-Proyecto-2-Z8/music_player_v2/vitis/music_player_v2_plt/zynq_fsbl/zynq_fsbl_bsp/system.mss
TRACE::2025-06-17.01:13:22::SCWPlatform::Trying to open the hw design at D:/proyectosep2/IEE2463-SEP-Proyecto-2-Z8/music_player_v2/vitis/music_player_v2_plt/hw/design_1_wrapper.xsa
TRACE::2025-06-17.01:13:22::SCWPlatform::DSA given D:/proyectosep2/IEE2463-SEP-Proyecto-2-Z8/music_player_v2/vitis/music_player_v2_plt/hw/design_1_wrapper.xsa
TRACE::2025-06-17.01:13:22::SCWPlatform::DSA absoulate path D:/proyectosep2/IEE2463-SEP-Proyecto-2-Z8/music_player_v2/vitis/music_player_v2_plt/hw/design_1_wrapper.xsa
TRACE::2025-06-17.01:13:22::SCWPlatform::DSA directory D:/proyectosep2/IEE2463-SEP-Proyecto-2-Z8/music_player_v2/vitis/music_player_v2_plt/hw
TRACE::2025-06-17.01:13:22::SCWPlatform:: Platform Path D:/proyectosep2/IEE2463-SEP-Proyecto-2-Z8/music_player_v2/vitis/music_player_v2_plt/hw/design_1_wrapper.xsa
TRACE::2025-06-17.01:13:22::SCWPlatform:: Unique name xilinx:zybo-z7-10::0.0
TRACE::2025-06-17.01:13:22::SCWPlatform::Trying to set the existing hwdb with name design_1_wrapper_1
TRACE::2025-06-17.01:13:22::SCWPlatform::Opened existing hwdb design_1_wrapper_1
TRACE::2025-06-17.01:13:22::SCWPlatform::Found the Hw Db part of the input DSA
TRACE::2025-06-17.01:13:22::SCWMssOS::Checking the sw design at  D:/proyectosep2/IEE2463-SEP-Proyecto-2-Z8/music_player_v2/vitis/music_player_v2_plt/zynq_fsbl/zynq_fsbl_bsp/system.mss
TRACE::2025-06-17.01:13:22::SCWMssOS::DEBUG:  swdes dump  D:/proyectosep2/IEE2463-SEP-Proyecto-2-Z8/music_player_v2/vitis/music_player_v2_plt/ps7_cortexa9_0/standalone_domain/bsp/system.mss|system_0||

TRACE::2025-06-17.01:13:22::SCWMssOS::No sw design opened at  D:/proyectosep2/IEE2463-SEP-Proyecto-2-Z8/music_player_v2/vitis/music_player_v2_plt/zynq_fsbl/zynq_fsbl_bsp/system.mss
TRACE::2025-06-17.01:13:22::SCWMssOS::mss exists loading the mss file  D:/proyectosep2/IEE2463-SEP-Proyecto-2-Z8/music_player_v2/vitis/music_player_v2_plt/zynq_fsbl/zynq_fsbl_bsp/system.mss
TRACE::2025-06-17.01:13:22::SCWMssOS::Opened the sw design from mss  D:/proyectosep2/IEE2463-SEP-Proyecto-2-Z8/music_player_v2/vitis/music_player_v2_plt/zynq_fsbl/zynq_fsbl_bsp/system.mss
TRACE::2025-06-17.01:13:22::SCWMssOS::Adding the swdes entry D:/proyectosep2/IEE2463-SEP-Proyecto-2-Z8/music_player_v2/vitis/music_player_v2_plt/zynq_fsbl/zynq_fsbl_bsp/system.mss with des name system
TRACE::2025-06-17.01:13:22::SCWMssOS::updating the scw layer about changes
TRACE::2025-06-17.01:13:22::SCWMssOS::Opened the sw design.  D:/proyectosep2/IEE2463-SEP-Proyecto-2-Z8/music_player_v2/vitis/music_player_v2_plt/zynq_fsbl/zynq_fsbl_bsp/system.mss
TRACE::2025-06-17.01:13:25::SCWMssOS::Saving the mss changes D:/proyectosep2/IEE2463-SEP-Proyecto-2-Z8/music_player_v2/vitis/music_player_v2_plt/zynq_fsbl/zynq_fsbl_bsp/system.mss
TRACE::2025-06-17.01:13:25::SCWMssOS::Found a swdesign opened with the mssfile.
TRACE::2025-06-17.01:13:25::SCWMssOS::Completed writemss as part of save.
TRACE::2025-06-17.01:13:25::SCWMssOS::Commit changes completed.
TRACE::2025-06-17.01:13:25::SCWMssOS::Saving the mss changes D:/proyectosep2/IEE2463-SEP-Proyecto-2-Z8/music_player_v2/vitis/music_player_v2_plt/ps7_cortexa9_0/standalone_domain/bsp/system.mss
TRACE::2025-06-17.01:13:25::SCWMssOS::Found a swdesign opened with the mssfile.
TRACE::2025-06-17.01:13:25::SCWMssOS::Completed writemss as part of save.
TRACE::2025-06-17.01:13:25::SCWMssOS::Commit changes completed.
TRACE::2025-06-17.01:13:25::SCWPlatform::Trying to open the hw design at D:/proyectosep2/IEE2463-SEP-Proyecto-2-Z8/music_player_v2/vitis/music_player_v2_plt/hw/design_1_wrapper.xsa
TRACE::2025-06-17.01:13:25::SCWPlatform::DSA given D:/proyectosep2/IEE2463-SEP-Proyecto-2-Z8/music_player_v2/vitis/music_player_v2_plt/hw/design_1_wrapper.xsa
TRACE::2025-06-17.01:13:25::SCWPlatform::DSA absoulate path D:/proyectosep2/IEE2463-SEP-Proyecto-2-Z8/music_player_v2/vitis/music_player_v2_plt/hw/design_1_wrapper.xsa
TRACE::2025-06-17.01:13:25::SCWPlatform::DSA directory D:/proyectosep2/IEE2463-SEP-Proyecto-2-Z8/music_player_v2/vitis/music_player_v2_plt/hw
TRACE::2025-06-17.01:13:25::SCWPlatform:: Platform Path D:/proyectosep2/IEE2463-SEP-Proyecto-2-Z8/music_player_v2/vitis/music_player_v2_plt/hw/design_1_wrapper.xsa
TRACE::2025-06-17.01:13:25::SCWPlatform:: Unique name xilinx:zybo-z7-10::0.0
TRACE::2025-06-17.01:13:25::SCWPlatform::Trying to set the existing hwdb with name design_1_wrapper_1
TRACE::2025-06-17.01:13:25::SCWPlatform::Opened existing hwdb design_1_wrapper_1
TRACE::2025-06-17.01:13:25::SCWPlatform::Found the Hw Db part of the input DSA
TRACE::2025-06-17.01:13:25::SCWMssOS::Checking the sw design at  D:/proyectosep2/IEE2463-SEP-Proyecto-2-Z8/music_player_v2/vitis/music_player_v2_plt/zynq_fsbl/zynq_fsbl_bsp/system.mss
TRACE::2025-06-17.01:13:25::SCWMssOS::DEBUG:  swdes dump  D:/proyectosep2/IEE2463-SEP-Proyecto-2-Z8/music_player_v2/vitis/music_player_v2_plt/ps7_cortexa9_0/standalone_domain/bsp/system.mss|system_0||
D:/proyectosep2/IEE2463-SEP-Proyecto-2-Z8/music_player_v2/vitis/music_player_v2_plt/zynq_fsbl/zynq_fsbl_bsp/system.mss|system||

TRACE::2025-06-17.01:13:25::SCWMssOS::Sw design exists and opened at  D:/proyectosep2/IEE2463-SEP-Proyecto-2-Z8/music_player_v2/vitis/music_player_v2_plt/zynq_fsbl/zynq_fsbl_bsp/system.mss
TRACE::2025-06-17.01:13:25::SCWPlatform::Trying to open the hw design at D:/proyectosep2/IEE2463-SEP-Proyecto-2-Z8/music_player_v2/vitis/music_player_v2_plt/hw/design_1_wrapper.xsa
TRACE::2025-06-17.01:13:25::SCWPlatform::DSA given D:/proyectosep2/IEE2463-SEP-Proyecto-2-Z8/music_player_v2/vitis/music_player_v2_plt/hw/design_1_wrapper.xsa
TRACE::2025-06-17.01:13:25::SCWPlatform::DSA absoulate path D:/proyectosep2/IEE2463-SEP-Proyecto-2-Z8/music_player_v2/vitis/music_player_v2_plt/hw/design_1_wrapper.xsa
TRACE::2025-06-17.01:13:25::SCWPlatform::DSA directory D:/proyectosep2/IEE2463-SEP-Proyecto-2-Z8/music_player_v2/vitis/music_player_v2_plt/hw
TRACE::2025-06-17.01:13:25::SCWPlatform:: Platform Path D:/proyectosep2/IEE2463-SEP-Proyecto-2-Z8/music_player_v2/vitis/music_player_v2_plt/hw/design_1_wrapper.xsa
TRACE::2025-06-17.01:13:25::SCWPlatform:: Unique name xilinx:zybo-z7-10::0.0
TRACE::2025-06-17.01:13:25::SCWPlatform::Trying to set the existing hwdb with name design_1_wrapper_1
TRACE::2025-06-17.01:13:25::SCWPlatform::Opened existing hwdb design_1_wrapper_1
TRACE::2025-06-17.01:13:25::SCWPlatform::Found the Hw Db part of the input DSA
TRACE::2025-06-17.01:13:25::SCWMssOS::Checking the sw design at  D:/proyectosep2/IEE2463-SEP-Proyecto-2-Z8/music_player_v2/vitis/music_player_v2_plt/ps7_cortexa9_0/standalone_domain/bsp/system.mss
TRACE::2025-06-17.01:13:25::SCWMssOS::DEBUG:  swdes dump  D:/proyectosep2/IEE2463-SEP-Proyecto-2-Z8/music_player_v2/vitis/music_player_v2_plt/ps7_cortexa9_0/standalone_domain/bsp/system.mss|system_0||
D:/proyectosep2/IEE2463-SEP-Proyecto-2-Z8/music_player_v2/vitis/music_player_v2_plt/zynq_fsbl/zynq_fsbl_bsp/system.mss|system||

TRACE::2025-06-17.01:13:25::SCWMssOS::Sw design exists and opened at  D:/proyectosep2/IEE2463-SEP-Proyecto-2-Z8/music_player_v2/vitis/music_player_v2_plt/ps7_cortexa9_0/standalone_domain/bsp/system.mss
TRACE::2025-06-17.01:13:25::SCWWriter::formatted JSON is {
	"platformName":	"music_player_v2_plt",
	"sprVersion":	"2.0",
	"mode":	"gui",
	"dsaType":	"Fixed",
	"platformDesc":	"music_player_v2_plt",
	"platHandOff":	"D:/proyectosep2/IEE2463-SEP-Proyecto-2-Z8/music_player_v2/project_1/design_1_wrapper.xsa",
	"platIntHandOff":	"<platformDir>/hw/design_1_wrapper.xsa",
	"deviceType":	"zynq",
	"platIsPrebuiltAutogen":	"false",
	"platIsNoBootBsp":	"false",
	"hasFsblMakeHasChanges":	"false",
	"hasPmufwMakeHasChanges":	"false",
	"fsblExtraCompilerFlags":	"-MMD -MP       -mcpu=cortex-a9 -mfpu=vfpv3 -mfloat-abi=hard ",
	"platPreBuiltFlag":	false,
	"platformSamplesDir":	"",
	"platActiveSys":	"music_player_v2_plt",
	"systems":	[{
			"systemName":	"music_player_v2_plt",
			"systemDesc":	"music_player_v2_plt",
			"sysIsBootAutoGen":	"true",
			"systemDispName":	"music_player_v2_plt",
			"sysActiveDom":	"zynq_fsbl",
			"sysDefaultDom":	"standalone_domain",
			"domains":	[{
					"domainName":	"zynq_fsbl",
					"domainDispName":	"zynq_fsbl",
					"domainDesc":	"FSBL Application BSP - Auto Generated.",
					"processors":	"ps7_cortexa9_0",
					"os":	"standalone",
					"sdxOs":	"standalone",
					"debugEnable":	"",
					"domRuntimes":	["cpp"],
					"swRepo":	"",
					"mssOsVer":	"7.2",
					"mssFile":	"",
					"md5Digest":	"2cc1a00be57fefc4b5f8d35f1cb57176",
					"compatibleApp":	"zynq_fsbl",
					"domType":	"bootDomain",
					"appSettings":	{
						"appCompilerFlags":	"",
						"appLinkerFlags":	""
					},
					"addedLibs":	["xilffs:4.3", "xilrsa:1.6"],
					"libOptions":	{
						"libsContainingOptions":	[]
					},
					"prebuiltLibs":	{
						"prebuiltIncPath":	[],
						"prebuiltLibPath":	[]
					},
					"isolation":	{
					}
				}, {
					"domainName":	"standalone_domain",
					"domainDispName":	"standalone on ps7_cortexa9_0",
					"domainDesc":	"standalone_domain",
					"processors":	"ps7_cortexa9_0",
					"os":	"standalone",
					"sdxOs":	"standalone",
					"qemuArgs":	"D:/Xilinx/Vitis/2020.1/data/emulation/platforms/zynq/qemu/qemu_args.txt",
					"qemuData":	"D:/Xilinx/Vitis/2020.1/data/emulation/platforms/zynq/qemu/",
					"debugEnable":	"False",
					"domRuntimes":	["cpp"],
					"swRepo":	"",
					"mssOsVer":	"7.2",
					"mssFile":	"",
					"md5Digest":	"7c2903d5491ee5c801437af40f901373",
					"compatibleApp":	"",
					"domType":	"mssDomain",
					"appSettings":	{
						"appCompilerFlags":	"",
						"appLinkerFlags":	""
					},
					"addedLibs":	[],
					"libOptions":	{
						"libsContainingOptions":	[]
					},
					"prebuiltLibs":	{
						"prebuiltIncPath":	[],
						"prebuiltLibPath":	[]
					},
					"isolation":	{
					}
				}]
		}]
}
TRACE::2025-06-17.01:13:25::SCWMssOS::Saving the mss changes D:/proyectosep2/IEE2463-SEP-Proyecto-2-Z8/music_player_v2/vitis/music_player_v2_plt/zynq_fsbl/zynq_fsbl_bsp/system.mss
TRACE::2025-06-17.01:13:25::SCWMssOS::Found a swdesign opened with the mssfile.
TRACE::2025-06-17.01:13:25::SCWMssOS::Completed writemss as part of save.
TRACE::2025-06-17.01:13:25::SCWMssOS::Commit changes completed.
TRACE::2025-06-17.01:13:25::SCWPlatform::Trying to open the hw design at D:/proyectosep2/IEE2463-SEP-Proyecto-2-Z8/music_player_v2/vitis/music_player_v2_plt/hw/design_1_wrapper.xsa
TRACE::2025-06-17.01:13:25::SCWPlatform::DSA given D:/proyectosep2/IEE2463-SEP-Proyecto-2-Z8/music_player_v2/vitis/music_player_v2_plt/hw/design_1_wrapper.xsa
TRACE::2025-06-17.01:13:25::SCWPlatform::DSA absoulate path D:/proyectosep2/IEE2463-SEP-Proyecto-2-Z8/music_player_v2/vitis/music_player_v2_plt/hw/design_1_wrapper.xsa
TRACE::2025-06-17.01:13:25::SCWPlatform::DSA directory D:/proyectosep2/IEE2463-SEP-Proyecto-2-Z8/music_player_v2/vitis/music_player_v2_plt/hw
TRACE::2025-06-17.01:13:25::SCWPlatform:: Platform Path D:/proyectosep2/IEE2463-SEP-Proyecto-2-Z8/music_player_v2/vitis/music_player_v2_plt/hw/design_1_wrapper.xsa
TRACE::2025-06-17.01:13:25::SCWPlatform:: Unique name xilinx:zybo-z7-10::0.0
TRACE::2025-06-17.01:13:25::SCWPlatform::Trying to set the existing hwdb with name design_1_wrapper_1
TRACE::2025-06-17.01:13:25::SCWPlatform::Opened existing hwdb design_1_wrapper_1
TRACE::2025-06-17.01:13:25::SCWPlatform::Found the Hw Db part of the input DSA
TRACE::2025-06-17.01:13:25::SCWMssOS::Checking the sw design at  D:/proyectosep2/IEE2463-SEP-Proyecto-2-Z8/music_player_v2/vitis/music_player_v2_plt/zynq_fsbl/zynq_fsbl_bsp/system.mss
TRACE::2025-06-17.01:13:25::SCWMssOS::DEBUG:  swdes dump  D:/proyectosep2/IEE2463-SEP-Proyecto-2-Z8/music_player_v2/vitis/music_player_v2_plt/ps7_cortexa9_0/standalone_domain/bsp/system.mss|system_0||
D:/proyectosep2/IEE2463-SEP-Proyecto-2-Z8/music_player_v2/vitis/music_player_v2_plt/zynq_fsbl/zynq_fsbl_bsp/system.mss|system||

TRACE::2025-06-17.01:13:25::SCWMssOS::Sw design exists and opened at  D:/proyectosep2/IEE2463-SEP-Proyecto-2-Z8/music_player_v2/vitis/music_player_v2_plt/zynq_fsbl/zynq_fsbl_bsp/system.mss
TRACE::2025-06-17.01:13:25::SCWMssOS::Removing the swdes entry for  D:/proyectosep2/IEE2463-SEP-Proyecto-2-Z8/music_player_v2/vitis/music_player_v2_plt/zynq_fsbl/zynq_fsbl_bsp/system.mss
TRACE::2025-06-17.01:13:26::SCWPlatform::Trying to open the hw design at D:/proyectosep2/IEE2463-SEP-Proyecto-2-Z8/music_player_v2/vitis/music_player_v2_plt/hw/design_1_wrapper.xsa
TRACE::2025-06-17.01:13:26::SCWPlatform::DSA given D:/proyectosep2/IEE2463-SEP-Proyecto-2-Z8/music_player_v2/vitis/music_player_v2_plt/hw/design_1_wrapper.xsa
TRACE::2025-06-17.01:13:26::SCWPlatform::DSA absoulate path D:/proyectosep2/IEE2463-SEP-Proyecto-2-Z8/music_player_v2/vitis/music_player_v2_plt/hw/design_1_wrapper.xsa
TRACE::2025-06-17.01:13:26::SCWPlatform::DSA directory D:/proyectosep2/IEE2463-SEP-Proyecto-2-Z8/music_player_v2/vitis/music_player_v2_plt/hw
TRACE::2025-06-17.01:13:26::SCWPlatform:: Platform Path D:/proyectosep2/IEE2463-SEP-Proyecto-2-Z8/music_player_v2/vitis/music_player_v2_plt/hw/design_1_wrapper.xsa
TRACE::2025-06-17.01:13:26::SCWPlatform:: Unique name xilinx:zybo-z7-10::0.0
TRACE::2025-06-17.01:13:26::SCWPlatform::Trying to set the existing hwdb with name design_1_wrapper_1
TRACE::2025-06-17.01:13:26::SCWPlatform::Opened existing hwdb design_1_wrapper_1
TRACE::2025-06-17.01:13:26::SCWPlatform::Found the Hw Db part of the input DSA
TRACE::2025-06-17.01:13:26::SCWMssOS::Checking the sw design at  D:/proyectosep2/IEE2463-SEP-Proyecto-2-Z8/music_player_v2/vitis/music_player_v2_plt/ps7_cortexa9_0/standalone_domain/bsp/system.mss
TRACE::2025-06-17.01:13:26::SCWMssOS::DEBUG:  swdes dump  D:/proyectosep2/IEE2463-SEP-Proyecto-2-Z8/music_player_v2/vitis/music_player_v2_plt/ps7_cortexa9_0/standalone_domain/bsp/system.mss|system_0||

TRACE::2025-06-17.01:13:26::SCWMssOS::Sw design exists and opened at  D:/proyectosep2/IEE2463-SEP-Proyecto-2-Z8/music_player_v2/vitis/music_player_v2_plt/ps7_cortexa9_0/standalone_domain/bsp/system.mss
TRACE::2025-06-17.01:13:26::SCWMssOS::In reload Mss file.
TRACE::2025-06-17.01:13:26::SCWPlatform::Trying to open the hw design at D:/proyectosep2/IEE2463-SEP-Proyecto-2-Z8/music_player_v2/vitis/music_player_v2_plt/hw/design_1_wrapper.xsa
TRACE::2025-06-17.01:13:26::SCWPlatform::DSA given D:/proyectosep2/IEE2463-SEP-Proyecto-2-Z8/music_player_v2/vitis/music_player_v2_plt/hw/design_1_wrapper.xsa
TRACE::2025-06-17.01:13:26::SCWPlatform::DSA absoulate path D:/proyectosep2/IEE2463-SEP-Proyecto-2-Z8/music_player_v2/vitis/music_player_v2_plt/hw/design_1_wrapper.xsa
TRACE::2025-06-17.01:13:26::SCWPlatform::DSA directory D:/proyectosep2/IEE2463-SEP-Proyecto-2-Z8/music_player_v2/vitis/music_player_v2_plt/hw
TRACE::2025-06-17.01:13:26::SCWPlatform:: Platform Path D:/proyectosep2/IEE2463-SEP-Proyecto-2-Z8/music_player_v2/vitis/music_player_v2_plt/hw/design_1_wrapper.xsa
TRACE::2025-06-17.01:13:26::SCWPlatform:: Unique name xilinx:zybo-z7-10::0.0
TRACE::2025-06-17.01:13:26::SCWPlatform::Trying to set the existing hwdb with name design_1_wrapper_1
TRACE::2025-06-17.01:13:26::SCWPlatform::Opened existing hwdb design_1_wrapper_1
TRACE::2025-06-17.01:13:26::SCWPlatform::Found the Hw Db part of the input DSA
TRACE::2025-06-17.01:13:26::SCWMssOS::Checking the sw design at  D:/proyectosep2/IEE2463-SEP-Proyecto-2-Z8/music_player_v2/vitis/music_player_v2_plt/ps7_cortexa9_0/standalone_domain/bsp/system.mss
TRACE::2025-06-17.01:13:26::SCWMssOS::DEBUG:  swdes dump  D:/proyectosep2/IEE2463-SEP-Proyecto-2-Z8/music_player_v2/vitis/music_player_v2_plt/ps7_cortexa9_0/standalone_domain/bsp/system.mss|system_0||

KEYINFO::2025-06-17.01:13:26::SCWMssOS::Could not open the swdb for system_0
KEYINFO::2025-06-17.01:13:26::SCWMssOS::Could not open the sw design at  system_0
ERROR: [Hsi 55-1558] Software Design system_0 is not found

TRACE::2025-06-17.01:13:26::SCWMssOS::Cleared the swdb table entry
TRACE::2025-06-17.01:13:26::SCWMssOS::No sw design opened at  D:/proyectosep2/IEE2463-SEP-Proyecto-2-Z8/music_player_v2/vitis/music_player_v2_plt/ps7_cortexa9_0/standalone_domain/bsp/system.mss
TRACE::2025-06-17.01:13:26::SCWMssOS::mss exists loading the mss file  D:/proyectosep2/IEE2463-SEP-Proyecto-2-Z8/music_player_v2/vitis/music_player_v2_plt/ps7_cortexa9_0/standalone_domain/bsp/system.mss
TRACE::2025-06-17.01:13:26::SCWMssOS::Opened the sw design from mss  D:/proyectosep2/IEE2463-SEP-Proyecto-2-Z8/music_player_v2/vitis/music_player_v2_plt/ps7_cortexa9_0/standalone_domain/bsp/system.mss
TRACE::2025-06-17.01:13:26::SCWMssOS::Adding the swdes entry D:/proyectosep2/IEE2463-SEP-Proyecto-2-Z8/music_player_v2/vitis/music_player_v2_plt/ps7_cortexa9_0/standalone_domain/bsp/system.mss with des name system
TRACE::2025-06-17.01:13:26::SCWMssOS::updating the scw layer about changes
TRACE::2025-06-17.01:13:26::SCWMssOS::Opened the sw design.  D:/proyectosep2/IEE2463-SEP-Proyecto-2-Z8/music_player_v2/vitis/music_player_v2_plt/ps7_cortexa9_0/standalone_domain/bsp/system.mss
TRACE::2025-06-17.01:13:26::SCWMssOS::Saving the mss changes D:/proyectosep2/IEE2463-SEP-Proyecto-2-Z8/music_player_v2/vitis/music_player_v2_plt/ps7_cortexa9_0/standalone_domain/bsp/system.mss
TRACE::2025-06-17.01:13:26::SCWMssOS::Found a swdesign opened with the mssfile.
TRACE::2025-06-17.01:13:26::SCWMssOS::Completed writemss as part of save.
TRACE::2025-06-17.01:13:26::SCWMssOS::Commit changes completed.
TRACE::2025-06-17.01:13:26::SCWPlatform::Trying to open the hw design at D:/proyectosep2/IEE2463-SEP-Proyecto-2-Z8/music_player_v2/vitis/music_player_v2_plt/hw/design_1_wrapper.xsa
TRACE::2025-06-17.01:13:26::SCWPlatform::DSA given D:/proyectosep2/IEE2463-SEP-Proyecto-2-Z8/music_player_v2/vitis/music_player_v2_plt/hw/design_1_wrapper.xsa
TRACE::2025-06-17.01:13:26::SCWPlatform::DSA absoulate path D:/proyectosep2/IEE2463-SEP-Proyecto-2-Z8/music_player_v2/vitis/music_player_v2_plt/hw/design_1_wrapper.xsa
TRACE::2025-06-17.01:13:26::SCWPlatform::DSA directory D:/proyectosep2/IEE2463-SEP-Proyecto-2-Z8/music_player_v2/vitis/music_player_v2_plt/hw
TRACE::2025-06-17.01:13:26::SCWPlatform:: Platform Path D:/proyectosep2/IEE2463-SEP-Proyecto-2-Z8/music_player_v2/vitis/music_player_v2_plt/hw/design_1_wrapper.xsa
TRACE::2025-06-17.01:13:26::SCWPlatform:: Unique name xilinx:zybo-z7-10::0.0
TRACE::2025-06-17.01:13:26::SCWPlatform::Trying to set the existing hwdb with name design_1_wrapper_1
TRACE::2025-06-17.01:13:26::SCWPlatform::Opened existing hwdb design_1_wrapper_1
TRACE::2025-06-17.01:13:26::SCWPlatform::Found the Hw Db part of the input DSA
TRACE::2025-06-17.01:13:26::SCWMssOS::Checking the sw design at  D:/proyectosep2/IEE2463-SEP-Proyecto-2-Z8/music_player_v2/vitis/music_player_v2_plt/ps7_cortexa9_0/standalone_domain/bsp/system.mss
TRACE::2025-06-17.01:13:26::SCWMssOS::DEBUG:  swdes dump  D:/proyectosep2/IEE2463-SEP-Proyecto-2-Z8/music_player_v2/vitis/music_player_v2_plt/ps7_cortexa9_0/standalone_domain/bsp/system.mss|system||

TRACE::2025-06-17.01:13:26::SCWMssOS::Sw design exists and opened at  D:/proyectosep2/IEE2463-SEP-Proyecto-2-Z8/music_player_v2/vitis/music_player_v2_plt/ps7_cortexa9_0/standalone_domain/bsp/system.mss
TRACE::2025-06-17.01:13:26::SCWMssOS::Removing the swdes entry for  D:/proyectosep2/IEE2463-SEP-Proyecto-2-Z8/music_player_v2/vitis/music_player_v2_plt/ps7_cortexa9_0/standalone_domain/bsp/system.mss
TRACE::2025-06-17.01:13:27::SCWPlatform::Trying to open the hw design at D:/proyectosep2/IEE2463-SEP-Proyecto-2-Z8/music_player_v2/vitis/music_player_v2_plt/hw/design_1_wrapper.xsa
TRACE::2025-06-17.01:13:27::SCWPlatform::DSA given D:/proyectosep2/IEE2463-SEP-Proyecto-2-Z8/music_player_v2/vitis/music_player_v2_plt/hw/design_1_wrapper.xsa
TRACE::2025-06-17.01:13:27::SCWPlatform::DSA absoulate path D:/proyectosep2/IEE2463-SEP-Proyecto-2-Z8/music_player_v2/vitis/music_player_v2_plt/hw/design_1_wrapper.xsa
TRACE::2025-06-17.01:13:27::SCWPlatform::DSA directory D:/proyectosep2/IEE2463-SEP-Proyecto-2-Z8/music_player_v2/vitis/music_player_v2_plt/hw
TRACE::2025-06-17.01:13:27::SCWPlatform:: Platform Path D:/proyectosep2/IEE2463-SEP-Proyecto-2-Z8/music_player_v2/vitis/music_player_v2_plt/hw/design_1_wrapper.xsa
TRACE::2025-06-17.01:13:27::SCWPlatform:: Unique name xilinx:zybo-z7-10::0.0
TRACE::2025-06-17.01:13:27::SCWPlatform::Trying to set the existing hwdb with name design_1_wrapper_1
TRACE::2025-06-17.01:13:27::SCWPlatform::Opened existing hwdb design_1_wrapper_1
TRACE::2025-06-17.01:13:27::SCWPlatform::Found the Hw Db part of the input DSA
TRACE::2025-06-17.01:13:27::SCWMssOS::Checking the sw design at  D:/proyectosep2/IEE2463-SEP-Proyecto-2-Z8/music_player_v2/vitis/music_player_v2_plt/ps7_cortexa9_0/standalone_domain/bsp/system.mss
TRACE::2025-06-17.01:13:27::SCWMssOS::DEBUG:  swdes dump  
TRACE::2025-06-17.01:13:27::SCWMssOS::No sw design opened at  D:/proyectosep2/IEE2463-SEP-Proyecto-2-Z8/music_player_v2/vitis/music_player_v2_plt/ps7_cortexa9_0/standalone_domain/bsp/system.mss
TRACE::2025-06-17.01:13:27::SCWMssOS::mss exists loading the mss file  D:/proyectosep2/IEE2463-SEP-Proyecto-2-Z8/music_player_v2/vitis/music_player_v2_plt/ps7_cortexa9_0/standalone_domain/bsp/system.mss
TRACE::2025-06-17.01:13:27::SCWMssOS::Opened the sw design from mss  D:/proyectosep2/IEE2463-SEP-Proyecto-2-Z8/music_player_v2/vitis/music_player_v2_plt/ps7_cortexa9_0/standalone_domain/bsp/system.mss
TRACE::2025-06-17.01:13:27::SCWMssOS::Adding the swdes entry D:/proyectosep2/IEE2463-SEP-Proyecto-2-Z8/music_player_v2/vitis/music_player_v2_plt/ps7_cortexa9_0/standalone_domain/bsp/system.mss with des name system
TRACE::2025-06-17.01:13:27::SCWMssOS::updating the scw layer about changes
TRACE::2025-06-17.01:13:27::SCWMssOS::Opened the sw design.  D:/proyectosep2/IEE2463-SEP-Proyecto-2-Z8/music_player_v2/vitis/music_player_v2_plt/ps7_cortexa9_0/standalone_domain/bsp/system.mss
TRACE::2025-06-17.01:13:29::SCWPlatform::Trying to open the hw design at D:/proyectosep2/IEE2463-SEP-Proyecto-2-Z8/music_player_v2/vitis/music_player_v2_plt/hw/design_1_wrapper.xsa
TRACE::2025-06-17.01:13:29::SCWPlatform::DSA given D:/proyectosep2/IEE2463-SEP-Proyecto-2-Z8/music_player_v2/vitis/music_player_v2_plt/hw/design_1_wrapper.xsa
TRACE::2025-06-17.01:13:29::SCWPlatform::DSA absoulate path D:/proyectosep2/IEE2463-SEP-Proyecto-2-Z8/music_player_v2/vitis/music_player_v2_plt/hw/design_1_wrapper.xsa
TRACE::2025-06-17.01:13:29::SCWPlatform::DSA directory D:/proyectosep2/IEE2463-SEP-Proyecto-2-Z8/music_player_v2/vitis/music_player_v2_plt/hw
TRACE::2025-06-17.01:13:29::SCWPlatform:: Platform Path D:/proyectosep2/IEE2463-SEP-Proyecto-2-Z8/music_player_v2/vitis/music_player_v2_plt/hw/design_1_wrapper.xsa
TRACE::2025-06-17.01:13:29::SCWPlatform:: Unique name xilinx:zybo-z7-10::0.0
TRACE::2025-06-17.01:13:29::SCWPlatform::Trying to set the existing hwdb with name design_1_wrapper_1
TRACE::2025-06-17.01:13:29::SCWPlatform::Opened existing hwdb design_1_wrapper_1
TRACE::2025-06-17.01:13:29::SCWPlatform::Found the Hw Db part of the input DSA
TRACE::2025-06-17.01:13:29::SCWMssOS::Checking the sw design at  D:/proyectosep2/IEE2463-SEP-Proyecto-2-Z8/music_player_v2/vitis/music_player_v2_plt/ps7_cortexa9_0/standalone_domain/bsp/system.mss
TRACE::2025-06-17.01:13:29::SCWMssOS::DEBUG:  swdes dump  D:/proyectosep2/IEE2463-SEP-Proyecto-2-Z8/music_player_v2/vitis/music_player_v2_plt/ps7_cortexa9_0/standalone_domain/bsp/system.mss|system||

TRACE::2025-06-17.01:13:29::SCWMssOS::Sw design exists and opened at  D:/proyectosep2/IEE2463-SEP-Proyecto-2-Z8/music_player_v2/vitis/music_player_v2_plt/ps7_cortexa9_0/standalone_domain/bsp/system.mss
TRACE::2025-06-17.01:13:29::SCWMssOS::Adding Library:  xilffs:4.3
TRACE::2025-06-17.01:13:29::SCWMssOS::Added Library:  xilffs
TRACE::2025-06-17.01:13:30::SCWMssOS::Saving the mss changes D:/proyectosep2/IEE2463-SEP-Proyecto-2-Z8/music_player_v2/vitis/music_player_v2_plt/zynq_fsbl/zynq_fsbl_bsp/system.mss
TRACE::2025-06-17.01:13:30::SCWMssOS::Adding the swdes entry, mss present, able to open swdb D:/proyectosep2/IEE2463-SEP-Proyecto-2-Z8/music_player_v2/vitis/music_player_v2_plt/zynq_fsbl/zynq_fsbl_bsp/system.mss with des name system_0
TRACE::2025-06-17.01:13:30::SCWMssOS::Writing the mss file completed D:/proyectosep2/IEE2463-SEP-Proyecto-2-Z8/music_player_v2/vitis/music_player_v2_plt/zynq_fsbl/zynq_fsbl_bsp/system.mss
TRACE::2025-06-17.01:13:30::SCWMssOS::Commit changes completed.
TRACE::2025-06-17.01:13:30::SCWMssOS::Saving the mss changes D:/proyectosep2/IEE2463-SEP-Proyecto-2-Z8/music_player_v2/vitis/music_player_v2_plt/ps7_cortexa9_0/standalone_domain/bsp/system.mss
TRACE::2025-06-17.01:13:30::SCWMssOS::Found a swdesign opened with the mssfile.
TRACE::2025-06-17.01:13:30::SCWMssOS::Completed writemss as part of save.
TRACE::2025-06-17.01:13:30::SCWMssOS::Commit changes completed.
TRACE::2025-06-17.01:13:30::SCWPlatform::Trying to open the hw design at D:/proyectosep2/IEE2463-SEP-Proyecto-2-Z8/music_player_v2/vitis/music_player_v2_plt/hw/design_1_wrapper.xsa
TRACE::2025-06-17.01:13:30::SCWPlatform::DSA given D:/proyectosep2/IEE2463-SEP-Proyecto-2-Z8/music_player_v2/vitis/music_player_v2_plt/hw/design_1_wrapper.xsa
TRACE::2025-06-17.01:13:30::SCWPlatform::DSA absoulate path D:/proyectosep2/IEE2463-SEP-Proyecto-2-Z8/music_player_v2/vitis/music_player_v2_plt/hw/design_1_wrapper.xsa
TRACE::2025-06-17.01:13:30::SCWPlatform::DSA directory D:/proyectosep2/IEE2463-SEP-Proyecto-2-Z8/music_player_v2/vitis/music_player_v2_plt/hw
TRACE::2025-06-17.01:13:30::SCWPlatform:: Platform Path D:/proyectosep2/IEE2463-SEP-Proyecto-2-Z8/music_player_v2/vitis/music_player_v2_plt/hw/design_1_wrapper.xsa
TRACE::2025-06-17.01:13:30::SCWPlatform:: Unique name xilinx:zybo-z7-10::0.0
TRACE::2025-06-17.01:13:30::SCWPlatform::Trying to set the existing hwdb with name design_1_wrapper_1
TRACE::2025-06-17.01:13:30::SCWPlatform::Opened existing hwdb design_1_wrapper_1
TRACE::2025-06-17.01:13:30::SCWPlatform::Found the Hw Db part of the input DSA
TRACE::2025-06-17.01:13:30::SCWMssOS::Checking the sw design at  D:/proyectosep2/IEE2463-SEP-Proyecto-2-Z8/music_player_v2/vitis/music_player_v2_plt/zynq_fsbl/zynq_fsbl_bsp/system.mss
TRACE::2025-06-17.01:13:30::SCWMssOS::DEBUG:  swdes dump  D:/proyectosep2/IEE2463-SEP-Proyecto-2-Z8/music_player_v2/vitis/music_player_v2_plt/ps7_cortexa9_0/standalone_domain/bsp/system.mss|system||
D:/proyectosep2/IEE2463-SEP-Proyecto-2-Z8/music_player_v2/vitis/music_player_v2_plt/zynq_fsbl/zynq_fsbl_bsp/system.mss|system_0||

TRACE::2025-06-17.01:13:30::SCWMssOS::Sw design exists and opened at  D:/proyectosep2/IEE2463-SEP-Proyecto-2-Z8/music_player_v2/vitis/music_player_v2_plt/zynq_fsbl/zynq_fsbl_bsp/system.mss
TRACE::2025-06-17.01:13:30::SCWPlatform::Trying to open the hw design at D:/proyectosep2/IEE2463-SEP-Proyecto-2-Z8/music_player_v2/vitis/music_player_v2_plt/hw/design_1_wrapper.xsa
TRACE::2025-06-17.01:13:30::SCWPlatform::DSA given D:/proyectosep2/IEE2463-SEP-Proyecto-2-Z8/music_player_v2/vitis/music_player_v2_plt/hw/design_1_wrapper.xsa
TRACE::2025-06-17.01:13:30::SCWPlatform::DSA absoulate path D:/proyectosep2/IEE2463-SEP-Proyecto-2-Z8/music_player_v2/vitis/music_player_v2_plt/hw/design_1_wrapper.xsa
TRACE::2025-06-17.01:13:30::SCWPlatform::DSA directory D:/proyectosep2/IEE2463-SEP-Proyecto-2-Z8/music_player_v2/vitis/music_player_v2_plt/hw
TRACE::2025-06-17.01:13:30::SCWPlatform:: Platform Path D:/proyectosep2/IEE2463-SEP-Proyecto-2-Z8/music_player_v2/vitis/music_player_v2_plt/hw/design_1_wrapper.xsa
TRACE::2025-06-17.01:13:30::SCWPlatform:: Unique name xilinx:zybo-z7-10::0.0
TRACE::2025-06-17.01:13:30::SCWPlatform::Trying to set the existing hwdb with name design_1_wrapper_1
TRACE::2025-06-17.01:13:30::SCWPlatform::Opened existing hwdb design_1_wrapper_1
TRACE::2025-06-17.01:13:30::SCWPlatform::Found the Hw Db part of the input DSA
TRACE::2025-06-17.01:13:30::SCWMssOS::Checking the sw design at  D:/proyectosep2/IEE2463-SEP-Proyecto-2-Z8/music_player_v2/vitis/music_player_v2_plt/ps7_cortexa9_0/standalone_domain/bsp/system.mss
TRACE::2025-06-17.01:13:30::SCWMssOS::DEBUG:  swdes dump  D:/proyectosep2/IEE2463-SEP-Proyecto-2-Z8/music_player_v2/vitis/music_player_v2_plt/ps7_cortexa9_0/standalone_domain/bsp/system.mss|system||
D:/proyectosep2/IEE2463-SEP-Proyecto-2-Z8/music_player_v2/vitis/music_player_v2_plt/zynq_fsbl/zynq_fsbl_bsp/system.mss|system_0||

TRACE::2025-06-17.01:13:30::SCWMssOS::Sw design exists and opened at  D:/proyectosep2/IEE2463-SEP-Proyecto-2-Z8/music_player_v2/vitis/music_player_v2_plt/ps7_cortexa9_0/standalone_domain/bsp/system.mss
TRACE::2025-06-17.01:13:30::SCWWriter::formatted JSON is {
	"platformName":	"music_player_v2_plt",
	"sprVersion":	"2.0",
	"mode":	"gui",
	"dsaType":	"Fixed",
	"platformDesc":	"music_player_v2_plt",
	"platHandOff":	"D:/proyectosep2/IEE2463-SEP-Proyecto-2-Z8/music_player_v2/project_1/design_1_wrapper.xsa",
	"platIntHandOff":	"<platformDir>/hw/design_1_wrapper.xsa",
	"deviceType":	"zynq",
	"platIsPrebuiltAutogen":	"false",
	"platIsNoBootBsp":	"false",
	"hasFsblMakeHasChanges":	"false",
	"hasPmufwMakeHasChanges":	"false",
	"fsblExtraCompilerFlags":	"-MMD -MP       -mcpu=cortex-a9 -mfpu=vfpv3 -mfloat-abi=hard ",
	"platPreBuiltFlag":	false,
	"platformSamplesDir":	"",
	"platActiveSys":	"music_player_v2_plt",
	"systems":	[{
			"systemName":	"music_player_v2_plt",
			"systemDesc":	"music_player_v2_plt",
			"sysIsBootAutoGen":	"true",
			"systemDispName":	"music_player_v2_plt",
			"sysActiveDom":	"standalone_domain",
			"sysDefaultDom":	"standalone_domain",
			"domains":	[{
					"domainName":	"zynq_fsbl",
					"domainDispName":	"zynq_fsbl",
					"domainDesc":	"FSBL Application BSP - Auto Generated.",
					"processors":	"ps7_cortexa9_0",
					"os":	"standalone",
					"sdxOs":	"standalone",
					"debugEnable":	"",
					"domRuntimes":	["cpp"],
					"swRepo":	"",
					"mssOsVer":	"7.2",
					"mssFile":	"",
					"md5Digest":	"2cc1a00be57fefc4b5f8d35f1cb57176",
					"compatibleApp":	"zynq_fsbl",
					"domType":	"bootDomain",
					"appSettings":	{
						"appCompilerFlags":	"",
						"appLinkerFlags":	""
					},
					"addedLibs":	["xilffs:4.3", "xilrsa:1.6"],
					"libOptions":	{
						"libsContainingOptions":	[]
					},
					"prebuiltLibs":	{
						"prebuiltIncPath":	[],
						"prebuiltLibPath":	[]
					},
					"isolation":	{
					}
				}, {
					"domainName":	"standalone_domain",
					"domainDispName":	"standalone on ps7_cortexa9_0",
					"domainDesc":	"standalone_domain",
					"processors":	"ps7_cortexa9_0",
					"os":	"standalone",
					"sdxOs":	"standalone",
					"qemuArgs":	"D:/Xilinx/Vitis/2020.1/data/emulation/platforms/zynq/qemu/qemu_args.txt",
					"qemuData":	"D:/Xilinx/Vitis/2020.1/data/emulation/platforms/zynq/qemu/",
					"debugEnable":	"False",
					"domRuntimes":	["cpp"],
					"swRepo":	"",
					"mssOsVer":	"7.2",
					"mssFile":	"",
					"md5Digest":	"7c2903d5491ee5c801437af40f901373",
					"compatibleApp":	"",
					"domType":	"mssDomain",
					"appSettings":	{
						"appCompilerFlags":	"",
						"appLinkerFlags":	""
					},
					"addedLibs":	["xilffs:4.3"],
					"libOptions":	{
						"libsContainingOptions":	[]
					},
					"prebuiltLibs":	{
						"prebuiltIncPath":	[],
						"prebuiltLibPath":	[]
					},
					"isolation":	{
					}
				}]
		}]
}
TRACE::2025-06-17.01:13:30::SCWMssOS::Saving the mss changes D:/proyectosep2/IEE2463-SEP-Proyecto-2-Z8/music_player_v2/vitis/music_player_v2_plt/ps7_cortexa9_0/standalone_domain/bsp/system.mss
TRACE::2025-06-17.01:13:30::SCWMssOS::Found a swdesign opened with the mssfile.
TRACE::2025-06-17.01:13:30::SCWMssOS::Completed writemss as part of save.
TRACE::2025-06-17.01:13:30::SCWMssOS::Commit changes completed.
TRACE::2025-06-17.01:13:30::SCWPlatform::Trying to open the hw design at D:/proyectosep2/IEE2463-SEP-Proyecto-2-Z8/music_player_v2/vitis/music_player_v2_plt/hw/design_1_wrapper.xsa
TRACE::2025-06-17.01:13:30::SCWPlatform::DSA given D:/proyectosep2/IEE2463-SEP-Proyecto-2-Z8/music_player_v2/vitis/music_player_v2_plt/hw/design_1_wrapper.xsa
TRACE::2025-06-17.01:13:30::SCWPlatform::DSA absoulate path D:/proyectosep2/IEE2463-SEP-Proyecto-2-Z8/music_player_v2/vitis/music_player_v2_plt/hw/design_1_wrapper.xsa
TRACE::2025-06-17.01:13:30::SCWPlatform::DSA directory D:/proyectosep2/IEE2463-SEP-Proyecto-2-Z8/music_player_v2/vitis/music_player_v2_plt/hw
TRACE::2025-06-17.01:13:30::SCWPlatform:: Platform Path D:/proyectosep2/IEE2463-SEP-Proyecto-2-Z8/music_player_v2/vitis/music_player_v2_plt/hw/design_1_wrapper.xsa
TRACE::2025-06-17.01:13:30::SCWPlatform:: Unique name xilinx:zybo-z7-10::0.0
TRACE::2025-06-17.01:13:30::SCWPlatform::Trying to set the existing hwdb with name design_1_wrapper_1
TRACE::2025-06-17.01:13:30::SCWPlatform::Opened existing hwdb design_1_wrapper_1
TRACE::2025-06-17.01:13:30::SCWPlatform::Found the Hw Db part of the input DSA
TRACE::2025-06-17.01:13:30::SCWMssOS::Checking the sw design at  D:/proyectosep2/IEE2463-SEP-Proyecto-2-Z8/music_player_v2/vitis/music_player_v2_plt/ps7_cortexa9_0/standalone_domain/bsp/system.mss
TRACE::2025-06-17.01:13:30::SCWMssOS::DEBUG:  swdes dump  D:/proyectosep2/IEE2463-SEP-Proyecto-2-Z8/music_player_v2/vitis/music_player_v2_plt/ps7_cortexa9_0/standalone_domain/bsp/system.mss|system||
D:/proyectosep2/IEE2463-SEP-Proyecto-2-Z8/music_player_v2/vitis/music_player_v2_plt/zynq_fsbl/zynq_fsbl_bsp/system.mss|system_0||

TRACE::2025-06-17.01:13:30::SCWMssOS::Sw design exists and opened at  D:/proyectosep2/IEE2463-SEP-Proyecto-2-Z8/music_player_v2/vitis/music_player_v2_plt/ps7_cortexa9_0/standalone_domain/bsp/system.mss
TRACE::2025-06-17.01:13:30::SCWMssOS::Removing the swdes entry for  D:/proyectosep2/IEE2463-SEP-Proyecto-2-Z8/music_player_v2/vitis/music_player_v2_plt/ps7_cortexa9_0/standalone_domain/bsp/system.mss
TRACE::2025-06-17.01:13:31::SCWMssOS::In reload Mss file.
TRACE::2025-06-17.01:13:31::SCWPlatform::Trying to open the hw design at D:/proyectosep2/IEE2463-SEP-Proyecto-2-Z8/music_player_v2/vitis/music_player_v2_plt/hw/design_1_wrapper.xsa
TRACE::2025-06-17.01:13:31::SCWPlatform::DSA given D:/proyectosep2/IEE2463-SEP-Proyecto-2-Z8/music_player_v2/vitis/music_player_v2_plt/hw/design_1_wrapper.xsa
TRACE::2025-06-17.01:13:31::SCWPlatform::DSA absoulate path D:/proyectosep2/IEE2463-SEP-Proyecto-2-Z8/music_player_v2/vitis/music_player_v2_plt/hw/design_1_wrapper.xsa
TRACE::2025-06-17.01:13:31::SCWPlatform::DSA directory D:/proyectosep2/IEE2463-SEP-Proyecto-2-Z8/music_player_v2/vitis/music_player_v2_plt/hw
TRACE::2025-06-17.01:13:31::SCWPlatform:: Platform Path D:/proyectosep2/IEE2463-SEP-Proyecto-2-Z8/music_player_v2/vitis/music_player_v2_plt/hw/design_1_wrapper.xsa
TRACE::2025-06-17.01:13:31::SCWPlatform:: Unique name xilinx:zybo-z7-10::0.0
TRACE::2025-06-17.01:13:31::SCWPlatform::Trying to set the existing hwdb with name design_1_wrapper_1
TRACE::2025-06-17.01:13:31::SCWPlatform::Opened existing hwdb design_1_wrapper_1
TRACE::2025-06-17.01:13:31::SCWPlatform::Found the Hw Db part of the input DSA
TRACE::2025-06-17.01:13:31::SCWMssOS::Checking the sw design at  D:/proyectosep2/IEE2463-SEP-Proyecto-2-Z8/music_player_v2/vitis/music_player_v2_plt/ps7_cortexa9_0/standalone_domain/bsp/system.mss
TRACE::2025-06-17.01:13:31::SCWMssOS::DEBUG:  swdes dump  D:/proyectosep2/IEE2463-SEP-Proyecto-2-Z8/music_player_v2/vitis/music_player_v2_plt/zynq_fsbl/zynq_fsbl_bsp/system.mss|system_0||

TRACE::2025-06-17.01:13:31::SCWMssOS::No sw design opened at  D:/proyectosep2/IEE2463-SEP-Proyecto-2-Z8/music_player_v2/vitis/music_player_v2_plt/ps7_cortexa9_0/standalone_domain/bsp/system.mss
TRACE::2025-06-17.01:13:31::SCWMssOS::mss exists loading the mss file  D:/proyectosep2/IEE2463-SEP-Proyecto-2-Z8/music_player_v2/vitis/music_player_v2_plt/ps7_cortexa9_0/standalone_domain/bsp/system.mss
TRACE::2025-06-17.01:13:31::SCWMssOS::Opened the sw design from mss  D:/proyectosep2/IEE2463-SEP-Proyecto-2-Z8/music_player_v2/vitis/music_player_v2_plt/ps7_cortexa9_0/standalone_domain/bsp/system.mss
TRACE::2025-06-17.01:13:31::SCWMssOS::Adding the swdes entry D:/proyectosep2/IEE2463-SEP-Proyecto-2-Z8/music_player_v2/vitis/music_player_v2_plt/ps7_cortexa9_0/standalone_domain/bsp/system.mss with des name system
TRACE::2025-06-17.01:13:31::SCWMssOS::updating the scw layer about changes
TRACE::2025-06-17.01:13:31::SCWMssOS::Opened the sw design.  D:/proyectosep2/IEE2463-SEP-Proyecto-2-Z8/music_player_v2/vitis/music_player_v2_plt/ps7_cortexa9_0/standalone_domain/bsp/system.mss
TRACE::2025-06-17.01:13:31::SCWPlatform::Trying to open the hw design at D:/proyectosep2/IEE2463-SEP-Proyecto-2-Z8/music_player_v2/vitis/music_player_v2_plt/hw/design_1_wrapper.xsa
TRACE::2025-06-17.01:13:31::SCWPlatform::DSA given D:/proyectosep2/IEE2463-SEP-Proyecto-2-Z8/music_player_v2/vitis/music_player_v2_plt/hw/design_1_wrapper.xsa
TRACE::2025-06-17.01:13:31::SCWPlatform::DSA absoulate path D:/proyectosep2/IEE2463-SEP-Proyecto-2-Z8/music_player_v2/vitis/music_player_v2_plt/hw/design_1_wrapper.xsa
TRACE::2025-06-17.01:13:31::SCWPlatform::DSA directory D:/proyectosep2/IEE2463-SEP-Proyecto-2-Z8/music_player_v2/vitis/music_player_v2_plt/hw
TRACE::2025-06-17.01:13:31::SCWPlatform:: Platform Path D:/proyectosep2/IEE2463-SEP-Proyecto-2-Z8/music_player_v2/vitis/music_player_v2_plt/hw/design_1_wrapper.xsa
TRACE::2025-06-17.01:13:31::SCWPlatform:: Unique name xilinx:zybo-z7-10::0.0
TRACE::2025-06-17.01:13:31::SCWPlatform::Trying to set the existing hwdb with name design_1_wrapper_1
TRACE::2025-06-17.01:13:31::SCWPlatform::Opened existing hwdb design_1_wrapper_1
TRACE::2025-06-17.01:13:31::SCWPlatform::Found the Hw Db part of the input DSA
TRACE::2025-06-17.01:13:31::SCWMssOS::Checking the sw design at  D:/proyectosep2/IEE2463-SEP-Proyecto-2-Z8/music_player_v2/vitis/music_player_v2_plt/ps7_cortexa9_0/standalone_domain/bsp/system.mss
TRACE::2025-06-17.01:13:31::SCWMssOS::DEBUG:  swdes dump  D:/proyectosep2/IEE2463-SEP-Proyecto-2-Z8/music_player_v2/vitis/music_player_v2_plt/ps7_cortexa9_0/standalone_domain/bsp/system.mss|system||
D:/proyectosep2/IEE2463-SEP-Proyecto-2-Z8/music_player_v2/vitis/music_player_v2_plt/zynq_fsbl/zynq_fsbl_bsp/system.mss|system_0||

TRACE::2025-06-17.01:13:31::SCWMssOS::Sw design exists and opened at  D:/proyectosep2/IEE2463-SEP-Proyecto-2-Z8/music_player_v2/vitis/music_player_v2_plt/ps7_cortexa9_0/standalone_domain/bsp/system.mss
TRACE::2025-06-17.01:13:31::SCWMssOS:: library already available in sw design:  xilffs:4.3
TRACE::2025-06-17.01:13:31::SCWMssOS::Saving the mss changes D:/proyectosep2/IEE2463-SEP-Proyecto-2-Z8/music_player_v2/vitis/music_player_v2_plt/ps7_cortexa9_0/standalone_domain/bsp/system.mss
TRACE::2025-06-17.01:13:31::SCWMssOS::Found a swdesign opened with the mssfile.
TRACE::2025-06-17.01:13:31::SCWMssOS::Completed writemss as part of save.
TRACE::2025-06-17.01:13:31::SCWMssOS::Commit changes completed.
TRACE::2025-06-17.01:13:31::SCWPlatform::Trying to open the hw design at D:/proyectosep2/IEE2463-SEP-Proyecto-2-Z8/music_player_v2/vitis/music_player_v2_plt/hw/design_1_wrapper.xsa
TRACE::2025-06-17.01:13:31::SCWPlatform::DSA given D:/proyectosep2/IEE2463-SEP-Proyecto-2-Z8/music_player_v2/vitis/music_player_v2_plt/hw/design_1_wrapper.xsa
TRACE::2025-06-17.01:13:31::SCWPlatform::DSA absoulate path D:/proyectosep2/IEE2463-SEP-Proyecto-2-Z8/music_player_v2/vitis/music_player_v2_plt/hw/design_1_wrapper.xsa
TRACE::2025-06-17.01:13:31::SCWPlatform::DSA directory D:/proyectosep2/IEE2463-SEP-Proyecto-2-Z8/music_player_v2/vitis/music_player_v2_plt/hw
TRACE::2025-06-17.01:13:31::SCWPlatform:: Platform Path D:/proyectosep2/IEE2463-SEP-Proyecto-2-Z8/music_player_v2/vitis/music_player_v2_plt/hw/design_1_wrapper.xsa
TRACE::2025-06-17.01:13:31::SCWPlatform:: Unique name xilinx:zybo-z7-10::0.0
TRACE::2025-06-17.01:13:31::SCWPlatform::Trying to set the existing hwdb with name design_1_wrapper_1
TRACE::2025-06-17.01:13:31::SCWPlatform::Opened existing hwdb design_1_wrapper_1
TRACE::2025-06-17.01:13:31::SCWPlatform::Found the Hw Db part of the input DSA
TRACE::2025-06-17.01:13:31::SCWMssOS::Checking the sw design at  D:/proyectosep2/IEE2463-SEP-Proyecto-2-Z8/music_player_v2/vitis/music_player_v2_plt/ps7_cortexa9_0/standalone_domain/bsp/system.mss
TRACE::2025-06-17.01:13:31::SCWMssOS::DEBUG:  swdes dump  D:/proyectosep2/IEE2463-SEP-Proyecto-2-Z8/music_player_v2/vitis/music_player_v2_plt/ps7_cortexa9_0/standalone_domain/bsp/system.mss|system||
D:/proyectosep2/IEE2463-SEP-Proyecto-2-Z8/music_player_v2/vitis/music_player_v2_plt/zynq_fsbl/zynq_fsbl_bsp/system.mss|system_0||

TRACE::2025-06-17.01:13:31::SCWMssOS::Sw design exists and opened at  D:/proyectosep2/IEE2463-SEP-Proyecto-2-Z8/music_player_v2/vitis/music_player_v2_plt/ps7_cortexa9_0/standalone_domain/bsp/system.mss
TRACE::2025-06-17.01:13:31::SCWMssOS::Removing the swdes entry for  D:/proyectosep2/IEE2463-SEP-Proyecto-2-Z8/music_player_v2/vitis/music_player_v2_plt/ps7_cortexa9_0/standalone_domain/bsp/system.mss
TRACE::2025-06-17.01:13:31::SCWPlatform::Trying to open the hw design at D:/proyectosep2/IEE2463-SEP-Proyecto-2-Z8/music_player_v2/vitis/music_player_v2_plt/hw/design_1_wrapper.xsa
TRACE::2025-06-17.01:13:31::SCWPlatform::DSA given D:/proyectosep2/IEE2463-SEP-Proyecto-2-Z8/music_player_v2/vitis/music_player_v2_plt/hw/design_1_wrapper.xsa
TRACE::2025-06-17.01:13:31::SCWPlatform::DSA absoulate path D:/proyectosep2/IEE2463-SEP-Proyecto-2-Z8/music_player_v2/vitis/music_player_v2_plt/hw/design_1_wrapper.xsa
TRACE::2025-06-17.01:13:31::SCWPlatform::DSA directory D:/proyectosep2/IEE2463-SEP-Proyecto-2-Z8/music_player_v2/vitis/music_player_v2_plt/hw
TRACE::2025-06-17.01:13:31::SCWPlatform:: Platform Path D:/proyectosep2/IEE2463-SEP-Proyecto-2-Z8/music_player_v2/vitis/music_player_v2_plt/hw/design_1_wrapper.xsa
TRACE::2025-06-17.01:13:31::SCWPlatform:: Unique name xilinx:zybo-z7-10::0.0
TRACE::2025-06-17.01:13:31::SCWPlatform::Trying to set the existing hwdb with name design_1_wrapper_1
TRACE::2025-06-17.01:13:31::SCWPlatform::Opened existing hwdb design_1_wrapper_1
TRACE::2025-06-17.01:13:31::SCWPlatform::Found the Hw Db part of the input DSA
TRACE::2025-06-17.01:13:31::SCWMssOS::Checking the sw design at  D:/proyectosep2/IEE2463-SEP-Proyecto-2-Z8/music_player_v2/vitis/music_player_v2_plt/ps7_cortexa9_0/standalone_domain/bsp/system.mss
TRACE::2025-06-17.01:13:31::SCWMssOS::DEBUG:  swdes dump  D:/proyectosep2/IEE2463-SEP-Proyecto-2-Z8/music_player_v2/vitis/music_player_v2_plt/zynq_fsbl/zynq_fsbl_bsp/system.mss|system_0||

TRACE::2025-06-17.01:13:31::SCWMssOS::No sw design opened at  D:/proyectosep2/IEE2463-SEP-Proyecto-2-Z8/music_player_v2/vitis/music_player_v2_plt/ps7_cortexa9_0/standalone_domain/bsp/system.mss
TRACE::2025-06-17.01:13:31::SCWMssOS::mss exists loading the mss file  D:/proyectosep2/IEE2463-SEP-Proyecto-2-Z8/music_player_v2/vitis/music_player_v2_plt/ps7_cortexa9_0/standalone_domain/bsp/system.mss
TRACE::2025-06-17.01:13:31::SCWMssOS::Opened the sw design from mss  D:/proyectosep2/IEE2463-SEP-Proyecto-2-Z8/music_player_v2/vitis/music_player_v2_plt/ps7_cortexa9_0/standalone_domain/bsp/system.mss
TRACE::2025-06-17.01:13:31::SCWMssOS::Adding the swdes entry D:/proyectosep2/IEE2463-SEP-Proyecto-2-Z8/music_player_v2/vitis/music_player_v2_plt/ps7_cortexa9_0/standalone_domain/bsp/system.mss with des name system
TRACE::2025-06-17.01:13:31::SCWMssOS::updating the scw layer about changes
TRACE::2025-06-17.01:13:31::SCWMssOS::Opened the sw design.  D:/proyectosep2/IEE2463-SEP-Proyecto-2-Z8/music_player_v2/vitis/music_player_v2_plt/ps7_cortexa9_0/standalone_domain/bsp/system.mss
TRACE::2025-06-17.01:13:31::SCWMssOS::Completed writing the mss file at D:/proyectosep2/IEE2463-SEP-Proyecto-2-Z8/music_player_v2/vitis/music_player_v2_plt/ps7_cortexa9_0/standalone_domain/bsp
TRACE::2025-06-17.01:13:31::SCWMssOS::Forcing BSP Sources regeneration.
TRACE::2025-06-17.01:13:36::SCWPlatform::Trying to open the hw design at D:/proyectosep2/IEE2463-SEP-Proyecto-2-Z8/music_player_v2/vitis/music_player_v2_plt/hw/design_1_wrapper.xsa
TRACE::2025-06-17.01:13:36::SCWPlatform::DSA given D:/proyectosep2/IEE2463-SEP-Proyecto-2-Z8/music_player_v2/vitis/music_player_v2_plt/hw/design_1_wrapper.xsa
TRACE::2025-06-17.01:13:36::SCWPlatform::DSA absoulate path D:/proyectosep2/IEE2463-SEP-Proyecto-2-Z8/music_player_v2/vitis/music_player_v2_plt/hw/design_1_wrapper.xsa
TRACE::2025-06-17.01:13:36::SCWPlatform::DSA directory D:/proyectosep2/IEE2463-SEP-Proyecto-2-Z8/music_player_v2/vitis/music_player_v2_plt/hw
TRACE::2025-06-17.01:13:36::SCWPlatform:: Platform Path D:/proyectosep2/IEE2463-SEP-Proyecto-2-Z8/music_player_v2/vitis/music_player_v2_plt/hw/design_1_wrapper.xsa
TRACE::2025-06-17.01:13:36::SCWPlatform:: Unique name xilinx:zybo-z7-10::0.0
TRACE::2025-06-17.01:13:36::SCWPlatform::Trying to set the existing hwdb with name design_1_wrapper_1
TRACE::2025-06-17.01:13:36::SCWPlatform::Opened existing hwdb design_1_wrapper_1
TRACE::2025-06-17.01:13:36::SCWPlatform::Found the Hw Db part of the input DSA
TRACE::2025-06-17.01:13:36::SCWMssOS::Checking the sw design at  D:/proyectosep2/IEE2463-SEP-Proyecto-2-Z8/music_player_v2/vitis/music_player_v2_plt/ps7_cortexa9_0/standalone_domain/bsp/system.mss
TRACE::2025-06-17.01:13:36::SCWMssOS::DEBUG:  swdes dump  D:/proyectosep2/IEE2463-SEP-Proyecto-2-Z8/music_player_v2/vitis/music_player_v2_plt/ps7_cortexa9_0/standalone_domain/bsp/system.mss|system||
D:/proyectosep2/IEE2463-SEP-Proyecto-2-Z8/music_player_v2/vitis/music_player_v2_plt/zynq_fsbl/zynq_fsbl_bsp/system.mss|system_0||

KEYINFO::2025-06-17.01:13:36::SCWMssOS::Could not open the swdb for system
KEYINFO::2025-06-17.01:13:36::SCWMssOS::Could not open the sw design at  system
ERROR: [Hsi 55-1558] Software Design system is not found

TRACE::2025-06-17.01:13:36::SCWMssOS::Cleared the swdb table entry
TRACE::2025-06-17.01:13:36::SCWMssOS::No sw design opened at  D:/proyectosep2/IEE2463-SEP-Proyecto-2-Z8/music_player_v2/vitis/music_player_v2_plt/ps7_cortexa9_0/standalone_domain/bsp/system.mss
TRACE::2025-06-17.01:13:36::SCWMssOS::mss exists loading the mss file  D:/proyectosep2/IEE2463-SEP-Proyecto-2-Z8/music_player_v2/vitis/music_player_v2_plt/ps7_cortexa9_0/standalone_domain/bsp/system.mss
TRACE::2025-06-17.01:13:36::SCWMssOS::Opened the sw design from mss  D:/proyectosep2/IEE2463-SEP-Proyecto-2-Z8/music_player_v2/vitis/music_player_v2_plt/ps7_cortexa9_0/standalone_domain/bsp/system.mss
TRACE::2025-06-17.01:13:36::SCWMssOS::Adding the swdes entry D:/proyectosep2/IEE2463-SEP-Proyecto-2-Z8/music_player_v2/vitis/music_player_v2_plt/ps7_cortexa9_0/standalone_domain/bsp/system.mss with des name system
TRACE::2025-06-17.01:13:36::SCWMssOS::updating the scw layer about changes
TRACE::2025-06-17.01:13:36::SCWMssOS::Opened the sw design.  D:/proyectosep2/IEE2463-SEP-Proyecto-2-Z8/music_player_v2/vitis/music_player_v2_plt/ps7_cortexa9_0/standalone_domain/bsp/system.mss
TRACE::2025-06-17.01:13:38::SCWMssOS::In reload Mss file.
TRACE::2025-06-17.01:13:38::SCWPlatform::Trying to open the hw design at D:/proyectosep2/IEE2463-SEP-Proyecto-2-Z8/music_player_v2/vitis/music_player_v2_plt/hw/design_1_wrapper.xsa
TRACE::2025-06-17.01:13:38::SCWPlatform::DSA given D:/proyectosep2/IEE2463-SEP-Proyecto-2-Z8/music_player_v2/vitis/music_player_v2_plt/hw/design_1_wrapper.xsa
TRACE::2025-06-17.01:13:38::SCWPlatform::DSA absoulate path D:/proyectosep2/IEE2463-SEP-Proyecto-2-Z8/music_player_v2/vitis/music_player_v2_plt/hw/design_1_wrapper.xsa
TRACE::2025-06-17.01:13:38::SCWPlatform::DSA directory D:/proyectosep2/IEE2463-SEP-Proyecto-2-Z8/music_player_v2/vitis/music_player_v2_plt/hw
TRACE::2025-06-17.01:13:38::SCWPlatform:: Platform Path D:/proyectosep2/IEE2463-SEP-Proyecto-2-Z8/music_player_v2/vitis/music_player_v2_plt/hw/design_1_wrapper.xsa
TRACE::2025-06-17.01:13:38::SCWPlatform:: Unique name xilinx:zybo-z7-10::0.0
TRACE::2025-06-17.01:13:38::SCWPlatform::Trying to set the existing hwdb with name design_1_wrapper_1
TRACE::2025-06-17.01:13:38::SCWPlatform::Opened existing hwdb design_1_wrapper_1
TRACE::2025-06-17.01:13:38::SCWPlatform::Found the Hw Db part of the input DSA
TRACE::2025-06-17.01:13:38::SCWMssOS::Checking the sw design at  D:/proyectosep2/IEE2463-SEP-Proyecto-2-Z8/music_player_v2/vitis/music_player_v2_plt/ps7_cortexa9_0/standalone_domain/bsp/system.mss
TRACE::2025-06-17.01:13:38::SCWMssOS::DEBUG:  swdes dump  D:/proyectosep2/IEE2463-SEP-Proyecto-2-Z8/music_player_v2/vitis/music_player_v2_plt/ps7_cortexa9_0/standalone_domain/bsp/system.mss|system||
D:/proyectosep2/IEE2463-SEP-Proyecto-2-Z8/music_player_v2/vitis/music_player_v2_plt/zynq_fsbl/zynq_fsbl_bsp/system.mss|system_0||

KEYINFO::2025-06-17.01:13:38::SCWMssOS::Could not open the swdb for system
KEYINFO::2025-06-17.01:13:38::SCWMssOS::Could not open the sw design at  system
ERROR: [Hsi 55-1558] Software Design system is not found

TRACE::2025-06-17.01:13:38::SCWMssOS::Cleared the swdb table entry
TRACE::2025-06-17.01:13:38::SCWMssOS::No sw design opened at  D:/proyectosep2/IEE2463-SEP-Proyecto-2-Z8/music_player_v2/vitis/music_player_v2_plt/ps7_cortexa9_0/standalone_domain/bsp/system.mss
TRACE::2025-06-17.01:13:38::SCWMssOS::mss exists loading the mss file  D:/proyectosep2/IEE2463-SEP-Proyecto-2-Z8/music_player_v2/vitis/music_player_v2_plt/ps7_cortexa9_0/standalone_domain/bsp/system.mss
TRACE::2025-06-17.01:13:38::SCWMssOS::Opened the sw design from mss  D:/proyectosep2/IEE2463-SEP-Proyecto-2-Z8/music_player_v2/vitis/music_player_v2_plt/ps7_cortexa9_0/standalone_domain/bsp/system.mss
TRACE::2025-06-17.01:13:38::SCWMssOS::Adding the swdes entry D:/proyectosep2/IEE2463-SEP-Proyecto-2-Z8/music_player_v2/vitis/music_player_v2_plt/ps7_cortexa9_0/standalone_domain/bsp/system.mss with des name system
TRACE::2025-06-17.01:13:38::SCWMssOS::updating the scw layer about changes
TRACE::2025-06-17.01:13:38::SCWMssOS::Opened the sw design.  D:/proyectosep2/IEE2463-SEP-Proyecto-2-Z8/music_player_v2/vitis/music_player_v2_plt/ps7_cortexa9_0/standalone_domain/bsp/system.mss
TRACE::2025-06-17.01:13:38::SCWPlatform::Trying to open the hw design at D:/proyectosep2/IEE2463-SEP-Proyecto-2-Z8/music_player_v2/vitis/music_player_v2_plt/hw/design_1_wrapper.xsa
TRACE::2025-06-17.01:13:38::SCWPlatform::DSA given D:/proyectosep2/IEE2463-SEP-Proyecto-2-Z8/music_player_v2/vitis/music_player_v2_plt/hw/design_1_wrapper.xsa
TRACE::2025-06-17.01:13:38::SCWPlatform::DSA absoulate path D:/proyectosep2/IEE2463-SEP-Proyecto-2-Z8/music_player_v2/vitis/music_player_v2_plt/hw/design_1_wrapper.xsa
TRACE::2025-06-17.01:13:38::SCWPlatform::DSA directory D:/proyectosep2/IEE2463-SEP-Proyecto-2-Z8/music_player_v2/vitis/music_player_v2_plt/hw
TRACE::2025-06-17.01:13:38::SCWPlatform:: Platform Path D:/proyectosep2/IEE2463-SEP-Proyecto-2-Z8/music_player_v2/vitis/music_player_v2_plt/hw/design_1_wrapper.xsa
TRACE::2025-06-17.01:13:38::SCWPlatform:: Unique name xilinx:zybo-z7-10::0.0
TRACE::2025-06-17.01:13:38::SCWPlatform::Trying to set the existing hwdb with name design_1_wrapper_1
TRACE::2025-06-17.01:13:38::SCWPlatform::Opened existing hwdb design_1_wrapper_1
TRACE::2025-06-17.01:13:38::SCWPlatform::Found the Hw Db part of the input DSA
TRACE::2025-06-17.01:13:38::SCWMssOS::Checking the sw design at  D:/proyectosep2/IEE2463-SEP-Proyecto-2-Z8/music_player_v2/vitis/music_player_v2_plt/ps7_cortexa9_0/standalone_domain/bsp/system.mss
TRACE::2025-06-17.01:13:38::SCWMssOS::DEBUG:  swdes dump  D:/proyectosep2/IEE2463-SEP-Proyecto-2-Z8/music_player_v2/vitis/music_player_v2_plt/ps7_cortexa9_0/standalone_domain/bsp/system.mss|system||
D:/proyectosep2/IEE2463-SEP-Proyecto-2-Z8/music_player_v2/vitis/music_player_v2_plt/zynq_fsbl/zynq_fsbl_bsp/system.mss|system_0||

TRACE::2025-06-17.01:13:38::SCWMssOS::Sw design exists and opened at  D:/proyectosep2/IEE2463-SEP-Proyecto-2-Z8/music_player_v2/vitis/music_player_v2_plt/ps7_cortexa9_0/standalone_domain/bsp/system.mss
TRACE::2025-06-17.01:13:38::SCWMssOS:: library already available in sw design:  xilffs:4.3
TRACE::2025-06-17.01:13:38::SCWMssOS::Saving the mss changes D:/proyectosep2/IEE2463-SEP-Proyecto-2-Z8/music_player_v2/vitis/music_player_v2_plt/ps7_cortexa9_0/standalone_domain/bsp/system.mss
TRACE::2025-06-17.01:13:38::SCWMssOS::Found a swdesign opened with the mssfile.
TRACE::2025-06-17.01:13:38::SCWMssOS::Completed writemss as part of save.
TRACE::2025-06-17.01:13:38::SCWMssOS::Commit changes completed.
TRACE::2025-06-17.01:13:38::SCWPlatform::Trying to open the hw design at D:/proyectosep2/IEE2463-SEP-Proyecto-2-Z8/music_player_v2/vitis/music_player_v2_plt/hw/design_1_wrapper.xsa
TRACE::2025-06-17.01:13:38::SCWPlatform::DSA given D:/proyectosep2/IEE2463-SEP-Proyecto-2-Z8/music_player_v2/vitis/music_player_v2_plt/hw/design_1_wrapper.xsa
TRACE::2025-06-17.01:13:38::SCWPlatform::DSA absoulate path D:/proyectosep2/IEE2463-SEP-Proyecto-2-Z8/music_player_v2/vitis/music_player_v2_plt/hw/design_1_wrapper.xsa
TRACE::2025-06-17.01:13:38::SCWPlatform::DSA directory D:/proyectosep2/IEE2463-SEP-Proyecto-2-Z8/music_player_v2/vitis/music_player_v2_plt/hw
TRACE::2025-06-17.01:13:38::SCWPlatform:: Platform Path D:/proyectosep2/IEE2463-SEP-Proyecto-2-Z8/music_player_v2/vitis/music_player_v2_plt/hw/design_1_wrapper.xsa
TRACE::2025-06-17.01:13:38::SCWPlatform:: Unique name xilinx:zybo-z7-10::0.0
TRACE::2025-06-17.01:13:38::SCWPlatform::Trying to set the existing hwdb with name design_1_wrapper_1
TRACE::2025-06-17.01:13:38::SCWPlatform::Opened existing hwdb design_1_wrapper_1
TRACE::2025-06-17.01:13:38::SCWPlatform::Found the Hw Db part of the input DSA
TRACE::2025-06-17.01:13:38::SCWMssOS::Checking the sw design at  D:/proyectosep2/IEE2463-SEP-Proyecto-2-Z8/music_player_v2/vitis/music_player_v2_plt/ps7_cortexa9_0/standalone_domain/bsp/system.mss
TRACE::2025-06-17.01:13:38::SCWMssOS::DEBUG:  swdes dump  D:/proyectosep2/IEE2463-SEP-Proyecto-2-Z8/music_player_v2/vitis/music_player_v2_plt/ps7_cortexa9_0/standalone_domain/bsp/system.mss|system||
D:/proyectosep2/IEE2463-SEP-Proyecto-2-Z8/music_player_v2/vitis/music_player_v2_plt/zynq_fsbl/zynq_fsbl_bsp/system.mss|system_0||

TRACE::2025-06-17.01:13:38::SCWMssOS::Sw design exists and opened at  D:/proyectosep2/IEE2463-SEP-Proyecto-2-Z8/music_player_v2/vitis/music_player_v2_plt/ps7_cortexa9_0/standalone_domain/bsp/system.mss
TRACE::2025-06-17.01:13:38::SCWMssOS::Removing the swdes entry for  D:/proyectosep2/IEE2463-SEP-Proyecto-2-Z8/music_player_v2/vitis/music_player_v2_plt/ps7_cortexa9_0/standalone_domain/bsp/system.mss
LOG::2025-06-17.01:13:50::SCWPlatform::Started generating the artifacts platform music_player_v2_plt
TRACE::2025-06-17.01:13:50::SCWPlatform::Sanity checking of platform is completed
LOG::2025-06-17.01:13:50::SCWPlatform::Started generating the artifacts for system configuration music_player_v2_plt
LOG::2025-06-17.01:13:50::SCWSystem::Checking the domain zynq_fsbl
LOG::2025-06-17.01:13:50::SCWSystem::Doing application build for :  zynq_fsbl
TRACE::2025-06-17.01:13:50::SCWBDomain::Not a forced makefile updation, No changes are present. 
TRACE::2025-06-17.01:13:50::SCWDomain::Building the domain as part of full build :  zynq_fsbl
TRACE::2025-06-17.01:13:50::SCWPlatform::Trying to open the hw design at D:/proyectosep2/IEE2463-SEP-Proyecto-2-Z8/music_player_v2/vitis/music_player_v2_plt/hw/design_1_wrapper.xsa
TRACE::2025-06-17.01:13:50::SCWPlatform::DSA given D:/proyectosep2/IEE2463-SEP-Proyecto-2-Z8/music_player_v2/vitis/music_player_v2_plt/hw/design_1_wrapper.xsa
TRACE::2025-06-17.01:13:50::SCWPlatform::DSA absoulate path D:/proyectosep2/IEE2463-SEP-Proyecto-2-Z8/music_player_v2/vitis/music_player_v2_plt/hw/design_1_wrapper.xsa
TRACE::2025-06-17.01:13:50::SCWPlatform::DSA directory D:/proyectosep2/IEE2463-SEP-Proyecto-2-Z8/music_player_v2/vitis/music_player_v2_plt/hw
TRACE::2025-06-17.01:13:50::SCWPlatform:: Platform Path D:/proyectosep2/IEE2463-SEP-Proyecto-2-Z8/music_player_v2/vitis/music_player_v2_plt/hw/design_1_wrapper.xsa
TRACE::2025-06-17.01:13:50::SCWPlatform:: Unique name xilinx:zybo-z7-10::0.0
TRACE::2025-06-17.01:13:50::SCWPlatform::Trying to set the existing hwdb with name design_1_wrapper_1
TRACE::2025-06-17.01:13:50::SCWPlatform::Opened existing hwdb design_1_wrapper_1
TRACE::2025-06-17.01:13:50::SCWPlatform::Found the Hw Db part of the input DSA
TRACE::2025-06-17.01:13:50::SCWMssOS::Checking the sw design at  D:/proyectosep2/IEE2463-SEP-Proyecto-2-Z8/music_player_v2/vitis/music_player_v2_plt/zynq_fsbl/zynq_fsbl_bsp/system.mss
TRACE::2025-06-17.01:13:50::SCWMssOS::DEBUG:  swdes dump  D:/proyectosep2/IEE2463-SEP-Proyecto-2-Z8/music_player_v2/vitis/music_player_v2_plt/zynq_fsbl/zynq_fsbl_bsp/system.mss|system_0||

TRACE::2025-06-17.01:13:50::SCWMssOS::Sw design exists and opened at  D:/proyectosep2/IEE2463-SEP-Proyecto-2-Z8/music_player_v2/vitis/music_player_v2_plt/zynq_fsbl/zynq_fsbl_bsp/system.mss
TRACE::2025-06-17.01:13:50::SCWBDomain::Completed writing the mss file at D:/proyectosep2/IEE2463-SEP-Proyecto-2-Z8/music_player_v2/vitis/music_player_v2_plt/zynq_fsbl/zynq_fsbl_bsp
TRACE::2025-06-17.01:13:50::SCWBDomain::bsp generated is upto date with the mss file. Skipping bsp generation.
TRACE::2025-06-17.01:13:50::SCWBDomain::Not a forced makefile updation, No changes are present. 
TRACE::2025-06-17.01:13:50::SCWBDomain::System Command Ran  D:&  cd  D:/proyectosep2/IEE2463-SEP-Proyecto-2-Z8/music_player_v2/vitis/music_player_v2_plt/zynq_fsbl & make 
TRACE::2025-06-17.01:13:51::SCWBDomain::make -C zynq_fsbl_bsp

TRACE::2025-06-17.01:13:51::SCWBDomain::make[1]: Entering directory 'D:/proyectosep2/IEE2463-SEP-Proyecto-2-Z8/music_player_v2/vitis/music_player_v2_plt/zynq_fsbl/zynq
TRACE::2025-06-17.01:13:51::SCWBDomain::_fsbl_bsp'

TRACE::2025-06-17.01:13:51::SCWBDomain::"Running Make include in ps7_cortexa9_0/libsrc/coresightps_dcc_v1_7/src"

TRACE::2025-06-17.01:13:51::SCWBDomain::make -C ps7_cortexa9_0/libsrc/coresightps_dcc_v1_7/src -s include  "SHELL=CMD" "COMPILER=arm-none-eabi-gcc" "ASSEMBLER=arm-none
TRACE::2025-06-17.01:13:51::SCWBDomain::-eabi-as" "ARCHIVER=arm-none-eabi-ar" "COMPILER_FLAGS=  -O2 -c" "EXTRA_COMPILER_FLAGS=-mcpu=cortex-a9 -mfpu=vfpv3 -mfloat-abi=h
TRACE::2025-06-17.01:13:51::SCWBDomain::ard -nostartfiles -g -Wall -Wextra"

TRACE::2025-06-17.01:13:51::SCWBDomain::make[2]: Entering directory 'D:/proyectosep2/IEE2463-SEP-Proyecto-2-Z8/music_player_v2/vitis/music_player_v2_plt/zynq_fsbl/zynq
TRACE::2025-06-17.01:13:51::SCWBDomain::_fsbl_bsp/ps7_cortexa9_0/libsrc/coresightps_dcc_v1_7/src'

TRACE::2025-06-17.01:13:51::SCWBDomain::make[2]: Leaving directory 'D:/proyectosep2/IEE2463-SEP-Proyecto-2-Z8/music_player_v2/vitis/music_player_v2_plt/zynq_fsbl/zynq_
TRACE::2025-06-17.01:13:51::SCWBDomain::fsbl_bsp/ps7_cortexa9_0/libsrc/coresightps_dcc_v1_7/src'

TRACE::2025-06-17.01:13:51::SCWBDomain::"Running Make include in ps7_cortexa9_0/libsrc/cpu_cortexa9_v2_9/src"

TRACE::2025-06-17.01:13:51::SCWBDomain::make -C ps7_cortexa9_0/libsrc/cpu_cortexa9_v2_9/src -s include  "SHELL=CMD" "COMPILER=arm-none-eabi-gcc" "ASSEMBLER=arm-none-ea
TRACE::2025-06-17.01:13:51::SCWBDomain::bi-as" "ARCHIVER=arm-none-eabi-ar" "COMPILER_FLAGS=  -O2 -c" "EXTRA_COMPILER_FLAGS=-mcpu=cortex-a9 -mfpu=vfpv3 -mfloat-abi=hard
TRACE::2025-06-17.01:13:51::SCWBDomain:: -nostartfiles -g -Wall -Wextra"

TRACE::2025-06-17.01:13:51::SCWBDomain::make[2]: Entering directory 'D:/proyectosep2/IEE2463-SEP-Proyecto-2-Z8/music_player_v2/vitis/music_player_v2_plt/zynq_fsbl/zynq
TRACE::2025-06-17.01:13:51::SCWBDomain::_fsbl_bsp/ps7_cortexa9_0/libsrc/cpu_cortexa9_v2_9/src'

TRACE::2025-06-17.01:13:51::SCWBDomain::make[2]: Leaving directory 'D:/proyectosep2/IEE2463-SEP-Proyecto-2-Z8/music_player_v2/vitis/music_player_v2_plt/zynq_fsbl/zynq_
TRACE::2025-06-17.01:13:51::SCWBDomain::fsbl_bsp/ps7_cortexa9_0/libsrc/cpu_cortexa9_v2_9/src'

TRACE::2025-06-17.01:13:51::SCWBDomain::"Running Make include in ps7_cortexa9_0/libsrc/ddrps_v1_1/src"

TRACE::2025-06-17.01:13:51::SCWBDomain::make -C ps7_cortexa9_0/libsrc/ddrps_v1_1/src -s include  "SHELL=CMD" "COMPILER=arm-none-eabi-gcc" "ASSEMBLER=arm-none-eabi-as" 
TRACE::2025-06-17.01:13:51::SCWBDomain::"ARCHIVER=arm-none-eabi-ar" "COMPILER_FLAGS=  -O2 -c" "EXTRA_COMPILER_FLAGS=-mcpu=cortex-a9 -mfpu=vfpv3 -mfloat-abi=hard -nosta
TRACE::2025-06-17.01:13:51::SCWBDomain::rtfiles -g -Wall -Wextra"

TRACE::2025-06-17.01:13:51::SCWBDomain::make[2]: Entering directory 'D:/proyectosep2/IEE2463-SEP-Proyecto-2-Z8/music_player_v2/vitis/music_player_v2_plt/zynq_fsbl/zynq
TRACE::2025-06-17.01:13:51::SCWBDomain::_fsbl_bsp/ps7_cortexa9_0/libsrc/ddrps_v1_1/src'

TRACE::2025-06-17.01:13:51::SCWBDomain::make[2]: Leaving directory 'D:/proyectosep2/IEE2463-SEP-Proyecto-2-Z8/music_player_v2/vitis/music_player_v2_plt/zynq_fsbl/zynq_
TRACE::2025-06-17.01:13:51::SCWBDomain::fsbl_bsp/ps7_cortexa9_0/libsrc/ddrps_v1_1/src'

TRACE::2025-06-17.01:13:51::SCWBDomain::"Running Make include in ps7_cortexa9_0/libsrc/devcfg_v3_6/src"

TRACE::2025-06-17.01:13:51::SCWBDomain::make -C ps7_cortexa9_0/libsrc/devcfg_v3_6/src -s include  "SHELL=CMD" "COMPILER=arm-none-eabi-gcc" "ASSEMBLER=arm-none-eabi-as"
TRACE::2025-06-17.01:13:51::SCWBDomain:: "ARCHIVER=arm-none-eabi-ar" "COMPILER_FLAGS=  -O2 -c" "EXTRA_COMPILER_FLAGS=-mcpu=cortex-a9 -mfpu=vfpv3 -mfloat-abi=hard -nost
TRACE::2025-06-17.01:13:51::SCWBDomain::artfiles -g -Wall -Wextra"

TRACE::2025-06-17.01:13:51::SCWBDomain::make[2]: Entering directory 'D:/proyectosep2/IEE2463-SEP-Proyecto-2-Z8/music_player_v2/vitis/music_player_v2_plt/zynq_fsbl/zynq
TRACE::2025-06-17.01:13:51::SCWBDomain::_fsbl_bsp/ps7_cortexa9_0/libsrc/devcfg_v3_6/src'

TRACE::2025-06-17.01:13:51::SCWBDomain::make[2]: Leaving directory 'D:/proyectosep2/IEE2463-SEP-Proyecto-2-Z8/music_player_v2/vitis/music_player_v2_plt/zynq_fsbl/zynq_
TRACE::2025-06-17.01:13:51::SCWBDomain::fsbl_bsp/ps7_cortexa9_0/libsrc/devcfg_v3_6/src'

TRACE::2025-06-17.01:13:51::SCWBDomain::"Running Make include in ps7_cortexa9_0/libsrc/dmaps_v2_6/src"

TRACE::2025-06-17.01:13:51::SCWBDomain::make -C ps7_cortexa9_0/libsrc/dmaps_v2_6/src -s include  "SHELL=CMD" "COMPILER=arm-none-eabi-gcc" "ASSEMBLER=arm-none-eabi-as" 
TRACE::2025-06-17.01:13:51::SCWBDomain::"ARCHIVER=arm-none-eabi-ar" "COMPILER_FLAGS=  -O2 -c" "EXTRA_COMPILER_FLAGS=-mcpu=cortex-a9 -mfpu=vfpv3 -mfloat-abi=hard -nosta
TRACE::2025-06-17.01:13:51::SCWBDomain::rtfiles -g -Wall -Wextra"

TRACE::2025-06-17.01:13:51::SCWBDomain::make[2]: Entering directory 'D:/proyectosep2/IEE2463-SEP-Proyecto-2-Z8/music_player_v2/vitis/music_player_v2_plt/zynq_fsbl/zynq
TRACE::2025-06-17.01:13:51::SCWBDomain::_fsbl_bsp/ps7_cortexa9_0/libsrc/dmaps_v2_6/src'

TRACE::2025-06-17.01:13:51::SCWBDomain::make[2]: Leaving directory 'D:/proyectosep2/IEE2463-SEP-Proyecto-2-Z8/music_player_v2/vitis/music_player_v2_plt/zynq_fsbl/zynq_
TRACE::2025-06-17.01:13:51::SCWBDomain::fsbl_bsp/ps7_cortexa9_0/libsrc/dmaps_v2_6/src'

TRACE::2025-06-17.01:13:51::SCWBDomain::"Running Make include in ps7_cortexa9_0/libsrc/emacps_v3_11/src"

TRACE::2025-06-17.01:13:51::SCWBDomain::make -C ps7_cortexa9_0/libsrc/emacps_v3_11/src -s include  "SHELL=CMD" "COMPILER=arm-none-eabi-gcc" "ASSEMBLER=arm-none-eabi-as
TRACE::2025-06-17.01:13:51::SCWBDomain::" "ARCHIVER=arm-none-eabi-ar" "COMPILER_FLAGS=  -O2 -c" "EXTRA_COMPILER_FLAGS=-mcpu=cortex-a9 -mfpu=vfpv3 -mfloat-abi=hard -nos
TRACE::2025-06-17.01:13:51::SCWBDomain::tartfiles -g -Wall -Wextra"

TRACE::2025-06-17.01:13:51::SCWBDomain::make[2]: Entering directory 'D:/proyectosep2/IEE2463-SEP-Proyecto-2-Z8/music_player_v2/vitis/music_player_v2_plt/zynq_fsbl/zynq
TRACE::2025-06-17.01:13:51::SCWBDomain::_fsbl_bsp/ps7_cortexa9_0/libsrc/emacps_v3_11/src'

TRACE::2025-06-17.01:13:52::SCWBDomain::make[2]: Leaving directory 'D:/proyectosep2/IEE2463-SEP-Proyecto-2-Z8/music_player_v2/vitis/music_player_v2_plt/zynq_fsbl/zynq_
TRACE::2025-06-17.01:13:52::SCWBDomain::fsbl_bsp/ps7_cortexa9_0/libsrc/emacps_v3_11/src'

TRACE::2025-06-17.01:13:52::SCWBDomain::"Running Make include in ps7_cortexa9_0/libsrc/gpiops_v3_7/src"

TRACE::2025-06-17.01:13:52::SCWBDomain::make -C ps7_cortexa9_0/libsrc/gpiops_v3_7/src -s include  "SHELL=CMD" "COMPILER=arm-none-eabi-gcc" "ASSEMBLER=arm-none-eabi-as"
TRACE::2025-06-17.01:13:52::SCWBDomain:: "ARCHIVER=arm-none-eabi-ar" "COMPILER_FLAGS=  -O2 -c" "EXTRA_COMPILER_FLAGS=-mcpu=cortex-a9 -mfpu=vfpv3 -mfloat-abi=hard -nost
TRACE::2025-06-17.01:13:52::SCWBDomain::artfiles -g -Wall -Wextra"

TRACE::2025-06-17.01:13:52::SCWBDomain::make[2]: Entering directory 'D:/proyectosep2/IEE2463-SEP-Proyecto-2-Z8/music_player_v2/vitis/music_player_v2_plt/zynq_fsbl/zynq
TRACE::2025-06-17.01:13:52::SCWBDomain::_fsbl_bsp/ps7_cortexa9_0/libsrc/gpiops_v3_7/src'

TRACE::2025-06-17.01:13:52::SCWBDomain::make[2]: Leaving directory 'D:/proyectosep2/IEE2463-SEP-Proyecto-2-Z8/music_player_v2/vitis/music_player_v2_plt/zynq_fsbl/zynq_
TRACE::2025-06-17.01:13:52::SCWBDomain::fsbl_bsp/ps7_cortexa9_0/libsrc/gpiops_v3_7/src'

TRACE::2025-06-17.01:13:52::SCWBDomain::"Running Make include in ps7_cortexa9_0/libsrc/qspips_v3_7/src"

TRACE::2025-06-17.01:13:52::SCWBDomain::make -C ps7_cortexa9_0/libsrc/qspips_v3_7/src -s include  "SHELL=CMD" "COMPILER=arm-none-eabi-gcc" "ASSEMBLER=arm-none-eabi-as"
TRACE::2025-06-17.01:13:52::SCWBDomain:: "ARCHIVER=arm-none-eabi-ar" "COMPILER_FLAGS=  -O2 -c" "EXTRA_COMPILER_FLAGS=-mcpu=cortex-a9 -mfpu=vfpv3 -mfloat-abi=hard -nost
TRACE::2025-06-17.01:13:52::SCWBDomain::artfiles -g -Wall -Wextra"

TRACE::2025-06-17.01:13:52::SCWBDomain::make[2]: Entering directory 'D:/proyectosep2/IEE2463-SEP-Proyecto-2-Z8/music_player_v2/vitis/music_player_v2_plt/zynq_fsbl/zynq
TRACE::2025-06-17.01:13:52::SCWBDomain::_fsbl_bsp/ps7_cortexa9_0/libsrc/qspips_v3_7/src'

TRACE::2025-06-17.01:13:52::SCWBDomain::make[2]: Leaving directory 'D:/proyectosep2/IEE2463-SEP-Proyecto-2-Z8/music_player_v2/vitis/music_player_v2_plt/zynq_fsbl/zynq_
TRACE::2025-06-17.01:13:52::SCWBDomain::fsbl_bsp/ps7_cortexa9_0/libsrc/qspips_v3_7/src'

TRACE::2025-06-17.01:13:52::SCWBDomain::"Running Make include in ps7_cortexa9_0/libsrc/scugic_v4_2/src"

TRACE::2025-06-17.01:13:52::SCWBDomain::make -C ps7_cortexa9_0/libsrc/scugic_v4_2/src -s include  "SHELL=CMD" "COMPILER=arm-none-eabi-gcc" "ASSEMBLER=arm-none-eabi-as"
TRACE::2025-06-17.01:13:52::SCWBDomain:: "ARCHIVER=arm-none-eabi-ar" "COMPILER_FLAGS=  -O2 -c" "EXTRA_COMPILER_FLAGS=-mcpu=cortex-a9 -mfpu=vfpv3 -mfloat-abi=hard -nost
TRACE::2025-06-17.01:13:52::SCWBDomain::artfiles -g -Wall -Wextra"

TRACE::2025-06-17.01:13:52::SCWBDomain::make[2]: Entering directory 'D:/proyectosep2/IEE2463-SEP-Proyecto-2-Z8/music_player_v2/vitis/music_player_v2_plt/zynq_fsbl/zynq
TRACE::2025-06-17.01:13:52::SCWBDomain::_fsbl_bsp/ps7_cortexa9_0/libsrc/scugic_v4_2/src'

TRACE::2025-06-17.01:13:52::SCWBDomain::make[2]: Leaving directory 'D:/proyectosep2/IEE2463-SEP-Proyecto-2-Z8/music_player_v2/vitis/music_player_v2_plt/zynq_fsbl/zynq_
TRACE::2025-06-17.01:13:52::SCWBDomain::fsbl_bsp/ps7_cortexa9_0/libsrc/scugic_v4_2/src'

TRACE::2025-06-17.01:13:52::SCWBDomain::"Running Make include in ps7_cortexa9_0/libsrc/scutimer_v2_2/src"

TRACE::2025-06-17.01:13:52::SCWBDomain::make -C ps7_cortexa9_0/libsrc/scutimer_v2_2/src -s include  "SHELL=CMD" "COMPILER=arm-none-eabi-gcc" "ASSEMBLER=arm-none-eabi-a
TRACE::2025-06-17.01:13:52::SCWBDomain::s" "ARCHIVER=arm-none-eabi-ar" "COMPILER_FLAGS=  -O2 -c" "EXTRA_COMPILER_FLAGS=-mcpu=cortex-a9 -mfpu=vfpv3 -mfloat-abi=hard -no
TRACE::2025-06-17.01:13:52::SCWBDomain::startfiles -g -Wall -Wextra"

TRACE::2025-06-17.01:13:52::SCWBDomain::make[2]: Entering directory 'D:/proyectosep2/IEE2463-SEP-Proyecto-2-Z8/music_player_v2/vitis/music_player_v2_plt/zynq_fsbl/zynq
TRACE::2025-06-17.01:13:52::SCWBDomain::_fsbl_bsp/ps7_cortexa9_0/libsrc/scutimer_v2_2/src'

TRACE::2025-06-17.01:13:52::SCWBDomain::make[2]: Leaving directory 'D:/proyectosep2/IEE2463-SEP-Proyecto-2-Z8/music_player_v2/vitis/music_player_v2_plt/zynq_fsbl/zynq_
TRACE::2025-06-17.01:13:52::SCWBDomain::fsbl_bsp/ps7_cortexa9_0/libsrc/scutimer_v2_2/src'

TRACE::2025-06-17.01:13:52::SCWBDomain::"Running Make include in ps7_cortexa9_0/libsrc/scuwdt_v2_2/src"

TRACE::2025-06-17.01:13:52::SCWBDomain::make -C ps7_cortexa9_0/libsrc/scuwdt_v2_2/src -s include  "SHELL=CMD" "COMPILER=arm-none-eabi-gcc" "ASSEMBLER=arm-none-eabi-as"
TRACE::2025-06-17.01:13:52::SCWBDomain:: "ARCHIVER=arm-none-eabi-ar" "COMPILER_FLAGS=  -O2 -c" "EXTRA_COMPILER_FLAGS=-mcpu=cortex-a9 -mfpu=vfpv3 -mfloat-abi=hard -nost
TRACE::2025-06-17.01:13:52::SCWBDomain::artfiles -g -Wall -Wextra"

TRACE::2025-06-17.01:13:52::SCWBDomain::make[2]: Entering directory 'D:/proyectosep2/IEE2463-SEP-Proyecto-2-Z8/music_player_v2/vitis/music_player_v2_plt/zynq_fsbl/zynq
TRACE::2025-06-17.01:13:52::SCWBDomain::_fsbl_bsp/ps7_cortexa9_0/libsrc/scuwdt_v2_2/src'

TRACE::2025-06-17.01:13:52::SCWBDomain::make[2]: Leaving directory 'D:/proyectosep2/IEE2463-SEP-Proyecto-2-Z8/music_player_v2/vitis/music_player_v2_plt/zynq_fsbl/zynq_
TRACE::2025-06-17.01:13:52::SCWBDomain::fsbl_bsp/ps7_cortexa9_0/libsrc/scuwdt_v2_2/src'

TRACE::2025-06-17.01:13:52::SCWBDomain::"Running Make include in ps7_cortexa9_0/libsrc/sdps_v3_9/src"

TRACE::2025-06-17.01:13:52::SCWBDomain::make -C ps7_cortexa9_0/libsrc/sdps_v3_9/src -s include  "SHELL=CMD" "COMPILER=arm-none-eabi-gcc" "ASSEMBLER=arm-none-eabi-as" "
TRACE::2025-06-17.01:13:52::SCWBDomain::ARCHIVER=arm-none-eabi-ar" "COMPILER_FLAGS=  -O2 -c" "EXTRA_COMPILER_FLAGS=-mcpu=cortex-a9 -mfpu=vfpv3 -mfloat-abi=hard -nostar
TRACE::2025-06-17.01:13:52::SCWBDomain::tfiles -g -Wall -Wextra"

TRACE::2025-06-17.01:13:52::SCWBDomain::make[2]: Entering directory 'D:/proyectosep2/IEE2463-SEP-Proyecto-2-Z8/music_player_v2/vitis/music_player_v2_plt/zynq_fsbl/zynq
TRACE::2025-06-17.01:13:52::SCWBDomain::_fsbl_bsp/ps7_cortexa9_0/libsrc/sdps_v3_9/src'

TRACE::2025-06-17.01:13:52::SCWBDomain::make[2]: Leaving directory 'D:/proyectosep2/IEE2463-SEP-Proyecto-2-Z8/music_player_v2/vitis/music_player_v2_plt/zynq_fsbl/zynq_
TRACE::2025-06-17.01:13:52::SCWBDomain::fsbl_bsp/ps7_cortexa9_0/libsrc/sdps_v3_9/src'

TRACE::2025-06-17.01:13:52::SCWBDomain::"Running Make include in ps7_cortexa9_0/libsrc/standalone_v7_2/src"

TRACE::2025-06-17.01:13:52::SCWBDomain::make -C ps7_cortexa9_0/libsrc/standalone_v7_2/src -s include  "SHELL=CMD" "COMPILER=arm-none-eabi-gcc" "ASSEMBLER=arm-none-eabi
TRACE::2025-06-17.01:13:52::SCWBDomain::-as" "ARCHIVER=arm-none-eabi-ar" "COMPILER_FLAGS=  -O2 -c" "EXTRA_COMPILER_FLAGS=-mcpu=cortex-a9 -mfpu=vfpv3 -mfloat-abi=hard -
TRACE::2025-06-17.01:13:52::SCWBDomain::nostartfiles -g -Wall -Wextra"

TRACE::2025-06-17.01:13:52::SCWBDomain::make[2]: Entering directory 'D:/proyectosep2/IEE2463-SEP-Proyecto-2-Z8/music_player_v2/vitis/music_player_v2_plt/zynq_fsbl/zynq
TRACE::2025-06-17.01:13:52::SCWBDomain::_fsbl_bsp/ps7_cortexa9_0/libsrc/standalone_v7_2/src'

TRACE::2025-06-17.01:13:53::SCWBDomain::make[3]: Entering directory 'D:/proyectosep2/IEE2463-SEP-Proyecto-2-Z8/music_player_v2/vitis/music_player_v2_plt/zynq_fsbl/zynq
TRACE::2025-06-17.01:13:53::SCWBDomain::_fsbl_bsp/ps7_cortexa9_0/libsrc/standalone_v7_2/src/profile'

TRACE::2025-06-17.01:13:53::SCWBDomain::make[3]: Leaving directory 'D:/proyectosep2/IEE2463-SEP-Proyecto-2-Z8/music_player_v2/vitis/music_player_v2_plt/zynq_fsbl/zynq_
TRACE::2025-06-17.01:13:53::SCWBDomain::fsbl_bsp/ps7_cortexa9_0/libsrc/standalone_v7_2/src/profile'

TRACE::2025-06-17.01:13:53::SCWBDomain::make[2]: Leaving directory 'D:/proyectosep2/IEE2463-SEP-Proyecto-2-Z8/music_player_v2/vitis/music_player_v2_plt/zynq_fsbl/zynq_
TRACE::2025-06-17.01:13:53::SCWBDomain::fsbl_bsp/ps7_cortexa9_0/libsrc/standalone_v7_2/src'

TRACE::2025-06-17.01:13:53::SCWBDomain::"Running Make include in ps7_cortexa9_0/libsrc/tmrctr_v4_6/src"

TRACE::2025-06-17.01:13:53::SCWBDomain::make -C ps7_cortexa9_0/libsrc/tmrctr_v4_6/src -s include  "SHELL=CMD" "COMPILER=arm-none-eabi-gcc" "ASSEMBLER=arm-none-eabi-as"
TRACE::2025-06-17.01:13:53::SCWBDomain:: "ARCHIVER=arm-none-eabi-ar" "COMPILER_FLAGS=  -O2 -c" "EXTRA_COMPILER_FLAGS=-mcpu=cortex-a9 -mfpu=vfpv3 -mfloat-abi=hard -nost
TRACE::2025-06-17.01:13:53::SCWBDomain::artfiles -g -Wall -Wextra"

TRACE::2025-06-17.01:13:53::SCWBDomain::make[2]: Entering directory 'D:/proyectosep2/IEE2463-SEP-Proyecto-2-Z8/music_player_v2/vitis/music_player_v2_plt/zynq_fsbl/zynq
TRACE::2025-06-17.01:13:53::SCWBDomain::_fsbl_bsp/ps7_cortexa9_0/libsrc/tmrctr_v4_6/src'

TRACE::2025-06-17.01:13:53::SCWBDomain::make[2]: Leaving directory 'D:/proyectosep2/IEE2463-SEP-Proyecto-2-Z8/music_player_v2/vitis/music_player_v2_plt/zynq_fsbl/zynq_
TRACE::2025-06-17.01:13:53::SCWBDomain::fsbl_bsp/ps7_cortexa9_0/libsrc/tmrctr_v4_6/src'

TRACE::2025-06-17.01:13:53::SCWBDomain::"Running Make include in ps7_cortexa9_0/libsrc/uartps_v3_9/src"

TRACE::2025-06-17.01:13:53::SCWBDomain::make -C ps7_cortexa9_0/libsrc/uartps_v3_9/src -s include  "SHELL=CMD" "COMPILER=arm-none-eabi-gcc" "ASSEMBLER=arm-none-eabi-as"
TRACE::2025-06-17.01:13:53::SCWBDomain:: "ARCHIVER=arm-none-eabi-ar" "COMPILER_FLAGS=  -O2 -c" "EXTRA_COMPILER_FLAGS=-mcpu=cortex-a9 -mfpu=vfpv3 -mfloat-abi=hard -nost
TRACE::2025-06-17.01:13:53::SCWBDomain::artfiles -g -Wall -Wextra"

TRACE::2025-06-17.01:13:53::SCWBDomain::make[2]: Entering directory 'D:/proyectosep2/IEE2463-SEP-Proyecto-2-Z8/music_player_v2/vitis/music_player_v2_plt/zynq_fsbl/zynq
TRACE::2025-06-17.01:13:53::SCWBDomain::_fsbl_bsp/ps7_cortexa9_0/libsrc/uartps_v3_9/src'

TRACE::2025-06-17.01:13:53::SCWBDomain::make[2]: Leaving directory 'D:/proyectosep2/IEE2463-SEP-Proyecto-2-Z8/music_player_v2/vitis/music_player_v2_plt/zynq_fsbl/zynq_
TRACE::2025-06-17.01:13:53::SCWBDomain::fsbl_bsp/ps7_cortexa9_0/libsrc/uartps_v3_9/src'

TRACE::2025-06-17.01:13:53::SCWBDomain::"Running Make include in ps7_cortexa9_0/libsrc/usbps_v2_5/src"

TRACE::2025-06-17.01:13:53::SCWBDomain::make -C ps7_cortexa9_0/libsrc/usbps_v2_5/src -s include  "SHELL=CMD" "COMPILER=arm-none-eabi-gcc" "ASSEMBLER=arm-none-eabi-as" 
TRACE::2025-06-17.01:13:53::SCWBDomain::"ARCHIVER=arm-none-eabi-ar" "COMPILER_FLAGS=  -O2 -c" "EXTRA_COMPILER_FLAGS=-mcpu=cortex-a9 -mfpu=vfpv3 -mfloat-abi=hard -nosta
TRACE::2025-06-17.01:13:53::SCWBDomain::rtfiles -g -Wall -Wextra"

TRACE::2025-06-17.01:13:53::SCWBDomain::make[2]: Entering directory 'D:/proyectosep2/IEE2463-SEP-Proyecto-2-Z8/music_player_v2/vitis/music_player_v2_plt/zynq_fsbl/zynq
TRACE::2025-06-17.01:13:53::SCWBDomain::_fsbl_bsp/ps7_cortexa9_0/libsrc/usbps_v2_5/src'

TRACE::2025-06-17.01:13:53::SCWBDomain::make[2]: Leaving directory 'D:/proyectosep2/IEE2463-SEP-Proyecto-2-Z8/music_player_v2/vitis/music_player_v2_plt/zynq_fsbl/zynq_
TRACE::2025-06-17.01:13:53::SCWBDomain::fsbl_bsp/ps7_cortexa9_0/libsrc/usbps_v2_5/src'

TRACE::2025-06-17.01:13:53::SCWBDomain::"Running Make include in ps7_cortexa9_0/libsrc/xadcps_v2_4/src"

TRACE::2025-06-17.01:13:53::SCWBDomain::make -C ps7_cortexa9_0/libsrc/xadcps_v2_4/src -s include  "SHELL=CMD" "COMPILER=arm-none-eabi-gcc" "ASSEMBLER=arm-none-eabi-as"
TRACE::2025-06-17.01:13:53::SCWBDomain:: "ARCHIVER=arm-none-eabi-ar" "COMPILER_FLAGS=  -O2 -c" "EXTRA_COMPILER_FLAGS=-mcpu=cortex-a9 -mfpu=vfpv3 -mfloat-abi=hard -nost
TRACE::2025-06-17.01:13:53::SCWBDomain::artfiles -g -Wall -Wextra"

TRACE::2025-06-17.01:13:53::SCWBDomain::make[2]: Entering directory 'D:/proyectosep2/IEE2463-SEP-Proyecto-2-Z8/music_player_v2/vitis/music_player_v2_plt/zynq_fsbl/zynq
TRACE::2025-06-17.01:13:53::SCWBDomain::_fsbl_bsp/ps7_cortexa9_0/libsrc/xadcps_v2_4/src'

TRACE::2025-06-17.01:13:53::SCWBDomain::make[2]: Leaving directory 'D:/proyectosep2/IEE2463-SEP-Proyecto-2-Z8/music_player_v2/vitis/music_player_v2_plt/zynq_fsbl/zynq_
TRACE::2025-06-17.01:13:53::SCWBDomain::fsbl_bsp/ps7_cortexa9_0/libsrc/xadcps_v2_4/src'

TRACE::2025-06-17.01:13:53::SCWBDomain::"Running Make include in ps7_cortexa9_0/libsrc/xilffs_v4_3/src"

TRACE::2025-06-17.01:13:53::SCWBDomain::make -C ps7_cortexa9_0/libsrc/xilffs_v4_3/src -s include  "SHELL=CMD" "COMPILER=arm-none-eabi-gcc" "ASSEMBLER=arm-none-eabi-as"
TRACE::2025-06-17.01:13:53::SCWBDomain:: "ARCHIVER=arm-none-eabi-ar" "COMPILER_FLAGS=  -O2 -c" "EXTRA_COMPILER_FLAGS=-mcpu=cortex-a9 -mfpu=vfpv3 -mfloat-abi=hard -nost
TRACE::2025-06-17.01:13:53::SCWBDomain::artfiles -g -Wall -Wextra"

TRACE::2025-06-17.01:13:53::SCWBDomain::make[2]: Entering directory 'D:/proyectosep2/IEE2463-SEP-Proyecto-2-Z8/music_player_v2/vitis/music_player_v2_plt/zynq_fsbl/zynq
TRACE::2025-06-17.01:13:53::SCWBDomain::_fsbl_bsp/ps7_cortexa9_0/libsrc/xilffs_v4_3/src'

TRACE::2025-06-17.01:13:53::SCWBDomain::make[2]: Leaving directory 'D:/proyectosep2/IEE2463-SEP-Proyecto-2-Z8/music_player_v2/vitis/music_player_v2_plt/zynq_fsbl/zynq_
TRACE::2025-06-17.01:13:53::SCWBDomain::fsbl_bsp/ps7_cortexa9_0/libsrc/xilffs_v4_3/src'

TRACE::2025-06-17.01:13:53::SCWBDomain::"Running Make include in ps7_cortexa9_0/libsrc/xilrsa_v1_6/src"

TRACE::2025-06-17.01:13:53::SCWBDomain::make -C ps7_cortexa9_0/libsrc/xilrsa_v1_6/src -s include  "SHELL=CMD" "COMPILER=arm-none-eabi-gcc" "ASSEMBLER=arm-none-eabi-as"
TRACE::2025-06-17.01:13:53::SCWBDomain:: "ARCHIVER=arm-none-eabi-ar" "COMPILER_FLAGS=  -O2 -c" "EXTRA_COMPILER_FLAGS=-mcpu=cortex-a9 -mfpu=vfpv3 -mfloat-abi=hard -nost
TRACE::2025-06-17.01:13:53::SCWBDomain::artfiles -g -Wall -Wextra"

TRACE::2025-06-17.01:13:53::SCWBDomain::make[2]: Entering directory 'D:/proyectosep2/IEE2463-SEP-Proyecto-2-Z8/music_player_v2/vitis/music_player_v2_plt/zynq_fsbl/zynq
TRACE::2025-06-17.01:13:53::SCWBDomain::_fsbl_bsp/ps7_cortexa9_0/libsrc/xilrsa_v1_6/src'

TRACE::2025-06-17.01:13:53::SCWBDomain::make[2]: Leaving directory 'D:/proyectosep2/IEE2463-SEP-Proyecto-2-Z8/music_player_v2/vitis/music_player_v2_plt/zynq_fsbl/zynq_
TRACE::2025-06-17.01:13:53::SCWBDomain::fsbl_bsp/ps7_cortexa9_0/libsrc/xilrsa_v1_6/src'

TRACE::2025-06-17.01:13:53::SCWBDomain::"Running Make libs in ps7_cortexa9_0/libsrc/coresightps_dcc_v1_7/src"

TRACE::2025-06-17.01:13:53::SCWBDomain::make -C ps7_cortexa9_0/libsrc/coresightps_dcc_v1_7/src -s libs  "SHELL=CMD" "COMPILER=arm-none-eabi-gcc" "ASSEMBLER=arm-none-ea
TRACE::2025-06-17.01:13:53::SCWBDomain::bi-as" "ARCHIVER=arm-none-eabi-ar" "COMPILER_FLAGS=  -O2 -c" "EXTRA_COMPILER_FLAGS=-mcpu=cortex-a9 -mfpu=vfpv3 -mfloat-abi=hard
TRACE::2025-06-17.01:13:53::SCWBDomain:: -nostartfiles -g -Wall -Wextra"

TRACE::2025-06-17.01:13:53::SCWBDomain::make[2]: Entering directory 'D:/proyectosep2/IEE2463-SEP-Proyecto-2-Z8/music_player_v2/vitis/music_player_v2_plt/zynq_fsbl/zynq
TRACE::2025-06-17.01:13:53::SCWBDomain::_fsbl_bsp/ps7_cortexa9_0/libsrc/coresightps_dcc_v1_7/src'

TRACE::2025-06-17.01:13:53::SCWBDomain::"Compiling coresightps_dcc"

TRACE::2025-06-17.01:13:57::SCWBDomain::make[2]: Leaving directory 'D:/proyectosep2/IEE2463-SEP-Proyecto-2-Z8/music_player_v2/vitis/music_player_v2_plt/zynq_fsbl/zynq_
TRACE::2025-06-17.01:13:57::SCWBDomain::fsbl_bsp/ps7_cortexa9_0/libsrc/coresightps_dcc_v1_7/src'

TRACE::2025-06-17.01:13:57::SCWBDomain::"Running Make libs in ps7_cortexa9_0/libsrc/cpu_cortexa9_v2_9/src"

TRACE::2025-06-17.01:13:57::SCWBDomain::make -C ps7_cortexa9_0/libsrc/cpu_cortexa9_v2_9/src -s libs  "SHELL=CMD" "COMPILER=arm-none-eabi-gcc" "ASSEMBLER=arm-none-eabi-
TRACE::2025-06-17.01:13:57::SCWBDomain::as" "ARCHIVER=arm-none-eabi-ar" "COMPILER_FLAGS=  -O2 -c" "EXTRA_COMPILER_FLAGS=-mcpu=cortex-a9 -mfpu=vfpv3 -mfloat-abi=hard -n
TRACE::2025-06-17.01:13:57::SCWBDomain::ostartfiles -g -Wall -Wextra"

TRACE::2025-06-17.01:13:57::SCWBDomain::make[2]: Entering directory 'D:/proyectosep2/IEE2463-SEP-Proyecto-2-Z8/music_player_v2/vitis/music_player_v2_plt/zynq_fsbl/zynq
TRACE::2025-06-17.01:13:57::SCWBDomain::_fsbl_bsp/ps7_cortexa9_0/libsrc/cpu_cortexa9_v2_9/src'

TRACE::2025-06-17.01:13:57::SCWBDomain::"Compiling cpu_cortexa9"

TRACE::2025-06-17.01:13:57::SCWBDomain::make[2]: Leaving directory 'D:/proyectosep2/IEE2463-SEP-Proyecto-2-Z8/music_player_v2/vitis/music_player_v2_plt/zynq_fsbl/zynq_
TRACE::2025-06-17.01:13:57::SCWBDomain::fsbl_bsp/ps7_cortexa9_0/libsrc/cpu_cortexa9_v2_9/src'

TRACE::2025-06-17.01:13:57::SCWBDomain::"Running Make libs in ps7_cortexa9_0/libsrc/ddrps_v1_1/src"

TRACE::2025-06-17.01:13:57::SCWBDomain::make -C ps7_cortexa9_0/libsrc/ddrps_v1_1/src -s libs  "SHELL=CMD" "COMPILER=arm-none-eabi-gcc" "ASSEMBLER=arm-none-eabi-as" "AR
TRACE::2025-06-17.01:13:57::SCWBDomain::CHIVER=arm-none-eabi-ar" "COMPILER_FLAGS=  -O2 -c" "EXTRA_COMPILER_FLAGS=-mcpu=cortex-a9 -mfpu=vfpv3 -mfloat-abi=hard -nostartf
TRACE::2025-06-17.01:13:57::SCWBDomain::iles -g -Wall -Wextra"

TRACE::2025-06-17.01:13:57::SCWBDomain::make[2]: Entering directory 'D:/proyectosep2/IEE2463-SEP-Proyecto-2-Z8/music_player_v2/vitis/music_player_v2_plt/zynq_fsbl/zynq
TRACE::2025-06-17.01:13:57::SCWBDomain::_fsbl_bsp/ps7_cortexa9_0/libsrc/ddrps_v1_1/src'

TRACE::2025-06-17.01:13:57::SCWBDomain::"Compiling ddrps"

TRACE::2025-06-17.01:13:57::SCWBDomain::make[2]: Leaving directory 'D:/proyectosep2/IEE2463-SEP-Proyecto-2-Z8/music_player_v2/vitis/music_player_v2_plt/zynq_fsbl/zynq_
TRACE::2025-06-17.01:13:57::SCWBDomain::fsbl_bsp/ps7_cortexa9_0/libsrc/ddrps_v1_1/src'

TRACE::2025-06-17.01:13:57::SCWBDomain::"Running Make libs in ps7_cortexa9_0/libsrc/devcfg_v3_6/src"

TRACE::2025-06-17.01:13:57::SCWBDomain::make -C ps7_cortexa9_0/libsrc/devcfg_v3_6/src -s libs  "SHELL=CMD" "COMPILER=arm-none-eabi-gcc" "ASSEMBLER=arm-none-eabi-as" "A
TRACE::2025-06-17.01:13:57::SCWBDomain::RCHIVER=arm-none-eabi-ar" "COMPILER_FLAGS=  -O2 -c" "EXTRA_COMPILER_FLAGS=-mcpu=cortex-a9 -mfpu=vfpv3 -mfloat-abi=hard -nostart
TRACE::2025-06-17.01:13:57::SCWBDomain::files -g -Wall -Wextra"

TRACE::2025-06-17.01:13:57::SCWBDomain::make[2]: Entering directory 'D:/proyectosep2/IEE2463-SEP-Proyecto-2-Z8/music_player_v2/vitis/music_player_v2_plt/zynq_fsbl/zynq
TRACE::2025-06-17.01:13:57::SCWBDomain::_fsbl_bsp/ps7_cortexa9_0/libsrc/devcfg_v3_6/src'

TRACE::2025-06-17.01:13:57::SCWBDomain::"Compiling devcfg"

TRACE::2025-06-17.01:13:58::SCWBDomain::make[2]: Leaving directory 'D:/proyectosep2/IEE2463-SEP-Proyecto-2-Z8/music_player_v2/vitis/music_player_v2_plt/zynq_fsbl/zynq_
TRACE::2025-06-17.01:13:58::SCWBDomain::fsbl_bsp/ps7_cortexa9_0/libsrc/devcfg_v3_6/src'

TRACE::2025-06-17.01:13:58::SCWBDomain::"Running Make libs in ps7_cortexa9_0/libsrc/dmaps_v2_6/src"

TRACE::2025-06-17.01:13:58::SCWBDomain::make -C ps7_cortexa9_0/libsrc/dmaps_v2_6/src -s libs  "SHELL=CMD" "COMPILER=arm-none-eabi-gcc" "ASSEMBLER=arm-none-eabi-as" "AR
TRACE::2025-06-17.01:13:58::SCWBDomain::CHIVER=arm-none-eabi-ar" "COMPILER_FLAGS=  -O2 -c" "EXTRA_COMPILER_FLAGS=-mcpu=cortex-a9 -mfpu=vfpv3 -mfloat-abi=hard -nostartf
TRACE::2025-06-17.01:13:58::SCWBDomain::iles -g -Wall -Wextra"

TRACE::2025-06-17.01:13:58::SCWBDomain::make[2]: Entering directory 'D:/proyectosep2/IEE2463-SEP-Proyecto-2-Z8/music_player_v2/vitis/music_player_v2_plt/zynq_fsbl/zynq
TRACE::2025-06-17.01:13:58::SCWBDomain::_fsbl_bsp/ps7_cortexa9_0/libsrc/dmaps_v2_6/src'

TRACE::2025-06-17.01:13:58::SCWBDomain::"Compiling dmaps"

TRACE::2025-06-17.01:13:59::SCWBDomain::make[2]: Leaving directory 'D:/proyectosep2/IEE2463-SEP-Proyecto-2-Z8/music_player_v2/vitis/music_player_v2_plt/zynq_fsbl/zynq_
TRACE::2025-06-17.01:13:59::SCWBDomain::fsbl_bsp/ps7_cortexa9_0/libsrc/dmaps_v2_6/src'

TRACE::2025-06-17.01:13:59::SCWBDomain::"Running Make libs in ps7_cortexa9_0/libsrc/emacps_v3_11/src"

TRACE::2025-06-17.01:13:59::SCWBDomain::make -C ps7_cortexa9_0/libsrc/emacps_v3_11/src -s libs  "SHELL=CMD" "COMPILER=arm-none-eabi-gcc" "ASSEMBLER=arm-none-eabi-as" "
TRACE::2025-06-17.01:13:59::SCWBDomain::ARCHIVER=arm-none-eabi-ar" "COMPILER_FLAGS=  -O2 -c" "EXTRA_COMPILER_FLAGS=-mcpu=cortex-a9 -mfpu=vfpv3 -mfloat-abi=hard -nostar
TRACE::2025-06-17.01:13:59::SCWBDomain::tfiles -g -Wall -Wextra"

TRACE::2025-06-17.01:13:59::SCWBDomain::make[2]: Entering directory 'D:/proyectosep2/IEE2463-SEP-Proyecto-2-Z8/music_player_v2/vitis/music_player_v2_plt/zynq_fsbl/zynq
TRACE::2025-06-17.01:13:59::SCWBDomain::_fsbl_bsp/ps7_cortexa9_0/libsrc/emacps_v3_11/src'

TRACE::2025-06-17.01:13:59::SCWBDomain::"Compiling emacps"

TRACE::2025-06-17.01:13:59::SCWBDomain::make[2]: Leaving directory 'D:/proyectosep2/IEE2463-SEP-Proyecto-2-Z8/music_player_v2/vitis/music_player_v2_plt/zynq_fsbl/zynq_
TRACE::2025-06-17.01:13:59::SCWBDomain::fsbl_bsp/ps7_cortexa9_0/libsrc/emacps_v3_11/src'

TRACE::2025-06-17.01:14:00::SCWBDomain::"Running Make libs in ps7_cortexa9_0/libsrc/gpiops_v3_7/src"

TRACE::2025-06-17.01:14:00::SCWBDomain::make -C ps7_cortexa9_0/libsrc/gpiops_v3_7/src -s libs  "SHELL=CMD" "COMPILER=arm-none-eabi-gcc" "ASSEMBLER=arm-none-eabi-as" "A
TRACE::2025-06-17.01:14:00::SCWBDomain::RCHIVER=arm-none-eabi-ar" "COMPILER_FLAGS=  -O2 -c" "EXTRA_COMPILER_FLAGS=-mcpu=cortex-a9 -mfpu=vfpv3 -mfloat-abi=hard -nostart
TRACE::2025-06-17.01:14:00::SCWBDomain::files -g -Wall -Wextra"

TRACE::2025-06-17.01:14:00::SCWBDomain::make[2]: Entering directory 'D:/proyectosep2/IEE2463-SEP-Proyecto-2-Z8/music_player_v2/vitis/music_player_v2_plt/zynq_fsbl/zynq
TRACE::2025-06-17.01:14:00::SCWBDomain::_fsbl_bsp/ps7_cortexa9_0/libsrc/gpiops_v3_7/src'

TRACE::2025-06-17.01:14:00::SCWBDomain::"Compiling gpiops"

TRACE::2025-06-17.01:14:00::SCWBDomain::make[2]: Leaving directory 'D:/proyectosep2/IEE2463-SEP-Proyecto-2-Z8/music_player_v2/vitis/music_player_v2_plt/zynq_fsbl/zynq_
TRACE::2025-06-17.01:14:00::SCWBDomain::fsbl_bsp/ps7_cortexa9_0/libsrc/gpiops_v3_7/src'

TRACE::2025-06-17.01:14:00::SCWBDomain::"Running Make libs in ps7_cortexa9_0/libsrc/qspips_v3_7/src"

TRACE::2025-06-17.01:14:00::SCWBDomain::make -C ps7_cortexa9_0/libsrc/qspips_v3_7/src -s libs  "SHELL=CMD" "COMPILER=arm-none-eabi-gcc" "ASSEMBLER=arm-none-eabi-as" "A
TRACE::2025-06-17.01:14:00::SCWBDomain::RCHIVER=arm-none-eabi-ar" "COMPILER_FLAGS=  -O2 -c" "EXTRA_COMPILER_FLAGS=-mcpu=cortex-a9 -mfpu=vfpv3 -mfloat-abi=hard -nostart
TRACE::2025-06-17.01:14:00::SCWBDomain::files -g -Wall -Wextra"

TRACE::2025-06-17.01:14:00::SCWBDomain::make[2]: Entering directory 'D:/proyectosep2/IEE2463-SEP-Proyecto-2-Z8/music_player_v2/vitis/music_player_v2_plt/zynq_fsbl/zynq
TRACE::2025-06-17.01:14:00::SCWBDomain::_fsbl_bsp/ps7_cortexa9_0/libsrc/qspips_v3_7/src'

TRACE::2025-06-17.01:14:00::SCWBDomain::"Compiling qspips"

TRACE::2025-06-17.01:14:01::SCWBDomain::make[2]: Leaving directory 'D:/proyectosep2/IEE2463-SEP-Proyecto-2-Z8/music_player_v2/vitis/music_player_v2_plt/zynq_fsbl/zynq_
TRACE::2025-06-17.01:14:01::SCWBDomain::fsbl_bsp/ps7_cortexa9_0/libsrc/qspips_v3_7/src'

TRACE::2025-06-17.01:14:01::SCWBDomain::"Running Make libs in ps7_cortexa9_0/libsrc/scugic_v4_2/src"

TRACE::2025-06-17.01:14:01::SCWBDomain::make -C ps7_cortexa9_0/libsrc/scugic_v4_2/src -s libs  "SHELL=CMD" "COMPILER=arm-none-eabi-gcc" "ASSEMBLER=arm-none-eabi-as" "A
TRACE::2025-06-17.01:14:01::SCWBDomain::RCHIVER=arm-none-eabi-ar" "COMPILER_FLAGS=  -O2 -c" "EXTRA_COMPILER_FLAGS=-mcpu=cortex-a9 -mfpu=vfpv3 -mfloat-abi=hard -nostart
TRACE::2025-06-17.01:14:01::SCWBDomain::files -g -Wall -Wextra"

TRACE::2025-06-17.01:14:01::SCWBDomain::make[2]: Entering directory 'D:/proyectosep2/IEE2463-SEP-Proyecto-2-Z8/music_player_v2/vitis/music_player_v2_plt/zynq_fsbl/zynq
TRACE::2025-06-17.01:14:01::SCWBDomain::_fsbl_bsp/ps7_cortexa9_0/libsrc/scugic_v4_2/src'

TRACE::2025-06-17.01:14:01::SCWBDomain::"Compiling scugic"

TRACE::2025-06-17.01:14:02::SCWBDomain::make[2]: Leaving directory 'D:/proyectosep2/IEE2463-SEP-Proyecto-2-Z8/music_player_v2/vitis/music_player_v2_plt/zynq_fsbl/zynq_
TRACE::2025-06-17.01:14:02::SCWBDomain::fsbl_bsp/ps7_cortexa9_0/libsrc/scugic_v4_2/src'

TRACE::2025-06-17.01:14:02::SCWBDomain::"Running Make libs in ps7_cortexa9_0/libsrc/scutimer_v2_2/src"

TRACE::2025-06-17.01:14:02::SCWBDomain::make -C ps7_cortexa9_0/libsrc/scutimer_v2_2/src -s libs  "SHELL=CMD" "COMPILER=arm-none-eabi-gcc" "ASSEMBLER=arm-none-eabi-as" 
TRACE::2025-06-17.01:14:02::SCWBDomain::"ARCHIVER=arm-none-eabi-ar" "COMPILER_FLAGS=  -O2 -c" "EXTRA_COMPILER_FLAGS=-mcpu=cortex-a9 -mfpu=vfpv3 -mfloat-abi=hard -nosta
TRACE::2025-06-17.01:14:02::SCWBDomain::rtfiles -g -Wall -Wextra"

TRACE::2025-06-17.01:14:02::SCWBDomain::make[2]: Entering directory 'D:/proyectosep2/IEE2463-SEP-Proyecto-2-Z8/music_player_v2/vitis/music_player_v2_plt/zynq_fsbl/zynq
TRACE::2025-06-17.01:14:02::SCWBDomain::_fsbl_bsp/ps7_cortexa9_0/libsrc/scutimer_v2_2/src'

TRACE::2025-06-17.01:14:02::SCWBDomain::"Compiling scutimer"

TRACE::2025-06-17.01:14:02::SCWBDomain::make[2]: Leaving directory 'D:/proyectosep2/IEE2463-SEP-Proyecto-2-Z8/music_player_v2/vitis/music_player_v2_plt/zynq_fsbl/zynq_
TRACE::2025-06-17.01:14:02::SCWBDomain::fsbl_bsp/ps7_cortexa9_0/libsrc/scutimer_v2_2/src'

TRACE::2025-06-17.01:14:02::SCWBDomain::"Running Make libs in ps7_cortexa9_0/libsrc/scuwdt_v2_2/src"

TRACE::2025-06-17.01:14:02::SCWBDomain::make -C ps7_cortexa9_0/libsrc/scuwdt_v2_2/src -s libs  "SHELL=CMD" "COMPILER=arm-none-eabi-gcc" "ASSEMBLER=arm-none-eabi-as" "A
TRACE::2025-06-17.01:14:02::SCWBDomain::RCHIVER=arm-none-eabi-ar" "COMPILER_FLAGS=  -O2 -c" "EXTRA_COMPILER_FLAGS=-mcpu=cortex-a9 -mfpu=vfpv3 -mfloat-abi=hard -nostart
TRACE::2025-06-17.01:14:02::SCWBDomain::files -g -Wall -Wextra"

TRACE::2025-06-17.01:14:02::SCWBDomain::make[2]: Entering directory 'D:/proyectosep2/IEE2463-SEP-Proyecto-2-Z8/music_player_v2/vitis/music_player_v2_plt/zynq_fsbl/zynq
TRACE::2025-06-17.01:14:02::SCWBDomain::_fsbl_bsp/ps7_cortexa9_0/libsrc/scuwdt_v2_2/src'

TRACE::2025-06-17.01:14:02::SCWBDomain::"Compiling scuwdt"

TRACE::2025-06-17.01:14:03::SCWBDomain::make[2]: Leaving directory 'D:/proyectosep2/IEE2463-SEP-Proyecto-2-Z8/music_player_v2/vitis/music_player_v2_plt/zynq_fsbl/zynq_
TRACE::2025-06-17.01:14:03::SCWBDomain::fsbl_bsp/ps7_cortexa9_0/libsrc/scuwdt_v2_2/src'

TRACE::2025-06-17.01:14:03::SCWBDomain::"Running Make libs in ps7_cortexa9_0/libsrc/sdps_v3_9/src"

TRACE::2025-06-17.01:14:03::SCWBDomain::make -C ps7_cortexa9_0/libsrc/sdps_v3_9/src -s libs  "SHELL=CMD" "COMPILER=arm-none-eabi-gcc" "ASSEMBLER=arm-none-eabi-as" "ARC
TRACE::2025-06-17.01:14:03::SCWBDomain::HIVER=arm-none-eabi-ar" "COMPILER_FLAGS=  -O2 -c" "EXTRA_COMPILER_FLAGS=-mcpu=cortex-a9 -mfpu=vfpv3 -mfloat-abi=hard -nostartfi
TRACE::2025-06-17.01:14:03::SCWBDomain::les -g -Wall -Wextra"

TRACE::2025-06-17.01:14:03::SCWBDomain::make[2]: Entering directory 'D:/proyectosep2/IEE2463-SEP-Proyecto-2-Z8/music_player_v2/vitis/music_player_v2_plt/zynq_fsbl/zynq
TRACE::2025-06-17.01:14:03::SCWBDomain::_fsbl_bsp/ps7_cortexa9_0/libsrc/sdps_v3_9/src'

TRACE::2025-06-17.01:14:03::SCWBDomain::"Compiling sdps"

TRACE::2025-06-17.01:14:04::SCWBDomain::make[2]: Leaving directory 'D:/proyectosep2/IEE2463-SEP-Proyecto-2-Z8/music_player_v2/vitis/music_player_v2_plt/zynq_fsbl/zynq_
TRACE::2025-06-17.01:14:04::SCWBDomain::fsbl_bsp/ps7_cortexa9_0/libsrc/sdps_v3_9/src'

TRACE::2025-06-17.01:14:04::SCWBDomain::"Running Make libs in ps7_cortexa9_0/libsrc/standalone_v7_2/src"

TRACE::2025-06-17.01:14:04::SCWBDomain::make -C ps7_cortexa9_0/libsrc/standalone_v7_2/src -s libs  "SHELL=CMD" "COMPILER=arm-none-eabi-gcc" "ASSEMBLER=arm-none-eabi-as
TRACE::2025-06-17.01:14:04::SCWBDomain::" "ARCHIVER=arm-none-eabi-ar" "COMPILER_FLAGS=  -O2 -c" "EXTRA_COMPILER_FLAGS=-mcpu=cortex-a9 -mfpu=vfpv3 -mfloat-abi=hard -nos
TRACE::2025-06-17.01:14:04::SCWBDomain::tartfiles -g -Wall -Wextra"

TRACE::2025-06-17.01:14:04::SCWBDomain::make[2]: Entering directory 'D:/proyectosep2/IEE2463-SEP-Proyecto-2-Z8/music_player_v2/vitis/music_player_v2_plt/zynq_fsbl/zynq
TRACE::2025-06-17.01:14:04::SCWBDomain::_fsbl_bsp/ps7_cortexa9_0/libsrc/standalone_v7_2/src'

TRACE::2025-06-17.01:14:04::SCWBDomain::"Compiling standalone"

TRACE::2025-06-17.01:14:07::SCWBDomain::make[3]: Entering directory 'D:/proyectosep2/IEE2463-SEP-Proyecto-2-Z8/music_player_v2/vitis/music_player_v2_plt/zynq_fsbl/zynq
TRACE::2025-06-17.01:14:07::SCWBDomain::_fsbl_bsp/ps7_cortexa9_0/libsrc/standalone_v7_2/src/profile'

TRACE::2025-06-17.01:14:07::SCWBDomain::make[3]: Leaving directory 'D:/proyectosep2/IEE2463-SEP-Proyecto-2-Z8/music_player_v2/vitis/music_player_v2_plt/zynq_fsbl/zynq_
TRACE::2025-06-17.01:14:07::SCWBDomain::fsbl_bsp/ps7_cortexa9_0/libsrc/standalone_v7_2/src/profile'

TRACE::2025-06-17.01:14:07::SCWBDomain::make[2]: Leaving directory 'D:/proyectosep2/IEE2463-SEP-Proyecto-2-Z8/music_player_v2/vitis/music_player_v2_plt/zynq_fsbl/zynq_
TRACE::2025-06-17.01:14:07::SCWBDomain::fsbl_bsp/ps7_cortexa9_0/libsrc/standalone_v7_2/src'

TRACE::2025-06-17.01:14:07::SCWBDomain::"Running Make libs in ps7_cortexa9_0/libsrc/tmrctr_v4_6/src"

TRACE::2025-06-17.01:14:07::SCWBDomain::make -C ps7_cortexa9_0/libsrc/tmrctr_v4_6/src -s libs  "SHELL=CMD" "COMPILER=arm-none-eabi-gcc" "ASSEMBLER=arm-none-eabi-as" "A
TRACE::2025-06-17.01:14:07::SCWBDomain::RCHIVER=arm-none-eabi-ar" "COMPILER_FLAGS=  -O2 -c" "EXTRA_COMPILER_FLAGS=-mcpu=cortex-a9 -mfpu=vfpv3 -mfloat-abi=hard -nostart
TRACE::2025-06-17.01:14:07::SCWBDomain::files -g -Wall -Wextra"

TRACE::2025-06-17.01:14:07::SCWBDomain::make[2]: Entering directory 'D:/proyectosep2/IEE2463-SEP-Proyecto-2-Z8/music_player_v2/vitis/music_player_v2_plt/zynq_fsbl/zynq
TRACE::2025-06-17.01:14:07::SCWBDomain::_fsbl_bsp/ps7_cortexa9_0/libsrc/tmrctr_v4_6/src'

TRACE::2025-06-17.01:14:07::SCWBDomain::"Compiling tmrctr"

TRACE::2025-06-17.01:14:08::SCWBDomain::make[2]: Leaving directory 'D:/proyectosep2/IEE2463-SEP-Proyecto-2-Z8/music_player_v2/vitis/music_player_v2_plt/zynq_fsbl/zynq_
TRACE::2025-06-17.01:14:08::SCWBDomain::fsbl_bsp/ps7_cortexa9_0/libsrc/tmrctr_v4_6/src'

TRACE::2025-06-17.01:14:08::SCWBDomain::"Running Make libs in ps7_cortexa9_0/libsrc/uartps_v3_9/src"

TRACE::2025-06-17.01:14:08::SCWBDomain::make -C ps7_cortexa9_0/libsrc/uartps_v3_9/src -s libs  "SHELL=CMD" "COMPILER=arm-none-eabi-gcc" "ASSEMBLER=arm-none-eabi-as" "A
TRACE::2025-06-17.01:14:08::SCWBDomain::RCHIVER=arm-none-eabi-ar" "COMPILER_FLAGS=  -O2 -c" "EXTRA_COMPILER_FLAGS=-mcpu=cortex-a9 -mfpu=vfpv3 -mfloat-abi=hard -nostart
TRACE::2025-06-17.01:14:08::SCWBDomain::files -g -Wall -Wextra"

TRACE::2025-06-17.01:14:08::SCWBDomain::make[2]: Entering directory 'D:/proyectosep2/IEE2463-SEP-Proyecto-2-Z8/music_player_v2/vitis/music_player_v2_plt/zynq_fsbl/zynq
TRACE::2025-06-17.01:14:08::SCWBDomain::_fsbl_bsp/ps7_cortexa9_0/libsrc/uartps_v3_9/src'

TRACE::2025-06-17.01:14:08::SCWBDomain::"Compiling uartps"

TRACE::2025-06-17.01:14:09::SCWBDomain::make[2]: Leaving directory 'D:/proyectosep2/IEE2463-SEP-Proyecto-2-Z8/music_player_v2/vitis/music_player_v2_plt/zynq_fsbl/zynq_
TRACE::2025-06-17.01:14:09::SCWBDomain::fsbl_bsp/ps7_cortexa9_0/libsrc/uartps_v3_9/src'

TRACE::2025-06-17.01:14:09::SCWBDomain::"Running Make libs in ps7_cortexa9_0/libsrc/usbps_v2_5/src"

TRACE::2025-06-17.01:14:09::SCWBDomain::make -C ps7_cortexa9_0/libsrc/usbps_v2_5/src -s libs  "SHELL=CMD" "COMPILER=arm-none-eabi-gcc" "ASSEMBLER=arm-none-eabi-as" "AR
TRACE::2025-06-17.01:14:09::SCWBDomain::CHIVER=arm-none-eabi-ar" "COMPILER_FLAGS=  -O2 -c" "EXTRA_COMPILER_FLAGS=-mcpu=cortex-a9 -mfpu=vfpv3 -mfloat-abi=hard -nostartf
TRACE::2025-06-17.01:14:09::SCWBDomain::iles -g -Wall -Wextra"

TRACE::2025-06-17.01:14:09::SCWBDomain::make[2]: Entering directory 'D:/proyectosep2/IEE2463-SEP-Proyecto-2-Z8/music_player_v2/vitis/music_player_v2_plt/zynq_fsbl/zynq
TRACE::2025-06-17.01:14:09::SCWBDomain::_fsbl_bsp/ps7_cortexa9_0/libsrc/usbps_v2_5/src'

TRACE::2025-06-17.01:14:09::SCWBDomain::"Compiling usbps"

TRACE::2025-06-17.01:14:10::SCWBDomain::make[2]: Leaving directory 'D:/proyectosep2/IEE2463-SEP-Proyecto-2-Z8/music_player_v2/vitis/music_player_v2_plt/zynq_fsbl/zynq_
TRACE::2025-06-17.01:14:10::SCWBDomain::fsbl_bsp/ps7_cortexa9_0/libsrc/usbps_v2_5/src'

TRACE::2025-06-17.01:14:10::SCWBDomain::"Running Make libs in ps7_cortexa9_0/libsrc/xadcps_v2_4/src"

TRACE::2025-06-17.01:14:10::SCWBDomain::make -C ps7_cortexa9_0/libsrc/xadcps_v2_4/src -s libs  "SHELL=CMD" "COMPILER=arm-none-eabi-gcc" "ASSEMBLER=arm-none-eabi-as" "A
TRACE::2025-06-17.01:14:10::SCWBDomain::RCHIVER=arm-none-eabi-ar" "COMPILER_FLAGS=  -O2 -c" "EXTRA_COMPILER_FLAGS=-mcpu=cortex-a9 -mfpu=vfpv3 -mfloat-abi=hard -nostart
TRACE::2025-06-17.01:14:10::SCWBDomain::files -g -Wall -Wextra"

TRACE::2025-06-17.01:14:10::SCWBDomain::make[2]: Entering directory 'D:/proyectosep2/IEE2463-SEP-Proyecto-2-Z8/music_player_v2/vitis/music_player_v2_plt/zynq_fsbl/zynq
TRACE::2025-06-17.01:14:10::SCWBDomain::_fsbl_bsp/ps7_cortexa9_0/libsrc/xadcps_v2_4/src'

TRACE::2025-06-17.01:14:10::SCWBDomain::"Compiling xadcps"

TRACE::2025-06-17.01:14:11::SCWBDomain::make[2]: Leaving directory 'D:/proyectosep2/IEE2463-SEP-Proyecto-2-Z8/music_player_v2/vitis/music_player_v2_plt/zynq_fsbl/zynq_
TRACE::2025-06-17.01:14:11::SCWBDomain::fsbl_bsp/ps7_cortexa9_0/libsrc/xadcps_v2_4/src'

TRACE::2025-06-17.01:14:11::SCWBDomain::"Running Make libs in ps7_cortexa9_0/libsrc/xilffs_v4_3/src"

TRACE::2025-06-17.01:14:11::SCWBDomain::make -C ps7_cortexa9_0/libsrc/xilffs_v4_3/src -s libs  "SHELL=CMD" "COMPILER=arm-none-eabi-gcc" "ASSEMBLER=arm-none-eabi-as" "A
TRACE::2025-06-17.01:14:11::SCWBDomain::RCHIVER=arm-none-eabi-ar" "COMPILER_FLAGS=  -O2 -c" "EXTRA_COMPILER_FLAGS=-mcpu=cortex-a9 -mfpu=vfpv3 -mfloat-abi=hard -nostart
TRACE::2025-06-17.01:14:11::SCWBDomain::files -g -Wall -Wextra"

TRACE::2025-06-17.01:14:11::SCWBDomain::make[2]: Entering directory 'D:/proyectosep2/IEE2463-SEP-Proyecto-2-Z8/music_player_v2/vitis/music_player_v2_plt/zynq_fsbl/zynq
TRACE::2025-06-17.01:14:11::SCWBDomain::_fsbl_bsp/ps7_cortexa9_0/libsrc/xilffs_v4_3/src'

TRACE::2025-06-17.01:14:11::SCWBDomain::"Compiling XilFFs Library"

TRACE::2025-06-17.01:14:11::SCWBDomain::make[2]: Leaving directory 'D:/proyectosep2/IEE2463-SEP-Proyecto-2-Z8/music_player_v2/vitis/music_player_v2_plt/zynq_fsbl/zynq_
TRACE::2025-06-17.01:14:11::SCWBDomain::fsbl_bsp/ps7_cortexa9_0/libsrc/xilffs_v4_3/src'

TRACE::2025-06-17.01:14:11::SCWBDomain::"Running Make libs in ps7_cortexa9_0/libsrc/xilrsa_v1_6/src"

TRACE::2025-06-17.01:14:11::SCWBDomain::make -C ps7_cortexa9_0/libsrc/xilrsa_v1_6/src -s libs  "SHELL=CMD" "COMPILER=arm-none-eabi-gcc" "ASSEMBLER=arm-none-eabi-as" "A
TRACE::2025-06-17.01:14:11::SCWBDomain::RCHIVER=arm-none-eabi-ar" "COMPILER_FLAGS=  -O2 -c" "EXTRA_COMPILER_FLAGS=-mcpu=cortex-a9 -mfpu=vfpv3 -mfloat-abi=hard -nostart
TRACE::2025-06-17.01:14:11::SCWBDomain::files -g -Wall -Wextra"

TRACE::2025-06-17.01:14:11::SCWBDomain::make[2]: Entering directory 'D:/proyectosep2/IEE2463-SEP-Proyecto-2-Z8/music_player_v2/vitis/music_player_v2_plt/zynq_fsbl/zynq
TRACE::2025-06-17.01:14:11::SCWBDomain::_fsbl_bsp/ps7_cortexa9_0/libsrc/xilrsa_v1_6/src'

TRACE::2025-06-17.01:14:12::SCWBDomain::make[2]: Leaving directory 'D:/proyectosep2/IEE2463-SEP-Proyecto-2-Z8/music_player_v2/vitis/music_player_v2_plt/zynq_fsbl/zynq_
TRACE::2025-06-17.01:14:12::SCWBDomain::fsbl_bsp/ps7_cortexa9_0/libsrc/xilrsa_v1_6/src'

TRACE::2025-06-17.01:14:12::SCWBDomain::'Finished building libraries'

TRACE::2025-06-17.01:14:12::SCWBDomain::make[1]: Leaving directory 'D:/proyectosep2/IEE2463-SEP-Proyecto-2-Z8/music_player_v2/vitis/music_player_v2_plt/zynq_fsbl/zynq_
TRACE::2025-06-17.01:14:12::SCWBDomain::fsbl_bsp'

TRACE::2025-06-17.01:14:12::SCWBDomain::arm-none-eabi-gcc -MMD -MP       -mcpu=cortex-a9 -mfpu=vfpv3 -mfloat-abi=hard   -O2 -c -c sd.c -o sd.o -Izynq_fsbl_bsp/ps7_cort
TRACE::2025-06-17.01:14:12::SCWBDomain::exa9_0/include -I.

TRACE::2025-06-17.01:14:12::SCWBDomain::arm-none-eabi-gcc -MMD -MP       -mcpu=cortex-a9 -mfpu=vfpv3 -mfloat-abi=hard   -O2 -c -c nand.c -o nand.o -Izynq_fsbl_bsp/ps7_
TRACE::2025-06-17.01:14:12::SCWBDomain::cortexa9_0/include -I.

TRACE::2025-06-17.01:14:12::SCWBDomain::arm-none-eabi-gcc -MMD -MP       -mcpu=cortex-a9 -mfpu=vfpv3 -mfloat-abi=hard   -O2 -c -c nor.c -o nor.o -Izynq_fsbl_bsp/ps7_co
TRACE::2025-06-17.01:14:12::SCWBDomain::rtexa9_0/include -I.

TRACE::2025-06-17.01:14:12::SCWBDomain::arm-none-eabi-gcc -MMD -MP       -mcpu=cortex-a9 -mfpu=vfpv3 -mfloat-abi=hard   -O2 -c -c image_mover.c -o image_mover.o -Izynq
TRACE::2025-06-17.01:14:12::SCWBDomain::_fsbl_bsp/ps7_cortexa9_0/include -I.

TRACE::2025-06-17.01:14:12::SCWBDomain::arm-none-eabi-gcc -MMD -MP       -mcpu=cortex-a9 -mfpu=vfpv3 -mfloat-abi=hard   -O2 -c -c md5.c -o md5.o -Izynq_fsbl_bsp/ps7_co
TRACE::2025-06-17.01:14:12::SCWBDomain::rtexa9_0/include -I.

TRACE::2025-06-17.01:14:12::SCWBDomain::arm-none-eabi-gcc -MMD -MP       -mcpu=cortex-a9 -mfpu=vfpv3 -mfloat-abi=hard   -O2 -c -c fsbl_hooks.c -o fsbl_hooks.o -Izynq_f
TRACE::2025-06-17.01:14:12::SCWBDomain::sbl_bsp/ps7_cortexa9_0/include -I.

TRACE::2025-06-17.01:14:12::SCWBDomain::arm-none-eabi-gcc -MMD -MP       -mcpu=cortex-a9 -mfpu=vfpv3 -mfloat-abi=hard   -O2 -c -c main.c -o main.o -Izynq_fsbl_bsp/ps7_
TRACE::2025-06-17.01:14:12::SCWBDomain::cortexa9_0/include -I.

TRACE::2025-06-17.01:14:12::SCWBDomain::arm-none-eabi-gcc -MMD -MP       -mcpu=cortex-a9 -mfpu=vfpv3 -mfloat-abi=hard   -O2 -c -c rsa.c -o rsa.o -Izynq_fsbl_bsp/ps7_co
TRACE::2025-06-17.01:14:12::SCWBDomain::rtexa9_0/include -I.

TRACE::2025-06-17.01:14:12::SCWBDomain::arm-none-eabi-gcc -MMD -MP       -mcpu=cortex-a9 -mfpu=vfpv3 -mfloat-abi=hard   -O2 -c -c qspi.c -o qspi.o -Izynq_fsbl_bsp/ps7_
TRACE::2025-06-17.01:14:12::SCWBDomain::cortexa9_0/include -I.

TRACE::2025-06-17.01:14:13::SCWBDomain::arm-none-eabi-gcc -MMD -MP       -mcpu=cortex-a9 -mfpu=vfpv3 -mfloat-abi=hard   -O2 -c -c ps7_init.c -o ps7_init.o -Izynq_fsbl_
TRACE::2025-06-17.01:14:13::SCWBDomain::bsp/ps7_cortexa9_0/include -I.

TRACE::2025-06-17.01:14:13::SCWBDomain::arm-none-eabi-gcc -MMD -MP       -mcpu=cortex-a9 -mfpu=vfpv3 -mfloat-abi=hard   -O2 -c -c pcap.c -o pcap.o -Izynq_fsbl_bsp/ps7_
TRACE::2025-06-17.01:14:13::SCWBDomain::cortexa9_0/include -I.

TRACE::2025-06-17.01:14:13::SCWBDomain::arm-none-eabi-gcc -MMD -MP       -mcpu=cortex-a9 -mfpu=vfpv3 -mfloat-abi=hard   -O2 -c -c fsbl_handoff.S -o fsbl_handoff.o -Izy
TRACE::2025-06-17.01:14:13::SCWBDomain::nq_fsbl_bsp/ps7_cortexa9_0/include -I.

TRACE::2025-06-17.01:14:13::SCWBDomain::arm-none-eabi-gcc -o executable.elf  sd.o  nand.o  nor.o  image_mover.o  md5.o  fsbl_hooks.o  main.o  rsa.o  qspi.o  ps7_init.o
TRACE::2025-06-17.01:14:13::SCWBDomain::  pcap.o  fsbl_handoff.o -MMD -MP       -mcpu=cortex-a9 -mfpu=vfpv3 -mfloat-abi=hard   -mcpu=cortex-a9 -mfpu=vfpv3 -mfloat-abi=
TRACE::2025-06-17.01:14:13::SCWBDomain::hard -Wl,-build-id=none -specs=Xilinx.spec  -lrsa -Wl,--start-group,-lxil,-lgcc,-lc,--end-group -Wl,--start-group,-lxilffs,-lxi
TRACE::2025-06-17.01:14:13::SCWBDomain::l,-lgcc,-lc,--end-group -Wl,--start-group,-lrsa,-lxil,-lgcc,-lc,--end-group                                     -Wl,--gc-sectio
TRACE::2025-06-17.01:14:13::SCWBDomain::ns -Lzynq_fsbl_bsp/ps7_cortexa9_0/lib -L./ -Tlscript.ld

LOG::2025-06-17.01:14:14::SCWSystem::Checking the domain standalone_domain
LOG::2025-06-17.01:14:14::SCWSystem::Not a boot domain 
LOG::2025-06-17.01:14:14::SCWSystem::Started Processing the domain standalone_domain
TRACE::2025-06-17.01:14:14::SCWDomain::Generating domain artifcats
TRACE::2025-06-17.01:14:14::SCWMssOS::Generating standalone artifcats
TRACE::2025-06-17.01:14:14::SCWMssOS::Copying the qemu file from  D:/Xilinx/Vitis/2020.1/data/emulation/platforms/zynq/qemu/qemu_args.txt To D:/proyectosep2/IEE2463-SEP-Proyecto-2-Z8/music_player_v2/vitis/music_player_v2_plt/export/music_player_v2_plt/sw/music_player_v2_plt/qemu/
TRACE::2025-06-17.01:14:14::SCWMssOS::Copying the qemu file from  D:/Xilinx/Vitis/2020.1/data/emulation/platforms/zynq/qemu/qemu_args.txt To D:/proyectosep2/IEE2463-SEP-Proyecto-2-Z8/music_player_v2/vitis/music_player_v2_plt/export/music_player_v2_plt/sw/music_player_v2_plt/standalone_domain/qemu/
TRACE::2025-06-17.01:14:14::SCWMssOS:: Copying the user libraries. 
TRACE::2025-06-17.01:14:14::SCWPlatform::Trying to open the hw design at D:/proyectosep2/IEE2463-SEP-Proyecto-2-Z8/music_player_v2/vitis/music_player_v2_plt/hw/design_1_wrapper.xsa
TRACE::2025-06-17.01:14:14::SCWPlatform::DSA given D:/proyectosep2/IEE2463-SEP-Proyecto-2-Z8/music_player_v2/vitis/music_player_v2_plt/hw/design_1_wrapper.xsa
TRACE::2025-06-17.01:14:14::SCWPlatform::DSA absoulate path D:/proyectosep2/IEE2463-SEP-Proyecto-2-Z8/music_player_v2/vitis/music_player_v2_plt/hw/design_1_wrapper.xsa
TRACE::2025-06-17.01:14:14::SCWPlatform::DSA directory D:/proyectosep2/IEE2463-SEP-Proyecto-2-Z8/music_player_v2/vitis/music_player_v2_plt/hw
TRACE::2025-06-17.01:14:14::SCWPlatform:: Platform Path D:/proyectosep2/IEE2463-SEP-Proyecto-2-Z8/music_player_v2/vitis/music_player_v2_plt/hw/design_1_wrapper.xsa
TRACE::2025-06-17.01:14:14::SCWPlatform:: Unique name xilinx:zybo-z7-10::0.0
TRACE::2025-06-17.01:14:14::SCWPlatform::Trying to set the existing hwdb with name design_1_wrapper_1
TRACE::2025-06-17.01:14:14::SCWPlatform::Opened existing hwdb design_1_wrapper_1
TRACE::2025-06-17.01:14:14::SCWPlatform::Found the Hw Db part of the input DSA
TRACE::2025-06-17.01:14:14::SCWMssOS::Checking the sw design at  D:/proyectosep2/IEE2463-SEP-Proyecto-2-Z8/music_player_v2/vitis/music_player_v2_plt/ps7_cortexa9_0/standalone_domain/bsp/system.mss
TRACE::2025-06-17.01:14:14::SCWMssOS::DEBUG:  swdes dump  D:/proyectosep2/IEE2463-SEP-Proyecto-2-Z8/music_player_v2/vitis/music_player_v2_plt/zynq_fsbl/zynq_fsbl_bsp/system.mss|system_0||

TRACE::2025-06-17.01:14:14::SCWMssOS::No sw design opened at  D:/proyectosep2/IEE2463-SEP-Proyecto-2-Z8/music_player_v2/vitis/music_player_v2_plt/ps7_cortexa9_0/standalone_domain/bsp/system.mss
TRACE::2025-06-17.01:14:14::SCWMssOS::mss exists loading the mss file  D:/proyectosep2/IEE2463-SEP-Proyecto-2-Z8/music_player_v2/vitis/music_player_v2_plt/ps7_cortexa9_0/standalone_domain/bsp/system.mss
TRACE::2025-06-17.01:14:14::SCWMssOS::Opened the sw design from mss  D:/proyectosep2/IEE2463-SEP-Proyecto-2-Z8/music_player_v2/vitis/music_player_v2_plt/ps7_cortexa9_0/standalone_domain/bsp/system.mss
TRACE::2025-06-17.01:14:14::SCWMssOS::Adding the swdes entry D:/proyectosep2/IEE2463-SEP-Proyecto-2-Z8/music_player_v2/vitis/music_player_v2_plt/ps7_cortexa9_0/standalone_domain/bsp/system.mss with des name system
TRACE::2025-06-17.01:14:14::SCWMssOS::updating the scw layer about changes
TRACE::2025-06-17.01:14:14::SCWMssOS::Opened the sw design.  D:/proyectosep2/IEE2463-SEP-Proyecto-2-Z8/music_player_v2/vitis/music_player_v2_plt/ps7_cortexa9_0/standalone_domain/bsp/system.mss
TRACE::2025-06-17.01:14:14::SCWMssOS::Completed writing the mss file at D:/proyectosep2/IEE2463-SEP-Proyecto-2-Z8/music_player_v2/vitis/music_player_v2_plt/ps7_cortexa9_0/standalone_domain/bsp
TRACE::2025-06-17.01:14:14::SCWMssOS::Mss edits present, copying mssfile into export location D:/proyectosep2/IEE2463-SEP-Proyecto-2-Z8/music_player_v2/vitis/music_player_v2_plt/ps7_cortexa9_0/standalone_domain/bsp/system.mss
TRACE::2025-06-17.01:14:14::SCWMssOS::bsp generated is upto date with the mss file. Skipping bsp generation.
TRACE::2025-06-17.01:14:14::SCWMssOS::BSP is already built. skipping the bsp build ... 
TRACE::2025-06-17.01:14:14::SCWDomain::Building the domain as part of full build :  standalone_domain
TRACE::2025-06-17.01:14:14::SCWMssOS::doing bsp build ... 
TRACE::2025-06-17.01:14:14::SCWMssOS::System Command Ran  D: & cd  D:/proyectosep2/IEE2463-SEP-Proyecto-2-Z8/music_player_v2/vitis/music_player_v2_plt/ps7_cortexa9_0/standalone_domain/bsp & make 
TRACE::2025-06-17.01:14:14::SCWMssOS::"Running Make include in ps7_cortexa9_0/libsrc/coresightps_dcc_v1_7/src"

TRACE::2025-06-17.01:14:14::SCWMssOS::make -C ps7_cortexa9_0/libsrc/coresightps_dcc_v1_7/src -s include  "SHELL=CMD" "COMPILER=arm-none-eabi-gcc" "ASSEMBLER=arm-none
TRACE::2025-06-17.01:14:14::SCWMssOS::-eabi-as" "ARCHIVER=arm-none-eabi-ar" "COMPILER_FLAGS=  -O2 -c" "EXTRA_COMPILER_FLAGS=-mcpu=cortex-a9 -mfpu=vfpv3 -mfloat-abi=h
TRACE::2025-06-17.01:14:14::SCWMssOS::ard -nostartfiles -g -Wall -Wextra"

TRACE::2025-06-17.01:14:14::SCWMssOS::"Running Make include in ps7_cortexa9_0/libsrc/cpu_cortexa9_v2_9/src"

TRACE::2025-06-17.01:14:14::SCWMssOS::make -C ps7_cortexa9_0/libsrc/cpu_cortexa9_v2_9/src -s include  "SHELL=CMD" "COMPILER=arm-none-eabi-gcc" "ASSEMBLER=arm-none-ea
TRACE::2025-06-17.01:14:14::SCWMssOS::bi-as" "ARCHIVER=arm-none-eabi-ar" "COMPILER_FLAGS=  -O2 -c" "EXTRA_COMPILER_FLAGS=-mcpu=cortex-a9 -mfpu=vfpv3 -mfloat-abi=hard
TRACE::2025-06-17.01:14:14::SCWMssOS:: -nostartfiles -g -Wall -Wextra"

TRACE::2025-06-17.01:14:14::SCWMssOS::"Running Make include in ps7_cortexa9_0/libsrc/ddrps_v1_1/src"

TRACE::2025-06-17.01:14:14::SCWMssOS::make -C ps7_cortexa9_0/libsrc/ddrps_v1_1/src -s include  "SHELL=CMD" "COMPILER=arm-none-eabi-gcc" "ASSEMBLER=arm-none-eabi-as" 
TRACE::2025-06-17.01:14:14::SCWMssOS::"ARCHIVER=arm-none-eabi-ar" "COMPILER_FLAGS=  -O2 -c" "EXTRA_COMPILER_FLAGS=-mcpu=cortex-a9 -mfpu=vfpv3 -mfloat-abi=hard -nosta
TRACE::2025-06-17.01:14:14::SCWMssOS::rtfiles -g -Wall -Wextra"

TRACE::2025-06-17.01:14:14::SCWMssOS::"Running Make include in ps7_cortexa9_0/libsrc/devcfg_v3_6/src"

TRACE::2025-06-17.01:14:14::SCWMssOS::make -C ps7_cortexa9_0/libsrc/devcfg_v3_6/src -s include  "SHELL=CMD" "COMPILER=arm-none-eabi-gcc" "ASSEMBLER=arm-none-eabi-as"
TRACE::2025-06-17.01:14:14::SCWMssOS:: "ARCHIVER=arm-none-eabi-ar" "COMPILER_FLAGS=  -O2 -c" "EXTRA_COMPILER_FLAGS=-mcpu=cortex-a9 -mfpu=vfpv3 -mfloat-abi=hard -nost
TRACE::2025-06-17.01:14:14::SCWMssOS::artfiles -g -Wall -Wextra"

TRACE::2025-06-17.01:14:14::SCWMssOS::"Running Make include in ps7_cortexa9_0/libsrc/dmaps_v2_6/src"

TRACE::2025-06-17.01:14:14::SCWMssOS::make -C ps7_cortexa9_0/libsrc/dmaps_v2_6/src -s include  "SHELL=CMD" "COMPILER=arm-none-eabi-gcc" "ASSEMBLER=arm-none-eabi-as" 
TRACE::2025-06-17.01:14:14::SCWMssOS::"ARCHIVER=arm-none-eabi-ar" "COMPILER_FLAGS=  -O2 -c" "EXTRA_COMPILER_FLAGS=-mcpu=cortex-a9 -mfpu=vfpv3 -mfloat-abi=hard -nosta
TRACE::2025-06-17.01:14:14::SCWMssOS::rtfiles -g -Wall -Wextra"

TRACE::2025-06-17.01:14:15::SCWMssOS::"Running Make include in ps7_cortexa9_0/libsrc/emacps_v3_11/src"

TRACE::2025-06-17.01:14:15::SCWMssOS::make -C ps7_cortexa9_0/libsrc/emacps_v3_11/src -s include  "SHELL=CMD" "COMPILER=arm-none-eabi-gcc" "ASSEMBLER=arm-none-eabi-as
TRACE::2025-06-17.01:14:15::SCWMssOS::" "ARCHIVER=arm-none-eabi-ar" "COMPILER_FLAGS=  -O2 -c" "EXTRA_COMPILER_FLAGS=-mcpu=cortex-a9 -mfpu=vfpv3 -mfloat-abi=hard -nos
TRACE::2025-06-17.01:14:15::SCWMssOS::tartfiles -g -Wall -Wextra"

TRACE::2025-06-17.01:14:15::SCWMssOS::"Running Make include in ps7_cortexa9_0/libsrc/gpiops_v3_7/src"

TRACE::2025-06-17.01:14:15::SCWMssOS::make -C ps7_cortexa9_0/libsrc/gpiops_v3_7/src -s include  "SHELL=CMD" "COMPILER=arm-none-eabi-gcc" "ASSEMBLER=arm-none-eabi-as"
TRACE::2025-06-17.01:14:15::SCWMssOS:: "ARCHIVER=arm-none-eabi-ar" "COMPILER_FLAGS=  -O2 -c" "EXTRA_COMPILER_FLAGS=-mcpu=cortex-a9 -mfpu=vfpv3 -mfloat-abi=hard -nost
TRACE::2025-06-17.01:14:15::SCWMssOS::artfiles -g -Wall -Wextra"

TRACE::2025-06-17.01:14:15::SCWMssOS::"Running Make include in ps7_cortexa9_0/libsrc/qspips_v3_7/src"

TRACE::2025-06-17.01:14:15::SCWMssOS::make -C ps7_cortexa9_0/libsrc/qspips_v3_7/src -s include  "SHELL=CMD" "COMPILER=arm-none-eabi-gcc" "ASSEMBLER=arm-none-eabi-as"
TRACE::2025-06-17.01:14:15::SCWMssOS:: "ARCHIVER=arm-none-eabi-ar" "COMPILER_FLAGS=  -O2 -c" "EXTRA_COMPILER_FLAGS=-mcpu=cortex-a9 -mfpu=vfpv3 -mfloat-abi=hard -nost
TRACE::2025-06-17.01:14:15::SCWMssOS::artfiles -g -Wall -Wextra"

TRACE::2025-06-17.01:14:15::SCWMssOS::"Running Make include in ps7_cortexa9_0/libsrc/scugic_v4_2/src"

TRACE::2025-06-17.01:14:15::SCWMssOS::make -C ps7_cortexa9_0/libsrc/scugic_v4_2/src -s include  "SHELL=CMD" "COMPILER=arm-none-eabi-gcc" "ASSEMBLER=arm-none-eabi-as"
TRACE::2025-06-17.01:14:15::SCWMssOS:: "ARCHIVER=arm-none-eabi-ar" "COMPILER_FLAGS=  -O2 -c" "EXTRA_COMPILER_FLAGS=-mcpu=cortex-a9 -mfpu=vfpv3 -mfloat-abi=hard -nost
TRACE::2025-06-17.01:14:15::SCWMssOS::artfiles -g -Wall -Wextra"

TRACE::2025-06-17.01:14:15::SCWMssOS::"Running Make include in ps7_cortexa9_0/libsrc/scutimer_v2_2/src"

TRACE::2025-06-17.01:14:15::SCWMssOS::make -C ps7_cortexa9_0/libsrc/scutimer_v2_2/src -s include  "SHELL=CMD" "COMPILER=arm-none-eabi-gcc" "ASSEMBLER=arm-none-eabi-a
TRACE::2025-06-17.01:14:15::SCWMssOS::s" "ARCHIVER=arm-none-eabi-ar" "COMPILER_FLAGS=  -O2 -c" "EXTRA_COMPILER_FLAGS=-mcpu=cortex-a9 -mfpu=vfpv3 -mfloat-abi=hard -no
TRACE::2025-06-17.01:14:15::SCWMssOS::startfiles -g -Wall -Wextra"

TRACE::2025-06-17.01:14:15::SCWMssOS::"Running Make include in ps7_cortexa9_0/libsrc/scuwdt_v2_2/src"

TRACE::2025-06-17.01:14:15::SCWMssOS::make -C ps7_cortexa9_0/libsrc/scuwdt_v2_2/src -s include  "SHELL=CMD" "COMPILER=arm-none-eabi-gcc" "ASSEMBLER=arm-none-eabi-as"
TRACE::2025-06-17.01:14:15::SCWMssOS:: "ARCHIVER=arm-none-eabi-ar" "COMPILER_FLAGS=  -O2 -c" "EXTRA_COMPILER_FLAGS=-mcpu=cortex-a9 -mfpu=vfpv3 -mfloat-abi=hard -nost
TRACE::2025-06-17.01:14:15::SCWMssOS::artfiles -g -Wall -Wextra"

TRACE::2025-06-17.01:14:15::SCWMssOS::"Running Make include in ps7_cortexa9_0/libsrc/sdps_v3_9/src"

TRACE::2025-06-17.01:14:15::SCWMssOS::make -C ps7_cortexa9_0/libsrc/sdps_v3_9/src -s include  "SHELL=CMD" "COMPILER=arm-none-eabi-gcc" "ASSEMBLER=arm-none-eabi-as" "
TRACE::2025-06-17.01:14:15::SCWMssOS::ARCHIVER=arm-none-eabi-ar" "COMPILER_FLAGS=  -O2 -c" "EXTRA_COMPILER_FLAGS=-mcpu=cortex-a9 -mfpu=vfpv3 -mfloat-abi=hard -nostar
TRACE::2025-06-17.01:14:15::SCWMssOS::tfiles -g -Wall -Wextra"

TRACE::2025-06-17.01:14:15::SCWMssOS::"Running Make include in ps7_cortexa9_0/libsrc/standalone_v7_2/src"

TRACE::2025-06-17.01:14:15::SCWMssOS::make -C ps7_cortexa9_0/libsrc/standalone_v7_2/src -s include  "SHELL=CMD" "COMPILER=arm-none-eabi-gcc" "ASSEMBLER=arm-none-eabi
TRACE::2025-06-17.01:14:15::SCWMssOS::-as" "ARCHIVER=arm-none-eabi-ar" "COMPILER_FLAGS=  -O2 -c" "EXTRA_COMPILER_FLAGS=-mcpu=cortex-a9 -mfpu=vfpv3 -mfloat-abi=hard -
TRACE::2025-06-17.01:14:15::SCWMssOS::nostartfiles -g -Wall -Wextra"

TRACE::2025-06-17.01:14:16::SCWMssOS::"Running Make include in ps7_cortexa9_0/libsrc/tmrctr_v4_6/src"

TRACE::2025-06-17.01:14:16::SCWMssOS::make -C ps7_cortexa9_0/libsrc/tmrctr_v4_6/src -s include  "SHELL=CMD" "COMPILER=arm-none-eabi-gcc" "ASSEMBLER=arm-none-eabi-as"
TRACE::2025-06-17.01:14:16::SCWMssOS:: "ARCHIVER=arm-none-eabi-ar" "COMPILER_FLAGS=  -O2 -c" "EXTRA_COMPILER_FLAGS=-mcpu=cortex-a9 -mfpu=vfpv3 -mfloat-abi=hard -nost
TRACE::2025-06-17.01:14:16::SCWMssOS::artfiles -g -Wall -Wextra"

TRACE::2025-06-17.01:14:16::SCWMssOS::"Running Make include in ps7_cortexa9_0/libsrc/uartps_v3_9/src"

TRACE::2025-06-17.01:14:16::SCWMssOS::make -C ps7_cortexa9_0/libsrc/uartps_v3_9/src -s include  "SHELL=CMD" "COMPILER=arm-none-eabi-gcc" "ASSEMBLER=arm-none-eabi-as"
TRACE::2025-06-17.01:14:16::SCWMssOS:: "ARCHIVER=arm-none-eabi-ar" "COMPILER_FLAGS=  -O2 -c" "EXTRA_COMPILER_FLAGS=-mcpu=cortex-a9 -mfpu=vfpv3 -mfloat-abi=hard -nost
TRACE::2025-06-17.01:14:16::SCWMssOS::artfiles -g -Wall -Wextra"

TRACE::2025-06-17.01:14:16::SCWMssOS::"Running Make include in ps7_cortexa9_0/libsrc/usbps_v2_5/src"

TRACE::2025-06-17.01:14:16::SCWMssOS::make -C ps7_cortexa9_0/libsrc/usbps_v2_5/src -s include  "SHELL=CMD" "COMPILER=arm-none-eabi-gcc" "ASSEMBLER=arm-none-eabi-as" 
TRACE::2025-06-17.01:14:16::SCWMssOS::"ARCHIVER=arm-none-eabi-ar" "COMPILER_FLAGS=  -O2 -c" "EXTRA_COMPILER_FLAGS=-mcpu=cortex-a9 -mfpu=vfpv3 -mfloat-abi=hard -nosta
TRACE::2025-06-17.01:14:16::SCWMssOS::rtfiles -g -Wall -Wextra"

TRACE::2025-06-17.01:14:16::SCWMssOS::"Running Make include in ps7_cortexa9_0/libsrc/xadcps_v2_4/src"

TRACE::2025-06-17.01:14:16::SCWMssOS::make -C ps7_cortexa9_0/libsrc/xadcps_v2_4/src -s include  "SHELL=CMD" "COMPILER=arm-none-eabi-gcc" "ASSEMBLER=arm-none-eabi-as"
TRACE::2025-06-17.01:14:16::SCWMssOS:: "ARCHIVER=arm-none-eabi-ar" "COMPILER_FLAGS=  -O2 -c" "EXTRA_COMPILER_FLAGS=-mcpu=cortex-a9 -mfpu=vfpv3 -mfloat-abi=hard -nost
TRACE::2025-06-17.01:14:16::SCWMssOS::artfiles -g -Wall -Wextra"

TRACE::2025-06-17.01:14:16::SCWMssOS::"Running Make include in ps7_cortexa9_0/libsrc/xilffs_v4_3/src"

TRACE::2025-06-17.01:14:16::SCWMssOS::make -C ps7_cortexa9_0/libsrc/xilffs_v4_3/src -s include  "SHELL=CMD" "COMPILER=arm-none-eabi-gcc" "ASSEMBLER=arm-none-eabi-as"
TRACE::2025-06-17.01:14:16::SCWMssOS:: "ARCHIVER=arm-none-eabi-ar" "COMPILER_FLAGS=  -O2 -c" "EXTRA_COMPILER_FLAGS=-mcpu=cortex-a9 -mfpu=vfpv3 -mfloat-abi=hard -nost
TRACE::2025-06-17.01:14:16::SCWMssOS::artfiles -g -Wall -Wextra"

TRACE::2025-06-17.01:14:17::SCWMssOS::"Running Make libs in ps7_cortexa9_0/libsrc/coresightps_dcc_v1_7/src"

TRACE::2025-06-17.01:14:17::SCWMssOS::make -C ps7_cortexa9_0/libsrc/coresightps_dcc_v1_7/src -s libs  "SHELL=CMD" "COMPILER=arm-none-eabi-gcc" "ASSEMBLER=arm-none-ea
TRACE::2025-06-17.01:14:17::SCWMssOS::bi-as" "ARCHIVER=arm-none-eabi-ar" "COMPILER_FLAGS=  -O2 -c" "EXTRA_COMPILER_FLAGS=-mcpu=cortex-a9 -mfpu=vfpv3 -mfloat-abi=hard
TRACE::2025-06-17.01:14:17::SCWMssOS:: -nostartfiles -g -Wall -Wextra"

TRACE::2025-06-17.01:14:17::SCWMssOS::"Compiling coresightps_dcc"

TRACE::2025-06-17.01:14:17::SCWMssOS::"Running Make libs in ps7_cortexa9_0/libsrc/cpu_cortexa9_v2_9/src"

TRACE::2025-06-17.01:14:17::SCWMssOS::make -C ps7_cortexa9_0/libsrc/cpu_cortexa9_v2_9/src -s libs  "SHELL=CMD" "COMPILER=arm-none-eabi-gcc" "ASSEMBLER=arm-none-eabi-
TRACE::2025-06-17.01:14:17::SCWMssOS::as" "ARCHIVER=arm-none-eabi-ar" "COMPILER_FLAGS=  -O2 -c" "EXTRA_COMPILER_FLAGS=-mcpu=cortex-a9 -mfpu=vfpv3 -mfloat-abi=hard -n
TRACE::2025-06-17.01:14:17::SCWMssOS::ostartfiles -g -Wall -Wextra"

TRACE::2025-06-17.01:14:17::SCWMssOS::"Compiling cpu_cortexa9"

TRACE::2025-06-17.01:14:17::SCWMssOS::"Running Make libs in ps7_cortexa9_0/libsrc/ddrps_v1_1/src"

TRACE::2025-06-17.01:14:17::SCWMssOS::make -C ps7_cortexa9_0/libsrc/ddrps_v1_1/src -s libs  "SHELL=CMD" "COMPILER=arm-none-eabi-gcc" "ASSEMBLER=arm-none-eabi-as" "AR
TRACE::2025-06-17.01:14:17::SCWMssOS::CHIVER=arm-none-eabi-ar" "COMPILER_FLAGS=  -O2 -c" "EXTRA_COMPILER_FLAGS=-mcpu=cortex-a9 -mfpu=vfpv3 -mfloat-abi=hard -nostartf
TRACE::2025-06-17.01:14:17::SCWMssOS::iles -g -Wall -Wextra"

TRACE::2025-06-17.01:14:17::SCWMssOS::"Compiling ddrps"

TRACE::2025-06-17.01:14:17::SCWMssOS::"Running Make libs in ps7_cortexa9_0/libsrc/devcfg_v3_6/src"

TRACE::2025-06-17.01:14:17::SCWMssOS::make -C ps7_cortexa9_0/libsrc/devcfg_v3_6/src -s libs  "SHELL=CMD" "COMPILER=arm-none-eabi-gcc" "ASSEMBLER=arm-none-eabi-as" "A
TRACE::2025-06-17.01:14:17::SCWMssOS::RCHIVER=arm-none-eabi-ar" "COMPILER_FLAGS=  -O2 -c" "EXTRA_COMPILER_FLAGS=-mcpu=cortex-a9 -mfpu=vfpv3 -mfloat-abi=hard -nostart
TRACE::2025-06-17.01:14:17::SCWMssOS::files -g -Wall -Wextra"

TRACE::2025-06-17.01:14:17::SCWMssOS::"Compiling devcfg"

TRACE::2025-06-17.01:14:18::SCWMssOS::"Running Make libs in ps7_cortexa9_0/libsrc/dmaps_v2_6/src"

TRACE::2025-06-17.01:14:18::SCWMssOS::make -C ps7_cortexa9_0/libsrc/dmaps_v2_6/src -s libs  "SHELL=CMD" "COMPILER=arm-none-eabi-gcc" "ASSEMBLER=arm-none-eabi-as" "AR
TRACE::2025-06-17.01:14:18::SCWMssOS::CHIVER=arm-none-eabi-ar" "COMPILER_FLAGS=  -O2 -c" "EXTRA_COMPILER_FLAGS=-mcpu=cortex-a9 -mfpu=vfpv3 -mfloat-abi=hard -nostartf
TRACE::2025-06-17.01:14:18::SCWMssOS::iles -g -Wall -Wextra"

TRACE::2025-06-17.01:14:18::SCWMssOS::"Compiling dmaps"

TRACE::2025-06-17.01:14:18::SCWMssOS::"Running Make libs in ps7_cortexa9_0/libsrc/emacps_v3_11/src"

TRACE::2025-06-17.01:14:18::SCWMssOS::make -C ps7_cortexa9_0/libsrc/emacps_v3_11/src -s libs  "SHELL=CMD" "COMPILER=arm-none-eabi-gcc" "ASSEMBLER=arm-none-eabi-as" "
TRACE::2025-06-17.01:14:18::SCWMssOS::ARCHIVER=arm-none-eabi-ar" "COMPILER_FLAGS=  -O2 -c" "EXTRA_COMPILER_FLAGS=-mcpu=cortex-a9 -mfpu=vfpv3 -mfloat-abi=hard -nostar
TRACE::2025-06-17.01:14:18::SCWMssOS::tfiles -g -Wall -Wextra"

TRACE::2025-06-17.01:14:18::SCWMssOS::"Compiling emacps"

TRACE::2025-06-17.01:14:19::SCWMssOS::"Running Make libs in ps7_cortexa9_0/libsrc/gpiops_v3_7/src"

TRACE::2025-06-17.01:14:19::SCWMssOS::make -C ps7_cortexa9_0/libsrc/gpiops_v3_7/src -s libs  "SHELL=CMD" "COMPILER=arm-none-eabi-gcc" "ASSEMBLER=arm-none-eabi-as" "A
TRACE::2025-06-17.01:14:19::SCWMssOS::RCHIVER=arm-none-eabi-ar" "COMPILER_FLAGS=  -O2 -c" "EXTRA_COMPILER_FLAGS=-mcpu=cortex-a9 -mfpu=vfpv3 -mfloat-abi=hard -nostart
TRACE::2025-06-17.01:14:19::SCWMssOS::files -g -Wall -Wextra"

TRACE::2025-06-17.01:14:19::SCWMssOS::"Compiling gpiops"

TRACE::2025-06-17.01:14:20::SCWMssOS::"Running Make libs in ps7_cortexa9_0/libsrc/qspips_v3_7/src"

TRACE::2025-06-17.01:14:20::SCWMssOS::make -C ps7_cortexa9_0/libsrc/qspips_v3_7/src -s libs  "SHELL=CMD" "COMPILER=arm-none-eabi-gcc" "ASSEMBLER=arm-none-eabi-as" "A
TRACE::2025-06-17.01:14:20::SCWMssOS::RCHIVER=arm-none-eabi-ar" "COMPILER_FLAGS=  -O2 -c" "EXTRA_COMPILER_FLAGS=-mcpu=cortex-a9 -mfpu=vfpv3 -mfloat-abi=hard -nostart
TRACE::2025-06-17.01:14:20::SCWMssOS::files -g -Wall -Wextra"

TRACE::2025-06-17.01:14:20::SCWMssOS::"Compiling qspips"

TRACE::2025-06-17.01:14:21::SCWMssOS::"Running Make libs in ps7_cortexa9_0/libsrc/scugic_v4_2/src"

TRACE::2025-06-17.01:14:21::SCWMssOS::make -C ps7_cortexa9_0/libsrc/scugic_v4_2/src -s libs  "SHELL=CMD" "COMPILER=arm-none-eabi-gcc" "ASSEMBLER=arm-none-eabi-as" "A
TRACE::2025-06-17.01:14:21::SCWMssOS::RCHIVER=arm-none-eabi-ar" "COMPILER_FLAGS=  -O2 -c" "EXTRA_COMPILER_FLAGS=-mcpu=cortex-a9 -mfpu=vfpv3 -mfloat-abi=hard -nostart
TRACE::2025-06-17.01:14:21::SCWMssOS::files -g -Wall -Wextra"

TRACE::2025-06-17.01:14:21::SCWMssOS::"Compiling scugic"

TRACE::2025-06-17.01:14:22::SCWMssOS::"Running Make libs in ps7_cortexa9_0/libsrc/scutimer_v2_2/src"

TRACE::2025-06-17.01:14:22::SCWMssOS::make -C ps7_cortexa9_0/libsrc/scutimer_v2_2/src -s libs  "SHELL=CMD" "COMPILER=arm-none-eabi-gcc" "ASSEMBLER=arm-none-eabi-as" 
TRACE::2025-06-17.01:14:22::SCWMssOS::"ARCHIVER=arm-none-eabi-ar" "COMPILER_FLAGS=  -O2 -c" "EXTRA_COMPILER_FLAGS=-mcpu=cortex-a9 -mfpu=vfpv3 -mfloat-abi=hard -nosta
TRACE::2025-06-17.01:14:22::SCWMssOS::rtfiles -g -Wall -Wextra"

TRACE::2025-06-17.01:14:22::SCWMssOS::"Compiling scutimer"

TRACE::2025-06-17.01:14:22::SCWMssOS::"Running Make libs in ps7_cortexa9_0/libsrc/scuwdt_v2_2/src"

TRACE::2025-06-17.01:14:22::SCWMssOS::make -C ps7_cortexa9_0/libsrc/scuwdt_v2_2/src -s libs  "SHELL=CMD" "COMPILER=arm-none-eabi-gcc" "ASSEMBLER=arm-none-eabi-as" "A
TRACE::2025-06-17.01:14:22::SCWMssOS::RCHIVER=arm-none-eabi-ar" "COMPILER_FLAGS=  -O2 -c" "EXTRA_COMPILER_FLAGS=-mcpu=cortex-a9 -mfpu=vfpv3 -mfloat-abi=hard -nostart
TRACE::2025-06-17.01:14:22::SCWMssOS::files -g -Wall -Wextra"

TRACE::2025-06-17.01:14:22::SCWMssOS::"Compiling scuwdt"

TRACE::2025-06-17.01:14:23::SCWMssOS::"Running Make libs in ps7_cortexa9_0/libsrc/sdps_v3_9/src"

TRACE::2025-06-17.01:14:23::SCWMssOS::make -C ps7_cortexa9_0/libsrc/sdps_v3_9/src -s libs  "SHELL=CMD" "COMPILER=arm-none-eabi-gcc" "ASSEMBLER=arm-none-eabi-as" "ARC
TRACE::2025-06-17.01:14:23::SCWMssOS::HIVER=arm-none-eabi-ar" "COMPILER_FLAGS=  -O2 -c" "EXTRA_COMPILER_FLAGS=-mcpu=cortex-a9 -mfpu=vfpv3 -mfloat-abi=hard -nostartfi
TRACE::2025-06-17.01:14:23::SCWMssOS::les -g -Wall -Wextra"

TRACE::2025-06-17.01:14:23::SCWMssOS::"Compiling sdps"

TRACE::2025-06-17.01:14:24::SCWMssOS::"Running Make libs in ps7_cortexa9_0/libsrc/standalone_v7_2/src"

TRACE::2025-06-17.01:14:24::SCWMssOS::make -C ps7_cortexa9_0/libsrc/standalone_v7_2/src -s libs  "SHELL=CMD" "COMPILER=arm-none-eabi-gcc" "ASSEMBLER=arm-none-eabi-as
TRACE::2025-06-17.01:14:24::SCWMssOS::" "ARCHIVER=arm-none-eabi-ar" "COMPILER_FLAGS=  -O2 -c" "EXTRA_COMPILER_FLAGS=-mcpu=cortex-a9 -mfpu=vfpv3 -mfloat-abi=hard -nos
TRACE::2025-06-17.01:14:24::SCWMssOS::tartfiles -g -Wall -Wextra"

TRACE::2025-06-17.01:14:24::SCWMssOS::"Compiling standalone"

TRACE::2025-06-17.01:14:27::SCWMssOS::"Running Make libs in ps7_cortexa9_0/libsrc/tmrctr_v4_6/src"

TRACE::2025-06-17.01:14:27::SCWMssOS::make -C ps7_cortexa9_0/libsrc/tmrctr_v4_6/src -s libs  "SHELL=CMD" "COMPILER=arm-none-eabi-gcc" "ASSEMBLER=arm-none-eabi-as" "A
TRACE::2025-06-17.01:14:27::SCWMssOS::RCHIVER=arm-none-eabi-ar" "COMPILER_FLAGS=  -O2 -c" "EXTRA_COMPILER_FLAGS=-mcpu=cortex-a9 -mfpu=vfpv3 -mfloat-abi=hard -nostart
TRACE::2025-06-17.01:14:27::SCWMssOS::files -g -Wall -Wextra"

TRACE::2025-06-17.01:14:27::SCWMssOS::"Compiling tmrctr"

TRACE::2025-06-17.01:14:28::SCWMssOS::"Running Make libs in ps7_cortexa9_0/libsrc/uartps_v3_9/src"

TRACE::2025-06-17.01:14:28::SCWMssOS::make -C ps7_cortexa9_0/libsrc/uartps_v3_9/src -s libs  "SHELL=CMD" "COMPILER=arm-none-eabi-gcc" "ASSEMBLER=arm-none-eabi-as" "A
TRACE::2025-06-17.01:14:28::SCWMssOS::RCHIVER=arm-none-eabi-ar" "COMPILER_FLAGS=  -O2 -c" "EXTRA_COMPILER_FLAGS=-mcpu=cortex-a9 -mfpu=vfpv3 -mfloat-abi=hard -nostart
TRACE::2025-06-17.01:14:28::SCWMssOS::files -g -Wall -Wextra"

TRACE::2025-06-17.01:14:28::SCWMssOS::"Compiling uartps"

TRACE::2025-06-17.01:14:29::SCWMssOS::"Running Make libs in ps7_cortexa9_0/libsrc/usbps_v2_5/src"

TRACE::2025-06-17.01:14:29::SCWMssOS::make -C ps7_cortexa9_0/libsrc/usbps_v2_5/src -s libs  "SHELL=CMD" "COMPILER=arm-none-eabi-gcc" "ASSEMBLER=arm-none-eabi-as" "AR
TRACE::2025-06-17.01:14:29::SCWMssOS::CHIVER=arm-none-eabi-ar" "COMPILER_FLAGS=  -O2 -c" "EXTRA_COMPILER_FLAGS=-mcpu=cortex-a9 -mfpu=vfpv3 -mfloat-abi=hard -nostartf
TRACE::2025-06-17.01:14:29::SCWMssOS::iles -g -Wall -Wextra"

TRACE::2025-06-17.01:14:29::SCWMssOS::"Compiling usbps"

TRACE::2025-06-17.01:14:29::SCWMssOS::"Running Make libs in ps7_cortexa9_0/libsrc/xadcps_v2_4/src"

TRACE::2025-06-17.01:14:29::SCWMssOS::make -C ps7_cortexa9_0/libsrc/xadcps_v2_4/src -s libs  "SHELL=CMD" "COMPILER=arm-none-eabi-gcc" "ASSEMBLER=arm-none-eabi-as" "A
TRACE::2025-06-17.01:14:29::SCWMssOS::RCHIVER=arm-none-eabi-ar" "COMPILER_FLAGS=  -O2 -c" "EXTRA_COMPILER_FLAGS=-mcpu=cortex-a9 -mfpu=vfpv3 -mfloat-abi=hard -nostart
TRACE::2025-06-17.01:14:29::SCWMssOS::files -g -Wall -Wextra"

TRACE::2025-06-17.01:14:30::SCWMssOS::"Compiling xadcps"

TRACE::2025-06-17.01:14:30::SCWMssOS::"Running Make libs in ps7_cortexa9_0/libsrc/xilffs_v4_3/src"

TRACE::2025-06-17.01:14:30::SCWMssOS::make -C ps7_cortexa9_0/libsrc/xilffs_v4_3/src -s libs  "SHELL=CMD" "COMPILER=arm-none-eabi-gcc" "ASSEMBLER=arm-none-eabi-as" "A
TRACE::2025-06-17.01:14:30::SCWMssOS::RCHIVER=arm-none-eabi-ar" "COMPILER_FLAGS=  -O2 -c" "EXTRA_COMPILER_FLAGS=-mcpu=cortex-a9 -mfpu=vfpv3 -mfloat-abi=hard -nostart
TRACE::2025-06-17.01:14:30::SCWMssOS::files -g -Wall -Wextra"

TRACE::2025-06-17.01:14:30::SCWMssOS::"Compiling XilFFs Library"

TRACE::2025-06-17.01:14:31::SCWMssOS::'Finished building libraries'

TRACE::2025-06-17.01:14:31::SCWMssOS::Copying to export directory.
TRACE::2025-06-17.01:14:31::SCWMssOS:: Checking if to create the Supporting Applications
TRACE::2025-06-17.01:14:31::SCWMssOS:: No Linux domain exists, trying to generate FSBL 
LOG::2025-06-17.01:14:31::SCWSystem::Completed Processing the domain standalone_domain
LOG::2025-06-17.01:14:31::SCWSystem::Completed Processing the sysconfig music_player_v2_plt
LOG::2025-06-17.01:14:31::SCWPlatform::Completed generating the artifacts for system configuration music_player_v2_plt
TRACE::2025-06-17.01:14:31::SCWPlatform::Started preparing the platform 
TRACE::2025-06-17.01:14:31::SCWSystem::Writing the bif file for system config music_player_v2_plt
TRACE::2025-06-17.01:14:31::SCWSystem::dir created 
TRACE::2025-06-17.01:14:31::SCWSystem::Writing the bif 
TRACE::2025-06-17.01:14:31::SCWPlatform::Started writing the spfm file 
TRACE::2025-06-17.01:14:31::SCWPlatform::Started writing the xpfm file 
TRACE::2025-06-17.01:14:31::SCWPlatform::Completed generating the platform
TRACE::2025-06-17.01:14:31::SCWMssOS::Saving the mss changes D:/proyectosep2/IEE2463-SEP-Proyecto-2-Z8/music_player_v2/vitis/music_player_v2_plt/zynq_fsbl/zynq_fsbl_bsp/system.mss
TRACE::2025-06-17.01:14:31::SCWMssOS::Found a swdesign opened with the mssfile.
TRACE::2025-06-17.01:14:31::SCWMssOS::Completed writemss as part of save.
TRACE::2025-06-17.01:14:31::SCWMssOS::Commit changes completed.
TRACE::2025-06-17.01:14:31::SCWMssOS::Saving the mss changes D:/proyectosep2/IEE2463-SEP-Proyecto-2-Z8/music_player_v2/vitis/music_player_v2_plt/ps7_cortexa9_0/standalone_domain/bsp/system.mss
TRACE::2025-06-17.01:14:31::SCWMssOS::Found a swdesign opened with the mssfile.
TRACE::2025-06-17.01:14:31::SCWMssOS::Completed writemss as part of save.
TRACE::2025-06-17.01:14:31::SCWMssOS::Commit changes completed.
TRACE::2025-06-17.01:14:31::SCWPlatform::Trying to open the hw design at D:/proyectosep2/IEE2463-SEP-Proyecto-2-Z8/music_player_v2/vitis/music_player_v2_plt/hw/design_1_wrapper.xsa
TRACE::2025-06-17.01:14:31::SCWPlatform::DSA given D:/proyectosep2/IEE2463-SEP-Proyecto-2-Z8/music_player_v2/vitis/music_player_v2_plt/hw/design_1_wrapper.xsa
TRACE::2025-06-17.01:14:31::SCWPlatform::DSA absoulate path D:/proyectosep2/IEE2463-SEP-Proyecto-2-Z8/music_player_v2/vitis/music_player_v2_plt/hw/design_1_wrapper.xsa
TRACE::2025-06-17.01:14:31::SCWPlatform::DSA directory D:/proyectosep2/IEE2463-SEP-Proyecto-2-Z8/music_player_v2/vitis/music_player_v2_plt/hw
TRACE::2025-06-17.01:14:31::SCWPlatform:: Platform Path D:/proyectosep2/IEE2463-SEP-Proyecto-2-Z8/music_player_v2/vitis/music_player_v2_plt/hw/design_1_wrapper.xsa
TRACE::2025-06-17.01:14:31::SCWPlatform:: Unique name xilinx:zybo-z7-10::0.0
TRACE::2025-06-17.01:14:31::SCWPlatform::Trying to set the existing hwdb with name design_1_wrapper_1
TRACE::2025-06-17.01:14:31::SCWPlatform::Opened existing hwdb design_1_wrapper_1
TRACE::2025-06-17.01:14:31::SCWPlatform::Found the Hw Db part of the input DSA
TRACE::2025-06-17.01:14:31::SCWMssOS::Checking the sw design at  D:/proyectosep2/IEE2463-SEP-Proyecto-2-Z8/music_player_v2/vitis/music_player_v2_plt/zynq_fsbl/zynq_fsbl_bsp/system.mss
TRACE::2025-06-17.01:14:31::SCWMssOS::DEBUG:  swdes dump  D:/proyectosep2/IEE2463-SEP-Proyecto-2-Z8/music_player_v2/vitis/music_player_v2_plt/ps7_cortexa9_0/standalone_domain/bsp/system.mss|system||
D:/proyectosep2/IEE2463-SEP-Proyecto-2-Z8/music_player_v2/vitis/music_player_v2_plt/zynq_fsbl/zynq_fsbl_bsp/system.mss|system_0||

TRACE::2025-06-17.01:14:31::SCWMssOS::Sw design exists and opened at  D:/proyectosep2/IEE2463-SEP-Proyecto-2-Z8/music_player_v2/vitis/music_player_v2_plt/zynq_fsbl/zynq_fsbl_bsp/system.mss
TRACE::2025-06-17.01:14:31::SCWPlatform::Trying to open the hw design at D:/proyectosep2/IEE2463-SEP-Proyecto-2-Z8/music_player_v2/vitis/music_player_v2_plt/hw/design_1_wrapper.xsa
TRACE::2025-06-17.01:14:31::SCWPlatform::DSA given D:/proyectosep2/IEE2463-SEP-Proyecto-2-Z8/music_player_v2/vitis/music_player_v2_plt/hw/design_1_wrapper.xsa
TRACE::2025-06-17.01:14:31::SCWPlatform::DSA absoulate path D:/proyectosep2/IEE2463-SEP-Proyecto-2-Z8/music_player_v2/vitis/music_player_v2_plt/hw/design_1_wrapper.xsa
TRACE::2025-06-17.01:14:31::SCWPlatform::DSA directory D:/proyectosep2/IEE2463-SEP-Proyecto-2-Z8/music_player_v2/vitis/music_player_v2_plt/hw
TRACE::2025-06-17.01:14:31::SCWPlatform:: Platform Path D:/proyectosep2/IEE2463-SEP-Proyecto-2-Z8/music_player_v2/vitis/music_player_v2_plt/hw/design_1_wrapper.xsa
TRACE::2025-06-17.01:14:31::SCWPlatform:: Unique name xilinx:zybo-z7-10::0.0
TRACE::2025-06-17.01:14:31::SCWPlatform::Trying to set the existing hwdb with name design_1_wrapper_1
TRACE::2025-06-17.01:14:31::SCWPlatform::Opened existing hwdb design_1_wrapper_1
TRACE::2025-06-17.01:14:31::SCWPlatform::Found the Hw Db part of the input DSA
TRACE::2025-06-17.01:14:31::SCWMssOS::Checking the sw design at  D:/proyectosep2/IEE2463-SEP-Proyecto-2-Z8/music_player_v2/vitis/music_player_v2_plt/ps7_cortexa9_0/standalone_domain/bsp/system.mss
TRACE::2025-06-17.01:14:31::SCWMssOS::DEBUG:  swdes dump  D:/proyectosep2/IEE2463-SEP-Proyecto-2-Z8/music_player_v2/vitis/music_player_v2_plt/ps7_cortexa9_0/standalone_domain/bsp/system.mss|system||
D:/proyectosep2/IEE2463-SEP-Proyecto-2-Z8/music_player_v2/vitis/music_player_v2_plt/zynq_fsbl/zynq_fsbl_bsp/system.mss|system_0||

TRACE::2025-06-17.01:14:31::SCWMssOS::Sw design exists and opened at  D:/proyectosep2/IEE2463-SEP-Proyecto-2-Z8/music_player_v2/vitis/music_player_v2_plt/ps7_cortexa9_0/standalone_domain/bsp/system.mss
TRACE::2025-06-17.01:14:31::SCWWriter::formatted JSON is {
	"platformName":	"music_player_v2_plt",
	"sprVersion":	"2.0",
	"mode":	"gui",
	"dsaType":	"Fixed",
	"platformDesc":	"music_player_v2_plt",
	"platHandOff":	"D:/proyectosep2/IEE2463-SEP-Proyecto-2-Z8/music_player_v2/project_1/design_1_wrapper.xsa",
	"platIntHandOff":	"<platformDir>/hw/design_1_wrapper.xsa",
	"deviceType":	"zynq",
	"platIsPrebuiltAutogen":	"false",
	"platIsNoBootBsp":	"false",
	"hasFsblMakeHasChanges":	"false",
	"hasPmufwMakeHasChanges":	"false",
	"fsblExtraCompilerFlags":	"-MMD -MP       -mcpu=cortex-a9 -mfpu=vfpv3 -mfloat-abi=hard ",
	"platPreBuiltFlag":	false,
	"platformSamplesDir":	"",
	"platActiveSys":	"music_player_v2_plt",
	"systems":	[{
			"systemName":	"music_player_v2_plt",
			"systemDesc":	"music_player_v2_plt",
			"sysIsBootAutoGen":	"true",
			"systemDispName":	"music_player_v2_plt",
			"sysActiveDom":	"standalone_domain",
			"sysDefaultDom":	"standalone_domain",
			"domains":	[{
					"domainName":	"zynq_fsbl",
					"domainDispName":	"zynq_fsbl",
					"domainDesc":	"FSBL Application BSP - Auto Generated.",
					"processors":	"ps7_cortexa9_0",
					"os":	"standalone",
					"sdxOs":	"standalone",
					"debugEnable":	"",
					"domRuntimes":	["cpp"],
					"swRepo":	"",
					"mssOsVer":	"7.2",
					"mssFile":	"",
					"md5Digest":	"2cc1a00be57fefc4b5f8d35f1cb57176",
					"compatibleApp":	"zynq_fsbl",
					"domType":	"bootDomain",
					"appSettings":	{
						"appCompilerFlags":	"",
						"appLinkerFlags":	""
					},
					"addedLibs":	["xilffs:4.3", "xilrsa:1.6"],
					"libOptions":	{
						"libsContainingOptions":	[]
					},
					"prebuiltLibs":	{
						"prebuiltIncPath":	[],
						"prebuiltLibPath":	[]
					},
					"isolation":	{
					}
				}, {
					"domainName":	"standalone_domain",
					"domainDispName":	"standalone on ps7_cortexa9_0",
					"domainDesc":	"standalone_domain",
					"processors":	"ps7_cortexa9_0",
					"os":	"standalone",
					"sdxOs":	"standalone",
					"qemuArgs":	"D:/Xilinx/Vitis/2020.1/data/emulation/platforms/zynq/qemu/qemu_args.txt",
					"qemuData":	"D:/Xilinx/Vitis/2020.1/data/emulation/platforms/zynq/qemu/",
					"debugEnable":	"False",
					"domRuntimes":	["cpp"],
					"swRepo":	"",
					"mssOsVer":	"7.2",
					"mssFile":	"",
					"md5Digest":	"03761192269a54e78b8edaa0d32eccfb",
					"compatibleApp":	"",
					"domType":	"mssDomain",
					"appSettings":	{
						"appCompilerFlags":	"",
						"appLinkerFlags":	""
					},
					"addedLibs":	["xilffs:4.3"],
					"libOptions":	{
						"libsContainingOptions":	[]
					},
					"prebuiltLibs":	{
						"prebuiltIncPath":	[],
						"prebuiltLibPath":	[]
					},
					"isolation":	{
					}
				}]
		}]
}
KEYINFO::2025-06-17.01:14:31::SCWPlatform::updated the xpfm file.
TRACE::2025-06-17.01:14:31::SCWPlatform::Trying to open the hw design at D:/proyectosep2/IEE2463-SEP-Proyecto-2-Z8/music_player_v2/vitis/music_player_v2_plt/hw/design_1_wrapper.xsa
TRACE::2025-06-17.01:14:31::SCWPlatform::DSA given D:/proyectosep2/IEE2463-SEP-Proyecto-2-Z8/music_player_v2/vitis/music_player_v2_plt/hw/design_1_wrapper.xsa
TRACE::2025-06-17.01:14:31::SCWPlatform::DSA absoulate path D:/proyectosep2/IEE2463-SEP-Proyecto-2-Z8/music_player_v2/vitis/music_player_v2_plt/hw/design_1_wrapper.xsa
TRACE::2025-06-17.01:14:31::SCWPlatform::DSA directory D:/proyectosep2/IEE2463-SEP-Proyecto-2-Z8/music_player_v2/vitis/music_player_v2_plt/hw
TRACE::2025-06-17.01:14:31::SCWPlatform:: Platform Path D:/proyectosep2/IEE2463-SEP-Proyecto-2-Z8/music_player_v2/vitis/music_player_v2_plt/hw/design_1_wrapper.xsa
TRACE::2025-06-17.01:14:31::SCWPlatform:: Unique name xilinx:zybo-z7-10::0.0
TRACE::2025-06-17.01:14:31::SCWPlatform::Trying to set the existing hwdb with name design_1_wrapper_1
TRACE::2025-06-17.01:14:31::SCWPlatform::Opened existing hwdb design_1_wrapper_1
TRACE::2025-06-17.01:14:31::SCWPlatform::Found the Hw Db part of the input DSA
TRACE::2025-06-17.01:14:31::SCWMssOS::Checking the sw design at  D:/proyectosep2/IEE2463-SEP-Proyecto-2-Z8/music_player_v2/vitis/music_player_v2_plt/ps7_cortexa9_0/standalone_domain/bsp/system.mss
TRACE::2025-06-17.01:14:31::SCWMssOS::DEBUG:  swdes dump  D:/proyectosep2/IEE2463-SEP-Proyecto-2-Z8/music_player_v2/vitis/music_player_v2_plt/ps7_cortexa9_0/standalone_domain/bsp/system.mss|system||
D:/proyectosep2/IEE2463-SEP-Proyecto-2-Z8/music_player_v2/vitis/music_player_v2_plt/zynq_fsbl/zynq_fsbl_bsp/system.mss|system_0||

TRACE::2025-06-17.01:14:31::SCWMssOS::Sw design exists and opened at  D:/proyectosep2/IEE2463-SEP-Proyecto-2-Z8/music_player_v2/vitis/music_player_v2_plt/ps7_cortexa9_0/standalone_domain/bsp/system.mss
