TRACE::2025-06-06.21:39:35::SCWPlatform::Trying to open the hw design at D:/proyectosep2/IEE2463-SEP-Proyecto-2-Z8/input_reader/vitis/input_reader_plt/hw/DEMO_wrapper.xsa
TRACE::2025-06-06.21:39:35::SCWPlatform::DSA given D:/proyectosep2/IEE2463-SEP-Proyecto-2-Z8/input_reader/vitis/input_reader_plt/hw/DEMO_wrapper.xsa
TRACE::2025-06-06.21:39:35::SCWPlatform::DSA absoulate path D:/proyectosep2/IEE2463-SEP-Proyecto-2-Z8/input_reader/vitis/input_reader_plt/hw/DEMO_wrapper.xsa
TRACE::2025-06-06.21:39:37::SCWPlatform::DSA directory D:/proyectosep2/IEE2463-SEP-Proyecto-2-Z8/input_reader/vitis/input_reader_plt/hw
TRACE::2025-06-06.21:39:37::SCWPlatform:: Platform Path D:/proyectosep2/IEE2463-SEP-Proyecto-2-Z8/input_reader/vitis/input_reader_plt/hw/DEMO_wrapper.xsa
TRACE::2025-06-06.21:39:37::SCWPlatform:: Unique name xilinx:zybo-z7-10::0.0
TRACE::2025-06-06.21:39:37::SCWPlatform::Do not have an existing db opened. 
TRACE::2025-06-06.21:39:39::SCWPlatform::Opened new HwDB with name DEMO_wrapper_0
TRACE::2025-06-06.21:39:39::SCWWriter::formatted JSON is {
	"platformName":	"input_reader_plt",
	"sprVersion":	"2.0",
	"mode":	"gui",
	"dsaType":	"Fixed",
	"platformDesc":	"input_reader_plt",
	"platHandOff":	"D:/proyectosep2/IEE2463-SEP-Proyecto-2-Z8/input_reader/vivado/DEMO_wrapper.xsa",
	"platIntHandOff":	"<platformDir>/hw/DEMO_wrapper.xsa",
	"deviceType":	"zynq",
	"platIsPrebuiltAutogen":	"false",
	"platIsNoBootBsp":	"false",
	"hasFsblMakeHasChanges":	"false",
	"hasPmufwMakeHasChanges":	"false",
	"platPreBuiltFlag":	false,
	"platformSamplesDir":	""
}
TRACE::2025-06-06.21:39:39::SCWWriter::formatted JSON is {
	"platformName":	"input_reader_plt",
	"sprVersion":	"2.0",
	"mode":	"gui",
	"dsaType":	"Fixed",
	"platformDesc":	"input_reader_plt",
	"platHandOff":	"D:/proyectosep2/IEE2463-SEP-Proyecto-2-Z8/input_reader/vivado/DEMO_wrapper.xsa",
	"platIntHandOff":	"<platformDir>/hw/DEMO_wrapper.xsa",
	"deviceType":	"zynq",
	"platIsPrebuiltAutogen":	"false",
	"platIsNoBootBsp":	"false",
	"hasFsblMakeHasChanges":	"false",
	"hasPmufwMakeHasChanges":	"false",
	"platPreBuiltFlag":	false,
	"platformSamplesDir":	"",
	"platActiveSys":	"input_reader_plt",
	"systems":	[{
			"systemName":	"input_reader_plt",
			"systemDesc":	"input_reader_plt",
			"sysIsBootAutoGen":	"true",
			"systemDispName":	"input_reader_plt"
		}]
}
TRACE::2025-06-06.21:39:39::SCWPlatform::Boot application domains not present, creating them
TRACE::2025-06-06.21:39:39::SCWDomain::checking for install qemu data   : 
TRACE::2025-06-06.21:39:39::SCWDomain:: Using the QEMU Data from install at  : D:/Xilinx/Vitis/2020.1/data/emulation/platforms/zynq/qemu/
TRACE::2025-06-06.21:39:39::SCWDomain:: Using the QEMU args  from install at  : D:/Xilinx/Vitis/2020.1/data/emulation/platforms/zynq/qemu/qemu_args.txt
TRACE::2025-06-06.21:39:39::SCWPlatform::Trying to open the hw design at D:/proyectosep2/IEE2463-SEP-Proyecto-2-Z8/input_reader/vitis/input_reader_plt/hw/DEMO_wrapper.xsa
TRACE::2025-06-06.21:39:39::SCWPlatform::DSA given D:/proyectosep2/IEE2463-SEP-Proyecto-2-Z8/input_reader/vitis/input_reader_plt/hw/DEMO_wrapper.xsa
TRACE::2025-06-06.21:39:39::SCWPlatform::DSA absoulate path D:/proyectosep2/IEE2463-SEP-Proyecto-2-Z8/input_reader/vitis/input_reader_plt/hw/DEMO_wrapper.xsa
TRACE::2025-06-06.21:39:39::SCWPlatform::DSA directory D:/proyectosep2/IEE2463-SEP-Proyecto-2-Z8/input_reader/vitis/input_reader_plt/hw
TRACE::2025-06-06.21:39:39::SCWPlatform:: Platform Path D:/proyectosep2/IEE2463-SEP-Proyecto-2-Z8/input_reader/vitis/input_reader_plt/hw/DEMO_wrapper.xsa
TRACE::2025-06-06.21:39:39::SCWPlatform:: Unique name xilinx:zybo-z7-10::0.0
TRACE::2025-06-06.21:39:39::SCWPlatform::Trying to set the existing hwdb with name DEMO_wrapper_0
TRACE::2025-06-06.21:39:39::SCWPlatform::Opened existing hwdb DEMO_wrapper_0
TRACE::2025-06-06.21:39:39::SCWPlatform::Found the Hw Db part of the input DSA
TRACE::2025-06-06.21:39:39::SCWPlatform::Trying to open the hw design at D:/proyectosep2/IEE2463-SEP-Proyecto-2-Z8/input_reader/vitis/input_reader_plt/hw/DEMO_wrapper.xsa
TRACE::2025-06-06.21:39:39::SCWPlatform::DSA given D:/proyectosep2/IEE2463-SEP-Proyecto-2-Z8/input_reader/vitis/input_reader_plt/hw/DEMO_wrapper.xsa
TRACE::2025-06-06.21:39:39::SCWPlatform::DSA absoulate path D:/proyectosep2/IEE2463-SEP-Proyecto-2-Z8/input_reader/vitis/input_reader_plt/hw/DEMO_wrapper.xsa
TRACE::2025-06-06.21:39:39::SCWPlatform::DSA directory D:/proyectosep2/IEE2463-SEP-Proyecto-2-Z8/input_reader/vitis/input_reader_plt/hw
TRACE::2025-06-06.21:39:39::SCWPlatform:: Platform Path D:/proyectosep2/IEE2463-SEP-Proyecto-2-Z8/input_reader/vitis/input_reader_plt/hw/DEMO_wrapper.xsa
TRACE::2025-06-06.21:39:39::SCWPlatform:: Unique name xilinx:zybo-z7-10::0.0
TRACE::2025-06-06.21:39:39::SCWPlatform::Trying to set the existing hwdb with name DEMO_wrapper_0
TRACE::2025-06-06.21:39:39::SCWPlatform::Opened existing hwdb DEMO_wrapper_0
TRACE::2025-06-06.21:39:39::SCWPlatform::Found the Hw Db part of the input DSA
TRACE::2025-06-06.21:39:39::SCWPlatform::Trying to open the hw design at D:/proyectosep2/IEE2463-SEP-Proyecto-2-Z8/input_reader/vitis/input_reader_plt/hw/DEMO_wrapper.xsa
TRACE::2025-06-06.21:39:39::SCWPlatform::DSA given D:/proyectosep2/IEE2463-SEP-Proyecto-2-Z8/input_reader/vitis/input_reader_plt/hw/DEMO_wrapper.xsa
TRACE::2025-06-06.21:39:39::SCWPlatform::DSA absoulate path D:/proyectosep2/IEE2463-SEP-Proyecto-2-Z8/input_reader/vitis/input_reader_plt/hw/DEMO_wrapper.xsa
TRACE::2025-06-06.21:39:39::SCWPlatform::DSA directory D:/proyectosep2/IEE2463-SEP-Proyecto-2-Z8/input_reader/vitis/input_reader_plt/hw
TRACE::2025-06-06.21:39:39::SCWPlatform:: Platform Path D:/proyectosep2/IEE2463-SEP-Proyecto-2-Z8/input_reader/vitis/input_reader_plt/hw/DEMO_wrapper.xsa
TRACE::2025-06-06.21:39:39::SCWPlatform:: Unique name xilinx:zybo-z7-10::0.0
TRACE::2025-06-06.21:39:39::SCWPlatform::Trying to set the existing hwdb with name DEMO_wrapper_0
TRACE::2025-06-06.21:39:39::SCWPlatform::Opened existing hwdb DEMO_wrapper_0
TRACE::2025-06-06.21:39:39::SCWPlatform::Found the Hw Db part of the input DSA
TRACE::2025-06-06.21:39:39::SCWPlatform::Boot application domain added for zynq_fsbl
TRACE::2025-06-06.21:39:39::SCWPlatform::Generating the sources  .
TRACE::2025-06-06.21:39:39::SCWBDomain::Generating boot domain sources.
TRACE::2025-06-06.21:39:39::SCWBDomain:: Generating the zynq_fsbl Application.
TRACE::2025-06-06.21:39:39::SCWPlatform::Trying to open the hw design at D:/proyectosep2/IEE2463-SEP-Proyecto-2-Z8/input_reader/vitis/input_reader_plt/hw/DEMO_wrapper.xsa
TRACE::2025-06-06.21:39:39::SCWPlatform::DSA given D:/proyectosep2/IEE2463-SEP-Proyecto-2-Z8/input_reader/vitis/input_reader_plt/hw/DEMO_wrapper.xsa
TRACE::2025-06-06.21:39:39::SCWPlatform::DSA absoulate path D:/proyectosep2/IEE2463-SEP-Proyecto-2-Z8/input_reader/vitis/input_reader_plt/hw/DEMO_wrapper.xsa
TRACE::2025-06-06.21:39:39::SCWPlatform::DSA directory D:/proyectosep2/IEE2463-SEP-Proyecto-2-Z8/input_reader/vitis/input_reader_plt/hw
TRACE::2025-06-06.21:39:39::SCWPlatform:: Platform Path D:/proyectosep2/IEE2463-SEP-Proyecto-2-Z8/input_reader/vitis/input_reader_plt/hw/DEMO_wrapper.xsa
TRACE::2025-06-06.21:39:39::SCWPlatform:: Unique name xilinx:zybo-z7-10::0.0
TRACE::2025-06-06.21:39:39::SCWPlatform::Trying to set the existing hwdb with name DEMO_wrapper_0
TRACE::2025-06-06.21:39:39::SCWPlatform::Opened existing hwdb DEMO_wrapper_0
TRACE::2025-06-06.21:39:39::SCWPlatform::Found the Hw Db part of the input DSA
TRACE::2025-06-06.21:39:39::SCWMssOS::Checking the sw design at  D:/proyectosep2/IEE2463-SEP-Proyecto-2-Z8/input_reader/vitis/input_reader_plt/zynq_fsbl/zynq_fsbl_bsp/system.mss
TRACE::2025-06-06.21:39:39::SCWMssOS::DEBUG:  swdes dump  
TRACE::2025-06-06.21:39:39::SCWMssOS::No sw design opened at  D:/proyectosep2/IEE2463-SEP-Proyecto-2-Z8/input_reader/vitis/input_reader_plt/zynq_fsbl/zynq_fsbl_bsp/system.mss
TRACE::2025-06-06.21:39:39::SCWMssOS::mss does not exists at D:/proyectosep2/IEE2463-SEP-Proyecto-2-Z8/input_reader/vitis/input_reader_plt/zynq_fsbl/zynq_fsbl_bsp/system.mss
TRACE::2025-06-06.21:39:39::SCWMssOS::Creating sw design at  D:/proyectosep2/IEE2463-SEP-Proyecto-2-Z8/input_reader/vitis/input_reader_plt/zynq_fsbl/zynq_fsbl_bsp/system.mss
TRACE::2025-06-06.21:39:39::SCWMssOS::Adding the swdes entry, created swdb D:/proyectosep2/IEE2463-SEP-Proyecto-2-Z8/input_reader/vitis/input_reader_plt/zynq_fsbl/zynq_fsbl_bsp/system.mss with des name D:/proyectosep2/IEE2463-SEP-Proyecto-2-Z8/input_reader/vitis/input_reader_plt/zynq_fsbl/zynq_fsbl_bsp/system.mss
TRACE::2025-06-06.21:39:39::SCWMssOS::updating the scw layer changes to swdes at   D:/proyectosep2/IEE2463-SEP-Proyecto-2-Z8/input_reader/vitis/input_reader_plt/zynq_fsbl/zynq_fsbl_bsp/system.mss
TRACE::2025-06-06.21:39:39::SCWMssOS::Writing mss at D:/proyectosep2/IEE2463-SEP-Proyecto-2-Z8/input_reader/vitis/input_reader_plt/zynq_fsbl/zynq_fsbl_bsp/system.mss
TRACE::2025-06-06.21:39:39::SCWMssOS::Completed writing the mss file at D:/proyectosep2/IEE2463-SEP-Proyecto-2-Z8/input_reader/vitis/input_reader_plt/zynq_fsbl/zynq_fsbl_bsp
TRACE::2025-06-06.21:39:39::SCWMssOS::Picking up changes from newly written mss file into SCW Layer. 
TRACE::2025-06-06.21:39:39::SCWMssOS::Updated the changes from newly written mss file into SCW Layer. 
TRACE::2025-06-06.21:39:39::SCWBDomain::Completed writing the mss file at D:/proyectosep2/IEE2463-SEP-Proyecto-2-Z8/input_reader/vitis/input_reader_plt/zynq_fsbl/zynq_fsbl_bsp
TRACE::2025-06-06.21:40:03::SCWPlatform::Generating sources Done.
TRACE::2025-06-06.21:40:03::SCWPlatform::Trying to open the hw design at D:/proyectosep2/IEE2463-SEP-Proyecto-2-Z8/input_reader/vitis/input_reader_plt/hw/DEMO_wrapper.xsa
TRACE::2025-06-06.21:40:03::SCWPlatform::DSA given D:/proyectosep2/IEE2463-SEP-Proyecto-2-Z8/input_reader/vitis/input_reader_plt/hw/DEMO_wrapper.xsa
TRACE::2025-06-06.21:40:03::SCWPlatform::DSA absoulate path D:/proyectosep2/IEE2463-SEP-Proyecto-2-Z8/input_reader/vitis/input_reader_plt/hw/DEMO_wrapper.xsa
TRACE::2025-06-06.21:40:03::SCWPlatform::DSA directory D:/proyectosep2/IEE2463-SEP-Proyecto-2-Z8/input_reader/vitis/input_reader_plt/hw
TRACE::2025-06-06.21:40:03::SCWPlatform:: Platform Path D:/proyectosep2/IEE2463-SEP-Proyecto-2-Z8/input_reader/vitis/input_reader_plt/hw/DEMO_wrapper.xsa
TRACE::2025-06-06.21:40:03::SCWPlatform:: Unique name xilinx:zybo-z7-10::0.0
TRACE::2025-06-06.21:40:03::SCWPlatform::Trying to set the existing hwdb with name DEMO_wrapper_0
TRACE::2025-06-06.21:40:03::SCWPlatform::Opened existing hwdb DEMO_wrapper_0
TRACE::2025-06-06.21:40:03::SCWPlatform::Found the Hw Db part of the input DSA
TRACE::2025-06-06.21:40:03::SCWMssOS::Checking the sw design at  D:/proyectosep2/IEE2463-SEP-Proyecto-2-Z8/input_reader/vitis/input_reader_plt/zynq_fsbl/zynq_fsbl_bsp/system.mss
TRACE::2025-06-06.21:40:03::SCWMssOS::DEBUG:  swdes dump  D:/proyectosep2/IEE2463-SEP-Proyecto-2-Z8/input_reader/vitis/input_reader_plt/zynq_fsbl/zynq_fsbl_bsp/system.mss|D:/proyectosep2/IEE2463-SEP-Proyecto-2-Z8/input_reader/vitis/input_reader_plt/zynq_fsbl/zynq_fsbl_bsp/system.mss||

KEYINFO::2025-06-06.21:40:03::SCWMssOS::Could not open the swdb for D:/proyectosep2/IEE2463-SEP-Proyecto-2-Z8/input_reader/vitis/input_reader_plt/zynq_fsbl/zynq_fsbl_bsp/system.mss
KEYINFO::2025-06-06.21:40:03::SCWMssOS::Could not open the sw design at  D:/proyectosep2/IEE2463-SEP-Proyecto-2-Z8/input_reader/vitis/input_reader_plt/zynq_fsbl/zynq_fsbl_bsp/system.mss
ERROR: [Hsi 55-1558] Software Design D:/proyectosep2/IEE2463-SEP-Proyecto-2-Z8/input_reader/vitis/input_reader_plt/zynq_fsbl/zynq_fsbl_bsp/system.mss is not found

TRACE::2025-06-06.21:40:03::SCWMssOS::Cleared the swdb table entry
TRACE::2025-06-06.21:40:03::SCWMssOS::No sw design opened at  D:/proyectosep2/IEE2463-SEP-Proyecto-2-Z8/input_reader/vitis/input_reader_plt/zynq_fsbl/zynq_fsbl_bsp/system.mss
TRACE::2025-06-06.21:40:03::SCWMssOS::mss exists loading the mss file  D:/proyectosep2/IEE2463-SEP-Proyecto-2-Z8/input_reader/vitis/input_reader_plt/zynq_fsbl/zynq_fsbl_bsp/system.mss
TRACE::2025-06-06.21:40:03::SCWMssOS::Opened the sw design from mss  D:/proyectosep2/IEE2463-SEP-Proyecto-2-Z8/input_reader/vitis/input_reader_plt/zynq_fsbl/zynq_fsbl_bsp/system.mss
TRACE::2025-06-06.21:40:03::SCWMssOS::Adding the swdes entry D:/proyectosep2/IEE2463-SEP-Proyecto-2-Z8/input_reader/vitis/input_reader_plt/zynq_fsbl/zynq_fsbl_bsp/system.mss with des name system
TRACE::2025-06-06.21:40:03::SCWMssOS::updating the scw layer about changes
TRACE::2025-06-06.21:40:03::SCWMssOS::Opened the sw design.  D:/proyectosep2/IEE2463-SEP-Proyecto-2-Z8/input_reader/vitis/input_reader_plt/zynq_fsbl/zynq_fsbl_bsp/system.mss
TRACE::2025-06-06.21:40:03::SCWMssOS::Saving the mss changes D:/proyectosep2/IEE2463-SEP-Proyecto-2-Z8/input_reader/vitis/input_reader_plt/zynq_fsbl/zynq_fsbl_bsp/system.mss
TRACE::2025-06-06.21:40:03::SCWMssOS::Found a swdesign opened with the mssfile.
TRACE::2025-06-06.21:40:03::SCWMssOS::Completed writemss as part of save.
TRACE::2025-06-06.21:40:03::SCWMssOS::Commit changes completed.
TRACE::2025-06-06.21:40:03::SCWPlatform::Trying to open the hw design at D:/proyectosep2/IEE2463-SEP-Proyecto-2-Z8/input_reader/vitis/input_reader_plt/hw/DEMO_wrapper.xsa
TRACE::2025-06-06.21:40:03::SCWPlatform::DSA given D:/proyectosep2/IEE2463-SEP-Proyecto-2-Z8/input_reader/vitis/input_reader_plt/hw/DEMO_wrapper.xsa
TRACE::2025-06-06.21:40:03::SCWPlatform::DSA absoulate path D:/proyectosep2/IEE2463-SEP-Proyecto-2-Z8/input_reader/vitis/input_reader_plt/hw/DEMO_wrapper.xsa
TRACE::2025-06-06.21:40:03::SCWPlatform::DSA directory D:/proyectosep2/IEE2463-SEP-Proyecto-2-Z8/input_reader/vitis/input_reader_plt/hw
TRACE::2025-06-06.21:40:03::SCWPlatform:: Platform Path D:/proyectosep2/IEE2463-SEP-Proyecto-2-Z8/input_reader/vitis/input_reader_plt/hw/DEMO_wrapper.xsa
TRACE::2025-06-06.21:40:03::SCWPlatform:: Unique name xilinx:zybo-z7-10::0.0
TRACE::2025-06-06.21:40:03::SCWPlatform::Trying to set the existing hwdb with name DEMO_wrapper_0
TRACE::2025-06-06.21:40:03::SCWPlatform::Opened existing hwdb DEMO_wrapper_0
TRACE::2025-06-06.21:40:03::SCWPlatform::Found the Hw Db part of the input DSA
TRACE::2025-06-06.21:40:03::SCWMssOS::Checking the sw design at  D:/proyectosep2/IEE2463-SEP-Proyecto-2-Z8/input_reader/vitis/input_reader_plt/zynq_fsbl/zynq_fsbl_bsp/system.mss
TRACE::2025-06-06.21:40:03::SCWMssOS::DEBUG:  swdes dump  D:/proyectosep2/IEE2463-SEP-Proyecto-2-Z8/input_reader/vitis/input_reader_plt/zynq_fsbl/zynq_fsbl_bsp/system.mss|system||

TRACE::2025-06-06.21:40:03::SCWMssOS::Sw design exists and opened at  D:/proyectosep2/IEE2463-SEP-Proyecto-2-Z8/input_reader/vitis/input_reader_plt/zynq_fsbl/zynq_fsbl_bsp/system.mss
TRACE::2025-06-06.21:40:03::SCWPlatform::Trying to open the hw design at D:/proyectosep2/IEE2463-SEP-Proyecto-2-Z8/input_reader/vitis/input_reader_plt/hw/DEMO_wrapper.xsa
TRACE::2025-06-06.21:40:03::SCWPlatform::DSA given D:/proyectosep2/IEE2463-SEP-Proyecto-2-Z8/input_reader/vitis/input_reader_plt/hw/DEMO_wrapper.xsa
TRACE::2025-06-06.21:40:03::SCWPlatform::DSA absoulate path D:/proyectosep2/IEE2463-SEP-Proyecto-2-Z8/input_reader/vitis/input_reader_plt/hw/DEMO_wrapper.xsa
TRACE::2025-06-06.21:40:03::SCWPlatform::DSA directory D:/proyectosep2/IEE2463-SEP-Proyecto-2-Z8/input_reader/vitis/input_reader_plt/hw
TRACE::2025-06-06.21:40:03::SCWPlatform:: Platform Path D:/proyectosep2/IEE2463-SEP-Proyecto-2-Z8/input_reader/vitis/input_reader_plt/hw/DEMO_wrapper.xsa
TRACE::2025-06-06.21:40:03::SCWPlatform:: Unique name xilinx:zybo-z7-10::0.0
TRACE::2025-06-06.21:40:03::SCWPlatform::Trying to set the existing hwdb with name DEMO_wrapper_0
TRACE::2025-06-06.21:40:03::SCWPlatform::Opened existing hwdb DEMO_wrapper_0
TRACE::2025-06-06.21:40:03::SCWPlatform::Found the Hw Db part of the input DSA
TRACE::2025-06-06.21:40:03::SCWMssOS::Checking the sw design at  D:/proyectosep2/IEE2463-SEP-Proyecto-2-Z8/input_reader/vitis/input_reader_plt/zynq_fsbl/zynq_fsbl_bsp/system.mss
TRACE::2025-06-06.21:40:03::SCWMssOS::DEBUG:  swdes dump  D:/proyectosep2/IEE2463-SEP-Proyecto-2-Z8/input_reader/vitis/input_reader_plt/zynq_fsbl/zynq_fsbl_bsp/system.mss|system||

TRACE::2025-06-06.21:40:03::SCWMssOS::Sw design exists and opened at  D:/proyectosep2/IEE2463-SEP-Proyecto-2-Z8/input_reader/vitis/input_reader_plt/zynq_fsbl/zynq_fsbl_bsp/system.mss
TRACE::2025-06-06.21:40:03::SCWPlatform::Trying to open the hw design at D:/proyectosep2/IEE2463-SEP-Proyecto-2-Z8/input_reader/vitis/input_reader_plt/hw/DEMO_wrapper.xsa
TRACE::2025-06-06.21:40:03::SCWPlatform::DSA given D:/proyectosep2/IEE2463-SEP-Proyecto-2-Z8/input_reader/vitis/input_reader_plt/hw/DEMO_wrapper.xsa
TRACE::2025-06-06.21:40:03::SCWPlatform::DSA absoulate path D:/proyectosep2/IEE2463-SEP-Proyecto-2-Z8/input_reader/vitis/input_reader_plt/hw/DEMO_wrapper.xsa
TRACE::2025-06-06.21:40:03::SCWPlatform::DSA directory D:/proyectosep2/IEE2463-SEP-Proyecto-2-Z8/input_reader/vitis/input_reader_plt/hw
TRACE::2025-06-06.21:40:03::SCWPlatform:: Platform Path D:/proyectosep2/IEE2463-SEP-Proyecto-2-Z8/input_reader/vitis/input_reader_plt/hw/DEMO_wrapper.xsa
TRACE::2025-06-06.21:40:03::SCWPlatform:: Unique name xilinx:zybo-z7-10::0.0
TRACE::2025-06-06.21:40:03::SCWPlatform::Trying to set the existing hwdb with name DEMO_wrapper_0
TRACE::2025-06-06.21:40:03::SCWPlatform::Opened existing hwdb DEMO_wrapper_0
TRACE::2025-06-06.21:40:03::SCWPlatform::Found the Hw Db part of the input DSA
TRACE::2025-06-06.21:40:03::SCWMssOS::Checking the sw design at  D:/proyectosep2/IEE2463-SEP-Proyecto-2-Z8/input_reader/vitis/input_reader_plt/zynq_fsbl/zynq_fsbl_bsp/system.mss
TRACE::2025-06-06.21:40:03::SCWMssOS::DEBUG:  swdes dump  D:/proyectosep2/IEE2463-SEP-Proyecto-2-Z8/input_reader/vitis/input_reader_plt/zynq_fsbl/zynq_fsbl_bsp/system.mss|system||

TRACE::2025-06-06.21:40:03::SCWMssOS::Sw design exists and opened at  D:/proyectosep2/IEE2463-SEP-Proyecto-2-Z8/input_reader/vitis/input_reader_plt/zynq_fsbl/zynq_fsbl_bsp/system.mss
TRACE::2025-06-06.21:40:03::SCWWriter::formatted JSON is {
	"platformName":	"input_reader_plt",
	"sprVersion":	"2.0",
	"mode":	"gui",
	"dsaType":	"Fixed",
	"platformDesc":	"input_reader_plt",
	"platHandOff":	"D:/proyectosep2/IEE2463-SEP-Proyecto-2-Z8/input_reader/vivado/DEMO_wrapper.xsa",
	"platIntHandOff":	"<platformDir>/hw/DEMO_wrapper.xsa",
	"deviceType":	"zynq",
	"platIsPrebuiltAutogen":	"false",
	"platIsNoBootBsp":	"false",
	"platFsblTarget":	"ps7_cortexa9_0",
	"hasFsblMakeHasChanges":	"false",
	"hasPmufwMakeHasChanges":	"false",
	"fsblExtraCompilerFlags":	"-MMD -MP       -mcpu=cortex-a9 -mfpu=vfpv3 -mfloat-abi=hard ",
	"platPreBuiltFlag":	false,
	"platformSamplesDir":	"",
	"platActiveSys":	"input_reader_plt",
	"systems":	[{
			"systemName":	"input_reader_plt",
			"systemDesc":	"input_reader_plt",
			"sysIsBootAutoGen":	"true",
			"systemDispName":	"input_reader_plt",
			"sysActiveDom":	"zynq_fsbl",
			"sysDefaultDom":	"",
			"domains":	[{
					"domainName":	"zynq_fsbl",
					"domainDispName":	"zynq_fsbl",
					"domainDesc":	"FSBL Application BSP - Auto Generated.",
					"processors":	"ps7_cortexa9_0",
					"os":	"standalone",
					"sdxOs":	"standalone",
					"debugEnable":	"",
					"domRuntimes":	["cpp"],
					"swRepo":	"",
					"mssOsVer":	"7.2",
					"mssFile":	"",
					"md5Digest":	"7079462d43296522fe4c25429e7041e8",
					"compatibleApp":	"zynq_fsbl",
					"domType":	"bootDomain",
					"appSettings":	{
						"appCompilerFlags":	"",
						"appLinkerFlags":	""
					},
					"addedLibs":	["xilffs:4.3", "xilrsa:1.6"],
					"libOptions":	{
						"libsContainingOptions":	[]
					},
					"prebuiltLibs":	{
						"prebuiltIncPath":	[],
						"prebuiltLibPath":	[]
					},
					"isolation":	{
					}
				}]
		}]
}
TRACE::2025-06-06.21:40:03::SCWDomain::checking for install qemu data   : 
TRACE::2025-06-06.21:40:03::SCWDomain:: Using the QEMU Data from install at  : D:/Xilinx/Vitis/2020.1/data/emulation/platforms/zynq/qemu/
TRACE::2025-06-06.21:40:03::SCWDomain:: Using the QEMU args  from install at  : D:/Xilinx/Vitis/2020.1/data/emulation/platforms/zynq/qemu/qemu_args.txt
TRACE::2025-06-06.21:40:03::SCWPlatform::Trying to open the hw design at D:/proyectosep2/IEE2463-SEP-Proyecto-2-Z8/input_reader/vitis/input_reader_plt/hw/DEMO_wrapper.xsa
TRACE::2025-06-06.21:40:03::SCWPlatform::DSA given D:/proyectosep2/IEE2463-SEP-Proyecto-2-Z8/input_reader/vitis/input_reader_plt/hw/DEMO_wrapper.xsa
TRACE::2025-06-06.21:40:03::SCWPlatform::DSA absoulate path D:/proyectosep2/IEE2463-SEP-Proyecto-2-Z8/input_reader/vitis/input_reader_plt/hw/DEMO_wrapper.xsa
TRACE::2025-06-06.21:40:03::SCWPlatform::DSA directory D:/proyectosep2/IEE2463-SEP-Proyecto-2-Z8/input_reader/vitis/input_reader_plt/hw
TRACE::2025-06-06.21:40:03::SCWPlatform:: Platform Path D:/proyectosep2/IEE2463-SEP-Proyecto-2-Z8/input_reader/vitis/input_reader_plt/hw/DEMO_wrapper.xsa
TRACE::2025-06-06.21:40:03::SCWPlatform:: Unique name xilinx:zybo-z7-10::0.0
TRACE::2025-06-06.21:40:03::SCWPlatform::Trying to set the existing hwdb with name DEMO_wrapper_0
TRACE::2025-06-06.21:40:03::SCWPlatform::Opened existing hwdb DEMO_wrapper_0
TRACE::2025-06-06.21:40:03::SCWPlatform::Found the Hw Db part of the input DSA
TRACE::2025-06-06.21:40:03::SCWPlatform::Trying to open the hw design at D:/proyectosep2/IEE2463-SEP-Proyecto-2-Z8/input_reader/vitis/input_reader_plt/hw/DEMO_wrapper.xsa
TRACE::2025-06-06.21:40:03::SCWPlatform::DSA given D:/proyectosep2/IEE2463-SEP-Proyecto-2-Z8/input_reader/vitis/input_reader_plt/hw/DEMO_wrapper.xsa
TRACE::2025-06-06.21:40:03::SCWPlatform::DSA absoulate path D:/proyectosep2/IEE2463-SEP-Proyecto-2-Z8/input_reader/vitis/input_reader_plt/hw/DEMO_wrapper.xsa
TRACE::2025-06-06.21:40:03::SCWPlatform::DSA directory D:/proyectosep2/IEE2463-SEP-Proyecto-2-Z8/input_reader/vitis/input_reader_plt/hw
TRACE::2025-06-06.21:40:03::SCWPlatform:: Platform Path D:/proyectosep2/IEE2463-SEP-Proyecto-2-Z8/input_reader/vitis/input_reader_plt/hw/DEMO_wrapper.xsa
TRACE::2025-06-06.21:40:03::SCWPlatform:: Unique name xilinx:zybo-z7-10::0.0
TRACE::2025-06-06.21:40:03::SCWPlatform::Trying to set the existing hwdb with name DEMO_wrapper_0
TRACE::2025-06-06.21:40:03::SCWPlatform::Opened existing hwdb DEMO_wrapper_0
TRACE::2025-06-06.21:40:03::SCWPlatform::Found the Hw Db part of the input DSA
TRACE::2025-06-06.21:40:03::SCWPlatform::Trying to open the hw design at D:/proyectosep2/IEE2463-SEP-Proyecto-2-Z8/input_reader/vitis/input_reader_plt/hw/DEMO_wrapper.xsa
TRACE::2025-06-06.21:40:03::SCWPlatform::DSA given D:/proyectosep2/IEE2463-SEP-Proyecto-2-Z8/input_reader/vitis/input_reader_plt/hw/DEMO_wrapper.xsa
TRACE::2025-06-06.21:40:03::SCWPlatform::DSA absoulate path D:/proyectosep2/IEE2463-SEP-Proyecto-2-Z8/input_reader/vitis/input_reader_plt/hw/DEMO_wrapper.xsa
TRACE::2025-06-06.21:40:03::SCWPlatform::DSA directory D:/proyectosep2/IEE2463-SEP-Proyecto-2-Z8/input_reader/vitis/input_reader_plt/hw
TRACE::2025-06-06.21:40:03::SCWPlatform:: Platform Path D:/proyectosep2/IEE2463-SEP-Proyecto-2-Z8/input_reader/vitis/input_reader_plt/hw/DEMO_wrapper.xsa
TRACE::2025-06-06.21:40:03::SCWPlatform:: Unique name xilinx:zybo-z7-10::0.0
TRACE::2025-06-06.21:40:03::SCWPlatform::Trying to set the existing hwdb with name DEMO_wrapper_0
TRACE::2025-06-06.21:40:03::SCWPlatform::Opened existing hwdb DEMO_wrapper_0
TRACE::2025-06-06.21:40:03::SCWPlatform::Found the Hw Db part of the input DSA
TRACE::2025-06-06.21:40:03::SCWMssOS::Checking the sw design at  D:/proyectosep2/IEE2463-SEP-Proyecto-2-Z8/input_reader/vitis/input_reader_plt/ps7_cortexa9_0/standalone_domain/bsp/system.mss
TRACE::2025-06-06.21:40:03::SCWMssOS::DEBUG:  swdes dump  D:/proyectosep2/IEE2463-SEP-Proyecto-2-Z8/input_reader/vitis/input_reader_plt/zynq_fsbl/zynq_fsbl_bsp/system.mss|system||

TRACE::2025-06-06.21:40:03::SCWMssOS::No sw design opened at  D:/proyectosep2/IEE2463-SEP-Proyecto-2-Z8/input_reader/vitis/input_reader_plt/ps7_cortexa9_0/standalone_domain/bsp/system.mss
TRACE::2025-06-06.21:40:03::SCWMssOS::mss does not exists at D:/proyectosep2/IEE2463-SEP-Proyecto-2-Z8/input_reader/vitis/input_reader_plt/ps7_cortexa9_0/standalone_domain/bsp/system.mss
TRACE::2025-06-06.21:40:03::SCWMssOS::Creating sw design at  D:/proyectosep2/IEE2463-SEP-Proyecto-2-Z8/input_reader/vitis/input_reader_plt/ps7_cortexa9_0/standalone_domain/bsp/system.mss
TRACE::2025-06-06.21:40:03::SCWMssOS::Adding the swdes entry, created swdb D:/proyectosep2/IEE2463-SEP-Proyecto-2-Z8/input_reader/vitis/input_reader_plt/ps7_cortexa9_0/standalone_domain/bsp/system.mss with des name D:/proyectosep2/IEE2463-SEP-Proyecto-2-Z8/input_reader/vitis/input_reader_plt/ps7_cortexa9_0/standalone_domain/bsp/system.mss
TRACE::2025-06-06.21:40:03::SCWMssOS::updating the scw layer changes to swdes at   D:/proyectosep2/IEE2463-SEP-Proyecto-2-Z8/input_reader/vitis/input_reader_plt/ps7_cortexa9_0/standalone_domain/bsp/system.mss
TRACE::2025-06-06.21:40:03::SCWMssOS::Writing mss at D:/proyectosep2/IEE2463-SEP-Proyecto-2-Z8/input_reader/vitis/input_reader_plt/ps7_cortexa9_0/standalone_domain/bsp/system.mss
TRACE::2025-06-06.21:40:03::SCWMssOS::Completed writing the mss file at D:/proyectosep2/IEE2463-SEP-Proyecto-2-Z8/input_reader/vitis/input_reader_plt/ps7_cortexa9_0/standalone_domain/bsp
TRACE::2025-06-06.21:40:03::SCWMssOS::Picking up changes from newly written mss file into SCW Layer. 
TRACE::2025-06-06.21:40:03::SCWMssOS::Updated the changes from newly written mss file into SCW Layer. 
TRACE::2025-06-06.21:40:03::SCWMssOS::Completed writing the mss file at D:/proyectosep2/IEE2463-SEP-Proyecto-2-Z8/input_reader/vitis/input_reader_plt/ps7_cortexa9_0/standalone_domain/bsp
TRACE::2025-06-06.21:40:03::SCWMssOS::Forcing BSP Sources regeneration.
TRACE::2025-06-06.21:40:04::SCWMssOS::Saving the mss changes D:/proyectosep2/IEE2463-SEP-Proyecto-2-Z8/input_reader/vitis/input_reader_plt/zynq_fsbl/zynq_fsbl_bsp/system.mss
TRACE::2025-06-06.21:40:04::SCWMssOS::Found a swdesign opened with the mssfile.
TRACE::2025-06-06.21:40:04::SCWMssOS::Completed writemss as part of save.
TRACE::2025-06-06.21:40:04::SCWMssOS::Commit changes completed.
TRACE::2025-06-06.21:40:04::SCWMssOS::Saving the mss changes D:/proyectosep2/IEE2463-SEP-Proyecto-2-Z8/input_reader/vitis/input_reader_plt/ps7_cortexa9_0/standalone_domain/bsp/system.mss
TRACE::2025-06-06.21:40:04::SCWMssOS::Found a swdesign opened with the mssfile.
TRACE::2025-06-06.21:40:04::SCWMssOS::Running validate of swdbs.
KEYINFO::2025-06-06.21:40:04::SCWMssOS::Could not open the swdb for D:/proyectosep2/IEE2463-SEP-Proyecto-2-Z8/input_reader/vitis/input_reader_plt/ps7_cortexa9_0/standalone_domain/bsp/system.mss
KEYINFO::2025-06-06.21:40:04::SCWMssOS::Could not open the sw design at  D:/proyectosep2/IEE2463-SEP-Proyecto-2-Z8/input_reader/vitis/input_reader_plt/ps7_cortexa9_0/standalone_domain/bsp/system.mss
ERROR: [Hsi 55-1558] Software Design D:/proyectosep2/IEE2463-SEP-Proyecto-2-Z8/input_reader/vitis/input_reader_plt/ps7_cortexa9_0/standalone_domain/bsp/system.mss is not found

TRACE::2025-06-06.21:40:04::SCWMssOS::Cleared the swdb table entry
TRACE::2025-06-06.21:40:04::SCWMssOS::Adding the swdes entry, mss present, able to open swdb D:/proyectosep2/IEE2463-SEP-Proyecto-2-Z8/input_reader/vitis/input_reader_plt/ps7_cortexa9_0/standalone_domain/bsp/system.mss with des name system_0
TRACE::2025-06-06.21:40:04::SCWMssOS::Writing the mss file completed D:/proyectosep2/IEE2463-SEP-Proyecto-2-Z8/input_reader/vitis/input_reader_plt/ps7_cortexa9_0/standalone_domain/bsp/system.mss
TRACE::2025-06-06.21:40:04::SCWMssOS::Commit changes completed.
TRACE::2025-06-06.21:40:04::SCWPlatform::Trying to open the hw design at D:/proyectosep2/IEE2463-SEP-Proyecto-2-Z8/input_reader/vitis/input_reader_plt/hw/DEMO_wrapper.xsa
TRACE::2025-06-06.21:40:04::SCWPlatform::DSA given D:/proyectosep2/IEE2463-SEP-Proyecto-2-Z8/input_reader/vitis/input_reader_plt/hw/DEMO_wrapper.xsa
TRACE::2025-06-06.21:40:04::SCWPlatform::DSA absoulate path D:/proyectosep2/IEE2463-SEP-Proyecto-2-Z8/input_reader/vitis/input_reader_plt/hw/DEMO_wrapper.xsa
TRACE::2025-06-06.21:40:04::SCWPlatform::DSA directory D:/proyectosep2/IEE2463-SEP-Proyecto-2-Z8/input_reader/vitis/input_reader_plt/hw
TRACE::2025-06-06.21:40:04::SCWPlatform:: Platform Path D:/proyectosep2/IEE2463-SEP-Proyecto-2-Z8/input_reader/vitis/input_reader_plt/hw/DEMO_wrapper.xsa
TRACE::2025-06-06.21:40:04::SCWPlatform:: Unique name xilinx:zybo-z7-10::0.0
TRACE::2025-06-06.21:40:04::SCWPlatform::Trying to set the existing hwdb with name DEMO_wrapper_0
TRACE::2025-06-06.21:40:04::SCWPlatform::Opened existing hwdb DEMO_wrapper_0
TRACE::2025-06-06.21:40:04::SCWPlatform::Found the Hw Db part of the input DSA
TRACE::2025-06-06.21:40:04::SCWMssOS::Checking the sw design at  D:/proyectosep2/IEE2463-SEP-Proyecto-2-Z8/input_reader/vitis/input_reader_plt/zynq_fsbl/zynq_fsbl_bsp/system.mss
TRACE::2025-06-06.21:40:04::SCWMssOS::DEBUG:  swdes dump  D:/proyectosep2/IEE2463-SEP-Proyecto-2-Z8/input_reader/vitis/input_reader_plt/ps7_cortexa9_0/standalone_domain/bsp/system.mss|system_0||
D:/proyectosep2/IEE2463-SEP-Proyecto-2-Z8/input_reader/vitis/input_reader_plt/zynq_fsbl/zynq_fsbl_bsp/system.mss|system||

TRACE::2025-06-06.21:40:04::SCWMssOS::Sw design exists and opened at  D:/proyectosep2/IEE2463-SEP-Proyecto-2-Z8/input_reader/vitis/input_reader_plt/zynq_fsbl/zynq_fsbl_bsp/system.mss
TRACE::2025-06-06.21:40:04::SCWPlatform::Trying to open the hw design at D:/proyectosep2/IEE2463-SEP-Proyecto-2-Z8/input_reader/vitis/input_reader_plt/hw/DEMO_wrapper.xsa
TRACE::2025-06-06.21:40:04::SCWPlatform::DSA given D:/proyectosep2/IEE2463-SEP-Proyecto-2-Z8/input_reader/vitis/input_reader_plt/hw/DEMO_wrapper.xsa
TRACE::2025-06-06.21:40:04::SCWPlatform::DSA absoulate path D:/proyectosep2/IEE2463-SEP-Proyecto-2-Z8/input_reader/vitis/input_reader_plt/hw/DEMO_wrapper.xsa
TRACE::2025-06-06.21:40:04::SCWPlatform::DSA directory D:/proyectosep2/IEE2463-SEP-Proyecto-2-Z8/input_reader/vitis/input_reader_plt/hw
TRACE::2025-06-06.21:40:04::SCWPlatform:: Platform Path D:/proyectosep2/IEE2463-SEP-Proyecto-2-Z8/input_reader/vitis/input_reader_plt/hw/DEMO_wrapper.xsa
TRACE::2025-06-06.21:40:04::SCWPlatform:: Unique name xilinx:zybo-z7-10::0.0
TRACE::2025-06-06.21:40:04::SCWPlatform::Trying to set the existing hwdb with name DEMO_wrapper_0
TRACE::2025-06-06.21:40:04::SCWPlatform::Opened existing hwdb DEMO_wrapper_0
TRACE::2025-06-06.21:40:04::SCWPlatform::Found the Hw Db part of the input DSA
TRACE::2025-06-06.21:40:04::SCWMssOS::Checking the sw design at  D:/proyectosep2/IEE2463-SEP-Proyecto-2-Z8/input_reader/vitis/input_reader_plt/zynq_fsbl/zynq_fsbl_bsp/system.mss
TRACE::2025-06-06.21:40:04::SCWMssOS::DEBUG:  swdes dump  D:/proyectosep2/IEE2463-SEP-Proyecto-2-Z8/input_reader/vitis/input_reader_plt/ps7_cortexa9_0/standalone_domain/bsp/system.mss|system_0||
D:/proyectosep2/IEE2463-SEP-Proyecto-2-Z8/input_reader/vitis/input_reader_plt/zynq_fsbl/zynq_fsbl_bsp/system.mss|system||

TRACE::2025-06-06.21:40:04::SCWMssOS::Sw design exists and opened at  D:/proyectosep2/IEE2463-SEP-Proyecto-2-Z8/input_reader/vitis/input_reader_plt/zynq_fsbl/zynq_fsbl_bsp/system.mss
TRACE::2025-06-06.21:40:04::SCWPlatform::Trying to open the hw design at D:/proyectosep2/IEE2463-SEP-Proyecto-2-Z8/input_reader/vitis/input_reader_plt/hw/DEMO_wrapper.xsa
TRACE::2025-06-06.21:40:04::SCWPlatform::DSA given D:/proyectosep2/IEE2463-SEP-Proyecto-2-Z8/input_reader/vitis/input_reader_plt/hw/DEMO_wrapper.xsa
TRACE::2025-06-06.21:40:04::SCWPlatform::DSA absoulate path D:/proyectosep2/IEE2463-SEP-Proyecto-2-Z8/input_reader/vitis/input_reader_plt/hw/DEMO_wrapper.xsa
TRACE::2025-06-06.21:40:04::SCWPlatform::DSA directory D:/proyectosep2/IEE2463-SEP-Proyecto-2-Z8/input_reader/vitis/input_reader_plt/hw
TRACE::2025-06-06.21:40:04::SCWPlatform:: Platform Path D:/proyectosep2/IEE2463-SEP-Proyecto-2-Z8/input_reader/vitis/input_reader_plt/hw/DEMO_wrapper.xsa
TRACE::2025-06-06.21:40:04::SCWPlatform:: Unique name xilinx:zybo-z7-10::0.0
TRACE::2025-06-06.21:40:04::SCWPlatform::Trying to set the existing hwdb with name DEMO_wrapper_0
TRACE::2025-06-06.21:40:04::SCWPlatform::Opened existing hwdb DEMO_wrapper_0
TRACE::2025-06-06.21:40:04::SCWPlatform::Found the Hw Db part of the input DSA
TRACE::2025-06-06.21:40:04::SCWMssOS::Checking the sw design at  D:/proyectosep2/IEE2463-SEP-Proyecto-2-Z8/input_reader/vitis/input_reader_plt/zynq_fsbl/zynq_fsbl_bsp/system.mss
TRACE::2025-06-06.21:40:04::SCWMssOS::DEBUG:  swdes dump  D:/proyectosep2/IEE2463-SEP-Proyecto-2-Z8/input_reader/vitis/input_reader_plt/ps7_cortexa9_0/standalone_domain/bsp/system.mss|system_0||
D:/proyectosep2/IEE2463-SEP-Proyecto-2-Z8/input_reader/vitis/input_reader_plt/zynq_fsbl/zynq_fsbl_bsp/system.mss|system||

TRACE::2025-06-06.21:40:04::SCWMssOS::Sw design exists and opened at  D:/proyectosep2/IEE2463-SEP-Proyecto-2-Z8/input_reader/vitis/input_reader_plt/zynq_fsbl/zynq_fsbl_bsp/system.mss
TRACE::2025-06-06.21:40:04::SCWPlatform::Trying to open the hw design at D:/proyectosep2/IEE2463-SEP-Proyecto-2-Z8/input_reader/vitis/input_reader_plt/hw/DEMO_wrapper.xsa
TRACE::2025-06-06.21:40:04::SCWPlatform::DSA given D:/proyectosep2/IEE2463-SEP-Proyecto-2-Z8/input_reader/vitis/input_reader_plt/hw/DEMO_wrapper.xsa
TRACE::2025-06-06.21:40:04::SCWPlatform::DSA absoulate path D:/proyectosep2/IEE2463-SEP-Proyecto-2-Z8/input_reader/vitis/input_reader_plt/hw/DEMO_wrapper.xsa
TRACE::2025-06-06.21:40:04::SCWPlatform::DSA directory D:/proyectosep2/IEE2463-SEP-Proyecto-2-Z8/input_reader/vitis/input_reader_plt/hw
TRACE::2025-06-06.21:40:04::SCWPlatform:: Platform Path D:/proyectosep2/IEE2463-SEP-Proyecto-2-Z8/input_reader/vitis/input_reader_plt/hw/DEMO_wrapper.xsa
TRACE::2025-06-06.21:40:04::SCWPlatform:: Unique name xilinx:zybo-z7-10::0.0
TRACE::2025-06-06.21:40:04::SCWPlatform::Trying to set the existing hwdb with name DEMO_wrapper_0
TRACE::2025-06-06.21:40:04::SCWPlatform::Opened existing hwdb DEMO_wrapper_0
TRACE::2025-06-06.21:40:04::SCWPlatform::Found the Hw Db part of the input DSA
TRACE::2025-06-06.21:40:04::SCWMssOS::Checking the sw design at  D:/proyectosep2/IEE2463-SEP-Proyecto-2-Z8/input_reader/vitis/input_reader_plt/ps7_cortexa9_0/standalone_domain/bsp/system.mss
TRACE::2025-06-06.21:40:04::SCWMssOS::DEBUG:  swdes dump  D:/proyectosep2/IEE2463-SEP-Proyecto-2-Z8/input_reader/vitis/input_reader_plt/ps7_cortexa9_0/standalone_domain/bsp/system.mss|system_0||
D:/proyectosep2/IEE2463-SEP-Proyecto-2-Z8/input_reader/vitis/input_reader_plt/zynq_fsbl/zynq_fsbl_bsp/system.mss|system||

TRACE::2025-06-06.21:40:04::SCWMssOS::Sw design exists and opened at  D:/proyectosep2/IEE2463-SEP-Proyecto-2-Z8/input_reader/vitis/input_reader_plt/ps7_cortexa9_0/standalone_domain/bsp/system.mss
TRACE::2025-06-06.21:40:04::SCWPlatform::Trying to open the hw design at D:/proyectosep2/IEE2463-SEP-Proyecto-2-Z8/input_reader/vitis/input_reader_plt/hw/DEMO_wrapper.xsa
TRACE::2025-06-06.21:40:04::SCWPlatform::DSA given D:/proyectosep2/IEE2463-SEP-Proyecto-2-Z8/input_reader/vitis/input_reader_plt/hw/DEMO_wrapper.xsa
TRACE::2025-06-06.21:40:04::SCWPlatform::DSA absoulate path D:/proyectosep2/IEE2463-SEP-Proyecto-2-Z8/input_reader/vitis/input_reader_plt/hw/DEMO_wrapper.xsa
TRACE::2025-06-06.21:40:04::SCWPlatform::DSA directory D:/proyectosep2/IEE2463-SEP-Proyecto-2-Z8/input_reader/vitis/input_reader_plt/hw
TRACE::2025-06-06.21:40:04::SCWPlatform:: Platform Path D:/proyectosep2/IEE2463-SEP-Proyecto-2-Z8/input_reader/vitis/input_reader_plt/hw/DEMO_wrapper.xsa
TRACE::2025-06-06.21:40:04::SCWPlatform:: Unique name xilinx:zybo-z7-10::0.0
TRACE::2025-06-06.21:40:04::SCWPlatform::Trying to set the existing hwdb with name DEMO_wrapper_0
TRACE::2025-06-06.21:40:04::SCWPlatform::Opened existing hwdb DEMO_wrapper_0
TRACE::2025-06-06.21:40:04::SCWPlatform::Found the Hw Db part of the input DSA
TRACE::2025-06-06.21:40:04::SCWMssOS::Checking the sw design at  D:/proyectosep2/IEE2463-SEP-Proyecto-2-Z8/input_reader/vitis/input_reader_plt/ps7_cortexa9_0/standalone_domain/bsp/system.mss
TRACE::2025-06-06.21:40:04::SCWMssOS::DEBUG:  swdes dump  D:/proyectosep2/IEE2463-SEP-Proyecto-2-Z8/input_reader/vitis/input_reader_plt/ps7_cortexa9_0/standalone_domain/bsp/system.mss|system_0||
D:/proyectosep2/IEE2463-SEP-Proyecto-2-Z8/input_reader/vitis/input_reader_plt/zynq_fsbl/zynq_fsbl_bsp/system.mss|system||

TRACE::2025-06-06.21:40:04::SCWMssOS::Sw design exists and opened at  D:/proyectosep2/IEE2463-SEP-Proyecto-2-Z8/input_reader/vitis/input_reader_plt/ps7_cortexa9_0/standalone_domain/bsp/system.mss
TRACE::2025-06-06.21:40:04::SCWPlatform::Trying to open the hw design at D:/proyectosep2/IEE2463-SEP-Proyecto-2-Z8/input_reader/vitis/input_reader_plt/hw/DEMO_wrapper.xsa
TRACE::2025-06-06.21:40:04::SCWPlatform::DSA given D:/proyectosep2/IEE2463-SEP-Proyecto-2-Z8/input_reader/vitis/input_reader_plt/hw/DEMO_wrapper.xsa
TRACE::2025-06-06.21:40:04::SCWPlatform::DSA absoulate path D:/proyectosep2/IEE2463-SEP-Proyecto-2-Z8/input_reader/vitis/input_reader_plt/hw/DEMO_wrapper.xsa
TRACE::2025-06-06.21:40:04::SCWPlatform::DSA directory D:/proyectosep2/IEE2463-SEP-Proyecto-2-Z8/input_reader/vitis/input_reader_plt/hw
TRACE::2025-06-06.21:40:04::SCWPlatform:: Platform Path D:/proyectosep2/IEE2463-SEP-Proyecto-2-Z8/input_reader/vitis/input_reader_plt/hw/DEMO_wrapper.xsa
TRACE::2025-06-06.21:40:04::SCWPlatform:: Unique name xilinx:zybo-z7-10::0.0
TRACE::2025-06-06.21:40:04::SCWPlatform::Trying to set the existing hwdb with name DEMO_wrapper_0
TRACE::2025-06-06.21:40:04::SCWPlatform::Opened existing hwdb DEMO_wrapper_0
TRACE::2025-06-06.21:40:04::SCWPlatform::Found the Hw Db part of the input DSA
TRACE::2025-06-06.21:40:04::SCWMssOS::Checking the sw design at  D:/proyectosep2/IEE2463-SEP-Proyecto-2-Z8/input_reader/vitis/input_reader_plt/ps7_cortexa9_0/standalone_domain/bsp/system.mss
TRACE::2025-06-06.21:40:04::SCWMssOS::DEBUG:  swdes dump  D:/proyectosep2/IEE2463-SEP-Proyecto-2-Z8/input_reader/vitis/input_reader_plt/ps7_cortexa9_0/standalone_domain/bsp/system.mss|system_0||
D:/proyectosep2/IEE2463-SEP-Proyecto-2-Z8/input_reader/vitis/input_reader_plt/zynq_fsbl/zynq_fsbl_bsp/system.mss|system||

TRACE::2025-06-06.21:40:04::SCWMssOS::Sw design exists and opened at  D:/proyectosep2/IEE2463-SEP-Proyecto-2-Z8/input_reader/vitis/input_reader_plt/ps7_cortexa9_0/standalone_domain/bsp/system.mss
TRACE::2025-06-06.21:40:04::SCWWriter::formatted JSON is {
	"platformName":	"input_reader_plt",
	"sprVersion":	"2.0",
	"mode":	"gui",
	"dsaType":	"Fixed",
	"platformDesc":	"input_reader_plt",
	"platHandOff":	"D:/proyectosep2/IEE2463-SEP-Proyecto-2-Z8/input_reader/vivado/DEMO_wrapper.xsa",
	"platIntHandOff":	"<platformDir>/hw/DEMO_wrapper.xsa",
	"deviceType":	"zynq",
	"platIsPrebuiltAutogen":	"false",
	"platIsNoBootBsp":	"false",
	"platFsblTarget":	"ps7_cortexa9_0",
	"hasFsblMakeHasChanges":	"false",
	"hasPmufwMakeHasChanges":	"false",
	"fsblExtraCompilerFlags":	"-MMD -MP       -mcpu=cortex-a9 -mfpu=vfpv3 -mfloat-abi=hard ",
	"platPreBuiltFlag":	false,
	"platformSamplesDir":	"",
	"platActiveSys":	"input_reader_plt",
	"systems":	[{
			"systemName":	"input_reader_plt",
			"systemDesc":	"input_reader_plt",
			"sysIsBootAutoGen":	"true",
			"systemDispName":	"input_reader_plt",
			"sysActiveDom":	"standalone_domain",
			"sysDefaultDom":	"standalone_domain",
			"domains":	[{
					"domainName":	"zynq_fsbl",
					"domainDispName":	"zynq_fsbl",
					"domainDesc":	"FSBL Application BSP - Auto Generated.",
					"processors":	"ps7_cortexa9_0",
					"os":	"standalone",
					"sdxOs":	"standalone",
					"debugEnable":	"",
					"domRuntimes":	["cpp"],
					"swRepo":	"",
					"mssOsVer":	"7.2",
					"mssFile":	"",
					"md5Digest":	"7079462d43296522fe4c25429e7041e8",
					"compatibleApp":	"zynq_fsbl",
					"domType":	"bootDomain",
					"appSettings":	{
						"appCompilerFlags":	"",
						"appLinkerFlags":	""
					},
					"addedLibs":	["xilffs:4.3", "xilrsa:1.6"],
					"libOptions":	{
						"libsContainingOptions":	[]
					},
					"prebuiltLibs":	{
						"prebuiltIncPath":	[],
						"prebuiltLibPath":	[]
					},
					"isolation":	{
					}
				}, {
					"domainName":	"standalone_domain",
					"domainDispName":	"standalone_domain",
					"domainDesc":	"standalone_domain",
					"processors":	"ps7_cortexa9_0",
					"os":	"standalone",
					"sdxOs":	"standalone",
					"qemuArgs":	"D:/Xilinx/Vitis/2020.1/data/emulation/platforms/zynq/qemu/qemu_args.txt",
					"qemuData":	"D:/Xilinx/Vitis/2020.1/data/emulation/platforms/zynq/qemu/",
					"debugEnable":	"False",
					"domRuntimes":	["cpp"],
					"swRepo":	"",
					"mssOsVer":	"7.2",
					"mssFile":	"",
					"md5Digest":	"66d3fb87f21487cff6d9ef7ac8bd223d",
					"compatibleApp":	"",
					"domType":	"mssDomain",
					"appSettings":	{
						"appCompilerFlags":	"",
						"appLinkerFlags":	""
					},
					"addedLibs":	[],
					"libOptions":	{
						"libsContainingOptions":	[]
					},
					"prebuiltLibs":	{
						"prebuiltIncPath":	[],
						"prebuiltLibPath":	[]
					},
					"isolation":	{
					}
				}]
		}]
}
LOG::2025-06-06.21:40:04::SCWPlatform::Started generating the artifacts platform input_reader_plt
TRACE::2025-06-06.21:40:04::SCWPlatform::Sanity checking of platform is completed
LOG::2025-06-06.21:40:04::SCWPlatform::Started generating the artifacts for system configuration input_reader_plt
LOG::2025-06-06.21:40:04::SCWSystem::Checking the domain zynq_fsbl
LOG::2025-06-06.21:40:04::SCWSystem::Doing application build for :  zynq_fsbl
TRACE::2025-06-06.21:40:04::SCWBDomain::Not a forced makefile updation, No changes are present. 
TRACE::2025-06-06.21:40:04::SCWDomain::Skipping the build for domain :  zynq_fsbl
LOG::2025-06-06.21:40:04::SCWSystem::Checking the domain standalone_domain
LOG::2025-06-06.21:40:04::SCWSystem::Not a boot domain 
LOG::2025-06-06.21:40:04::SCWSystem::Started Processing the domain standalone_domain
TRACE::2025-06-06.21:40:04::SCWDomain::Generating domain artifcats
TRACE::2025-06-06.21:40:04::SCWMssOS::Generating standalone artifcats
TRACE::2025-06-06.21:40:04::SCWMssOS::Copying the qemu file from  D:/Xilinx/Vitis/2020.1/data/emulation/platforms/zynq/qemu/qemu_args.txt To D:/proyectosep2/IEE2463-SEP-Proyecto-2-Z8/input_reader/vitis/input_reader_plt/export/input_reader_plt/sw/input_reader_plt/qemu/
TRACE::2025-06-06.21:40:04::SCWMssOS::Copying the qemu file from  D:/Xilinx/Vitis/2020.1/data/emulation/platforms/zynq/qemu/qemu_args.txt To D:/proyectosep2/IEE2463-SEP-Proyecto-2-Z8/input_reader/vitis/input_reader_plt/export/input_reader_plt/sw/input_reader_plt/standalone_domain/qemu/
TRACE::2025-06-06.21:40:04::SCWMssOS:: Copying the user libraries. 
TRACE::2025-06-06.21:40:04::SCWPlatform::Trying to open the hw design at D:/proyectosep2/IEE2463-SEP-Proyecto-2-Z8/input_reader/vitis/input_reader_plt/hw/DEMO_wrapper.xsa
TRACE::2025-06-06.21:40:04::SCWPlatform::DSA given D:/proyectosep2/IEE2463-SEP-Proyecto-2-Z8/input_reader/vitis/input_reader_plt/hw/DEMO_wrapper.xsa
TRACE::2025-06-06.21:40:04::SCWPlatform::DSA absoulate path D:/proyectosep2/IEE2463-SEP-Proyecto-2-Z8/input_reader/vitis/input_reader_plt/hw/DEMO_wrapper.xsa
TRACE::2025-06-06.21:40:04::SCWPlatform::DSA directory D:/proyectosep2/IEE2463-SEP-Proyecto-2-Z8/input_reader/vitis/input_reader_plt/hw
TRACE::2025-06-06.21:40:04::SCWPlatform:: Platform Path D:/proyectosep2/IEE2463-SEP-Proyecto-2-Z8/input_reader/vitis/input_reader_plt/hw/DEMO_wrapper.xsa
TRACE::2025-06-06.21:40:04::SCWPlatform:: Unique name xilinx:zybo-z7-10::0.0
TRACE::2025-06-06.21:40:04::SCWPlatform::Trying to set the existing hwdb with name DEMO_wrapper_0
TRACE::2025-06-06.21:40:04::SCWPlatform::Opened existing hwdb DEMO_wrapper_0
TRACE::2025-06-06.21:40:04::SCWPlatform::Found the Hw Db part of the input DSA
TRACE::2025-06-06.21:40:04::SCWMssOS::Checking the sw design at  D:/proyectosep2/IEE2463-SEP-Proyecto-2-Z8/input_reader/vitis/input_reader_plt/ps7_cortexa9_0/standalone_domain/bsp/system.mss
TRACE::2025-06-06.21:40:04::SCWMssOS::DEBUG:  swdes dump  D:/proyectosep2/IEE2463-SEP-Proyecto-2-Z8/input_reader/vitis/input_reader_plt/ps7_cortexa9_0/standalone_domain/bsp/system.mss|system_0||
D:/proyectosep2/IEE2463-SEP-Proyecto-2-Z8/input_reader/vitis/input_reader_plt/zynq_fsbl/zynq_fsbl_bsp/system.mss|system||

TRACE::2025-06-06.21:40:04::SCWMssOS::Sw design exists and opened at  D:/proyectosep2/IEE2463-SEP-Proyecto-2-Z8/input_reader/vitis/input_reader_plt/ps7_cortexa9_0/standalone_domain/bsp/system.mss
TRACE::2025-06-06.21:40:04::SCWMssOS::Completed writing the mss file at D:/proyectosep2/IEE2463-SEP-Proyecto-2-Z8/input_reader/vitis/input_reader_plt/ps7_cortexa9_0/standalone_domain/bsp
TRACE::2025-06-06.21:40:04::SCWMssOS::Mss edits present, copying mssfile into export location D:/proyectosep2/IEE2463-SEP-Proyecto-2-Z8/input_reader/vitis/input_reader_plt/ps7_cortexa9_0/standalone_domain/bsp/system.mss
TRACE::2025-06-06.21:40:04::SCWMssOS::bsp generated is upto date with the mss file. Skipping bsp generation.
TRACE::2025-06-06.21:40:04::SCWMssOS::BSP is already built. skipping the bsp build ... 
TRACE::2025-06-06.21:40:04::SCWDomain::Skipping the build for domain :  standalone_domain
TRACE::2025-06-06.21:40:04::SCWMssOS::skipping the bsp build ... 
TRACE::2025-06-06.21:40:04::SCWMssOS::Copying to export directory.
TRACE::2025-06-06.21:40:04::SCWMssOS:: Checking if to create the Supporting Applications
TRACE::2025-06-06.21:40:04::SCWMssOS:: No Linux domain exists, trying to generate FSBL 
TRACE::2025-06-06.21:40:04::SCWMssOS:: Completed Standalone Artifacts creation 
LOG::2025-06-06.21:40:04::SCWSystem::Completed Processing the domain standalone_domain
LOG::2025-06-06.21:40:04::SCWSystem::Completed Processing the sysconfig input_reader_plt
LOG::2025-06-06.21:40:04::SCWPlatform::Completed generating the artifacts for system configuration input_reader_plt
TRACE::2025-06-06.21:40:04::SCWPlatform::Started preparing the platform 
TRACE::2025-06-06.21:40:04::SCWSystem::Writing the bif file for system config input_reader_plt
TRACE::2025-06-06.21:40:04::SCWSystem::dir created 
TRACE::2025-06-06.21:40:04::SCWSystem::Writing the bif 
TRACE::2025-06-06.21:40:04::SCWPlatform::Started writing the spfm file 
TRACE::2025-06-06.21:40:04::SCWPlatform::Started writing the xpfm file 
TRACE::2025-06-06.21:40:04::SCWPlatform::Completed generating the platform
TRACE::2025-06-06.21:40:04::SCWMssOS::Saving the mss changes D:/proyectosep2/IEE2463-SEP-Proyecto-2-Z8/input_reader/vitis/input_reader_plt/zynq_fsbl/zynq_fsbl_bsp/system.mss
TRACE::2025-06-06.21:40:04::SCWMssOS::Found a swdesign opened with the mssfile.
TRACE::2025-06-06.21:40:04::SCWMssOS::Completed writemss as part of save.
TRACE::2025-06-06.21:40:04::SCWMssOS::Commit changes completed.
TRACE::2025-06-06.21:40:04::SCWMssOS::Saving the mss changes D:/proyectosep2/IEE2463-SEP-Proyecto-2-Z8/input_reader/vitis/input_reader_plt/ps7_cortexa9_0/standalone_domain/bsp/system.mss
TRACE::2025-06-06.21:40:04::SCWMssOS::Found a swdesign opened with the mssfile.
TRACE::2025-06-06.21:40:04::SCWMssOS::Completed writemss as part of save.
TRACE::2025-06-06.21:40:04::SCWMssOS::Commit changes completed.
TRACE::2025-06-06.21:40:04::SCWPlatform::Trying to open the hw design at D:/proyectosep2/IEE2463-SEP-Proyecto-2-Z8/input_reader/vitis/input_reader_plt/hw/DEMO_wrapper.xsa
TRACE::2025-06-06.21:40:04::SCWPlatform::DSA given D:/proyectosep2/IEE2463-SEP-Proyecto-2-Z8/input_reader/vitis/input_reader_plt/hw/DEMO_wrapper.xsa
TRACE::2025-06-06.21:40:04::SCWPlatform::DSA absoulate path D:/proyectosep2/IEE2463-SEP-Proyecto-2-Z8/input_reader/vitis/input_reader_plt/hw/DEMO_wrapper.xsa
TRACE::2025-06-06.21:40:04::SCWPlatform::DSA directory D:/proyectosep2/IEE2463-SEP-Proyecto-2-Z8/input_reader/vitis/input_reader_plt/hw
TRACE::2025-06-06.21:40:04::SCWPlatform:: Platform Path D:/proyectosep2/IEE2463-SEP-Proyecto-2-Z8/input_reader/vitis/input_reader_plt/hw/DEMO_wrapper.xsa
TRACE::2025-06-06.21:40:04::SCWPlatform:: Unique name xilinx:zybo-z7-10::0.0
TRACE::2025-06-06.21:40:04::SCWPlatform::Trying to set the existing hwdb with name DEMO_wrapper_0
TRACE::2025-06-06.21:40:04::SCWPlatform::Opened existing hwdb DEMO_wrapper_0
TRACE::2025-06-06.21:40:04::SCWPlatform::Found the Hw Db part of the input DSA
TRACE::2025-06-06.21:40:04::SCWMssOS::Checking the sw design at  D:/proyectosep2/IEE2463-SEP-Proyecto-2-Z8/input_reader/vitis/input_reader_plt/zynq_fsbl/zynq_fsbl_bsp/system.mss
TRACE::2025-06-06.21:40:04::SCWMssOS::DEBUG:  swdes dump  D:/proyectosep2/IEE2463-SEP-Proyecto-2-Z8/input_reader/vitis/input_reader_plt/ps7_cortexa9_0/standalone_domain/bsp/system.mss|system_0||
D:/proyectosep2/IEE2463-SEP-Proyecto-2-Z8/input_reader/vitis/input_reader_plt/zynq_fsbl/zynq_fsbl_bsp/system.mss|system||

TRACE::2025-06-06.21:40:04::SCWMssOS::Sw design exists and opened at  D:/proyectosep2/IEE2463-SEP-Proyecto-2-Z8/input_reader/vitis/input_reader_plt/zynq_fsbl/zynq_fsbl_bsp/system.mss
TRACE::2025-06-06.21:40:04::SCWPlatform::Trying to open the hw design at D:/proyectosep2/IEE2463-SEP-Proyecto-2-Z8/input_reader/vitis/input_reader_plt/hw/DEMO_wrapper.xsa
TRACE::2025-06-06.21:40:04::SCWPlatform::DSA given D:/proyectosep2/IEE2463-SEP-Proyecto-2-Z8/input_reader/vitis/input_reader_plt/hw/DEMO_wrapper.xsa
TRACE::2025-06-06.21:40:04::SCWPlatform::DSA absoulate path D:/proyectosep2/IEE2463-SEP-Proyecto-2-Z8/input_reader/vitis/input_reader_plt/hw/DEMO_wrapper.xsa
TRACE::2025-06-06.21:40:04::SCWPlatform::DSA directory D:/proyectosep2/IEE2463-SEP-Proyecto-2-Z8/input_reader/vitis/input_reader_plt/hw
TRACE::2025-06-06.21:40:04::SCWPlatform:: Platform Path D:/proyectosep2/IEE2463-SEP-Proyecto-2-Z8/input_reader/vitis/input_reader_plt/hw/DEMO_wrapper.xsa
TRACE::2025-06-06.21:40:04::SCWPlatform:: Unique name xilinx:zybo-z7-10::0.0
TRACE::2025-06-06.21:40:04::SCWPlatform::Trying to set the existing hwdb with name DEMO_wrapper_0
TRACE::2025-06-06.21:40:04::SCWPlatform::Opened existing hwdb DEMO_wrapper_0
TRACE::2025-06-06.21:40:04::SCWPlatform::Found the Hw Db part of the input DSA
TRACE::2025-06-06.21:40:04::SCWMssOS::Checking the sw design at  D:/proyectosep2/IEE2463-SEP-Proyecto-2-Z8/input_reader/vitis/input_reader_plt/zynq_fsbl/zynq_fsbl_bsp/system.mss
TRACE::2025-06-06.21:40:04::SCWMssOS::DEBUG:  swdes dump  D:/proyectosep2/IEE2463-SEP-Proyecto-2-Z8/input_reader/vitis/input_reader_plt/ps7_cortexa9_0/standalone_domain/bsp/system.mss|system_0||
D:/proyectosep2/IEE2463-SEP-Proyecto-2-Z8/input_reader/vitis/input_reader_plt/zynq_fsbl/zynq_fsbl_bsp/system.mss|system||

TRACE::2025-06-06.21:40:04::SCWMssOS::Sw design exists and opened at  D:/proyectosep2/IEE2463-SEP-Proyecto-2-Z8/input_reader/vitis/input_reader_plt/zynq_fsbl/zynq_fsbl_bsp/system.mss
TRACE::2025-06-06.21:40:04::SCWPlatform::Trying to open the hw design at D:/proyectosep2/IEE2463-SEP-Proyecto-2-Z8/input_reader/vitis/input_reader_plt/hw/DEMO_wrapper.xsa
TRACE::2025-06-06.21:40:04::SCWPlatform::DSA given D:/proyectosep2/IEE2463-SEP-Proyecto-2-Z8/input_reader/vitis/input_reader_plt/hw/DEMO_wrapper.xsa
TRACE::2025-06-06.21:40:04::SCWPlatform::DSA absoulate path D:/proyectosep2/IEE2463-SEP-Proyecto-2-Z8/input_reader/vitis/input_reader_plt/hw/DEMO_wrapper.xsa
TRACE::2025-06-06.21:40:04::SCWPlatform::DSA directory D:/proyectosep2/IEE2463-SEP-Proyecto-2-Z8/input_reader/vitis/input_reader_plt/hw
TRACE::2025-06-06.21:40:04::SCWPlatform:: Platform Path D:/proyectosep2/IEE2463-SEP-Proyecto-2-Z8/input_reader/vitis/input_reader_plt/hw/DEMO_wrapper.xsa
TRACE::2025-06-06.21:40:04::SCWPlatform:: Unique name xilinx:zybo-z7-10::0.0
TRACE::2025-06-06.21:40:04::SCWPlatform::Trying to set the existing hwdb with name DEMO_wrapper_0
TRACE::2025-06-06.21:40:04::SCWPlatform::Opened existing hwdb DEMO_wrapper_0
TRACE::2025-06-06.21:40:04::SCWPlatform::Found the Hw Db part of the input DSA
TRACE::2025-06-06.21:40:04::SCWMssOS::Checking the sw design at  D:/proyectosep2/IEE2463-SEP-Proyecto-2-Z8/input_reader/vitis/input_reader_plt/zynq_fsbl/zynq_fsbl_bsp/system.mss
TRACE::2025-06-06.21:40:04::SCWMssOS::DEBUG:  swdes dump  D:/proyectosep2/IEE2463-SEP-Proyecto-2-Z8/input_reader/vitis/input_reader_plt/ps7_cortexa9_0/standalone_domain/bsp/system.mss|system_0||
D:/proyectosep2/IEE2463-SEP-Proyecto-2-Z8/input_reader/vitis/input_reader_plt/zynq_fsbl/zynq_fsbl_bsp/system.mss|system||

TRACE::2025-06-06.21:40:04::SCWMssOS::Sw design exists and opened at  D:/proyectosep2/IEE2463-SEP-Proyecto-2-Z8/input_reader/vitis/input_reader_plt/zynq_fsbl/zynq_fsbl_bsp/system.mss
TRACE::2025-06-06.21:40:04::SCWPlatform::Trying to open the hw design at D:/proyectosep2/IEE2463-SEP-Proyecto-2-Z8/input_reader/vitis/input_reader_plt/hw/DEMO_wrapper.xsa
TRACE::2025-06-06.21:40:04::SCWPlatform::DSA given D:/proyectosep2/IEE2463-SEP-Proyecto-2-Z8/input_reader/vitis/input_reader_plt/hw/DEMO_wrapper.xsa
TRACE::2025-06-06.21:40:04::SCWPlatform::DSA absoulate path D:/proyectosep2/IEE2463-SEP-Proyecto-2-Z8/input_reader/vitis/input_reader_plt/hw/DEMO_wrapper.xsa
TRACE::2025-06-06.21:40:04::SCWPlatform::DSA directory D:/proyectosep2/IEE2463-SEP-Proyecto-2-Z8/input_reader/vitis/input_reader_plt/hw
TRACE::2025-06-06.21:40:04::SCWPlatform:: Platform Path D:/proyectosep2/IEE2463-SEP-Proyecto-2-Z8/input_reader/vitis/input_reader_plt/hw/DEMO_wrapper.xsa
TRACE::2025-06-06.21:40:04::SCWPlatform:: Unique name xilinx:zybo-z7-10::0.0
TRACE::2025-06-06.21:40:04::SCWPlatform::Trying to set the existing hwdb with name DEMO_wrapper_0
TRACE::2025-06-06.21:40:04::SCWPlatform::Opened existing hwdb DEMO_wrapper_0
TRACE::2025-06-06.21:40:04::SCWPlatform::Found the Hw Db part of the input DSA
TRACE::2025-06-06.21:40:04::SCWMssOS::Checking the sw design at  D:/proyectosep2/IEE2463-SEP-Proyecto-2-Z8/input_reader/vitis/input_reader_plt/ps7_cortexa9_0/standalone_domain/bsp/system.mss
TRACE::2025-06-06.21:40:04::SCWMssOS::DEBUG:  swdes dump  D:/proyectosep2/IEE2463-SEP-Proyecto-2-Z8/input_reader/vitis/input_reader_plt/ps7_cortexa9_0/standalone_domain/bsp/system.mss|system_0||
D:/proyectosep2/IEE2463-SEP-Proyecto-2-Z8/input_reader/vitis/input_reader_plt/zynq_fsbl/zynq_fsbl_bsp/system.mss|system||

TRACE::2025-06-06.21:40:04::SCWMssOS::Sw design exists and opened at  D:/proyectosep2/IEE2463-SEP-Proyecto-2-Z8/input_reader/vitis/input_reader_plt/ps7_cortexa9_0/standalone_domain/bsp/system.mss
TRACE::2025-06-06.21:40:04::SCWPlatform::Trying to open the hw design at D:/proyectosep2/IEE2463-SEP-Proyecto-2-Z8/input_reader/vitis/input_reader_plt/hw/DEMO_wrapper.xsa
TRACE::2025-06-06.21:40:04::SCWPlatform::DSA given D:/proyectosep2/IEE2463-SEP-Proyecto-2-Z8/input_reader/vitis/input_reader_plt/hw/DEMO_wrapper.xsa
TRACE::2025-06-06.21:40:04::SCWPlatform::DSA absoulate path D:/proyectosep2/IEE2463-SEP-Proyecto-2-Z8/input_reader/vitis/input_reader_plt/hw/DEMO_wrapper.xsa
TRACE::2025-06-06.21:40:04::SCWPlatform::DSA directory D:/proyectosep2/IEE2463-SEP-Proyecto-2-Z8/input_reader/vitis/input_reader_plt/hw
TRACE::2025-06-06.21:40:04::SCWPlatform:: Platform Path D:/proyectosep2/IEE2463-SEP-Proyecto-2-Z8/input_reader/vitis/input_reader_plt/hw/DEMO_wrapper.xsa
TRACE::2025-06-06.21:40:04::SCWPlatform:: Unique name xilinx:zybo-z7-10::0.0
TRACE::2025-06-06.21:40:04::SCWPlatform::Trying to set the existing hwdb with name DEMO_wrapper_0
TRACE::2025-06-06.21:40:04::SCWPlatform::Opened existing hwdb DEMO_wrapper_0
TRACE::2025-06-06.21:40:04::SCWPlatform::Found the Hw Db part of the input DSA
TRACE::2025-06-06.21:40:04::SCWMssOS::Checking the sw design at  D:/proyectosep2/IEE2463-SEP-Proyecto-2-Z8/input_reader/vitis/input_reader_plt/ps7_cortexa9_0/standalone_domain/bsp/system.mss
TRACE::2025-06-06.21:40:04::SCWMssOS::DEBUG:  swdes dump  D:/proyectosep2/IEE2463-SEP-Proyecto-2-Z8/input_reader/vitis/input_reader_plt/ps7_cortexa9_0/standalone_domain/bsp/system.mss|system_0||
D:/proyectosep2/IEE2463-SEP-Proyecto-2-Z8/input_reader/vitis/input_reader_plt/zynq_fsbl/zynq_fsbl_bsp/system.mss|system||

TRACE::2025-06-06.21:40:04::SCWMssOS::Sw design exists and opened at  D:/proyectosep2/IEE2463-SEP-Proyecto-2-Z8/input_reader/vitis/input_reader_plt/ps7_cortexa9_0/standalone_domain/bsp/system.mss
TRACE::2025-06-06.21:40:04::SCWPlatform::Trying to open the hw design at D:/proyectosep2/IEE2463-SEP-Proyecto-2-Z8/input_reader/vitis/input_reader_plt/hw/DEMO_wrapper.xsa
TRACE::2025-06-06.21:40:04::SCWPlatform::DSA given D:/proyectosep2/IEE2463-SEP-Proyecto-2-Z8/input_reader/vitis/input_reader_plt/hw/DEMO_wrapper.xsa
TRACE::2025-06-06.21:40:04::SCWPlatform::DSA absoulate path D:/proyectosep2/IEE2463-SEP-Proyecto-2-Z8/input_reader/vitis/input_reader_plt/hw/DEMO_wrapper.xsa
TRACE::2025-06-06.21:40:04::SCWPlatform::DSA directory D:/proyectosep2/IEE2463-SEP-Proyecto-2-Z8/input_reader/vitis/input_reader_plt/hw
TRACE::2025-06-06.21:40:04::SCWPlatform:: Platform Path D:/proyectosep2/IEE2463-SEP-Proyecto-2-Z8/input_reader/vitis/input_reader_plt/hw/DEMO_wrapper.xsa
TRACE::2025-06-06.21:40:04::SCWPlatform:: Unique name xilinx:zybo-z7-10::0.0
TRACE::2025-06-06.21:40:04::SCWPlatform::Trying to set the existing hwdb with name DEMO_wrapper_0
TRACE::2025-06-06.21:40:04::SCWPlatform::Opened existing hwdb DEMO_wrapper_0
TRACE::2025-06-06.21:40:04::SCWPlatform::Found the Hw Db part of the input DSA
TRACE::2025-06-06.21:40:04::SCWMssOS::Checking the sw design at  D:/proyectosep2/IEE2463-SEP-Proyecto-2-Z8/input_reader/vitis/input_reader_plt/ps7_cortexa9_0/standalone_domain/bsp/system.mss
TRACE::2025-06-06.21:40:04::SCWMssOS::DEBUG:  swdes dump  D:/proyectosep2/IEE2463-SEP-Proyecto-2-Z8/input_reader/vitis/input_reader_plt/ps7_cortexa9_0/standalone_domain/bsp/system.mss|system_0||
D:/proyectosep2/IEE2463-SEP-Proyecto-2-Z8/input_reader/vitis/input_reader_plt/zynq_fsbl/zynq_fsbl_bsp/system.mss|system||

TRACE::2025-06-06.21:40:04::SCWMssOS::Sw design exists and opened at  D:/proyectosep2/IEE2463-SEP-Proyecto-2-Z8/input_reader/vitis/input_reader_plt/ps7_cortexa9_0/standalone_domain/bsp/system.mss
TRACE::2025-06-06.21:40:04::SCWWriter::formatted JSON is {
	"platformName":	"input_reader_plt",
	"sprVersion":	"2.0",
	"mode":	"gui",
	"dsaType":	"Fixed",
	"platformDesc":	"input_reader_plt",
	"platHandOff":	"D:/proyectosep2/IEE2463-SEP-Proyecto-2-Z8/input_reader/vivado/DEMO_wrapper.xsa",
	"platIntHandOff":	"<platformDir>/hw/DEMO_wrapper.xsa",
	"deviceType":	"zynq",
	"platIsPrebuiltAutogen":	"false",
	"platIsNoBootBsp":	"false",
	"platFsblTarget":	"ps7_cortexa9_0",
	"hasFsblMakeHasChanges":	"false",
	"hasPmufwMakeHasChanges":	"false",
	"fsblExtraCompilerFlags":	"-MMD -MP       -mcpu=cortex-a9 -mfpu=vfpv3 -mfloat-abi=hard ",
	"platPreBuiltFlag":	false,
	"platformSamplesDir":	"",
	"platActiveSys":	"input_reader_plt",
	"systems":	[{
			"systemName":	"input_reader_plt",
			"systemDesc":	"input_reader_plt",
			"sysIsBootAutoGen":	"true",
			"systemDispName":	"input_reader_plt",
			"sysActiveDom":	"standalone_domain",
			"sysDefaultDom":	"standalone_domain",
			"domains":	[{
					"domainName":	"zynq_fsbl",
					"domainDispName":	"zynq_fsbl",
					"domainDesc":	"FSBL Application BSP - Auto Generated.",
					"processors":	"ps7_cortexa9_0",
					"os":	"standalone",
					"sdxOs":	"standalone",
					"debugEnable":	"",
					"domRuntimes":	["cpp"],
					"swRepo":	"",
					"mssOsVer":	"7.2",
					"mssFile":	"",
					"md5Digest":	"7079462d43296522fe4c25429e7041e8",
					"compatibleApp":	"zynq_fsbl",
					"domType":	"bootDomain",
					"appSettings":	{
						"appCompilerFlags":	"",
						"appLinkerFlags":	""
					},
					"addedLibs":	["xilffs:4.3", "xilrsa:1.6"],
					"libOptions":	{
						"libsContainingOptions":	[]
					},
					"prebuiltLibs":	{
						"prebuiltIncPath":	[],
						"prebuiltLibPath":	[]
					},
					"isolation":	{
					}
				}, {
					"domainName":	"standalone_domain",
					"domainDispName":	"standalone_domain",
					"domainDesc":	"standalone_domain",
					"processors":	"ps7_cortexa9_0",
					"os":	"standalone",
					"sdxOs":	"standalone",
					"qemuArgs":	"D:/Xilinx/Vitis/2020.1/data/emulation/platforms/zynq/qemu/qemu_args.txt",
					"qemuData":	"D:/Xilinx/Vitis/2020.1/data/emulation/platforms/zynq/qemu/",
					"debugEnable":	"False",
					"domRuntimes":	["cpp"],
					"swRepo":	"",
					"mssOsVer":	"7.2",
					"mssFile":	"",
					"md5Digest":	"66d3fb87f21487cff6d9ef7ac8bd223d",
					"compatibleApp":	"",
					"domType":	"mssDomain",
					"appSettings":	{
						"appCompilerFlags":	"",
						"appLinkerFlags":	""
					},
					"addedLibs":	[],
					"libOptions":	{
						"libsContainingOptions":	[]
					},
					"prebuiltLibs":	{
						"prebuiltIncPath":	[],
						"prebuiltLibPath":	[]
					},
					"isolation":	{
					}
				}]
		}]
}
KEYINFO::2025-06-06.21:40:04::SCWPlatform::updated the xpfm file.
TRACE::2025-06-06.21:40:05::SCWPlatform::Trying to open the hw design at D:/proyectosep2/IEE2463-SEP-Proyecto-2-Z8/input_reader/vitis/input_reader_plt/hw/DEMO_wrapper.xsa
TRACE::2025-06-06.21:40:05::SCWPlatform::DSA given D:/proyectosep2/IEE2463-SEP-Proyecto-2-Z8/input_reader/vitis/input_reader_plt/hw/DEMO_wrapper.xsa
TRACE::2025-06-06.21:40:05::SCWPlatform::DSA absoulate path D:/proyectosep2/IEE2463-SEP-Proyecto-2-Z8/input_reader/vitis/input_reader_plt/hw/DEMO_wrapper.xsa
TRACE::2025-06-06.21:40:05::SCWPlatform::DSA directory D:/proyectosep2/IEE2463-SEP-Proyecto-2-Z8/input_reader/vitis/input_reader_plt/hw
TRACE::2025-06-06.21:40:05::SCWPlatform:: Platform Path D:/proyectosep2/IEE2463-SEP-Proyecto-2-Z8/input_reader/vitis/input_reader_plt/hw/DEMO_wrapper.xsa
TRACE::2025-06-06.21:40:05::SCWPlatform:: Unique name xilinx:zybo-z7-10::0.0
TRACE::2025-06-06.21:40:05::SCWPlatform::Trying to set the existing hwdb with name DEMO_wrapper_0
TRACE::2025-06-06.21:40:05::SCWPlatform::Opened existing hwdb DEMO_wrapper_0
TRACE::2025-06-06.21:40:05::SCWPlatform::Found the Hw Db part of the input DSA
TRACE::2025-06-06.21:40:05::SCWMssOS::Checking the sw design at  D:/proyectosep2/IEE2463-SEP-Proyecto-2-Z8/input_reader/vitis/input_reader_plt/ps7_cortexa9_0/standalone_domain/bsp/system.mss
TRACE::2025-06-06.21:40:05::SCWMssOS::DEBUG:  swdes dump  D:/proyectosep2/IEE2463-SEP-Proyecto-2-Z8/input_reader/vitis/input_reader_plt/ps7_cortexa9_0/standalone_domain/bsp/system.mss|system_0||
D:/proyectosep2/IEE2463-SEP-Proyecto-2-Z8/input_reader/vitis/input_reader_plt/zynq_fsbl/zynq_fsbl_bsp/system.mss|system||

TRACE::2025-06-06.21:40:05::SCWMssOS::Sw design exists and opened at  D:/proyectosep2/IEE2463-SEP-Proyecto-2-Z8/input_reader/vitis/input_reader_plt/ps7_cortexa9_0/standalone_domain/bsp/system.mss
TRACE::2025-06-06.21:40:05::SCWMssOS::Saving the mss changes D:/proyectosep2/IEE2463-SEP-Proyecto-2-Z8/input_reader/vitis/input_reader_plt/zynq_fsbl/zynq_fsbl_bsp/system.mss
TRACE::2025-06-06.21:40:05::SCWMssOS::Found a swdesign opened with the mssfile.
TRACE::2025-06-06.21:40:05::SCWMssOS::Completed writemss as part of save.
TRACE::2025-06-06.21:40:05::SCWMssOS::Commit changes completed.
TRACE::2025-06-06.21:40:05::SCWMssOS::Saving the mss changes D:/proyectosep2/IEE2463-SEP-Proyecto-2-Z8/input_reader/vitis/input_reader_plt/ps7_cortexa9_0/standalone_domain/bsp/system.mss
TRACE::2025-06-06.21:40:05::SCWMssOS::Found a swdesign opened with the mssfile.
TRACE::2025-06-06.21:40:05::SCWMssOS::Completed writemss as part of save.
TRACE::2025-06-06.21:40:05::SCWMssOS::Commit changes completed.
TRACE::2025-06-06.21:40:05::SCWPlatform::Trying to open the hw design at D:/proyectosep2/IEE2463-SEP-Proyecto-2-Z8/input_reader/vitis/input_reader_plt/hw/DEMO_wrapper.xsa
TRACE::2025-06-06.21:40:05::SCWPlatform::DSA given D:/proyectosep2/IEE2463-SEP-Proyecto-2-Z8/input_reader/vitis/input_reader_plt/hw/DEMO_wrapper.xsa
TRACE::2025-06-06.21:40:05::SCWPlatform::DSA absoulate path D:/proyectosep2/IEE2463-SEP-Proyecto-2-Z8/input_reader/vitis/input_reader_plt/hw/DEMO_wrapper.xsa
TRACE::2025-06-06.21:40:05::SCWPlatform::DSA directory D:/proyectosep2/IEE2463-SEP-Proyecto-2-Z8/input_reader/vitis/input_reader_plt/hw
TRACE::2025-06-06.21:40:05::SCWPlatform:: Platform Path D:/proyectosep2/IEE2463-SEP-Proyecto-2-Z8/input_reader/vitis/input_reader_plt/hw/DEMO_wrapper.xsa
TRACE::2025-06-06.21:40:05::SCWPlatform:: Unique name xilinx:zybo-z7-10::0.0
TRACE::2025-06-06.21:40:05::SCWPlatform::Trying to set the existing hwdb with name DEMO_wrapper_0
TRACE::2025-06-06.21:40:05::SCWPlatform::Opened existing hwdb DEMO_wrapper_0
TRACE::2025-06-06.21:40:05::SCWPlatform::Found the Hw Db part of the input DSA
TRACE::2025-06-06.21:40:05::SCWMssOS::Checking the sw design at  D:/proyectosep2/IEE2463-SEP-Proyecto-2-Z8/input_reader/vitis/input_reader_plt/zynq_fsbl/zynq_fsbl_bsp/system.mss
TRACE::2025-06-06.21:40:05::SCWMssOS::DEBUG:  swdes dump  D:/proyectosep2/IEE2463-SEP-Proyecto-2-Z8/input_reader/vitis/input_reader_plt/ps7_cortexa9_0/standalone_domain/bsp/system.mss|system_0||
D:/proyectosep2/IEE2463-SEP-Proyecto-2-Z8/input_reader/vitis/input_reader_plt/zynq_fsbl/zynq_fsbl_bsp/system.mss|system||

TRACE::2025-06-06.21:40:05::SCWMssOS::Sw design exists and opened at  D:/proyectosep2/IEE2463-SEP-Proyecto-2-Z8/input_reader/vitis/input_reader_plt/zynq_fsbl/zynq_fsbl_bsp/system.mss
TRACE::2025-06-06.21:40:05::SCWPlatform::Trying to open the hw design at D:/proyectosep2/IEE2463-SEP-Proyecto-2-Z8/input_reader/vitis/input_reader_plt/hw/DEMO_wrapper.xsa
TRACE::2025-06-06.21:40:05::SCWPlatform::DSA given D:/proyectosep2/IEE2463-SEP-Proyecto-2-Z8/input_reader/vitis/input_reader_plt/hw/DEMO_wrapper.xsa
TRACE::2025-06-06.21:40:05::SCWPlatform::DSA absoulate path D:/proyectosep2/IEE2463-SEP-Proyecto-2-Z8/input_reader/vitis/input_reader_plt/hw/DEMO_wrapper.xsa
TRACE::2025-06-06.21:40:05::SCWPlatform::DSA directory D:/proyectosep2/IEE2463-SEP-Proyecto-2-Z8/input_reader/vitis/input_reader_plt/hw
TRACE::2025-06-06.21:40:05::SCWPlatform:: Platform Path D:/proyectosep2/IEE2463-SEP-Proyecto-2-Z8/input_reader/vitis/input_reader_plt/hw/DEMO_wrapper.xsa
TRACE::2025-06-06.21:40:05::SCWPlatform:: Unique name xilinx:zybo-z7-10::0.0
TRACE::2025-06-06.21:40:05::SCWPlatform::Trying to set the existing hwdb with name DEMO_wrapper_0
TRACE::2025-06-06.21:40:05::SCWPlatform::Opened existing hwdb DEMO_wrapper_0
TRACE::2025-06-06.21:40:05::SCWPlatform::Found the Hw Db part of the input DSA
TRACE::2025-06-06.21:40:05::SCWMssOS::Checking the sw design at  D:/proyectosep2/IEE2463-SEP-Proyecto-2-Z8/input_reader/vitis/input_reader_plt/zynq_fsbl/zynq_fsbl_bsp/system.mss
TRACE::2025-06-06.21:40:05::SCWMssOS::DEBUG:  swdes dump  D:/proyectosep2/IEE2463-SEP-Proyecto-2-Z8/input_reader/vitis/input_reader_plt/ps7_cortexa9_0/standalone_domain/bsp/system.mss|system_0||
D:/proyectosep2/IEE2463-SEP-Proyecto-2-Z8/input_reader/vitis/input_reader_plt/zynq_fsbl/zynq_fsbl_bsp/system.mss|system||

TRACE::2025-06-06.21:40:05::SCWMssOS::Sw design exists and opened at  D:/proyectosep2/IEE2463-SEP-Proyecto-2-Z8/input_reader/vitis/input_reader_plt/zynq_fsbl/zynq_fsbl_bsp/system.mss
TRACE::2025-06-06.21:40:05::SCWPlatform::Trying to open the hw design at D:/proyectosep2/IEE2463-SEP-Proyecto-2-Z8/input_reader/vitis/input_reader_plt/hw/DEMO_wrapper.xsa
TRACE::2025-06-06.21:40:05::SCWPlatform::DSA given D:/proyectosep2/IEE2463-SEP-Proyecto-2-Z8/input_reader/vitis/input_reader_plt/hw/DEMO_wrapper.xsa
TRACE::2025-06-06.21:40:05::SCWPlatform::DSA absoulate path D:/proyectosep2/IEE2463-SEP-Proyecto-2-Z8/input_reader/vitis/input_reader_plt/hw/DEMO_wrapper.xsa
TRACE::2025-06-06.21:40:05::SCWPlatform::DSA directory D:/proyectosep2/IEE2463-SEP-Proyecto-2-Z8/input_reader/vitis/input_reader_plt/hw
TRACE::2025-06-06.21:40:05::SCWPlatform:: Platform Path D:/proyectosep2/IEE2463-SEP-Proyecto-2-Z8/input_reader/vitis/input_reader_plt/hw/DEMO_wrapper.xsa
TRACE::2025-06-06.21:40:05::SCWPlatform:: Unique name xilinx:zybo-z7-10::0.0
TRACE::2025-06-06.21:40:05::SCWPlatform::Trying to set the existing hwdb with name DEMO_wrapper_0
TRACE::2025-06-06.21:40:05::SCWPlatform::Opened existing hwdb DEMO_wrapper_0
TRACE::2025-06-06.21:40:05::SCWPlatform::Found the Hw Db part of the input DSA
TRACE::2025-06-06.21:40:05::SCWMssOS::Checking the sw design at  D:/proyectosep2/IEE2463-SEP-Proyecto-2-Z8/input_reader/vitis/input_reader_plt/zynq_fsbl/zynq_fsbl_bsp/system.mss
TRACE::2025-06-06.21:40:05::SCWMssOS::DEBUG:  swdes dump  D:/proyectosep2/IEE2463-SEP-Proyecto-2-Z8/input_reader/vitis/input_reader_plt/ps7_cortexa9_0/standalone_domain/bsp/system.mss|system_0||
D:/proyectosep2/IEE2463-SEP-Proyecto-2-Z8/input_reader/vitis/input_reader_plt/zynq_fsbl/zynq_fsbl_bsp/system.mss|system||

TRACE::2025-06-06.21:40:05::SCWMssOS::Sw design exists and opened at  D:/proyectosep2/IEE2463-SEP-Proyecto-2-Z8/input_reader/vitis/input_reader_plt/zynq_fsbl/zynq_fsbl_bsp/system.mss
TRACE::2025-06-06.21:40:05::SCWPlatform::Trying to open the hw design at D:/proyectosep2/IEE2463-SEP-Proyecto-2-Z8/input_reader/vitis/input_reader_plt/hw/DEMO_wrapper.xsa
TRACE::2025-06-06.21:40:05::SCWPlatform::DSA given D:/proyectosep2/IEE2463-SEP-Proyecto-2-Z8/input_reader/vitis/input_reader_plt/hw/DEMO_wrapper.xsa
TRACE::2025-06-06.21:40:05::SCWPlatform::DSA absoulate path D:/proyectosep2/IEE2463-SEP-Proyecto-2-Z8/input_reader/vitis/input_reader_plt/hw/DEMO_wrapper.xsa
TRACE::2025-06-06.21:40:05::SCWPlatform::DSA directory D:/proyectosep2/IEE2463-SEP-Proyecto-2-Z8/input_reader/vitis/input_reader_plt/hw
TRACE::2025-06-06.21:40:05::SCWPlatform:: Platform Path D:/proyectosep2/IEE2463-SEP-Proyecto-2-Z8/input_reader/vitis/input_reader_plt/hw/DEMO_wrapper.xsa
TRACE::2025-06-06.21:40:05::SCWPlatform:: Unique name xilinx:zybo-z7-10::0.0
TRACE::2025-06-06.21:40:05::SCWPlatform::Trying to set the existing hwdb with name DEMO_wrapper_0
TRACE::2025-06-06.21:40:05::SCWPlatform::Opened existing hwdb DEMO_wrapper_0
TRACE::2025-06-06.21:40:05::SCWPlatform::Found the Hw Db part of the input DSA
TRACE::2025-06-06.21:40:05::SCWMssOS::Checking the sw design at  D:/proyectosep2/IEE2463-SEP-Proyecto-2-Z8/input_reader/vitis/input_reader_plt/ps7_cortexa9_0/standalone_domain/bsp/system.mss
TRACE::2025-06-06.21:40:05::SCWMssOS::DEBUG:  swdes dump  D:/proyectosep2/IEE2463-SEP-Proyecto-2-Z8/input_reader/vitis/input_reader_plt/ps7_cortexa9_0/standalone_domain/bsp/system.mss|system_0||
D:/proyectosep2/IEE2463-SEP-Proyecto-2-Z8/input_reader/vitis/input_reader_plt/zynq_fsbl/zynq_fsbl_bsp/system.mss|system||

TRACE::2025-06-06.21:40:05::SCWMssOS::Sw design exists and opened at  D:/proyectosep2/IEE2463-SEP-Proyecto-2-Z8/input_reader/vitis/input_reader_plt/ps7_cortexa9_0/standalone_domain/bsp/system.mss
TRACE::2025-06-06.21:40:05::SCWPlatform::Trying to open the hw design at D:/proyectosep2/IEE2463-SEP-Proyecto-2-Z8/input_reader/vitis/input_reader_plt/hw/DEMO_wrapper.xsa
TRACE::2025-06-06.21:40:05::SCWPlatform::DSA given D:/proyectosep2/IEE2463-SEP-Proyecto-2-Z8/input_reader/vitis/input_reader_plt/hw/DEMO_wrapper.xsa
TRACE::2025-06-06.21:40:05::SCWPlatform::DSA absoulate path D:/proyectosep2/IEE2463-SEP-Proyecto-2-Z8/input_reader/vitis/input_reader_plt/hw/DEMO_wrapper.xsa
TRACE::2025-06-06.21:40:05::SCWPlatform::DSA directory D:/proyectosep2/IEE2463-SEP-Proyecto-2-Z8/input_reader/vitis/input_reader_plt/hw
TRACE::2025-06-06.21:40:05::SCWPlatform:: Platform Path D:/proyectosep2/IEE2463-SEP-Proyecto-2-Z8/input_reader/vitis/input_reader_plt/hw/DEMO_wrapper.xsa
TRACE::2025-06-06.21:40:05::SCWPlatform:: Unique name xilinx:zybo-z7-10::0.0
TRACE::2025-06-06.21:40:05::SCWPlatform::Trying to set the existing hwdb with name DEMO_wrapper_0
TRACE::2025-06-06.21:40:05::SCWPlatform::Opened existing hwdb DEMO_wrapper_0
TRACE::2025-06-06.21:40:05::SCWPlatform::Found the Hw Db part of the input DSA
TRACE::2025-06-06.21:40:05::SCWMssOS::Checking the sw design at  D:/proyectosep2/IEE2463-SEP-Proyecto-2-Z8/input_reader/vitis/input_reader_plt/ps7_cortexa9_0/standalone_domain/bsp/system.mss
TRACE::2025-06-06.21:40:05::SCWMssOS::DEBUG:  swdes dump  D:/proyectosep2/IEE2463-SEP-Proyecto-2-Z8/input_reader/vitis/input_reader_plt/ps7_cortexa9_0/standalone_domain/bsp/system.mss|system_0||
D:/proyectosep2/IEE2463-SEP-Proyecto-2-Z8/input_reader/vitis/input_reader_plt/zynq_fsbl/zynq_fsbl_bsp/system.mss|system||

TRACE::2025-06-06.21:40:05::SCWMssOS::Sw design exists and opened at  D:/proyectosep2/IEE2463-SEP-Proyecto-2-Z8/input_reader/vitis/input_reader_plt/ps7_cortexa9_0/standalone_domain/bsp/system.mss
TRACE::2025-06-06.21:40:05::SCWPlatform::Trying to open the hw design at D:/proyectosep2/IEE2463-SEP-Proyecto-2-Z8/input_reader/vitis/input_reader_plt/hw/DEMO_wrapper.xsa
TRACE::2025-06-06.21:40:05::SCWPlatform::DSA given D:/proyectosep2/IEE2463-SEP-Proyecto-2-Z8/input_reader/vitis/input_reader_plt/hw/DEMO_wrapper.xsa
TRACE::2025-06-06.21:40:05::SCWPlatform::DSA absoulate path D:/proyectosep2/IEE2463-SEP-Proyecto-2-Z8/input_reader/vitis/input_reader_plt/hw/DEMO_wrapper.xsa
TRACE::2025-06-06.21:40:05::SCWPlatform::DSA directory D:/proyectosep2/IEE2463-SEP-Proyecto-2-Z8/input_reader/vitis/input_reader_plt/hw
TRACE::2025-06-06.21:40:05::SCWPlatform:: Platform Path D:/proyectosep2/IEE2463-SEP-Proyecto-2-Z8/input_reader/vitis/input_reader_plt/hw/DEMO_wrapper.xsa
TRACE::2025-06-06.21:40:05::SCWPlatform:: Unique name xilinx:zybo-z7-10::0.0
TRACE::2025-06-06.21:40:05::SCWPlatform::Trying to set the existing hwdb with name DEMO_wrapper_0
TRACE::2025-06-06.21:40:05::SCWPlatform::Opened existing hwdb DEMO_wrapper_0
TRACE::2025-06-06.21:40:05::SCWPlatform::Found the Hw Db part of the input DSA
TRACE::2025-06-06.21:40:05::SCWMssOS::Checking the sw design at  D:/proyectosep2/IEE2463-SEP-Proyecto-2-Z8/input_reader/vitis/input_reader_plt/ps7_cortexa9_0/standalone_domain/bsp/system.mss
TRACE::2025-06-06.21:40:05::SCWMssOS::DEBUG:  swdes dump  D:/proyectosep2/IEE2463-SEP-Proyecto-2-Z8/input_reader/vitis/input_reader_plt/ps7_cortexa9_0/standalone_domain/bsp/system.mss|system_0||
D:/proyectosep2/IEE2463-SEP-Proyecto-2-Z8/input_reader/vitis/input_reader_plt/zynq_fsbl/zynq_fsbl_bsp/system.mss|system||

TRACE::2025-06-06.21:40:05::SCWMssOS::Sw design exists and opened at  D:/proyectosep2/IEE2463-SEP-Proyecto-2-Z8/input_reader/vitis/input_reader_plt/ps7_cortexa9_0/standalone_domain/bsp/system.mss
TRACE::2025-06-06.21:40:05::SCWWriter::formatted JSON is {
	"platformName":	"input_reader_plt",
	"sprVersion":	"2.0",
	"mode":	"gui",
	"dsaType":	"Fixed",
	"platformDesc":	"input_reader_plt",
	"platHandOff":	"D:/proyectosep2/IEE2463-SEP-Proyecto-2-Z8/input_reader/vivado/DEMO_wrapper.xsa",
	"platIntHandOff":	"<platformDir>/hw/DEMO_wrapper.xsa",
	"deviceType":	"zynq",
	"platIsPrebuiltAutogen":	"false",
	"platIsNoBootBsp":	"false",
	"platFsblTarget":	"ps7_cortexa9_0",
	"hasFsblMakeHasChanges":	"false",
	"hasPmufwMakeHasChanges":	"false",
	"fsblExtraCompilerFlags":	"-MMD -MP       -mcpu=cortex-a9 -mfpu=vfpv3 -mfloat-abi=hard ",
	"platPreBuiltFlag":	false,
	"platformSamplesDir":	"",
	"platActiveSys":	"input_reader_plt",
	"systems":	[{
			"systemName":	"input_reader_plt",
			"systemDesc":	"input_reader_plt",
			"sysIsBootAutoGen":	"true",
			"systemDispName":	"input_reader_plt",
			"sysActiveDom":	"standalone_domain",
			"sysDefaultDom":	"standalone_domain",
			"domains":	[{
					"domainName":	"zynq_fsbl",
					"domainDispName":	"zynq_fsbl",
					"domainDesc":	"FSBL Application BSP - Auto Generated.",
					"processors":	"ps7_cortexa9_0",
					"os":	"standalone",
					"sdxOs":	"standalone",
					"debugEnable":	"",
					"domRuntimes":	["cpp"],
					"swRepo":	"",
					"mssOsVer":	"7.2",
					"mssFile":	"",
					"md5Digest":	"7079462d43296522fe4c25429e7041e8",
					"compatibleApp":	"zynq_fsbl",
					"domType":	"bootDomain",
					"appSettings":	{
						"appCompilerFlags":	"",
						"appLinkerFlags":	""
					},
					"addedLibs":	["xilffs:4.3", "xilrsa:1.6"],
					"libOptions":	{
						"libsContainingOptions":	[]
					},
					"prebuiltLibs":	{
						"prebuiltIncPath":	[],
						"prebuiltLibPath":	[]
					},
					"isolation":	{
					}
				}, {
					"domainName":	"standalone_domain",
					"domainDispName":	"standalone_domain",
					"domainDesc":	"standalone_domain",
					"processors":	"ps7_cortexa9_0",
					"os":	"standalone",
					"sdxOs":	"standalone",
					"qemuArgs":	"D:/Xilinx/Vitis/2020.1/data/emulation/platforms/zynq/qemu/qemu_args.txt",
					"qemuData":	"D:/Xilinx/Vitis/2020.1/data/emulation/platforms/zynq/qemu/",
					"debugEnable":	"False",
					"domRuntimes":	["cpp"],
					"swRepo":	"",
					"mssOsVer":	"7.2",
					"mssFile":	"",
					"md5Digest":	"66d3fb87f21487cff6d9ef7ac8bd223d",
					"compatibleApp":	"",
					"domType":	"mssDomain",
					"appSettings":	{
						"appCompilerFlags":	"",
						"appLinkerFlags":	""
					},
					"addedLibs":	[],
					"libOptions":	{
						"libsContainingOptions":	[]
					},
					"prebuiltLibs":	{
						"prebuiltIncPath":	[],
						"prebuiltLibPath":	[]
					},
					"isolation":	{
					}
				}]
		}]
}
TRACE::2025-06-06.21:40:05::SCWPlatform::Trying to open the hw design at D:/proyectosep2/IEE2463-SEP-Proyecto-2-Z8/input_reader/vitis/input_reader_plt/hw/DEMO_wrapper.xsa
TRACE::2025-06-06.21:40:05::SCWPlatform::DSA given D:/proyectosep2/IEE2463-SEP-Proyecto-2-Z8/input_reader/vitis/input_reader_plt/hw/DEMO_wrapper.xsa
TRACE::2025-06-06.21:40:05::SCWPlatform::DSA absoulate path D:/proyectosep2/IEE2463-SEP-Proyecto-2-Z8/input_reader/vitis/input_reader_plt/hw/DEMO_wrapper.xsa
TRACE::2025-06-06.21:40:05::SCWPlatform::DSA directory D:/proyectosep2/IEE2463-SEP-Proyecto-2-Z8/input_reader/vitis/input_reader_plt/hw
TRACE::2025-06-06.21:40:05::SCWPlatform:: Platform Path D:/proyectosep2/IEE2463-SEP-Proyecto-2-Z8/input_reader/vitis/input_reader_plt/hw/DEMO_wrapper.xsa
TRACE::2025-06-06.21:40:05::SCWPlatform:: Unique name xilinx:zybo-z7-10::0.0
TRACE::2025-06-06.21:40:05::SCWPlatform::Trying to set the existing hwdb with name DEMO_wrapper_0
TRACE::2025-06-06.21:40:05::SCWPlatform::Opened existing hwdb DEMO_wrapper_0
TRACE::2025-06-06.21:40:05::SCWPlatform::Found the Hw Db part of the input DSA
TRACE::2025-06-06.21:40:05::SCWMssOS::Checking the sw design at  D:/proyectosep2/IEE2463-SEP-Proyecto-2-Z8/input_reader/vitis/input_reader_plt/ps7_cortexa9_0/standalone_domain/bsp/system.mss
TRACE::2025-06-06.21:40:05::SCWMssOS::DEBUG:  swdes dump  D:/proyectosep2/IEE2463-SEP-Proyecto-2-Z8/input_reader/vitis/input_reader_plt/ps7_cortexa9_0/standalone_domain/bsp/system.mss|system_0||
D:/proyectosep2/IEE2463-SEP-Proyecto-2-Z8/input_reader/vitis/input_reader_plt/zynq_fsbl/zynq_fsbl_bsp/system.mss|system||

TRACE::2025-06-06.21:40:05::SCWMssOS::Sw design exists and opened at  D:/proyectosep2/IEE2463-SEP-Proyecto-2-Z8/input_reader/vitis/input_reader_plt/ps7_cortexa9_0/standalone_domain/bsp/system.mss
TRACE::2025-06-06.21:40:05::SCWPlatform::Trying to open the hw design at D:/proyectosep2/IEE2463-SEP-Proyecto-2-Z8/input_reader/vitis/input_reader_plt/hw/DEMO_wrapper.xsa
TRACE::2025-06-06.21:40:05::SCWPlatform::DSA given D:/proyectosep2/IEE2463-SEP-Proyecto-2-Z8/input_reader/vitis/input_reader_plt/hw/DEMO_wrapper.xsa
TRACE::2025-06-06.21:40:05::SCWPlatform::DSA absoulate path D:/proyectosep2/IEE2463-SEP-Proyecto-2-Z8/input_reader/vitis/input_reader_plt/hw/DEMO_wrapper.xsa
TRACE::2025-06-06.21:40:05::SCWPlatform::DSA directory D:/proyectosep2/IEE2463-SEP-Proyecto-2-Z8/input_reader/vitis/input_reader_plt/hw
TRACE::2025-06-06.21:40:05::SCWPlatform:: Platform Path D:/proyectosep2/IEE2463-SEP-Proyecto-2-Z8/input_reader/vitis/input_reader_plt/hw/DEMO_wrapper.xsa
TRACE::2025-06-06.21:40:05::SCWPlatform:: Unique name xilinx:zybo-z7-10::0.0
TRACE::2025-06-06.21:40:05::SCWPlatform::Trying to set the existing hwdb with name DEMO_wrapper_0
TRACE::2025-06-06.21:40:05::SCWPlatform::Opened existing hwdb DEMO_wrapper_0
TRACE::2025-06-06.21:40:05::SCWPlatform::Found the Hw Db part of the input DSA
TRACE::2025-06-06.21:40:05::SCWMssOS::Checking the sw design at  D:/proyectosep2/IEE2463-SEP-Proyecto-2-Z8/input_reader/vitis/input_reader_plt/ps7_cortexa9_0/standalone_domain/bsp/system.mss
TRACE::2025-06-06.21:40:05::SCWMssOS::DEBUG:  swdes dump  D:/proyectosep2/IEE2463-SEP-Proyecto-2-Z8/input_reader/vitis/input_reader_plt/ps7_cortexa9_0/standalone_domain/bsp/system.mss|system_0||
D:/proyectosep2/IEE2463-SEP-Proyecto-2-Z8/input_reader/vitis/input_reader_plt/zynq_fsbl/zynq_fsbl_bsp/system.mss|system||

TRACE::2025-06-06.21:40:05::SCWMssOS::Sw design exists and opened at  D:/proyectosep2/IEE2463-SEP-Proyecto-2-Z8/input_reader/vitis/input_reader_plt/ps7_cortexa9_0/standalone_domain/bsp/system.mss
TRACE::2025-06-06.21:40:05::SCWPlatform::Trying to open the hw design at D:/proyectosep2/IEE2463-SEP-Proyecto-2-Z8/input_reader/vitis/input_reader_plt/hw/DEMO_wrapper.xsa
TRACE::2025-06-06.21:40:05::SCWPlatform::DSA given D:/proyectosep2/IEE2463-SEP-Proyecto-2-Z8/input_reader/vitis/input_reader_plt/hw/DEMO_wrapper.xsa
TRACE::2025-06-06.21:40:05::SCWPlatform::DSA absoulate path D:/proyectosep2/IEE2463-SEP-Proyecto-2-Z8/input_reader/vitis/input_reader_plt/hw/DEMO_wrapper.xsa
TRACE::2025-06-06.21:40:05::SCWPlatform::DSA directory D:/proyectosep2/IEE2463-SEP-Proyecto-2-Z8/input_reader/vitis/input_reader_plt/hw
TRACE::2025-06-06.21:40:05::SCWPlatform:: Platform Path D:/proyectosep2/IEE2463-SEP-Proyecto-2-Z8/input_reader/vitis/input_reader_plt/hw/DEMO_wrapper.xsa
TRACE::2025-06-06.21:40:05::SCWPlatform:: Unique name xilinx:zybo-z7-10::0.0
TRACE::2025-06-06.21:40:05::SCWPlatform::Trying to set the existing hwdb with name DEMO_wrapper_0
TRACE::2025-06-06.21:40:05::SCWPlatform::Opened existing hwdb DEMO_wrapper_0
TRACE::2025-06-06.21:40:05::SCWPlatform::Found the Hw Db part of the input DSA
TRACE::2025-06-06.21:40:05::SCWMssOS::Checking the sw design at  D:/proyectosep2/IEE2463-SEP-Proyecto-2-Z8/input_reader/vitis/input_reader_plt/ps7_cortexa9_0/standalone_domain/bsp/system.mss
TRACE::2025-06-06.21:40:05::SCWMssOS::DEBUG:  swdes dump  D:/proyectosep2/IEE2463-SEP-Proyecto-2-Z8/input_reader/vitis/input_reader_plt/ps7_cortexa9_0/standalone_domain/bsp/system.mss|system_0||
D:/proyectosep2/IEE2463-SEP-Proyecto-2-Z8/input_reader/vitis/input_reader_plt/zynq_fsbl/zynq_fsbl_bsp/system.mss|system||

TRACE::2025-06-06.21:40:05::SCWMssOS::Sw design exists and opened at  D:/proyectosep2/IEE2463-SEP-Proyecto-2-Z8/input_reader/vitis/input_reader_plt/ps7_cortexa9_0/standalone_domain/bsp/system.mss
TRACE::2025-06-06.21:40:05::SCWMssOS::Saving the mss changes D:/proyectosep2/IEE2463-SEP-Proyecto-2-Z8/input_reader/vitis/input_reader_plt/zynq_fsbl/zynq_fsbl_bsp/system.mss
TRACE::2025-06-06.21:40:05::SCWMssOS::Found a swdesign opened with the mssfile.
TRACE::2025-06-06.21:40:05::SCWMssOS::Completed writemss as part of save.
TRACE::2025-06-06.21:40:05::SCWMssOS::Commit changes completed.
TRACE::2025-06-06.21:40:05::SCWMssOS::Saving the mss changes D:/proyectosep2/IEE2463-SEP-Proyecto-2-Z8/input_reader/vitis/input_reader_plt/ps7_cortexa9_0/standalone_domain/bsp/system.mss
TRACE::2025-06-06.21:40:05::SCWMssOS::Found a swdesign opened with the mssfile.
TRACE::2025-06-06.21:40:05::SCWMssOS::Completed writemss as part of save.
TRACE::2025-06-06.21:40:05::SCWMssOS::Commit changes completed.
TRACE::2025-06-06.21:40:05::SCWPlatform::Trying to open the hw design at D:/proyectosep2/IEE2463-SEP-Proyecto-2-Z8/input_reader/vitis/input_reader_plt/hw/DEMO_wrapper.xsa
TRACE::2025-06-06.21:40:05::SCWPlatform::DSA given D:/proyectosep2/IEE2463-SEP-Proyecto-2-Z8/input_reader/vitis/input_reader_plt/hw/DEMO_wrapper.xsa
TRACE::2025-06-06.21:40:05::SCWPlatform::DSA absoulate path D:/proyectosep2/IEE2463-SEP-Proyecto-2-Z8/input_reader/vitis/input_reader_plt/hw/DEMO_wrapper.xsa
TRACE::2025-06-06.21:40:05::SCWPlatform::DSA directory D:/proyectosep2/IEE2463-SEP-Proyecto-2-Z8/input_reader/vitis/input_reader_plt/hw
TRACE::2025-06-06.21:40:05::SCWPlatform:: Platform Path D:/proyectosep2/IEE2463-SEP-Proyecto-2-Z8/input_reader/vitis/input_reader_plt/hw/DEMO_wrapper.xsa
TRACE::2025-06-06.21:40:05::SCWPlatform:: Unique name xilinx:zybo-z7-10::0.0
TRACE::2025-06-06.21:40:05::SCWPlatform::Trying to set the existing hwdb with name DEMO_wrapper_0
TRACE::2025-06-06.21:40:05::SCWPlatform::Opened existing hwdb DEMO_wrapper_0
TRACE::2025-06-06.21:40:05::SCWPlatform::Found the Hw Db part of the input DSA
TRACE::2025-06-06.21:40:05::SCWMssOS::Checking the sw design at  D:/proyectosep2/IEE2463-SEP-Proyecto-2-Z8/input_reader/vitis/input_reader_plt/zynq_fsbl/zynq_fsbl_bsp/system.mss
TRACE::2025-06-06.21:40:05::SCWMssOS::DEBUG:  swdes dump  D:/proyectosep2/IEE2463-SEP-Proyecto-2-Z8/input_reader/vitis/input_reader_plt/ps7_cortexa9_0/standalone_domain/bsp/system.mss|system_0||
D:/proyectosep2/IEE2463-SEP-Proyecto-2-Z8/input_reader/vitis/input_reader_plt/zynq_fsbl/zynq_fsbl_bsp/system.mss|system||

TRACE::2025-06-06.21:40:05::SCWMssOS::Sw design exists and opened at  D:/proyectosep2/IEE2463-SEP-Proyecto-2-Z8/input_reader/vitis/input_reader_plt/zynq_fsbl/zynq_fsbl_bsp/system.mss
TRACE::2025-06-06.21:40:05::SCWPlatform::Trying to open the hw design at D:/proyectosep2/IEE2463-SEP-Proyecto-2-Z8/input_reader/vitis/input_reader_plt/hw/DEMO_wrapper.xsa
TRACE::2025-06-06.21:40:05::SCWPlatform::DSA given D:/proyectosep2/IEE2463-SEP-Proyecto-2-Z8/input_reader/vitis/input_reader_plt/hw/DEMO_wrapper.xsa
TRACE::2025-06-06.21:40:05::SCWPlatform::DSA absoulate path D:/proyectosep2/IEE2463-SEP-Proyecto-2-Z8/input_reader/vitis/input_reader_plt/hw/DEMO_wrapper.xsa
TRACE::2025-06-06.21:40:05::SCWPlatform::DSA directory D:/proyectosep2/IEE2463-SEP-Proyecto-2-Z8/input_reader/vitis/input_reader_plt/hw
TRACE::2025-06-06.21:40:05::SCWPlatform:: Platform Path D:/proyectosep2/IEE2463-SEP-Proyecto-2-Z8/input_reader/vitis/input_reader_plt/hw/DEMO_wrapper.xsa
TRACE::2025-06-06.21:40:05::SCWPlatform:: Unique name xilinx:zybo-z7-10::0.0
TRACE::2025-06-06.21:40:05::SCWPlatform::Trying to set the existing hwdb with name DEMO_wrapper_0
TRACE::2025-06-06.21:40:05::SCWPlatform::Opened existing hwdb DEMO_wrapper_0
TRACE::2025-06-06.21:40:05::SCWPlatform::Found the Hw Db part of the input DSA
TRACE::2025-06-06.21:40:05::SCWMssOS::Checking the sw design at  D:/proyectosep2/IEE2463-SEP-Proyecto-2-Z8/input_reader/vitis/input_reader_plt/zynq_fsbl/zynq_fsbl_bsp/system.mss
TRACE::2025-06-06.21:40:05::SCWMssOS::DEBUG:  swdes dump  D:/proyectosep2/IEE2463-SEP-Proyecto-2-Z8/input_reader/vitis/input_reader_plt/ps7_cortexa9_0/standalone_domain/bsp/system.mss|system_0||
D:/proyectosep2/IEE2463-SEP-Proyecto-2-Z8/input_reader/vitis/input_reader_plt/zynq_fsbl/zynq_fsbl_bsp/system.mss|system||

TRACE::2025-06-06.21:40:05::SCWMssOS::Sw design exists and opened at  D:/proyectosep2/IEE2463-SEP-Proyecto-2-Z8/input_reader/vitis/input_reader_plt/zynq_fsbl/zynq_fsbl_bsp/system.mss
TRACE::2025-06-06.21:40:05::SCWPlatform::Trying to open the hw design at D:/proyectosep2/IEE2463-SEP-Proyecto-2-Z8/input_reader/vitis/input_reader_plt/hw/DEMO_wrapper.xsa
TRACE::2025-06-06.21:40:05::SCWPlatform::DSA given D:/proyectosep2/IEE2463-SEP-Proyecto-2-Z8/input_reader/vitis/input_reader_plt/hw/DEMO_wrapper.xsa
TRACE::2025-06-06.21:40:05::SCWPlatform::DSA absoulate path D:/proyectosep2/IEE2463-SEP-Proyecto-2-Z8/input_reader/vitis/input_reader_plt/hw/DEMO_wrapper.xsa
TRACE::2025-06-06.21:40:05::SCWPlatform::DSA directory D:/proyectosep2/IEE2463-SEP-Proyecto-2-Z8/input_reader/vitis/input_reader_plt/hw
TRACE::2025-06-06.21:40:05::SCWPlatform:: Platform Path D:/proyectosep2/IEE2463-SEP-Proyecto-2-Z8/input_reader/vitis/input_reader_plt/hw/DEMO_wrapper.xsa
TRACE::2025-06-06.21:40:05::SCWPlatform:: Unique name xilinx:zybo-z7-10::0.0
TRACE::2025-06-06.21:40:05::SCWPlatform::Trying to set the existing hwdb with name DEMO_wrapper_0
TRACE::2025-06-06.21:40:05::SCWPlatform::Opened existing hwdb DEMO_wrapper_0
TRACE::2025-06-06.21:40:05::SCWPlatform::Found the Hw Db part of the input DSA
TRACE::2025-06-06.21:40:05::SCWMssOS::Checking the sw design at  D:/proyectosep2/IEE2463-SEP-Proyecto-2-Z8/input_reader/vitis/input_reader_plt/zynq_fsbl/zynq_fsbl_bsp/system.mss
TRACE::2025-06-06.21:40:05::SCWMssOS::DEBUG:  swdes dump  D:/proyectosep2/IEE2463-SEP-Proyecto-2-Z8/input_reader/vitis/input_reader_plt/ps7_cortexa9_0/standalone_domain/bsp/system.mss|system_0||
D:/proyectosep2/IEE2463-SEP-Proyecto-2-Z8/input_reader/vitis/input_reader_plt/zynq_fsbl/zynq_fsbl_bsp/system.mss|system||

TRACE::2025-06-06.21:40:05::SCWMssOS::Sw design exists and opened at  D:/proyectosep2/IEE2463-SEP-Proyecto-2-Z8/input_reader/vitis/input_reader_plt/zynq_fsbl/zynq_fsbl_bsp/system.mss
TRACE::2025-06-06.21:40:05::SCWPlatform::Trying to open the hw design at D:/proyectosep2/IEE2463-SEP-Proyecto-2-Z8/input_reader/vitis/input_reader_plt/hw/DEMO_wrapper.xsa
TRACE::2025-06-06.21:40:05::SCWPlatform::DSA given D:/proyectosep2/IEE2463-SEP-Proyecto-2-Z8/input_reader/vitis/input_reader_plt/hw/DEMO_wrapper.xsa
TRACE::2025-06-06.21:40:05::SCWPlatform::DSA absoulate path D:/proyectosep2/IEE2463-SEP-Proyecto-2-Z8/input_reader/vitis/input_reader_plt/hw/DEMO_wrapper.xsa
TRACE::2025-06-06.21:40:05::SCWPlatform::DSA directory D:/proyectosep2/IEE2463-SEP-Proyecto-2-Z8/input_reader/vitis/input_reader_plt/hw
TRACE::2025-06-06.21:40:05::SCWPlatform:: Platform Path D:/proyectosep2/IEE2463-SEP-Proyecto-2-Z8/input_reader/vitis/input_reader_plt/hw/DEMO_wrapper.xsa
TRACE::2025-06-06.21:40:05::SCWPlatform:: Unique name xilinx:zybo-z7-10::0.0
TRACE::2025-06-06.21:40:05::SCWPlatform::Trying to set the existing hwdb with name DEMO_wrapper_0
TRACE::2025-06-06.21:40:05::SCWPlatform::Opened existing hwdb DEMO_wrapper_0
TRACE::2025-06-06.21:40:05::SCWPlatform::Found the Hw Db part of the input DSA
TRACE::2025-06-06.21:40:05::SCWMssOS::Checking the sw design at  D:/proyectosep2/IEE2463-SEP-Proyecto-2-Z8/input_reader/vitis/input_reader_plt/ps7_cortexa9_0/standalone_domain/bsp/system.mss
TRACE::2025-06-06.21:40:05::SCWMssOS::DEBUG:  swdes dump  D:/proyectosep2/IEE2463-SEP-Proyecto-2-Z8/input_reader/vitis/input_reader_plt/ps7_cortexa9_0/standalone_domain/bsp/system.mss|system_0||
D:/proyectosep2/IEE2463-SEP-Proyecto-2-Z8/input_reader/vitis/input_reader_plt/zynq_fsbl/zynq_fsbl_bsp/system.mss|system||

TRACE::2025-06-06.21:40:05::SCWMssOS::Sw design exists and opened at  D:/proyectosep2/IEE2463-SEP-Proyecto-2-Z8/input_reader/vitis/input_reader_plt/ps7_cortexa9_0/standalone_domain/bsp/system.mss
TRACE::2025-06-06.21:40:05::SCWPlatform::Trying to open the hw design at D:/proyectosep2/IEE2463-SEP-Proyecto-2-Z8/input_reader/vitis/input_reader_plt/hw/DEMO_wrapper.xsa
TRACE::2025-06-06.21:40:05::SCWPlatform::DSA given D:/proyectosep2/IEE2463-SEP-Proyecto-2-Z8/input_reader/vitis/input_reader_plt/hw/DEMO_wrapper.xsa
TRACE::2025-06-06.21:40:05::SCWPlatform::DSA absoulate path D:/proyectosep2/IEE2463-SEP-Proyecto-2-Z8/input_reader/vitis/input_reader_plt/hw/DEMO_wrapper.xsa
TRACE::2025-06-06.21:40:05::SCWPlatform::DSA directory D:/proyectosep2/IEE2463-SEP-Proyecto-2-Z8/input_reader/vitis/input_reader_plt/hw
TRACE::2025-06-06.21:40:05::SCWPlatform:: Platform Path D:/proyectosep2/IEE2463-SEP-Proyecto-2-Z8/input_reader/vitis/input_reader_plt/hw/DEMO_wrapper.xsa
TRACE::2025-06-06.21:40:05::SCWPlatform:: Unique name xilinx:zybo-z7-10::0.0
TRACE::2025-06-06.21:40:05::SCWPlatform::Trying to set the existing hwdb with name DEMO_wrapper_0
TRACE::2025-06-06.21:40:05::SCWPlatform::Opened existing hwdb DEMO_wrapper_0
TRACE::2025-06-06.21:40:05::SCWPlatform::Found the Hw Db part of the input DSA
TRACE::2025-06-06.21:40:05::SCWMssOS::Checking the sw design at  D:/proyectosep2/IEE2463-SEP-Proyecto-2-Z8/input_reader/vitis/input_reader_plt/ps7_cortexa9_0/standalone_domain/bsp/system.mss
TRACE::2025-06-06.21:40:05::SCWMssOS::DEBUG:  swdes dump  D:/proyectosep2/IEE2463-SEP-Proyecto-2-Z8/input_reader/vitis/input_reader_plt/ps7_cortexa9_0/standalone_domain/bsp/system.mss|system_0||
D:/proyectosep2/IEE2463-SEP-Proyecto-2-Z8/input_reader/vitis/input_reader_plt/zynq_fsbl/zynq_fsbl_bsp/system.mss|system||

TRACE::2025-06-06.21:40:05::SCWMssOS::Sw design exists and opened at  D:/proyectosep2/IEE2463-SEP-Proyecto-2-Z8/input_reader/vitis/input_reader_plt/ps7_cortexa9_0/standalone_domain/bsp/system.mss
TRACE::2025-06-06.21:40:05::SCWPlatform::Trying to open the hw design at D:/proyectosep2/IEE2463-SEP-Proyecto-2-Z8/input_reader/vitis/input_reader_plt/hw/DEMO_wrapper.xsa
TRACE::2025-06-06.21:40:05::SCWPlatform::DSA given D:/proyectosep2/IEE2463-SEP-Proyecto-2-Z8/input_reader/vitis/input_reader_plt/hw/DEMO_wrapper.xsa
TRACE::2025-06-06.21:40:05::SCWPlatform::DSA absoulate path D:/proyectosep2/IEE2463-SEP-Proyecto-2-Z8/input_reader/vitis/input_reader_plt/hw/DEMO_wrapper.xsa
TRACE::2025-06-06.21:40:05::SCWPlatform::DSA directory D:/proyectosep2/IEE2463-SEP-Proyecto-2-Z8/input_reader/vitis/input_reader_plt/hw
TRACE::2025-06-06.21:40:05::SCWPlatform:: Platform Path D:/proyectosep2/IEE2463-SEP-Proyecto-2-Z8/input_reader/vitis/input_reader_plt/hw/DEMO_wrapper.xsa
TRACE::2025-06-06.21:40:05::SCWPlatform:: Unique name xilinx:zybo-z7-10::0.0
TRACE::2025-06-06.21:40:05::SCWPlatform::Trying to set the existing hwdb with name DEMO_wrapper_0
TRACE::2025-06-06.21:40:05::SCWPlatform::Opened existing hwdb DEMO_wrapper_0
TRACE::2025-06-06.21:40:05::SCWPlatform::Found the Hw Db part of the input DSA
TRACE::2025-06-06.21:40:05::SCWMssOS::Checking the sw design at  D:/proyectosep2/IEE2463-SEP-Proyecto-2-Z8/input_reader/vitis/input_reader_plt/ps7_cortexa9_0/standalone_domain/bsp/system.mss
TRACE::2025-06-06.21:40:05::SCWMssOS::DEBUG:  swdes dump  D:/proyectosep2/IEE2463-SEP-Proyecto-2-Z8/input_reader/vitis/input_reader_plt/ps7_cortexa9_0/standalone_domain/bsp/system.mss|system_0||
D:/proyectosep2/IEE2463-SEP-Proyecto-2-Z8/input_reader/vitis/input_reader_plt/zynq_fsbl/zynq_fsbl_bsp/system.mss|system||

TRACE::2025-06-06.21:40:05::SCWMssOS::Sw design exists and opened at  D:/proyectosep2/IEE2463-SEP-Proyecto-2-Z8/input_reader/vitis/input_reader_plt/ps7_cortexa9_0/standalone_domain/bsp/system.mss
TRACE::2025-06-06.21:40:05::SCWWriter::formatted JSON is {
	"platformName":	"input_reader_plt",
	"sprVersion":	"2.0",
	"mode":	"gui",
	"dsaType":	"Fixed",
	"platformDesc":	"input_reader_plt",
	"platHandOff":	"D:/proyectosep2/IEE2463-SEP-Proyecto-2-Z8/input_reader/vivado/DEMO_wrapper.xsa",
	"platIntHandOff":	"<platformDir>/hw/DEMO_wrapper.xsa",
	"deviceType":	"zynq",
	"platIsPrebuiltAutogen":	"false",
	"platIsNoBootBsp":	"false",
	"platFsblTarget":	"ps7_cortexa9_0",
	"hasFsblMakeHasChanges":	"false",
	"hasPmufwMakeHasChanges":	"false",
	"fsblExtraCompilerFlags":	"-MMD -MP       -mcpu=cortex-a9 -mfpu=vfpv3 -mfloat-abi=hard ",
	"platPreBuiltFlag":	false,
	"platformSamplesDir":	"",
	"platActiveSys":	"input_reader_plt",
	"systems":	[{
			"systemName":	"input_reader_plt",
			"systemDesc":	"input_reader_plt",
			"sysIsBootAutoGen":	"true",
			"systemDispName":	"input_reader_plt",
			"sysActiveDom":	"standalone_domain",
			"sysDefaultDom":	"standalone_domain",
			"domains":	[{
					"domainName":	"zynq_fsbl",
					"domainDispName":	"zynq_fsbl",
					"domainDesc":	"FSBL Application BSP - Auto Generated.",
					"processors":	"ps7_cortexa9_0",
					"os":	"standalone",
					"sdxOs":	"standalone",
					"debugEnable":	"",
					"domRuntimes":	["cpp"],
					"swRepo":	"",
					"mssOsVer":	"7.2",
					"mssFile":	"",
					"md5Digest":	"7079462d43296522fe4c25429e7041e8",
					"compatibleApp":	"zynq_fsbl",
					"domType":	"bootDomain",
					"appSettings":	{
						"appCompilerFlags":	"",
						"appLinkerFlags":	""
					},
					"addedLibs":	["xilffs:4.3", "xilrsa:1.6"],
					"libOptions":	{
						"libsContainingOptions":	[]
					},
					"prebuiltLibs":	{
						"prebuiltIncPath":	[],
						"prebuiltLibPath":	[]
					},
					"isolation":	{
					}
				}, {
					"domainName":	"standalone_domain",
					"domainDispName":	"standalone on ps7_cortexa9_0",
					"domainDesc":	"standalone_domain",
					"processors":	"ps7_cortexa9_0",
					"os":	"standalone",
					"sdxOs":	"standalone",
					"qemuArgs":	"D:/Xilinx/Vitis/2020.1/data/emulation/platforms/zynq/qemu/qemu_args.txt",
					"qemuData":	"D:/Xilinx/Vitis/2020.1/data/emulation/platforms/zynq/qemu/",
					"debugEnable":	"False",
					"domRuntimes":	["cpp"],
					"swRepo":	"",
					"mssOsVer":	"7.2",
					"mssFile":	"",
					"md5Digest":	"66d3fb87f21487cff6d9ef7ac8bd223d",
					"compatibleApp":	"",
					"domType":	"mssDomain",
					"appSettings":	{
						"appCompilerFlags":	"",
						"appLinkerFlags":	""
					},
					"addedLibs":	[],
					"libOptions":	{
						"libsContainingOptions":	[]
					},
					"prebuiltLibs":	{
						"prebuiltIncPath":	[],
						"prebuiltLibPath":	[]
					},
					"isolation":	{
					}
				}]
		}]
}
TRACE::2025-06-06.21:40:05::SCWMssOS::Saving the mss changes D:/proyectosep2/IEE2463-SEP-Proyecto-2-Z8/input_reader/vitis/input_reader_plt/zynq_fsbl/zynq_fsbl_bsp/system.mss
TRACE::2025-06-06.21:40:05::SCWMssOS::Found a swdesign opened with the mssfile.
TRACE::2025-06-06.21:40:05::SCWMssOS::Completed writemss as part of save.
TRACE::2025-06-06.21:40:05::SCWMssOS::Commit changes completed.
TRACE::2025-06-06.21:40:05::SCWMssOS::Saving the mss changes D:/proyectosep2/IEE2463-SEP-Proyecto-2-Z8/input_reader/vitis/input_reader_plt/ps7_cortexa9_0/standalone_domain/bsp/system.mss
TRACE::2025-06-06.21:40:05::SCWMssOS::Found a swdesign opened with the mssfile.
TRACE::2025-06-06.21:40:05::SCWMssOS::Completed writemss as part of save.
TRACE::2025-06-06.21:40:05::SCWMssOS::Commit changes completed.
TRACE::2025-06-06.21:40:05::SCWPlatform::Trying to open the hw design at D:/proyectosep2/IEE2463-SEP-Proyecto-2-Z8/input_reader/vitis/input_reader_plt/hw/DEMO_wrapper.xsa
TRACE::2025-06-06.21:40:05::SCWPlatform::DSA given D:/proyectosep2/IEE2463-SEP-Proyecto-2-Z8/input_reader/vitis/input_reader_plt/hw/DEMO_wrapper.xsa
TRACE::2025-06-06.21:40:05::SCWPlatform::DSA absoulate path D:/proyectosep2/IEE2463-SEP-Proyecto-2-Z8/input_reader/vitis/input_reader_plt/hw/DEMO_wrapper.xsa
TRACE::2025-06-06.21:40:05::SCWPlatform::DSA directory D:/proyectosep2/IEE2463-SEP-Proyecto-2-Z8/input_reader/vitis/input_reader_plt/hw
TRACE::2025-06-06.21:40:05::SCWPlatform:: Platform Path D:/proyectosep2/IEE2463-SEP-Proyecto-2-Z8/input_reader/vitis/input_reader_plt/hw/DEMO_wrapper.xsa
TRACE::2025-06-06.21:40:05::SCWPlatform:: Unique name xilinx:zybo-z7-10::0.0
TRACE::2025-06-06.21:40:05::SCWPlatform::Trying to set the existing hwdb with name DEMO_wrapper_0
TRACE::2025-06-06.21:40:05::SCWPlatform::Opened existing hwdb DEMO_wrapper_0
TRACE::2025-06-06.21:40:05::SCWPlatform::Found the Hw Db part of the input DSA
TRACE::2025-06-06.21:40:05::SCWMssOS::Checking the sw design at  D:/proyectosep2/IEE2463-SEP-Proyecto-2-Z8/input_reader/vitis/input_reader_plt/zynq_fsbl/zynq_fsbl_bsp/system.mss
TRACE::2025-06-06.21:40:05::SCWMssOS::DEBUG:  swdes dump  D:/proyectosep2/IEE2463-SEP-Proyecto-2-Z8/input_reader/vitis/input_reader_plt/ps7_cortexa9_0/standalone_domain/bsp/system.mss|system_0||
D:/proyectosep2/IEE2463-SEP-Proyecto-2-Z8/input_reader/vitis/input_reader_plt/zynq_fsbl/zynq_fsbl_bsp/system.mss|system||

TRACE::2025-06-06.21:40:05::SCWMssOS::Sw design exists and opened at  D:/proyectosep2/IEE2463-SEP-Proyecto-2-Z8/input_reader/vitis/input_reader_plt/zynq_fsbl/zynq_fsbl_bsp/system.mss
TRACE::2025-06-06.21:40:05::SCWPlatform::Trying to open the hw design at D:/proyectosep2/IEE2463-SEP-Proyecto-2-Z8/input_reader/vitis/input_reader_plt/hw/DEMO_wrapper.xsa
TRACE::2025-06-06.21:40:05::SCWPlatform::DSA given D:/proyectosep2/IEE2463-SEP-Proyecto-2-Z8/input_reader/vitis/input_reader_plt/hw/DEMO_wrapper.xsa
TRACE::2025-06-06.21:40:05::SCWPlatform::DSA absoulate path D:/proyectosep2/IEE2463-SEP-Proyecto-2-Z8/input_reader/vitis/input_reader_plt/hw/DEMO_wrapper.xsa
TRACE::2025-06-06.21:40:05::SCWPlatform::DSA directory D:/proyectosep2/IEE2463-SEP-Proyecto-2-Z8/input_reader/vitis/input_reader_plt/hw
TRACE::2025-06-06.21:40:05::SCWPlatform:: Platform Path D:/proyectosep2/IEE2463-SEP-Proyecto-2-Z8/input_reader/vitis/input_reader_plt/hw/DEMO_wrapper.xsa
TRACE::2025-06-06.21:40:05::SCWPlatform:: Unique name xilinx:zybo-z7-10::0.0
TRACE::2025-06-06.21:40:05::SCWPlatform::Trying to set the existing hwdb with name DEMO_wrapper_0
TRACE::2025-06-06.21:40:05::SCWPlatform::Opened existing hwdb DEMO_wrapper_0
TRACE::2025-06-06.21:40:05::SCWPlatform::Found the Hw Db part of the input DSA
TRACE::2025-06-06.21:40:05::SCWMssOS::Checking the sw design at  D:/proyectosep2/IEE2463-SEP-Proyecto-2-Z8/input_reader/vitis/input_reader_plt/zynq_fsbl/zynq_fsbl_bsp/system.mss
TRACE::2025-06-06.21:40:05::SCWMssOS::DEBUG:  swdes dump  D:/proyectosep2/IEE2463-SEP-Proyecto-2-Z8/input_reader/vitis/input_reader_plt/ps7_cortexa9_0/standalone_domain/bsp/system.mss|system_0||
D:/proyectosep2/IEE2463-SEP-Proyecto-2-Z8/input_reader/vitis/input_reader_plt/zynq_fsbl/zynq_fsbl_bsp/system.mss|system||

TRACE::2025-06-06.21:40:05::SCWMssOS::Sw design exists and opened at  D:/proyectosep2/IEE2463-SEP-Proyecto-2-Z8/input_reader/vitis/input_reader_plt/zynq_fsbl/zynq_fsbl_bsp/system.mss
TRACE::2025-06-06.21:40:05::SCWPlatform::Trying to open the hw design at D:/proyectosep2/IEE2463-SEP-Proyecto-2-Z8/input_reader/vitis/input_reader_plt/hw/DEMO_wrapper.xsa
TRACE::2025-06-06.21:40:05::SCWPlatform::DSA given D:/proyectosep2/IEE2463-SEP-Proyecto-2-Z8/input_reader/vitis/input_reader_plt/hw/DEMO_wrapper.xsa
TRACE::2025-06-06.21:40:05::SCWPlatform::DSA absoulate path D:/proyectosep2/IEE2463-SEP-Proyecto-2-Z8/input_reader/vitis/input_reader_plt/hw/DEMO_wrapper.xsa
TRACE::2025-06-06.21:40:05::SCWPlatform::DSA directory D:/proyectosep2/IEE2463-SEP-Proyecto-2-Z8/input_reader/vitis/input_reader_plt/hw
TRACE::2025-06-06.21:40:05::SCWPlatform:: Platform Path D:/proyectosep2/IEE2463-SEP-Proyecto-2-Z8/input_reader/vitis/input_reader_plt/hw/DEMO_wrapper.xsa
TRACE::2025-06-06.21:40:05::SCWPlatform:: Unique name xilinx:zybo-z7-10::0.0
TRACE::2025-06-06.21:40:05::SCWPlatform::Trying to set the existing hwdb with name DEMO_wrapper_0
TRACE::2025-06-06.21:40:05::SCWPlatform::Opened existing hwdb DEMO_wrapper_0
TRACE::2025-06-06.21:40:05::SCWPlatform::Found the Hw Db part of the input DSA
TRACE::2025-06-06.21:40:05::SCWMssOS::Checking the sw design at  D:/proyectosep2/IEE2463-SEP-Proyecto-2-Z8/input_reader/vitis/input_reader_plt/zynq_fsbl/zynq_fsbl_bsp/system.mss
TRACE::2025-06-06.21:40:05::SCWMssOS::DEBUG:  swdes dump  D:/proyectosep2/IEE2463-SEP-Proyecto-2-Z8/input_reader/vitis/input_reader_plt/ps7_cortexa9_0/standalone_domain/bsp/system.mss|system_0||
D:/proyectosep2/IEE2463-SEP-Proyecto-2-Z8/input_reader/vitis/input_reader_plt/zynq_fsbl/zynq_fsbl_bsp/system.mss|system||

TRACE::2025-06-06.21:40:05::SCWMssOS::Sw design exists and opened at  D:/proyectosep2/IEE2463-SEP-Proyecto-2-Z8/input_reader/vitis/input_reader_plt/zynq_fsbl/zynq_fsbl_bsp/system.mss
TRACE::2025-06-06.21:40:05::SCWPlatform::Trying to open the hw design at D:/proyectosep2/IEE2463-SEP-Proyecto-2-Z8/input_reader/vitis/input_reader_plt/hw/DEMO_wrapper.xsa
TRACE::2025-06-06.21:40:05::SCWPlatform::DSA given D:/proyectosep2/IEE2463-SEP-Proyecto-2-Z8/input_reader/vitis/input_reader_plt/hw/DEMO_wrapper.xsa
TRACE::2025-06-06.21:40:05::SCWPlatform::DSA absoulate path D:/proyectosep2/IEE2463-SEP-Proyecto-2-Z8/input_reader/vitis/input_reader_plt/hw/DEMO_wrapper.xsa
TRACE::2025-06-06.21:40:05::SCWPlatform::DSA directory D:/proyectosep2/IEE2463-SEP-Proyecto-2-Z8/input_reader/vitis/input_reader_plt/hw
TRACE::2025-06-06.21:40:05::SCWPlatform:: Platform Path D:/proyectosep2/IEE2463-SEP-Proyecto-2-Z8/input_reader/vitis/input_reader_plt/hw/DEMO_wrapper.xsa
TRACE::2025-06-06.21:40:05::SCWPlatform:: Unique name xilinx:zybo-z7-10::0.0
TRACE::2025-06-06.21:40:05::SCWPlatform::Trying to set the existing hwdb with name DEMO_wrapper_0
TRACE::2025-06-06.21:40:05::SCWPlatform::Opened existing hwdb DEMO_wrapper_0
TRACE::2025-06-06.21:40:05::SCWPlatform::Found the Hw Db part of the input DSA
TRACE::2025-06-06.21:40:05::SCWMssOS::Checking the sw design at  D:/proyectosep2/IEE2463-SEP-Proyecto-2-Z8/input_reader/vitis/input_reader_plt/ps7_cortexa9_0/standalone_domain/bsp/system.mss
TRACE::2025-06-06.21:40:05::SCWMssOS::DEBUG:  swdes dump  D:/proyectosep2/IEE2463-SEP-Proyecto-2-Z8/input_reader/vitis/input_reader_plt/ps7_cortexa9_0/standalone_domain/bsp/system.mss|system_0||
D:/proyectosep2/IEE2463-SEP-Proyecto-2-Z8/input_reader/vitis/input_reader_plt/zynq_fsbl/zynq_fsbl_bsp/system.mss|system||

TRACE::2025-06-06.21:40:05::SCWMssOS::Sw design exists and opened at  D:/proyectosep2/IEE2463-SEP-Proyecto-2-Z8/input_reader/vitis/input_reader_plt/ps7_cortexa9_0/standalone_domain/bsp/system.mss
TRACE::2025-06-06.21:40:05::SCWPlatform::Trying to open the hw design at D:/proyectosep2/IEE2463-SEP-Proyecto-2-Z8/input_reader/vitis/input_reader_plt/hw/DEMO_wrapper.xsa
TRACE::2025-06-06.21:40:05::SCWPlatform::DSA given D:/proyectosep2/IEE2463-SEP-Proyecto-2-Z8/input_reader/vitis/input_reader_plt/hw/DEMO_wrapper.xsa
TRACE::2025-06-06.21:40:05::SCWPlatform::DSA absoulate path D:/proyectosep2/IEE2463-SEP-Proyecto-2-Z8/input_reader/vitis/input_reader_plt/hw/DEMO_wrapper.xsa
TRACE::2025-06-06.21:40:05::SCWPlatform::DSA directory D:/proyectosep2/IEE2463-SEP-Proyecto-2-Z8/input_reader/vitis/input_reader_plt/hw
TRACE::2025-06-06.21:40:05::SCWPlatform:: Platform Path D:/proyectosep2/IEE2463-SEP-Proyecto-2-Z8/input_reader/vitis/input_reader_plt/hw/DEMO_wrapper.xsa
TRACE::2025-06-06.21:40:05::SCWPlatform:: Unique name xilinx:zybo-z7-10::0.0
TRACE::2025-06-06.21:40:05::SCWPlatform::Trying to set the existing hwdb with name DEMO_wrapper_0
TRACE::2025-06-06.21:40:05::SCWPlatform::Opened existing hwdb DEMO_wrapper_0
TRACE::2025-06-06.21:40:05::SCWPlatform::Found the Hw Db part of the input DSA
TRACE::2025-06-06.21:40:05::SCWMssOS::Checking the sw design at  D:/proyectosep2/IEE2463-SEP-Proyecto-2-Z8/input_reader/vitis/input_reader_plt/ps7_cortexa9_0/standalone_domain/bsp/system.mss
TRACE::2025-06-06.21:40:05::SCWMssOS::DEBUG:  swdes dump  D:/proyectosep2/IEE2463-SEP-Proyecto-2-Z8/input_reader/vitis/input_reader_plt/ps7_cortexa9_0/standalone_domain/bsp/system.mss|system_0||
D:/proyectosep2/IEE2463-SEP-Proyecto-2-Z8/input_reader/vitis/input_reader_plt/zynq_fsbl/zynq_fsbl_bsp/system.mss|system||

TRACE::2025-06-06.21:40:05::SCWMssOS::Sw design exists and opened at  D:/proyectosep2/IEE2463-SEP-Proyecto-2-Z8/input_reader/vitis/input_reader_plt/ps7_cortexa9_0/standalone_domain/bsp/system.mss
TRACE::2025-06-06.21:40:05::SCWPlatform::Trying to open the hw design at D:/proyectosep2/IEE2463-SEP-Proyecto-2-Z8/input_reader/vitis/input_reader_plt/hw/DEMO_wrapper.xsa
TRACE::2025-06-06.21:40:05::SCWPlatform::DSA given D:/proyectosep2/IEE2463-SEP-Proyecto-2-Z8/input_reader/vitis/input_reader_plt/hw/DEMO_wrapper.xsa
TRACE::2025-06-06.21:40:05::SCWPlatform::DSA absoulate path D:/proyectosep2/IEE2463-SEP-Proyecto-2-Z8/input_reader/vitis/input_reader_plt/hw/DEMO_wrapper.xsa
TRACE::2025-06-06.21:40:05::SCWPlatform::DSA directory D:/proyectosep2/IEE2463-SEP-Proyecto-2-Z8/input_reader/vitis/input_reader_plt/hw
TRACE::2025-06-06.21:40:05::SCWPlatform:: Platform Path D:/proyectosep2/IEE2463-SEP-Proyecto-2-Z8/input_reader/vitis/input_reader_plt/hw/DEMO_wrapper.xsa
TRACE::2025-06-06.21:40:05::SCWPlatform:: Unique name xilinx:zybo-z7-10::0.0
TRACE::2025-06-06.21:40:05::SCWPlatform::Trying to set the existing hwdb with name DEMO_wrapper_0
TRACE::2025-06-06.21:40:05::SCWPlatform::Opened existing hwdb DEMO_wrapper_0
TRACE::2025-06-06.21:40:05::SCWPlatform::Found the Hw Db part of the input DSA
TRACE::2025-06-06.21:40:05::SCWMssOS::Checking the sw design at  D:/proyectosep2/IEE2463-SEP-Proyecto-2-Z8/input_reader/vitis/input_reader_plt/ps7_cortexa9_0/standalone_domain/bsp/system.mss
TRACE::2025-06-06.21:40:05::SCWMssOS::DEBUG:  swdes dump  D:/proyectosep2/IEE2463-SEP-Proyecto-2-Z8/input_reader/vitis/input_reader_plt/ps7_cortexa9_0/standalone_domain/bsp/system.mss|system_0||
D:/proyectosep2/IEE2463-SEP-Proyecto-2-Z8/input_reader/vitis/input_reader_plt/zynq_fsbl/zynq_fsbl_bsp/system.mss|system||

TRACE::2025-06-06.21:40:05::SCWMssOS::Sw design exists and opened at  D:/proyectosep2/IEE2463-SEP-Proyecto-2-Z8/input_reader/vitis/input_reader_plt/ps7_cortexa9_0/standalone_domain/bsp/system.mss
TRACE::2025-06-06.21:40:05::SCWWriter::formatted JSON is {
	"platformName":	"input_reader_plt",
	"sprVersion":	"2.0",
	"mode":	"gui",
	"dsaType":	"Fixed",
	"platformDesc":	"input_reader_plt",
	"platHandOff":	"D:/proyectosep2/IEE2463-SEP-Proyecto-2-Z8/input_reader/vivado/DEMO_wrapper.xsa",
	"platIntHandOff":	"<platformDir>/hw/DEMO_wrapper.xsa",
	"deviceType":	"zynq",
	"platIsPrebuiltAutogen":	"false",
	"platIsNoBootBsp":	"false",
	"platFsblTarget":	"ps7_cortexa9_0",
	"hasFsblMakeHasChanges":	"false",
	"hasPmufwMakeHasChanges":	"false",
	"fsblExtraCompilerFlags":	"-MMD -MP       -mcpu=cortex-a9 -mfpu=vfpv3 -mfloat-abi=hard ",
	"platPreBuiltFlag":	false,
	"platformSamplesDir":	"",
	"platActiveSys":	"input_reader_plt",
	"systems":	[{
			"systemName":	"input_reader_plt",
			"systemDesc":	"input_reader_plt",
			"sysIsBootAutoGen":	"true",
			"systemDispName":	"input_reader_plt",
			"sysActiveDom":	"standalone_domain",
			"sysDefaultDom":	"standalone_domain",
			"domains":	[{
					"domainName":	"zynq_fsbl",
					"domainDispName":	"zynq_fsbl",
					"domainDesc":	"FSBL Application BSP - Auto Generated.",
					"processors":	"ps7_cortexa9_0",
					"os":	"standalone",
					"sdxOs":	"standalone",
					"debugEnable":	"",
					"domRuntimes":	["cpp"],
					"swRepo":	"",
					"mssOsVer":	"7.2",
					"mssFile":	"",
					"md5Digest":	"7079462d43296522fe4c25429e7041e8",
					"compatibleApp":	"zynq_fsbl",
					"domType":	"bootDomain",
					"appSettings":	{
						"appCompilerFlags":	"",
						"appLinkerFlags":	""
					},
					"addedLibs":	["xilffs:4.3", "xilrsa:1.6"],
					"libOptions":	{
						"libsContainingOptions":	[]
					},
					"prebuiltLibs":	{
						"prebuiltIncPath":	[],
						"prebuiltLibPath":	[]
					},
					"isolation":	{
					}
				}, {
					"domainName":	"standalone_domain",
					"domainDispName":	"standalone on ps7_cortexa9_0",
					"domainDesc":	"standalone_domain",
					"processors":	"ps7_cortexa9_0",
					"os":	"standalone",
					"sdxOs":	"standalone",
					"qemuArgs":	"D:/Xilinx/Vitis/2020.1/data/emulation/platforms/zynq/qemu/qemu_args.txt",
					"qemuData":	"D:/Xilinx/Vitis/2020.1/data/emulation/platforms/zynq/qemu/",
					"debugEnable":	"False",
					"domRuntimes":	["cpp"],
					"swRepo":	"",
					"mssOsVer":	"7.2",
					"mssFile":	"",
					"md5Digest":	"66d3fb87f21487cff6d9ef7ac8bd223d",
					"compatibleApp":	"",
					"domType":	"mssDomain",
					"appSettings":	{
						"appCompilerFlags":	"",
						"appLinkerFlags":	""
					},
					"addedLibs":	[],
					"libOptions":	{
						"libsContainingOptions":	[]
					},
					"prebuiltLibs":	{
						"prebuiltIncPath":	[],
						"prebuiltLibPath":	[]
					},
					"isolation":	{
					}
				}]
		}]
}
TRACE::2025-06-06.21:40:06::SCWPlatform::Clearing the existing platform
TRACE::2025-06-06.21:40:06::SCWSystem::Clearing the existing sysconfig
TRACE::2025-06-06.21:40:06::SCWBDomain::clearing the fsbl build
TRACE::2025-06-06.21:40:06::SCWMssOS::Removing the swdes entry for  D:/proyectosep2/IEE2463-SEP-Proyecto-2-Z8/input_reader/vitis/input_reader_plt/zynq_fsbl/zynq_fsbl_bsp/system.mss
TRACE::2025-06-06.21:40:06::SCWMssOS::Removing the swdes entry for  D:/proyectosep2/IEE2463-SEP-Proyecto-2-Z8/input_reader/vitis/input_reader_plt/ps7_cortexa9_0/standalone_domain/bsp/system.mss
TRACE::2025-06-06.21:40:06::SCWSystem::Clearing the domains completed.
TRACE::2025-06-06.21:40:06::SCWPlatform::Clearing the opened hw db.
TRACE::2025-06-06.21:40:06::SCWPlatform::DSA given D:/proyectosep2/IEE2463-SEP-Proyecto-2-Z8/input_reader/vitis/input_reader_plt/hw/DEMO_wrapper.xsa
TRACE::2025-06-06.21:40:06::SCWPlatform::DSA absoulate path D:/proyectosep2/IEE2463-SEP-Proyecto-2-Z8/input_reader/vitis/input_reader_plt/hw/DEMO_wrapper.xsa
TRACE::2025-06-06.21:40:06::SCWPlatform:: Platform location is D:/proyectosep2/IEE2463-SEP-Proyecto-2-Z8/input_reader/vitis/input_reader_plt/hw
TRACE::2025-06-06.21:40:06::SCWPlatform:: Platform Path D:/proyectosep2/IEE2463-SEP-Proyecto-2-Z8/input_reader/vitis/input_reader_plt/hw/DEMO_wrapper.xsa
TRACE::2025-06-06.21:40:06::SCWPlatform:: Unique name xilinx:zybo-z7-10::0.0
TRACE::2025-06-06.21:40:06::SCWPlatform::Removing the HwDB with name D:/proyectosep2/IEE2463-SEP-Proyecto-2-Z8/input_reader/vitis/input_reader_plt/hw/DEMO_wrapper.xsa
TRACE::2025-06-06.21:40:06::SCWPlatform::Trying to open the hw design at D:/proyectosep2/IEE2463-SEP-Proyecto-2-Z8/input_reader/vitis/input_reader_plt/hw/DEMO_wrapper.xsa
TRACE::2025-06-06.21:40:06::SCWPlatform::DSA given D:/proyectosep2/IEE2463-SEP-Proyecto-2-Z8/input_reader/vitis/input_reader_plt/hw/DEMO_wrapper.xsa
TRACE::2025-06-06.21:40:06::SCWPlatform::DSA absoulate path D:/proyectosep2/IEE2463-SEP-Proyecto-2-Z8/input_reader/vitis/input_reader_plt/hw/DEMO_wrapper.xsa
TRACE::2025-06-06.21:40:06::SCWPlatform::DSA directory D:/proyectosep2/IEE2463-SEP-Proyecto-2-Z8/input_reader/vitis/input_reader_plt/hw
TRACE::2025-06-06.21:40:06::SCWPlatform:: Platform Path D:/proyectosep2/IEE2463-SEP-Proyecto-2-Z8/input_reader/vitis/input_reader_plt/hw/DEMO_wrapper.xsa
TRACE::2025-06-06.21:40:06::SCWPlatform:: Unique name xilinx:zybo-z7-10::0.0
TRACE::2025-06-06.21:40:06::SCWPlatform::Do not have an existing db opened. 
TRACE::2025-06-06.21:40:08::SCWPlatform::Opened new HwDB with name DEMO_wrapper_1
TRACE::2025-06-06.21:40:08::SCWReader::Active system found as  input_reader_plt
TRACE::2025-06-06.21:40:08::SCWReader::Handling sysconfig input_reader_plt
TRACE::2025-06-06.21:40:08::SCWDomain::checking for install qemu data   : 
TRACE::2025-06-06.21:40:08::SCWDomain:: Using the QEMU Data from install at  : D:/Xilinx/Vitis/2020.1/data/emulation/platforms/zynq/qemu/
TRACE::2025-06-06.21:40:08::SCWDomain:: Using the QEMU args  from install at  : D:/Xilinx/Vitis/2020.1/data/emulation/platforms/zynq/qemu/qemu_args.txt
TRACE::2025-06-06.21:40:08::SCWPlatform::Trying to open the hw design at D:/proyectosep2/IEE2463-SEP-Proyecto-2-Z8/input_reader/vitis/input_reader_plt/hw/DEMO_wrapper.xsa
TRACE::2025-06-06.21:40:08::SCWPlatform::DSA given D:/proyectosep2/IEE2463-SEP-Proyecto-2-Z8/input_reader/vitis/input_reader_plt/hw/DEMO_wrapper.xsa
TRACE::2025-06-06.21:40:08::SCWPlatform::DSA absoulate path D:/proyectosep2/IEE2463-SEP-Proyecto-2-Z8/input_reader/vitis/input_reader_plt/hw/DEMO_wrapper.xsa
TRACE::2025-06-06.21:40:08::SCWPlatform::DSA directory D:/proyectosep2/IEE2463-SEP-Proyecto-2-Z8/input_reader/vitis/input_reader_plt/hw
TRACE::2025-06-06.21:40:08::SCWPlatform:: Platform Path D:/proyectosep2/IEE2463-SEP-Proyecto-2-Z8/input_reader/vitis/input_reader_plt/hw/DEMO_wrapper.xsa
TRACE::2025-06-06.21:40:08::SCWPlatform:: Unique name xilinx:zybo-z7-10::0.0
TRACE::2025-06-06.21:40:08::SCWPlatform::Trying to set the existing hwdb with name DEMO_wrapper_1
TRACE::2025-06-06.21:40:08::SCWPlatform::Opened existing hwdb DEMO_wrapper_1
TRACE::2025-06-06.21:40:08::SCWPlatform::Found the Hw Db part of the input DSA
TRACE::2025-06-06.21:40:08::SCWPlatform::Trying to open the hw design at D:/proyectosep2/IEE2463-SEP-Proyecto-2-Z8/input_reader/vitis/input_reader_plt/hw/DEMO_wrapper.xsa
TRACE::2025-06-06.21:40:08::SCWPlatform::DSA given D:/proyectosep2/IEE2463-SEP-Proyecto-2-Z8/input_reader/vitis/input_reader_plt/hw/DEMO_wrapper.xsa
TRACE::2025-06-06.21:40:08::SCWPlatform::DSA absoulate path D:/proyectosep2/IEE2463-SEP-Proyecto-2-Z8/input_reader/vitis/input_reader_plt/hw/DEMO_wrapper.xsa
TRACE::2025-06-06.21:40:08::SCWPlatform::DSA directory D:/proyectosep2/IEE2463-SEP-Proyecto-2-Z8/input_reader/vitis/input_reader_plt/hw
TRACE::2025-06-06.21:40:08::SCWPlatform:: Platform Path D:/proyectosep2/IEE2463-SEP-Proyecto-2-Z8/input_reader/vitis/input_reader_plt/hw/DEMO_wrapper.xsa
TRACE::2025-06-06.21:40:08::SCWPlatform:: Unique name xilinx:zybo-z7-10::0.0
TRACE::2025-06-06.21:40:08::SCWPlatform::Trying to set the existing hwdb with name DEMO_wrapper_1
TRACE::2025-06-06.21:40:08::SCWPlatform::Opened existing hwdb DEMO_wrapper_1
TRACE::2025-06-06.21:40:08::SCWPlatform::Found the Hw Db part of the input DSA
TRACE::2025-06-06.21:40:08::SCWPlatform::Trying to open the hw design at D:/proyectosep2/IEE2463-SEP-Proyecto-2-Z8/input_reader/vitis/input_reader_plt/hw/DEMO_wrapper.xsa
TRACE::2025-06-06.21:40:08::SCWPlatform::DSA given D:/proyectosep2/IEE2463-SEP-Proyecto-2-Z8/input_reader/vitis/input_reader_plt/hw/DEMO_wrapper.xsa
TRACE::2025-06-06.21:40:08::SCWPlatform::DSA absoulate path D:/proyectosep2/IEE2463-SEP-Proyecto-2-Z8/input_reader/vitis/input_reader_plt/hw/DEMO_wrapper.xsa
TRACE::2025-06-06.21:40:08::SCWPlatform::DSA directory D:/proyectosep2/IEE2463-SEP-Proyecto-2-Z8/input_reader/vitis/input_reader_plt/hw
TRACE::2025-06-06.21:40:08::SCWPlatform:: Platform Path D:/proyectosep2/IEE2463-SEP-Proyecto-2-Z8/input_reader/vitis/input_reader_plt/hw/DEMO_wrapper.xsa
TRACE::2025-06-06.21:40:08::SCWPlatform:: Unique name xilinx:zybo-z7-10::0.0
TRACE::2025-06-06.21:40:08::SCWPlatform::Trying to set the existing hwdb with name DEMO_wrapper_1
TRACE::2025-06-06.21:40:08::SCWPlatform::Opened existing hwdb DEMO_wrapper_1
TRACE::2025-06-06.21:40:08::SCWPlatform::Found the Hw Db part of the input DSA
TRACE::2025-06-06.21:40:08::SCWReader::Boot application domain added for zynq_fsbl
TRACE::2025-06-06.21:40:08::SCWPlatform::Trying to open the hw design at D:/proyectosep2/IEE2463-SEP-Proyecto-2-Z8/input_reader/vitis/input_reader_plt/hw/DEMO_wrapper.xsa
TRACE::2025-06-06.21:40:08::SCWPlatform::DSA given D:/proyectosep2/IEE2463-SEP-Proyecto-2-Z8/input_reader/vitis/input_reader_plt/hw/DEMO_wrapper.xsa
TRACE::2025-06-06.21:40:08::SCWPlatform::DSA absoulate path D:/proyectosep2/IEE2463-SEP-Proyecto-2-Z8/input_reader/vitis/input_reader_plt/hw/DEMO_wrapper.xsa
TRACE::2025-06-06.21:40:08::SCWPlatform::DSA directory D:/proyectosep2/IEE2463-SEP-Proyecto-2-Z8/input_reader/vitis/input_reader_plt/hw
TRACE::2025-06-06.21:40:08::SCWPlatform:: Platform Path D:/proyectosep2/IEE2463-SEP-Proyecto-2-Z8/input_reader/vitis/input_reader_plt/hw/DEMO_wrapper.xsa
TRACE::2025-06-06.21:40:08::SCWPlatform:: Unique name xilinx:zybo-z7-10::0.0
TRACE::2025-06-06.21:40:08::SCWPlatform::Trying to set the existing hwdb with name DEMO_wrapper_1
TRACE::2025-06-06.21:40:08::SCWPlatform::Opened existing hwdb DEMO_wrapper_1
TRACE::2025-06-06.21:40:08::SCWPlatform::Found the Hw Db part of the input DSA
TRACE::2025-06-06.21:40:08::SCWMssOS::Checking the sw design at  D:/proyectosep2/IEE2463-SEP-Proyecto-2-Z8/input_reader/vitis/input_reader_plt/zynq_fsbl/zynq_fsbl_bsp/system.mss
TRACE::2025-06-06.21:40:08::SCWMssOS::DEBUG:  swdes dump  
TRACE::2025-06-06.21:40:08::SCWMssOS::No sw design opened at  D:/proyectosep2/IEE2463-SEP-Proyecto-2-Z8/input_reader/vitis/input_reader_plt/zynq_fsbl/zynq_fsbl_bsp/system.mss
TRACE::2025-06-06.21:40:08::SCWMssOS::mss exists loading the mss file  D:/proyectosep2/IEE2463-SEP-Proyecto-2-Z8/input_reader/vitis/input_reader_plt/zynq_fsbl/zynq_fsbl_bsp/system.mss
TRACE::2025-06-06.21:40:08::SCWMssOS::Opened the sw design from mss  D:/proyectosep2/IEE2463-SEP-Proyecto-2-Z8/input_reader/vitis/input_reader_plt/zynq_fsbl/zynq_fsbl_bsp/system.mss
TRACE::2025-06-06.21:40:08::SCWMssOS::Adding the swdes entry D:/proyectosep2/IEE2463-SEP-Proyecto-2-Z8/input_reader/vitis/input_reader_plt/zynq_fsbl/zynq_fsbl_bsp/system.mss with des name system
TRACE::2025-06-06.21:40:08::SCWMssOS::updating the scw layer about changes
TRACE::2025-06-06.21:40:08::SCWMssOS::Opened the sw design.  D:/proyectosep2/IEE2463-SEP-Proyecto-2-Z8/input_reader/vitis/input_reader_plt/zynq_fsbl/zynq_fsbl_bsp/system.mss
TRACE::2025-06-06.21:40:08::SCWPlatform::Trying to open the hw design at D:/proyectosep2/IEE2463-SEP-Proyecto-2-Z8/input_reader/vitis/input_reader_plt/hw/DEMO_wrapper.xsa
TRACE::2025-06-06.21:40:08::SCWPlatform::DSA given D:/proyectosep2/IEE2463-SEP-Proyecto-2-Z8/input_reader/vitis/input_reader_plt/hw/DEMO_wrapper.xsa
TRACE::2025-06-06.21:40:08::SCWPlatform::DSA absoulate path D:/proyectosep2/IEE2463-SEP-Proyecto-2-Z8/input_reader/vitis/input_reader_plt/hw/DEMO_wrapper.xsa
TRACE::2025-06-06.21:40:08::SCWPlatform::DSA directory D:/proyectosep2/IEE2463-SEP-Proyecto-2-Z8/input_reader/vitis/input_reader_plt/hw
TRACE::2025-06-06.21:40:08::SCWPlatform:: Platform Path D:/proyectosep2/IEE2463-SEP-Proyecto-2-Z8/input_reader/vitis/input_reader_plt/hw/DEMO_wrapper.xsa
TRACE::2025-06-06.21:40:08::SCWPlatform:: Unique name xilinx:zybo-z7-10::0.0
TRACE::2025-06-06.21:40:08::SCWPlatform::Trying to set the existing hwdb with name DEMO_wrapper_1
TRACE::2025-06-06.21:40:08::SCWPlatform::Opened existing hwdb DEMO_wrapper_1
TRACE::2025-06-06.21:40:08::SCWPlatform::Found the Hw Db part of the input DSA
TRACE::2025-06-06.21:40:08::SCWMssOS::Checking the sw design at  D:/proyectosep2/IEE2463-SEP-Proyecto-2-Z8/input_reader/vitis/input_reader_plt/zynq_fsbl/zynq_fsbl_bsp/system.mss
TRACE::2025-06-06.21:40:08::SCWMssOS::DEBUG:  swdes dump  D:/proyectosep2/IEE2463-SEP-Proyecto-2-Z8/input_reader/vitis/input_reader_plt/zynq_fsbl/zynq_fsbl_bsp/system.mss|system||

TRACE::2025-06-06.21:40:08::SCWMssOS::Sw design exists and opened at  D:/proyectosep2/IEE2463-SEP-Proyecto-2-Z8/input_reader/vitis/input_reader_plt/zynq_fsbl/zynq_fsbl_bsp/system.mss
TRACE::2025-06-06.21:40:08::SCWMssOS:: library already available in sw design:  xilffs:4.3
TRACE::2025-06-06.21:40:08::SCWPlatform::Trying to open the hw design at D:/proyectosep2/IEE2463-SEP-Proyecto-2-Z8/input_reader/vitis/input_reader_plt/hw/DEMO_wrapper.xsa
TRACE::2025-06-06.21:40:08::SCWPlatform::DSA given D:/proyectosep2/IEE2463-SEP-Proyecto-2-Z8/input_reader/vitis/input_reader_plt/hw/DEMO_wrapper.xsa
TRACE::2025-06-06.21:40:08::SCWPlatform::DSA absoulate path D:/proyectosep2/IEE2463-SEP-Proyecto-2-Z8/input_reader/vitis/input_reader_plt/hw/DEMO_wrapper.xsa
TRACE::2025-06-06.21:40:08::SCWPlatform::DSA directory D:/proyectosep2/IEE2463-SEP-Proyecto-2-Z8/input_reader/vitis/input_reader_plt/hw
TRACE::2025-06-06.21:40:08::SCWPlatform:: Platform Path D:/proyectosep2/IEE2463-SEP-Proyecto-2-Z8/input_reader/vitis/input_reader_plt/hw/DEMO_wrapper.xsa
TRACE::2025-06-06.21:40:08::SCWPlatform:: Unique name xilinx:zybo-z7-10::0.0
TRACE::2025-06-06.21:40:08::SCWPlatform::Trying to set the existing hwdb with name DEMO_wrapper_1
TRACE::2025-06-06.21:40:08::SCWPlatform::Opened existing hwdb DEMO_wrapper_1
TRACE::2025-06-06.21:40:08::SCWPlatform::Found the Hw Db part of the input DSA
TRACE::2025-06-06.21:40:08::SCWMssOS::Checking the sw design at  D:/proyectosep2/IEE2463-SEP-Proyecto-2-Z8/input_reader/vitis/input_reader_plt/zynq_fsbl/zynq_fsbl_bsp/system.mss
TRACE::2025-06-06.21:40:08::SCWMssOS::DEBUG:  swdes dump  D:/proyectosep2/IEE2463-SEP-Proyecto-2-Z8/input_reader/vitis/input_reader_plt/zynq_fsbl/zynq_fsbl_bsp/system.mss|system||

TRACE::2025-06-06.21:40:08::SCWMssOS::Sw design exists and opened at  D:/proyectosep2/IEE2463-SEP-Proyecto-2-Z8/input_reader/vitis/input_reader_plt/zynq_fsbl/zynq_fsbl_bsp/system.mss
TRACE::2025-06-06.21:40:08::SCWMssOS:: library already available in sw design:  xilrsa:1.6
TRACE::2025-06-06.21:40:08::SCWMssOS::Saving the mss changes D:/proyectosep2/IEE2463-SEP-Proyecto-2-Z8/input_reader/vitis/input_reader_plt/zynq_fsbl/zynq_fsbl_bsp/system.mss
TRACE::2025-06-06.21:40:08::SCWMssOS::Found a swdesign opened with the mssfile.
TRACE::2025-06-06.21:40:08::SCWMssOS::Completed writemss as part of save.
TRACE::2025-06-06.21:40:08::SCWMssOS::Commit changes completed.
TRACE::2025-06-06.21:40:08::SCWReader::Adding prebuilt librarypaths as   
TRACE::2025-06-06.21:40:08::SCWReader::Adding prebuilt incpaths  as   
TRACE::2025-06-06.21:40:08::SCWPlatform::Trying to open the hw design at D:/proyectosep2/IEE2463-SEP-Proyecto-2-Z8/input_reader/vitis/input_reader_plt/hw/DEMO_wrapper.xsa
TRACE::2025-06-06.21:40:08::SCWPlatform::DSA given D:/proyectosep2/IEE2463-SEP-Proyecto-2-Z8/input_reader/vitis/input_reader_plt/hw/DEMO_wrapper.xsa
TRACE::2025-06-06.21:40:08::SCWPlatform::DSA absoulate path D:/proyectosep2/IEE2463-SEP-Proyecto-2-Z8/input_reader/vitis/input_reader_plt/hw/DEMO_wrapper.xsa
TRACE::2025-06-06.21:40:08::SCWPlatform::DSA directory D:/proyectosep2/IEE2463-SEP-Proyecto-2-Z8/input_reader/vitis/input_reader_plt/hw
TRACE::2025-06-06.21:40:08::SCWPlatform:: Platform Path D:/proyectosep2/IEE2463-SEP-Proyecto-2-Z8/input_reader/vitis/input_reader_plt/hw/DEMO_wrapper.xsa
TRACE::2025-06-06.21:40:08::SCWPlatform:: Unique name xilinx:zybo-z7-10::0.0
TRACE::2025-06-06.21:40:08::SCWPlatform::Trying to set the existing hwdb with name DEMO_wrapper_1
TRACE::2025-06-06.21:40:08::SCWPlatform::Opened existing hwdb DEMO_wrapper_1
TRACE::2025-06-06.21:40:08::SCWPlatform::Found the Hw Db part of the input DSA
TRACE::2025-06-06.21:40:08::SCWMssOS::Checking the sw design at  D:/proyectosep2/IEE2463-SEP-Proyecto-2-Z8/input_reader/vitis/input_reader_plt/zynq_fsbl/zynq_fsbl_bsp/system.mss
TRACE::2025-06-06.21:40:08::SCWMssOS::DEBUG:  swdes dump  D:/proyectosep2/IEE2463-SEP-Proyecto-2-Z8/input_reader/vitis/input_reader_plt/zynq_fsbl/zynq_fsbl_bsp/system.mss|system||

TRACE::2025-06-06.21:40:08::SCWMssOS::Sw design exists and opened at  D:/proyectosep2/IEE2463-SEP-Proyecto-2-Z8/input_reader/vitis/input_reader_plt/zynq_fsbl/zynq_fsbl_bsp/system.mss
TRACE::2025-06-06.21:40:08::SCWReader::No isolation master present  
TRACE::2025-06-06.21:40:08::SCWDomain::checking for install qemu data   : 
TRACE::2025-06-06.21:40:08::SCWDomain:: Using the QEMU Data from install at  : D:/Xilinx/Vitis/2020.1/data/emulation/platforms/zynq/qemu/
TRACE::2025-06-06.21:40:08::SCWDomain:: Using the QEMU args  from install at  : D:/Xilinx/Vitis/2020.1/data/emulation/platforms/zynq/qemu/qemu_args.txt
TRACE::2025-06-06.21:40:08::SCWPlatform::Trying to open the hw design at D:/proyectosep2/IEE2463-SEP-Proyecto-2-Z8/input_reader/vitis/input_reader_plt/hw/DEMO_wrapper.xsa
TRACE::2025-06-06.21:40:08::SCWPlatform::DSA given D:/proyectosep2/IEE2463-SEP-Proyecto-2-Z8/input_reader/vitis/input_reader_plt/hw/DEMO_wrapper.xsa
TRACE::2025-06-06.21:40:08::SCWPlatform::DSA absoulate path D:/proyectosep2/IEE2463-SEP-Proyecto-2-Z8/input_reader/vitis/input_reader_plt/hw/DEMO_wrapper.xsa
TRACE::2025-06-06.21:40:08::SCWPlatform::DSA directory D:/proyectosep2/IEE2463-SEP-Proyecto-2-Z8/input_reader/vitis/input_reader_plt/hw
TRACE::2025-06-06.21:40:08::SCWPlatform:: Platform Path D:/proyectosep2/IEE2463-SEP-Proyecto-2-Z8/input_reader/vitis/input_reader_plt/hw/DEMO_wrapper.xsa
TRACE::2025-06-06.21:40:08::SCWPlatform:: Unique name xilinx:zybo-z7-10::0.0
TRACE::2025-06-06.21:40:08::SCWPlatform::Trying to set the existing hwdb with name DEMO_wrapper_1
TRACE::2025-06-06.21:40:08::SCWPlatform::Opened existing hwdb DEMO_wrapper_1
TRACE::2025-06-06.21:40:08::SCWPlatform::Found the Hw Db part of the input DSA
TRACE::2025-06-06.21:40:08::SCWPlatform::Trying to open the hw design at D:/proyectosep2/IEE2463-SEP-Proyecto-2-Z8/input_reader/vitis/input_reader_plt/hw/DEMO_wrapper.xsa
TRACE::2025-06-06.21:40:08::SCWPlatform::DSA given D:/proyectosep2/IEE2463-SEP-Proyecto-2-Z8/input_reader/vitis/input_reader_plt/hw/DEMO_wrapper.xsa
TRACE::2025-06-06.21:40:08::SCWPlatform::DSA absoulate path D:/proyectosep2/IEE2463-SEP-Proyecto-2-Z8/input_reader/vitis/input_reader_plt/hw/DEMO_wrapper.xsa
TRACE::2025-06-06.21:40:08::SCWPlatform::DSA directory D:/proyectosep2/IEE2463-SEP-Proyecto-2-Z8/input_reader/vitis/input_reader_plt/hw
TRACE::2025-06-06.21:40:08::SCWPlatform:: Platform Path D:/proyectosep2/IEE2463-SEP-Proyecto-2-Z8/input_reader/vitis/input_reader_plt/hw/DEMO_wrapper.xsa
TRACE::2025-06-06.21:40:08::SCWPlatform:: Unique name xilinx:zybo-z7-10::0.0
TRACE::2025-06-06.21:40:08::SCWPlatform::Trying to set the existing hwdb with name DEMO_wrapper_1
TRACE::2025-06-06.21:40:08::SCWPlatform::Opened existing hwdb DEMO_wrapper_1
TRACE::2025-06-06.21:40:08::SCWPlatform::Found the Hw Db part of the input DSA
TRACE::2025-06-06.21:40:08::SCWPlatform::Trying to open the hw design at D:/proyectosep2/IEE2463-SEP-Proyecto-2-Z8/input_reader/vitis/input_reader_plt/hw/DEMO_wrapper.xsa
TRACE::2025-06-06.21:40:08::SCWPlatform::DSA given D:/proyectosep2/IEE2463-SEP-Proyecto-2-Z8/input_reader/vitis/input_reader_plt/hw/DEMO_wrapper.xsa
TRACE::2025-06-06.21:40:08::SCWPlatform::DSA absoulate path D:/proyectosep2/IEE2463-SEP-Proyecto-2-Z8/input_reader/vitis/input_reader_plt/hw/DEMO_wrapper.xsa
TRACE::2025-06-06.21:40:08::SCWPlatform::DSA directory D:/proyectosep2/IEE2463-SEP-Proyecto-2-Z8/input_reader/vitis/input_reader_plt/hw
TRACE::2025-06-06.21:40:08::SCWPlatform:: Platform Path D:/proyectosep2/IEE2463-SEP-Proyecto-2-Z8/input_reader/vitis/input_reader_plt/hw/DEMO_wrapper.xsa
TRACE::2025-06-06.21:40:08::SCWPlatform:: Unique name xilinx:zybo-z7-10::0.0
TRACE::2025-06-06.21:40:08::SCWPlatform::Trying to set the existing hwdb with name DEMO_wrapper_1
TRACE::2025-06-06.21:40:08::SCWPlatform::Opened existing hwdb DEMO_wrapper_1
TRACE::2025-06-06.21:40:08::SCWPlatform::Found the Hw Db part of the input DSA
TRACE::2025-06-06.21:40:08::SCWMssOS::Checking the sw design at  D:/proyectosep2/IEE2463-SEP-Proyecto-2-Z8/input_reader/vitis/input_reader_plt/ps7_cortexa9_0/standalone_domain/bsp/system.mss
TRACE::2025-06-06.21:40:08::SCWMssOS::DEBUG:  swdes dump  D:/proyectosep2/IEE2463-SEP-Proyecto-2-Z8/input_reader/vitis/input_reader_plt/zynq_fsbl/zynq_fsbl_bsp/system.mss|system||

TRACE::2025-06-06.21:40:08::SCWMssOS::No sw design opened at  D:/proyectosep2/IEE2463-SEP-Proyecto-2-Z8/input_reader/vitis/input_reader_plt/ps7_cortexa9_0/standalone_domain/bsp/system.mss
TRACE::2025-06-06.21:40:08::SCWMssOS::mss exists loading the mss file  D:/proyectosep2/IEE2463-SEP-Proyecto-2-Z8/input_reader/vitis/input_reader_plt/ps7_cortexa9_0/standalone_domain/bsp/system.mss
TRACE::2025-06-06.21:40:08::SCWMssOS::Opened the sw design from mss  D:/proyectosep2/IEE2463-SEP-Proyecto-2-Z8/input_reader/vitis/input_reader_plt/ps7_cortexa9_0/standalone_domain/bsp/system.mss
TRACE::2025-06-06.21:40:08::SCWMssOS::Adding the swdes entry D:/proyectosep2/IEE2463-SEP-Proyecto-2-Z8/input_reader/vitis/input_reader_plt/ps7_cortexa9_0/standalone_domain/bsp/system.mss with des name system_0
TRACE::2025-06-06.21:40:08::SCWMssOS::updating the scw layer about changes
TRACE::2025-06-06.21:40:08::SCWMssOS::Opened the sw design.  D:/proyectosep2/IEE2463-SEP-Proyecto-2-Z8/input_reader/vitis/input_reader_plt/ps7_cortexa9_0/standalone_domain/bsp/system.mss
TRACE::2025-06-06.21:40:08::SCWMssOS::Saving the mss changes D:/proyectosep2/IEE2463-SEP-Proyecto-2-Z8/input_reader/vitis/input_reader_plt/ps7_cortexa9_0/standalone_domain/bsp/system.mss
TRACE::2025-06-06.21:40:08::SCWMssOS::Found a swdesign opened with the mssfile.
TRACE::2025-06-06.21:40:08::SCWMssOS::Completed writemss as part of save.
TRACE::2025-06-06.21:40:08::SCWMssOS::Commit changes completed.
TRACE::2025-06-06.21:40:08::SCWReader::Adding prebuilt librarypaths as   
TRACE::2025-06-06.21:40:08::SCWReader::Adding prebuilt incpaths  as   
TRACE::2025-06-06.21:40:08::SCWPlatform::Trying to open the hw design at D:/proyectosep2/IEE2463-SEP-Proyecto-2-Z8/input_reader/vitis/input_reader_plt/hw/DEMO_wrapper.xsa
TRACE::2025-06-06.21:40:08::SCWPlatform::DSA given D:/proyectosep2/IEE2463-SEP-Proyecto-2-Z8/input_reader/vitis/input_reader_plt/hw/DEMO_wrapper.xsa
TRACE::2025-06-06.21:40:08::SCWPlatform::DSA absoulate path D:/proyectosep2/IEE2463-SEP-Proyecto-2-Z8/input_reader/vitis/input_reader_plt/hw/DEMO_wrapper.xsa
TRACE::2025-06-06.21:40:08::SCWPlatform::DSA directory D:/proyectosep2/IEE2463-SEP-Proyecto-2-Z8/input_reader/vitis/input_reader_plt/hw
TRACE::2025-06-06.21:40:08::SCWPlatform:: Platform Path D:/proyectosep2/IEE2463-SEP-Proyecto-2-Z8/input_reader/vitis/input_reader_plt/hw/DEMO_wrapper.xsa
TRACE::2025-06-06.21:40:08::SCWPlatform:: Unique name xilinx:zybo-z7-10::0.0
TRACE::2025-06-06.21:40:08::SCWPlatform::Trying to set the existing hwdb with name DEMO_wrapper_1
TRACE::2025-06-06.21:40:08::SCWPlatform::Opened existing hwdb DEMO_wrapper_1
TRACE::2025-06-06.21:40:08::SCWPlatform::Found the Hw Db part of the input DSA
TRACE::2025-06-06.21:40:08::SCWMssOS::Checking the sw design at  D:/proyectosep2/IEE2463-SEP-Proyecto-2-Z8/input_reader/vitis/input_reader_plt/ps7_cortexa9_0/standalone_domain/bsp/system.mss
TRACE::2025-06-06.21:40:08::SCWMssOS::DEBUG:  swdes dump  D:/proyectosep2/IEE2463-SEP-Proyecto-2-Z8/input_reader/vitis/input_reader_plt/ps7_cortexa9_0/standalone_domain/bsp/system.mss|system_0||
D:/proyectosep2/IEE2463-SEP-Proyecto-2-Z8/input_reader/vitis/input_reader_plt/zynq_fsbl/zynq_fsbl_bsp/system.mss|system||

TRACE::2025-06-06.21:40:08::SCWMssOS::Sw design exists and opened at  D:/proyectosep2/IEE2463-SEP-Proyecto-2-Z8/input_reader/vitis/input_reader_plt/ps7_cortexa9_0/standalone_domain/bsp/system.mss
TRACE::2025-06-06.21:40:08::SCWReader::No isolation master present  
LOG::2025-06-06.21:40:21::SCWPlatform::Started generating the artifacts platform input_reader_plt
TRACE::2025-06-06.21:40:21::SCWPlatform::Sanity checking of platform is completed
LOG::2025-06-06.21:40:21::SCWPlatform::Started generating the artifacts for system configuration input_reader_plt
LOG::2025-06-06.21:40:21::SCWSystem::Checking the domain zynq_fsbl
LOG::2025-06-06.21:40:21::SCWSystem::Doing application build for :  zynq_fsbl
TRACE::2025-06-06.21:40:21::SCWBDomain::Not a forced makefile updation, No changes are present. 
TRACE::2025-06-06.21:40:21::SCWDomain::Building the domain as part of full build :  zynq_fsbl
TRACE::2025-06-06.21:40:21::SCWPlatform::Trying to open the hw design at D:/proyectosep2/IEE2463-SEP-Proyecto-2-Z8/input_reader/vitis/input_reader_plt/hw/DEMO_wrapper.xsa
TRACE::2025-06-06.21:40:21::SCWPlatform::DSA given D:/proyectosep2/IEE2463-SEP-Proyecto-2-Z8/input_reader/vitis/input_reader_plt/hw/DEMO_wrapper.xsa
TRACE::2025-06-06.21:40:21::SCWPlatform::DSA absoulate path D:/proyectosep2/IEE2463-SEP-Proyecto-2-Z8/input_reader/vitis/input_reader_plt/hw/DEMO_wrapper.xsa
TRACE::2025-06-06.21:40:21::SCWPlatform::DSA directory D:/proyectosep2/IEE2463-SEP-Proyecto-2-Z8/input_reader/vitis/input_reader_plt/hw
TRACE::2025-06-06.21:40:21::SCWPlatform:: Platform Path D:/proyectosep2/IEE2463-SEP-Proyecto-2-Z8/input_reader/vitis/input_reader_plt/hw/DEMO_wrapper.xsa
TRACE::2025-06-06.21:40:21::SCWPlatform:: Unique name xilinx:zybo-z7-10::0.0
TRACE::2025-06-06.21:40:21::SCWPlatform::Trying to set the existing hwdb with name DEMO_wrapper_1
TRACE::2025-06-06.21:40:21::SCWPlatform::Opened existing hwdb DEMO_wrapper_1
TRACE::2025-06-06.21:40:21::SCWPlatform::Found the Hw Db part of the input DSA
TRACE::2025-06-06.21:40:21::SCWMssOS::Checking the sw design at  D:/proyectosep2/IEE2463-SEP-Proyecto-2-Z8/input_reader/vitis/input_reader_plt/zynq_fsbl/zynq_fsbl_bsp/system.mss
TRACE::2025-06-06.21:40:21::SCWMssOS::DEBUG:  swdes dump  D:/proyectosep2/IEE2463-SEP-Proyecto-2-Z8/input_reader/vitis/input_reader_plt/ps7_cortexa9_0/standalone_domain/bsp/system.mss|system_0||
D:/proyectosep2/IEE2463-SEP-Proyecto-2-Z8/input_reader/vitis/input_reader_plt/zynq_fsbl/zynq_fsbl_bsp/system.mss|system||

TRACE::2025-06-06.21:40:21::SCWMssOS::Sw design exists and opened at  D:/proyectosep2/IEE2463-SEP-Proyecto-2-Z8/input_reader/vitis/input_reader_plt/zynq_fsbl/zynq_fsbl_bsp/system.mss
TRACE::2025-06-06.21:40:21::SCWBDomain::Completed writing the mss file at D:/proyectosep2/IEE2463-SEP-Proyecto-2-Z8/input_reader/vitis/input_reader_plt/zynq_fsbl/zynq_fsbl_bsp
TRACE::2025-06-06.21:40:21::SCWBDomain::bsp generated is upto date with the mss file. Skipping bsp generation.
TRACE::2025-06-06.21:40:21::SCWBDomain::Not a forced makefile updation, No changes are present. 
TRACE::2025-06-06.21:40:21::SCWBDomain::System Command Ran  D:&  cd  D:/proyectosep2/IEE2463-SEP-Proyecto-2-Z8/input_reader/vitis/input_reader_plt/zynq_fsbl & make 
TRACE::2025-06-06.21:40:22::SCWBDomain::make -C zynq_fsbl_bsp

TRACE::2025-06-06.21:40:22::SCWBDomain::make[1]: Entering directory 'D:/proyectosep2/IEE2463-SEP-Proyecto-2-Z8/input_reader/vitis/input_reader_plt/zynq_fsbl/zynq_fsbl_
TRACE::2025-06-06.21:40:22::SCWBDomain::bsp'

TRACE::2025-06-06.21:40:22::SCWBDomain::"Running Make include in ps7_cortexa9_0/libsrc/coresightps_dcc_v1_7/src"

TRACE::2025-06-06.21:40:22::SCWBDomain::make -C ps7_cortexa9_0/libsrc/coresightps_dcc_v1_7/src -s include  "SHELL=CMD" "COMPILER=arm-none-eabi-gcc" "ASSEMBLER=arm-none
TRACE::2025-06-06.21:40:22::SCWBDomain::-eabi-as" "ARCHIVER=arm-none-eabi-ar" "COMPILER_FLAGS=  -O2 -c" "EXTRA_COMPILER_FLAGS=-mcpu=cortex-a9 -mfpu=vfpv3 -mfloat-abi=h
TRACE::2025-06-06.21:40:22::SCWBDomain::ard -nostartfiles -g -Wall -Wextra"

TRACE::2025-06-06.21:40:22::SCWBDomain::make[2]: Entering directory 'D:/proyectosep2/IEE2463-SEP-Proyecto-2-Z8/input_reader/vitis/input_reader_plt/zynq_fsbl/zynq_fsbl_
TRACE::2025-06-06.21:40:22::SCWBDomain::bsp/ps7_cortexa9_0/libsrc/coresightps_dcc_v1_7/src'

TRACE::2025-06-06.21:40:22::SCWBDomain::make[2]: Leaving directory 'D:/proyectosep2/IEE2463-SEP-Proyecto-2-Z8/input_reader/vitis/input_reader_plt/zynq_fsbl/zynq_fsbl_b
TRACE::2025-06-06.21:40:22::SCWBDomain::sp/ps7_cortexa9_0/libsrc/coresightps_dcc_v1_7/src'

TRACE::2025-06-06.21:40:22::SCWBDomain::"Running Make include in ps7_cortexa9_0/libsrc/cpu_cortexa9_v2_9/src"

TRACE::2025-06-06.21:40:22::SCWBDomain::make -C ps7_cortexa9_0/libsrc/cpu_cortexa9_v2_9/src -s include  "SHELL=CMD" "COMPILER=arm-none-eabi-gcc" "ASSEMBLER=arm-none-ea
TRACE::2025-06-06.21:40:22::SCWBDomain::bi-as" "ARCHIVER=arm-none-eabi-ar" "COMPILER_FLAGS=  -O2 -c" "EXTRA_COMPILER_FLAGS=-mcpu=cortex-a9 -mfpu=vfpv3 -mfloat-abi=hard
TRACE::2025-06-06.21:40:22::SCWBDomain:: -nostartfiles -g -Wall -Wextra"

TRACE::2025-06-06.21:40:22::SCWBDomain::make[2]: Entering directory 'D:/proyectosep2/IEE2463-SEP-Proyecto-2-Z8/input_reader/vitis/input_reader_plt/zynq_fsbl/zynq_fsbl_
TRACE::2025-06-06.21:40:22::SCWBDomain::bsp/ps7_cortexa9_0/libsrc/cpu_cortexa9_v2_9/src'

TRACE::2025-06-06.21:40:22::SCWBDomain::make[2]: Leaving directory 'D:/proyectosep2/IEE2463-SEP-Proyecto-2-Z8/input_reader/vitis/input_reader_plt/zynq_fsbl/zynq_fsbl_b
TRACE::2025-06-06.21:40:22::SCWBDomain::sp/ps7_cortexa9_0/libsrc/cpu_cortexa9_v2_9/src'

TRACE::2025-06-06.21:40:22::SCWBDomain::"Running Make include in ps7_cortexa9_0/libsrc/ddrps_v1_1/src"

TRACE::2025-06-06.21:40:22::SCWBDomain::make -C ps7_cortexa9_0/libsrc/ddrps_v1_1/src -s include  "SHELL=CMD" "COMPILER=arm-none-eabi-gcc" "ASSEMBLER=arm-none-eabi-as" 
TRACE::2025-06-06.21:40:22::SCWBDomain::"ARCHIVER=arm-none-eabi-ar" "COMPILER_FLAGS=  -O2 -c" "EXTRA_COMPILER_FLAGS=-mcpu=cortex-a9 -mfpu=vfpv3 -mfloat-abi=hard -nosta
TRACE::2025-06-06.21:40:22::SCWBDomain::rtfiles -g -Wall -Wextra"

TRACE::2025-06-06.21:40:22::SCWBDomain::make[2]: Entering directory 'D:/proyectosep2/IEE2463-SEP-Proyecto-2-Z8/input_reader/vitis/input_reader_plt/zynq_fsbl/zynq_fsbl_
TRACE::2025-06-06.21:40:22::SCWBDomain::bsp/ps7_cortexa9_0/libsrc/ddrps_v1_1/src'

TRACE::2025-06-06.21:40:22::SCWBDomain::make[2]: Leaving directory 'D:/proyectosep2/IEE2463-SEP-Proyecto-2-Z8/input_reader/vitis/input_reader_plt/zynq_fsbl/zynq_fsbl_b
TRACE::2025-06-06.21:40:22::SCWBDomain::sp/ps7_cortexa9_0/libsrc/ddrps_v1_1/src'

TRACE::2025-06-06.21:40:22::SCWBDomain::"Running Make include in ps7_cortexa9_0/libsrc/devcfg_v3_6/src"

TRACE::2025-06-06.21:40:22::SCWBDomain::make -C ps7_cortexa9_0/libsrc/devcfg_v3_6/src -s include  "SHELL=CMD" "COMPILER=arm-none-eabi-gcc" "ASSEMBLER=arm-none-eabi-as"
TRACE::2025-06-06.21:40:22::SCWBDomain:: "ARCHIVER=arm-none-eabi-ar" "COMPILER_FLAGS=  -O2 -c" "EXTRA_COMPILER_FLAGS=-mcpu=cortex-a9 -mfpu=vfpv3 -mfloat-abi=hard -nost
TRACE::2025-06-06.21:40:22::SCWBDomain::artfiles -g -Wall -Wextra"

TRACE::2025-06-06.21:40:22::SCWBDomain::make[2]: Entering directory 'D:/proyectosep2/IEE2463-SEP-Proyecto-2-Z8/input_reader/vitis/input_reader_plt/zynq_fsbl/zynq_fsbl_
TRACE::2025-06-06.21:40:22::SCWBDomain::bsp/ps7_cortexa9_0/libsrc/devcfg_v3_6/src'

TRACE::2025-06-06.21:40:22::SCWBDomain::make[2]: Leaving directory 'D:/proyectosep2/IEE2463-SEP-Proyecto-2-Z8/input_reader/vitis/input_reader_plt/zynq_fsbl/zynq_fsbl_b
TRACE::2025-06-06.21:40:22::SCWBDomain::sp/ps7_cortexa9_0/libsrc/devcfg_v3_6/src'

TRACE::2025-06-06.21:40:22::SCWBDomain::"Running Make include in ps7_cortexa9_0/libsrc/dmaps_v2_6/src"

TRACE::2025-06-06.21:40:22::SCWBDomain::make -C ps7_cortexa9_0/libsrc/dmaps_v2_6/src -s include  "SHELL=CMD" "COMPILER=arm-none-eabi-gcc" "ASSEMBLER=arm-none-eabi-as" 
TRACE::2025-06-06.21:40:22::SCWBDomain::"ARCHIVER=arm-none-eabi-ar" "COMPILER_FLAGS=  -O2 -c" "EXTRA_COMPILER_FLAGS=-mcpu=cortex-a9 -mfpu=vfpv3 -mfloat-abi=hard -nosta
TRACE::2025-06-06.21:40:22::SCWBDomain::rtfiles -g -Wall -Wextra"

TRACE::2025-06-06.21:40:22::SCWBDomain::make[2]: Entering directory 'D:/proyectosep2/IEE2463-SEP-Proyecto-2-Z8/input_reader/vitis/input_reader_plt/zynq_fsbl/zynq_fsbl_
TRACE::2025-06-06.21:40:22::SCWBDomain::bsp/ps7_cortexa9_0/libsrc/dmaps_v2_6/src'

TRACE::2025-06-06.21:40:22::SCWBDomain::make[2]: Leaving directory 'D:/proyectosep2/IEE2463-SEP-Proyecto-2-Z8/input_reader/vitis/input_reader_plt/zynq_fsbl/zynq_fsbl_b
TRACE::2025-06-06.21:40:22::SCWBDomain::sp/ps7_cortexa9_0/libsrc/dmaps_v2_6/src'

TRACE::2025-06-06.21:40:23::SCWBDomain::"Running Make include in ps7_cortexa9_0/libsrc/emacps_v3_11/src"

TRACE::2025-06-06.21:40:23::SCWBDomain::make -C ps7_cortexa9_0/libsrc/emacps_v3_11/src -s include  "SHELL=CMD" "COMPILER=arm-none-eabi-gcc" "ASSEMBLER=arm-none-eabi-as
TRACE::2025-06-06.21:40:23::SCWBDomain::" "ARCHIVER=arm-none-eabi-ar" "COMPILER_FLAGS=  -O2 -c" "EXTRA_COMPILER_FLAGS=-mcpu=cortex-a9 -mfpu=vfpv3 -mfloat-abi=hard -nos
TRACE::2025-06-06.21:40:23::SCWBDomain::tartfiles -g -Wall -Wextra"

TRACE::2025-06-06.21:40:23::SCWBDomain::make[2]: Entering directory 'D:/proyectosep2/IEE2463-SEP-Proyecto-2-Z8/input_reader/vitis/input_reader_plt/zynq_fsbl/zynq_fsbl_
TRACE::2025-06-06.21:40:23::SCWBDomain::bsp/ps7_cortexa9_0/libsrc/emacps_v3_11/src'

TRACE::2025-06-06.21:40:23::SCWBDomain::make[2]: Leaving directory 'D:/proyectosep2/IEE2463-SEP-Proyecto-2-Z8/input_reader/vitis/input_reader_plt/zynq_fsbl/zynq_fsbl_b
TRACE::2025-06-06.21:40:23::SCWBDomain::sp/ps7_cortexa9_0/libsrc/emacps_v3_11/src'

TRACE::2025-06-06.21:40:23::SCWBDomain::"Running Make include in ps7_cortexa9_0/libsrc/gpiops_v3_7/src"

TRACE::2025-06-06.21:40:23::SCWBDomain::make -C ps7_cortexa9_0/libsrc/gpiops_v3_7/src -s include  "SHELL=CMD" "COMPILER=arm-none-eabi-gcc" "ASSEMBLER=arm-none-eabi-as"
TRACE::2025-06-06.21:40:23::SCWBDomain:: "ARCHIVER=arm-none-eabi-ar" "COMPILER_FLAGS=  -O2 -c" "EXTRA_COMPILER_FLAGS=-mcpu=cortex-a9 -mfpu=vfpv3 -mfloat-abi=hard -nost
TRACE::2025-06-06.21:40:23::SCWBDomain::artfiles -g -Wall -Wextra"

TRACE::2025-06-06.21:40:23::SCWBDomain::make[2]: Entering directory 'D:/proyectosep2/IEE2463-SEP-Proyecto-2-Z8/input_reader/vitis/input_reader_plt/zynq_fsbl/zynq_fsbl_
TRACE::2025-06-06.21:40:23::SCWBDomain::bsp/ps7_cortexa9_0/libsrc/gpiops_v3_7/src'

TRACE::2025-06-06.21:40:23::SCWBDomain::make[2]: Leaving directory 'D:/proyectosep2/IEE2463-SEP-Proyecto-2-Z8/input_reader/vitis/input_reader_plt/zynq_fsbl/zynq_fsbl_b
TRACE::2025-06-06.21:40:23::SCWBDomain::sp/ps7_cortexa9_0/libsrc/gpiops_v3_7/src'

TRACE::2025-06-06.21:40:23::SCWBDomain::"Running Make include in ps7_cortexa9_0/libsrc/gpio_v4_6/src"

TRACE::2025-06-06.21:40:23::SCWBDomain::make -C ps7_cortexa9_0/libsrc/gpio_v4_6/src -s include  "SHELL=CMD" "COMPILER=arm-none-eabi-gcc" "ASSEMBLER=arm-none-eabi-as" "
TRACE::2025-06-06.21:40:23::SCWBDomain::ARCHIVER=arm-none-eabi-ar" "COMPILER_FLAGS=  -O2 -c" "EXTRA_COMPILER_FLAGS=-mcpu=cortex-a9 -mfpu=vfpv3 -mfloat-abi=hard -nostar
TRACE::2025-06-06.21:40:23::SCWBDomain::tfiles -g -Wall -Wextra"

TRACE::2025-06-06.21:40:23::SCWBDomain::make[2]: Entering directory 'D:/proyectosep2/IEE2463-SEP-Proyecto-2-Z8/input_reader/vitis/input_reader_plt/zynq_fsbl/zynq_fsbl_
TRACE::2025-06-06.21:40:23::SCWBDomain::bsp/ps7_cortexa9_0/libsrc/gpio_v4_6/src'

TRACE::2025-06-06.21:40:23::SCWBDomain::make[2]: Leaving directory 'D:/proyectosep2/IEE2463-SEP-Proyecto-2-Z8/input_reader/vitis/input_reader_plt/zynq_fsbl/zynq_fsbl_b
TRACE::2025-06-06.21:40:23::SCWBDomain::sp/ps7_cortexa9_0/libsrc/gpio_v4_6/src'

TRACE::2025-06-06.21:40:23::SCWBDomain::"Running Make include in ps7_cortexa9_0/libsrc/iic_v3_6/src"

TRACE::2025-06-06.21:40:23::SCWBDomain::make -C ps7_cortexa9_0/libsrc/iic_v3_6/src -s include  "SHELL=CMD" "COMPILER=arm-none-eabi-gcc" "ASSEMBLER=arm-none-eabi-as" "A
TRACE::2025-06-06.21:40:23::SCWBDomain::RCHIVER=arm-none-eabi-ar" "COMPILER_FLAGS=  -O2 -c" "EXTRA_COMPILER_FLAGS=-mcpu=cortex-a9 -mfpu=vfpv3 -mfloat-abi=hard -nostart
TRACE::2025-06-06.21:40:23::SCWBDomain::files -g -Wall -Wextra"

TRACE::2025-06-06.21:40:23::SCWBDomain::make[2]: Entering directory 'D:/proyectosep2/IEE2463-SEP-Proyecto-2-Z8/input_reader/vitis/input_reader_plt/zynq_fsbl/zynq_fsbl_
TRACE::2025-06-06.21:40:23::SCWBDomain::bsp/ps7_cortexa9_0/libsrc/iic_v3_6/src'

TRACE::2025-06-06.21:40:23::SCWBDomain::make[2]: Leaving directory 'D:/proyectosep2/IEE2463-SEP-Proyecto-2-Z8/input_reader/vitis/input_reader_plt/zynq_fsbl/zynq_fsbl_b
TRACE::2025-06-06.21:40:23::SCWBDomain::sp/ps7_cortexa9_0/libsrc/iic_v3_6/src'

TRACE::2025-06-06.21:40:23::SCWBDomain::"Running Make include in ps7_cortexa9_0/libsrc/qspips_v3_7/src"

TRACE::2025-06-06.21:40:23::SCWBDomain::make -C ps7_cortexa9_0/libsrc/qspips_v3_7/src -s include  "SHELL=CMD" "COMPILER=arm-none-eabi-gcc" "ASSEMBLER=arm-none-eabi-as"
TRACE::2025-06-06.21:40:23::SCWBDomain:: "ARCHIVER=arm-none-eabi-ar" "COMPILER_FLAGS=  -O2 -c" "EXTRA_COMPILER_FLAGS=-mcpu=cortex-a9 -mfpu=vfpv3 -mfloat-abi=hard -nost
TRACE::2025-06-06.21:40:23::SCWBDomain::artfiles -g -Wall -Wextra"

TRACE::2025-06-06.21:40:23::SCWBDomain::make[2]: Entering directory 'D:/proyectosep2/IEE2463-SEP-Proyecto-2-Z8/input_reader/vitis/input_reader_plt/zynq_fsbl/zynq_fsbl_
TRACE::2025-06-06.21:40:23::SCWBDomain::bsp/ps7_cortexa9_0/libsrc/qspips_v3_7/src'

TRACE::2025-06-06.21:40:23::SCWBDomain::make[2]: Leaving directory 'D:/proyectosep2/IEE2463-SEP-Proyecto-2-Z8/input_reader/vitis/input_reader_plt/zynq_fsbl/zynq_fsbl_b
TRACE::2025-06-06.21:40:23::SCWBDomain::sp/ps7_cortexa9_0/libsrc/qspips_v3_7/src'

TRACE::2025-06-06.21:40:23::SCWBDomain::"Running Make include in ps7_cortexa9_0/libsrc/scugic_v4_2/src"

TRACE::2025-06-06.21:40:23::SCWBDomain::make -C ps7_cortexa9_0/libsrc/scugic_v4_2/src -s include  "SHELL=CMD" "COMPILER=arm-none-eabi-gcc" "ASSEMBLER=arm-none-eabi-as"
TRACE::2025-06-06.21:40:23::SCWBDomain:: "ARCHIVER=arm-none-eabi-ar" "COMPILER_FLAGS=  -O2 -c" "EXTRA_COMPILER_FLAGS=-mcpu=cortex-a9 -mfpu=vfpv3 -mfloat-abi=hard -nost
TRACE::2025-06-06.21:40:23::SCWBDomain::artfiles -g -Wall -Wextra"

TRACE::2025-06-06.21:40:23::SCWBDomain::make[2]: Entering directory 'D:/proyectosep2/IEE2463-SEP-Proyecto-2-Z8/input_reader/vitis/input_reader_plt/zynq_fsbl/zynq_fsbl_
TRACE::2025-06-06.21:40:23::SCWBDomain::bsp/ps7_cortexa9_0/libsrc/scugic_v4_2/src'

TRACE::2025-06-06.21:40:23::SCWBDomain::make[2]: Leaving directory 'D:/proyectosep2/IEE2463-SEP-Proyecto-2-Z8/input_reader/vitis/input_reader_plt/zynq_fsbl/zynq_fsbl_b
TRACE::2025-06-06.21:40:23::SCWBDomain::sp/ps7_cortexa9_0/libsrc/scugic_v4_2/src'

TRACE::2025-06-06.21:40:23::SCWBDomain::"Running Make include in ps7_cortexa9_0/libsrc/scutimer_v2_2/src"

TRACE::2025-06-06.21:40:23::SCWBDomain::make -C ps7_cortexa9_0/libsrc/scutimer_v2_2/src -s include  "SHELL=CMD" "COMPILER=arm-none-eabi-gcc" "ASSEMBLER=arm-none-eabi-a
TRACE::2025-06-06.21:40:23::SCWBDomain::s" "ARCHIVER=arm-none-eabi-ar" "COMPILER_FLAGS=  -O2 -c" "EXTRA_COMPILER_FLAGS=-mcpu=cortex-a9 -mfpu=vfpv3 -mfloat-abi=hard -no
TRACE::2025-06-06.21:40:23::SCWBDomain::startfiles -g -Wall -Wextra"

TRACE::2025-06-06.21:40:23::SCWBDomain::make[2]: Entering directory 'D:/proyectosep2/IEE2463-SEP-Proyecto-2-Z8/input_reader/vitis/input_reader_plt/zynq_fsbl/zynq_fsbl_
TRACE::2025-06-06.21:40:23::SCWBDomain::bsp/ps7_cortexa9_0/libsrc/scutimer_v2_2/src'

TRACE::2025-06-06.21:40:23::SCWBDomain::make[2]: Leaving directory 'D:/proyectosep2/IEE2463-SEP-Proyecto-2-Z8/input_reader/vitis/input_reader_plt/zynq_fsbl/zynq_fsbl_b
TRACE::2025-06-06.21:40:23::SCWBDomain::sp/ps7_cortexa9_0/libsrc/scutimer_v2_2/src'

TRACE::2025-06-06.21:40:23::SCWBDomain::"Running Make include in ps7_cortexa9_0/libsrc/scuwdt_v2_2/src"

TRACE::2025-06-06.21:40:23::SCWBDomain::make -C ps7_cortexa9_0/libsrc/scuwdt_v2_2/src -s include  "SHELL=CMD" "COMPILER=arm-none-eabi-gcc" "ASSEMBLER=arm-none-eabi-as"
TRACE::2025-06-06.21:40:23::SCWBDomain:: "ARCHIVER=arm-none-eabi-ar" "COMPILER_FLAGS=  -O2 -c" "EXTRA_COMPILER_FLAGS=-mcpu=cortex-a9 -mfpu=vfpv3 -mfloat-abi=hard -nost
TRACE::2025-06-06.21:40:23::SCWBDomain::artfiles -g -Wall -Wextra"

TRACE::2025-06-06.21:40:23::SCWBDomain::make[2]: Entering directory 'D:/proyectosep2/IEE2463-SEP-Proyecto-2-Z8/input_reader/vitis/input_reader_plt/zynq_fsbl/zynq_fsbl_
TRACE::2025-06-06.21:40:23::SCWBDomain::bsp/ps7_cortexa9_0/libsrc/scuwdt_v2_2/src'

TRACE::2025-06-06.21:40:23::SCWBDomain::make[2]: Leaving directory 'D:/proyectosep2/IEE2463-SEP-Proyecto-2-Z8/input_reader/vitis/input_reader_plt/zynq_fsbl/zynq_fsbl_b
TRACE::2025-06-06.21:40:23::SCWBDomain::sp/ps7_cortexa9_0/libsrc/scuwdt_v2_2/src'

TRACE::2025-06-06.21:40:23::SCWBDomain::"Running Make include in ps7_cortexa9_0/libsrc/sdps_v3_9/src"

TRACE::2025-06-06.21:40:23::SCWBDomain::make -C ps7_cortexa9_0/libsrc/sdps_v3_9/src -s include  "SHELL=CMD" "COMPILER=arm-none-eabi-gcc" "ASSEMBLER=arm-none-eabi-as" "
TRACE::2025-06-06.21:40:23::SCWBDomain::ARCHIVER=arm-none-eabi-ar" "COMPILER_FLAGS=  -O2 -c" "EXTRA_COMPILER_FLAGS=-mcpu=cortex-a9 -mfpu=vfpv3 -mfloat-abi=hard -nostar
TRACE::2025-06-06.21:40:23::SCWBDomain::tfiles -g -Wall -Wextra"

TRACE::2025-06-06.21:40:23::SCWBDomain::make[2]: Entering directory 'D:/proyectosep2/IEE2463-SEP-Proyecto-2-Z8/input_reader/vitis/input_reader_plt/zynq_fsbl/zynq_fsbl_
TRACE::2025-06-06.21:40:23::SCWBDomain::bsp/ps7_cortexa9_0/libsrc/sdps_v3_9/src'

TRACE::2025-06-06.21:40:23::SCWBDomain::make[2]: Leaving directory 'D:/proyectosep2/IEE2463-SEP-Proyecto-2-Z8/input_reader/vitis/input_reader_plt/zynq_fsbl/zynq_fsbl_b
TRACE::2025-06-06.21:40:23::SCWBDomain::sp/ps7_cortexa9_0/libsrc/sdps_v3_9/src'

TRACE::2025-06-06.21:40:23::SCWBDomain::"Running Make include in ps7_cortexa9_0/libsrc/spi_v4_6/src"

TRACE::2025-06-06.21:40:23::SCWBDomain::make -C ps7_cortexa9_0/libsrc/spi_v4_6/src -s include  "SHELL=CMD" "COMPILER=arm-none-eabi-gcc" "ASSEMBLER=arm-none-eabi-as" "A
TRACE::2025-06-06.21:40:23::SCWBDomain::RCHIVER=arm-none-eabi-ar" "COMPILER_FLAGS=  -O2 -c" "EXTRA_COMPILER_FLAGS=-mcpu=cortex-a9 -mfpu=vfpv3 -mfloat-abi=hard -nostart
TRACE::2025-06-06.21:40:23::SCWBDomain::files -g -Wall -Wextra"

TRACE::2025-06-06.21:40:24::SCWBDomain::make[2]: Entering directory 'D:/proyectosep2/IEE2463-SEP-Proyecto-2-Z8/input_reader/vitis/input_reader_plt/zynq_fsbl/zynq_fsbl_
TRACE::2025-06-06.21:40:24::SCWBDomain::bsp/ps7_cortexa9_0/libsrc/spi_v4_6/src'

TRACE::2025-06-06.21:40:24::SCWBDomain::make[2]: Leaving directory 'D:/proyectosep2/IEE2463-SEP-Proyecto-2-Z8/input_reader/vitis/input_reader_plt/zynq_fsbl/zynq_fsbl_b
TRACE::2025-06-06.21:40:24::SCWBDomain::sp/ps7_cortexa9_0/libsrc/spi_v4_6/src'

TRACE::2025-06-06.21:40:24::SCWBDomain::"Running Make include in ps7_cortexa9_0/libsrc/standalone_v7_2/src"

TRACE::2025-06-06.21:40:24::SCWBDomain::make -C ps7_cortexa9_0/libsrc/standalone_v7_2/src -s include  "SHELL=CMD" "COMPILER=arm-none-eabi-gcc" "ASSEMBLER=arm-none-eabi
TRACE::2025-06-06.21:40:24::SCWBDomain::-as" "ARCHIVER=arm-none-eabi-ar" "COMPILER_FLAGS=  -O2 -c" "EXTRA_COMPILER_FLAGS=-mcpu=cortex-a9 -mfpu=vfpv3 -mfloat-abi=hard -
TRACE::2025-06-06.21:40:24::SCWBDomain::nostartfiles -g -Wall -Wextra"

TRACE::2025-06-06.21:40:24::SCWBDomain::make[2]: Entering directory 'D:/proyectosep2/IEE2463-SEP-Proyecto-2-Z8/input_reader/vitis/input_reader_plt/zynq_fsbl/zynq_fsbl_
TRACE::2025-06-06.21:40:24::SCWBDomain::bsp/ps7_cortexa9_0/libsrc/standalone_v7_2/src'

TRACE::2025-06-06.21:40:24::SCWBDomain::make[3]: Entering directory 'D:/proyectosep2/IEE2463-SEP-Proyecto-2-Z8/input_reader/vitis/input_reader_plt/zynq_fsbl/zynq_fsbl_
TRACE::2025-06-06.21:40:24::SCWBDomain::bsp/ps7_cortexa9_0/libsrc/standalone_v7_2/src/profile'

TRACE::2025-06-06.21:40:24::SCWBDomain::make[3]: Leaving directory 'D:/proyectosep2/IEE2463-SEP-Proyecto-2-Z8/input_reader/vitis/input_reader_plt/zynq_fsbl/zynq_fsbl_b
TRACE::2025-06-06.21:40:24::SCWBDomain::sp/ps7_cortexa9_0/libsrc/standalone_v7_2/src/profile'

TRACE::2025-06-06.21:40:24::SCWBDomain::make[2]: Leaving directory 'D:/proyectosep2/IEE2463-SEP-Proyecto-2-Z8/input_reader/vitis/input_reader_plt/zynq_fsbl/zynq_fsbl_b
TRACE::2025-06-06.21:40:24::SCWBDomain::sp/ps7_cortexa9_0/libsrc/standalone_v7_2/src'

TRACE::2025-06-06.21:40:24::SCWBDomain::"Running Make include in ps7_cortexa9_0/libsrc/tmrctr_v4_6/src"

TRACE::2025-06-06.21:40:24::SCWBDomain::make -C ps7_cortexa9_0/libsrc/tmrctr_v4_6/src -s include  "SHELL=CMD" "COMPILER=arm-none-eabi-gcc" "ASSEMBLER=arm-none-eabi-as"
TRACE::2025-06-06.21:40:24::SCWBDomain:: "ARCHIVER=arm-none-eabi-ar" "COMPILER_FLAGS=  -O2 -c" "EXTRA_COMPILER_FLAGS=-mcpu=cortex-a9 -mfpu=vfpv3 -mfloat-abi=hard -nost
TRACE::2025-06-06.21:40:24::SCWBDomain::artfiles -g -Wall -Wextra"

TRACE::2025-06-06.21:40:24::SCWBDomain::make[2]: Entering directory 'D:/proyectosep2/IEE2463-SEP-Proyecto-2-Z8/input_reader/vitis/input_reader_plt/zynq_fsbl/zynq_fsbl_
TRACE::2025-06-06.21:40:24::SCWBDomain::bsp/ps7_cortexa9_0/libsrc/tmrctr_v4_6/src'

TRACE::2025-06-06.21:40:24::SCWBDomain::make[2]: Leaving directory 'D:/proyectosep2/IEE2463-SEP-Proyecto-2-Z8/input_reader/vitis/input_reader_plt/zynq_fsbl/zynq_fsbl_b
TRACE::2025-06-06.21:40:24::SCWBDomain::sp/ps7_cortexa9_0/libsrc/tmrctr_v4_6/src'

TRACE::2025-06-06.21:40:24::SCWBDomain::"Running Make include in ps7_cortexa9_0/libsrc/uartps_v3_9/src"

TRACE::2025-06-06.21:40:24::SCWBDomain::make -C ps7_cortexa9_0/libsrc/uartps_v3_9/src -s include  "SHELL=CMD" "COMPILER=arm-none-eabi-gcc" "ASSEMBLER=arm-none-eabi-as"
TRACE::2025-06-06.21:40:24::SCWBDomain:: "ARCHIVER=arm-none-eabi-ar" "COMPILER_FLAGS=  -O2 -c" "EXTRA_COMPILER_FLAGS=-mcpu=cortex-a9 -mfpu=vfpv3 -mfloat-abi=hard -nost
TRACE::2025-06-06.21:40:24::SCWBDomain::artfiles -g -Wall -Wextra"

TRACE::2025-06-06.21:40:24::SCWBDomain::make[2]: Entering directory 'D:/proyectosep2/IEE2463-SEP-Proyecto-2-Z8/input_reader/vitis/input_reader_plt/zynq_fsbl/zynq_fsbl_
TRACE::2025-06-06.21:40:24::SCWBDomain::bsp/ps7_cortexa9_0/libsrc/uartps_v3_9/src'

TRACE::2025-06-06.21:40:24::SCWBDomain::make[2]: Leaving directory 'D:/proyectosep2/IEE2463-SEP-Proyecto-2-Z8/input_reader/vitis/input_reader_plt/zynq_fsbl/zynq_fsbl_b
TRACE::2025-06-06.21:40:24::SCWBDomain::sp/ps7_cortexa9_0/libsrc/uartps_v3_9/src'

TRACE::2025-06-06.21:40:24::SCWBDomain::"Running Make include in ps7_cortexa9_0/libsrc/usbps_v2_5/src"

TRACE::2025-06-06.21:40:24::SCWBDomain::make -C ps7_cortexa9_0/libsrc/usbps_v2_5/src -s include  "SHELL=CMD" "COMPILER=arm-none-eabi-gcc" "ASSEMBLER=arm-none-eabi-as" 
TRACE::2025-06-06.21:40:24::SCWBDomain::"ARCHIVER=arm-none-eabi-ar" "COMPILER_FLAGS=  -O2 -c" "EXTRA_COMPILER_FLAGS=-mcpu=cortex-a9 -mfpu=vfpv3 -mfloat-abi=hard -nosta
TRACE::2025-06-06.21:40:24::SCWBDomain::rtfiles -g -Wall -Wextra"

TRACE::2025-06-06.21:40:25::SCWBDomain::make[2]: Entering directory 'D:/proyectosep2/IEE2463-SEP-Proyecto-2-Z8/input_reader/vitis/input_reader_plt/zynq_fsbl/zynq_fsbl_
TRACE::2025-06-06.21:40:25::SCWBDomain::bsp/ps7_cortexa9_0/libsrc/usbps_v2_5/src'

TRACE::2025-06-06.21:40:25::SCWBDomain::make[2]: Leaving directory 'D:/proyectosep2/IEE2463-SEP-Proyecto-2-Z8/input_reader/vitis/input_reader_plt/zynq_fsbl/zynq_fsbl_b
TRACE::2025-06-06.21:40:25::SCWBDomain::sp/ps7_cortexa9_0/libsrc/usbps_v2_5/src'

TRACE::2025-06-06.21:40:25::SCWBDomain::"Running Make include in ps7_cortexa9_0/libsrc/xadcps_v2_4/src"

TRACE::2025-06-06.21:40:25::SCWBDomain::make -C ps7_cortexa9_0/libsrc/xadcps_v2_4/src -s include  "SHELL=CMD" "COMPILER=arm-none-eabi-gcc" "ASSEMBLER=arm-none-eabi-as"
TRACE::2025-06-06.21:40:25::SCWBDomain:: "ARCHIVER=arm-none-eabi-ar" "COMPILER_FLAGS=  -O2 -c" "EXTRA_COMPILER_FLAGS=-mcpu=cortex-a9 -mfpu=vfpv3 -mfloat-abi=hard -nost
TRACE::2025-06-06.21:40:25::SCWBDomain::artfiles -g -Wall -Wextra"

TRACE::2025-06-06.21:40:25::SCWBDomain::make[2]: Entering directory 'D:/proyectosep2/IEE2463-SEP-Proyecto-2-Z8/input_reader/vitis/input_reader_plt/zynq_fsbl/zynq_fsbl_
TRACE::2025-06-06.21:40:25::SCWBDomain::bsp/ps7_cortexa9_0/libsrc/xadcps_v2_4/src'

TRACE::2025-06-06.21:40:25::SCWBDomain::make[2]: Leaving directory 'D:/proyectosep2/IEE2463-SEP-Proyecto-2-Z8/input_reader/vitis/input_reader_plt/zynq_fsbl/zynq_fsbl_b
TRACE::2025-06-06.21:40:25::SCWBDomain::sp/ps7_cortexa9_0/libsrc/xadcps_v2_4/src'

TRACE::2025-06-06.21:40:25::SCWBDomain::"Running Make include in ps7_cortexa9_0/libsrc/xilffs_v4_3/src"

TRACE::2025-06-06.21:40:25::SCWBDomain::make -C ps7_cortexa9_0/libsrc/xilffs_v4_3/src -s include  "SHELL=CMD" "COMPILER=arm-none-eabi-gcc" "ASSEMBLER=arm-none-eabi-as"
TRACE::2025-06-06.21:40:25::SCWBDomain:: "ARCHIVER=arm-none-eabi-ar" "COMPILER_FLAGS=  -O2 -c" "EXTRA_COMPILER_FLAGS=-mcpu=cortex-a9 -mfpu=vfpv3 -mfloat-abi=hard -nost
TRACE::2025-06-06.21:40:25::SCWBDomain::artfiles -g -Wall -Wextra"

TRACE::2025-06-06.21:40:25::SCWBDomain::make[2]: Entering directory 'D:/proyectosep2/IEE2463-SEP-Proyecto-2-Z8/input_reader/vitis/input_reader_plt/zynq_fsbl/zynq_fsbl_
TRACE::2025-06-06.21:40:25::SCWBDomain::bsp/ps7_cortexa9_0/libsrc/xilffs_v4_3/src'

TRACE::2025-06-06.21:40:25::SCWBDomain::make[2]: Leaving directory 'D:/proyectosep2/IEE2463-SEP-Proyecto-2-Z8/input_reader/vitis/input_reader_plt/zynq_fsbl/zynq_fsbl_b
TRACE::2025-06-06.21:40:25::SCWBDomain::sp/ps7_cortexa9_0/libsrc/xilffs_v4_3/src'

TRACE::2025-06-06.21:40:25::SCWBDomain::"Running Make include in ps7_cortexa9_0/libsrc/xilrsa_v1_6/src"

TRACE::2025-06-06.21:40:25::SCWBDomain::make -C ps7_cortexa9_0/libsrc/xilrsa_v1_6/src -s include  "SHELL=CMD" "COMPILER=arm-none-eabi-gcc" "ASSEMBLER=arm-none-eabi-as"
TRACE::2025-06-06.21:40:25::SCWBDomain:: "ARCHIVER=arm-none-eabi-ar" "COMPILER_FLAGS=  -O2 -c" "EXTRA_COMPILER_FLAGS=-mcpu=cortex-a9 -mfpu=vfpv3 -mfloat-abi=hard -nost
TRACE::2025-06-06.21:40:25::SCWBDomain::artfiles -g -Wall -Wextra"

TRACE::2025-06-06.21:40:25::SCWBDomain::make[2]: Entering directory 'D:/proyectosep2/IEE2463-SEP-Proyecto-2-Z8/input_reader/vitis/input_reader_plt/zynq_fsbl/zynq_fsbl_
TRACE::2025-06-06.21:40:25::SCWBDomain::bsp/ps7_cortexa9_0/libsrc/xilrsa_v1_6/src'

TRACE::2025-06-06.21:40:25::SCWBDomain::make[2]: Leaving directory 'D:/proyectosep2/IEE2463-SEP-Proyecto-2-Z8/input_reader/vitis/input_reader_plt/zynq_fsbl/zynq_fsbl_b
TRACE::2025-06-06.21:40:25::SCWBDomain::sp/ps7_cortexa9_0/libsrc/xilrsa_v1_6/src'

TRACE::2025-06-06.21:40:25::SCWBDomain::"Running Make libs in ps7_cortexa9_0/libsrc/coresightps_dcc_v1_7/src"

TRACE::2025-06-06.21:40:25::SCWBDomain::make -C ps7_cortexa9_0/libsrc/coresightps_dcc_v1_7/src -s libs  "SHELL=CMD" "COMPILER=arm-none-eabi-gcc" "ASSEMBLER=arm-none-ea
TRACE::2025-06-06.21:40:25::SCWBDomain::bi-as" "ARCHIVER=arm-none-eabi-ar" "COMPILER_FLAGS=  -O2 -c" "EXTRA_COMPILER_FLAGS=-mcpu=cortex-a9 -mfpu=vfpv3 -mfloat-abi=hard
TRACE::2025-06-06.21:40:25::SCWBDomain:: -nostartfiles -g -Wall -Wextra"

TRACE::2025-06-06.21:40:25::SCWBDomain::make[2]: Entering directory 'D:/proyectosep2/IEE2463-SEP-Proyecto-2-Z8/input_reader/vitis/input_reader_plt/zynq_fsbl/zynq_fsbl_
TRACE::2025-06-06.21:40:25::SCWBDomain::bsp/ps7_cortexa9_0/libsrc/coresightps_dcc_v1_7/src'

TRACE::2025-06-06.21:40:25::SCWBDomain::"Compiling coresightps_dcc"

TRACE::2025-06-06.21:40:28::SCWBDomain::make[2]: Leaving directory 'D:/proyectosep2/IEE2463-SEP-Proyecto-2-Z8/input_reader/vitis/input_reader_plt/zynq_fsbl/zynq_fsbl_b
TRACE::2025-06-06.21:40:28::SCWBDomain::sp/ps7_cortexa9_0/libsrc/coresightps_dcc_v1_7/src'

TRACE::2025-06-06.21:40:28::SCWBDomain::"Running Make libs in ps7_cortexa9_0/libsrc/cpu_cortexa9_v2_9/src"

TRACE::2025-06-06.21:40:28::SCWBDomain::make -C ps7_cortexa9_0/libsrc/cpu_cortexa9_v2_9/src -s libs  "SHELL=CMD" "COMPILER=arm-none-eabi-gcc" "ASSEMBLER=arm-none-eabi-
TRACE::2025-06-06.21:40:28::SCWBDomain::as" "ARCHIVER=arm-none-eabi-ar" "COMPILER_FLAGS=  -O2 -c" "EXTRA_COMPILER_FLAGS=-mcpu=cortex-a9 -mfpu=vfpv3 -mfloat-abi=hard -n
TRACE::2025-06-06.21:40:28::SCWBDomain::ostartfiles -g -Wall -Wextra"

TRACE::2025-06-06.21:40:28::SCWBDomain::make[2]: Entering directory 'D:/proyectosep2/IEE2463-SEP-Proyecto-2-Z8/input_reader/vitis/input_reader_plt/zynq_fsbl/zynq_fsbl_
TRACE::2025-06-06.21:40:28::SCWBDomain::bsp/ps7_cortexa9_0/libsrc/cpu_cortexa9_v2_9/src'

TRACE::2025-06-06.21:40:28::SCWBDomain::"Compiling cpu_cortexa9"

TRACE::2025-06-06.21:40:28::SCWBDomain::make[2]: Leaving directory 'D:/proyectosep2/IEE2463-SEP-Proyecto-2-Z8/input_reader/vitis/input_reader_plt/zynq_fsbl/zynq_fsbl_b
TRACE::2025-06-06.21:40:28::SCWBDomain::sp/ps7_cortexa9_0/libsrc/cpu_cortexa9_v2_9/src'

TRACE::2025-06-06.21:40:28::SCWBDomain::"Running Make libs in ps7_cortexa9_0/libsrc/ddrps_v1_1/src"

TRACE::2025-06-06.21:40:28::SCWBDomain::make -C ps7_cortexa9_0/libsrc/ddrps_v1_1/src -s libs  "SHELL=CMD" "COMPILER=arm-none-eabi-gcc" "ASSEMBLER=arm-none-eabi-as" "AR
TRACE::2025-06-06.21:40:28::SCWBDomain::CHIVER=arm-none-eabi-ar" "COMPILER_FLAGS=  -O2 -c" "EXTRA_COMPILER_FLAGS=-mcpu=cortex-a9 -mfpu=vfpv3 -mfloat-abi=hard -nostartf
TRACE::2025-06-06.21:40:28::SCWBDomain::iles -g -Wall -Wextra"

TRACE::2025-06-06.21:40:28::SCWBDomain::make[2]: Entering directory 'D:/proyectosep2/IEE2463-SEP-Proyecto-2-Z8/input_reader/vitis/input_reader_plt/zynq_fsbl/zynq_fsbl_
TRACE::2025-06-06.21:40:28::SCWBDomain::bsp/ps7_cortexa9_0/libsrc/ddrps_v1_1/src'

TRACE::2025-06-06.21:40:28::SCWBDomain::"Compiling ddrps"

TRACE::2025-06-06.21:40:28::SCWBDomain::make[2]: Leaving directory 'D:/proyectosep2/IEE2463-SEP-Proyecto-2-Z8/input_reader/vitis/input_reader_plt/zynq_fsbl/zynq_fsbl_b
TRACE::2025-06-06.21:40:28::SCWBDomain::sp/ps7_cortexa9_0/libsrc/ddrps_v1_1/src'

TRACE::2025-06-06.21:40:28::SCWBDomain::"Running Make libs in ps7_cortexa9_0/libsrc/devcfg_v3_6/src"

TRACE::2025-06-06.21:40:28::SCWBDomain::make -C ps7_cortexa9_0/libsrc/devcfg_v3_6/src -s libs  "SHELL=CMD" "COMPILER=arm-none-eabi-gcc" "ASSEMBLER=arm-none-eabi-as" "A
TRACE::2025-06-06.21:40:28::SCWBDomain::RCHIVER=arm-none-eabi-ar" "COMPILER_FLAGS=  -O2 -c" "EXTRA_COMPILER_FLAGS=-mcpu=cortex-a9 -mfpu=vfpv3 -mfloat-abi=hard -nostart
TRACE::2025-06-06.21:40:28::SCWBDomain::files -g -Wall -Wextra"

TRACE::2025-06-06.21:40:28::SCWBDomain::make[2]: Entering directory 'D:/proyectosep2/IEE2463-SEP-Proyecto-2-Z8/input_reader/vitis/input_reader_plt/zynq_fsbl/zynq_fsbl_
TRACE::2025-06-06.21:40:28::SCWBDomain::bsp/ps7_cortexa9_0/libsrc/devcfg_v3_6/src'

TRACE::2025-06-06.21:40:28::SCWBDomain::"Compiling devcfg"

TRACE::2025-06-06.21:40:29::SCWBDomain::make[2]: Leaving directory 'D:/proyectosep2/IEE2463-SEP-Proyecto-2-Z8/input_reader/vitis/input_reader_plt/zynq_fsbl/zynq_fsbl_b
TRACE::2025-06-06.21:40:29::SCWBDomain::sp/ps7_cortexa9_0/libsrc/devcfg_v3_6/src'

TRACE::2025-06-06.21:40:29::SCWBDomain::"Running Make libs in ps7_cortexa9_0/libsrc/dmaps_v2_6/src"

TRACE::2025-06-06.21:40:29::SCWBDomain::make -C ps7_cortexa9_0/libsrc/dmaps_v2_6/src -s libs  "SHELL=CMD" "COMPILER=arm-none-eabi-gcc" "ASSEMBLER=arm-none-eabi-as" "AR
TRACE::2025-06-06.21:40:29::SCWBDomain::CHIVER=arm-none-eabi-ar" "COMPILER_FLAGS=  -O2 -c" "EXTRA_COMPILER_FLAGS=-mcpu=cortex-a9 -mfpu=vfpv3 -mfloat-abi=hard -nostartf
TRACE::2025-06-06.21:40:29::SCWBDomain::iles -g -Wall -Wextra"

TRACE::2025-06-06.21:40:29::SCWBDomain::make[2]: Entering directory 'D:/proyectosep2/IEE2463-SEP-Proyecto-2-Z8/input_reader/vitis/input_reader_plt/zynq_fsbl/zynq_fsbl_
TRACE::2025-06-06.21:40:29::SCWBDomain::bsp/ps7_cortexa9_0/libsrc/dmaps_v2_6/src'

TRACE::2025-06-06.21:40:29::SCWBDomain::"Compiling dmaps"

TRACE::2025-06-06.21:40:30::SCWBDomain::make[2]: Leaving directory 'D:/proyectosep2/IEE2463-SEP-Proyecto-2-Z8/input_reader/vitis/input_reader_plt/zynq_fsbl/zynq_fsbl_b
TRACE::2025-06-06.21:40:30::SCWBDomain::sp/ps7_cortexa9_0/libsrc/dmaps_v2_6/src'

TRACE::2025-06-06.21:40:30::SCWBDomain::"Running Make libs in ps7_cortexa9_0/libsrc/emacps_v3_11/src"

TRACE::2025-06-06.21:40:30::SCWBDomain::make -C ps7_cortexa9_0/libsrc/emacps_v3_11/src -s libs  "SHELL=CMD" "COMPILER=arm-none-eabi-gcc" "ASSEMBLER=arm-none-eabi-as" "
TRACE::2025-06-06.21:40:30::SCWBDomain::ARCHIVER=arm-none-eabi-ar" "COMPILER_FLAGS=  -O2 -c" "EXTRA_COMPILER_FLAGS=-mcpu=cortex-a9 -mfpu=vfpv3 -mfloat-abi=hard -nostar
TRACE::2025-06-06.21:40:30::SCWBDomain::tfiles -g -Wall -Wextra"

TRACE::2025-06-06.21:40:30::SCWBDomain::make[2]: Entering directory 'D:/proyectosep2/IEE2463-SEP-Proyecto-2-Z8/input_reader/vitis/input_reader_plt/zynq_fsbl/zynq_fsbl_
TRACE::2025-06-06.21:40:30::SCWBDomain::bsp/ps7_cortexa9_0/libsrc/emacps_v3_11/src'

TRACE::2025-06-06.21:40:30::SCWBDomain::"Compiling emacps"

TRACE::2025-06-06.21:40:31::SCWBDomain::make[2]: Leaving directory 'D:/proyectosep2/IEE2463-SEP-Proyecto-2-Z8/input_reader/vitis/input_reader_plt/zynq_fsbl/zynq_fsbl_b
TRACE::2025-06-06.21:40:31::SCWBDomain::sp/ps7_cortexa9_0/libsrc/emacps_v3_11/src'

TRACE::2025-06-06.21:40:31::SCWBDomain::"Running Make libs in ps7_cortexa9_0/libsrc/gpiops_v3_7/src"

TRACE::2025-06-06.21:40:31::SCWBDomain::make -C ps7_cortexa9_0/libsrc/gpiops_v3_7/src -s libs  "SHELL=CMD" "COMPILER=arm-none-eabi-gcc" "ASSEMBLER=arm-none-eabi-as" "A
TRACE::2025-06-06.21:40:31::SCWBDomain::RCHIVER=arm-none-eabi-ar" "COMPILER_FLAGS=  -O2 -c" "EXTRA_COMPILER_FLAGS=-mcpu=cortex-a9 -mfpu=vfpv3 -mfloat-abi=hard -nostart
TRACE::2025-06-06.21:40:31::SCWBDomain::files -g -Wall -Wextra"

TRACE::2025-06-06.21:40:31::SCWBDomain::make[2]: Entering directory 'D:/proyectosep2/IEE2463-SEP-Proyecto-2-Z8/input_reader/vitis/input_reader_plt/zynq_fsbl/zynq_fsbl_
TRACE::2025-06-06.21:40:31::SCWBDomain::bsp/ps7_cortexa9_0/libsrc/gpiops_v3_7/src'

TRACE::2025-06-06.21:40:31::SCWBDomain::"Compiling gpiops"

TRACE::2025-06-06.21:40:31::SCWBDomain::make[2]: Leaving directory 'D:/proyectosep2/IEE2463-SEP-Proyecto-2-Z8/input_reader/vitis/input_reader_plt/zynq_fsbl/zynq_fsbl_b
TRACE::2025-06-06.21:40:31::SCWBDomain::sp/ps7_cortexa9_0/libsrc/gpiops_v3_7/src'

TRACE::2025-06-06.21:40:31::SCWBDomain::"Running Make libs in ps7_cortexa9_0/libsrc/gpio_v4_6/src"

TRACE::2025-06-06.21:40:31::SCWBDomain::make -C ps7_cortexa9_0/libsrc/gpio_v4_6/src -s libs  "SHELL=CMD" "COMPILER=arm-none-eabi-gcc" "ASSEMBLER=arm-none-eabi-as" "ARC
TRACE::2025-06-06.21:40:31::SCWBDomain::HIVER=arm-none-eabi-ar" "COMPILER_FLAGS=  -O2 -c" "EXTRA_COMPILER_FLAGS=-mcpu=cortex-a9 -mfpu=vfpv3 -mfloat-abi=hard -nostartfi
TRACE::2025-06-06.21:40:31::SCWBDomain::les -g -Wall -Wextra"

TRACE::2025-06-06.21:40:31::SCWBDomain::make[2]: Entering directory 'D:/proyectosep2/IEE2463-SEP-Proyecto-2-Z8/input_reader/vitis/input_reader_plt/zynq_fsbl/zynq_fsbl_
TRACE::2025-06-06.21:40:31::SCWBDomain::bsp/ps7_cortexa9_0/libsrc/gpio_v4_6/src'

TRACE::2025-06-06.21:40:31::SCWBDomain::"Compiling gpio"

TRACE::2025-06-06.21:40:32::SCWBDomain::make[2]: Leaving directory 'D:/proyectosep2/IEE2463-SEP-Proyecto-2-Z8/input_reader/vitis/input_reader_plt/zynq_fsbl/zynq_fsbl_b
TRACE::2025-06-06.21:40:32::SCWBDomain::sp/ps7_cortexa9_0/libsrc/gpio_v4_6/src'

TRACE::2025-06-06.21:40:32::SCWBDomain::"Running Make libs in ps7_cortexa9_0/libsrc/iic_v3_6/src"

TRACE::2025-06-06.21:40:32::SCWBDomain::make -C ps7_cortexa9_0/libsrc/iic_v3_6/src -s libs  "SHELL=CMD" "COMPILER=arm-none-eabi-gcc" "ASSEMBLER=arm-none-eabi-as" "ARCH
TRACE::2025-06-06.21:40:32::SCWBDomain::IVER=arm-none-eabi-ar" "COMPILER_FLAGS=  -O2 -c" "EXTRA_COMPILER_FLAGS=-mcpu=cortex-a9 -mfpu=vfpv3 -mfloat-abi=hard -nostartfil
TRACE::2025-06-06.21:40:32::SCWBDomain::es -g -Wall -Wextra"

TRACE::2025-06-06.21:40:32::SCWBDomain::make[2]: Entering directory 'D:/proyectosep2/IEE2463-SEP-Proyecto-2-Z8/input_reader/vitis/input_reader_plt/zynq_fsbl/zynq_fsbl_
TRACE::2025-06-06.21:40:32::SCWBDomain::bsp/ps7_cortexa9_0/libsrc/iic_v3_6/src'

TRACE::2025-06-06.21:40:32::SCWBDomain::"Compiling iic"

TRACE::2025-06-06.21:40:34::SCWBDomain::make[2]: Leaving directory 'D:/proyectosep2/IEE2463-SEP-Proyecto-2-Z8/input_reader/vitis/input_reader_plt/zynq_fsbl/zynq_fsbl_b
TRACE::2025-06-06.21:40:34::SCWBDomain::sp/ps7_cortexa9_0/libsrc/iic_v3_6/src'

TRACE::2025-06-06.21:40:34::SCWBDomain::"Running Make libs in ps7_cortexa9_0/libsrc/qspips_v3_7/src"

TRACE::2025-06-06.21:40:34::SCWBDomain::make -C ps7_cortexa9_0/libsrc/qspips_v3_7/src -s libs  "SHELL=CMD" "COMPILER=arm-none-eabi-gcc" "ASSEMBLER=arm-none-eabi-as" "A
TRACE::2025-06-06.21:40:34::SCWBDomain::RCHIVER=arm-none-eabi-ar" "COMPILER_FLAGS=  -O2 -c" "EXTRA_COMPILER_FLAGS=-mcpu=cortex-a9 -mfpu=vfpv3 -mfloat-abi=hard -nostart
TRACE::2025-06-06.21:40:34::SCWBDomain::files -g -Wall -Wextra"

TRACE::2025-06-06.21:40:34::SCWBDomain::make[2]: Entering directory 'D:/proyectosep2/IEE2463-SEP-Proyecto-2-Z8/input_reader/vitis/input_reader_plt/zynq_fsbl/zynq_fsbl_
TRACE::2025-06-06.21:40:34::SCWBDomain::bsp/ps7_cortexa9_0/libsrc/qspips_v3_7/src'

TRACE::2025-06-06.21:40:34::SCWBDomain::"Compiling qspips"

TRACE::2025-06-06.21:40:34::SCWBDomain::make[2]: Leaving directory 'D:/proyectosep2/IEE2463-SEP-Proyecto-2-Z8/input_reader/vitis/input_reader_plt/zynq_fsbl/zynq_fsbl_b
TRACE::2025-06-06.21:40:34::SCWBDomain::sp/ps7_cortexa9_0/libsrc/qspips_v3_7/src'

TRACE::2025-06-06.21:40:34::SCWBDomain::"Running Make libs in ps7_cortexa9_0/libsrc/scugic_v4_2/src"

TRACE::2025-06-06.21:40:34::SCWBDomain::make -C ps7_cortexa9_0/libsrc/scugic_v4_2/src -s libs  "SHELL=CMD" "COMPILER=arm-none-eabi-gcc" "ASSEMBLER=arm-none-eabi-as" "A
TRACE::2025-06-06.21:40:34::SCWBDomain::RCHIVER=arm-none-eabi-ar" "COMPILER_FLAGS=  -O2 -c" "EXTRA_COMPILER_FLAGS=-mcpu=cortex-a9 -mfpu=vfpv3 -mfloat-abi=hard -nostart
TRACE::2025-06-06.21:40:34::SCWBDomain::files -g -Wall -Wextra"

TRACE::2025-06-06.21:40:34::SCWBDomain::make[2]: Entering directory 'D:/proyectosep2/IEE2463-SEP-Proyecto-2-Z8/input_reader/vitis/input_reader_plt/zynq_fsbl/zynq_fsbl_
TRACE::2025-06-06.21:40:34::SCWBDomain::bsp/ps7_cortexa9_0/libsrc/scugic_v4_2/src'

TRACE::2025-06-06.21:40:34::SCWBDomain::"Compiling scugic"

TRACE::2025-06-06.21:40:35::SCWBDomain::make[2]: Leaving directory 'D:/proyectosep2/IEE2463-SEP-Proyecto-2-Z8/input_reader/vitis/input_reader_plt/zynq_fsbl/zynq_fsbl_b
TRACE::2025-06-06.21:40:35::SCWBDomain::sp/ps7_cortexa9_0/libsrc/scugic_v4_2/src'

TRACE::2025-06-06.21:40:35::SCWBDomain::"Running Make libs in ps7_cortexa9_0/libsrc/scutimer_v2_2/src"

TRACE::2025-06-06.21:40:35::SCWBDomain::make -C ps7_cortexa9_0/libsrc/scutimer_v2_2/src -s libs  "SHELL=CMD" "COMPILER=arm-none-eabi-gcc" "ASSEMBLER=arm-none-eabi-as" 
TRACE::2025-06-06.21:40:35::SCWBDomain::"ARCHIVER=arm-none-eabi-ar" "COMPILER_FLAGS=  -O2 -c" "EXTRA_COMPILER_FLAGS=-mcpu=cortex-a9 -mfpu=vfpv3 -mfloat-abi=hard -nosta
TRACE::2025-06-06.21:40:35::SCWBDomain::rtfiles -g -Wall -Wextra"

TRACE::2025-06-06.21:40:35::SCWBDomain::make[2]: Entering directory 'D:/proyectosep2/IEE2463-SEP-Proyecto-2-Z8/input_reader/vitis/input_reader_plt/zynq_fsbl/zynq_fsbl_
TRACE::2025-06-06.21:40:35::SCWBDomain::bsp/ps7_cortexa9_0/libsrc/scutimer_v2_2/src'

TRACE::2025-06-06.21:40:35::SCWBDomain::"Compiling scutimer"

TRACE::2025-06-06.21:40:36::SCWBDomain::make[2]: Leaving directory 'D:/proyectosep2/IEE2463-SEP-Proyecto-2-Z8/input_reader/vitis/input_reader_plt/zynq_fsbl/zynq_fsbl_b
TRACE::2025-06-06.21:40:36::SCWBDomain::sp/ps7_cortexa9_0/libsrc/scutimer_v2_2/src'

TRACE::2025-06-06.21:40:36::SCWBDomain::"Running Make libs in ps7_cortexa9_0/libsrc/scuwdt_v2_2/src"

TRACE::2025-06-06.21:40:36::SCWBDomain::make -C ps7_cortexa9_0/libsrc/scuwdt_v2_2/src -s libs  "SHELL=CMD" "COMPILER=arm-none-eabi-gcc" "ASSEMBLER=arm-none-eabi-as" "A
TRACE::2025-06-06.21:40:36::SCWBDomain::RCHIVER=arm-none-eabi-ar" "COMPILER_FLAGS=  -O2 -c" "EXTRA_COMPILER_FLAGS=-mcpu=cortex-a9 -mfpu=vfpv3 -mfloat-abi=hard -nostart
TRACE::2025-06-06.21:40:36::SCWBDomain::files -g -Wall -Wextra"

TRACE::2025-06-06.21:40:36::SCWBDomain::make[2]: Entering directory 'D:/proyectosep2/IEE2463-SEP-Proyecto-2-Z8/input_reader/vitis/input_reader_plt/zynq_fsbl/zynq_fsbl_
TRACE::2025-06-06.21:40:36::SCWBDomain::bsp/ps7_cortexa9_0/libsrc/scuwdt_v2_2/src'

TRACE::2025-06-06.21:40:36::SCWBDomain::"Compiling scuwdt"

TRACE::2025-06-06.21:40:36::SCWBDomain::make[2]: Leaving directory 'D:/proyectosep2/IEE2463-SEP-Proyecto-2-Z8/input_reader/vitis/input_reader_plt/zynq_fsbl/zynq_fsbl_b
TRACE::2025-06-06.21:40:36::SCWBDomain::sp/ps7_cortexa9_0/libsrc/scuwdt_v2_2/src'

TRACE::2025-06-06.21:40:36::SCWBDomain::"Running Make libs in ps7_cortexa9_0/libsrc/sdps_v3_9/src"

TRACE::2025-06-06.21:40:36::SCWBDomain::make -C ps7_cortexa9_0/libsrc/sdps_v3_9/src -s libs  "SHELL=CMD" "COMPILER=arm-none-eabi-gcc" "ASSEMBLER=arm-none-eabi-as" "ARC
TRACE::2025-06-06.21:40:36::SCWBDomain::HIVER=arm-none-eabi-ar" "COMPILER_FLAGS=  -O2 -c" "EXTRA_COMPILER_FLAGS=-mcpu=cortex-a9 -mfpu=vfpv3 -mfloat-abi=hard -nostartfi
TRACE::2025-06-06.21:40:36::SCWBDomain::les -g -Wall -Wextra"

TRACE::2025-06-06.21:40:36::SCWBDomain::make[2]: Entering directory 'D:/proyectosep2/IEE2463-SEP-Proyecto-2-Z8/input_reader/vitis/input_reader_plt/zynq_fsbl/zynq_fsbl_
TRACE::2025-06-06.21:40:36::SCWBDomain::bsp/ps7_cortexa9_0/libsrc/sdps_v3_9/src'

TRACE::2025-06-06.21:40:36::SCWBDomain::"Compiling sdps"

TRACE::2025-06-06.21:40:37::SCWBDomain::make[2]: Leaving directory 'D:/proyectosep2/IEE2463-SEP-Proyecto-2-Z8/input_reader/vitis/input_reader_plt/zynq_fsbl/zynq_fsbl_b
TRACE::2025-06-06.21:40:37::SCWBDomain::sp/ps7_cortexa9_0/libsrc/sdps_v3_9/src'

TRACE::2025-06-06.21:40:37::SCWBDomain::"Running Make libs in ps7_cortexa9_0/libsrc/spi_v4_6/src"

TRACE::2025-06-06.21:40:37::SCWBDomain::make -C ps7_cortexa9_0/libsrc/spi_v4_6/src -s libs  "SHELL=CMD" "COMPILER=arm-none-eabi-gcc" "ASSEMBLER=arm-none-eabi-as" "ARCH
TRACE::2025-06-06.21:40:37::SCWBDomain::IVER=arm-none-eabi-ar" "COMPILER_FLAGS=  -O2 -c" "EXTRA_COMPILER_FLAGS=-mcpu=cortex-a9 -mfpu=vfpv3 -mfloat-abi=hard -nostartfil
TRACE::2025-06-06.21:40:37::SCWBDomain::es -g -Wall -Wextra"

TRACE::2025-06-06.21:40:37::SCWBDomain::make[2]: Entering directory 'D:/proyectosep2/IEE2463-SEP-Proyecto-2-Z8/input_reader/vitis/input_reader_plt/zynq_fsbl/zynq_fsbl_
TRACE::2025-06-06.21:40:37::SCWBDomain::bsp/ps7_cortexa9_0/libsrc/spi_v4_6/src'

TRACE::2025-06-06.21:40:37::SCWBDomain::"Compiling spi"

TRACE::2025-06-06.21:40:38::SCWBDomain::make[2]: Leaving directory 'D:/proyectosep2/IEE2463-SEP-Proyecto-2-Z8/input_reader/vitis/input_reader_plt/zynq_fsbl/zynq_fsbl_b
TRACE::2025-06-06.21:40:38::SCWBDomain::sp/ps7_cortexa9_0/libsrc/spi_v4_6/src'

TRACE::2025-06-06.21:40:38::SCWBDomain::"Running Make libs in ps7_cortexa9_0/libsrc/standalone_v7_2/src"

TRACE::2025-06-06.21:40:38::SCWBDomain::make -C ps7_cortexa9_0/libsrc/standalone_v7_2/src -s libs  "SHELL=CMD" "COMPILER=arm-none-eabi-gcc" "ASSEMBLER=arm-none-eabi-as
TRACE::2025-06-06.21:40:38::SCWBDomain::" "ARCHIVER=arm-none-eabi-ar" "COMPILER_FLAGS=  -O2 -c" "EXTRA_COMPILER_FLAGS=-mcpu=cortex-a9 -mfpu=vfpv3 -mfloat-abi=hard -nos
TRACE::2025-06-06.21:40:38::SCWBDomain::tartfiles -g -Wall -Wextra"

TRACE::2025-06-06.21:40:38::SCWBDomain::make[2]: Entering directory 'D:/proyectosep2/IEE2463-SEP-Proyecto-2-Z8/input_reader/vitis/input_reader_plt/zynq_fsbl/zynq_fsbl_
TRACE::2025-06-06.21:40:38::SCWBDomain::bsp/ps7_cortexa9_0/libsrc/standalone_v7_2/src'

TRACE::2025-06-06.21:40:38::SCWBDomain::"Compiling standalone"

TRACE::2025-06-06.21:40:41::SCWBDomain::make[3]: Entering directory 'D:/proyectosep2/IEE2463-SEP-Proyecto-2-Z8/input_reader/vitis/input_reader_plt/zynq_fsbl/zynq_fsbl_
TRACE::2025-06-06.21:40:41::SCWBDomain::bsp/ps7_cortexa9_0/libsrc/standalone_v7_2/src/profile'

TRACE::2025-06-06.21:40:41::SCWBDomain::make[3]: Leaving directory 'D:/proyectosep2/IEE2463-SEP-Proyecto-2-Z8/input_reader/vitis/input_reader_plt/zynq_fsbl/zynq_fsbl_b
TRACE::2025-06-06.21:40:41::SCWBDomain::sp/ps7_cortexa9_0/libsrc/standalone_v7_2/src/profile'

TRACE::2025-06-06.21:40:41::SCWBDomain::make[2]: Leaving directory 'D:/proyectosep2/IEE2463-SEP-Proyecto-2-Z8/input_reader/vitis/input_reader_plt/zynq_fsbl/zynq_fsbl_b
TRACE::2025-06-06.21:40:41::SCWBDomain::sp/ps7_cortexa9_0/libsrc/standalone_v7_2/src'

TRACE::2025-06-06.21:40:41::SCWBDomain::"Running Make libs in ps7_cortexa9_0/libsrc/tmrctr_v4_6/src"

TRACE::2025-06-06.21:40:41::SCWBDomain::make -C ps7_cortexa9_0/libsrc/tmrctr_v4_6/src -s libs  "SHELL=CMD" "COMPILER=arm-none-eabi-gcc" "ASSEMBLER=arm-none-eabi-as" "A
TRACE::2025-06-06.21:40:41::SCWBDomain::RCHIVER=arm-none-eabi-ar" "COMPILER_FLAGS=  -O2 -c" "EXTRA_COMPILER_FLAGS=-mcpu=cortex-a9 -mfpu=vfpv3 -mfloat-abi=hard -nostart
TRACE::2025-06-06.21:40:41::SCWBDomain::files -g -Wall -Wextra"

TRACE::2025-06-06.21:40:42::SCWBDomain::make[2]: Entering directory 'D:/proyectosep2/IEE2463-SEP-Proyecto-2-Z8/input_reader/vitis/input_reader_plt/zynq_fsbl/zynq_fsbl_
TRACE::2025-06-06.21:40:42::SCWBDomain::bsp/ps7_cortexa9_0/libsrc/tmrctr_v4_6/src'

TRACE::2025-06-06.21:40:42::SCWBDomain::"Compiling tmrctr"

TRACE::2025-06-06.21:40:42::SCWBDomain::make[2]: Leaving directory 'D:/proyectosep2/IEE2463-SEP-Proyecto-2-Z8/input_reader/vitis/input_reader_plt/zynq_fsbl/zynq_fsbl_b
TRACE::2025-06-06.21:40:42::SCWBDomain::sp/ps7_cortexa9_0/libsrc/tmrctr_v4_6/src'

TRACE::2025-06-06.21:40:43::SCWBDomain::"Running Make libs in ps7_cortexa9_0/libsrc/uartps_v3_9/src"

TRACE::2025-06-06.21:40:43::SCWBDomain::make -C ps7_cortexa9_0/libsrc/uartps_v3_9/src -s libs  "SHELL=CMD" "COMPILER=arm-none-eabi-gcc" "ASSEMBLER=arm-none-eabi-as" "A
TRACE::2025-06-06.21:40:43::SCWBDomain::RCHIVER=arm-none-eabi-ar" "COMPILER_FLAGS=  -O2 -c" "EXTRA_COMPILER_FLAGS=-mcpu=cortex-a9 -mfpu=vfpv3 -mfloat-abi=hard -nostart
TRACE::2025-06-06.21:40:43::SCWBDomain::files -g -Wall -Wextra"

TRACE::2025-06-06.21:40:43::SCWBDomain::make[2]: Entering directory 'D:/proyectosep2/IEE2463-SEP-Proyecto-2-Z8/input_reader/vitis/input_reader_plt/zynq_fsbl/zynq_fsbl_
TRACE::2025-06-06.21:40:43::SCWBDomain::bsp/ps7_cortexa9_0/libsrc/uartps_v3_9/src'

TRACE::2025-06-06.21:40:43::SCWBDomain::"Compiling uartps"

TRACE::2025-06-06.21:40:43::SCWBDomain::make[2]: Leaving directory 'D:/proyectosep2/IEE2463-SEP-Proyecto-2-Z8/input_reader/vitis/input_reader_plt/zynq_fsbl/zynq_fsbl_b
TRACE::2025-06-06.21:40:43::SCWBDomain::sp/ps7_cortexa9_0/libsrc/uartps_v3_9/src'

TRACE::2025-06-06.21:40:43::SCWBDomain::"Running Make libs in ps7_cortexa9_0/libsrc/usbps_v2_5/src"

TRACE::2025-06-06.21:40:43::SCWBDomain::make -C ps7_cortexa9_0/libsrc/usbps_v2_5/src -s libs  "SHELL=CMD" "COMPILER=arm-none-eabi-gcc" "ASSEMBLER=arm-none-eabi-as" "AR
TRACE::2025-06-06.21:40:43::SCWBDomain::CHIVER=arm-none-eabi-ar" "COMPILER_FLAGS=  -O2 -c" "EXTRA_COMPILER_FLAGS=-mcpu=cortex-a9 -mfpu=vfpv3 -mfloat-abi=hard -nostartf
TRACE::2025-06-06.21:40:43::SCWBDomain::iles -g -Wall -Wextra"

TRACE::2025-06-06.21:40:43::SCWBDomain::make[2]: Entering directory 'D:/proyectosep2/IEE2463-SEP-Proyecto-2-Z8/input_reader/vitis/input_reader_plt/zynq_fsbl/zynq_fsbl_
TRACE::2025-06-06.21:40:43::SCWBDomain::bsp/ps7_cortexa9_0/libsrc/usbps_v2_5/src'

TRACE::2025-06-06.21:40:43::SCWBDomain::"Compiling usbps"

TRACE::2025-06-06.21:40:44::SCWBDomain::make[2]: Leaving directory 'D:/proyectosep2/IEE2463-SEP-Proyecto-2-Z8/input_reader/vitis/input_reader_plt/zynq_fsbl/zynq_fsbl_b
TRACE::2025-06-06.21:40:44::SCWBDomain::sp/ps7_cortexa9_0/libsrc/usbps_v2_5/src'

TRACE::2025-06-06.21:40:44::SCWBDomain::"Running Make libs in ps7_cortexa9_0/libsrc/xadcps_v2_4/src"

TRACE::2025-06-06.21:40:44::SCWBDomain::make -C ps7_cortexa9_0/libsrc/xadcps_v2_4/src -s libs  "SHELL=CMD" "COMPILER=arm-none-eabi-gcc" "ASSEMBLER=arm-none-eabi-as" "A
TRACE::2025-06-06.21:40:44::SCWBDomain::RCHIVER=arm-none-eabi-ar" "COMPILER_FLAGS=  -O2 -c" "EXTRA_COMPILER_FLAGS=-mcpu=cortex-a9 -mfpu=vfpv3 -mfloat-abi=hard -nostart
TRACE::2025-06-06.21:40:44::SCWBDomain::files -g -Wall -Wextra"

TRACE::2025-06-06.21:40:44::SCWBDomain::make[2]: Entering directory 'D:/proyectosep2/IEE2463-SEP-Proyecto-2-Z8/input_reader/vitis/input_reader_plt/zynq_fsbl/zynq_fsbl_
TRACE::2025-06-06.21:40:44::SCWBDomain::bsp/ps7_cortexa9_0/libsrc/xadcps_v2_4/src'

TRACE::2025-06-06.21:40:44::SCWBDomain::"Compiling xadcps"

TRACE::2025-06-06.21:40:45::SCWBDomain::make[2]: Leaving directory 'D:/proyectosep2/IEE2463-SEP-Proyecto-2-Z8/input_reader/vitis/input_reader_plt/zynq_fsbl/zynq_fsbl_b
TRACE::2025-06-06.21:40:45::SCWBDomain::sp/ps7_cortexa9_0/libsrc/xadcps_v2_4/src'

TRACE::2025-06-06.21:40:45::SCWBDomain::"Running Make libs in ps7_cortexa9_0/libsrc/xilffs_v4_3/src"

TRACE::2025-06-06.21:40:45::SCWBDomain::make -C ps7_cortexa9_0/libsrc/xilffs_v4_3/src -s libs  "SHELL=CMD" "COMPILER=arm-none-eabi-gcc" "ASSEMBLER=arm-none-eabi-as" "A
TRACE::2025-06-06.21:40:45::SCWBDomain::RCHIVER=arm-none-eabi-ar" "COMPILER_FLAGS=  -O2 -c" "EXTRA_COMPILER_FLAGS=-mcpu=cortex-a9 -mfpu=vfpv3 -mfloat-abi=hard -nostart
TRACE::2025-06-06.21:40:45::SCWBDomain::files -g -Wall -Wextra"

TRACE::2025-06-06.21:40:45::SCWBDomain::make[2]: Entering directory 'D:/proyectosep2/IEE2463-SEP-Proyecto-2-Z8/input_reader/vitis/input_reader_plt/zynq_fsbl/zynq_fsbl_
TRACE::2025-06-06.21:40:45::SCWBDomain::bsp/ps7_cortexa9_0/libsrc/xilffs_v4_3/src'

TRACE::2025-06-06.21:40:45::SCWBDomain::"Compiling XilFFs Library"

TRACE::2025-06-06.21:40:46::SCWBDomain::make[2]: Leaving directory 'D:/proyectosep2/IEE2463-SEP-Proyecto-2-Z8/input_reader/vitis/input_reader_plt/zynq_fsbl/zynq_fsbl_b
TRACE::2025-06-06.21:40:46::SCWBDomain::sp/ps7_cortexa9_0/libsrc/xilffs_v4_3/src'

TRACE::2025-06-06.21:40:46::SCWBDomain::"Running Make libs in ps7_cortexa9_0/libsrc/xilrsa_v1_6/src"

TRACE::2025-06-06.21:40:46::SCWBDomain::make -C ps7_cortexa9_0/libsrc/xilrsa_v1_6/src -s libs  "SHELL=CMD" "COMPILER=arm-none-eabi-gcc" "ASSEMBLER=arm-none-eabi-as" "A
TRACE::2025-06-06.21:40:46::SCWBDomain::RCHIVER=arm-none-eabi-ar" "COMPILER_FLAGS=  -O2 -c" "EXTRA_COMPILER_FLAGS=-mcpu=cortex-a9 -mfpu=vfpv3 -mfloat-abi=hard -nostart
TRACE::2025-06-06.21:40:46::SCWBDomain::files -g -Wall -Wextra"

TRACE::2025-06-06.21:40:46::SCWBDomain::make[2]: Entering directory 'D:/proyectosep2/IEE2463-SEP-Proyecto-2-Z8/input_reader/vitis/input_reader_plt/zynq_fsbl/zynq_fsbl_
TRACE::2025-06-06.21:40:46::SCWBDomain::bsp/ps7_cortexa9_0/libsrc/xilrsa_v1_6/src'

TRACE::2025-06-06.21:40:46::SCWBDomain::make[2]: Leaving directory 'D:/proyectosep2/IEE2463-SEP-Proyecto-2-Z8/input_reader/vitis/input_reader_plt/zynq_fsbl/zynq_fsbl_b
TRACE::2025-06-06.21:40:46::SCWBDomain::sp/ps7_cortexa9_0/libsrc/xilrsa_v1_6/src'

TRACE::2025-06-06.21:40:46::SCWBDomain::'Finished building libraries'

TRACE::2025-06-06.21:40:46::SCWBDomain::make[1]: Leaving directory 'D:/proyectosep2/IEE2463-SEP-Proyecto-2-Z8/input_reader/vitis/input_reader_plt/zynq_fsbl/zynq_fsbl_b
TRACE::2025-06-06.21:40:46::SCWBDomain::sp'

TRACE::2025-06-06.21:40:46::SCWBDomain::arm-none-eabi-gcc -MMD -MP       -mcpu=cortex-a9 -mfpu=vfpv3 -mfloat-abi=hard   -O2 -c -c sd.c -o sd.o -Izynq_fsbl_bsp/ps7_cort
TRACE::2025-06-06.21:40:46::SCWBDomain::exa9_0/include -I.

TRACE::2025-06-06.21:40:46::SCWBDomain::arm-none-eabi-gcc -MMD -MP       -mcpu=cortex-a9 -mfpu=vfpv3 -mfloat-abi=hard   -O2 -c -c nand.c -o nand.o -Izynq_fsbl_bsp/ps7_
TRACE::2025-06-06.21:40:46::SCWBDomain::cortexa9_0/include -I.

TRACE::2025-06-06.21:40:46::SCWBDomain::arm-none-eabi-gcc -MMD -MP       -mcpu=cortex-a9 -mfpu=vfpv3 -mfloat-abi=hard   -O2 -c -c nor.c -o nor.o -Izynq_fsbl_bsp/ps7_co
TRACE::2025-06-06.21:40:46::SCWBDomain::rtexa9_0/include -I.

TRACE::2025-06-06.21:40:46::SCWBDomain::arm-none-eabi-gcc -MMD -MP       -mcpu=cortex-a9 -mfpu=vfpv3 -mfloat-abi=hard   -O2 -c -c image_mover.c -o image_mover.o -Izynq
TRACE::2025-06-06.21:40:46::SCWBDomain::_fsbl_bsp/ps7_cortexa9_0/include -I.

TRACE::2025-06-06.21:40:46::SCWBDomain::arm-none-eabi-gcc -MMD -MP       -mcpu=cortex-a9 -mfpu=vfpv3 -mfloat-abi=hard   -O2 -c -c md5.c -o md5.o -Izynq_fsbl_bsp/ps7_co
TRACE::2025-06-06.21:40:46::SCWBDomain::rtexa9_0/include -I.

TRACE::2025-06-06.21:40:47::SCWBDomain::arm-none-eabi-gcc -MMD -MP       -mcpu=cortex-a9 -mfpu=vfpv3 -mfloat-abi=hard   -O2 -c -c fsbl_hooks.c -o fsbl_hooks.o -Izynq_f
TRACE::2025-06-06.21:40:47::SCWBDomain::sbl_bsp/ps7_cortexa9_0/include -I.

TRACE::2025-06-06.21:40:47::SCWBDomain::arm-none-eabi-gcc -MMD -MP       -mcpu=cortex-a9 -mfpu=vfpv3 -mfloat-abi=hard   -O2 -c -c main.c -o main.o -Izynq_fsbl_bsp/ps7_
TRACE::2025-06-06.21:40:47::SCWBDomain::cortexa9_0/include -I.

TRACE::2025-06-06.21:40:47::SCWBDomain::arm-none-eabi-gcc -MMD -MP       -mcpu=cortex-a9 -mfpu=vfpv3 -mfloat-abi=hard   -O2 -c -c rsa.c -o rsa.o -Izynq_fsbl_bsp/ps7_co
TRACE::2025-06-06.21:40:47::SCWBDomain::rtexa9_0/include -I.

TRACE::2025-06-06.21:40:47::SCWBDomain::arm-none-eabi-gcc -MMD -MP       -mcpu=cortex-a9 -mfpu=vfpv3 -mfloat-abi=hard   -O2 -c -c qspi.c -o qspi.o -Izynq_fsbl_bsp/ps7_
TRACE::2025-06-06.21:40:47::SCWBDomain::cortexa9_0/include -I.

TRACE::2025-06-06.21:40:47::SCWBDomain::arm-none-eabi-gcc -MMD -MP       -mcpu=cortex-a9 -mfpu=vfpv3 -mfloat-abi=hard   -O2 -c -c ps7_init.c -o ps7_init.o -Izynq_fsbl_
TRACE::2025-06-06.21:40:47::SCWBDomain::bsp/ps7_cortexa9_0/include -I.

TRACE::2025-06-06.21:40:47::SCWBDomain::arm-none-eabi-gcc -MMD -MP       -mcpu=cortex-a9 -mfpu=vfpv3 -mfloat-abi=hard   -O2 -c -c pcap.c -o pcap.o -Izynq_fsbl_bsp/ps7_
TRACE::2025-06-06.21:40:47::SCWBDomain::cortexa9_0/include -I.

TRACE::2025-06-06.21:40:47::SCWBDomain::arm-none-eabi-gcc -MMD -MP       -mcpu=cortex-a9 -mfpu=vfpv3 -mfloat-abi=hard   -O2 -c -c fsbl_handoff.S -o fsbl_handoff.o -Izy
TRACE::2025-06-06.21:40:47::SCWBDomain::nq_fsbl_bsp/ps7_cortexa9_0/include -I.

TRACE::2025-06-06.21:40:47::SCWBDomain::arm-none-eabi-gcc -o executable.elf  sd.o  nand.o  nor.o  image_mover.o  md5.o  fsbl_hooks.o  main.o  rsa.o  qspi.o  ps7_init.o
TRACE::2025-06-06.21:40:47::SCWBDomain::  pcap.o  fsbl_handoff.o -MMD -MP       -mcpu=cortex-a9 -mfpu=vfpv3 -mfloat-abi=hard   -mcpu=cortex-a9 -mfpu=vfpv3 -mfloat-abi=
TRACE::2025-06-06.21:40:47::SCWBDomain::hard -Wl,-build-id=none -specs=Xilinx.spec  -lrsa -Wl,--start-group,-lxil,-lgcc,-lc,--end-group -Wl,--start-group,-lxilffs,-lxi
TRACE::2025-06-06.21:40:47::SCWBDomain::l,-lgcc,-lc,--end-group -Wl,--start-group,-lrsa,-lxil,-lgcc,-lc,--end-group                                          -Wl,--gc-s
TRACE::2025-06-06.21:40:47::SCWBDomain::ections -Lzynq_fsbl_bsp/ps7_cortexa9_0/lib -L./ -Tlscript.ld

LOG::2025-06-06.21:40:48::SCWSystem::Checking the domain standalone_domain
LOG::2025-06-06.21:40:48::SCWSystem::Not a boot domain 
LOG::2025-06-06.21:40:48::SCWSystem::Started Processing the domain standalone_domain
TRACE::2025-06-06.21:40:48::SCWDomain::Generating domain artifcats
TRACE::2025-06-06.21:40:48::SCWMssOS::Generating standalone artifcats
TRACE::2025-06-06.21:40:48::SCWMssOS::Copying the qemu file from  D:/Xilinx/Vitis/2020.1/data/emulation/platforms/zynq/qemu/qemu_args.txt To D:/proyectosep2/IEE2463-SEP-Proyecto-2-Z8/input_reader/vitis/input_reader_plt/export/input_reader_plt/sw/input_reader_plt/qemu/
TRACE::2025-06-06.21:40:48::SCWMssOS::Copying the qemu file from  D:/Xilinx/Vitis/2020.1/data/emulation/platforms/zynq/qemu/qemu_args.txt To D:/proyectosep2/IEE2463-SEP-Proyecto-2-Z8/input_reader/vitis/input_reader_plt/export/input_reader_plt/sw/input_reader_plt/standalone_domain/qemu/
TRACE::2025-06-06.21:40:48::SCWMssOS:: Copying the user libraries. 
TRACE::2025-06-06.21:40:48::SCWPlatform::Trying to open the hw design at D:/proyectosep2/IEE2463-SEP-Proyecto-2-Z8/input_reader/vitis/input_reader_plt/hw/DEMO_wrapper.xsa
TRACE::2025-06-06.21:40:48::SCWPlatform::DSA given D:/proyectosep2/IEE2463-SEP-Proyecto-2-Z8/input_reader/vitis/input_reader_plt/hw/DEMO_wrapper.xsa
TRACE::2025-06-06.21:40:48::SCWPlatform::DSA absoulate path D:/proyectosep2/IEE2463-SEP-Proyecto-2-Z8/input_reader/vitis/input_reader_plt/hw/DEMO_wrapper.xsa
TRACE::2025-06-06.21:40:48::SCWPlatform::DSA directory D:/proyectosep2/IEE2463-SEP-Proyecto-2-Z8/input_reader/vitis/input_reader_plt/hw
TRACE::2025-06-06.21:40:48::SCWPlatform:: Platform Path D:/proyectosep2/IEE2463-SEP-Proyecto-2-Z8/input_reader/vitis/input_reader_plt/hw/DEMO_wrapper.xsa
TRACE::2025-06-06.21:40:48::SCWPlatform:: Unique name xilinx:zybo-z7-10::0.0
TRACE::2025-06-06.21:40:48::SCWPlatform::Trying to set the existing hwdb with name DEMO_wrapper_1
TRACE::2025-06-06.21:40:48::SCWPlatform::Opened existing hwdb DEMO_wrapper_1
TRACE::2025-06-06.21:40:48::SCWPlatform::Found the Hw Db part of the input DSA
TRACE::2025-06-06.21:40:48::SCWMssOS::Checking the sw design at  D:/proyectosep2/IEE2463-SEP-Proyecto-2-Z8/input_reader/vitis/input_reader_plt/ps7_cortexa9_0/standalone_domain/bsp/system.mss
TRACE::2025-06-06.21:40:48::SCWMssOS::DEBUG:  swdes dump  D:/proyectosep2/IEE2463-SEP-Proyecto-2-Z8/input_reader/vitis/input_reader_plt/ps7_cortexa9_0/standalone_domain/bsp/system.mss|system_0||
D:/proyectosep2/IEE2463-SEP-Proyecto-2-Z8/input_reader/vitis/input_reader_plt/zynq_fsbl/zynq_fsbl_bsp/system.mss|system||

TRACE::2025-06-06.21:40:48::SCWMssOS::Sw design exists and opened at  D:/proyectosep2/IEE2463-SEP-Proyecto-2-Z8/input_reader/vitis/input_reader_plt/ps7_cortexa9_0/standalone_domain/bsp/system.mss
TRACE::2025-06-06.21:40:48::SCWMssOS::Completed writing the mss file at D:/proyectosep2/IEE2463-SEP-Proyecto-2-Z8/input_reader/vitis/input_reader_plt/ps7_cortexa9_0/standalone_domain/bsp
TRACE::2025-06-06.21:40:48::SCWMssOS::Mss edits present, copying mssfile into export location D:/proyectosep2/IEE2463-SEP-Proyecto-2-Z8/input_reader/vitis/input_reader_plt/ps7_cortexa9_0/standalone_domain/bsp/system.mss
TRACE::2025-06-06.21:40:48::SCWMssOS::bsp generated is upto date with the mss file. Skipping bsp generation.
TRACE::2025-06-06.21:40:48::SCWMssOS::BSP is already built. skipping the bsp build ... 
TRACE::2025-06-06.21:40:48::SCWDomain::Building the domain as part of full build :  standalone_domain
TRACE::2025-06-06.21:40:48::SCWMssOS::doing bsp build ... 
TRACE::2025-06-06.21:40:48::SCWMssOS::System Command Ran  D: & cd  D:/proyectosep2/IEE2463-SEP-Proyecto-2-Z8/input_reader/vitis/input_reader_plt/ps7_cortexa9_0/standalone_domain/bsp & make 
TRACE::2025-06-06.21:40:48::SCWMssOS::"Running Make include in ps7_cortexa9_0/libsrc/coresightps_dcc_v1_7/src"

TRACE::2025-06-06.21:40:48::SCWMssOS::make -C ps7_cortexa9_0/libsrc/coresightps_dcc_v1_7/src -s include  "SHELL=CMD" "COMPILER=arm-none-eabi-gcc" "ASSEMBLER=arm-none
TRACE::2025-06-06.21:40:48::SCWMssOS::-eabi-as" "ARCHIVER=arm-none-eabi-ar" "COMPILER_FLAGS=  -O2 -c" "EXTRA_COMPILER_FLAGS=-mcpu=cortex-a9 -mfpu=vfpv3 -mfloat-abi=h
TRACE::2025-06-06.21:40:48::SCWMssOS::ard -nostartfiles -g -Wall -Wextra"

TRACE::2025-06-06.21:40:48::SCWMssOS::"Running Make include in ps7_cortexa9_0/libsrc/cpu_cortexa9_v2_9/src"

TRACE::2025-06-06.21:40:48::SCWMssOS::make -C ps7_cortexa9_0/libsrc/cpu_cortexa9_v2_9/src -s include  "SHELL=CMD" "COMPILER=arm-none-eabi-gcc" "ASSEMBLER=arm-none-ea
TRACE::2025-06-06.21:40:48::SCWMssOS::bi-as" "ARCHIVER=arm-none-eabi-ar" "COMPILER_FLAGS=  -O2 -c" "EXTRA_COMPILER_FLAGS=-mcpu=cortex-a9 -mfpu=vfpv3 -mfloat-abi=hard
TRACE::2025-06-06.21:40:48::SCWMssOS:: -nostartfiles -g -Wall -Wextra"

TRACE::2025-06-06.21:40:49::SCWMssOS::"Running Make include in ps7_cortexa9_0/libsrc/ddrps_v1_1/src"

TRACE::2025-06-06.21:40:49::SCWMssOS::make -C ps7_cortexa9_0/libsrc/ddrps_v1_1/src -s include  "SHELL=CMD" "COMPILER=arm-none-eabi-gcc" "ASSEMBLER=arm-none-eabi-as" 
TRACE::2025-06-06.21:40:49::SCWMssOS::"ARCHIVER=arm-none-eabi-ar" "COMPILER_FLAGS=  -O2 -c" "EXTRA_COMPILER_FLAGS=-mcpu=cortex-a9 -mfpu=vfpv3 -mfloat-abi=hard -nosta
TRACE::2025-06-06.21:40:49::SCWMssOS::rtfiles -g -Wall -Wextra"

TRACE::2025-06-06.21:40:49::SCWMssOS::"Running Make include in ps7_cortexa9_0/libsrc/devcfg_v3_6/src"

TRACE::2025-06-06.21:40:49::SCWMssOS::make -C ps7_cortexa9_0/libsrc/devcfg_v3_6/src -s include  "SHELL=CMD" "COMPILER=arm-none-eabi-gcc" "ASSEMBLER=arm-none-eabi-as"
TRACE::2025-06-06.21:40:49::SCWMssOS:: "ARCHIVER=arm-none-eabi-ar" "COMPILER_FLAGS=  -O2 -c" "EXTRA_COMPILER_FLAGS=-mcpu=cortex-a9 -mfpu=vfpv3 -mfloat-abi=hard -nost
TRACE::2025-06-06.21:40:49::SCWMssOS::artfiles -g -Wall -Wextra"

TRACE::2025-06-06.21:40:49::SCWMssOS::"Running Make include in ps7_cortexa9_0/libsrc/dmaps_v2_6/src"

TRACE::2025-06-06.21:40:49::SCWMssOS::make -C ps7_cortexa9_0/libsrc/dmaps_v2_6/src -s include  "SHELL=CMD" "COMPILER=arm-none-eabi-gcc" "ASSEMBLER=arm-none-eabi-as" 
TRACE::2025-06-06.21:40:49::SCWMssOS::"ARCHIVER=arm-none-eabi-ar" "COMPILER_FLAGS=  -O2 -c" "EXTRA_COMPILER_FLAGS=-mcpu=cortex-a9 -mfpu=vfpv3 -mfloat-abi=hard -nosta
TRACE::2025-06-06.21:40:49::SCWMssOS::rtfiles -g -Wall -Wextra"

TRACE::2025-06-06.21:40:49::SCWMssOS::"Running Make include in ps7_cortexa9_0/libsrc/emacps_v3_11/src"

TRACE::2025-06-06.21:40:49::SCWMssOS::make -C ps7_cortexa9_0/libsrc/emacps_v3_11/src -s include  "SHELL=CMD" "COMPILER=arm-none-eabi-gcc" "ASSEMBLER=arm-none-eabi-as
TRACE::2025-06-06.21:40:49::SCWMssOS::" "ARCHIVER=arm-none-eabi-ar" "COMPILER_FLAGS=  -O2 -c" "EXTRA_COMPILER_FLAGS=-mcpu=cortex-a9 -mfpu=vfpv3 -mfloat-abi=hard -nos
TRACE::2025-06-06.21:40:49::SCWMssOS::tartfiles -g -Wall -Wextra"

TRACE::2025-06-06.21:40:49::SCWMssOS::"Running Make include in ps7_cortexa9_0/libsrc/gpiops_v3_7/src"

TRACE::2025-06-06.21:40:49::SCWMssOS::make -C ps7_cortexa9_0/libsrc/gpiops_v3_7/src -s include  "SHELL=CMD" "COMPILER=arm-none-eabi-gcc" "ASSEMBLER=arm-none-eabi-as"
TRACE::2025-06-06.21:40:49::SCWMssOS:: "ARCHIVER=arm-none-eabi-ar" "COMPILER_FLAGS=  -O2 -c" "EXTRA_COMPILER_FLAGS=-mcpu=cortex-a9 -mfpu=vfpv3 -mfloat-abi=hard -nost
TRACE::2025-06-06.21:40:49::SCWMssOS::artfiles -g -Wall -Wextra"

TRACE::2025-06-06.21:40:49::SCWMssOS::"Running Make include in ps7_cortexa9_0/libsrc/gpio_v4_6/src"

TRACE::2025-06-06.21:40:49::SCWMssOS::make -C ps7_cortexa9_0/libsrc/gpio_v4_6/src -s include  "SHELL=CMD" "COMPILER=arm-none-eabi-gcc" "ASSEMBLER=arm-none-eabi-as" "
TRACE::2025-06-06.21:40:49::SCWMssOS::ARCHIVER=arm-none-eabi-ar" "COMPILER_FLAGS=  -O2 -c" "EXTRA_COMPILER_FLAGS=-mcpu=cortex-a9 -mfpu=vfpv3 -mfloat-abi=hard -nostar
TRACE::2025-06-06.21:40:49::SCWMssOS::tfiles -g -Wall -Wextra"

TRACE::2025-06-06.21:40:49::SCWMssOS::"Running Make include in ps7_cortexa9_0/libsrc/iic_v3_6/src"

TRACE::2025-06-06.21:40:49::SCWMssOS::make -C ps7_cortexa9_0/libsrc/iic_v3_6/src -s include  "SHELL=CMD" "COMPILER=arm-none-eabi-gcc" "ASSEMBLER=arm-none-eabi-as" "A
TRACE::2025-06-06.21:40:49::SCWMssOS::RCHIVER=arm-none-eabi-ar" "COMPILER_FLAGS=  -O2 -c" "EXTRA_COMPILER_FLAGS=-mcpu=cortex-a9 -mfpu=vfpv3 -mfloat-abi=hard -nostart
TRACE::2025-06-06.21:40:49::SCWMssOS::files -g -Wall -Wextra"

TRACE::2025-06-06.21:40:49::SCWMssOS::"Running Make include in ps7_cortexa9_0/libsrc/qspips_v3_7/src"

TRACE::2025-06-06.21:40:49::SCWMssOS::make -C ps7_cortexa9_0/libsrc/qspips_v3_7/src -s include  "SHELL=CMD" "COMPILER=arm-none-eabi-gcc" "ASSEMBLER=arm-none-eabi-as"
TRACE::2025-06-06.21:40:49::SCWMssOS:: "ARCHIVER=arm-none-eabi-ar" "COMPILER_FLAGS=  -O2 -c" "EXTRA_COMPILER_FLAGS=-mcpu=cortex-a9 -mfpu=vfpv3 -mfloat-abi=hard -nost
TRACE::2025-06-06.21:40:49::SCWMssOS::artfiles -g -Wall -Wextra"

TRACE::2025-06-06.21:40:49::SCWMssOS::"Running Make include in ps7_cortexa9_0/libsrc/scugic_v4_2/src"

TRACE::2025-06-06.21:40:49::SCWMssOS::make -C ps7_cortexa9_0/libsrc/scugic_v4_2/src -s include  "SHELL=CMD" "COMPILER=arm-none-eabi-gcc" "ASSEMBLER=arm-none-eabi-as"
TRACE::2025-06-06.21:40:49::SCWMssOS:: "ARCHIVER=arm-none-eabi-ar" "COMPILER_FLAGS=  -O2 -c" "EXTRA_COMPILER_FLAGS=-mcpu=cortex-a9 -mfpu=vfpv3 -mfloat-abi=hard -nost
TRACE::2025-06-06.21:40:49::SCWMssOS::artfiles -g -Wall -Wextra"

TRACE::2025-06-06.21:40:49::SCWMssOS::"Running Make include in ps7_cortexa9_0/libsrc/scutimer_v2_2/src"

TRACE::2025-06-06.21:40:49::SCWMssOS::make -C ps7_cortexa9_0/libsrc/scutimer_v2_2/src -s include  "SHELL=CMD" "COMPILER=arm-none-eabi-gcc" "ASSEMBLER=arm-none-eabi-a
TRACE::2025-06-06.21:40:49::SCWMssOS::s" "ARCHIVER=arm-none-eabi-ar" "COMPILER_FLAGS=  -O2 -c" "EXTRA_COMPILER_FLAGS=-mcpu=cortex-a9 -mfpu=vfpv3 -mfloat-abi=hard -no
TRACE::2025-06-06.21:40:49::SCWMssOS::startfiles -g -Wall -Wextra"

TRACE::2025-06-06.21:40:49::SCWMssOS::"Running Make include in ps7_cortexa9_0/libsrc/scuwdt_v2_2/src"

TRACE::2025-06-06.21:40:49::SCWMssOS::make -C ps7_cortexa9_0/libsrc/scuwdt_v2_2/src -s include  "SHELL=CMD" "COMPILER=arm-none-eabi-gcc" "ASSEMBLER=arm-none-eabi-as"
TRACE::2025-06-06.21:40:49::SCWMssOS:: "ARCHIVER=arm-none-eabi-ar" "COMPILER_FLAGS=  -O2 -c" "EXTRA_COMPILER_FLAGS=-mcpu=cortex-a9 -mfpu=vfpv3 -mfloat-abi=hard -nost
TRACE::2025-06-06.21:40:49::SCWMssOS::artfiles -g -Wall -Wextra"

TRACE::2025-06-06.21:40:49::SCWMssOS::"Running Make include in ps7_cortexa9_0/libsrc/sdps_v3_9/src"

TRACE::2025-06-06.21:40:49::SCWMssOS::make -C ps7_cortexa9_0/libsrc/sdps_v3_9/src -s include  "SHELL=CMD" "COMPILER=arm-none-eabi-gcc" "ASSEMBLER=arm-none-eabi-as" "
TRACE::2025-06-06.21:40:50::SCWMssOS::ARCHIVER=arm-none-eabi-ar" "COMPILER_FLAGS=  -O2 -c" "EXTRA_COMPILER_FLAGS=-mcpu=cortex-a9 -mfpu=vfpv3 -mfloat-abi=hard -nostar
TRACE::2025-06-06.21:40:50::SCWMssOS::tfiles -g -Wall -Wextra"

TRACE::2025-06-06.21:40:50::SCWMssOS::"Running Make include in ps7_cortexa9_0/libsrc/spi_v4_6/src"

TRACE::2025-06-06.21:40:50::SCWMssOS::make -C ps7_cortexa9_0/libsrc/spi_v4_6/src -s include  "SHELL=CMD" "COMPILER=arm-none-eabi-gcc" "ASSEMBLER=arm-none-eabi-as" "A
TRACE::2025-06-06.21:40:50::SCWMssOS::RCHIVER=arm-none-eabi-ar" "COMPILER_FLAGS=  -O2 -c" "EXTRA_COMPILER_FLAGS=-mcpu=cortex-a9 -mfpu=vfpv3 -mfloat-abi=hard -nostart
TRACE::2025-06-06.21:40:50::SCWMssOS::files -g -Wall -Wextra"

TRACE::2025-06-06.21:40:50::SCWMssOS::"Running Make include in ps7_cortexa9_0/libsrc/standalone_v7_2/src"

TRACE::2025-06-06.21:40:50::SCWMssOS::make -C ps7_cortexa9_0/libsrc/standalone_v7_2/src -s include  "SHELL=CMD" "COMPILER=arm-none-eabi-gcc" "ASSEMBLER=arm-none-eabi
TRACE::2025-06-06.21:40:50::SCWMssOS::-as" "ARCHIVER=arm-none-eabi-ar" "COMPILER_FLAGS=  -O2 -c" "EXTRA_COMPILER_FLAGS=-mcpu=cortex-a9 -mfpu=vfpv3 -mfloat-abi=hard -
TRACE::2025-06-06.21:40:50::SCWMssOS::nostartfiles -g -Wall -Wextra"

TRACE::2025-06-06.21:40:50::SCWMssOS::"Running Make include in ps7_cortexa9_0/libsrc/tmrctr_v4_6/src"

TRACE::2025-06-06.21:40:50::SCWMssOS::make -C ps7_cortexa9_0/libsrc/tmrctr_v4_6/src -s include  "SHELL=CMD" "COMPILER=arm-none-eabi-gcc" "ASSEMBLER=arm-none-eabi-as"
TRACE::2025-06-06.21:40:50::SCWMssOS:: "ARCHIVER=arm-none-eabi-ar" "COMPILER_FLAGS=  -O2 -c" "EXTRA_COMPILER_FLAGS=-mcpu=cortex-a9 -mfpu=vfpv3 -mfloat-abi=hard -nost
TRACE::2025-06-06.21:40:50::SCWMssOS::artfiles -g -Wall -Wextra"

TRACE::2025-06-06.21:40:50::SCWMssOS::"Running Make include in ps7_cortexa9_0/libsrc/uartps_v3_9/src"

TRACE::2025-06-06.21:40:50::SCWMssOS::make -C ps7_cortexa9_0/libsrc/uartps_v3_9/src -s include  "SHELL=CMD" "COMPILER=arm-none-eabi-gcc" "ASSEMBLER=arm-none-eabi-as"
TRACE::2025-06-06.21:40:50::SCWMssOS:: "ARCHIVER=arm-none-eabi-ar" "COMPILER_FLAGS=  -O2 -c" "EXTRA_COMPILER_FLAGS=-mcpu=cortex-a9 -mfpu=vfpv3 -mfloat-abi=hard -nost
TRACE::2025-06-06.21:40:50::SCWMssOS::artfiles -g -Wall -Wextra"

TRACE::2025-06-06.21:40:50::SCWMssOS::"Running Make include in ps7_cortexa9_0/libsrc/usbps_v2_5/src"

TRACE::2025-06-06.21:40:50::SCWMssOS::make -C ps7_cortexa9_0/libsrc/usbps_v2_5/src -s include  "SHELL=CMD" "COMPILER=arm-none-eabi-gcc" "ASSEMBLER=arm-none-eabi-as" 
TRACE::2025-06-06.21:40:50::SCWMssOS::"ARCHIVER=arm-none-eabi-ar" "COMPILER_FLAGS=  -O2 -c" "EXTRA_COMPILER_FLAGS=-mcpu=cortex-a9 -mfpu=vfpv3 -mfloat-abi=hard -nosta
TRACE::2025-06-06.21:40:50::SCWMssOS::rtfiles -g -Wall -Wextra"

TRACE::2025-06-06.21:40:50::SCWMssOS::"Running Make include in ps7_cortexa9_0/libsrc/xadcps_v2_4/src"

TRACE::2025-06-06.21:40:50::SCWMssOS::make -C ps7_cortexa9_0/libsrc/xadcps_v2_4/src -s include  "SHELL=CMD" "COMPILER=arm-none-eabi-gcc" "ASSEMBLER=arm-none-eabi-as"
TRACE::2025-06-06.21:40:50::SCWMssOS:: "ARCHIVER=arm-none-eabi-ar" "COMPILER_FLAGS=  -O2 -c" "EXTRA_COMPILER_FLAGS=-mcpu=cortex-a9 -mfpu=vfpv3 -mfloat-abi=hard -nost
TRACE::2025-06-06.21:40:50::SCWMssOS::artfiles -g -Wall -Wextra"

TRACE::2025-06-06.21:40:50::SCWMssOS::"Running Make libs in ps7_cortexa9_0/libsrc/coresightps_dcc_v1_7/src"

TRACE::2025-06-06.21:40:50::SCWMssOS::make -C ps7_cortexa9_0/libsrc/coresightps_dcc_v1_7/src -s libs  "SHELL=CMD" "COMPILER=arm-none-eabi-gcc" "ASSEMBLER=arm-none-ea
TRACE::2025-06-06.21:40:50::SCWMssOS::bi-as" "ARCHIVER=arm-none-eabi-ar" "COMPILER_FLAGS=  -O2 -c" "EXTRA_COMPILER_FLAGS=-mcpu=cortex-a9 -mfpu=vfpv3 -mfloat-abi=hard
TRACE::2025-06-06.21:40:50::SCWMssOS:: -nostartfiles -g -Wall -Wextra"

TRACE::2025-06-06.21:40:50::SCWMssOS::"Compiling coresightps_dcc"

TRACE::2025-06-06.21:40:51::SCWMssOS::"Running Make libs in ps7_cortexa9_0/libsrc/cpu_cortexa9_v2_9/src"

TRACE::2025-06-06.21:40:51::SCWMssOS::make -C ps7_cortexa9_0/libsrc/cpu_cortexa9_v2_9/src -s libs  "SHELL=CMD" "COMPILER=arm-none-eabi-gcc" "ASSEMBLER=arm-none-eabi-
TRACE::2025-06-06.21:40:51::SCWMssOS::as" "ARCHIVER=arm-none-eabi-ar" "COMPILER_FLAGS=  -O2 -c" "EXTRA_COMPILER_FLAGS=-mcpu=cortex-a9 -mfpu=vfpv3 -mfloat-abi=hard -n
TRACE::2025-06-06.21:40:51::SCWMssOS::ostartfiles -g -Wall -Wextra"

TRACE::2025-06-06.21:40:51::SCWMssOS::"Compiling cpu_cortexa9"

TRACE::2025-06-06.21:40:51::SCWMssOS::"Running Make libs in ps7_cortexa9_0/libsrc/ddrps_v1_1/src"

TRACE::2025-06-06.21:40:51::SCWMssOS::make -C ps7_cortexa9_0/libsrc/ddrps_v1_1/src -s libs  "SHELL=CMD" "COMPILER=arm-none-eabi-gcc" "ASSEMBLER=arm-none-eabi-as" "AR
TRACE::2025-06-06.21:40:51::SCWMssOS::CHIVER=arm-none-eabi-ar" "COMPILER_FLAGS=  -O2 -c" "EXTRA_COMPILER_FLAGS=-mcpu=cortex-a9 -mfpu=vfpv3 -mfloat-abi=hard -nostartf
TRACE::2025-06-06.21:40:51::SCWMssOS::iles -g -Wall -Wextra"

TRACE::2025-06-06.21:40:51::SCWMssOS::"Compiling ddrps"

TRACE::2025-06-06.21:40:51::SCWMssOS::"Running Make libs in ps7_cortexa9_0/libsrc/devcfg_v3_6/src"

TRACE::2025-06-06.21:40:51::SCWMssOS::make -C ps7_cortexa9_0/libsrc/devcfg_v3_6/src -s libs  "SHELL=CMD" "COMPILER=arm-none-eabi-gcc" "ASSEMBLER=arm-none-eabi-as" "A
TRACE::2025-06-06.21:40:51::SCWMssOS::RCHIVER=arm-none-eabi-ar" "COMPILER_FLAGS=  -O2 -c" "EXTRA_COMPILER_FLAGS=-mcpu=cortex-a9 -mfpu=vfpv3 -mfloat-abi=hard -nostart
TRACE::2025-06-06.21:40:51::SCWMssOS::files -g -Wall -Wextra"

TRACE::2025-06-06.21:40:51::SCWMssOS::"Compiling devcfg"

TRACE::2025-06-06.21:40:51::SCWMssOS::"Running Make libs in ps7_cortexa9_0/libsrc/dmaps_v2_6/src"

TRACE::2025-06-06.21:40:51::SCWMssOS::make -C ps7_cortexa9_0/libsrc/dmaps_v2_6/src -s libs  "SHELL=CMD" "COMPILER=arm-none-eabi-gcc" "ASSEMBLER=arm-none-eabi-as" "AR
TRACE::2025-06-06.21:40:51::SCWMssOS::CHIVER=arm-none-eabi-ar" "COMPILER_FLAGS=  -O2 -c" "EXTRA_COMPILER_FLAGS=-mcpu=cortex-a9 -mfpu=vfpv3 -mfloat-abi=hard -nostartf
TRACE::2025-06-06.21:40:51::SCWMssOS::iles -g -Wall -Wextra"

TRACE::2025-06-06.21:40:51::SCWMssOS::"Compiling dmaps"

TRACE::2025-06-06.21:40:52::SCWMssOS::"Running Make libs in ps7_cortexa9_0/libsrc/emacps_v3_11/src"

TRACE::2025-06-06.21:40:52::SCWMssOS::make -C ps7_cortexa9_0/libsrc/emacps_v3_11/src -s libs  "SHELL=CMD" "COMPILER=arm-none-eabi-gcc" "ASSEMBLER=arm-none-eabi-as" "
TRACE::2025-06-06.21:40:52::SCWMssOS::ARCHIVER=arm-none-eabi-ar" "COMPILER_FLAGS=  -O2 -c" "EXTRA_COMPILER_FLAGS=-mcpu=cortex-a9 -mfpu=vfpv3 -mfloat-abi=hard -nostar
TRACE::2025-06-06.21:40:52::SCWMssOS::tfiles -g -Wall -Wextra"

TRACE::2025-06-06.21:40:52::SCWMssOS::"Compiling emacps"

TRACE::2025-06-06.21:40:53::SCWMssOS::"Running Make libs in ps7_cortexa9_0/libsrc/gpiops_v3_7/src"

TRACE::2025-06-06.21:40:53::SCWMssOS::make -C ps7_cortexa9_0/libsrc/gpiops_v3_7/src -s libs  "SHELL=CMD" "COMPILER=arm-none-eabi-gcc" "ASSEMBLER=arm-none-eabi-as" "A
TRACE::2025-06-06.21:40:53::SCWMssOS::RCHIVER=arm-none-eabi-ar" "COMPILER_FLAGS=  -O2 -c" "EXTRA_COMPILER_FLAGS=-mcpu=cortex-a9 -mfpu=vfpv3 -mfloat-abi=hard -nostart
TRACE::2025-06-06.21:40:53::SCWMssOS::files -g -Wall -Wextra"

TRACE::2025-06-06.21:40:53::SCWMssOS::"Compiling gpiops"

TRACE::2025-06-06.21:40:54::SCWMssOS::"Running Make libs in ps7_cortexa9_0/libsrc/gpio_v4_6/src"

TRACE::2025-06-06.21:40:54::SCWMssOS::make -C ps7_cortexa9_0/libsrc/gpio_v4_6/src -s libs  "SHELL=CMD" "COMPILER=arm-none-eabi-gcc" "ASSEMBLER=arm-none-eabi-as" "ARC
TRACE::2025-06-06.21:40:54::SCWMssOS::HIVER=arm-none-eabi-ar" "COMPILER_FLAGS=  -O2 -c" "EXTRA_COMPILER_FLAGS=-mcpu=cortex-a9 -mfpu=vfpv3 -mfloat-abi=hard -nostartfi
TRACE::2025-06-06.21:40:54::SCWMssOS::les -g -Wall -Wextra"

TRACE::2025-06-06.21:40:54::SCWMssOS::"Compiling gpio"

TRACE::2025-06-06.21:40:55::SCWMssOS::"Running Make libs in ps7_cortexa9_0/libsrc/iic_v3_6/src"

TRACE::2025-06-06.21:40:55::SCWMssOS::make -C ps7_cortexa9_0/libsrc/iic_v3_6/src -s libs  "SHELL=CMD" "COMPILER=arm-none-eabi-gcc" "ASSEMBLER=arm-none-eabi-as" "ARCH
TRACE::2025-06-06.21:40:55::SCWMssOS::IVER=arm-none-eabi-ar" "COMPILER_FLAGS=  -O2 -c" "EXTRA_COMPILER_FLAGS=-mcpu=cortex-a9 -mfpu=vfpv3 -mfloat-abi=hard -nostartfil
TRACE::2025-06-06.21:40:55::SCWMssOS::es -g -Wall -Wextra"

TRACE::2025-06-06.21:40:55::SCWMssOS::"Compiling iic"

TRACE::2025-06-06.21:40:56::SCWMssOS::"Running Make libs in ps7_cortexa9_0/libsrc/qspips_v3_7/src"

TRACE::2025-06-06.21:40:56::SCWMssOS::make -C ps7_cortexa9_0/libsrc/qspips_v3_7/src -s libs  "SHELL=CMD" "COMPILER=arm-none-eabi-gcc" "ASSEMBLER=arm-none-eabi-as" "A
TRACE::2025-06-06.21:40:56::SCWMssOS::RCHIVER=arm-none-eabi-ar" "COMPILER_FLAGS=  -O2 -c" "EXTRA_COMPILER_FLAGS=-mcpu=cortex-a9 -mfpu=vfpv3 -mfloat-abi=hard -nostart
TRACE::2025-06-06.21:40:56::SCWMssOS::files -g -Wall -Wextra"

TRACE::2025-06-06.21:40:56::SCWMssOS::"Compiling qspips"

TRACE::2025-06-06.21:40:57::SCWMssOS::"Running Make libs in ps7_cortexa9_0/libsrc/scugic_v4_2/src"

TRACE::2025-06-06.21:40:57::SCWMssOS::make -C ps7_cortexa9_0/libsrc/scugic_v4_2/src -s libs  "SHELL=CMD" "COMPILER=arm-none-eabi-gcc" "ASSEMBLER=arm-none-eabi-as" "A
TRACE::2025-06-06.21:40:57::SCWMssOS::RCHIVER=arm-none-eabi-ar" "COMPILER_FLAGS=  -O2 -c" "EXTRA_COMPILER_FLAGS=-mcpu=cortex-a9 -mfpu=vfpv3 -mfloat-abi=hard -nostart
TRACE::2025-06-06.21:40:57::SCWMssOS::files -g -Wall -Wextra"

TRACE::2025-06-06.21:40:57::SCWMssOS::"Compiling scugic"

TRACE::2025-06-06.21:40:58::SCWMssOS::"Running Make libs in ps7_cortexa9_0/libsrc/scutimer_v2_2/src"

TRACE::2025-06-06.21:40:58::SCWMssOS::make -C ps7_cortexa9_0/libsrc/scutimer_v2_2/src -s libs  "SHELL=CMD" "COMPILER=arm-none-eabi-gcc" "ASSEMBLER=arm-none-eabi-as" 
TRACE::2025-06-06.21:40:58::SCWMssOS::"ARCHIVER=arm-none-eabi-ar" "COMPILER_FLAGS=  -O2 -c" "EXTRA_COMPILER_FLAGS=-mcpu=cortex-a9 -mfpu=vfpv3 -mfloat-abi=hard -nosta
TRACE::2025-06-06.21:40:58::SCWMssOS::rtfiles -g -Wall -Wextra"

TRACE::2025-06-06.21:40:58::SCWMssOS::"Compiling scutimer"

TRACE::2025-06-06.21:40:58::SCWMssOS::"Running Make libs in ps7_cortexa9_0/libsrc/scuwdt_v2_2/src"

TRACE::2025-06-06.21:40:58::SCWMssOS::make -C ps7_cortexa9_0/libsrc/scuwdt_v2_2/src -s libs  "SHELL=CMD" "COMPILER=arm-none-eabi-gcc" "ASSEMBLER=arm-none-eabi-as" "A
TRACE::2025-06-06.21:40:58::SCWMssOS::RCHIVER=arm-none-eabi-ar" "COMPILER_FLAGS=  -O2 -c" "EXTRA_COMPILER_FLAGS=-mcpu=cortex-a9 -mfpu=vfpv3 -mfloat-abi=hard -nostart
TRACE::2025-06-06.21:40:58::SCWMssOS::files -g -Wall -Wextra"

TRACE::2025-06-06.21:40:58::SCWMssOS::"Compiling scuwdt"

TRACE::2025-06-06.21:40:58::SCWMssOS::"Running Make libs in ps7_cortexa9_0/libsrc/sdps_v3_9/src"

TRACE::2025-06-06.21:40:58::SCWMssOS::make -C ps7_cortexa9_0/libsrc/sdps_v3_9/src -s libs  "SHELL=CMD" "COMPILER=arm-none-eabi-gcc" "ASSEMBLER=arm-none-eabi-as" "ARC
TRACE::2025-06-06.21:40:58::SCWMssOS::HIVER=arm-none-eabi-ar" "COMPILER_FLAGS=  -O2 -c" "EXTRA_COMPILER_FLAGS=-mcpu=cortex-a9 -mfpu=vfpv3 -mfloat-abi=hard -nostartfi
TRACE::2025-06-06.21:40:58::SCWMssOS::les -g -Wall -Wextra"

TRACE::2025-06-06.21:40:59::SCWMssOS::"Compiling sdps"

TRACE::2025-06-06.21:41:00::SCWMssOS::"Running Make libs in ps7_cortexa9_0/libsrc/spi_v4_6/src"

TRACE::2025-06-06.21:41:00::SCWMssOS::make -C ps7_cortexa9_0/libsrc/spi_v4_6/src -s libs  "SHELL=CMD" "COMPILER=arm-none-eabi-gcc" "ASSEMBLER=arm-none-eabi-as" "ARCH
TRACE::2025-06-06.21:41:00::SCWMssOS::IVER=arm-none-eabi-ar" "COMPILER_FLAGS=  -O2 -c" "EXTRA_COMPILER_FLAGS=-mcpu=cortex-a9 -mfpu=vfpv3 -mfloat-abi=hard -nostartfil
TRACE::2025-06-06.21:41:00::SCWMssOS::es -g -Wall -Wextra"

TRACE::2025-06-06.21:41:00::SCWMssOS::"Compiling spi"

TRACE::2025-06-06.21:41:00::SCWMssOS::"Running Make libs in ps7_cortexa9_0/libsrc/standalone_v7_2/src"

TRACE::2025-06-06.21:41:00::SCWMssOS::make -C ps7_cortexa9_0/libsrc/standalone_v7_2/src -s libs  "SHELL=CMD" "COMPILER=arm-none-eabi-gcc" "ASSEMBLER=arm-none-eabi-as
TRACE::2025-06-06.21:41:00::SCWMssOS::" "ARCHIVER=arm-none-eabi-ar" "COMPILER_FLAGS=  -O2 -c" "EXTRA_COMPILER_FLAGS=-mcpu=cortex-a9 -mfpu=vfpv3 -mfloat-abi=hard -nos
TRACE::2025-06-06.21:41:00::SCWMssOS::tartfiles -g -Wall -Wextra"

TRACE::2025-06-06.21:41:00::SCWMssOS::"Compiling standalone"

TRACE::2025-06-06.21:41:03::SCWMssOS::"Running Make libs in ps7_cortexa9_0/libsrc/tmrctr_v4_6/src"

TRACE::2025-06-06.21:41:03::SCWMssOS::make -C ps7_cortexa9_0/libsrc/tmrctr_v4_6/src -s libs  "SHELL=CMD" "COMPILER=arm-none-eabi-gcc" "ASSEMBLER=arm-none-eabi-as" "A
TRACE::2025-06-06.21:41:03::SCWMssOS::RCHIVER=arm-none-eabi-ar" "COMPILER_FLAGS=  -O2 -c" "EXTRA_COMPILER_FLAGS=-mcpu=cortex-a9 -mfpu=vfpv3 -mfloat-abi=hard -nostart
TRACE::2025-06-06.21:41:03::SCWMssOS::files -g -Wall -Wextra"

TRACE::2025-06-06.21:41:03::SCWMssOS::"Compiling tmrctr"

TRACE::2025-06-06.21:41:04::SCWMssOS::"Running Make libs in ps7_cortexa9_0/libsrc/uartps_v3_9/src"

TRACE::2025-06-06.21:41:04::SCWMssOS::make -C ps7_cortexa9_0/libsrc/uartps_v3_9/src -s libs  "SHELL=CMD" "COMPILER=arm-none-eabi-gcc" "ASSEMBLER=arm-none-eabi-as" "A
TRACE::2025-06-06.21:41:04::SCWMssOS::RCHIVER=arm-none-eabi-ar" "COMPILER_FLAGS=  -O2 -c" "EXTRA_COMPILER_FLAGS=-mcpu=cortex-a9 -mfpu=vfpv3 -mfloat-abi=hard -nostart
TRACE::2025-06-06.21:41:04::SCWMssOS::files -g -Wall -Wextra"

TRACE::2025-06-06.21:41:04::SCWMssOS::"Compiling uartps"

TRACE::2025-06-06.21:41:05::SCWMssOS::"Running Make libs in ps7_cortexa9_0/libsrc/usbps_v2_5/src"

TRACE::2025-06-06.21:41:05::SCWMssOS::make -C ps7_cortexa9_0/libsrc/usbps_v2_5/src -s libs  "SHELL=CMD" "COMPILER=arm-none-eabi-gcc" "ASSEMBLER=arm-none-eabi-as" "AR
TRACE::2025-06-06.21:41:05::SCWMssOS::CHIVER=arm-none-eabi-ar" "COMPILER_FLAGS=  -O2 -c" "EXTRA_COMPILER_FLAGS=-mcpu=cortex-a9 -mfpu=vfpv3 -mfloat-abi=hard -nostartf
TRACE::2025-06-06.21:41:05::SCWMssOS::iles -g -Wall -Wextra"

TRACE::2025-06-06.21:41:05::SCWMssOS::"Compiling usbps"

TRACE::2025-06-06.21:41:06::SCWMssOS::"Running Make libs in ps7_cortexa9_0/libsrc/xadcps_v2_4/src"

TRACE::2025-06-06.21:41:06::SCWMssOS::make -C ps7_cortexa9_0/libsrc/xadcps_v2_4/src -s libs  "SHELL=CMD" "COMPILER=arm-none-eabi-gcc" "ASSEMBLER=arm-none-eabi-as" "A
TRACE::2025-06-06.21:41:06::SCWMssOS::RCHIVER=arm-none-eabi-ar" "COMPILER_FLAGS=  -O2 -c" "EXTRA_COMPILER_FLAGS=-mcpu=cortex-a9 -mfpu=vfpv3 -mfloat-abi=hard -nostart
TRACE::2025-06-06.21:41:06::SCWMssOS::files -g -Wall -Wextra"

TRACE::2025-06-06.21:41:06::SCWMssOS::"Compiling xadcps"

TRACE::2025-06-06.21:41:07::SCWMssOS::'Finished building libraries'

TRACE::2025-06-06.21:41:07::SCWMssOS::Copying to export directory.
TRACE::2025-06-06.21:41:07::SCWMssOS:: Checking if to create the Supporting Applications
TRACE::2025-06-06.21:41:07::SCWMssOS:: No Linux domain exists, trying to generate FSBL 
LOG::2025-06-06.21:41:07::SCWSystem::Completed Processing the domain standalone_domain
LOG::2025-06-06.21:41:07::SCWSystem::Completed Processing the sysconfig input_reader_plt
LOG::2025-06-06.21:41:07::SCWPlatform::Completed generating the artifacts for system configuration input_reader_plt
TRACE::2025-06-06.21:41:07::SCWPlatform::Started preparing the platform 
TRACE::2025-06-06.21:41:07::SCWSystem::Writing the bif file for system config input_reader_plt
TRACE::2025-06-06.21:41:07::SCWSystem::dir created 
TRACE::2025-06-06.21:41:07::SCWSystem::Writing the bif 
TRACE::2025-06-06.21:41:07::SCWPlatform::Started writing the spfm file 
TRACE::2025-06-06.21:41:07::SCWPlatform::Started writing the xpfm file 
TRACE::2025-06-06.21:41:07::SCWPlatform::Completed generating the platform
TRACE::2025-06-06.21:41:07::SCWMssOS::Saving the mss changes D:/proyectosep2/IEE2463-SEP-Proyecto-2-Z8/input_reader/vitis/input_reader_plt/zynq_fsbl/zynq_fsbl_bsp/system.mss
TRACE::2025-06-06.21:41:07::SCWMssOS::Found a swdesign opened with the mssfile.
TRACE::2025-06-06.21:41:07::SCWMssOS::Completed writemss as part of save.
TRACE::2025-06-06.21:41:07::SCWMssOS::Commit changes completed.
TRACE::2025-06-06.21:41:07::SCWMssOS::Saving the mss changes D:/proyectosep2/IEE2463-SEP-Proyecto-2-Z8/input_reader/vitis/input_reader_plt/ps7_cortexa9_0/standalone_domain/bsp/system.mss
TRACE::2025-06-06.21:41:07::SCWMssOS::Found a swdesign opened with the mssfile.
TRACE::2025-06-06.21:41:07::SCWMssOS::Completed writemss as part of save.
TRACE::2025-06-06.21:41:07::SCWMssOS::Commit changes completed.
TRACE::2025-06-06.21:41:07::SCWPlatform::Trying to open the hw design at D:/proyectosep2/IEE2463-SEP-Proyecto-2-Z8/input_reader/vitis/input_reader_plt/hw/DEMO_wrapper.xsa
TRACE::2025-06-06.21:41:07::SCWPlatform::DSA given D:/proyectosep2/IEE2463-SEP-Proyecto-2-Z8/input_reader/vitis/input_reader_plt/hw/DEMO_wrapper.xsa
TRACE::2025-06-06.21:41:07::SCWPlatform::DSA absoulate path D:/proyectosep2/IEE2463-SEP-Proyecto-2-Z8/input_reader/vitis/input_reader_plt/hw/DEMO_wrapper.xsa
TRACE::2025-06-06.21:41:07::SCWPlatform::DSA directory D:/proyectosep2/IEE2463-SEP-Proyecto-2-Z8/input_reader/vitis/input_reader_plt/hw
TRACE::2025-06-06.21:41:07::SCWPlatform:: Platform Path D:/proyectosep2/IEE2463-SEP-Proyecto-2-Z8/input_reader/vitis/input_reader_plt/hw/DEMO_wrapper.xsa
TRACE::2025-06-06.21:41:07::SCWPlatform:: Unique name xilinx:zybo-z7-10::0.0
TRACE::2025-06-06.21:41:07::SCWPlatform::Trying to set the existing hwdb with name DEMO_wrapper_1
TRACE::2025-06-06.21:41:07::SCWPlatform::Opened existing hwdb DEMO_wrapper_1
TRACE::2025-06-06.21:41:07::SCWPlatform::Found the Hw Db part of the input DSA
TRACE::2025-06-06.21:41:07::SCWMssOS::Checking the sw design at  D:/proyectosep2/IEE2463-SEP-Proyecto-2-Z8/input_reader/vitis/input_reader_plt/zynq_fsbl/zynq_fsbl_bsp/system.mss
TRACE::2025-06-06.21:41:07::SCWMssOS::DEBUG:  swdes dump  D:/proyectosep2/IEE2463-SEP-Proyecto-2-Z8/input_reader/vitis/input_reader_plt/ps7_cortexa9_0/standalone_domain/bsp/system.mss|system_0||
D:/proyectosep2/IEE2463-SEP-Proyecto-2-Z8/input_reader/vitis/input_reader_plt/zynq_fsbl/zynq_fsbl_bsp/system.mss|system||

TRACE::2025-06-06.21:41:07::SCWMssOS::Sw design exists and opened at  D:/proyectosep2/IEE2463-SEP-Proyecto-2-Z8/input_reader/vitis/input_reader_plt/zynq_fsbl/zynq_fsbl_bsp/system.mss
TRACE::2025-06-06.21:41:07::SCWPlatform::Trying to open the hw design at D:/proyectosep2/IEE2463-SEP-Proyecto-2-Z8/input_reader/vitis/input_reader_plt/hw/DEMO_wrapper.xsa
TRACE::2025-06-06.21:41:07::SCWPlatform::DSA given D:/proyectosep2/IEE2463-SEP-Proyecto-2-Z8/input_reader/vitis/input_reader_plt/hw/DEMO_wrapper.xsa
TRACE::2025-06-06.21:41:07::SCWPlatform::DSA absoulate path D:/proyectosep2/IEE2463-SEP-Proyecto-2-Z8/input_reader/vitis/input_reader_plt/hw/DEMO_wrapper.xsa
TRACE::2025-06-06.21:41:07::SCWPlatform::DSA directory D:/proyectosep2/IEE2463-SEP-Proyecto-2-Z8/input_reader/vitis/input_reader_plt/hw
TRACE::2025-06-06.21:41:07::SCWPlatform:: Platform Path D:/proyectosep2/IEE2463-SEP-Proyecto-2-Z8/input_reader/vitis/input_reader_plt/hw/DEMO_wrapper.xsa
TRACE::2025-06-06.21:41:07::SCWPlatform:: Unique name xilinx:zybo-z7-10::0.0
TRACE::2025-06-06.21:41:07::SCWPlatform::Trying to set the existing hwdb with name DEMO_wrapper_1
TRACE::2025-06-06.21:41:07::SCWPlatform::Opened existing hwdb DEMO_wrapper_1
TRACE::2025-06-06.21:41:07::SCWPlatform::Found the Hw Db part of the input DSA
TRACE::2025-06-06.21:41:07::SCWMssOS::Checking the sw design at  D:/proyectosep2/IEE2463-SEP-Proyecto-2-Z8/input_reader/vitis/input_reader_plt/ps7_cortexa9_0/standalone_domain/bsp/system.mss
TRACE::2025-06-06.21:41:07::SCWMssOS::DEBUG:  swdes dump  D:/proyectosep2/IEE2463-SEP-Proyecto-2-Z8/input_reader/vitis/input_reader_plt/ps7_cortexa9_0/standalone_domain/bsp/system.mss|system_0||
D:/proyectosep2/IEE2463-SEP-Proyecto-2-Z8/input_reader/vitis/input_reader_plt/zynq_fsbl/zynq_fsbl_bsp/system.mss|system||

TRACE::2025-06-06.21:41:07::SCWMssOS::Sw design exists and opened at  D:/proyectosep2/IEE2463-SEP-Proyecto-2-Z8/input_reader/vitis/input_reader_plt/ps7_cortexa9_0/standalone_domain/bsp/system.mss
TRACE::2025-06-06.21:41:07::SCWWriter::formatted JSON is {
	"platformName":	"input_reader_plt",
	"sprVersion":	"2.0",
	"mode":	"gui",
	"dsaType":	"Fixed",
	"platformDesc":	"input_reader_plt",
	"platHandOff":	"D:/proyectosep2/IEE2463-SEP-Proyecto-2-Z8/input_reader/vivado/DEMO_wrapper.xsa",
	"platIntHandOff":	"<platformDir>/hw/DEMO_wrapper.xsa",
	"deviceType":	"zynq",
	"platIsPrebuiltAutogen":	"false",
	"platIsNoBootBsp":	"false",
	"hasFsblMakeHasChanges":	"false",
	"hasPmufwMakeHasChanges":	"false",
	"fsblExtraCompilerFlags":	"-MMD -MP       -mcpu=cortex-a9 -mfpu=vfpv3 -mfloat-abi=hard ",
	"platPreBuiltFlag":	false,
	"platformSamplesDir":	"",
	"platActiveSys":	"input_reader_plt",
	"systems":	[{
			"systemName":	"input_reader_plt",
			"systemDesc":	"input_reader_plt",
			"sysIsBootAutoGen":	"true",
			"systemDispName":	"input_reader_plt",
			"sysActiveDom":	"standalone_domain",
			"sysDefaultDom":	"standalone_domain",
			"domains":	[{
					"domainName":	"zynq_fsbl",
					"domainDispName":	"zynq_fsbl",
					"domainDesc":	"FSBL Application BSP - Auto Generated.",
					"processors":	"ps7_cortexa9_0",
					"os":	"standalone",
					"sdxOs":	"standalone",
					"debugEnable":	"",
					"domRuntimes":	["cpp"],
					"swRepo":	"",
					"mssOsVer":	"7.2",
					"mssFile":	"",
					"md5Digest":	"7079462d43296522fe4c25429e7041e8",
					"compatibleApp":	"zynq_fsbl",
					"domType":	"bootDomain",
					"appSettings":	{
						"appCompilerFlags":	"",
						"appLinkerFlags":	""
					},
					"addedLibs":	["xilffs:4.3", "xilrsa:1.6"],
					"libOptions":	{
						"libsContainingOptions":	[]
					},
					"prebuiltLibs":	{
						"prebuiltIncPath":	[],
						"prebuiltLibPath":	[]
					},
					"isolation":	{
					}
				}, {
					"domainName":	"standalone_domain",
					"domainDispName":	"standalone on ps7_cortexa9_0",
					"domainDesc":	"standalone_domain",
					"processors":	"ps7_cortexa9_0",
					"os":	"standalone",
					"sdxOs":	"standalone",
					"qemuArgs":	"D:/Xilinx/Vitis/2020.1/data/emulation/platforms/zynq/qemu/qemu_args.txt",
					"qemuData":	"D:/Xilinx/Vitis/2020.1/data/emulation/platforms/zynq/qemu/",
					"debugEnable":	"False",
					"domRuntimes":	["cpp"],
					"swRepo":	"",
					"mssOsVer":	"7.2",
					"mssFile":	"",
					"md5Digest":	"66d3fb87f21487cff6d9ef7ac8bd223d",
					"compatibleApp":	"",
					"domType":	"mssDomain",
					"appSettings":	{
						"appCompilerFlags":	"",
						"appLinkerFlags":	""
					},
					"addedLibs":	[],
					"libOptions":	{
						"libsContainingOptions":	[]
					},
					"prebuiltLibs":	{
						"prebuiltIncPath":	[],
						"prebuiltLibPath":	[]
					},
					"isolation":	{
					}
				}]
		}]
}
KEYINFO::2025-06-06.21:41:07::SCWPlatform::updated the xpfm file.
TRACE::2025-06-06.21:41:07::SCWPlatform::Trying to open the hw design at D:/proyectosep2/IEE2463-SEP-Proyecto-2-Z8/input_reader/vitis/input_reader_plt/hw/DEMO_wrapper.xsa
TRACE::2025-06-06.21:41:07::SCWPlatform::DSA given D:/proyectosep2/IEE2463-SEP-Proyecto-2-Z8/input_reader/vitis/input_reader_plt/hw/DEMO_wrapper.xsa
TRACE::2025-06-06.21:41:07::SCWPlatform::DSA absoulate path D:/proyectosep2/IEE2463-SEP-Proyecto-2-Z8/input_reader/vitis/input_reader_plt/hw/DEMO_wrapper.xsa
TRACE::2025-06-06.21:41:07::SCWPlatform::DSA directory D:/proyectosep2/IEE2463-SEP-Proyecto-2-Z8/input_reader/vitis/input_reader_plt/hw
TRACE::2025-06-06.21:41:07::SCWPlatform:: Platform Path D:/proyectosep2/IEE2463-SEP-Proyecto-2-Z8/input_reader/vitis/input_reader_plt/hw/DEMO_wrapper.xsa
TRACE::2025-06-06.21:41:07::SCWPlatform:: Unique name xilinx:zybo-z7-10::0.0
TRACE::2025-06-06.21:41:07::SCWPlatform::Trying to set the existing hwdb with name DEMO_wrapper_1
TRACE::2025-06-06.21:41:07::SCWPlatform::Opened existing hwdb DEMO_wrapper_1
TRACE::2025-06-06.21:41:07::SCWPlatform::Found the Hw Db part of the input DSA
TRACE::2025-06-06.21:41:07::SCWMssOS::Checking the sw design at  D:/proyectosep2/IEE2463-SEP-Proyecto-2-Z8/input_reader/vitis/input_reader_plt/ps7_cortexa9_0/standalone_domain/bsp/system.mss
TRACE::2025-06-06.21:41:07::SCWMssOS::DEBUG:  swdes dump  D:/proyectosep2/IEE2463-SEP-Proyecto-2-Z8/input_reader/vitis/input_reader_plt/ps7_cortexa9_0/standalone_domain/bsp/system.mss|system_0||
D:/proyectosep2/IEE2463-SEP-Proyecto-2-Z8/input_reader/vitis/input_reader_plt/zynq_fsbl/zynq_fsbl_bsp/system.mss|system||

TRACE::2025-06-06.21:41:07::SCWMssOS::Sw design exists and opened at  D:/proyectosep2/IEE2463-SEP-Proyecto-2-Z8/input_reader/vitis/input_reader_plt/ps7_cortexa9_0/standalone_domain/bsp/system.mss
TRACE::2025-06-06.22:15:06::SCWPlatform::Trying to open the hw design at D:/proyectosep2/IEE2463-SEP-Proyecto-2-Z8/input_reader/vitis/input_reader_plt/hw/DEMO_wrapper.xsa
TRACE::2025-06-06.22:15:06::SCWPlatform::DSA given D:/proyectosep2/IEE2463-SEP-Proyecto-2-Z8/input_reader/vitis/input_reader_plt/hw/DEMO_wrapper.xsa
TRACE::2025-06-06.22:15:06::SCWPlatform::DSA absoulate path D:/proyectosep2/IEE2463-SEP-Proyecto-2-Z8/input_reader/vitis/input_reader_plt/hw/DEMO_wrapper.xsa
TRACE::2025-06-06.22:15:06::SCWPlatform::DSA directory D:/proyectosep2/IEE2463-SEP-Proyecto-2-Z8/input_reader/vitis/input_reader_plt/hw
TRACE::2025-06-06.22:15:06::SCWPlatform:: Platform Path D:/proyectosep2/IEE2463-SEP-Proyecto-2-Z8/input_reader/vitis/input_reader_plt/hw/DEMO_wrapper.xsa
TRACE::2025-06-06.22:15:06::SCWPlatform:: Unique name xilinx:zybo-z7-10::0.0
TRACE::2025-06-06.22:15:06::SCWPlatform::Trying to set the existing hwdb with name DEMO_wrapper_1
TRACE::2025-06-06.22:15:06::SCWPlatform::Opened existing hwdb DEMO_wrapper_1
TRACE::2025-06-06.22:15:06::SCWPlatform::Found the Hw Db part of the input DSA
TRACE::2025-06-06.22:15:06::SCWMssOS::Checking the sw design at  D:/proyectosep2/IEE2463-SEP-Proyecto-2-Z8/input_reader/vitis/input_reader_plt/ps7_cortexa9_0/standalone_domain/bsp/system.mss
TRACE::2025-06-06.22:15:06::SCWMssOS::DEBUG:  swdes dump  D:/proyectosep2/IEE2463-SEP-Proyecto-2-Z8/input_reader/vitis/input_reader_plt/ps7_cortexa9_0/standalone_domain/bsp/system.mss|system_0||
D:/proyectosep2/IEE2463-SEP-Proyecto-2-Z8/input_reader/vitis/input_reader_plt/zynq_fsbl/zynq_fsbl_bsp/system.mss|system||

TRACE::2025-06-06.22:15:06::SCWMssOS::Sw design exists and opened at  D:/proyectosep2/IEE2463-SEP-Proyecto-2-Z8/input_reader/vitis/input_reader_plt/ps7_cortexa9_0/standalone_domain/bsp/system.mss
TRACE::2025-06-06.22:15:08::SCWMssOS::In reload Mss file.
TRACE::2025-06-06.22:15:08::SCWPlatform::Trying to open the hw design at D:/proyectosep2/IEE2463-SEP-Proyecto-2-Z8/input_reader/vitis/input_reader_plt/hw/DEMO_wrapper.xsa
TRACE::2025-06-06.22:15:08::SCWPlatform::DSA given D:/proyectosep2/IEE2463-SEP-Proyecto-2-Z8/input_reader/vitis/input_reader_plt/hw/DEMO_wrapper.xsa
TRACE::2025-06-06.22:15:08::SCWPlatform::DSA absoulate path D:/proyectosep2/IEE2463-SEP-Proyecto-2-Z8/input_reader/vitis/input_reader_plt/hw/DEMO_wrapper.xsa
TRACE::2025-06-06.22:15:08::SCWPlatform::DSA directory D:/proyectosep2/IEE2463-SEP-Proyecto-2-Z8/input_reader/vitis/input_reader_plt/hw
TRACE::2025-06-06.22:15:08::SCWPlatform:: Platform Path D:/proyectosep2/IEE2463-SEP-Proyecto-2-Z8/input_reader/vitis/input_reader_plt/hw/DEMO_wrapper.xsa
TRACE::2025-06-06.22:15:08::SCWPlatform:: Unique name xilinx:zybo-z7-10::0.0
TRACE::2025-06-06.22:15:08::SCWPlatform::Trying to set the existing hwdb with name DEMO_wrapper_1
TRACE::2025-06-06.22:15:08::SCWPlatform::Opened existing hwdb DEMO_wrapper_1
TRACE::2025-06-06.22:15:08::SCWPlatform::Found the Hw Db part of the input DSA
TRACE::2025-06-06.22:15:08::SCWMssOS::Checking the sw design at  D:/proyectosep2/IEE2463-SEP-Proyecto-2-Z8/input_reader/vitis/input_reader_plt/ps7_cortexa9_0/standalone_domain/bsp/system.mss
TRACE::2025-06-06.22:15:08::SCWMssOS::DEBUG:  swdes dump  D:/proyectosep2/IEE2463-SEP-Proyecto-2-Z8/input_reader/vitis/input_reader_plt/ps7_cortexa9_0/standalone_domain/bsp/system.mss|system_0||
D:/proyectosep2/IEE2463-SEP-Proyecto-2-Z8/input_reader/vitis/input_reader_plt/zynq_fsbl/zynq_fsbl_bsp/system.mss|system||

KEYINFO::2025-06-06.22:15:08::SCWMssOS::Could not open the swdb for system_0
KEYINFO::2025-06-06.22:15:08::SCWMssOS::Could not open the sw design at  system_0
ERROR: [Hsi 55-1558] Software Design system_0 is not found

TRACE::2025-06-06.22:15:08::SCWMssOS::Cleared the swdb table entry
TRACE::2025-06-06.22:15:08::SCWMssOS::No sw design opened at  D:/proyectosep2/IEE2463-SEP-Proyecto-2-Z8/input_reader/vitis/input_reader_plt/ps7_cortexa9_0/standalone_domain/bsp/system.mss
TRACE::2025-06-06.22:15:08::SCWMssOS::mss exists loading the mss file  D:/proyectosep2/IEE2463-SEP-Proyecto-2-Z8/input_reader/vitis/input_reader_plt/ps7_cortexa9_0/standalone_domain/bsp/system.mss
TRACE::2025-06-06.22:15:08::SCWMssOS::Opened the sw design from mss  D:/proyectosep2/IEE2463-SEP-Proyecto-2-Z8/input_reader/vitis/input_reader_plt/ps7_cortexa9_0/standalone_domain/bsp/system.mss
TRACE::2025-06-06.22:15:08::SCWMssOS::Adding the swdes entry D:/proyectosep2/IEE2463-SEP-Proyecto-2-Z8/input_reader/vitis/input_reader_plt/ps7_cortexa9_0/standalone_domain/bsp/system.mss with des name system_0
TRACE::2025-06-06.22:15:08::SCWMssOS::updating the scw layer about changes
TRACE::2025-06-06.22:15:08::SCWMssOS::Opened the sw design.  D:/proyectosep2/IEE2463-SEP-Proyecto-2-Z8/input_reader/vitis/input_reader_plt/ps7_cortexa9_0/standalone_domain/bsp/system.mss
TRACE::2025-06-06.22:15:08::SCWMssOS::Saving the mss changes D:/proyectosep2/IEE2463-SEP-Proyecto-2-Z8/input_reader/vitis/input_reader_plt/ps7_cortexa9_0/standalone_domain/bsp/system.mss
TRACE::2025-06-06.22:15:08::SCWMssOS::Found a swdesign opened with the mssfile.
TRACE::2025-06-06.22:15:08::SCWMssOS::Completed writemss as part of save.
TRACE::2025-06-06.22:15:08::SCWMssOS::Commit changes completed.
TRACE::2025-06-06.22:15:08::SCWPlatform::Trying to open the hw design at D:/proyectosep2/IEE2463-SEP-Proyecto-2-Z8/input_reader/vitis/input_reader_plt/hw/DEMO_wrapper.xsa
TRACE::2025-06-06.22:15:08::SCWPlatform::DSA given D:/proyectosep2/IEE2463-SEP-Proyecto-2-Z8/input_reader/vitis/input_reader_plt/hw/DEMO_wrapper.xsa
TRACE::2025-06-06.22:15:08::SCWPlatform::DSA absoulate path D:/proyectosep2/IEE2463-SEP-Proyecto-2-Z8/input_reader/vitis/input_reader_plt/hw/DEMO_wrapper.xsa
TRACE::2025-06-06.22:15:08::SCWPlatform::DSA directory D:/proyectosep2/IEE2463-SEP-Proyecto-2-Z8/input_reader/vitis/input_reader_plt/hw
TRACE::2025-06-06.22:15:08::SCWPlatform:: Platform Path D:/proyectosep2/IEE2463-SEP-Proyecto-2-Z8/input_reader/vitis/input_reader_plt/hw/DEMO_wrapper.xsa
TRACE::2025-06-06.22:15:08::SCWPlatform:: Unique name xilinx:zybo-z7-10::0.0
TRACE::2025-06-06.22:15:08::SCWPlatform::Trying to set the existing hwdb with name DEMO_wrapper_1
TRACE::2025-06-06.22:15:08::SCWPlatform::Opened existing hwdb DEMO_wrapper_1
TRACE::2025-06-06.22:15:08::SCWPlatform::Found the Hw Db part of the input DSA
TRACE::2025-06-06.22:15:08::SCWMssOS::Checking the sw design at  D:/proyectosep2/IEE2463-SEP-Proyecto-2-Z8/input_reader/vitis/input_reader_plt/ps7_cortexa9_0/standalone_domain/bsp/system.mss
TRACE::2025-06-06.22:15:08::SCWMssOS::DEBUG:  swdes dump  D:/proyectosep2/IEE2463-SEP-Proyecto-2-Z8/input_reader/vitis/input_reader_plt/ps7_cortexa9_0/standalone_domain/bsp/system.mss|system_0||
D:/proyectosep2/IEE2463-SEP-Proyecto-2-Z8/input_reader/vitis/input_reader_plt/zynq_fsbl/zynq_fsbl_bsp/system.mss|system||

TRACE::2025-06-06.22:15:08::SCWMssOS::Sw design exists and opened at  D:/proyectosep2/IEE2463-SEP-Proyecto-2-Z8/input_reader/vitis/input_reader_plt/ps7_cortexa9_0/standalone_domain/bsp/system.mss
TRACE::2025-06-06.22:15:08::SCWMssOS::Removing the swdes entry for  D:/proyectosep2/IEE2463-SEP-Proyecto-2-Z8/input_reader/vitis/input_reader_plt/ps7_cortexa9_0/standalone_domain/bsp/system.mss
TRACE::2025-06-06.22:15:09::SCWPlatform::Trying to open the hw design at D:/proyectosep2/IEE2463-SEP-Proyecto-2-Z8/input_reader/vitis/input_reader_plt/hw/DEMO_wrapper.xsa
TRACE::2025-06-06.22:15:09::SCWPlatform::DSA given D:/proyectosep2/IEE2463-SEP-Proyecto-2-Z8/input_reader/vitis/input_reader_plt/hw/DEMO_wrapper.xsa
TRACE::2025-06-06.22:15:09::SCWPlatform::DSA absoulate path D:/proyectosep2/IEE2463-SEP-Proyecto-2-Z8/input_reader/vitis/input_reader_plt/hw/DEMO_wrapper.xsa
TRACE::2025-06-06.22:15:09::SCWPlatform::DSA directory D:/proyectosep2/IEE2463-SEP-Proyecto-2-Z8/input_reader/vitis/input_reader_plt/hw
TRACE::2025-06-06.22:15:09::SCWPlatform:: Platform Path D:/proyectosep2/IEE2463-SEP-Proyecto-2-Z8/input_reader/vitis/input_reader_plt/hw/DEMO_wrapper.xsa
TRACE::2025-06-06.22:15:09::SCWPlatform:: Unique name xilinx:zybo-z7-10::0.0
TRACE::2025-06-06.22:15:09::SCWPlatform::Trying to set the existing hwdb with name DEMO_wrapper_1
TRACE::2025-06-06.22:15:09::SCWPlatform::Opened existing hwdb DEMO_wrapper_1
TRACE::2025-06-06.22:15:09::SCWPlatform::Found the Hw Db part of the input DSA
TRACE::2025-06-06.22:15:09::SCWMssOS::Checking the sw design at  D:/proyectosep2/IEE2463-SEP-Proyecto-2-Z8/input_reader/vitis/input_reader_plt/ps7_cortexa9_0/standalone_domain/bsp/system.mss
TRACE::2025-06-06.22:15:09::SCWMssOS::DEBUG:  swdes dump  D:/proyectosep2/IEE2463-SEP-Proyecto-2-Z8/input_reader/vitis/input_reader_plt/zynq_fsbl/zynq_fsbl_bsp/system.mss|system||

TRACE::2025-06-06.22:15:09::SCWMssOS::No sw design opened at  D:/proyectosep2/IEE2463-SEP-Proyecto-2-Z8/input_reader/vitis/input_reader_plt/ps7_cortexa9_0/standalone_domain/bsp/system.mss
TRACE::2025-06-06.22:15:09::SCWMssOS::mss exists loading the mss file  D:/proyectosep2/IEE2463-SEP-Proyecto-2-Z8/input_reader/vitis/input_reader_plt/ps7_cortexa9_0/standalone_domain/bsp/system.mss
TRACE::2025-06-06.22:15:09::SCWMssOS::Opened the sw design from mss  D:/proyectosep2/IEE2463-SEP-Proyecto-2-Z8/input_reader/vitis/input_reader_plt/ps7_cortexa9_0/standalone_domain/bsp/system.mss
TRACE::2025-06-06.22:15:09::SCWMssOS::Adding the swdes entry D:/proyectosep2/IEE2463-SEP-Proyecto-2-Z8/input_reader/vitis/input_reader_plt/ps7_cortexa9_0/standalone_domain/bsp/system.mss with des name system_0
TRACE::2025-06-06.22:15:09::SCWMssOS::updating the scw layer about changes
TRACE::2025-06-06.22:15:09::SCWMssOS::Opened the sw design.  D:/proyectosep2/IEE2463-SEP-Proyecto-2-Z8/input_reader/vitis/input_reader_plt/ps7_cortexa9_0/standalone_domain/bsp/system.mss
TRACE::2025-06-06.22:15:25::SCWMssOS::In reload Mss file.
TRACE::2025-06-06.22:15:25::SCWPlatform::Trying to open the hw design at D:/proyectosep2/IEE2463-SEP-Proyecto-2-Z8/input_reader/vitis/input_reader_plt/hw/DEMO_wrapper.xsa
TRACE::2025-06-06.22:15:25::SCWPlatform::DSA given D:/proyectosep2/IEE2463-SEP-Proyecto-2-Z8/input_reader/vitis/input_reader_plt/hw/DEMO_wrapper.xsa
TRACE::2025-06-06.22:15:25::SCWPlatform::DSA absoulate path D:/proyectosep2/IEE2463-SEP-Proyecto-2-Z8/input_reader/vitis/input_reader_plt/hw/DEMO_wrapper.xsa
TRACE::2025-06-06.22:15:25::SCWPlatform::DSA directory D:/proyectosep2/IEE2463-SEP-Proyecto-2-Z8/input_reader/vitis/input_reader_plt/hw
TRACE::2025-06-06.22:15:25::SCWPlatform:: Platform Path D:/proyectosep2/IEE2463-SEP-Proyecto-2-Z8/input_reader/vitis/input_reader_plt/hw/DEMO_wrapper.xsa
TRACE::2025-06-06.22:15:25::SCWPlatform:: Unique name xilinx:zybo-z7-10::0.0
TRACE::2025-06-06.22:15:25::SCWPlatform::Trying to set the existing hwdb with name DEMO_wrapper_1
TRACE::2025-06-06.22:15:25::SCWPlatform::Opened existing hwdb DEMO_wrapper_1
TRACE::2025-06-06.22:15:25::SCWPlatform::Found the Hw Db part of the input DSA
TRACE::2025-06-06.22:15:25::SCWMssOS::Checking the sw design at  D:/proyectosep2/IEE2463-SEP-Proyecto-2-Z8/input_reader/vitis/input_reader_plt/ps7_cortexa9_0/standalone_domain/bsp/system.mss
TRACE::2025-06-06.22:15:25::SCWMssOS::DEBUG:  swdes dump  D:/proyectosep2/IEE2463-SEP-Proyecto-2-Z8/input_reader/vitis/input_reader_plt/ps7_cortexa9_0/standalone_domain/bsp/system.mss|system_0||
D:/proyectosep2/IEE2463-SEP-Proyecto-2-Z8/input_reader/vitis/input_reader_plt/zynq_fsbl/zynq_fsbl_bsp/system.mss|system||

KEYINFO::2025-06-06.22:15:25::SCWMssOS::Could not open the swdb for system_0
KEYINFO::2025-06-06.22:15:25::SCWMssOS::Could not open the sw design at  system_0
ERROR: [Hsi 55-1558] Software Design system_0 is not found

TRACE::2025-06-06.22:15:25::SCWMssOS::Cleared the swdb table entry
TRACE::2025-06-06.22:15:25::SCWMssOS::No sw design opened at  D:/proyectosep2/IEE2463-SEP-Proyecto-2-Z8/input_reader/vitis/input_reader_plt/ps7_cortexa9_0/standalone_domain/bsp/system.mss
TRACE::2025-06-06.22:15:25::SCWMssOS::mss exists loading the mss file  D:/proyectosep2/IEE2463-SEP-Proyecto-2-Z8/input_reader/vitis/input_reader_plt/ps7_cortexa9_0/standalone_domain/bsp/system.mss
TRACE::2025-06-06.22:15:25::SCWMssOS::Opened the sw design from mss  D:/proyectosep2/IEE2463-SEP-Proyecto-2-Z8/input_reader/vitis/input_reader_plt/ps7_cortexa9_0/standalone_domain/bsp/system.mss
TRACE::2025-06-06.22:15:25::SCWMssOS::Adding the swdes entry D:/proyectosep2/IEE2463-SEP-Proyecto-2-Z8/input_reader/vitis/input_reader_plt/ps7_cortexa9_0/standalone_domain/bsp/system.mss with des name system_0
TRACE::2025-06-06.22:15:25::SCWMssOS::updating the scw layer about changes
TRACE::2025-06-06.22:15:25::SCWMssOS::Opened the sw design.  D:/proyectosep2/IEE2463-SEP-Proyecto-2-Z8/input_reader/vitis/input_reader_plt/ps7_cortexa9_0/standalone_domain/bsp/system.mss
TRACE::2025-06-06.22:15:25::SCWMssOS::Saving the mss changes D:/proyectosep2/IEE2463-SEP-Proyecto-2-Z8/input_reader/vitis/input_reader_plt/ps7_cortexa9_0/standalone_domain/bsp/system.mss
TRACE::2025-06-06.22:15:25::SCWMssOS::Found a swdesign opened with the mssfile.
TRACE::2025-06-06.22:15:25::SCWMssOS::Completed writemss as part of save.
TRACE::2025-06-06.22:15:25::SCWMssOS::Commit changes completed.
TRACE::2025-06-06.22:15:25::SCWPlatform::Trying to open the hw design at D:/proyectosep2/IEE2463-SEP-Proyecto-2-Z8/input_reader/vitis/input_reader_plt/hw/DEMO_wrapper.xsa
TRACE::2025-06-06.22:15:25::SCWPlatform::DSA given D:/proyectosep2/IEE2463-SEP-Proyecto-2-Z8/input_reader/vitis/input_reader_plt/hw/DEMO_wrapper.xsa
TRACE::2025-06-06.22:15:25::SCWPlatform::DSA absoulate path D:/proyectosep2/IEE2463-SEP-Proyecto-2-Z8/input_reader/vitis/input_reader_plt/hw/DEMO_wrapper.xsa
TRACE::2025-06-06.22:15:25::SCWPlatform::DSA directory D:/proyectosep2/IEE2463-SEP-Proyecto-2-Z8/input_reader/vitis/input_reader_plt/hw
TRACE::2025-06-06.22:15:25::SCWPlatform:: Platform Path D:/proyectosep2/IEE2463-SEP-Proyecto-2-Z8/input_reader/vitis/input_reader_plt/hw/DEMO_wrapper.xsa
TRACE::2025-06-06.22:15:25::SCWPlatform:: Unique name xilinx:zybo-z7-10::0.0
TRACE::2025-06-06.22:15:25::SCWPlatform::Trying to set the existing hwdb with name DEMO_wrapper_1
TRACE::2025-06-06.22:15:25::SCWPlatform::Opened existing hwdb DEMO_wrapper_1
TRACE::2025-06-06.22:15:25::SCWPlatform::Found the Hw Db part of the input DSA
TRACE::2025-06-06.22:15:25::SCWMssOS::Checking the sw design at  D:/proyectosep2/IEE2463-SEP-Proyecto-2-Z8/input_reader/vitis/input_reader_plt/ps7_cortexa9_0/standalone_domain/bsp/system.mss
TRACE::2025-06-06.22:15:25::SCWMssOS::DEBUG:  swdes dump  D:/proyectosep2/IEE2463-SEP-Proyecto-2-Z8/input_reader/vitis/input_reader_plt/ps7_cortexa9_0/standalone_domain/bsp/system.mss|system_0||
D:/proyectosep2/IEE2463-SEP-Proyecto-2-Z8/input_reader/vitis/input_reader_plt/zynq_fsbl/zynq_fsbl_bsp/system.mss|system||

TRACE::2025-06-06.22:15:25::SCWMssOS::Sw design exists and opened at  D:/proyectosep2/IEE2463-SEP-Proyecto-2-Z8/input_reader/vitis/input_reader_plt/ps7_cortexa9_0/standalone_domain/bsp/system.mss
TRACE::2025-06-06.22:15:25::SCWMssOS::Removing the swdes entry for  D:/proyectosep2/IEE2463-SEP-Proyecto-2-Z8/input_reader/vitis/input_reader_plt/ps7_cortexa9_0/standalone_domain/bsp/system.mss
TRACE::2025-06-12.20:49:30::SCWPlatform::Trying to open the hw design at D:/proyectosep2/IEE2463-SEP-Proyecto-2-Z8/input_reader/vitis/input_reader_plt/hw/DEMO_wrapper.xsa
TRACE::2025-06-12.20:49:30::SCWPlatform::DSA given D:/proyectosep2/IEE2463-SEP-Proyecto-2-Z8/input_reader/vitis/input_reader_plt/hw/DEMO_wrapper.xsa
TRACE::2025-06-12.20:49:30::SCWPlatform::DSA absoulate path D:/proyectosep2/IEE2463-SEP-Proyecto-2-Z8/input_reader/vitis/input_reader_plt/hw/DEMO_wrapper.xsa
TRACE::2025-06-12.20:49:30::SCWPlatform::DSA directory D:/proyectosep2/IEE2463-SEP-Proyecto-2-Z8/input_reader/vitis/input_reader_plt/hw
TRACE::2025-06-12.20:49:30::SCWPlatform:: Platform Path D:/proyectosep2/IEE2463-SEP-Proyecto-2-Z8/input_reader/vitis/input_reader_plt/hw/DEMO_wrapper.xsa
TRACE::2025-06-12.20:49:30::SCWPlatform:: Unique name xilinx:zybo-z7-10::0.0
TRACE::2025-06-12.20:49:30::SCWPlatform::Do not have an existing db opened. 
TRACE::2025-06-12.20:49:31::SCWPlatform::Opened new HwDB with name DEMO_wrapper_16
TRACE::2025-06-12.20:49:31::SCWReader::Active system found as  input_reader_plt
TRACE::2025-06-12.20:49:31::SCWReader::Handling sysconfig input_reader_plt
TRACE::2025-06-12.20:49:31::SCWDomain::checking for install qemu data   : 
TRACE::2025-06-12.20:49:31::SCWDomain:: Using the QEMU Data from install at  : D:/Xilinx/Vitis/2020.1/data/emulation/platforms/zynq/qemu/
TRACE::2025-06-12.20:49:31::SCWDomain:: Using the QEMU args  from install at  : D:/Xilinx/Vitis/2020.1/data/emulation/platforms/zynq/qemu/qemu_args.txt
TRACE::2025-06-12.20:49:31::SCWPlatform::Trying to open the hw design at D:/proyectosep2/IEE2463-SEP-Proyecto-2-Z8/input_reader/vitis/input_reader_plt/hw/DEMO_wrapper.xsa
TRACE::2025-06-12.20:49:31::SCWPlatform::DSA given D:/proyectosep2/IEE2463-SEP-Proyecto-2-Z8/input_reader/vitis/input_reader_plt/hw/DEMO_wrapper.xsa
TRACE::2025-06-12.20:49:31::SCWPlatform::DSA absoulate path D:/proyectosep2/IEE2463-SEP-Proyecto-2-Z8/input_reader/vitis/input_reader_plt/hw/DEMO_wrapper.xsa
TRACE::2025-06-12.20:49:31::SCWPlatform::DSA directory D:/proyectosep2/IEE2463-SEP-Proyecto-2-Z8/input_reader/vitis/input_reader_plt/hw
TRACE::2025-06-12.20:49:31::SCWPlatform:: Platform Path D:/proyectosep2/IEE2463-SEP-Proyecto-2-Z8/input_reader/vitis/input_reader_plt/hw/DEMO_wrapper.xsa
TRACE::2025-06-12.20:49:31::SCWPlatform:: Unique name xilinx:zybo-z7-10::0.0
TRACE::2025-06-12.20:49:31::SCWPlatform::Trying to set the existing hwdb with name DEMO_wrapper_16
TRACE::2025-06-12.20:49:31::SCWPlatform::Opened existing hwdb DEMO_wrapper_16
TRACE::2025-06-12.20:49:31::SCWPlatform::Found the Hw Db part of the input DSA
TRACE::2025-06-12.20:49:31::SCWPlatform::Trying to open the hw design at D:/proyectosep2/IEE2463-SEP-Proyecto-2-Z8/input_reader/vitis/input_reader_plt/hw/DEMO_wrapper.xsa
TRACE::2025-06-12.20:49:31::SCWPlatform::DSA given D:/proyectosep2/IEE2463-SEP-Proyecto-2-Z8/input_reader/vitis/input_reader_plt/hw/DEMO_wrapper.xsa
TRACE::2025-06-12.20:49:31::SCWPlatform::DSA absoulate path D:/proyectosep2/IEE2463-SEP-Proyecto-2-Z8/input_reader/vitis/input_reader_plt/hw/DEMO_wrapper.xsa
TRACE::2025-06-12.20:49:31::SCWPlatform::DSA directory D:/proyectosep2/IEE2463-SEP-Proyecto-2-Z8/input_reader/vitis/input_reader_plt/hw
TRACE::2025-06-12.20:49:31::SCWPlatform:: Platform Path D:/proyectosep2/IEE2463-SEP-Proyecto-2-Z8/input_reader/vitis/input_reader_plt/hw/DEMO_wrapper.xsa
TRACE::2025-06-12.20:49:31::SCWPlatform:: Unique name xilinx:zybo-z7-10::0.0
TRACE::2025-06-12.20:49:31::SCWPlatform::Trying to set the existing hwdb with name DEMO_wrapper_16
TRACE::2025-06-12.20:49:31::SCWPlatform::Opened existing hwdb DEMO_wrapper_16
TRACE::2025-06-12.20:49:31::SCWPlatform::Found the Hw Db part of the input DSA
TRACE::2025-06-12.20:49:31::SCWPlatform::Trying to open the hw design at D:/proyectosep2/IEE2463-SEP-Proyecto-2-Z8/input_reader/vitis/input_reader_plt/hw/DEMO_wrapper.xsa
TRACE::2025-06-12.20:49:31::SCWPlatform::DSA given D:/proyectosep2/IEE2463-SEP-Proyecto-2-Z8/input_reader/vitis/input_reader_plt/hw/DEMO_wrapper.xsa
TRACE::2025-06-12.20:49:31::SCWPlatform::DSA absoulate path D:/proyectosep2/IEE2463-SEP-Proyecto-2-Z8/input_reader/vitis/input_reader_plt/hw/DEMO_wrapper.xsa
TRACE::2025-06-12.20:49:31::SCWPlatform::DSA directory D:/proyectosep2/IEE2463-SEP-Proyecto-2-Z8/input_reader/vitis/input_reader_plt/hw
TRACE::2025-06-12.20:49:31::SCWPlatform:: Platform Path D:/proyectosep2/IEE2463-SEP-Proyecto-2-Z8/input_reader/vitis/input_reader_plt/hw/DEMO_wrapper.xsa
TRACE::2025-06-12.20:49:31::SCWPlatform:: Unique name xilinx:zybo-z7-10::0.0
TRACE::2025-06-12.20:49:31::SCWPlatform::Trying to set the existing hwdb with name DEMO_wrapper_16
TRACE::2025-06-12.20:49:31::SCWPlatform::Opened existing hwdb DEMO_wrapper_16
TRACE::2025-06-12.20:49:31::SCWPlatform::Found the Hw Db part of the input DSA
TRACE::2025-06-12.20:49:31::SCWReader::Boot application domain added for zynq_fsbl
TRACE::2025-06-12.20:49:31::SCWPlatform::Trying to open the hw design at D:/proyectosep2/IEE2463-SEP-Proyecto-2-Z8/input_reader/vitis/input_reader_plt/hw/DEMO_wrapper.xsa
TRACE::2025-06-12.20:49:31::SCWPlatform::DSA given D:/proyectosep2/IEE2463-SEP-Proyecto-2-Z8/input_reader/vitis/input_reader_plt/hw/DEMO_wrapper.xsa
TRACE::2025-06-12.20:49:31::SCWPlatform::DSA absoulate path D:/proyectosep2/IEE2463-SEP-Proyecto-2-Z8/input_reader/vitis/input_reader_plt/hw/DEMO_wrapper.xsa
TRACE::2025-06-12.20:49:31::SCWPlatform::DSA directory D:/proyectosep2/IEE2463-SEP-Proyecto-2-Z8/input_reader/vitis/input_reader_plt/hw
TRACE::2025-06-12.20:49:31::SCWPlatform:: Platform Path D:/proyectosep2/IEE2463-SEP-Proyecto-2-Z8/input_reader/vitis/input_reader_plt/hw/DEMO_wrapper.xsa
TRACE::2025-06-12.20:49:31::SCWPlatform:: Unique name xilinx:zybo-z7-10::0.0
TRACE::2025-06-12.20:49:31::SCWPlatform::Trying to set the existing hwdb with name DEMO_wrapper_16
TRACE::2025-06-12.20:49:31::SCWPlatform::Opened existing hwdb DEMO_wrapper_16
TRACE::2025-06-12.20:49:31::SCWPlatform::Found the Hw Db part of the input DSA
TRACE::2025-06-12.20:49:31::SCWMssOS::Checking the sw design at  D:/proyectosep2/IEE2463-SEP-Proyecto-2-Z8/input_reader/vitis/input_reader_plt/zynq_fsbl/zynq_fsbl_bsp/system.mss
TRACE::2025-06-12.20:49:31::SCWMssOS::DEBUG:  swdes dump  
TRACE::2025-06-12.20:49:31::SCWMssOS::No sw design opened at  D:/proyectosep2/IEE2463-SEP-Proyecto-2-Z8/input_reader/vitis/input_reader_plt/zynq_fsbl/zynq_fsbl_bsp/system.mss
TRACE::2025-06-12.20:49:31::SCWMssOS::mss exists loading the mss file  D:/proyectosep2/IEE2463-SEP-Proyecto-2-Z8/input_reader/vitis/input_reader_plt/zynq_fsbl/zynq_fsbl_bsp/system.mss
TRACE::2025-06-12.20:49:31::SCWMssOS::Opened the sw design from mss  D:/proyectosep2/IEE2463-SEP-Proyecto-2-Z8/input_reader/vitis/input_reader_plt/zynq_fsbl/zynq_fsbl_bsp/system.mss
TRACE::2025-06-12.20:49:31::SCWMssOS::Adding the swdes entry D:/proyectosep2/IEE2463-SEP-Proyecto-2-Z8/input_reader/vitis/input_reader_plt/zynq_fsbl/zynq_fsbl_bsp/system.mss with des name system
TRACE::2025-06-12.20:49:31::SCWMssOS::updating the scw layer about changes
TRACE::2025-06-12.20:49:31::SCWMssOS::Opened the sw design.  D:/proyectosep2/IEE2463-SEP-Proyecto-2-Z8/input_reader/vitis/input_reader_plt/zynq_fsbl/zynq_fsbl_bsp/system.mss
TRACE::2025-06-12.20:49:31::SCWPlatform::Trying to open the hw design at D:/proyectosep2/IEE2463-SEP-Proyecto-2-Z8/input_reader/vitis/input_reader_plt/hw/DEMO_wrapper.xsa
TRACE::2025-06-12.20:49:31::SCWPlatform::DSA given D:/proyectosep2/IEE2463-SEP-Proyecto-2-Z8/input_reader/vitis/input_reader_plt/hw/DEMO_wrapper.xsa
TRACE::2025-06-12.20:49:31::SCWPlatform::DSA absoulate path D:/proyectosep2/IEE2463-SEP-Proyecto-2-Z8/input_reader/vitis/input_reader_plt/hw/DEMO_wrapper.xsa
TRACE::2025-06-12.20:49:31::SCWPlatform::DSA directory D:/proyectosep2/IEE2463-SEP-Proyecto-2-Z8/input_reader/vitis/input_reader_plt/hw
TRACE::2025-06-12.20:49:31::SCWPlatform:: Platform Path D:/proyectosep2/IEE2463-SEP-Proyecto-2-Z8/input_reader/vitis/input_reader_plt/hw/DEMO_wrapper.xsa
TRACE::2025-06-12.20:49:31::SCWPlatform:: Unique name xilinx:zybo-z7-10::0.0
TRACE::2025-06-12.20:49:31::SCWPlatform::Trying to set the existing hwdb with name DEMO_wrapper_16
TRACE::2025-06-12.20:49:31::SCWPlatform::Opened existing hwdb DEMO_wrapper_16
TRACE::2025-06-12.20:49:31::SCWPlatform::Found the Hw Db part of the input DSA
TRACE::2025-06-12.20:49:31::SCWMssOS::Checking the sw design at  D:/proyectosep2/IEE2463-SEP-Proyecto-2-Z8/input_reader/vitis/input_reader_plt/zynq_fsbl/zynq_fsbl_bsp/system.mss
TRACE::2025-06-12.20:49:31::SCWMssOS::DEBUG:  swdes dump  D:/proyectosep2/IEE2463-SEP-Proyecto-2-Z8/input_reader/vitis/input_reader_plt/zynq_fsbl/zynq_fsbl_bsp/system.mss|system||

TRACE::2025-06-12.20:49:31::SCWMssOS::Sw design exists and opened at  D:/proyectosep2/IEE2463-SEP-Proyecto-2-Z8/input_reader/vitis/input_reader_plt/zynq_fsbl/zynq_fsbl_bsp/system.mss
TRACE::2025-06-12.20:49:31::SCWMssOS:: library already available in sw design:  xilffs:4.3
TRACE::2025-06-12.20:49:31::SCWPlatform::Trying to open the hw design at D:/proyectosep2/IEE2463-SEP-Proyecto-2-Z8/input_reader/vitis/input_reader_plt/hw/DEMO_wrapper.xsa
TRACE::2025-06-12.20:49:31::SCWPlatform::DSA given D:/proyectosep2/IEE2463-SEP-Proyecto-2-Z8/input_reader/vitis/input_reader_plt/hw/DEMO_wrapper.xsa
TRACE::2025-06-12.20:49:31::SCWPlatform::DSA absoulate path D:/proyectosep2/IEE2463-SEP-Proyecto-2-Z8/input_reader/vitis/input_reader_plt/hw/DEMO_wrapper.xsa
TRACE::2025-06-12.20:49:31::SCWPlatform::DSA directory D:/proyectosep2/IEE2463-SEP-Proyecto-2-Z8/input_reader/vitis/input_reader_plt/hw
TRACE::2025-06-12.20:49:31::SCWPlatform:: Platform Path D:/proyectosep2/IEE2463-SEP-Proyecto-2-Z8/input_reader/vitis/input_reader_plt/hw/DEMO_wrapper.xsa
TRACE::2025-06-12.20:49:31::SCWPlatform:: Unique name xilinx:zybo-z7-10::0.0
TRACE::2025-06-12.20:49:31::SCWPlatform::Trying to set the existing hwdb with name DEMO_wrapper_16
TRACE::2025-06-12.20:49:31::SCWPlatform::Opened existing hwdb DEMO_wrapper_16
TRACE::2025-06-12.20:49:31::SCWPlatform::Found the Hw Db part of the input DSA
TRACE::2025-06-12.20:49:31::SCWMssOS::Checking the sw design at  D:/proyectosep2/IEE2463-SEP-Proyecto-2-Z8/input_reader/vitis/input_reader_plt/zynq_fsbl/zynq_fsbl_bsp/system.mss
TRACE::2025-06-12.20:49:31::SCWMssOS::DEBUG:  swdes dump  D:/proyectosep2/IEE2463-SEP-Proyecto-2-Z8/input_reader/vitis/input_reader_plt/zynq_fsbl/zynq_fsbl_bsp/system.mss|system||

TRACE::2025-06-12.20:49:31::SCWMssOS::Sw design exists and opened at  D:/proyectosep2/IEE2463-SEP-Proyecto-2-Z8/input_reader/vitis/input_reader_plt/zynq_fsbl/zynq_fsbl_bsp/system.mss
TRACE::2025-06-12.20:49:31::SCWMssOS:: library already available in sw design:  xilrsa:1.6
TRACE::2025-06-12.20:49:31::SCWMssOS::Saving the mss changes D:/proyectosep2/IEE2463-SEP-Proyecto-2-Z8/input_reader/vitis/input_reader_plt/zynq_fsbl/zynq_fsbl_bsp/system.mss
TRACE::2025-06-12.20:49:31::SCWMssOS::Found a swdesign opened with the mssfile.
TRACE::2025-06-12.20:49:31::SCWMssOS::Completed writemss as part of save.
TRACE::2025-06-12.20:49:31::SCWMssOS::Commit changes completed.
TRACE::2025-06-12.20:49:31::SCWReader::Adding prebuilt librarypaths as   
TRACE::2025-06-12.20:49:31::SCWReader::Adding prebuilt incpaths  as   
TRACE::2025-06-12.20:49:31::SCWPlatform::Trying to open the hw design at D:/proyectosep2/IEE2463-SEP-Proyecto-2-Z8/input_reader/vitis/input_reader_plt/hw/DEMO_wrapper.xsa
TRACE::2025-06-12.20:49:31::SCWPlatform::DSA given D:/proyectosep2/IEE2463-SEP-Proyecto-2-Z8/input_reader/vitis/input_reader_plt/hw/DEMO_wrapper.xsa
TRACE::2025-06-12.20:49:31::SCWPlatform::DSA absoulate path D:/proyectosep2/IEE2463-SEP-Proyecto-2-Z8/input_reader/vitis/input_reader_plt/hw/DEMO_wrapper.xsa
TRACE::2025-06-12.20:49:31::SCWPlatform::DSA directory D:/proyectosep2/IEE2463-SEP-Proyecto-2-Z8/input_reader/vitis/input_reader_plt/hw
TRACE::2025-06-12.20:49:31::SCWPlatform:: Platform Path D:/proyectosep2/IEE2463-SEP-Proyecto-2-Z8/input_reader/vitis/input_reader_plt/hw/DEMO_wrapper.xsa
TRACE::2025-06-12.20:49:31::SCWPlatform:: Unique name xilinx:zybo-z7-10::0.0
TRACE::2025-06-12.20:49:31::SCWPlatform::Trying to set the existing hwdb with name DEMO_wrapper_16
TRACE::2025-06-12.20:49:31::SCWPlatform::Opened existing hwdb DEMO_wrapper_16
TRACE::2025-06-12.20:49:31::SCWPlatform::Found the Hw Db part of the input DSA
TRACE::2025-06-12.20:49:31::SCWMssOS::Checking the sw design at  D:/proyectosep2/IEE2463-SEP-Proyecto-2-Z8/input_reader/vitis/input_reader_plt/zynq_fsbl/zynq_fsbl_bsp/system.mss
TRACE::2025-06-12.20:49:31::SCWMssOS::DEBUG:  swdes dump  D:/proyectosep2/IEE2463-SEP-Proyecto-2-Z8/input_reader/vitis/input_reader_plt/zynq_fsbl/zynq_fsbl_bsp/system.mss|system||

TRACE::2025-06-12.20:49:31::SCWMssOS::Sw design exists and opened at  D:/proyectosep2/IEE2463-SEP-Proyecto-2-Z8/input_reader/vitis/input_reader_plt/zynq_fsbl/zynq_fsbl_bsp/system.mss
TRACE::2025-06-12.20:49:31::SCWReader::No isolation master present  
TRACE::2025-06-12.20:49:31::SCWDomain::checking for install qemu data   : 
TRACE::2025-06-12.20:49:31::SCWDomain:: Using the QEMU Data from install at  : D:/Xilinx/Vitis/2020.1/data/emulation/platforms/zynq/qemu/
TRACE::2025-06-12.20:49:31::SCWDomain:: Using the QEMU args  from install at  : D:/Xilinx/Vitis/2020.1/data/emulation/platforms/zynq/qemu/qemu_args.txt
TRACE::2025-06-12.20:49:31::SCWPlatform::Trying to open the hw design at D:/proyectosep2/IEE2463-SEP-Proyecto-2-Z8/input_reader/vitis/input_reader_plt/hw/DEMO_wrapper.xsa
TRACE::2025-06-12.20:49:31::SCWPlatform::DSA given D:/proyectosep2/IEE2463-SEP-Proyecto-2-Z8/input_reader/vitis/input_reader_plt/hw/DEMO_wrapper.xsa
TRACE::2025-06-12.20:49:31::SCWPlatform::DSA absoulate path D:/proyectosep2/IEE2463-SEP-Proyecto-2-Z8/input_reader/vitis/input_reader_plt/hw/DEMO_wrapper.xsa
TRACE::2025-06-12.20:49:31::SCWPlatform::DSA directory D:/proyectosep2/IEE2463-SEP-Proyecto-2-Z8/input_reader/vitis/input_reader_plt/hw
TRACE::2025-06-12.20:49:31::SCWPlatform:: Platform Path D:/proyectosep2/IEE2463-SEP-Proyecto-2-Z8/input_reader/vitis/input_reader_plt/hw/DEMO_wrapper.xsa
TRACE::2025-06-12.20:49:31::SCWPlatform:: Unique name xilinx:zybo-z7-10::0.0
TRACE::2025-06-12.20:49:31::SCWPlatform::Trying to set the existing hwdb with name DEMO_wrapper_16
TRACE::2025-06-12.20:49:31::SCWPlatform::Opened existing hwdb DEMO_wrapper_16
TRACE::2025-06-12.20:49:31::SCWPlatform::Found the Hw Db part of the input DSA
TRACE::2025-06-12.20:49:31::SCWPlatform::Trying to open the hw design at D:/proyectosep2/IEE2463-SEP-Proyecto-2-Z8/input_reader/vitis/input_reader_plt/hw/DEMO_wrapper.xsa
TRACE::2025-06-12.20:49:31::SCWPlatform::DSA given D:/proyectosep2/IEE2463-SEP-Proyecto-2-Z8/input_reader/vitis/input_reader_plt/hw/DEMO_wrapper.xsa
TRACE::2025-06-12.20:49:31::SCWPlatform::DSA absoulate path D:/proyectosep2/IEE2463-SEP-Proyecto-2-Z8/input_reader/vitis/input_reader_plt/hw/DEMO_wrapper.xsa
TRACE::2025-06-12.20:49:31::SCWPlatform::DSA directory D:/proyectosep2/IEE2463-SEP-Proyecto-2-Z8/input_reader/vitis/input_reader_plt/hw
TRACE::2025-06-12.20:49:31::SCWPlatform:: Platform Path D:/proyectosep2/IEE2463-SEP-Proyecto-2-Z8/input_reader/vitis/input_reader_plt/hw/DEMO_wrapper.xsa
TRACE::2025-06-12.20:49:31::SCWPlatform:: Unique name xilinx:zybo-z7-10::0.0
TRACE::2025-06-12.20:49:31::SCWPlatform::Trying to set the existing hwdb with name DEMO_wrapper_16
TRACE::2025-06-12.20:49:31::SCWPlatform::Opened existing hwdb DEMO_wrapper_16
TRACE::2025-06-12.20:49:31::SCWPlatform::Found the Hw Db part of the input DSA
TRACE::2025-06-12.20:49:31::SCWPlatform::Trying to open the hw design at D:/proyectosep2/IEE2463-SEP-Proyecto-2-Z8/input_reader/vitis/input_reader_plt/hw/DEMO_wrapper.xsa
TRACE::2025-06-12.20:49:31::SCWPlatform::DSA given D:/proyectosep2/IEE2463-SEP-Proyecto-2-Z8/input_reader/vitis/input_reader_plt/hw/DEMO_wrapper.xsa
TRACE::2025-06-12.20:49:31::SCWPlatform::DSA absoulate path D:/proyectosep2/IEE2463-SEP-Proyecto-2-Z8/input_reader/vitis/input_reader_plt/hw/DEMO_wrapper.xsa
TRACE::2025-06-12.20:49:31::SCWPlatform::DSA directory D:/proyectosep2/IEE2463-SEP-Proyecto-2-Z8/input_reader/vitis/input_reader_plt/hw
TRACE::2025-06-12.20:49:31::SCWPlatform:: Platform Path D:/proyectosep2/IEE2463-SEP-Proyecto-2-Z8/input_reader/vitis/input_reader_plt/hw/DEMO_wrapper.xsa
TRACE::2025-06-12.20:49:31::SCWPlatform:: Unique name xilinx:zybo-z7-10::0.0
TRACE::2025-06-12.20:49:31::SCWPlatform::Trying to set the existing hwdb with name DEMO_wrapper_16
TRACE::2025-06-12.20:49:31::SCWPlatform::Opened existing hwdb DEMO_wrapper_16
TRACE::2025-06-12.20:49:31::SCWPlatform::Found the Hw Db part of the input DSA
TRACE::2025-06-12.20:49:31::SCWMssOS::Checking the sw design at  D:/proyectosep2/IEE2463-SEP-Proyecto-2-Z8/input_reader/vitis/input_reader_plt/ps7_cortexa9_0/standalone_domain/bsp/system.mss
TRACE::2025-06-12.20:49:31::SCWMssOS::DEBUG:  swdes dump  D:/proyectosep2/IEE2463-SEP-Proyecto-2-Z8/input_reader/vitis/input_reader_plt/zynq_fsbl/zynq_fsbl_bsp/system.mss|system||

TRACE::2025-06-12.20:49:31::SCWMssOS::No sw design opened at  D:/proyectosep2/IEE2463-SEP-Proyecto-2-Z8/input_reader/vitis/input_reader_plt/ps7_cortexa9_0/standalone_domain/bsp/system.mss
TRACE::2025-06-12.20:49:31::SCWMssOS::mss exists loading the mss file  D:/proyectosep2/IEE2463-SEP-Proyecto-2-Z8/input_reader/vitis/input_reader_plt/ps7_cortexa9_0/standalone_domain/bsp/system.mss
TRACE::2025-06-12.20:49:31::SCWMssOS::Opened the sw design from mss  D:/proyectosep2/IEE2463-SEP-Proyecto-2-Z8/input_reader/vitis/input_reader_plt/ps7_cortexa9_0/standalone_domain/bsp/system.mss
TRACE::2025-06-12.20:49:31::SCWMssOS::Adding the swdes entry D:/proyectosep2/IEE2463-SEP-Proyecto-2-Z8/input_reader/vitis/input_reader_plt/ps7_cortexa9_0/standalone_domain/bsp/system.mss with des name system_0
TRACE::2025-06-12.20:49:31::SCWMssOS::updating the scw layer about changes
TRACE::2025-06-12.20:49:31::SCWMssOS::Opened the sw design.  D:/proyectosep2/IEE2463-SEP-Proyecto-2-Z8/input_reader/vitis/input_reader_plt/ps7_cortexa9_0/standalone_domain/bsp/system.mss
TRACE::2025-06-12.20:49:31::SCWMssOS::Saving the mss changes D:/proyectosep2/IEE2463-SEP-Proyecto-2-Z8/input_reader/vitis/input_reader_plt/ps7_cortexa9_0/standalone_domain/bsp/system.mss
TRACE::2025-06-12.20:49:31::SCWMssOS::Found a swdesign opened with the mssfile.
TRACE::2025-06-12.20:49:31::SCWMssOS::Completed writemss as part of save.
TRACE::2025-06-12.20:49:31::SCWMssOS::Commit changes completed.
TRACE::2025-06-12.20:49:31::SCWReader::Adding prebuilt librarypaths as   
TRACE::2025-06-12.20:49:31::SCWReader::Adding prebuilt incpaths  as   
TRACE::2025-06-12.20:49:31::SCWPlatform::Trying to open the hw design at D:/proyectosep2/IEE2463-SEP-Proyecto-2-Z8/input_reader/vitis/input_reader_plt/hw/DEMO_wrapper.xsa
TRACE::2025-06-12.20:49:31::SCWPlatform::DSA given D:/proyectosep2/IEE2463-SEP-Proyecto-2-Z8/input_reader/vitis/input_reader_plt/hw/DEMO_wrapper.xsa
TRACE::2025-06-12.20:49:31::SCWPlatform::DSA absoulate path D:/proyectosep2/IEE2463-SEP-Proyecto-2-Z8/input_reader/vitis/input_reader_plt/hw/DEMO_wrapper.xsa
TRACE::2025-06-12.20:49:31::SCWPlatform::DSA directory D:/proyectosep2/IEE2463-SEP-Proyecto-2-Z8/input_reader/vitis/input_reader_plt/hw
TRACE::2025-06-12.20:49:31::SCWPlatform:: Platform Path D:/proyectosep2/IEE2463-SEP-Proyecto-2-Z8/input_reader/vitis/input_reader_plt/hw/DEMO_wrapper.xsa
TRACE::2025-06-12.20:49:31::SCWPlatform:: Unique name xilinx:zybo-z7-10::0.0
TRACE::2025-06-12.20:49:31::SCWPlatform::Trying to set the existing hwdb with name DEMO_wrapper_16
TRACE::2025-06-12.20:49:31::SCWPlatform::Opened existing hwdb DEMO_wrapper_16
TRACE::2025-06-12.20:49:31::SCWPlatform::Found the Hw Db part of the input DSA
TRACE::2025-06-12.20:49:31::SCWMssOS::Checking the sw design at  D:/proyectosep2/IEE2463-SEP-Proyecto-2-Z8/input_reader/vitis/input_reader_plt/ps7_cortexa9_0/standalone_domain/bsp/system.mss
TRACE::2025-06-12.20:49:31::SCWMssOS::DEBUG:  swdes dump  D:/proyectosep2/IEE2463-SEP-Proyecto-2-Z8/input_reader/vitis/input_reader_plt/ps7_cortexa9_0/standalone_domain/bsp/system.mss|system_0||
D:/proyectosep2/IEE2463-SEP-Proyecto-2-Z8/input_reader/vitis/input_reader_plt/zynq_fsbl/zynq_fsbl_bsp/system.mss|system||

TRACE::2025-06-12.20:49:31::SCWMssOS::Sw design exists and opened at  D:/proyectosep2/IEE2463-SEP-Proyecto-2-Z8/input_reader/vitis/input_reader_plt/ps7_cortexa9_0/standalone_domain/bsp/system.mss
TRACE::2025-06-12.20:49:31::SCWReader::No isolation master present  
TRACE::2025-06-12.20:49:35::SCWPlatform::Trying to open the hw design at D:/proyectosep2/IEE2463-SEP-Proyecto-2-Z8/input_reader/vitis/input_reader_plt/hw/DEMO_wrapper.xsa
TRACE::2025-06-12.20:49:35::SCWPlatform::DSA given D:/proyectosep2/IEE2463-SEP-Proyecto-2-Z8/input_reader/vitis/input_reader_plt/hw/DEMO_wrapper.xsa
TRACE::2025-06-12.20:49:35::SCWPlatform::DSA absoulate path D:/proyectosep2/IEE2463-SEP-Proyecto-2-Z8/input_reader/vitis/input_reader_plt/hw/DEMO_wrapper.xsa
TRACE::2025-06-12.20:49:35::SCWPlatform::DSA directory D:/proyectosep2/IEE2463-SEP-Proyecto-2-Z8/input_reader/vitis/input_reader_plt/hw
TRACE::2025-06-12.20:49:35::SCWPlatform:: Platform Path D:/proyectosep2/IEE2463-SEP-Proyecto-2-Z8/input_reader/vitis/input_reader_plt/hw/DEMO_wrapper.xsa
TRACE::2025-06-12.20:49:35::SCWPlatform:: Unique name xilinx:zybo-z7-10::0.0
TRACE::2025-06-12.20:49:35::SCWPlatform::Trying to set the existing hwdb with name DEMO_wrapper_16
TRACE::2025-06-12.20:49:35::SCWPlatform::Opened existing hwdb DEMO_wrapper_16
TRACE::2025-06-12.20:49:35::SCWPlatform::Found the Hw Db part of the input DSA
TRACE::2025-06-12.20:49:35::SCWPlatform::DSA given D:/proyectosep2/IEE2463-SEP-Proyecto-2-Z8/input_reader/vitis/input_reader_plt/tempdsa/DEMO_wrapper.xsa
TRACE::2025-06-12.20:49:35::SCWPlatform::DSA absoulate path D:/proyectosep2/IEE2463-SEP-Proyecto-2-Z8/input_reader/vitis/input_reader_plt/tempdsa/DEMO_wrapper.xsa
TRACE::2025-06-12.20:49:35::SCWPlatform:: Platform location is D:/proyectosep2/IEE2463-SEP-Proyecto-2-Z8/input_reader/vitis/input_reader_plt/tempdsa
TRACE::2025-06-12.20:49:35::SCWPlatform:: Platform Path D:/proyectosep2/IEE2463-SEP-Proyecto-2-Z8/input_reader/vitis/input_reader_plt/tempdsa/DEMO_wrapper.xsa
TRACE::2025-06-12.20:49:35::SCWPlatform:: Unique name xilinx:zybo-z7-10::0.0
TRACE::2025-06-12.20:49:36::SCWPlatform::Found the Hw Db part of the input DSA
TRACE::2025-06-12.20:49:36::SCWMssOS::Doing hw sync for the mss in domain: zynq_fsbl
TRACE::2025-06-12.20:49:36::SCWPlatform::Trying to open the hw design at D:/proyectosep2/IEE2463-SEP-Proyecto-2-Z8/input_reader/vitis/input_reader_plt/hw/DEMO_wrapper.xsa
TRACE::2025-06-12.20:49:36::SCWPlatform::DSA given D:/proyectosep2/IEE2463-SEP-Proyecto-2-Z8/input_reader/vitis/input_reader_plt/hw/DEMO_wrapper.xsa
TRACE::2025-06-12.20:49:36::SCWPlatform::DSA absoulate path D:/proyectosep2/IEE2463-SEP-Proyecto-2-Z8/input_reader/vitis/input_reader_plt/hw/DEMO_wrapper.xsa
TRACE::2025-06-12.20:49:36::SCWPlatform::DSA directory D:/proyectosep2/IEE2463-SEP-Proyecto-2-Z8/input_reader/vitis/input_reader_plt/hw
TRACE::2025-06-12.20:49:37::SCWPlatform:: Platform Path D:/proyectosep2/IEE2463-SEP-Proyecto-2-Z8/input_reader/vitis/input_reader_plt/hw/DEMO_wrapper.xsa
TRACE::2025-06-12.20:49:37::SCWPlatform:: Unique name xilinx:zybo-z7-10::0.0
TRACE::2025-06-12.20:49:37::SCWPlatform::Trying to set the existing hwdb with name DEMO_wrapper_16
TRACE::2025-06-12.20:49:37::SCWPlatform::Opened existing hwdb DEMO_wrapper_16
TRACE::2025-06-12.20:49:37::SCWPlatform::Found the Hw Db part of the input DSA
TRACE::2025-06-12.20:49:37::SCWPlatform::Trying to open the hw design at D:/proyectosep2/IEE2463-SEP-Proyecto-2-Z8/input_reader/vitis/input_reader_plt/hw/DEMO_wrapper.xsa
TRACE::2025-06-12.20:49:37::SCWPlatform::DSA given D:/proyectosep2/IEE2463-SEP-Proyecto-2-Z8/input_reader/vitis/input_reader_plt/hw/DEMO_wrapper.xsa
TRACE::2025-06-12.20:49:37::SCWPlatform::DSA absoulate path D:/proyectosep2/IEE2463-SEP-Proyecto-2-Z8/input_reader/vitis/input_reader_plt/hw/DEMO_wrapper.xsa
TRACE::2025-06-12.20:49:37::SCWPlatform::DSA directory D:/proyectosep2/IEE2463-SEP-Proyecto-2-Z8/input_reader/vitis/input_reader_plt/hw
TRACE::2025-06-12.20:49:37::SCWPlatform:: Platform Path D:/proyectosep2/IEE2463-SEP-Proyecto-2-Z8/input_reader/vitis/input_reader_plt/hw/DEMO_wrapper.xsa
TRACE::2025-06-12.20:49:37::SCWPlatform:: Unique name xilinx:zybo-z7-10::0.0
TRACE::2025-06-12.20:49:37::SCWPlatform::Trying to set the existing hwdb with name DEMO_wrapper_16
TRACE::2025-06-12.20:49:37::SCWPlatform::Opened existing hwdb DEMO_wrapper_16
TRACE::2025-06-12.20:49:37::SCWPlatform::Found the Hw Db part of the input DSA
TRACE::2025-06-12.20:49:37::SCWMssOS::Checking the sw design at  D:/proyectosep2/IEE2463-SEP-Proyecto-2-Z8/input_reader/vitis/input_reader_plt/zynq_fsbl/zynq_fsbl_bsp/system.mss
TRACE::2025-06-12.20:49:37::SCWMssOS::DEBUG:  swdes dump  D:/proyectosep2/IEE2463-SEP-Proyecto-2-Z8/input_reader/vitis/input_reader_plt/ps7_cortexa9_0/standalone_domain/bsp/system.mss|system_0||
D:/proyectosep2/IEE2463-SEP-Proyecto-2-Z8/input_reader/vitis/input_reader_plt/zynq_fsbl/zynq_fsbl_bsp/system.mss|system||

TRACE::2025-06-12.20:49:37::SCWMssOS::Sw design exists and opened at  D:/proyectosep2/IEE2463-SEP-Proyecto-2-Z8/input_reader/vitis/input_reader_plt/zynq_fsbl/zynq_fsbl_bsp/system.mss
TRACE::2025-06-12.20:49:37::SCWPlatform::Trying to open the hw design at D:/proyectosep2/IEE2463-SEP-Proyecto-2-Z8/input_reader/vitis/input_reader_plt/tempdsa/DEMO_wrapper.xsa
TRACE::2025-06-12.20:49:37::SCWPlatform::DSA given D:/proyectosep2/IEE2463-SEP-Proyecto-2-Z8/input_reader/vitis/input_reader_plt/tempdsa/DEMO_wrapper.xsa
TRACE::2025-06-12.20:49:37::SCWPlatform::DSA absoulate path D:/proyectosep2/IEE2463-SEP-Proyecto-2-Z8/input_reader/vitis/input_reader_plt/tempdsa/DEMO_wrapper.xsa
TRACE::2025-06-12.20:49:37::SCWPlatform::DSA directory D:/proyectosep2/IEE2463-SEP-Proyecto-2-Z8/input_reader/vitis/input_reader_plt/tempdsa
TRACE::2025-06-12.20:49:37::SCWPlatform:: Platform Path D:/proyectosep2/IEE2463-SEP-Proyecto-2-Z8/input_reader/vitis/input_reader_plt/tempdsa/DEMO_wrapper.xsa
TRACE::2025-06-12.20:49:37::SCWPlatform:: Unique name xilinx:zybo-z7-10::0.0
TRACE::2025-06-12.20:49:37::SCWPlatform::update - Opened existing hwdb DEMO_wrapper_17
TRACE::2025-06-12.20:49:37::SCWPlatform::Found the Hw Db part of the input DSA
TRACE::2025-06-12.20:49:37::SCWMssOS::Doing hw sync for the mss in domain: standalone_domain
TRACE::2025-06-12.20:49:37::SCWPlatform::Trying to open the hw design at D:/proyectosep2/IEE2463-SEP-Proyecto-2-Z8/input_reader/vitis/input_reader_plt/hw/DEMO_wrapper.xsa
TRACE::2025-06-12.20:49:37::SCWPlatform::DSA given D:/proyectosep2/IEE2463-SEP-Proyecto-2-Z8/input_reader/vitis/input_reader_plt/hw/DEMO_wrapper.xsa
TRACE::2025-06-12.20:49:37::SCWPlatform::DSA absoulate path D:/proyectosep2/IEE2463-SEP-Proyecto-2-Z8/input_reader/vitis/input_reader_plt/hw/DEMO_wrapper.xsa
TRACE::2025-06-12.20:49:37::SCWPlatform::DSA directory D:/proyectosep2/IEE2463-SEP-Proyecto-2-Z8/input_reader/vitis/input_reader_plt/hw
TRACE::2025-06-12.20:49:37::SCWPlatform:: Platform Path D:/proyectosep2/IEE2463-SEP-Proyecto-2-Z8/input_reader/vitis/input_reader_plt/hw/DEMO_wrapper.xsa
TRACE::2025-06-12.20:49:37::SCWPlatform:: Unique name xilinx:zybo-z7-10::0.0
TRACE::2025-06-12.20:49:37::SCWPlatform::Trying to set the existing hwdb with name DEMO_wrapper_16
TRACE::2025-06-12.20:49:37::SCWPlatform::Opened existing hwdb DEMO_wrapper_16
TRACE::2025-06-12.20:49:37::SCWPlatform::Found the Hw Db part of the input DSA
TRACE::2025-06-12.20:49:37::SCWPlatform::Trying to open the hw design at D:/proyectosep2/IEE2463-SEP-Proyecto-2-Z8/input_reader/vitis/input_reader_plt/hw/DEMO_wrapper.xsa
TRACE::2025-06-12.20:49:37::SCWPlatform::DSA given D:/proyectosep2/IEE2463-SEP-Proyecto-2-Z8/input_reader/vitis/input_reader_plt/hw/DEMO_wrapper.xsa
TRACE::2025-06-12.20:49:37::SCWPlatform::DSA absoulate path D:/proyectosep2/IEE2463-SEP-Proyecto-2-Z8/input_reader/vitis/input_reader_plt/hw/DEMO_wrapper.xsa
TRACE::2025-06-12.20:49:37::SCWPlatform::DSA directory D:/proyectosep2/IEE2463-SEP-Proyecto-2-Z8/input_reader/vitis/input_reader_plt/hw
TRACE::2025-06-12.20:49:37::SCWPlatform:: Platform Path D:/proyectosep2/IEE2463-SEP-Proyecto-2-Z8/input_reader/vitis/input_reader_plt/hw/DEMO_wrapper.xsa
TRACE::2025-06-12.20:49:37::SCWPlatform:: Unique name xilinx:zybo-z7-10::0.0
TRACE::2025-06-12.20:49:37::SCWPlatform::Trying to set the existing hwdb with name DEMO_wrapper_16
TRACE::2025-06-12.20:49:37::SCWPlatform::Opened existing hwdb DEMO_wrapper_16
TRACE::2025-06-12.20:49:37::SCWPlatform::Found the Hw Db part of the input DSA
TRACE::2025-06-12.20:49:37::SCWMssOS::Checking the sw design at  D:/proyectosep2/IEE2463-SEP-Proyecto-2-Z8/input_reader/vitis/input_reader_plt/ps7_cortexa9_0/standalone_domain/bsp/system.mss
TRACE::2025-06-12.20:49:37::SCWMssOS::DEBUG:  swdes dump  D:/proyectosep2/IEE2463-SEP-Proyecto-2-Z8/input_reader/vitis/input_reader_plt/ps7_cortexa9_0/standalone_domain/bsp/system.mss|system_0||
D:/proyectosep2/IEE2463-SEP-Proyecto-2-Z8/input_reader/vitis/input_reader_plt/zynq_fsbl/zynq_fsbl_bsp/system.mss|system||

TRACE::2025-06-12.20:49:37::SCWMssOS::Sw design exists and opened at  D:/proyectosep2/IEE2463-SEP-Proyecto-2-Z8/input_reader/vitis/input_reader_plt/ps7_cortexa9_0/standalone_domain/bsp/system.mss
TRACE::2025-06-12.20:49:37::SCWPlatform::Trying to open the hw design at D:/proyectosep2/IEE2463-SEP-Proyecto-2-Z8/input_reader/vitis/input_reader_plt/tempdsa/DEMO_wrapper.xsa
TRACE::2025-06-12.20:49:37::SCWPlatform::DSA given D:/proyectosep2/IEE2463-SEP-Proyecto-2-Z8/input_reader/vitis/input_reader_plt/tempdsa/DEMO_wrapper.xsa
TRACE::2025-06-12.20:49:37::SCWPlatform::DSA absoulate path D:/proyectosep2/IEE2463-SEP-Proyecto-2-Z8/input_reader/vitis/input_reader_plt/tempdsa/DEMO_wrapper.xsa
TRACE::2025-06-12.20:49:37::SCWPlatform::DSA directory D:/proyectosep2/IEE2463-SEP-Proyecto-2-Z8/input_reader/vitis/input_reader_plt/tempdsa
TRACE::2025-06-12.20:49:37::SCWPlatform:: Platform Path D:/proyectosep2/IEE2463-SEP-Proyecto-2-Z8/input_reader/vitis/input_reader_plt/tempdsa/DEMO_wrapper.xsa
TRACE::2025-06-12.20:49:37::SCWPlatform:: Unique name xilinx:zybo-z7-10::0.0
TRACE::2025-06-12.20:49:37::SCWPlatform::update - Opened existing hwdb DEMO_wrapper_17
TRACE::2025-06-12.20:49:37::SCWPlatform::Found the Hw Db part of the input DSA
TRACE::2025-06-12.20:49:37::SCWMssOS::Saving the mss changes D:/proyectosep2/IEE2463-SEP-Proyecto-2-Z8/input_reader/vitis/input_reader_plt/zynq_fsbl/zynq_fsbl_bsp/system.mss
TRACE::2025-06-12.20:49:37::SCWMssOS::Found a swdesign opened with the mssfile.
TRACE::2025-06-12.20:49:37::SCWMssOS::Completed writemss as part of save.
TRACE::2025-06-12.20:49:37::SCWMssOS::Commit changes completed.
TRACE::2025-06-12.20:49:37::SCWMssOS::Completed hw sync for the mss in domain: zynq_fsbl
TRACE::2025-06-12.20:49:37::SCWMssOS::Removing the swdes entry for  D:/proyectosep2/IEE2463-SEP-Proyecto-2-Z8/input_reader/vitis/input_reader_plt/zynq_fsbl/zynq_fsbl_bsp/system.mss
TRACE::2025-06-12.20:49:37::SCWMssOS::Saving the mss changes D:/proyectosep2/IEE2463-SEP-Proyecto-2-Z8/input_reader/vitis/input_reader_plt/ps7_cortexa9_0/standalone_domain/bsp/system.mss
TRACE::2025-06-12.20:49:37::SCWMssOS::Found a swdesign opened with the mssfile.
TRACE::2025-06-12.20:49:37::SCWMssOS::Completed writemss as part of save.
TRACE::2025-06-12.20:49:37::SCWMssOS::Commit changes completed.
TRACE::2025-06-12.20:49:37::SCWMssOS::Completed hw sync for the mss in domain: standalone_domain
TRACE::2025-06-12.20:49:37::SCWMssOS::Removing the swdes entry for  D:/proyectosep2/IEE2463-SEP-Proyecto-2-Z8/input_reader/vitis/input_reader_plt/ps7_cortexa9_0/standalone_domain/bsp/system.mss
TRACE::2025-06-12.20:49:37::SCWPlatform::Trying to open the hw design at D:/proyectosep2/IEE2463-SEP-Proyecto-2-Z8/input_reader/vitis/input_reader_plt/hw/DEMO_wrapper.xsa
TRACE::2025-06-12.20:49:37::SCWPlatform::DSA given D:/proyectosep2/IEE2463-SEP-Proyecto-2-Z8/input_reader/vitis/input_reader_plt/hw/DEMO_wrapper.xsa
TRACE::2025-06-12.20:49:37::SCWPlatform::DSA absoulate path D:/proyectosep2/IEE2463-SEP-Proyecto-2-Z8/input_reader/vitis/input_reader_plt/hw/DEMO_wrapper.xsa
TRACE::2025-06-12.20:49:37::SCWPlatform::DSA directory D:/proyectosep2/IEE2463-SEP-Proyecto-2-Z8/input_reader/vitis/input_reader_plt/hw
TRACE::2025-06-12.20:49:37::SCWPlatform:: Platform Path D:/proyectosep2/IEE2463-SEP-Proyecto-2-Z8/input_reader/vitis/input_reader_plt/hw/DEMO_wrapper.xsa
TRACE::2025-06-12.20:49:37::SCWPlatform:: Unique name xilinx:zybo-z7-10::0.0
TRACE::2025-06-12.20:49:37::SCWPlatform::Do not have an existing db opened. 
TRACE::2025-06-12.20:49:38::SCWPlatform::Opened new HwDB with name DEMO_wrapper_18
TRACE::2025-06-12.20:49:38::SCWPlatform::Trying to open the hw design at D:/proyectosep2/IEE2463-SEP-Proyecto-2-Z8/input_reader/vitis/input_reader_plt/hw/DEMO_wrapper.xsa
TRACE::2025-06-12.20:49:38::SCWPlatform::DSA given D:/proyectosep2/IEE2463-SEP-Proyecto-2-Z8/input_reader/vitis/input_reader_plt/hw/DEMO_wrapper.xsa
TRACE::2025-06-12.20:49:38::SCWPlatform::DSA absoulate path D:/proyectosep2/IEE2463-SEP-Proyecto-2-Z8/input_reader/vitis/input_reader_plt/hw/DEMO_wrapper.xsa
TRACE::2025-06-12.20:49:38::SCWPlatform::DSA directory D:/proyectosep2/IEE2463-SEP-Proyecto-2-Z8/input_reader/vitis/input_reader_plt/hw
TRACE::2025-06-12.20:49:38::SCWPlatform:: Platform Path D:/proyectosep2/IEE2463-SEP-Proyecto-2-Z8/input_reader/vitis/input_reader_plt/hw/DEMO_wrapper.xsa
TRACE::2025-06-12.20:49:38::SCWPlatform:: Unique name xilinx:zybo-z7-10::0.0
TRACE::2025-06-12.20:49:38::SCWPlatform::Trying to set the existing hwdb with name DEMO_wrapper_18
TRACE::2025-06-12.20:49:38::SCWPlatform::Opened existing hwdb DEMO_wrapper_18
TRACE::2025-06-12.20:49:38::SCWPlatform::Found the Hw Db part of the input DSA
TRACE::2025-06-12.20:49:38::SCWMssOS::Checking the sw design at  D:/proyectosep2/IEE2463-SEP-Proyecto-2-Z8/input_reader/vitis/input_reader_plt/zynq_fsbl/zynq_fsbl_bsp/system.mss
TRACE::2025-06-12.20:49:38::SCWMssOS::DEBUG:  swdes dump  
TRACE::2025-06-12.20:49:38::SCWMssOS::No sw design opened at  D:/proyectosep2/IEE2463-SEP-Proyecto-2-Z8/input_reader/vitis/input_reader_plt/zynq_fsbl/zynq_fsbl_bsp/system.mss
TRACE::2025-06-12.20:49:38::SCWMssOS::mss exists loading the mss file  D:/proyectosep2/IEE2463-SEP-Proyecto-2-Z8/input_reader/vitis/input_reader_plt/zynq_fsbl/zynq_fsbl_bsp/system.mss
TRACE::2025-06-12.20:49:38::SCWMssOS::Opened the sw design from mss  D:/proyectosep2/IEE2463-SEP-Proyecto-2-Z8/input_reader/vitis/input_reader_plt/zynq_fsbl/zynq_fsbl_bsp/system.mss
TRACE::2025-06-12.20:49:38::SCWMssOS::Adding the swdes entry D:/proyectosep2/IEE2463-SEP-Proyecto-2-Z8/input_reader/vitis/input_reader_plt/zynq_fsbl/zynq_fsbl_bsp/system.mss with des name system
TRACE::2025-06-12.20:49:38::SCWMssOS::updating the scw layer about changes
TRACE::2025-06-12.20:49:39::SCWMssOS::Opened the sw design.  D:/proyectosep2/IEE2463-SEP-Proyecto-2-Z8/input_reader/vitis/input_reader_plt/zynq_fsbl/zynq_fsbl_bsp/system.mss
TRACE::2025-06-12.20:49:39::SCWMssOS::Saving the mss changes D:/proyectosep2/IEE2463-SEP-Proyecto-2-Z8/input_reader/vitis/input_reader_plt/zynq_fsbl/zynq_fsbl_bsp/system.mss
TRACE::2025-06-12.20:49:39::SCWMssOS::Found a swdesign opened with the mssfile.
TRACE::2025-06-12.20:49:39::SCWMssOS::Completed writemss as part of save.
TRACE::2025-06-12.20:49:39::SCWMssOS::Commit changes completed.
TRACE::2025-06-12.20:49:39::SCWMssOS::Saving the mss changes D:/proyectosep2/IEE2463-SEP-Proyecto-2-Z8/input_reader/vitis/input_reader_plt/ps7_cortexa9_0/standalone_domain/bsp/system.mss
TRACE::2025-06-12.20:49:39::SCWMssOS::Adding the swdes entry, mss present, able to open swdb D:/proyectosep2/IEE2463-SEP-Proyecto-2-Z8/input_reader/vitis/input_reader_plt/ps7_cortexa9_0/standalone_domain/bsp/system.mss with des name system_0
TRACE::2025-06-12.20:49:39::SCWMssOS::Writing the mss file completed D:/proyectosep2/IEE2463-SEP-Proyecto-2-Z8/input_reader/vitis/input_reader_plt/ps7_cortexa9_0/standalone_domain/bsp/system.mss
TRACE::2025-06-12.20:49:39::SCWMssOS::Commit changes completed.
TRACE::2025-06-12.20:49:39::SCWPlatform::Trying to open the hw design at D:/proyectosep2/IEE2463-SEP-Proyecto-2-Z8/input_reader/vitis/input_reader_plt/hw/DEMO_wrapper.xsa
TRACE::2025-06-12.20:49:39::SCWPlatform::DSA given D:/proyectosep2/IEE2463-SEP-Proyecto-2-Z8/input_reader/vitis/input_reader_plt/hw/DEMO_wrapper.xsa
TRACE::2025-06-12.20:49:39::SCWPlatform::DSA absoulate path D:/proyectosep2/IEE2463-SEP-Proyecto-2-Z8/input_reader/vitis/input_reader_plt/hw/DEMO_wrapper.xsa
TRACE::2025-06-12.20:49:39::SCWPlatform::DSA directory D:/proyectosep2/IEE2463-SEP-Proyecto-2-Z8/input_reader/vitis/input_reader_plt/hw
TRACE::2025-06-12.20:49:39::SCWPlatform:: Platform Path D:/proyectosep2/IEE2463-SEP-Proyecto-2-Z8/input_reader/vitis/input_reader_plt/hw/DEMO_wrapper.xsa
TRACE::2025-06-12.20:49:39::SCWPlatform:: Unique name xilinx:zybo-z7-10::0.0
TRACE::2025-06-12.20:49:39::SCWPlatform::Trying to set the existing hwdb with name DEMO_wrapper_18
TRACE::2025-06-12.20:49:39::SCWPlatform::Opened existing hwdb DEMO_wrapper_18
TRACE::2025-06-12.20:49:39::SCWPlatform::Found the Hw Db part of the input DSA
TRACE::2025-06-12.20:49:39::SCWMssOS::Checking the sw design at  D:/proyectosep2/IEE2463-SEP-Proyecto-2-Z8/input_reader/vitis/input_reader_plt/zynq_fsbl/zynq_fsbl_bsp/system.mss
TRACE::2025-06-12.20:49:39::SCWMssOS::DEBUG:  swdes dump  D:/proyectosep2/IEE2463-SEP-Proyecto-2-Z8/input_reader/vitis/input_reader_plt/ps7_cortexa9_0/standalone_domain/bsp/system.mss|system_0||
D:/proyectosep2/IEE2463-SEP-Proyecto-2-Z8/input_reader/vitis/input_reader_plt/zynq_fsbl/zynq_fsbl_bsp/system.mss|system||

TRACE::2025-06-12.20:49:39::SCWMssOS::Sw design exists and opened at  D:/proyectosep2/IEE2463-SEP-Proyecto-2-Z8/input_reader/vitis/input_reader_plt/zynq_fsbl/zynq_fsbl_bsp/system.mss
TRACE::2025-06-12.20:49:39::SCWPlatform::Trying to open the hw design at D:/proyectosep2/IEE2463-SEP-Proyecto-2-Z8/input_reader/vitis/input_reader_plt/hw/DEMO_wrapper.xsa
TRACE::2025-06-12.20:49:39::SCWPlatform::DSA given D:/proyectosep2/IEE2463-SEP-Proyecto-2-Z8/input_reader/vitis/input_reader_plt/hw/DEMO_wrapper.xsa
TRACE::2025-06-12.20:49:39::SCWPlatform::DSA absoulate path D:/proyectosep2/IEE2463-SEP-Proyecto-2-Z8/input_reader/vitis/input_reader_plt/hw/DEMO_wrapper.xsa
TRACE::2025-06-12.20:49:39::SCWPlatform::DSA directory D:/proyectosep2/IEE2463-SEP-Proyecto-2-Z8/input_reader/vitis/input_reader_plt/hw
TRACE::2025-06-12.20:49:39::SCWPlatform:: Platform Path D:/proyectosep2/IEE2463-SEP-Proyecto-2-Z8/input_reader/vitis/input_reader_plt/hw/DEMO_wrapper.xsa
TRACE::2025-06-12.20:49:39::SCWPlatform:: Unique name xilinx:zybo-z7-10::0.0
TRACE::2025-06-12.20:49:39::SCWPlatform::Trying to set the existing hwdb with name DEMO_wrapper_18
TRACE::2025-06-12.20:49:39::SCWPlatform::Opened existing hwdb DEMO_wrapper_18
TRACE::2025-06-12.20:49:39::SCWPlatform::Found the Hw Db part of the input DSA
TRACE::2025-06-12.20:49:39::SCWMssOS::Checking the sw design at  D:/proyectosep2/IEE2463-SEP-Proyecto-2-Z8/input_reader/vitis/input_reader_plt/ps7_cortexa9_0/standalone_domain/bsp/system.mss
TRACE::2025-06-12.20:49:39::SCWMssOS::DEBUG:  swdes dump  D:/proyectosep2/IEE2463-SEP-Proyecto-2-Z8/input_reader/vitis/input_reader_plt/ps7_cortexa9_0/standalone_domain/bsp/system.mss|system_0||
D:/proyectosep2/IEE2463-SEP-Proyecto-2-Z8/input_reader/vitis/input_reader_plt/zynq_fsbl/zynq_fsbl_bsp/system.mss|system||

TRACE::2025-06-12.20:49:39::SCWMssOS::Sw design exists and opened at  D:/proyectosep2/IEE2463-SEP-Proyecto-2-Z8/input_reader/vitis/input_reader_plt/ps7_cortexa9_0/standalone_domain/bsp/system.mss
TRACE::2025-06-12.20:49:39::SCWWriter::formatted JSON is {
	"platformName":	"input_reader_plt",
	"sprVersion":	"2.0",
	"mode":	"gui",
	"dsaType":	"Fixed",
	"platformDesc":	"input_reader_plt",
	"platHandOff":	"D:/proyectosep2/IEE2463-SEP-Proyecto-2-Z8/input_reader/vivado/DEMO_wrapper.xsa",
	"platIntHandOff":	"<platformDir>/hw/DEMO_wrapper.xsa",
	"deviceType":	"zynq",
	"platIsPrebuiltAutogen":	"false",
	"platIsNoBootBsp":	"false",
	"hasFsblMakeHasChanges":	"false",
	"hasPmufwMakeHasChanges":	"false",
	"fsblExtraCompilerFlags":	"-MMD -MP       -mcpu=cortex-a9 -mfpu=vfpv3 -mfloat-abi=hard ",
	"platPreBuiltFlag":	false,
	"platformSamplesDir":	"",
	"platActiveSys":	"input_reader_plt",
	"systems":	[{
			"systemName":	"input_reader_plt",
			"systemDesc":	"input_reader_plt",
			"sysIsBootAutoGen":	"true",
			"systemDispName":	"input_reader_plt",
			"sysActiveDom":	"standalone_domain",
			"sysDefaultDom":	"standalone_domain",
			"domains":	[{
					"domainName":	"zynq_fsbl",
					"domainDispName":	"zynq_fsbl",
					"domainDesc":	"FSBL Application BSP - Auto Generated.",
					"processors":	"ps7_cortexa9_0",
					"os":	"standalone",
					"sdxOs":	"standalone",
					"debugEnable":	"",
					"domRuntimes":	["cpp"],
					"swRepo":	"",
					"mssOsVer":	"7.2",
					"mssFile":	"",
					"md5Digest":	"7079462d43296522fe4c25429e7041e8",
					"compatibleApp":	"zynq_fsbl",
					"domType":	"bootDomain",
					"appSettings":	{
						"appCompilerFlags":	"",
						"appLinkerFlags":	""
					},
					"addedLibs":	["xilffs:4.3", "xilrsa:1.6"],
					"libOptions":	{
						"libsContainingOptions":	[]
					},
					"prebuiltLibs":	{
						"prebuiltIncPath":	[],
						"prebuiltLibPath":	[]
					},
					"isolation":	{
					}
				}, {
					"domainName":	"standalone_domain",
					"domainDispName":	"standalone on ps7_cortexa9_0",
					"domainDesc":	"standalone_domain",
					"processors":	"ps7_cortexa9_0",
					"os":	"standalone",
					"sdxOs":	"standalone",
					"qemuArgs":	"D:/Xilinx/Vitis/2020.1/data/emulation/platforms/zynq/qemu/qemu_args.txt",
					"qemuData":	"D:/Xilinx/Vitis/2020.1/data/emulation/platforms/zynq/qemu/",
					"debugEnable":	"False",
					"domRuntimes":	["cpp"],
					"swRepo":	"",
					"mssOsVer":	"7.2",
					"mssFile":	"",
					"md5Digest":	"66d3fb87f21487cff6d9ef7ac8bd223d",
					"compatibleApp":	"",
					"domType":	"mssDomain",
					"appSettings":	{
						"appCompilerFlags":	"",
						"appLinkerFlags":	""
					},
					"addedLibs":	[],
					"libOptions":	{
						"libsContainingOptions":	[]
					},
					"prebuiltLibs":	{
						"prebuiltIncPath":	[],
						"prebuiltLibPath":	[]
					},
					"isolation":	{
					}
				}]
		}]
}
LOG::2025-06-12.20:50:18::SCWPlatform::Started generating the artifacts platform input_reader_plt
TRACE::2025-06-12.20:50:18::SCWPlatform::Sanity checking of platform is completed
LOG::2025-06-12.20:50:18::SCWPlatform::Started generating the artifacts for system configuration input_reader_plt
LOG::2025-06-12.20:50:18::SCWSystem::Checking the domain zynq_fsbl
LOG::2025-06-12.20:50:18::SCWSystem::Doing application build for :  zynq_fsbl
TRACE::2025-06-12.20:50:18::SCWBDomain::Not a forced makefile updation, No changes are present. 
TRACE::2025-06-12.20:50:18::SCWDomain::Skipping the build for domain :  zynq_fsbl
LOG::2025-06-12.20:50:18::SCWSystem::Checking the domain standalone_domain
LOG::2025-06-12.20:50:18::SCWSystem::Not a boot domain 
LOG::2025-06-12.20:50:18::SCWSystem::Started Processing the domain standalone_domain
TRACE::2025-06-12.20:50:18::SCWDomain::Generating domain artifcats
TRACE::2025-06-12.20:50:18::SCWMssOS::Generating standalone artifcats
TRACE::2025-06-12.20:50:18::SCWMssOS::Copying the qemu file from  D:/Xilinx/Vitis/2020.1/data/emulation/platforms/zynq/qemu/qemu_args.txt To D:/proyectosep2/IEE2463-SEP-Proyecto-2-Z8/input_reader/vitis/input_reader_plt/export/input_reader_plt/sw/input_reader_plt/qemu/
TRACE::2025-06-12.20:50:18::SCWMssOS::Copying the qemu file from  D:/Xilinx/Vitis/2020.1/data/emulation/platforms/zynq/qemu/qemu_args.txt To D:/proyectosep2/IEE2463-SEP-Proyecto-2-Z8/input_reader/vitis/input_reader_plt/export/input_reader_plt/sw/input_reader_plt/standalone_domain/qemu/
TRACE::2025-06-12.20:50:18::SCWMssOS:: Copying the user libraries. 
TRACE::2025-06-12.20:50:18::SCWPlatform::Trying to open the hw design at D:/proyectosep2/IEE2463-SEP-Proyecto-2-Z8/input_reader/vitis/input_reader_plt/hw/DEMO_wrapper.xsa
TRACE::2025-06-12.20:50:18::SCWPlatform::DSA given D:/proyectosep2/IEE2463-SEP-Proyecto-2-Z8/input_reader/vitis/input_reader_plt/hw/DEMO_wrapper.xsa
TRACE::2025-06-12.20:50:18::SCWPlatform::DSA absoulate path D:/proyectosep2/IEE2463-SEP-Proyecto-2-Z8/input_reader/vitis/input_reader_plt/hw/DEMO_wrapper.xsa
TRACE::2025-06-12.20:50:18::SCWPlatform::DSA directory D:/proyectosep2/IEE2463-SEP-Proyecto-2-Z8/input_reader/vitis/input_reader_plt/hw
TRACE::2025-06-12.20:50:18::SCWPlatform:: Platform Path D:/proyectosep2/IEE2463-SEP-Proyecto-2-Z8/input_reader/vitis/input_reader_plt/hw/DEMO_wrapper.xsa
TRACE::2025-06-12.20:50:18::SCWPlatform:: Unique name xilinx:zybo-z7-10::0.0
TRACE::2025-06-12.20:50:18::SCWPlatform::Trying to set the existing hwdb with name DEMO_wrapper_18
TRACE::2025-06-12.20:50:18::SCWPlatform::Opened existing hwdb DEMO_wrapper_18
TRACE::2025-06-12.20:50:18::SCWPlatform::Found the Hw Db part of the input DSA
TRACE::2025-06-12.20:50:18::SCWMssOS::Checking the sw design at  D:/proyectosep2/IEE2463-SEP-Proyecto-2-Z8/input_reader/vitis/input_reader_plt/ps7_cortexa9_0/standalone_domain/bsp/system.mss
TRACE::2025-06-12.20:50:18::SCWMssOS::DEBUG:  swdes dump  D:/proyectosep2/IEE2463-SEP-Proyecto-2-Z8/input_reader/vitis/input_reader_plt/ps7_cortexa9_0/standalone_domain/bsp/system.mss|system_0||
D:/proyectosep2/IEE2463-SEP-Proyecto-2-Z8/input_reader/vitis/input_reader_plt/zynq_fsbl/zynq_fsbl_bsp/system.mss|system||

TRACE::2025-06-12.20:50:18::SCWMssOS::Sw design exists and opened at  D:/proyectosep2/IEE2463-SEP-Proyecto-2-Z8/input_reader/vitis/input_reader_plt/ps7_cortexa9_0/standalone_domain/bsp/system.mss
TRACE::2025-06-12.20:50:18::SCWMssOS::Completed writing the mss file at D:/proyectosep2/IEE2463-SEP-Proyecto-2-Z8/input_reader/vitis/input_reader_plt/ps7_cortexa9_0/standalone_domain/bsp
TRACE::2025-06-12.20:50:18::SCWMssOS::Mss edits present, copying mssfile into export location D:/proyectosep2/IEE2463-SEP-Proyecto-2-Z8/input_reader/vitis/input_reader_plt/ps7_cortexa9_0/standalone_domain/bsp/system.mss
TRACE::2025-06-12.20:50:18::SCWMssOS::bsp generated is upto date with the mss file. Skipping bsp generation.
TRACE::2025-06-12.20:50:18::SCWMssOS::BSP is already built. skipping the bsp build ... 
TRACE::2025-06-12.20:50:18::SCWDomain::Skipping the build for domain :  standalone_domain
TRACE::2025-06-12.20:50:18::SCWMssOS::skipping the bsp build ... 
TRACE::2025-06-12.20:50:18::SCWMssOS::Copying to export directory.
TRACE::2025-06-12.20:50:19::SCWMssOS:: Checking if to create the Supporting Applications
TRACE::2025-06-12.20:50:19::SCWMssOS:: No Linux domain exists, trying to generate FSBL 
LOG::2025-06-12.20:50:19::SCWSystem::Completed Processing the domain standalone_domain
LOG::2025-06-12.20:50:19::SCWSystem::Completed Processing the sysconfig input_reader_plt
LOG::2025-06-12.20:50:19::SCWPlatform::Completed generating the artifacts for system configuration input_reader_plt
TRACE::2025-06-12.20:50:19::SCWPlatform::Started preparing the platform 
TRACE::2025-06-12.20:50:19::SCWSystem::Writing the bif file for system config input_reader_plt
TRACE::2025-06-12.20:50:19::SCWSystem::dir created 
TRACE::2025-06-12.20:50:19::SCWSystem::Writing the bif 
TRACE::2025-06-12.20:50:19::SCWPlatform::Started writing the spfm file 
TRACE::2025-06-12.20:50:19::SCWPlatform::Started writing the xpfm file 
TRACE::2025-06-12.20:50:19::SCWPlatform::Completed generating the platform
TRACE::2025-06-12.20:50:19::SCWMssOS::Saving the mss changes D:/proyectosep2/IEE2463-SEP-Proyecto-2-Z8/input_reader/vitis/input_reader_plt/zynq_fsbl/zynq_fsbl_bsp/system.mss
TRACE::2025-06-12.20:50:19::SCWMssOS::Found a swdesign opened with the mssfile.
TRACE::2025-06-12.20:50:19::SCWMssOS::Completed writemss as part of save.
TRACE::2025-06-12.20:50:19::SCWMssOS::Commit changes completed.
TRACE::2025-06-12.20:50:19::SCWMssOS::Saving the mss changes D:/proyectosep2/IEE2463-SEP-Proyecto-2-Z8/input_reader/vitis/input_reader_plt/ps7_cortexa9_0/standalone_domain/bsp/system.mss
TRACE::2025-06-12.20:50:19::SCWMssOS::Found a swdesign opened with the mssfile.
TRACE::2025-06-12.20:50:19::SCWMssOS::Completed writemss as part of save.
TRACE::2025-06-12.20:50:19::SCWMssOS::Commit changes completed.
TRACE::2025-06-12.20:50:19::SCWPlatform::Trying to open the hw design at D:/proyectosep2/IEE2463-SEP-Proyecto-2-Z8/input_reader/vitis/input_reader_plt/hw/DEMO_wrapper.xsa
TRACE::2025-06-12.20:50:19::SCWPlatform::DSA given D:/proyectosep2/IEE2463-SEP-Proyecto-2-Z8/input_reader/vitis/input_reader_plt/hw/DEMO_wrapper.xsa
TRACE::2025-06-12.20:50:19::SCWPlatform::DSA absoulate path D:/proyectosep2/IEE2463-SEP-Proyecto-2-Z8/input_reader/vitis/input_reader_plt/hw/DEMO_wrapper.xsa
TRACE::2025-06-12.20:50:19::SCWPlatform::DSA directory D:/proyectosep2/IEE2463-SEP-Proyecto-2-Z8/input_reader/vitis/input_reader_plt/hw
TRACE::2025-06-12.20:50:19::SCWPlatform:: Platform Path D:/proyectosep2/IEE2463-SEP-Proyecto-2-Z8/input_reader/vitis/input_reader_plt/hw/DEMO_wrapper.xsa
TRACE::2025-06-12.20:50:19::SCWPlatform:: Unique name xilinx:zybo-z7-10::0.0
TRACE::2025-06-12.20:50:19::SCWPlatform::Trying to set the existing hwdb with name DEMO_wrapper_18
TRACE::2025-06-12.20:50:19::SCWPlatform::Opened existing hwdb DEMO_wrapper_18
TRACE::2025-06-12.20:50:19::SCWPlatform::Found the Hw Db part of the input DSA
TRACE::2025-06-12.20:50:19::SCWMssOS::Checking the sw design at  D:/proyectosep2/IEE2463-SEP-Proyecto-2-Z8/input_reader/vitis/input_reader_plt/zynq_fsbl/zynq_fsbl_bsp/system.mss
TRACE::2025-06-12.20:50:19::SCWMssOS::DEBUG:  swdes dump  D:/proyectosep2/IEE2463-SEP-Proyecto-2-Z8/input_reader/vitis/input_reader_plt/ps7_cortexa9_0/standalone_domain/bsp/system.mss|system_0||
D:/proyectosep2/IEE2463-SEP-Proyecto-2-Z8/input_reader/vitis/input_reader_plt/zynq_fsbl/zynq_fsbl_bsp/system.mss|system||

TRACE::2025-06-12.20:50:19::SCWMssOS::Sw design exists and opened at  D:/proyectosep2/IEE2463-SEP-Proyecto-2-Z8/input_reader/vitis/input_reader_plt/zynq_fsbl/zynq_fsbl_bsp/system.mss
TRACE::2025-06-12.20:50:19::SCWPlatform::Trying to open the hw design at D:/proyectosep2/IEE2463-SEP-Proyecto-2-Z8/input_reader/vitis/input_reader_plt/hw/DEMO_wrapper.xsa
TRACE::2025-06-12.20:50:19::SCWPlatform::DSA given D:/proyectosep2/IEE2463-SEP-Proyecto-2-Z8/input_reader/vitis/input_reader_plt/hw/DEMO_wrapper.xsa
TRACE::2025-06-12.20:50:19::SCWPlatform::DSA absoulate path D:/proyectosep2/IEE2463-SEP-Proyecto-2-Z8/input_reader/vitis/input_reader_plt/hw/DEMO_wrapper.xsa
TRACE::2025-06-12.20:50:19::SCWPlatform::DSA directory D:/proyectosep2/IEE2463-SEP-Proyecto-2-Z8/input_reader/vitis/input_reader_plt/hw
TRACE::2025-06-12.20:50:19::SCWPlatform:: Platform Path D:/proyectosep2/IEE2463-SEP-Proyecto-2-Z8/input_reader/vitis/input_reader_plt/hw/DEMO_wrapper.xsa
TRACE::2025-06-12.20:50:19::SCWPlatform:: Unique name xilinx:zybo-z7-10::0.0
TRACE::2025-06-12.20:50:19::SCWPlatform::Trying to set the existing hwdb with name DEMO_wrapper_18
TRACE::2025-06-12.20:50:19::SCWPlatform::Opened existing hwdb DEMO_wrapper_18
TRACE::2025-06-12.20:50:19::SCWPlatform::Found the Hw Db part of the input DSA
TRACE::2025-06-12.20:50:19::SCWMssOS::Checking the sw design at  D:/proyectosep2/IEE2463-SEP-Proyecto-2-Z8/input_reader/vitis/input_reader_plt/ps7_cortexa9_0/standalone_domain/bsp/system.mss
TRACE::2025-06-12.20:50:19::SCWMssOS::DEBUG:  swdes dump  D:/proyectosep2/IEE2463-SEP-Proyecto-2-Z8/input_reader/vitis/input_reader_plt/ps7_cortexa9_0/standalone_domain/bsp/system.mss|system_0||
D:/proyectosep2/IEE2463-SEP-Proyecto-2-Z8/input_reader/vitis/input_reader_plt/zynq_fsbl/zynq_fsbl_bsp/system.mss|system||

TRACE::2025-06-12.20:50:19::SCWMssOS::Sw design exists and opened at  D:/proyectosep2/IEE2463-SEP-Proyecto-2-Z8/input_reader/vitis/input_reader_plt/ps7_cortexa9_0/standalone_domain/bsp/system.mss
TRACE::2025-06-12.20:50:19::SCWWriter::formatted JSON is {
	"platformName":	"input_reader_plt",
	"sprVersion":	"2.0",
	"mode":	"gui",
	"dsaType":	"Fixed",
	"platformDesc":	"input_reader_plt",
	"platHandOff":	"D:/proyectosep2/IEE2463-SEP-Proyecto-2-Z8/input_reader/vivado/DEMO_wrapper.xsa",
	"platIntHandOff":	"<platformDir>/hw/DEMO_wrapper.xsa",
	"deviceType":	"zynq",
	"platIsPrebuiltAutogen":	"false",
	"platIsNoBootBsp":	"false",
	"hasFsblMakeHasChanges":	"false",
	"hasPmufwMakeHasChanges":	"false",
	"fsblExtraCompilerFlags":	"-MMD -MP       -mcpu=cortex-a9 -mfpu=vfpv3 -mfloat-abi=hard ",
	"platPreBuiltFlag":	false,
	"platformSamplesDir":	"",
	"platActiveSys":	"input_reader_plt",
	"systems":	[{
			"systemName":	"input_reader_plt",
			"systemDesc":	"input_reader_plt",
			"sysIsBootAutoGen":	"true",
			"systemDispName":	"input_reader_plt",
			"sysActiveDom":	"standalone_domain",
			"sysDefaultDom":	"standalone_domain",
			"domains":	[{
					"domainName":	"zynq_fsbl",
					"domainDispName":	"zynq_fsbl",
					"domainDesc":	"FSBL Application BSP - Auto Generated.",
					"processors":	"ps7_cortexa9_0",
					"os":	"standalone",
					"sdxOs":	"standalone",
					"debugEnable":	"",
					"domRuntimes":	["cpp"],
					"swRepo":	"",
					"mssOsVer":	"7.2",
					"mssFile":	"",
					"md5Digest":	"7079462d43296522fe4c25429e7041e8",
					"compatibleApp":	"zynq_fsbl",
					"domType":	"bootDomain",
					"appSettings":	{
						"appCompilerFlags":	"",
						"appLinkerFlags":	""
					},
					"addedLibs":	["xilffs:4.3", "xilrsa:1.6"],
					"libOptions":	{
						"libsContainingOptions":	[]
					},
					"prebuiltLibs":	{
						"prebuiltIncPath":	[],
						"prebuiltLibPath":	[]
					},
					"isolation":	{
					}
				}, {
					"domainName":	"standalone_domain",
					"domainDispName":	"standalone on ps7_cortexa9_0",
					"domainDesc":	"standalone_domain",
					"processors":	"ps7_cortexa9_0",
					"os":	"standalone",
					"sdxOs":	"standalone",
					"qemuArgs":	"D:/Xilinx/Vitis/2020.1/data/emulation/platforms/zynq/qemu/qemu_args.txt",
					"qemuData":	"D:/Xilinx/Vitis/2020.1/data/emulation/platforms/zynq/qemu/",
					"debugEnable":	"False",
					"domRuntimes":	["cpp"],
					"swRepo":	"",
					"mssOsVer":	"7.2",
					"mssFile":	"",
					"md5Digest":	"66d3fb87f21487cff6d9ef7ac8bd223d",
					"compatibleApp":	"",
					"domType":	"mssDomain",
					"appSettings":	{
						"appCompilerFlags":	"",
						"appLinkerFlags":	""
					},
					"addedLibs":	[],
					"libOptions":	{
						"libsContainingOptions":	[]
					},
					"prebuiltLibs":	{
						"prebuiltIncPath":	[],
						"prebuiltLibPath":	[]
					},
					"isolation":	{
					}
				}]
		}]
}
KEYINFO::2025-06-12.20:50:19::SCWPlatform::updated the xpfm file.
TRACE::2025-06-12.20:50:19::SCWPlatform::Trying to open the hw design at D:/proyectosep2/IEE2463-SEP-Proyecto-2-Z8/input_reader/vitis/input_reader_plt/hw/DEMO_wrapper.xsa
TRACE::2025-06-12.20:50:19::SCWPlatform::DSA given D:/proyectosep2/IEE2463-SEP-Proyecto-2-Z8/input_reader/vitis/input_reader_plt/hw/DEMO_wrapper.xsa
TRACE::2025-06-12.20:50:19::SCWPlatform::DSA absoulate path D:/proyectosep2/IEE2463-SEP-Proyecto-2-Z8/input_reader/vitis/input_reader_plt/hw/DEMO_wrapper.xsa
TRACE::2025-06-12.20:50:19::SCWPlatform::DSA directory D:/proyectosep2/IEE2463-SEP-Proyecto-2-Z8/input_reader/vitis/input_reader_plt/hw
TRACE::2025-06-12.20:50:19::SCWPlatform:: Platform Path D:/proyectosep2/IEE2463-SEP-Proyecto-2-Z8/input_reader/vitis/input_reader_plt/hw/DEMO_wrapper.xsa
TRACE::2025-06-12.20:50:19::SCWPlatform:: Unique name xilinx:zybo-z7-10::0.0
TRACE::2025-06-12.20:50:19::SCWPlatform::Trying to set the existing hwdb with name DEMO_wrapper_18
TRACE::2025-06-12.20:50:19::SCWPlatform::Opened existing hwdb DEMO_wrapper_18
TRACE::2025-06-12.20:50:19::SCWPlatform::Found the Hw Db part of the input DSA
TRACE::2025-06-12.20:50:19::SCWMssOS::Checking the sw design at  D:/proyectosep2/IEE2463-SEP-Proyecto-2-Z8/input_reader/vitis/input_reader_plt/ps7_cortexa9_0/standalone_domain/bsp/system.mss
TRACE::2025-06-12.20:50:19::SCWMssOS::DEBUG:  swdes dump  D:/proyectosep2/IEE2463-SEP-Proyecto-2-Z8/input_reader/vitis/input_reader_plt/ps7_cortexa9_0/standalone_domain/bsp/system.mss|system_0||
D:/proyectosep2/IEE2463-SEP-Proyecto-2-Z8/input_reader/vitis/input_reader_plt/zynq_fsbl/zynq_fsbl_bsp/system.mss|system||

TRACE::2025-06-12.20:50:19::SCWMssOS::Sw design exists and opened at  D:/proyectosep2/IEE2463-SEP-Proyecto-2-Z8/input_reader/vitis/input_reader_plt/ps7_cortexa9_0/standalone_domain/bsp/system.mss
