TRACE::2025-06-25.16:09:30::SCWPlatform::Trying to open the hw design at D:/proyectosep2/IEE2463-SEP-Proyecto-2-Z8/2_core/vitis/2_core/hw/DEMO_wrapper.xsa
TRACE::2025-06-25.16:09:30::SCWPlatform::DSA given D:/proyectosep2/IEE2463-SEP-Proyecto-2-Z8/2_core/vitis/2_core/hw/DEMO_wrapper.xsa
TRACE::2025-06-25.16:09:30::SCWPlatform::DSA absoulate path D:/proyectosep2/IEE2463-SEP-Proyecto-2-Z8/2_core/vitis/2_core/hw/DEMO_wrapper.xsa
TRACE::2025-06-25.16:09:32::SCWPlatform::DSA directory D:/proyectosep2/IEE2463-SEP-Proyecto-2-Z8/2_core/vitis/2_core/hw
TRACE::2025-06-25.16:09:32::SCWPlatform:: Platform Path D:/proyectosep2/IEE2463-SEP-Proyecto-2-Z8/2_core/vitis/2_core/hw/DEMO_wrapper.xsa
TRACE::2025-06-25.16:09:32::SCWPlatform:: Unique name xilinx:zybo-z7-10::0.0
TRACE::2025-06-25.16:09:32::SCWPlatform::Do not have an existing db opened. 
TRACE::2025-06-25.16:09:33::SCWPlatform::Opened new HwDB with name DEMO_wrapper_0
TRACE::2025-06-25.16:09:33::SCWWriter::formatted JSON is {
	"platformName":	"2_core",
	"sprVersion":	"2.0",
	"mode":	"gui",
	"dsaType":	"Fixed",
	"platformDesc":	"2_core",
	"platHandOff":	"D:/proyectosep2/IEE2463-SEP-Proyecto-2-Z8/full_hardware/vivado/DEMO_wrapper.xsa",
	"platIntHandOff":	"<platformDir>/hw/DEMO_wrapper.xsa",
	"deviceType":	"zynq",
	"platIsPrebuiltAutogen":	"false",
	"platIsNoBootBsp":	"false",
	"hasFsblMakeHasChanges":	"false",
	"hasPmufwMakeHasChanges":	"false",
	"platPreBuiltFlag":	false,
	"platformSamplesDir":	""
}
TRACE::2025-06-25.16:09:33::SCWWriter::formatted JSON is {
	"platformName":	"2_core",
	"sprVersion":	"2.0",
	"mode":	"gui",
	"dsaType":	"Fixed",
	"platformDesc":	"2_core",
	"platHandOff":	"D:/proyectosep2/IEE2463-SEP-Proyecto-2-Z8/full_hardware/vivado/DEMO_wrapper.xsa",
	"platIntHandOff":	"<platformDir>/hw/DEMO_wrapper.xsa",
	"deviceType":	"zynq",
	"platIsPrebuiltAutogen":	"false",
	"platIsNoBootBsp":	"false",
	"hasFsblMakeHasChanges":	"false",
	"hasPmufwMakeHasChanges":	"false",
	"platPreBuiltFlag":	false,
	"platformSamplesDir":	"",
	"platActiveSys":	"2_core",
	"systems":	[{
			"systemName":	"2_core",
			"systemDesc":	"2_core",
			"sysIsBootAutoGen":	"true",
			"systemDispName":	"2_core"
		}]
}
TRACE::2025-06-25.16:09:34::SCWPlatform::Boot application domains not present, creating them
TRACE::2025-06-25.16:09:34::SCWDomain::checking for install qemu data   : 
TRACE::2025-06-25.16:09:34::SCWDomain:: Using the QEMU Data from install at  : D:/Xilinx/Vitis/2020.1/data/emulation/platforms/zynq/qemu/
TRACE::2025-06-25.16:09:34::SCWDomain:: Using the QEMU args  from install at  : D:/Xilinx/Vitis/2020.1/data/emulation/platforms/zynq/qemu/qemu_args.txt
TRACE::2025-06-25.16:09:34::SCWPlatform::Trying to open the hw design at D:/proyectosep2/IEE2463-SEP-Proyecto-2-Z8/2_core/vitis/2_core/hw/DEMO_wrapper.xsa
TRACE::2025-06-25.16:09:34::SCWPlatform::DSA given D:/proyectosep2/IEE2463-SEP-Proyecto-2-Z8/2_core/vitis/2_core/hw/DEMO_wrapper.xsa
TRACE::2025-06-25.16:09:34::SCWPlatform::DSA absoulate path D:/proyectosep2/IEE2463-SEP-Proyecto-2-Z8/2_core/vitis/2_core/hw/DEMO_wrapper.xsa
TRACE::2025-06-25.16:09:34::SCWPlatform::DSA directory D:/proyectosep2/IEE2463-SEP-Proyecto-2-Z8/2_core/vitis/2_core/hw
TRACE::2025-06-25.16:09:34::SCWPlatform:: Platform Path D:/proyectosep2/IEE2463-SEP-Proyecto-2-Z8/2_core/vitis/2_core/hw/DEMO_wrapper.xsa
TRACE::2025-06-25.16:09:34::SCWPlatform:: Unique name xilinx:zybo-z7-10::0.0
TRACE::2025-06-25.16:09:34::SCWPlatform::Trying to set the existing hwdb with name DEMO_wrapper_0
TRACE::2025-06-25.16:09:34::SCWPlatform::Opened existing hwdb DEMO_wrapper_0
TRACE::2025-06-25.16:09:34::SCWPlatform::Found the Hw Db part of the input DSA
TRACE::2025-06-25.16:09:34::SCWPlatform::Trying to open the hw design at D:/proyectosep2/IEE2463-SEP-Proyecto-2-Z8/2_core/vitis/2_core/hw/DEMO_wrapper.xsa
TRACE::2025-06-25.16:09:34::SCWPlatform::DSA given D:/proyectosep2/IEE2463-SEP-Proyecto-2-Z8/2_core/vitis/2_core/hw/DEMO_wrapper.xsa
TRACE::2025-06-25.16:09:34::SCWPlatform::DSA absoulate path D:/proyectosep2/IEE2463-SEP-Proyecto-2-Z8/2_core/vitis/2_core/hw/DEMO_wrapper.xsa
TRACE::2025-06-25.16:09:34::SCWPlatform::DSA directory D:/proyectosep2/IEE2463-SEP-Proyecto-2-Z8/2_core/vitis/2_core/hw
TRACE::2025-06-25.16:09:34::SCWPlatform:: Platform Path D:/proyectosep2/IEE2463-SEP-Proyecto-2-Z8/2_core/vitis/2_core/hw/DEMO_wrapper.xsa
TRACE::2025-06-25.16:09:34::SCWPlatform:: Unique name xilinx:zybo-z7-10::0.0
TRACE::2025-06-25.16:09:34::SCWPlatform::Trying to set the existing hwdb with name DEMO_wrapper_0
TRACE::2025-06-25.16:09:34::SCWPlatform::Opened existing hwdb DEMO_wrapper_0
TRACE::2025-06-25.16:09:34::SCWPlatform::Found the Hw Db part of the input DSA
TRACE::2025-06-25.16:09:34::SCWPlatform::Trying to open the hw design at D:/proyectosep2/IEE2463-SEP-Proyecto-2-Z8/2_core/vitis/2_core/hw/DEMO_wrapper.xsa
TRACE::2025-06-25.16:09:34::SCWPlatform::DSA given D:/proyectosep2/IEE2463-SEP-Proyecto-2-Z8/2_core/vitis/2_core/hw/DEMO_wrapper.xsa
TRACE::2025-06-25.16:09:34::SCWPlatform::DSA absoulate path D:/proyectosep2/IEE2463-SEP-Proyecto-2-Z8/2_core/vitis/2_core/hw/DEMO_wrapper.xsa
TRACE::2025-06-25.16:09:34::SCWPlatform::DSA directory D:/proyectosep2/IEE2463-SEP-Proyecto-2-Z8/2_core/vitis/2_core/hw
TRACE::2025-06-25.16:09:34::SCWPlatform:: Platform Path D:/proyectosep2/IEE2463-SEP-Proyecto-2-Z8/2_core/vitis/2_core/hw/DEMO_wrapper.xsa
TRACE::2025-06-25.16:09:34::SCWPlatform:: Unique name xilinx:zybo-z7-10::0.0
TRACE::2025-06-25.16:09:34::SCWPlatform::Trying to set the existing hwdb with name DEMO_wrapper_0
TRACE::2025-06-25.16:09:34::SCWPlatform::Opened existing hwdb DEMO_wrapper_0
TRACE::2025-06-25.16:09:34::SCWPlatform::Found the Hw Db part of the input DSA
TRACE::2025-06-25.16:09:34::SCWPlatform::Boot application domain added for zynq_fsbl
TRACE::2025-06-25.16:09:34::SCWPlatform::Generating the sources  .
TRACE::2025-06-25.16:09:34::SCWBDomain::Generating boot domain sources.
TRACE::2025-06-25.16:09:34::SCWBDomain:: Generating the zynq_fsbl Application.
TRACE::2025-06-25.16:09:34::SCWPlatform::Trying to open the hw design at D:/proyectosep2/IEE2463-SEP-Proyecto-2-Z8/2_core/vitis/2_core/hw/DEMO_wrapper.xsa
TRACE::2025-06-25.16:09:34::SCWPlatform::DSA given D:/proyectosep2/IEE2463-SEP-Proyecto-2-Z8/2_core/vitis/2_core/hw/DEMO_wrapper.xsa
TRACE::2025-06-25.16:09:34::SCWPlatform::DSA absoulate path D:/proyectosep2/IEE2463-SEP-Proyecto-2-Z8/2_core/vitis/2_core/hw/DEMO_wrapper.xsa
TRACE::2025-06-25.16:09:34::SCWPlatform::DSA directory D:/proyectosep2/IEE2463-SEP-Proyecto-2-Z8/2_core/vitis/2_core/hw
TRACE::2025-06-25.16:09:34::SCWPlatform:: Platform Path D:/proyectosep2/IEE2463-SEP-Proyecto-2-Z8/2_core/vitis/2_core/hw/DEMO_wrapper.xsa
TRACE::2025-06-25.16:09:34::SCWPlatform:: Unique name xilinx:zybo-z7-10::0.0
TRACE::2025-06-25.16:09:34::SCWPlatform::Trying to set the existing hwdb with name DEMO_wrapper_0
TRACE::2025-06-25.16:09:34::SCWPlatform::Opened existing hwdb DEMO_wrapper_0
TRACE::2025-06-25.16:09:34::SCWPlatform::Found the Hw Db part of the input DSA
TRACE::2025-06-25.16:09:34::SCWMssOS::Checking the sw design at  D:/proyectosep2/IEE2463-SEP-Proyecto-2-Z8/2_core/vitis/2_core/zynq_fsbl/zynq_fsbl_bsp/system.mss
TRACE::2025-06-25.16:09:34::SCWMssOS::DEBUG:  swdes dump  
TRACE::2025-06-25.16:09:34::SCWMssOS::No sw design opened at  D:/proyectosep2/IEE2463-SEP-Proyecto-2-Z8/2_core/vitis/2_core/zynq_fsbl/zynq_fsbl_bsp/system.mss
TRACE::2025-06-25.16:09:34::SCWMssOS::mss does not exists at D:/proyectosep2/IEE2463-SEP-Proyecto-2-Z8/2_core/vitis/2_core/zynq_fsbl/zynq_fsbl_bsp/system.mss
TRACE::2025-06-25.16:09:34::SCWMssOS::Creating sw design at  D:/proyectosep2/IEE2463-SEP-Proyecto-2-Z8/2_core/vitis/2_core/zynq_fsbl/zynq_fsbl_bsp/system.mss
TRACE::2025-06-25.16:09:34::SCWMssOS::Adding the swdes entry, created swdb D:/proyectosep2/IEE2463-SEP-Proyecto-2-Z8/2_core/vitis/2_core/zynq_fsbl/zynq_fsbl_bsp/system.mss with des name D:/proyectosep2/IEE2463-SEP-Proyecto-2-Z8/2_core/vitis/2_core/zynq_fsbl/zynq_fsbl_bsp/system.mss
TRACE::2025-06-25.16:09:34::SCWMssOS::updating the scw layer changes to swdes at   D:/proyectosep2/IEE2463-SEP-Proyecto-2-Z8/2_core/vitis/2_core/zynq_fsbl/zynq_fsbl_bsp/system.mss
TRACE::2025-06-25.16:09:34::SCWMssOS::Writing mss at D:/proyectosep2/IEE2463-SEP-Proyecto-2-Z8/2_core/vitis/2_core/zynq_fsbl/zynq_fsbl_bsp/system.mss
TRACE::2025-06-25.16:09:34::SCWMssOS::Completed writing the mss file at D:/proyectosep2/IEE2463-SEP-Proyecto-2-Z8/2_core/vitis/2_core/zynq_fsbl/zynq_fsbl_bsp
TRACE::2025-06-25.16:09:34::SCWMssOS::Picking up changes from newly written mss file into SCW Layer. 
TRACE::2025-06-25.16:09:34::SCWMssOS::Updated the changes from newly written mss file into SCW Layer. 
TRACE::2025-06-25.16:09:34::SCWBDomain::Completed writing the mss file at D:/proyectosep2/IEE2463-SEP-Proyecto-2-Z8/2_core/vitis/2_core/zynq_fsbl/zynq_fsbl_bsp
TRACE::2025-06-25.16:09:42::SCWPlatform::Generating sources Done.
TRACE::2025-06-25.16:09:42::SCWPlatform::Trying to open the hw design at D:/proyectosep2/IEE2463-SEP-Proyecto-2-Z8/2_core/vitis/2_core/hw/DEMO_wrapper.xsa
TRACE::2025-06-25.16:09:42::SCWPlatform::DSA given D:/proyectosep2/IEE2463-SEP-Proyecto-2-Z8/2_core/vitis/2_core/hw/DEMO_wrapper.xsa
TRACE::2025-06-25.16:09:42::SCWPlatform::DSA absoulate path D:/proyectosep2/IEE2463-SEP-Proyecto-2-Z8/2_core/vitis/2_core/hw/DEMO_wrapper.xsa
TRACE::2025-06-25.16:09:42::SCWPlatform::DSA directory D:/proyectosep2/IEE2463-SEP-Proyecto-2-Z8/2_core/vitis/2_core/hw
TRACE::2025-06-25.16:09:42::SCWPlatform:: Platform Path D:/proyectosep2/IEE2463-SEP-Proyecto-2-Z8/2_core/vitis/2_core/hw/DEMO_wrapper.xsa
TRACE::2025-06-25.16:09:42::SCWPlatform:: Unique name xilinx:zybo-z7-10::0.0
TRACE::2025-06-25.16:09:42::SCWPlatform::Trying to set the existing hwdb with name DEMO_wrapper_0
TRACE::2025-06-25.16:09:42::SCWPlatform::Opened existing hwdb DEMO_wrapper_0
TRACE::2025-06-25.16:09:42::SCWPlatform::Found the Hw Db part of the input DSA
TRACE::2025-06-25.16:09:42::SCWMssOS::Checking the sw design at  D:/proyectosep2/IEE2463-SEP-Proyecto-2-Z8/2_core/vitis/2_core/zynq_fsbl/zynq_fsbl_bsp/system.mss
TRACE::2025-06-25.16:09:42::SCWMssOS::DEBUG:  swdes dump  D:/proyectosep2/IEE2463-SEP-Proyecto-2-Z8/2_core/vitis/2_core/zynq_fsbl/zynq_fsbl_bsp/system.mss|D:/proyectosep2/IEE2463-SEP-Proyecto-2-Z8/2_core/vitis/2_core/zynq_fsbl/zynq_fsbl_bsp/system.mss||

KEYINFO::2025-06-25.16:09:42::SCWMssOS::Could not open the swdb for D:/proyectosep2/IEE2463-SEP-Proyecto-2-Z8/2_core/vitis/2_core/zynq_fsbl/zynq_fsbl_bsp/system.mss
KEYINFO::2025-06-25.16:09:42::SCWMssOS::Could not open the sw design at  D:/proyectosep2/IEE2463-SEP-Proyecto-2-Z8/2_core/vitis/2_core/zynq_fsbl/zynq_fsbl_bsp/system.mss
ERROR: [Hsi 55-1558] Software Design D:/proyectosep2/IEE2463-SEP-Proyecto-2-Z8/2_core/vitis/2_core/zynq_fsbl/zynq_fsbl_bsp/system.mss is not found

TRACE::2025-06-25.16:09:42::SCWMssOS::Cleared the swdb table entry
TRACE::2025-06-25.16:09:42::SCWMssOS::No sw design opened at  D:/proyectosep2/IEE2463-SEP-Proyecto-2-Z8/2_core/vitis/2_core/zynq_fsbl/zynq_fsbl_bsp/system.mss
TRACE::2025-06-25.16:09:42::SCWMssOS::mss exists loading the mss file  D:/proyectosep2/IEE2463-SEP-Proyecto-2-Z8/2_core/vitis/2_core/zynq_fsbl/zynq_fsbl_bsp/system.mss
TRACE::2025-06-25.16:09:42::SCWMssOS::Opened the sw design from mss  D:/proyectosep2/IEE2463-SEP-Proyecto-2-Z8/2_core/vitis/2_core/zynq_fsbl/zynq_fsbl_bsp/system.mss
TRACE::2025-06-25.16:09:42::SCWMssOS::Adding the swdes entry D:/proyectosep2/IEE2463-SEP-Proyecto-2-Z8/2_core/vitis/2_core/zynq_fsbl/zynq_fsbl_bsp/system.mss with des name system
TRACE::2025-06-25.16:09:42::SCWMssOS::updating the scw layer about changes
TRACE::2025-06-25.16:09:42::SCWMssOS::Opened the sw design.  D:/proyectosep2/IEE2463-SEP-Proyecto-2-Z8/2_core/vitis/2_core/zynq_fsbl/zynq_fsbl_bsp/system.mss
TRACE::2025-06-25.16:09:42::SCWMssOS::Saving the mss changes D:/proyectosep2/IEE2463-SEP-Proyecto-2-Z8/2_core/vitis/2_core/zynq_fsbl/zynq_fsbl_bsp/system.mss
TRACE::2025-06-25.16:09:42::SCWMssOS::Found a swdesign opened with the mssfile.
TRACE::2025-06-25.16:09:42::SCWMssOS::Completed writemss as part of save.
TRACE::2025-06-25.16:09:42::SCWMssOS::Commit changes completed.
TRACE::2025-06-25.16:09:42::SCWPlatform::Trying to open the hw design at D:/proyectosep2/IEE2463-SEP-Proyecto-2-Z8/2_core/vitis/2_core/hw/DEMO_wrapper.xsa
TRACE::2025-06-25.16:09:42::SCWPlatform::DSA given D:/proyectosep2/IEE2463-SEP-Proyecto-2-Z8/2_core/vitis/2_core/hw/DEMO_wrapper.xsa
TRACE::2025-06-25.16:09:42::SCWPlatform::DSA absoulate path D:/proyectosep2/IEE2463-SEP-Proyecto-2-Z8/2_core/vitis/2_core/hw/DEMO_wrapper.xsa
TRACE::2025-06-25.16:09:42::SCWPlatform::DSA directory D:/proyectosep2/IEE2463-SEP-Proyecto-2-Z8/2_core/vitis/2_core/hw
TRACE::2025-06-25.16:09:42::SCWPlatform:: Platform Path D:/proyectosep2/IEE2463-SEP-Proyecto-2-Z8/2_core/vitis/2_core/hw/DEMO_wrapper.xsa
TRACE::2025-06-25.16:09:42::SCWPlatform:: Unique name xilinx:zybo-z7-10::0.0
TRACE::2025-06-25.16:09:42::SCWPlatform::Trying to set the existing hwdb with name DEMO_wrapper_0
TRACE::2025-06-25.16:09:42::SCWPlatform::Opened existing hwdb DEMO_wrapper_0
TRACE::2025-06-25.16:09:42::SCWPlatform::Found the Hw Db part of the input DSA
TRACE::2025-06-25.16:09:42::SCWMssOS::Checking the sw design at  D:/proyectosep2/IEE2463-SEP-Proyecto-2-Z8/2_core/vitis/2_core/zynq_fsbl/zynq_fsbl_bsp/system.mss
TRACE::2025-06-25.16:09:42::SCWMssOS::DEBUG:  swdes dump  D:/proyectosep2/IEE2463-SEP-Proyecto-2-Z8/2_core/vitis/2_core/zynq_fsbl/zynq_fsbl_bsp/system.mss|system||

TRACE::2025-06-25.16:09:42::SCWMssOS::Sw design exists and opened at  D:/proyectosep2/IEE2463-SEP-Proyecto-2-Z8/2_core/vitis/2_core/zynq_fsbl/zynq_fsbl_bsp/system.mss
TRACE::2025-06-25.16:09:42::SCWPlatform::Trying to open the hw design at D:/proyectosep2/IEE2463-SEP-Proyecto-2-Z8/2_core/vitis/2_core/hw/DEMO_wrapper.xsa
TRACE::2025-06-25.16:09:42::SCWPlatform::DSA given D:/proyectosep2/IEE2463-SEP-Proyecto-2-Z8/2_core/vitis/2_core/hw/DEMO_wrapper.xsa
TRACE::2025-06-25.16:09:42::SCWPlatform::DSA absoulate path D:/proyectosep2/IEE2463-SEP-Proyecto-2-Z8/2_core/vitis/2_core/hw/DEMO_wrapper.xsa
TRACE::2025-06-25.16:09:42::SCWPlatform::DSA directory D:/proyectosep2/IEE2463-SEP-Proyecto-2-Z8/2_core/vitis/2_core/hw
TRACE::2025-06-25.16:09:42::SCWPlatform:: Platform Path D:/proyectosep2/IEE2463-SEP-Proyecto-2-Z8/2_core/vitis/2_core/hw/DEMO_wrapper.xsa
TRACE::2025-06-25.16:09:42::SCWPlatform:: Unique name xilinx:zybo-z7-10::0.0
TRACE::2025-06-25.16:09:42::SCWPlatform::Trying to set the existing hwdb with name DEMO_wrapper_0
TRACE::2025-06-25.16:09:42::SCWPlatform::Opened existing hwdb DEMO_wrapper_0
TRACE::2025-06-25.16:09:42::SCWPlatform::Found the Hw Db part of the input DSA
TRACE::2025-06-25.16:09:42::SCWMssOS::Checking the sw design at  D:/proyectosep2/IEE2463-SEP-Proyecto-2-Z8/2_core/vitis/2_core/zynq_fsbl/zynq_fsbl_bsp/system.mss
TRACE::2025-06-25.16:09:42::SCWMssOS::DEBUG:  swdes dump  D:/proyectosep2/IEE2463-SEP-Proyecto-2-Z8/2_core/vitis/2_core/zynq_fsbl/zynq_fsbl_bsp/system.mss|system||

TRACE::2025-06-25.16:09:42::SCWMssOS::Sw design exists and opened at  D:/proyectosep2/IEE2463-SEP-Proyecto-2-Z8/2_core/vitis/2_core/zynq_fsbl/zynq_fsbl_bsp/system.mss
TRACE::2025-06-25.16:09:42::SCWPlatform::Trying to open the hw design at D:/proyectosep2/IEE2463-SEP-Proyecto-2-Z8/2_core/vitis/2_core/hw/DEMO_wrapper.xsa
TRACE::2025-06-25.16:09:42::SCWPlatform::DSA given D:/proyectosep2/IEE2463-SEP-Proyecto-2-Z8/2_core/vitis/2_core/hw/DEMO_wrapper.xsa
TRACE::2025-06-25.16:09:42::SCWPlatform::DSA absoulate path D:/proyectosep2/IEE2463-SEP-Proyecto-2-Z8/2_core/vitis/2_core/hw/DEMO_wrapper.xsa
TRACE::2025-06-25.16:09:42::SCWPlatform::DSA directory D:/proyectosep2/IEE2463-SEP-Proyecto-2-Z8/2_core/vitis/2_core/hw
TRACE::2025-06-25.16:09:42::SCWPlatform:: Platform Path D:/proyectosep2/IEE2463-SEP-Proyecto-2-Z8/2_core/vitis/2_core/hw/DEMO_wrapper.xsa
TRACE::2025-06-25.16:09:42::SCWPlatform:: Unique name xilinx:zybo-z7-10::0.0
TRACE::2025-06-25.16:09:42::SCWPlatform::Trying to set the existing hwdb with name DEMO_wrapper_0
TRACE::2025-06-25.16:09:42::SCWPlatform::Opened existing hwdb DEMO_wrapper_0
TRACE::2025-06-25.16:09:42::SCWPlatform::Found the Hw Db part of the input DSA
TRACE::2025-06-25.16:09:42::SCWMssOS::Checking the sw design at  D:/proyectosep2/IEE2463-SEP-Proyecto-2-Z8/2_core/vitis/2_core/zynq_fsbl/zynq_fsbl_bsp/system.mss
TRACE::2025-06-25.16:09:42::SCWMssOS::DEBUG:  swdes dump  D:/proyectosep2/IEE2463-SEP-Proyecto-2-Z8/2_core/vitis/2_core/zynq_fsbl/zynq_fsbl_bsp/system.mss|system||

TRACE::2025-06-25.16:09:42::SCWMssOS::Sw design exists and opened at  D:/proyectosep2/IEE2463-SEP-Proyecto-2-Z8/2_core/vitis/2_core/zynq_fsbl/zynq_fsbl_bsp/system.mss
TRACE::2025-06-25.16:09:42::SCWWriter::formatted JSON is {
	"platformName":	"2_core",
	"sprVersion":	"2.0",
	"mode":	"gui",
	"dsaType":	"Fixed",
	"platformDesc":	"2_core",
	"platHandOff":	"D:/proyectosep2/IEE2463-SEP-Proyecto-2-Z8/full_hardware/vivado/DEMO_wrapper.xsa",
	"platIntHandOff":	"<platformDir>/hw/DEMO_wrapper.xsa",
	"deviceType":	"zynq",
	"platIsPrebuiltAutogen":	"false",
	"platIsNoBootBsp":	"false",
	"platFsblTarget":	"ps7_cortexa9_0",
	"hasFsblMakeHasChanges":	"false",
	"hasPmufwMakeHasChanges":	"false",
	"fsblExtraCompilerFlags":	"-MMD -MP       -mcpu=cortex-a9 -mfpu=vfpv3 -mfloat-abi=hard ",
	"platPreBuiltFlag":	false,
	"platformSamplesDir":	"",
	"platActiveSys":	"2_core",
	"systems":	[{
			"systemName":	"2_core",
			"systemDesc":	"2_core",
			"sysIsBootAutoGen":	"true",
			"systemDispName":	"2_core",
			"sysActiveDom":	"zynq_fsbl",
			"sysDefaultDom":	"",
			"domains":	[{
					"domainName":	"zynq_fsbl",
					"domainDispName":	"zynq_fsbl",
					"domainDesc":	"FSBL Application BSP - Auto Generated.",
					"processors":	"ps7_cortexa9_0",
					"os":	"standalone",
					"sdxOs":	"standalone",
					"debugEnable":	"",
					"domRuntimes":	["cpp"],
					"swRepo":	"",
					"mssOsVer":	"7.2",
					"mssFile":	"",
					"md5Digest":	"22a6aa47fd12e4eea21ee9dba4d7fcad",
					"compatibleApp":	"zynq_fsbl",
					"domType":	"bootDomain",
					"appSettings":	{
						"appCompilerFlags":	"",
						"appLinkerFlags":	""
					},
					"addedLibs":	["xilffs:4.3", "xilrsa:1.6"],
					"libOptions":	{
						"libsContainingOptions":	[]
					},
					"prebuiltLibs":	{
						"prebuiltIncPath":	[],
						"prebuiltLibPath":	[]
					},
					"isolation":	{
					}
				}]
		}]
}
TRACE::2025-06-25.16:09:42::SCWDomain::checking for install qemu data   : 
TRACE::2025-06-25.16:09:42::SCWDomain:: Using the QEMU Data from install at  : D:/Xilinx/Vitis/2020.1/data/emulation/platforms/zynq/qemu/
TRACE::2025-06-25.16:09:42::SCWDomain:: Using the QEMU args  from install at  : D:/Xilinx/Vitis/2020.1/data/emulation/platforms/zynq/qemu/qemu_args.txt
TRACE::2025-06-25.16:09:42::SCWPlatform::Trying to open the hw design at D:/proyectosep2/IEE2463-SEP-Proyecto-2-Z8/2_core/vitis/2_core/hw/DEMO_wrapper.xsa
TRACE::2025-06-25.16:09:42::SCWPlatform::DSA given D:/proyectosep2/IEE2463-SEP-Proyecto-2-Z8/2_core/vitis/2_core/hw/DEMO_wrapper.xsa
TRACE::2025-06-25.16:09:42::SCWPlatform::DSA absoulate path D:/proyectosep2/IEE2463-SEP-Proyecto-2-Z8/2_core/vitis/2_core/hw/DEMO_wrapper.xsa
TRACE::2025-06-25.16:09:42::SCWPlatform::DSA directory D:/proyectosep2/IEE2463-SEP-Proyecto-2-Z8/2_core/vitis/2_core/hw
TRACE::2025-06-25.16:09:42::SCWPlatform:: Platform Path D:/proyectosep2/IEE2463-SEP-Proyecto-2-Z8/2_core/vitis/2_core/hw/DEMO_wrapper.xsa
TRACE::2025-06-25.16:09:42::SCWPlatform:: Unique name xilinx:zybo-z7-10::0.0
TRACE::2025-06-25.16:09:42::SCWPlatform::Trying to set the existing hwdb with name DEMO_wrapper_0
TRACE::2025-06-25.16:09:42::SCWPlatform::Opened existing hwdb DEMO_wrapper_0
TRACE::2025-06-25.16:09:42::SCWPlatform::Found the Hw Db part of the input DSA
TRACE::2025-06-25.16:09:42::SCWPlatform::Trying to open the hw design at D:/proyectosep2/IEE2463-SEP-Proyecto-2-Z8/2_core/vitis/2_core/hw/DEMO_wrapper.xsa
TRACE::2025-06-25.16:09:42::SCWPlatform::DSA given D:/proyectosep2/IEE2463-SEP-Proyecto-2-Z8/2_core/vitis/2_core/hw/DEMO_wrapper.xsa
TRACE::2025-06-25.16:09:42::SCWPlatform::DSA absoulate path D:/proyectosep2/IEE2463-SEP-Proyecto-2-Z8/2_core/vitis/2_core/hw/DEMO_wrapper.xsa
TRACE::2025-06-25.16:09:42::SCWPlatform::DSA directory D:/proyectosep2/IEE2463-SEP-Proyecto-2-Z8/2_core/vitis/2_core/hw
TRACE::2025-06-25.16:09:42::SCWPlatform:: Platform Path D:/proyectosep2/IEE2463-SEP-Proyecto-2-Z8/2_core/vitis/2_core/hw/DEMO_wrapper.xsa
TRACE::2025-06-25.16:09:42::SCWPlatform:: Unique name xilinx:zybo-z7-10::0.0
TRACE::2025-06-25.16:09:42::SCWPlatform::Trying to set the existing hwdb with name DEMO_wrapper_0
TRACE::2025-06-25.16:09:42::SCWPlatform::Opened existing hwdb DEMO_wrapper_0
TRACE::2025-06-25.16:09:42::SCWPlatform::Found the Hw Db part of the input DSA
TRACE::2025-06-25.16:09:42::SCWPlatform::Trying to open the hw design at D:/proyectosep2/IEE2463-SEP-Proyecto-2-Z8/2_core/vitis/2_core/hw/DEMO_wrapper.xsa
TRACE::2025-06-25.16:09:42::SCWPlatform::DSA given D:/proyectosep2/IEE2463-SEP-Proyecto-2-Z8/2_core/vitis/2_core/hw/DEMO_wrapper.xsa
TRACE::2025-06-25.16:09:42::SCWPlatform::DSA absoulate path D:/proyectosep2/IEE2463-SEP-Proyecto-2-Z8/2_core/vitis/2_core/hw/DEMO_wrapper.xsa
TRACE::2025-06-25.16:09:42::SCWPlatform::DSA directory D:/proyectosep2/IEE2463-SEP-Proyecto-2-Z8/2_core/vitis/2_core/hw
TRACE::2025-06-25.16:09:42::SCWPlatform:: Platform Path D:/proyectosep2/IEE2463-SEP-Proyecto-2-Z8/2_core/vitis/2_core/hw/DEMO_wrapper.xsa
TRACE::2025-06-25.16:09:42::SCWPlatform:: Unique name xilinx:zybo-z7-10::0.0
TRACE::2025-06-25.16:09:42::SCWPlatform::Trying to set the existing hwdb with name DEMO_wrapper_0
TRACE::2025-06-25.16:09:42::SCWPlatform::Opened existing hwdb DEMO_wrapper_0
TRACE::2025-06-25.16:09:42::SCWPlatform::Found the Hw Db part of the input DSA
TRACE::2025-06-25.16:09:42::SCWMssOS::Checking the sw design at  D:/proyectosep2/IEE2463-SEP-Proyecto-2-Z8/2_core/vitis/2_core/ps7_cortexa9_1/standalone_domain/bsp/system.mss
TRACE::2025-06-25.16:09:42::SCWMssOS::DEBUG:  swdes dump  D:/proyectosep2/IEE2463-SEP-Proyecto-2-Z8/2_core/vitis/2_core/zynq_fsbl/zynq_fsbl_bsp/system.mss|system||

TRACE::2025-06-25.16:09:42::SCWMssOS::No sw design opened at  D:/proyectosep2/IEE2463-SEP-Proyecto-2-Z8/2_core/vitis/2_core/ps7_cortexa9_1/standalone_domain/bsp/system.mss
TRACE::2025-06-25.16:09:42::SCWMssOS::mss does not exists at D:/proyectosep2/IEE2463-SEP-Proyecto-2-Z8/2_core/vitis/2_core/ps7_cortexa9_1/standalone_domain/bsp/system.mss
TRACE::2025-06-25.16:09:42::SCWMssOS::Creating sw design at  D:/proyectosep2/IEE2463-SEP-Proyecto-2-Z8/2_core/vitis/2_core/ps7_cortexa9_1/standalone_domain/bsp/system.mss
TRACE::2025-06-25.16:09:43::SCWMssOS::Adding the swdes entry, created swdb D:/proyectosep2/IEE2463-SEP-Proyecto-2-Z8/2_core/vitis/2_core/ps7_cortexa9_1/standalone_domain/bsp/system.mss with des name D:/proyectosep2/IEE2463-SEP-Proyecto-2-Z8/2_core/vitis/2_core/ps7_cortexa9_1/standalone_domain/bsp/system.mss
TRACE::2025-06-25.16:09:43::SCWMssOS::updating the scw layer changes to swdes at   D:/proyectosep2/IEE2463-SEP-Proyecto-2-Z8/2_core/vitis/2_core/ps7_cortexa9_1/standalone_domain/bsp/system.mss
TRACE::2025-06-25.16:09:43::SCWMssOS::Writing mss at D:/proyectosep2/IEE2463-SEP-Proyecto-2-Z8/2_core/vitis/2_core/ps7_cortexa9_1/standalone_domain/bsp/system.mss
TRACE::2025-06-25.16:09:43::SCWMssOS::Completed writing the mss file at D:/proyectosep2/IEE2463-SEP-Proyecto-2-Z8/2_core/vitis/2_core/ps7_cortexa9_1/standalone_domain/bsp
TRACE::2025-06-25.16:09:43::SCWMssOS::Picking up changes from newly written mss file into SCW Layer. 
TRACE::2025-06-25.16:09:43::SCWMssOS::Updated the changes from newly written mss file into SCW Layer. 
TRACE::2025-06-25.16:09:43::SCWMssOS::Completed writing the mss file at D:/proyectosep2/IEE2463-SEP-Proyecto-2-Z8/2_core/vitis/2_core/ps7_cortexa9_1/standalone_domain/bsp
TRACE::2025-06-25.16:09:43::SCWMssOS::Forcing BSP Sources regeneration.
TRACE::2025-06-25.16:09:44::SCWMssOS::Saving the mss changes D:/proyectosep2/IEE2463-SEP-Proyecto-2-Z8/2_core/vitis/2_core/zynq_fsbl/zynq_fsbl_bsp/system.mss
TRACE::2025-06-25.16:09:44::SCWMssOS::Found a swdesign opened with the mssfile.
TRACE::2025-06-25.16:09:44::SCWMssOS::Completed writemss as part of save.
TRACE::2025-06-25.16:09:44::SCWMssOS::Commit changes completed.
TRACE::2025-06-25.16:09:44::SCWMssOS::Saving the mss changes D:/proyectosep2/IEE2463-SEP-Proyecto-2-Z8/2_core/vitis/2_core/ps7_cortexa9_1/standalone_domain/bsp/system.mss
TRACE::2025-06-25.16:09:44::SCWMssOS::Found a swdesign opened with the mssfile.
TRACE::2025-06-25.16:09:44::SCWMssOS::Running validate of swdbs.
KEYINFO::2025-06-25.16:09:44::SCWMssOS::Could not open the swdb for D:/proyectosep2/IEE2463-SEP-Proyecto-2-Z8/2_core/vitis/2_core/ps7_cortexa9_1/standalone_domain/bsp/system.mss
KEYINFO::2025-06-25.16:09:44::SCWMssOS::Could not open the sw design at  D:/proyectosep2/IEE2463-SEP-Proyecto-2-Z8/2_core/vitis/2_core/ps7_cortexa9_1/standalone_domain/bsp/system.mss
ERROR: [Hsi 55-1558] Software Design D:/proyectosep2/IEE2463-SEP-Proyecto-2-Z8/2_core/vitis/2_core/ps7_cortexa9_1/standalone_domain/bsp/system.mss is not found

TRACE::2025-06-25.16:09:44::SCWMssOS::Cleared the swdb table entry
TRACE::2025-06-25.16:09:44::SCWMssOS::Adding the swdes entry, mss present, able to open swdb D:/proyectosep2/IEE2463-SEP-Proyecto-2-Z8/2_core/vitis/2_core/ps7_cortexa9_1/standalone_domain/bsp/system.mss with des name system_0
TRACE::2025-06-25.16:09:44::SCWMssOS::Writing the mss file completed D:/proyectosep2/IEE2463-SEP-Proyecto-2-Z8/2_core/vitis/2_core/ps7_cortexa9_1/standalone_domain/bsp/system.mss
TRACE::2025-06-25.16:09:44::SCWMssOS::Commit changes completed.
TRACE::2025-06-25.16:09:44::SCWPlatform::Trying to open the hw design at D:/proyectosep2/IEE2463-SEP-Proyecto-2-Z8/2_core/vitis/2_core/hw/DEMO_wrapper.xsa
TRACE::2025-06-25.16:09:44::SCWPlatform::DSA given D:/proyectosep2/IEE2463-SEP-Proyecto-2-Z8/2_core/vitis/2_core/hw/DEMO_wrapper.xsa
TRACE::2025-06-25.16:09:44::SCWPlatform::DSA absoulate path D:/proyectosep2/IEE2463-SEP-Proyecto-2-Z8/2_core/vitis/2_core/hw/DEMO_wrapper.xsa
TRACE::2025-06-25.16:09:44::SCWPlatform::DSA directory D:/proyectosep2/IEE2463-SEP-Proyecto-2-Z8/2_core/vitis/2_core/hw
TRACE::2025-06-25.16:09:44::SCWPlatform:: Platform Path D:/proyectosep2/IEE2463-SEP-Proyecto-2-Z8/2_core/vitis/2_core/hw/DEMO_wrapper.xsa
TRACE::2025-06-25.16:09:44::SCWPlatform:: Unique name xilinx:zybo-z7-10::0.0
TRACE::2025-06-25.16:09:44::SCWPlatform::Trying to set the existing hwdb with name DEMO_wrapper_0
TRACE::2025-06-25.16:09:44::SCWPlatform::Opened existing hwdb DEMO_wrapper_0
TRACE::2025-06-25.16:09:44::SCWPlatform::Found the Hw Db part of the input DSA
TRACE::2025-06-25.16:09:44::SCWMssOS::Checking the sw design at  D:/proyectosep2/IEE2463-SEP-Proyecto-2-Z8/2_core/vitis/2_core/zynq_fsbl/zynq_fsbl_bsp/system.mss
TRACE::2025-06-25.16:09:44::SCWMssOS::DEBUG:  swdes dump  D:/proyectosep2/IEE2463-SEP-Proyecto-2-Z8/2_core/vitis/2_core/ps7_cortexa9_1/standalone_domain/bsp/system.mss|system_0||
D:/proyectosep2/IEE2463-SEP-Proyecto-2-Z8/2_core/vitis/2_core/zynq_fsbl/zynq_fsbl_bsp/system.mss|system||

TRACE::2025-06-25.16:09:44::SCWMssOS::Sw design exists and opened at  D:/proyectosep2/IEE2463-SEP-Proyecto-2-Z8/2_core/vitis/2_core/zynq_fsbl/zynq_fsbl_bsp/system.mss
TRACE::2025-06-25.16:09:44::SCWPlatform::Trying to open the hw design at D:/proyectosep2/IEE2463-SEP-Proyecto-2-Z8/2_core/vitis/2_core/hw/DEMO_wrapper.xsa
TRACE::2025-06-25.16:09:44::SCWPlatform::DSA given D:/proyectosep2/IEE2463-SEP-Proyecto-2-Z8/2_core/vitis/2_core/hw/DEMO_wrapper.xsa
TRACE::2025-06-25.16:09:44::SCWPlatform::DSA absoulate path D:/proyectosep2/IEE2463-SEP-Proyecto-2-Z8/2_core/vitis/2_core/hw/DEMO_wrapper.xsa
TRACE::2025-06-25.16:09:44::SCWPlatform::DSA directory D:/proyectosep2/IEE2463-SEP-Proyecto-2-Z8/2_core/vitis/2_core/hw
TRACE::2025-06-25.16:09:44::SCWPlatform:: Platform Path D:/proyectosep2/IEE2463-SEP-Proyecto-2-Z8/2_core/vitis/2_core/hw/DEMO_wrapper.xsa
TRACE::2025-06-25.16:09:44::SCWPlatform:: Unique name xilinx:zybo-z7-10::0.0
TRACE::2025-06-25.16:09:44::SCWPlatform::Trying to set the existing hwdb with name DEMO_wrapper_0
TRACE::2025-06-25.16:09:44::SCWPlatform::Opened existing hwdb DEMO_wrapper_0
TRACE::2025-06-25.16:09:44::SCWPlatform::Found the Hw Db part of the input DSA
TRACE::2025-06-25.16:09:44::SCWMssOS::Checking the sw design at  D:/proyectosep2/IEE2463-SEP-Proyecto-2-Z8/2_core/vitis/2_core/zynq_fsbl/zynq_fsbl_bsp/system.mss
TRACE::2025-06-25.16:09:44::SCWMssOS::DEBUG:  swdes dump  D:/proyectosep2/IEE2463-SEP-Proyecto-2-Z8/2_core/vitis/2_core/ps7_cortexa9_1/standalone_domain/bsp/system.mss|system_0||
D:/proyectosep2/IEE2463-SEP-Proyecto-2-Z8/2_core/vitis/2_core/zynq_fsbl/zynq_fsbl_bsp/system.mss|system||

TRACE::2025-06-25.16:09:44::SCWMssOS::Sw design exists and opened at  D:/proyectosep2/IEE2463-SEP-Proyecto-2-Z8/2_core/vitis/2_core/zynq_fsbl/zynq_fsbl_bsp/system.mss
TRACE::2025-06-25.16:09:44::SCWPlatform::Trying to open the hw design at D:/proyectosep2/IEE2463-SEP-Proyecto-2-Z8/2_core/vitis/2_core/hw/DEMO_wrapper.xsa
TRACE::2025-06-25.16:09:44::SCWPlatform::DSA given D:/proyectosep2/IEE2463-SEP-Proyecto-2-Z8/2_core/vitis/2_core/hw/DEMO_wrapper.xsa
TRACE::2025-06-25.16:09:44::SCWPlatform::DSA absoulate path D:/proyectosep2/IEE2463-SEP-Proyecto-2-Z8/2_core/vitis/2_core/hw/DEMO_wrapper.xsa
TRACE::2025-06-25.16:09:44::SCWPlatform::DSA directory D:/proyectosep2/IEE2463-SEP-Proyecto-2-Z8/2_core/vitis/2_core/hw
TRACE::2025-06-25.16:09:44::SCWPlatform:: Platform Path D:/proyectosep2/IEE2463-SEP-Proyecto-2-Z8/2_core/vitis/2_core/hw/DEMO_wrapper.xsa
TRACE::2025-06-25.16:09:44::SCWPlatform:: Unique name xilinx:zybo-z7-10::0.0
TRACE::2025-06-25.16:09:44::SCWPlatform::Trying to set the existing hwdb with name DEMO_wrapper_0
TRACE::2025-06-25.16:09:44::SCWPlatform::Opened existing hwdb DEMO_wrapper_0
TRACE::2025-06-25.16:09:44::SCWPlatform::Found the Hw Db part of the input DSA
TRACE::2025-06-25.16:09:44::SCWMssOS::Checking the sw design at  D:/proyectosep2/IEE2463-SEP-Proyecto-2-Z8/2_core/vitis/2_core/zynq_fsbl/zynq_fsbl_bsp/system.mss
TRACE::2025-06-25.16:09:44::SCWMssOS::DEBUG:  swdes dump  D:/proyectosep2/IEE2463-SEP-Proyecto-2-Z8/2_core/vitis/2_core/ps7_cortexa9_1/standalone_domain/bsp/system.mss|system_0||
D:/proyectosep2/IEE2463-SEP-Proyecto-2-Z8/2_core/vitis/2_core/zynq_fsbl/zynq_fsbl_bsp/system.mss|system||

TRACE::2025-06-25.16:09:44::SCWMssOS::Sw design exists and opened at  D:/proyectosep2/IEE2463-SEP-Proyecto-2-Z8/2_core/vitis/2_core/zynq_fsbl/zynq_fsbl_bsp/system.mss
TRACE::2025-06-25.16:09:44::SCWPlatform::Trying to open the hw design at D:/proyectosep2/IEE2463-SEP-Proyecto-2-Z8/2_core/vitis/2_core/hw/DEMO_wrapper.xsa
TRACE::2025-06-25.16:09:44::SCWPlatform::DSA given D:/proyectosep2/IEE2463-SEP-Proyecto-2-Z8/2_core/vitis/2_core/hw/DEMO_wrapper.xsa
TRACE::2025-06-25.16:09:44::SCWPlatform::DSA absoulate path D:/proyectosep2/IEE2463-SEP-Proyecto-2-Z8/2_core/vitis/2_core/hw/DEMO_wrapper.xsa
TRACE::2025-06-25.16:09:44::SCWPlatform::DSA directory D:/proyectosep2/IEE2463-SEP-Proyecto-2-Z8/2_core/vitis/2_core/hw
TRACE::2025-06-25.16:09:44::SCWPlatform:: Platform Path D:/proyectosep2/IEE2463-SEP-Proyecto-2-Z8/2_core/vitis/2_core/hw/DEMO_wrapper.xsa
TRACE::2025-06-25.16:09:44::SCWPlatform:: Unique name xilinx:zybo-z7-10::0.0
TRACE::2025-06-25.16:09:44::SCWPlatform::Trying to set the existing hwdb with name DEMO_wrapper_0
TRACE::2025-06-25.16:09:44::SCWPlatform::Opened existing hwdb DEMO_wrapper_0
TRACE::2025-06-25.16:09:44::SCWPlatform::Found the Hw Db part of the input DSA
TRACE::2025-06-25.16:09:44::SCWMssOS::Checking the sw design at  D:/proyectosep2/IEE2463-SEP-Proyecto-2-Z8/2_core/vitis/2_core/ps7_cortexa9_1/standalone_domain/bsp/system.mss
TRACE::2025-06-25.16:09:44::SCWMssOS::DEBUG:  swdes dump  D:/proyectosep2/IEE2463-SEP-Proyecto-2-Z8/2_core/vitis/2_core/ps7_cortexa9_1/standalone_domain/bsp/system.mss|system_0||
D:/proyectosep2/IEE2463-SEP-Proyecto-2-Z8/2_core/vitis/2_core/zynq_fsbl/zynq_fsbl_bsp/system.mss|system||

TRACE::2025-06-25.16:09:44::SCWMssOS::Sw design exists and opened at  D:/proyectosep2/IEE2463-SEP-Proyecto-2-Z8/2_core/vitis/2_core/ps7_cortexa9_1/standalone_domain/bsp/system.mss
TRACE::2025-06-25.16:09:44::SCWPlatform::Trying to open the hw design at D:/proyectosep2/IEE2463-SEP-Proyecto-2-Z8/2_core/vitis/2_core/hw/DEMO_wrapper.xsa
TRACE::2025-06-25.16:09:44::SCWPlatform::DSA given D:/proyectosep2/IEE2463-SEP-Proyecto-2-Z8/2_core/vitis/2_core/hw/DEMO_wrapper.xsa
TRACE::2025-06-25.16:09:44::SCWPlatform::DSA absoulate path D:/proyectosep2/IEE2463-SEP-Proyecto-2-Z8/2_core/vitis/2_core/hw/DEMO_wrapper.xsa
TRACE::2025-06-25.16:09:44::SCWPlatform::DSA directory D:/proyectosep2/IEE2463-SEP-Proyecto-2-Z8/2_core/vitis/2_core/hw
TRACE::2025-06-25.16:09:44::SCWPlatform:: Platform Path D:/proyectosep2/IEE2463-SEP-Proyecto-2-Z8/2_core/vitis/2_core/hw/DEMO_wrapper.xsa
TRACE::2025-06-25.16:09:44::SCWPlatform:: Unique name xilinx:zybo-z7-10::0.0
TRACE::2025-06-25.16:09:44::SCWPlatform::Trying to set the existing hwdb with name DEMO_wrapper_0
TRACE::2025-06-25.16:09:44::SCWPlatform::Opened existing hwdb DEMO_wrapper_0
TRACE::2025-06-25.16:09:44::SCWPlatform::Found the Hw Db part of the input DSA
TRACE::2025-06-25.16:09:44::SCWMssOS::Checking the sw design at  D:/proyectosep2/IEE2463-SEP-Proyecto-2-Z8/2_core/vitis/2_core/ps7_cortexa9_1/standalone_domain/bsp/system.mss
TRACE::2025-06-25.16:09:44::SCWMssOS::DEBUG:  swdes dump  D:/proyectosep2/IEE2463-SEP-Proyecto-2-Z8/2_core/vitis/2_core/ps7_cortexa9_1/standalone_domain/bsp/system.mss|system_0||
D:/proyectosep2/IEE2463-SEP-Proyecto-2-Z8/2_core/vitis/2_core/zynq_fsbl/zynq_fsbl_bsp/system.mss|system||

TRACE::2025-06-25.16:09:44::SCWMssOS::Sw design exists and opened at  D:/proyectosep2/IEE2463-SEP-Proyecto-2-Z8/2_core/vitis/2_core/ps7_cortexa9_1/standalone_domain/bsp/system.mss
TRACE::2025-06-25.16:09:44::SCWPlatform::Trying to open the hw design at D:/proyectosep2/IEE2463-SEP-Proyecto-2-Z8/2_core/vitis/2_core/hw/DEMO_wrapper.xsa
TRACE::2025-06-25.16:09:44::SCWPlatform::DSA given D:/proyectosep2/IEE2463-SEP-Proyecto-2-Z8/2_core/vitis/2_core/hw/DEMO_wrapper.xsa
TRACE::2025-06-25.16:09:44::SCWPlatform::DSA absoulate path D:/proyectosep2/IEE2463-SEP-Proyecto-2-Z8/2_core/vitis/2_core/hw/DEMO_wrapper.xsa
TRACE::2025-06-25.16:09:44::SCWPlatform::DSA directory D:/proyectosep2/IEE2463-SEP-Proyecto-2-Z8/2_core/vitis/2_core/hw
TRACE::2025-06-25.16:09:44::SCWPlatform:: Platform Path D:/proyectosep2/IEE2463-SEP-Proyecto-2-Z8/2_core/vitis/2_core/hw/DEMO_wrapper.xsa
TRACE::2025-06-25.16:09:44::SCWPlatform:: Unique name xilinx:zybo-z7-10::0.0
TRACE::2025-06-25.16:09:44::SCWPlatform::Trying to set the existing hwdb with name DEMO_wrapper_0
TRACE::2025-06-25.16:09:44::SCWPlatform::Opened existing hwdb DEMO_wrapper_0
TRACE::2025-06-25.16:09:44::SCWPlatform::Found the Hw Db part of the input DSA
TRACE::2025-06-25.16:09:44::SCWMssOS::Checking the sw design at  D:/proyectosep2/IEE2463-SEP-Proyecto-2-Z8/2_core/vitis/2_core/ps7_cortexa9_1/standalone_domain/bsp/system.mss
TRACE::2025-06-25.16:09:44::SCWMssOS::DEBUG:  swdes dump  D:/proyectosep2/IEE2463-SEP-Proyecto-2-Z8/2_core/vitis/2_core/ps7_cortexa9_1/standalone_domain/bsp/system.mss|system_0||
D:/proyectosep2/IEE2463-SEP-Proyecto-2-Z8/2_core/vitis/2_core/zynq_fsbl/zynq_fsbl_bsp/system.mss|system||

TRACE::2025-06-25.16:09:44::SCWMssOS::Sw design exists and opened at  D:/proyectosep2/IEE2463-SEP-Proyecto-2-Z8/2_core/vitis/2_core/ps7_cortexa9_1/standalone_domain/bsp/system.mss
TRACE::2025-06-25.16:09:44::SCWWriter::formatted JSON is {
	"platformName":	"2_core",
	"sprVersion":	"2.0",
	"mode":	"gui",
	"dsaType":	"Fixed",
	"platformDesc":	"2_core",
	"platHandOff":	"D:/proyectosep2/IEE2463-SEP-Proyecto-2-Z8/full_hardware/vivado/DEMO_wrapper.xsa",
	"platIntHandOff":	"<platformDir>/hw/DEMO_wrapper.xsa",
	"deviceType":	"zynq",
	"platIsPrebuiltAutogen":	"false",
	"platIsNoBootBsp":	"false",
	"platFsblTarget":	"ps7_cortexa9_0",
	"hasFsblMakeHasChanges":	"false",
	"hasPmufwMakeHasChanges":	"false",
	"fsblExtraCompilerFlags":	"-MMD -MP       -mcpu=cortex-a9 -mfpu=vfpv3 -mfloat-abi=hard ",
	"platPreBuiltFlag":	false,
	"platformSamplesDir":	"",
	"platActiveSys":	"2_core",
	"systems":	[{
			"systemName":	"2_core",
			"systemDesc":	"2_core",
			"sysIsBootAutoGen":	"true",
			"systemDispName":	"2_core",
			"sysActiveDom":	"standalone_domain",
			"sysDefaultDom":	"standalone_domain",
			"domains":	[{
					"domainName":	"zynq_fsbl",
					"domainDispName":	"zynq_fsbl",
					"domainDesc":	"FSBL Application BSP - Auto Generated.",
					"processors":	"ps7_cortexa9_0",
					"os":	"standalone",
					"sdxOs":	"standalone",
					"debugEnable":	"",
					"domRuntimes":	["cpp"],
					"swRepo":	"",
					"mssOsVer":	"7.2",
					"mssFile":	"",
					"md5Digest":	"22a6aa47fd12e4eea21ee9dba4d7fcad",
					"compatibleApp":	"zynq_fsbl",
					"domType":	"bootDomain",
					"appSettings":	{
						"appCompilerFlags":	"",
						"appLinkerFlags":	""
					},
					"addedLibs":	["xilffs:4.3", "xilrsa:1.6"],
					"libOptions":	{
						"libsContainingOptions":	[]
					},
					"prebuiltLibs":	{
						"prebuiltIncPath":	[],
						"prebuiltLibPath":	[]
					},
					"isolation":	{
					}
				}, {
					"domainName":	"standalone_domain",
					"domainDispName":	"standalone_domain",
					"domainDesc":	"standalone_domain",
					"processors":	"ps7_cortexa9_1",
					"os":	"standalone",
					"sdxOs":	"standalone",
					"qemuArgs":	"D:/Xilinx/Vitis/2020.1/data/emulation/platforms/zynq/qemu/qemu_args.txt",
					"qemuData":	"D:/Xilinx/Vitis/2020.1/data/emulation/platforms/zynq/qemu/",
					"debugEnable":	"False",
					"domRuntimes":	["cpp"],
					"swRepo":	"",
					"mssOsVer":	"7.2",
					"mssFile":	"",
					"md5Digest":	"eeda6af4935d7e423fd8b46083f15ce2",
					"compatibleApp":	"",
					"domType":	"mssDomain",
					"appSettings":	{
						"appCompilerFlags":	"",
						"appLinkerFlags":	""
					},
					"addedLibs":	[],
					"libOptions":	{
						"libsContainingOptions":	[]
					},
					"prebuiltLibs":	{
						"prebuiltIncPath":	[],
						"prebuiltLibPath":	[]
					},
					"isolation":	{
					}
				}]
		}]
}
LOG::2025-06-25.16:09:44::SCWPlatform::Started generating the artifacts platform 2_core
TRACE::2025-06-25.16:09:44::SCWPlatform::Sanity checking of platform is completed
LOG::2025-06-25.16:09:44::SCWPlatform::Started generating the artifacts for system configuration 2_core
LOG::2025-06-25.16:09:44::SCWSystem::Checking the domain zynq_fsbl
LOG::2025-06-25.16:09:44::SCWSystem::Doing application build for :  zynq_fsbl
TRACE::2025-06-25.16:09:44::SCWBDomain::Not a forced makefile updation, No changes are present. 
TRACE::2025-06-25.16:09:44::SCWDomain::Skipping the build for domain :  zynq_fsbl
LOG::2025-06-25.16:09:44::SCWSystem::Checking the domain standalone_domain
LOG::2025-06-25.16:09:44::SCWSystem::Not a boot domain 
LOG::2025-06-25.16:09:44::SCWSystem::Started Processing the domain standalone_domain
TRACE::2025-06-25.16:09:44::SCWDomain::Generating domain artifcats
TRACE::2025-06-25.16:09:44::SCWMssOS::Generating standalone artifcats
TRACE::2025-06-25.16:09:44::SCWMssOS::Copying the qemu file from  D:/Xilinx/Vitis/2020.1/data/emulation/platforms/zynq/qemu/qemu_args.txt To D:/proyectosep2/IEE2463-SEP-Proyecto-2-Z8/2_core/vitis/2_core/export/2_core/sw/2_core/qemu/
TRACE::2025-06-25.16:09:44::SCWMssOS::Copying the qemu file from  D:/Xilinx/Vitis/2020.1/data/emulation/platforms/zynq/qemu/qemu_args.txt To D:/proyectosep2/IEE2463-SEP-Proyecto-2-Z8/2_core/vitis/2_core/export/2_core/sw/2_core/standalone_domain/qemu/
TRACE::2025-06-25.16:09:44::SCWMssOS:: Copying the user libraries. 
TRACE::2025-06-25.16:09:44::SCWPlatform::Trying to open the hw design at D:/proyectosep2/IEE2463-SEP-Proyecto-2-Z8/2_core/vitis/2_core/hw/DEMO_wrapper.xsa
TRACE::2025-06-25.16:09:44::SCWPlatform::DSA given D:/proyectosep2/IEE2463-SEP-Proyecto-2-Z8/2_core/vitis/2_core/hw/DEMO_wrapper.xsa
TRACE::2025-06-25.16:09:44::SCWPlatform::DSA absoulate path D:/proyectosep2/IEE2463-SEP-Proyecto-2-Z8/2_core/vitis/2_core/hw/DEMO_wrapper.xsa
TRACE::2025-06-25.16:09:44::SCWPlatform::DSA directory D:/proyectosep2/IEE2463-SEP-Proyecto-2-Z8/2_core/vitis/2_core/hw
TRACE::2025-06-25.16:09:44::SCWPlatform:: Platform Path D:/proyectosep2/IEE2463-SEP-Proyecto-2-Z8/2_core/vitis/2_core/hw/DEMO_wrapper.xsa
TRACE::2025-06-25.16:09:44::SCWPlatform:: Unique name xilinx:zybo-z7-10::0.0
TRACE::2025-06-25.16:09:44::SCWPlatform::Trying to set the existing hwdb with name DEMO_wrapper_0
TRACE::2025-06-25.16:09:44::SCWPlatform::Opened existing hwdb DEMO_wrapper_0
TRACE::2025-06-25.16:09:44::SCWPlatform::Found the Hw Db part of the input DSA
TRACE::2025-06-25.16:09:44::SCWMssOS::Checking the sw design at  D:/proyectosep2/IEE2463-SEP-Proyecto-2-Z8/2_core/vitis/2_core/ps7_cortexa9_1/standalone_domain/bsp/system.mss
TRACE::2025-06-25.16:09:44::SCWMssOS::DEBUG:  swdes dump  D:/proyectosep2/IEE2463-SEP-Proyecto-2-Z8/2_core/vitis/2_core/ps7_cortexa9_1/standalone_domain/bsp/system.mss|system_0||
D:/proyectosep2/IEE2463-SEP-Proyecto-2-Z8/2_core/vitis/2_core/zynq_fsbl/zynq_fsbl_bsp/system.mss|system||

TRACE::2025-06-25.16:09:44::SCWMssOS::Sw design exists and opened at  D:/proyectosep2/IEE2463-SEP-Proyecto-2-Z8/2_core/vitis/2_core/ps7_cortexa9_1/standalone_domain/bsp/system.mss
TRACE::2025-06-25.16:09:44::SCWMssOS::Completed writing the mss file at D:/proyectosep2/IEE2463-SEP-Proyecto-2-Z8/2_core/vitis/2_core/ps7_cortexa9_1/standalone_domain/bsp
TRACE::2025-06-25.16:09:44::SCWMssOS::Mss edits present, copying mssfile into export location D:/proyectosep2/IEE2463-SEP-Proyecto-2-Z8/2_core/vitis/2_core/ps7_cortexa9_1/standalone_domain/bsp/system.mss
TRACE::2025-06-25.16:09:44::SCWMssOS::bsp generated is upto date with the mss file. Skipping bsp generation.
TRACE::2025-06-25.16:09:44::SCWMssOS::BSP is already built. skipping the bsp build ... 
TRACE::2025-06-25.16:09:44::SCWDomain::Skipping the build for domain :  standalone_domain
TRACE::2025-06-25.16:09:44::SCWMssOS::skipping the bsp build ... 
TRACE::2025-06-25.16:09:44::SCWMssOS::Copying to export directory.
TRACE::2025-06-25.16:09:44::SCWMssOS:: Checking if to create the Supporting Applications
TRACE::2025-06-25.16:09:44::SCWMssOS:: No Linux domain exists, trying to generate FSBL 
TRACE::2025-06-25.16:09:44::SCWMssOS:: Completed Standalone Artifacts creation 
LOG::2025-06-25.16:09:44::SCWSystem::Completed Processing the domain standalone_domain
LOG::2025-06-25.16:09:44::SCWSystem::Completed Processing the sysconfig 2_core
LOG::2025-06-25.16:09:44::SCWPlatform::Completed generating the artifacts for system configuration 2_core
TRACE::2025-06-25.16:09:44::SCWPlatform::Started preparing the platform 
TRACE::2025-06-25.16:09:44::SCWSystem::Writing the bif file for system config 2_core
TRACE::2025-06-25.16:09:44::SCWSystem::dir created 
TRACE::2025-06-25.16:09:44::SCWSystem::Writing the bif 
TRACE::2025-06-25.16:09:44::SCWPlatform::Started writing the spfm file 
TRACE::2025-06-25.16:09:44::SCWPlatform::Started writing the xpfm file 
TRACE::2025-06-25.16:09:44::SCWPlatform::Completed generating the platform
TRACE::2025-06-25.16:09:44::SCWMssOS::Saving the mss changes D:/proyectosep2/IEE2463-SEP-Proyecto-2-Z8/2_core/vitis/2_core/zynq_fsbl/zynq_fsbl_bsp/system.mss
TRACE::2025-06-25.16:09:44::SCWMssOS::Found a swdesign opened with the mssfile.
TRACE::2025-06-25.16:09:44::SCWMssOS::Completed writemss as part of save.
TRACE::2025-06-25.16:09:44::SCWMssOS::Commit changes completed.
TRACE::2025-06-25.16:09:44::SCWMssOS::Saving the mss changes D:/proyectosep2/IEE2463-SEP-Proyecto-2-Z8/2_core/vitis/2_core/ps7_cortexa9_1/standalone_domain/bsp/system.mss
TRACE::2025-06-25.16:09:44::SCWMssOS::Found a swdesign opened with the mssfile.
TRACE::2025-06-25.16:09:44::SCWMssOS::Completed writemss as part of save.
TRACE::2025-06-25.16:09:44::SCWMssOS::Commit changes completed.
TRACE::2025-06-25.16:09:44::SCWPlatform::Trying to open the hw design at D:/proyectosep2/IEE2463-SEP-Proyecto-2-Z8/2_core/vitis/2_core/hw/DEMO_wrapper.xsa
TRACE::2025-06-25.16:09:44::SCWPlatform::DSA given D:/proyectosep2/IEE2463-SEP-Proyecto-2-Z8/2_core/vitis/2_core/hw/DEMO_wrapper.xsa
TRACE::2025-06-25.16:09:44::SCWPlatform::DSA absoulate path D:/proyectosep2/IEE2463-SEP-Proyecto-2-Z8/2_core/vitis/2_core/hw/DEMO_wrapper.xsa
TRACE::2025-06-25.16:09:44::SCWPlatform::DSA directory D:/proyectosep2/IEE2463-SEP-Proyecto-2-Z8/2_core/vitis/2_core/hw
TRACE::2025-06-25.16:09:44::SCWPlatform:: Platform Path D:/proyectosep2/IEE2463-SEP-Proyecto-2-Z8/2_core/vitis/2_core/hw/DEMO_wrapper.xsa
TRACE::2025-06-25.16:09:44::SCWPlatform:: Unique name xilinx:zybo-z7-10::0.0
TRACE::2025-06-25.16:09:44::SCWPlatform::Trying to set the existing hwdb with name DEMO_wrapper_0
TRACE::2025-06-25.16:09:44::SCWPlatform::Opened existing hwdb DEMO_wrapper_0
TRACE::2025-06-25.16:09:44::SCWPlatform::Found the Hw Db part of the input DSA
TRACE::2025-06-25.16:09:44::SCWMssOS::Checking the sw design at  D:/proyectosep2/IEE2463-SEP-Proyecto-2-Z8/2_core/vitis/2_core/zynq_fsbl/zynq_fsbl_bsp/system.mss
TRACE::2025-06-25.16:09:44::SCWMssOS::DEBUG:  swdes dump  D:/proyectosep2/IEE2463-SEP-Proyecto-2-Z8/2_core/vitis/2_core/ps7_cortexa9_1/standalone_domain/bsp/system.mss|system_0||
D:/proyectosep2/IEE2463-SEP-Proyecto-2-Z8/2_core/vitis/2_core/zynq_fsbl/zynq_fsbl_bsp/system.mss|system||

TRACE::2025-06-25.16:09:44::SCWMssOS::Sw design exists and opened at  D:/proyectosep2/IEE2463-SEP-Proyecto-2-Z8/2_core/vitis/2_core/zynq_fsbl/zynq_fsbl_bsp/system.mss
TRACE::2025-06-25.16:09:44::SCWPlatform::Trying to open the hw design at D:/proyectosep2/IEE2463-SEP-Proyecto-2-Z8/2_core/vitis/2_core/hw/DEMO_wrapper.xsa
TRACE::2025-06-25.16:09:44::SCWPlatform::DSA given D:/proyectosep2/IEE2463-SEP-Proyecto-2-Z8/2_core/vitis/2_core/hw/DEMO_wrapper.xsa
TRACE::2025-06-25.16:09:44::SCWPlatform::DSA absoulate path D:/proyectosep2/IEE2463-SEP-Proyecto-2-Z8/2_core/vitis/2_core/hw/DEMO_wrapper.xsa
TRACE::2025-06-25.16:09:44::SCWPlatform::DSA directory D:/proyectosep2/IEE2463-SEP-Proyecto-2-Z8/2_core/vitis/2_core/hw
TRACE::2025-06-25.16:09:44::SCWPlatform:: Platform Path D:/proyectosep2/IEE2463-SEP-Proyecto-2-Z8/2_core/vitis/2_core/hw/DEMO_wrapper.xsa
TRACE::2025-06-25.16:09:44::SCWPlatform:: Unique name xilinx:zybo-z7-10::0.0
TRACE::2025-06-25.16:09:44::SCWPlatform::Trying to set the existing hwdb with name DEMO_wrapper_0
TRACE::2025-06-25.16:09:44::SCWPlatform::Opened existing hwdb DEMO_wrapper_0
TRACE::2025-06-25.16:09:44::SCWPlatform::Found the Hw Db part of the input DSA
TRACE::2025-06-25.16:09:44::SCWMssOS::Checking the sw design at  D:/proyectosep2/IEE2463-SEP-Proyecto-2-Z8/2_core/vitis/2_core/zynq_fsbl/zynq_fsbl_bsp/system.mss
TRACE::2025-06-25.16:09:44::SCWMssOS::DEBUG:  swdes dump  D:/proyectosep2/IEE2463-SEP-Proyecto-2-Z8/2_core/vitis/2_core/ps7_cortexa9_1/standalone_domain/bsp/system.mss|system_0||
D:/proyectosep2/IEE2463-SEP-Proyecto-2-Z8/2_core/vitis/2_core/zynq_fsbl/zynq_fsbl_bsp/system.mss|system||

TRACE::2025-06-25.16:09:44::SCWMssOS::Sw design exists and opened at  D:/proyectosep2/IEE2463-SEP-Proyecto-2-Z8/2_core/vitis/2_core/zynq_fsbl/zynq_fsbl_bsp/system.mss
TRACE::2025-06-25.16:09:44::SCWPlatform::Trying to open the hw design at D:/proyectosep2/IEE2463-SEP-Proyecto-2-Z8/2_core/vitis/2_core/hw/DEMO_wrapper.xsa
TRACE::2025-06-25.16:09:44::SCWPlatform::DSA given D:/proyectosep2/IEE2463-SEP-Proyecto-2-Z8/2_core/vitis/2_core/hw/DEMO_wrapper.xsa
TRACE::2025-06-25.16:09:44::SCWPlatform::DSA absoulate path D:/proyectosep2/IEE2463-SEP-Proyecto-2-Z8/2_core/vitis/2_core/hw/DEMO_wrapper.xsa
TRACE::2025-06-25.16:09:44::SCWPlatform::DSA directory D:/proyectosep2/IEE2463-SEP-Proyecto-2-Z8/2_core/vitis/2_core/hw
TRACE::2025-06-25.16:09:44::SCWPlatform:: Platform Path D:/proyectosep2/IEE2463-SEP-Proyecto-2-Z8/2_core/vitis/2_core/hw/DEMO_wrapper.xsa
TRACE::2025-06-25.16:09:44::SCWPlatform:: Unique name xilinx:zybo-z7-10::0.0
TRACE::2025-06-25.16:09:44::SCWPlatform::Trying to set the existing hwdb with name DEMO_wrapper_0
TRACE::2025-06-25.16:09:44::SCWPlatform::Opened existing hwdb DEMO_wrapper_0
TRACE::2025-06-25.16:09:44::SCWPlatform::Found the Hw Db part of the input DSA
TRACE::2025-06-25.16:09:44::SCWMssOS::Checking the sw design at  D:/proyectosep2/IEE2463-SEP-Proyecto-2-Z8/2_core/vitis/2_core/zynq_fsbl/zynq_fsbl_bsp/system.mss
TRACE::2025-06-25.16:09:44::SCWMssOS::DEBUG:  swdes dump  D:/proyectosep2/IEE2463-SEP-Proyecto-2-Z8/2_core/vitis/2_core/ps7_cortexa9_1/standalone_domain/bsp/system.mss|system_0||
D:/proyectosep2/IEE2463-SEP-Proyecto-2-Z8/2_core/vitis/2_core/zynq_fsbl/zynq_fsbl_bsp/system.mss|system||

TRACE::2025-06-25.16:09:44::SCWMssOS::Sw design exists and opened at  D:/proyectosep2/IEE2463-SEP-Proyecto-2-Z8/2_core/vitis/2_core/zynq_fsbl/zynq_fsbl_bsp/system.mss
TRACE::2025-06-25.16:09:44::SCWPlatform::Trying to open the hw design at D:/proyectosep2/IEE2463-SEP-Proyecto-2-Z8/2_core/vitis/2_core/hw/DEMO_wrapper.xsa
TRACE::2025-06-25.16:09:44::SCWPlatform::DSA given D:/proyectosep2/IEE2463-SEP-Proyecto-2-Z8/2_core/vitis/2_core/hw/DEMO_wrapper.xsa
TRACE::2025-06-25.16:09:44::SCWPlatform::DSA absoulate path D:/proyectosep2/IEE2463-SEP-Proyecto-2-Z8/2_core/vitis/2_core/hw/DEMO_wrapper.xsa
TRACE::2025-06-25.16:09:44::SCWPlatform::DSA directory D:/proyectosep2/IEE2463-SEP-Proyecto-2-Z8/2_core/vitis/2_core/hw
TRACE::2025-06-25.16:09:44::SCWPlatform:: Platform Path D:/proyectosep2/IEE2463-SEP-Proyecto-2-Z8/2_core/vitis/2_core/hw/DEMO_wrapper.xsa
TRACE::2025-06-25.16:09:44::SCWPlatform:: Unique name xilinx:zybo-z7-10::0.0
TRACE::2025-06-25.16:09:44::SCWPlatform::Trying to set the existing hwdb with name DEMO_wrapper_0
TRACE::2025-06-25.16:09:44::SCWPlatform::Opened existing hwdb DEMO_wrapper_0
TRACE::2025-06-25.16:09:44::SCWPlatform::Found the Hw Db part of the input DSA
TRACE::2025-06-25.16:09:44::SCWMssOS::Checking the sw design at  D:/proyectosep2/IEE2463-SEP-Proyecto-2-Z8/2_core/vitis/2_core/ps7_cortexa9_1/standalone_domain/bsp/system.mss
TRACE::2025-06-25.16:09:44::SCWMssOS::DEBUG:  swdes dump  D:/proyectosep2/IEE2463-SEP-Proyecto-2-Z8/2_core/vitis/2_core/ps7_cortexa9_1/standalone_domain/bsp/system.mss|system_0||
D:/proyectosep2/IEE2463-SEP-Proyecto-2-Z8/2_core/vitis/2_core/zynq_fsbl/zynq_fsbl_bsp/system.mss|system||

TRACE::2025-06-25.16:09:44::SCWMssOS::Sw design exists and opened at  D:/proyectosep2/IEE2463-SEP-Proyecto-2-Z8/2_core/vitis/2_core/ps7_cortexa9_1/standalone_domain/bsp/system.mss
TRACE::2025-06-25.16:09:44::SCWPlatform::Trying to open the hw design at D:/proyectosep2/IEE2463-SEP-Proyecto-2-Z8/2_core/vitis/2_core/hw/DEMO_wrapper.xsa
TRACE::2025-06-25.16:09:44::SCWPlatform::DSA given D:/proyectosep2/IEE2463-SEP-Proyecto-2-Z8/2_core/vitis/2_core/hw/DEMO_wrapper.xsa
TRACE::2025-06-25.16:09:44::SCWPlatform::DSA absoulate path D:/proyectosep2/IEE2463-SEP-Proyecto-2-Z8/2_core/vitis/2_core/hw/DEMO_wrapper.xsa
TRACE::2025-06-25.16:09:44::SCWPlatform::DSA directory D:/proyectosep2/IEE2463-SEP-Proyecto-2-Z8/2_core/vitis/2_core/hw
TRACE::2025-06-25.16:09:44::SCWPlatform:: Platform Path D:/proyectosep2/IEE2463-SEP-Proyecto-2-Z8/2_core/vitis/2_core/hw/DEMO_wrapper.xsa
TRACE::2025-06-25.16:09:44::SCWPlatform:: Unique name xilinx:zybo-z7-10::0.0
TRACE::2025-06-25.16:09:44::SCWPlatform::Trying to set the existing hwdb with name DEMO_wrapper_0
TRACE::2025-06-25.16:09:44::SCWPlatform::Opened existing hwdb DEMO_wrapper_0
TRACE::2025-06-25.16:09:44::SCWPlatform::Found the Hw Db part of the input DSA
TRACE::2025-06-25.16:09:44::SCWMssOS::Checking the sw design at  D:/proyectosep2/IEE2463-SEP-Proyecto-2-Z8/2_core/vitis/2_core/ps7_cortexa9_1/standalone_domain/bsp/system.mss
TRACE::2025-06-25.16:09:44::SCWMssOS::DEBUG:  swdes dump  D:/proyectosep2/IEE2463-SEP-Proyecto-2-Z8/2_core/vitis/2_core/ps7_cortexa9_1/standalone_domain/bsp/system.mss|system_0||
D:/proyectosep2/IEE2463-SEP-Proyecto-2-Z8/2_core/vitis/2_core/zynq_fsbl/zynq_fsbl_bsp/system.mss|system||

TRACE::2025-06-25.16:09:44::SCWMssOS::Sw design exists and opened at  D:/proyectosep2/IEE2463-SEP-Proyecto-2-Z8/2_core/vitis/2_core/ps7_cortexa9_1/standalone_domain/bsp/system.mss
TRACE::2025-06-25.16:09:44::SCWPlatform::Trying to open the hw design at D:/proyectosep2/IEE2463-SEP-Proyecto-2-Z8/2_core/vitis/2_core/hw/DEMO_wrapper.xsa
TRACE::2025-06-25.16:09:44::SCWPlatform::DSA given D:/proyectosep2/IEE2463-SEP-Proyecto-2-Z8/2_core/vitis/2_core/hw/DEMO_wrapper.xsa
TRACE::2025-06-25.16:09:44::SCWPlatform::DSA absoulate path D:/proyectosep2/IEE2463-SEP-Proyecto-2-Z8/2_core/vitis/2_core/hw/DEMO_wrapper.xsa
TRACE::2025-06-25.16:09:44::SCWPlatform::DSA directory D:/proyectosep2/IEE2463-SEP-Proyecto-2-Z8/2_core/vitis/2_core/hw
TRACE::2025-06-25.16:09:44::SCWPlatform:: Platform Path D:/proyectosep2/IEE2463-SEP-Proyecto-2-Z8/2_core/vitis/2_core/hw/DEMO_wrapper.xsa
TRACE::2025-06-25.16:09:44::SCWPlatform:: Unique name xilinx:zybo-z7-10::0.0
TRACE::2025-06-25.16:09:44::SCWPlatform::Trying to set the existing hwdb with name DEMO_wrapper_0
TRACE::2025-06-25.16:09:44::SCWPlatform::Opened existing hwdb DEMO_wrapper_0
TRACE::2025-06-25.16:09:44::SCWPlatform::Found the Hw Db part of the input DSA
TRACE::2025-06-25.16:09:44::SCWMssOS::Checking the sw design at  D:/proyectosep2/IEE2463-SEP-Proyecto-2-Z8/2_core/vitis/2_core/ps7_cortexa9_1/standalone_domain/bsp/system.mss
TRACE::2025-06-25.16:09:44::SCWMssOS::DEBUG:  swdes dump  D:/proyectosep2/IEE2463-SEP-Proyecto-2-Z8/2_core/vitis/2_core/ps7_cortexa9_1/standalone_domain/bsp/system.mss|system_0||
D:/proyectosep2/IEE2463-SEP-Proyecto-2-Z8/2_core/vitis/2_core/zynq_fsbl/zynq_fsbl_bsp/system.mss|system||

TRACE::2025-06-25.16:09:44::SCWMssOS::Sw design exists and opened at  D:/proyectosep2/IEE2463-SEP-Proyecto-2-Z8/2_core/vitis/2_core/ps7_cortexa9_1/standalone_domain/bsp/system.mss
TRACE::2025-06-25.16:09:44::SCWWriter::formatted JSON is {
	"platformName":	"2_core",
	"sprVersion":	"2.0",
	"mode":	"gui",
	"dsaType":	"Fixed",
	"platformDesc":	"2_core",
	"platHandOff":	"D:/proyectosep2/IEE2463-SEP-Proyecto-2-Z8/full_hardware/vivado/DEMO_wrapper.xsa",
	"platIntHandOff":	"<platformDir>/hw/DEMO_wrapper.xsa",
	"deviceType":	"zynq",
	"platIsPrebuiltAutogen":	"false",
	"platIsNoBootBsp":	"false",
	"platFsblTarget":	"ps7_cortexa9_0",
	"hasFsblMakeHasChanges":	"false",
	"hasPmufwMakeHasChanges":	"false",
	"fsblExtraCompilerFlags":	"-MMD -MP       -mcpu=cortex-a9 -mfpu=vfpv3 -mfloat-abi=hard ",
	"platPreBuiltFlag":	false,
	"platformSamplesDir":	"",
	"platActiveSys":	"2_core",
	"systems":	[{
			"systemName":	"2_core",
			"systemDesc":	"2_core",
			"sysIsBootAutoGen":	"true",
			"systemDispName":	"2_core",
			"sysActiveDom":	"standalone_domain",
			"sysDefaultDom":	"standalone_domain",
			"domains":	[{
					"domainName":	"zynq_fsbl",
					"domainDispName":	"zynq_fsbl",
					"domainDesc":	"FSBL Application BSP - Auto Generated.",
					"processors":	"ps7_cortexa9_0",
					"os":	"standalone",
					"sdxOs":	"standalone",
					"debugEnable":	"",
					"domRuntimes":	["cpp"],
					"swRepo":	"",
					"mssOsVer":	"7.2",
					"mssFile":	"",
					"md5Digest":	"22a6aa47fd12e4eea21ee9dba4d7fcad",
					"compatibleApp":	"zynq_fsbl",
					"domType":	"bootDomain",
					"appSettings":	{
						"appCompilerFlags":	"",
						"appLinkerFlags":	""
					},
					"addedLibs":	["xilffs:4.3", "xilrsa:1.6"],
					"libOptions":	{
						"libsContainingOptions":	[]
					},
					"prebuiltLibs":	{
						"prebuiltIncPath":	[],
						"prebuiltLibPath":	[]
					},
					"isolation":	{
					}
				}, {
					"domainName":	"standalone_domain",
					"domainDispName":	"standalone_domain",
					"domainDesc":	"standalone_domain",
					"processors":	"ps7_cortexa9_1",
					"os":	"standalone",
					"sdxOs":	"standalone",
					"qemuArgs":	"D:/Xilinx/Vitis/2020.1/data/emulation/platforms/zynq/qemu/qemu_args.txt",
					"qemuData":	"D:/Xilinx/Vitis/2020.1/data/emulation/platforms/zynq/qemu/",
					"debugEnable":	"False",
					"domRuntimes":	["cpp"],
					"swRepo":	"",
					"mssOsVer":	"7.2",
					"mssFile":	"",
					"md5Digest":	"eeda6af4935d7e423fd8b46083f15ce2",
					"compatibleApp":	"",
					"domType":	"mssDomain",
					"appSettings":	{
						"appCompilerFlags":	"",
						"appLinkerFlags":	""
					},
					"addedLibs":	[],
					"libOptions":	{
						"libsContainingOptions":	[]
					},
					"prebuiltLibs":	{
						"prebuiltIncPath":	[],
						"prebuiltLibPath":	[]
					},
					"isolation":	{
					}
				}]
		}]
}
KEYINFO::2025-06-25.16:09:44::SCWPlatform::updated the xpfm file.
TRACE::2025-06-25.16:09:44::SCWPlatform::Trying to open the hw design at D:/proyectosep2/IEE2463-SEP-Proyecto-2-Z8/2_core/vitis/2_core/hw/DEMO_wrapper.xsa
TRACE::2025-06-25.16:09:44::SCWPlatform::DSA given D:/proyectosep2/IEE2463-SEP-Proyecto-2-Z8/2_core/vitis/2_core/hw/DEMO_wrapper.xsa
TRACE::2025-06-25.16:09:44::SCWPlatform::DSA absoulate path D:/proyectosep2/IEE2463-SEP-Proyecto-2-Z8/2_core/vitis/2_core/hw/DEMO_wrapper.xsa
TRACE::2025-06-25.16:09:44::SCWPlatform::DSA directory D:/proyectosep2/IEE2463-SEP-Proyecto-2-Z8/2_core/vitis/2_core/hw
TRACE::2025-06-25.16:09:44::SCWPlatform:: Platform Path D:/proyectosep2/IEE2463-SEP-Proyecto-2-Z8/2_core/vitis/2_core/hw/DEMO_wrapper.xsa
TRACE::2025-06-25.16:09:44::SCWPlatform:: Unique name xilinx:zybo-z7-10::0.0
TRACE::2025-06-25.16:09:44::SCWPlatform::Trying to set the existing hwdb with name DEMO_wrapper_0
TRACE::2025-06-25.16:09:44::SCWPlatform::Opened existing hwdb DEMO_wrapper_0
TRACE::2025-06-25.16:09:44::SCWPlatform::Found the Hw Db part of the input DSA
TRACE::2025-06-25.16:09:44::SCWMssOS::Checking the sw design at  D:/proyectosep2/IEE2463-SEP-Proyecto-2-Z8/2_core/vitis/2_core/ps7_cortexa9_1/standalone_domain/bsp/system.mss
TRACE::2025-06-25.16:09:44::SCWMssOS::DEBUG:  swdes dump  D:/proyectosep2/IEE2463-SEP-Proyecto-2-Z8/2_core/vitis/2_core/ps7_cortexa9_1/standalone_domain/bsp/system.mss|system_0||
D:/proyectosep2/IEE2463-SEP-Proyecto-2-Z8/2_core/vitis/2_core/zynq_fsbl/zynq_fsbl_bsp/system.mss|system||

TRACE::2025-06-25.16:09:44::SCWMssOS::Sw design exists and opened at  D:/proyectosep2/IEE2463-SEP-Proyecto-2-Z8/2_core/vitis/2_core/ps7_cortexa9_1/standalone_domain/bsp/system.mss
TRACE::2025-06-25.16:09:44::SCWMssOS::Saving the mss changes D:/proyectosep2/IEE2463-SEP-Proyecto-2-Z8/2_core/vitis/2_core/zynq_fsbl/zynq_fsbl_bsp/system.mss
TRACE::2025-06-25.16:09:44::SCWMssOS::Found a swdesign opened with the mssfile.
TRACE::2025-06-25.16:09:44::SCWMssOS::Completed writemss as part of save.
TRACE::2025-06-25.16:09:44::SCWMssOS::Commit changes completed.
TRACE::2025-06-25.16:09:44::SCWMssOS::Saving the mss changes D:/proyectosep2/IEE2463-SEP-Proyecto-2-Z8/2_core/vitis/2_core/ps7_cortexa9_1/standalone_domain/bsp/system.mss
TRACE::2025-06-25.16:09:44::SCWMssOS::Found a swdesign opened with the mssfile.
TRACE::2025-06-25.16:09:44::SCWMssOS::Completed writemss as part of save.
TRACE::2025-06-25.16:09:44::SCWMssOS::Commit changes completed.
TRACE::2025-06-25.16:09:44::SCWPlatform::Trying to open the hw design at D:/proyectosep2/IEE2463-SEP-Proyecto-2-Z8/2_core/vitis/2_core/hw/DEMO_wrapper.xsa
TRACE::2025-06-25.16:09:44::SCWPlatform::DSA given D:/proyectosep2/IEE2463-SEP-Proyecto-2-Z8/2_core/vitis/2_core/hw/DEMO_wrapper.xsa
TRACE::2025-06-25.16:09:44::SCWPlatform::DSA absoulate path D:/proyectosep2/IEE2463-SEP-Proyecto-2-Z8/2_core/vitis/2_core/hw/DEMO_wrapper.xsa
TRACE::2025-06-25.16:09:44::SCWPlatform::DSA directory D:/proyectosep2/IEE2463-SEP-Proyecto-2-Z8/2_core/vitis/2_core/hw
TRACE::2025-06-25.16:09:44::SCWPlatform:: Platform Path D:/proyectosep2/IEE2463-SEP-Proyecto-2-Z8/2_core/vitis/2_core/hw/DEMO_wrapper.xsa
TRACE::2025-06-25.16:09:44::SCWPlatform:: Unique name xilinx:zybo-z7-10::0.0
TRACE::2025-06-25.16:09:44::SCWPlatform::Trying to set the existing hwdb with name DEMO_wrapper_0
TRACE::2025-06-25.16:09:44::SCWPlatform::Opened existing hwdb DEMO_wrapper_0
TRACE::2025-06-25.16:09:44::SCWPlatform::Found the Hw Db part of the input DSA
TRACE::2025-06-25.16:09:44::SCWMssOS::Checking the sw design at  D:/proyectosep2/IEE2463-SEP-Proyecto-2-Z8/2_core/vitis/2_core/zynq_fsbl/zynq_fsbl_bsp/system.mss
TRACE::2025-06-25.16:09:44::SCWMssOS::DEBUG:  swdes dump  D:/proyectosep2/IEE2463-SEP-Proyecto-2-Z8/2_core/vitis/2_core/ps7_cortexa9_1/standalone_domain/bsp/system.mss|system_0||
D:/proyectosep2/IEE2463-SEP-Proyecto-2-Z8/2_core/vitis/2_core/zynq_fsbl/zynq_fsbl_bsp/system.mss|system||

TRACE::2025-06-25.16:09:44::SCWMssOS::Sw design exists and opened at  D:/proyectosep2/IEE2463-SEP-Proyecto-2-Z8/2_core/vitis/2_core/zynq_fsbl/zynq_fsbl_bsp/system.mss
TRACE::2025-06-25.16:09:44::SCWPlatform::Trying to open the hw design at D:/proyectosep2/IEE2463-SEP-Proyecto-2-Z8/2_core/vitis/2_core/hw/DEMO_wrapper.xsa
TRACE::2025-06-25.16:09:44::SCWPlatform::DSA given D:/proyectosep2/IEE2463-SEP-Proyecto-2-Z8/2_core/vitis/2_core/hw/DEMO_wrapper.xsa
TRACE::2025-06-25.16:09:44::SCWPlatform::DSA absoulate path D:/proyectosep2/IEE2463-SEP-Proyecto-2-Z8/2_core/vitis/2_core/hw/DEMO_wrapper.xsa
TRACE::2025-06-25.16:09:44::SCWPlatform::DSA directory D:/proyectosep2/IEE2463-SEP-Proyecto-2-Z8/2_core/vitis/2_core/hw
TRACE::2025-06-25.16:09:44::SCWPlatform:: Platform Path D:/proyectosep2/IEE2463-SEP-Proyecto-2-Z8/2_core/vitis/2_core/hw/DEMO_wrapper.xsa
TRACE::2025-06-25.16:09:44::SCWPlatform:: Unique name xilinx:zybo-z7-10::0.0
TRACE::2025-06-25.16:09:44::SCWPlatform::Trying to set the existing hwdb with name DEMO_wrapper_0
TRACE::2025-06-25.16:09:44::SCWPlatform::Opened existing hwdb DEMO_wrapper_0
TRACE::2025-06-25.16:09:44::SCWPlatform::Found the Hw Db part of the input DSA
TRACE::2025-06-25.16:09:44::SCWMssOS::Checking the sw design at  D:/proyectosep2/IEE2463-SEP-Proyecto-2-Z8/2_core/vitis/2_core/zynq_fsbl/zynq_fsbl_bsp/system.mss
TRACE::2025-06-25.16:09:44::SCWMssOS::DEBUG:  swdes dump  D:/proyectosep2/IEE2463-SEP-Proyecto-2-Z8/2_core/vitis/2_core/ps7_cortexa9_1/standalone_domain/bsp/system.mss|system_0||
D:/proyectosep2/IEE2463-SEP-Proyecto-2-Z8/2_core/vitis/2_core/zynq_fsbl/zynq_fsbl_bsp/system.mss|system||

TRACE::2025-06-25.16:09:44::SCWMssOS::Sw design exists and opened at  D:/proyectosep2/IEE2463-SEP-Proyecto-2-Z8/2_core/vitis/2_core/zynq_fsbl/zynq_fsbl_bsp/system.mss
TRACE::2025-06-25.16:09:44::SCWPlatform::Trying to open the hw design at D:/proyectosep2/IEE2463-SEP-Proyecto-2-Z8/2_core/vitis/2_core/hw/DEMO_wrapper.xsa
TRACE::2025-06-25.16:09:44::SCWPlatform::DSA given D:/proyectosep2/IEE2463-SEP-Proyecto-2-Z8/2_core/vitis/2_core/hw/DEMO_wrapper.xsa
TRACE::2025-06-25.16:09:44::SCWPlatform::DSA absoulate path D:/proyectosep2/IEE2463-SEP-Proyecto-2-Z8/2_core/vitis/2_core/hw/DEMO_wrapper.xsa
TRACE::2025-06-25.16:09:44::SCWPlatform::DSA directory D:/proyectosep2/IEE2463-SEP-Proyecto-2-Z8/2_core/vitis/2_core/hw
TRACE::2025-06-25.16:09:44::SCWPlatform:: Platform Path D:/proyectosep2/IEE2463-SEP-Proyecto-2-Z8/2_core/vitis/2_core/hw/DEMO_wrapper.xsa
TRACE::2025-06-25.16:09:44::SCWPlatform:: Unique name xilinx:zybo-z7-10::0.0
TRACE::2025-06-25.16:09:44::SCWPlatform::Trying to set the existing hwdb with name DEMO_wrapper_0
TRACE::2025-06-25.16:09:44::SCWPlatform::Opened existing hwdb DEMO_wrapper_0
TRACE::2025-06-25.16:09:44::SCWPlatform::Found the Hw Db part of the input DSA
TRACE::2025-06-25.16:09:44::SCWMssOS::Checking the sw design at  D:/proyectosep2/IEE2463-SEP-Proyecto-2-Z8/2_core/vitis/2_core/zynq_fsbl/zynq_fsbl_bsp/system.mss
TRACE::2025-06-25.16:09:44::SCWMssOS::DEBUG:  swdes dump  D:/proyectosep2/IEE2463-SEP-Proyecto-2-Z8/2_core/vitis/2_core/ps7_cortexa9_1/standalone_domain/bsp/system.mss|system_0||
D:/proyectosep2/IEE2463-SEP-Proyecto-2-Z8/2_core/vitis/2_core/zynq_fsbl/zynq_fsbl_bsp/system.mss|system||

TRACE::2025-06-25.16:09:44::SCWMssOS::Sw design exists and opened at  D:/proyectosep2/IEE2463-SEP-Proyecto-2-Z8/2_core/vitis/2_core/zynq_fsbl/zynq_fsbl_bsp/system.mss
TRACE::2025-06-25.16:09:44::SCWPlatform::Trying to open the hw design at D:/proyectosep2/IEE2463-SEP-Proyecto-2-Z8/2_core/vitis/2_core/hw/DEMO_wrapper.xsa
TRACE::2025-06-25.16:09:44::SCWPlatform::DSA given D:/proyectosep2/IEE2463-SEP-Proyecto-2-Z8/2_core/vitis/2_core/hw/DEMO_wrapper.xsa
TRACE::2025-06-25.16:09:44::SCWPlatform::DSA absoulate path D:/proyectosep2/IEE2463-SEP-Proyecto-2-Z8/2_core/vitis/2_core/hw/DEMO_wrapper.xsa
TRACE::2025-06-25.16:09:44::SCWPlatform::DSA directory D:/proyectosep2/IEE2463-SEP-Proyecto-2-Z8/2_core/vitis/2_core/hw
TRACE::2025-06-25.16:09:44::SCWPlatform:: Platform Path D:/proyectosep2/IEE2463-SEP-Proyecto-2-Z8/2_core/vitis/2_core/hw/DEMO_wrapper.xsa
TRACE::2025-06-25.16:09:44::SCWPlatform:: Unique name xilinx:zybo-z7-10::0.0
TRACE::2025-06-25.16:09:44::SCWPlatform::Trying to set the existing hwdb with name DEMO_wrapper_0
TRACE::2025-06-25.16:09:44::SCWPlatform::Opened existing hwdb DEMO_wrapper_0
TRACE::2025-06-25.16:09:44::SCWPlatform::Found the Hw Db part of the input DSA
TRACE::2025-06-25.16:09:44::SCWMssOS::Checking the sw design at  D:/proyectosep2/IEE2463-SEP-Proyecto-2-Z8/2_core/vitis/2_core/ps7_cortexa9_1/standalone_domain/bsp/system.mss
TRACE::2025-06-25.16:09:44::SCWMssOS::DEBUG:  swdes dump  D:/proyectosep2/IEE2463-SEP-Proyecto-2-Z8/2_core/vitis/2_core/ps7_cortexa9_1/standalone_domain/bsp/system.mss|system_0||
D:/proyectosep2/IEE2463-SEP-Proyecto-2-Z8/2_core/vitis/2_core/zynq_fsbl/zynq_fsbl_bsp/system.mss|system||

TRACE::2025-06-25.16:09:44::SCWMssOS::Sw design exists and opened at  D:/proyectosep2/IEE2463-SEP-Proyecto-2-Z8/2_core/vitis/2_core/ps7_cortexa9_1/standalone_domain/bsp/system.mss
TRACE::2025-06-25.16:09:44::SCWPlatform::Trying to open the hw design at D:/proyectosep2/IEE2463-SEP-Proyecto-2-Z8/2_core/vitis/2_core/hw/DEMO_wrapper.xsa
TRACE::2025-06-25.16:09:44::SCWPlatform::DSA given D:/proyectosep2/IEE2463-SEP-Proyecto-2-Z8/2_core/vitis/2_core/hw/DEMO_wrapper.xsa
TRACE::2025-06-25.16:09:44::SCWPlatform::DSA absoulate path D:/proyectosep2/IEE2463-SEP-Proyecto-2-Z8/2_core/vitis/2_core/hw/DEMO_wrapper.xsa
TRACE::2025-06-25.16:09:44::SCWPlatform::DSA directory D:/proyectosep2/IEE2463-SEP-Proyecto-2-Z8/2_core/vitis/2_core/hw
TRACE::2025-06-25.16:09:44::SCWPlatform:: Platform Path D:/proyectosep2/IEE2463-SEP-Proyecto-2-Z8/2_core/vitis/2_core/hw/DEMO_wrapper.xsa
TRACE::2025-06-25.16:09:44::SCWPlatform:: Unique name xilinx:zybo-z7-10::0.0
TRACE::2025-06-25.16:09:44::SCWPlatform::Trying to set the existing hwdb with name DEMO_wrapper_0
TRACE::2025-06-25.16:09:44::SCWPlatform::Opened existing hwdb DEMO_wrapper_0
TRACE::2025-06-25.16:09:44::SCWPlatform::Found the Hw Db part of the input DSA
TRACE::2025-06-25.16:09:44::SCWMssOS::Checking the sw design at  D:/proyectosep2/IEE2463-SEP-Proyecto-2-Z8/2_core/vitis/2_core/ps7_cortexa9_1/standalone_domain/bsp/system.mss
TRACE::2025-06-25.16:09:44::SCWMssOS::DEBUG:  swdes dump  D:/proyectosep2/IEE2463-SEP-Proyecto-2-Z8/2_core/vitis/2_core/ps7_cortexa9_1/standalone_domain/bsp/system.mss|system_0||
D:/proyectosep2/IEE2463-SEP-Proyecto-2-Z8/2_core/vitis/2_core/zynq_fsbl/zynq_fsbl_bsp/system.mss|system||

TRACE::2025-06-25.16:09:44::SCWMssOS::Sw design exists and opened at  D:/proyectosep2/IEE2463-SEP-Proyecto-2-Z8/2_core/vitis/2_core/ps7_cortexa9_1/standalone_domain/bsp/system.mss
TRACE::2025-06-25.16:09:44::SCWPlatform::Trying to open the hw design at D:/proyectosep2/IEE2463-SEP-Proyecto-2-Z8/2_core/vitis/2_core/hw/DEMO_wrapper.xsa
TRACE::2025-06-25.16:09:44::SCWPlatform::DSA given D:/proyectosep2/IEE2463-SEP-Proyecto-2-Z8/2_core/vitis/2_core/hw/DEMO_wrapper.xsa
TRACE::2025-06-25.16:09:44::SCWPlatform::DSA absoulate path D:/proyectosep2/IEE2463-SEP-Proyecto-2-Z8/2_core/vitis/2_core/hw/DEMO_wrapper.xsa
TRACE::2025-06-25.16:09:44::SCWPlatform::DSA directory D:/proyectosep2/IEE2463-SEP-Proyecto-2-Z8/2_core/vitis/2_core/hw
TRACE::2025-06-25.16:09:44::SCWPlatform:: Platform Path D:/proyectosep2/IEE2463-SEP-Proyecto-2-Z8/2_core/vitis/2_core/hw/DEMO_wrapper.xsa
TRACE::2025-06-25.16:09:44::SCWPlatform:: Unique name xilinx:zybo-z7-10::0.0
TRACE::2025-06-25.16:09:44::SCWPlatform::Trying to set the existing hwdb with name DEMO_wrapper_0
TRACE::2025-06-25.16:09:44::SCWPlatform::Opened existing hwdb DEMO_wrapper_0
TRACE::2025-06-25.16:09:44::SCWPlatform::Found the Hw Db part of the input DSA
TRACE::2025-06-25.16:09:44::SCWMssOS::Checking the sw design at  D:/proyectosep2/IEE2463-SEP-Proyecto-2-Z8/2_core/vitis/2_core/ps7_cortexa9_1/standalone_domain/bsp/system.mss
TRACE::2025-06-25.16:09:44::SCWMssOS::DEBUG:  swdes dump  D:/proyectosep2/IEE2463-SEP-Proyecto-2-Z8/2_core/vitis/2_core/ps7_cortexa9_1/standalone_domain/bsp/system.mss|system_0||
D:/proyectosep2/IEE2463-SEP-Proyecto-2-Z8/2_core/vitis/2_core/zynq_fsbl/zynq_fsbl_bsp/system.mss|system||

TRACE::2025-06-25.16:09:44::SCWMssOS::Sw design exists and opened at  D:/proyectosep2/IEE2463-SEP-Proyecto-2-Z8/2_core/vitis/2_core/ps7_cortexa9_1/standalone_domain/bsp/system.mss
TRACE::2025-06-25.16:09:44::SCWWriter::formatted JSON is {
	"platformName":	"2_core",
	"sprVersion":	"2.0",
	"mode":	"gui",
	"dsaType":	"Fixed",
	"platformDesc":	"2_core",
	"platHandOff":	"D:/proyectosep2/IEE2463-SEP-Proyecto-2-Z8/full_hardware/vivado/DEMO_wrapper.xsa",
	"platIntHandOff":	"<platformDir>/hw/DEMO_wrapper.xsa",
	"deviceType":	"zynq",
	"platIsPrebuiltAutogen":	"false",
	"platIsNoBootBsp":	"false",
	"platFsblTarget":	"ps7_cortexa9_0",
	"hasFsblMakeHasChanges":	"false",
	"hasPmufwMakeHasChanges":	"false",
	"fsblExtraCompilerFlags":	"-MMD -MP       -mcpu=cortex-a9 -mfpu=vfpv3 -mfloat-abi=hard ",
	"platPreBuiltFlag":	false,
	"platformSamplesDir":	"",
	"platActiveSys":	"2_core",
	"systems":	[{
			"systemName":	"2_core",
			"systemDesc":	"2_core",
			"sysIsBootAutoGen":	"true",
			"systemDispName":	"2_core",
			"sysActiveDom":	"standalone_domain",
			"sysDefaultDom":	"standalone_domain",
			"domains":	[{
					"domainName":	"zynq_fsbl",
					"domainDispName":	"zynq_fsbl",
					"domainDesc":	"FSBL Application BSP - Auto Generated.",
					"processors":	"ps7_cortexa9_0",
					"os":	"standalone",
					"sdxOs":	"standalone",
					"debugEnable":	"",
					"domRuntimes":	["cpp"],
					"swRepo":	"",
					"mssOsVer":	"7.2",
					"mssFile":	"",
					"md5Digest":	"22a6aa47fd12e4eea21ee9dba4d7fcad",
					"compatibleApp":	"zynq_fsbl",
					"domType":	"bootDomain",
					"appSettings":	{
						"appCompilerFlags":	"",
						"appLinkerFlags":	""
					},
					"addedLibs":	["xilffs:4.3", "xilrsa:1.6"],
					"libOptions":	{
						"libsContainingOptions":	[]
					},
					"prebuiltLibs":	{
						"prebuiltIncPath":	[],
						"prebuiltLibPath":	[]
					},
					"isolation":	{
					}
				}, {
					"domainName":	"standalone_domain",
					"domainDispName":	"standalone_domain",
					"domainDesc":	"standalone_domain",
					"processors":	"ps7_cortexa9_1",
					"os":	"standalone",
					"sdxOs":	"standalone",
					"qemuArgs":	"D:/Xilinx/Vitis/2020.1/data/emulation/platforms/zynq/qemu/qemu_args.txt",
					"qemuData":	"D:/Xilinx/Vitis/2020.1/data/emulation/platforms/zynq/qemu/",
					"debugEnable":	"False",
					"domRuntimes":	["cpp"],
					"swRepo":	"",
					"mssOsVer":	"7.2",
					"mssFile":	"",
					"md5Digest":	"eeda6af4935d7e423fd8b46083f15ce2",
					"compatibleApp":	"",
					"domType":	"mssDomain",
					"appSettings":	{
						"appCompilerFlags":	"",
						"appLinkerFlags":	""
					},
					"addedLibs":	[],
					"libOptions":	{
						"libsContainingOptions":	[]
					},
					"prebuiltLibs":	{
						"prebuiltIncPath":	[],
						"prebuiltLibPath":	[]
					},
					"isolation":	{
					}
				}]
		}]
}
TRACE::2025-06-25.16:09:44::SCWPlatform::Trying to open the hw design at D:/proyectosep2/IEE2463-SEP-Proyecto-2-Z8/2_core/vitis/2_core/hw/DEMO_wrapper.xsa
TRACE::2025-06-25.16:09:44::SCWPlatform::DSA given D:/proyectosep2/IEE2463-SEP-Proyecto-2-Z8/2_core/vitis/2_core/hw/DEMO_wrapper.xsa
TRACE::2025-06-25.16:09:44::SCWPlatform::DSA absoulate path D:/proyectosep2/IEE2463-SEP-Proyecto-2-Z8/2_core/vitis/2_core/hw/DEMO_wrapper.xsa
TRACE::2025-06-25.16:09:44::SCWPlatform::DSA directory D:/proyectosep2/IEE2463-SEP-Proyecto-2-Z8/2_core/vitis/2_core/hw
TRACE::2025-06-25.16:09:44::SCWPlatform:: Platform Path D:/proyectosep2/IEE2463-SEP-Proyecto-2-Z8/2_core/vitis/2_core/hw/DEMO_wrapper.xsa
TRACE::2025-06-25.16:09:44::SCWPlatform:: Unique name xilinx:zybo-z7-10::0.0
TRACE::2025-06-25.16:09:44::SCWPlatform::Trying to set the existing hwdb with name DEMO_wrapper_0
TRACE::2025-06-25.16:09:44::SCWPlatform::Opened existing hwdb DEMO_wrapper_0
TRACE::2025-06-25.16:09:44::SCWPlatform::Found the Hw Db part of the input DSA
TRACE::2025-06-25.16:09:44::SCWMssOS::Checking the sw design at  D:/proyectosep2/IEE2463-SEP-Proyecto-2-Z8/2_core/vitis/2_core/ps7_cortexa9_1/standalone_domain/bsp/system.mss
TRACE::2025-06-25.16:09:44::SCWMssOS::DEBUG:  swdes dump  D:/proyectosep2/IEE2463-SEP-Proyecto-2-Z8/2_core/vitis/2_core/ps7_cortexa9_1/standalone_domain/bsp/system.mss|system_0||
D:/proyectosep2/IEE2463-SEP-Proyecto-2-Z8/2_core/vitis/2_core/zynq_fsbl/zynq_fsbl_bsp/system.mss|system||

TRACE::2025-06-25.16:09:44::SCWMssOS::Sw design exists and opened at  D:/proyectosep2/IEE2463-SEP-Proyecto-2-Z8/2_core/vitis/2_core/ps7_cortexa9_1/standalone_domain/bsp/system.mss
TRACE::2025-06-25.16:09:44::SCWPlatform::Trying to open the hw design at D:/proyectosep2/IEE2463-SEP-Proyecto-2-Z8/2_core/vitis/2_core/hw/DEMO_wrapper.xsa
TRACE::2025-06-25.16:09:44::SCWPlatform::DSA given D:/proyectosep2/IEE2463-SEP-Proyecto-2-Z8/2_core/vitis/2_core/hw/DEMO_wrapper.xsa
TRACE::2025-06-25.16:09:44::SCWPlatform::DSA absoulate path D:/proyectosep2/IEE2463-SEP-Proyecto-2-Z8/2_core/vitis/2_core/hw/DEMO_wrapper.xsa
TRACE::2025-06-25.16:09:44::SCWPlatform::DSA directory D:/proyectosep2/IEE2463-SEP-Proyecto-2-Z8/2_core/vitis/2_core/hw
TRACE::2025-06-25.16:09:44::SCWPlatform:: Platform Path D:/proyectosep2/IEE2463-SEP-Proyecto-2-Z8/2_core/vitis/2_core/hw/DEMO_wrapper.xsa
TRACE::2025-06-25.16:09:44::SCWPlatform:: Unique name xilinx:zybo-z7-10::0.0
TRACE::2025-06-25.16:09:44::SCWPlatform::Trying to set the existing hwdb with name DEMO_wrapper_0
TRACE::2025-06-25.16:09:44::SCWPlatform::Opened existing hwdb DEMO_wrapper_0
TRACE::2025-06-25.16:09:44::SCWPlatform::Found the Hw Db part of the input DSA
TRACE::2025-06-25.16:09:44::SCWMssOS::Checking the sw design at  D:/proyectosep2/IEE2463-SEP-Proyecto-2-Z8/2_core/vitis/2_core/ps7_cortexa9_1/standalone_domain/bsp/system.mss
TRACE::2025-06-25.16:09:44::SCWMssOS::DEBUG:  swdes dump  D:/proyectosep2/IEE2463-SEP-Proyecto-2-Z8/2_core/vitis/2_core/ps7_cortexa9_1/standalone_domain/bsp/system.mss|system_0||
D:/proyectosep2/IEE2463-SEP-Proyecto-2-Z8/2_core/vitis/2_core/zynq_fsbl/zynq_fsbl_bsp/system.mss|system||

TRACE::2025-06-25.16:09:44::SCWMssOS::Sw design exists and opened at  D:/proyectosep2/IEE2463-SEP-Proyecto-2-Z8/2_core/vitis/2_core/ps7_cortexa9_1/standalone_domain/bsp/system.mss
TRACE::2025-06-25.16:09:44::SCWPlatform::Trying to open the hw design at D:/proyectosep2/IEE2463-SEP-Proyecto-2-Z8/2_core/vitis/2_core/hw/DEMO_wrapper.xsa
TRACE::2025-06-25.16:09:44::SCWPlatform::DSA given D:/proyectosep2/IEE2463-SEP-Proyecto-2-Z8/2_core/vitis/2_core/hw/DEMO_wrapper.xsa
TRACE::2025-06-25.16:09:44::SCWPlatform::DSA absoulate path D:/proyectosep2/IEE2463-SEP-Proyecto-2-Z8/2_core/vitis/2_core/hw/DEMO_wrapper.xsa
TRACE::2025-06-25.16:09:44::SCWPlatform::DSA directory D:/proyectosep2/IEE2463-SEP-Proyecto-2-Z8/2_core/vitis/2_core/hw
TRACE::2025-06-25.16:09:44::SCWPlatform:: Platform Path D:/proyectosep2/IEE2463-SEP-Proyecto-2-Z8/2_core/vitis/2_core/hw/DEMO_wrapper.xsa
TRACE::2025-06-25.16:09:44::SCWPlatform:: Unique name xilinx:zybo-z7-10::0.0
TRACE::2025-06-25.16:09:44::SCWPlatform::Trying to set the existing hwdb with name DEMO_wrapper_0
TRACE::2025-06-25.16:09:44::SCWPlatform::Opened existing hwdb DEMO_wrapper_0
TRACE::2025-06-25.16:09:44::SCWPlatform::Found the Hw Db part of the input DSA
TRACE::2025-06-25.16:09:44::SCWMssOS::Checking the sw design at  D:/proyectosep2/IEE2463-SEP-Proyecto-2-Z8/2_core/vitis/2_core/ps7_cortexa9_1/standalone_domain/bsp/system.mss
TRACE::2025-06-25.16:09:44::SCWMssOS::DEBUG:  swdes dump  D:/proyectosep2/IEE2463-SEP-Proyecto-2-Z8/2_core/vitis/2_core/ps7_cortexa9_1/standalone_domain/bsp/system.mss|system_0||
D:/proyectosep2/IEE2463-SEP-Proyecto-2-Z8/2_core/vitis/2_core/zynq_fsbl/zynq_fsbl_bsp/system.mss|system||

TRACE::2025-06-25.16:09:44::SCWMssOS::Sw design exists and opened at  D:/proyectosep2/IEE2463-SEP-Proyecto-2-Z8/2_core/vitis/2_core/ps7_cortexa9_1/standalone_domain/bsp/system.mss
TRACE::2025-06-25.16:09:44::SCWMssOS::Saving the mss changes D:/proyectosep2/IEE2463-SEP-Proyecto-2-Z8/2_core/vitis/2_core/zynq_fsbl/zynq_fsbl_bsp/system.mss
TRACE::2025-06-25.16:09:44::SCWMssOS::Found a swdesign opened with the mssfile.
TRACE::2025-06-25.16:09:44::SCWMssOS::Completed writemss as part of save.
TRACE::2025-06-25.16:09:44::SCWMssOS::Commit changes completed.
TRACE::2025-06-25.16:09:44::SCWMssOS::Saving the mss changes D:/proyectosep2/IEE2463-SEP-Proyecto-2-Z8/2_core/vitis/2_core/ps7_cortexa9_1/standalone_domain/bsp/system.mss
TRACE::2025-06-25.16:09:44::SCWMssOS::Found a swdesign opened with the mssfile.
TRACE::2025-06-25.16:09:44::SCWMssOS::Completed writemss as part of save.
TRACE::2025-06-25.16:09:44::SCWMssOS::Commit changes completed.
TRACE::2025-06-25.16:09:44::SCWPlatform::Trying to open the hw design at D:/proyectosep2/IEE2463-SEP-Proyecto-2-Z8/2_core/vitis/2_core/hw/DEMO_wrapper.xsa
TRACE::2025-06-25.16:09:44::SCWPlatform::DSA given D:/proyectosep2/IEE2463-SEP-Proyecto-2-Z8/2_core/vitis/2_core/hw/DEMO_wrapper.xsa
TRACE::2025-06-25.16:09:44::SCWPlatform::DSA absoulate path D:/proyectosep2/IEE2463-SEP-Proyecto-2-Z8/2_core/vitis/2_core/hw/DEMO_wrapper.xsa
TRACE::2025-06-25.16:09:44::SCWPlatform::DSA directory D:/proyectosep2/IEE2463-SEP-Proyecto-2-Z8/2_core/vitis/2_core/hw
TRACE::2025-06-25.16:09:44::SCWPlatform:: Platform Path D:/proyectosep2/IEE2463-SEP-Proyecto-2-Z8/2_core/vitis/2_core/hw/DEMO_wrapper.xsa
TRACE::2025-06-25.16:09:44::SCWPlatform:: Unique name xilinx:zybo-z7-10::0.0
TRACE::2025-06-25.16:09:44::SCWPlatform::Trying to set the existing hwdb with name DEMO_wrapper_0
TRACE::2025-06-25.16:09:44::SCWPlatform::Opened existing hwdb DEMO_wrapper_0
TRACE::2025-06-25.16:09:44::SCWPlatform::Found the Hw Db part of the input DSA
TRACE::2025-06-25.16:09:44::SCWMssOS::Checking the sw design at  D:/proyectosep2/IEE2463-SEP-Proyecto-2-Z8/2_core/vitis/2_core/zynq_fsbl/zynq_fsbl_bsp/system.mss
TRACE::2025-06-25.16:09:44::SCWMssOS::DEBUG:  swdes dump  D:/proyectosep2/IEE2463-SEP-Proyecto-2-Z8/2_core/vitis/2_core/ps7_cortexa9_1/standalone_domain/bsp/system.mss|system_0||
D:/proyectosep2/IEE2463-SEP-Proyecto-2-Z8/2_core/vitis/2_core/zynq_fsbl/zynq_fsbl_bsp/system.mss|system||

TRACE::2025-06-25.16:09:44::SCWMssOS::Sw design exists and opened at  D:/proyectosep2/IEE2463-SEP-Proyecto-2-Z8/2_core/vitis/2_core/zynq_fsbl/zynq_fsbl_bsp/system.mss
TRACE::2025-06-25.16:09:44::SCWPlatform::Trying to open the hw design at D:/proyectosep2/IEE2463-SEP-Proyecto-2-Z8/2_core/vitis/2_core/hw/DEMO_wrapper.xsa
TRACE::2025-06-25.16:09:44::SCWPlatform::DSA given D:/proyectosep2/IEE2463-SEP-Proyecto-2-Z8/2_core/vitis/2_core/hw/DEMO_wrapper.xsa
TRACE::2025-06-25.16:09:44::SCWPlatform::DSA absoulate path D:/proyectosep2/IEE2463-SEP-Proyecto-2-Z8/2_core/vitis/2_core/hw/DEMO_wrapper.xsa
TRACE::2025-06-25.16:09:44::SCWPlatform::DSA directory D:/proyectosep2/IEE2463-SEP-Proyecto-2-Z8/2_core/vitis/2_core/hw
TRACE::2025-06-25.16:09:44::SCWPlatform:: Platform Path D:/proyectosep2/IEE2463-SEP-Proyecto-2-Z8/2_core/vitis/2_core/hw/DEMO_wrapper.xsa
TRACE::2025-06-25.16:09:44::SCWPlatform:: Unique name xilinx:zybo-z7-10::0.0
TRACE::2025-06-25.16:09:44::SCWPlatform::Trying to set the existing hwdb with name DEMO_wrapper_0
TRACE::2025-06-25.16:09:44::SCWPlatform::Opened existing hwdb DEMO_wrapper_0
TRACE::2025-06-25.16:09:44::SCWPlatform::Found the Hw Db part of the input DSA
TRACE::2025-06-25.16:09:44::SCWMssOS::Checking the sw design at  D:/proyectosep2/IEE2463-SEP-Proyecto-2-Z8/2_core/vitis/2_core/zynq_fsbl/zynq_fsbl_bsp/system.mss
TRACE::2025-06-25.16:09:44::SCWMssOS::DEBUG:  swdes dump  D:/proyectosep2/IEE2463-SEP-Proyecto-2-Z8/2_core/vitis/2_core/ps7_cortexa9_1/standalone_domain/bsp/system.mss|system_0||
D:/proyectosep2/IEE2463-SEP-Proyecto-2-Z8/2_core/vitis/2_core/zynq_fsbl/zynq_fsbl_bsp/system.mss|system||

TRACE::2025-06-25.16:09:44::SCWMssOS::Sw design exists and opened at  D:/proyectosep2/IEE2463-SEP-Proyecto-2-Z8/2_core/vitis/2_core/zynq_fsbl/zynq_fsbl_bsp/system.mss
TRACE::2025-06-25.16:09:44::SCWPlatform::Trying to open the hw design at D:/proyectosep2/IEE2463-SEP-Proyecto-2-Z8/2_core/vitis/2_core/hw/DEMO_wrapper.xsa
TRACE::2025-06-25.16:09:44::SCWPlatform::DSA given D:/proyectosep2/IEE2463-SEP-Proyecto-2-Z8/2_core/vitis/2_core/hw/DEMO_wrapper.xsa
TRACE::2025-06-25.16:09:44::SCWPlatform::DSA absoulate path D:/proyectosep2/IEE2463-SEP-Proyecto-2-Z8/2_core/vitis/2_core/hw/DEMO_wrapper.xsa
TRACE::2025-06-25.16:09:44::SCWPlatform::DSA directory D:/proyectosep2/IEE2463-SEP-Proyecto-2-Z8/2_core/vitis/2_core/hw
TRACE::2025-06-25.16:09:44::SCWPlatform:: Platform Path D:/proyectosep2/IEE2463-SEP-Proyecto-2-Z8/2_core/vitis/2_core/hw/DEMO_wrapper.xsa
TRACE::2025-06-25.16:09:44::SCWPlatform:: Unique name xilinx:zybo-z7-10::0.0
TRACE::2025-06-25.16:09:44::SCWPlatform::Trying to set the existing hwdb with name DEMO_wrapper_0
TRACE::2025-06-25.16:09:44::SCWPlatform::Opened existing hwdb DEMO_wrapper_0
TRACE::2025-06-25.16:09:44::SCWPlatform::Found the Hw Db part of the input DSA
TRACE::2025-06-25.16:09:44::SCWMssOS::Checking the sw design at  D:/proyectosep2/IEE2463-SEP-Proyecto-2-Z8/2_core/vitis/2_core/zynq_fsbl/zynq_fsbl_bsp/system.mss
TRACE::2025-06-25.16:09:44::SCWMssOS::DEBUG:  swdes dump  D:/proyectosep2/IEE2463-SEP-Proyecto-2-Z8/2_core/vitis/2_core/ps7_cortexa9_1/standalone_domain/bsp/system.mss|system_0||
D:/proyectosep2/IEE2463-SEP-Proyecto-2-Z8/2_core/vitis/2_core/zynq_fsbl/zynq_fsbl_bsp/system.mss|system||

TRACE::2025-06-25.16:09:44::SCWMssOS::Sw design exists and opened at  D:/proyectosep2/IEE2463-SEP-Proyecto-2-Z8/2_core/vitis/2_core/zynq_fsbl/zynq_fsbl_bsp/system.mss
TRACE::2025-06-25.16:09:44::SCWPlatform::Trying to open the hw design at D:/proyectosep2/IEE2463-SEP-Proyecto-2-Z8/2_core/vitis/2_core/hw/DEMO_wrapper.xsa
TRACE::2025-06-25.16:09:44::SCWPlatform::DSA given D:/proyectosep2/IEE2463-SEP-Proyecto-2-Z8/2_core/vitis/2_core/hw/DEMO_wrapper.xsa
TRACE::2025-06-25.16:09:44::SCWPlatform::DSA absoulate path D:/proyectosep2/IEE2463-SEP-Proyecto-2-Z8/2_core/vitis/2_core/hw/DEMO_wrapper.xsa
TRACE::2025-06-25.16:09:44::SCWPlatform::DSA directory D:/proyectosep2/IEE2463-SEP-Proyecto-2-Z8/2_core/vitis/2_core/hw
TRACE::2025-06-25.16:09:44::SCWPlatform:: Platform Path D:/proyectosep2/IEE2463-SEP-Proyecto-2-Z8/2_core/vitis/2_core/hw/DEMO_wrapper.xsa
TRACE::2025-06-25.16:09:44::SCWPlatform:: Unique name xilinx:zybo-z7-10::0.0
TRACE::2025-06-25.16:09:44::SCWPlatform::Trying to set the existing hwdb with name DEMO_wrapper_0
TRACE::2025-06-25.16:09:44::SCWPlatform::Opened existing hwdb DEMO_wrapper_0
TRACE::2025-06-25.16:09:44::SCWPlatform::Found the Hw Db part of the input DSA
TRACE::2025-06-25.16:09:44::SCWMssOS::Checking the sw design at  D:/proyectosep2/IEE2463-SEP-Proyecto-2-Z8/2_core/vitis/2_core/ps7_cortexa9_1/standalone_domain/bsp/system.mss
TRACE::2025-06-25.16:09:44::SCWMssOS::DEBUG:  swdes dump  D:/proyectosep2/IEE2463-SEP-Proyecto-2-Z8/2_core/vitis/2_core/ps7_cortexa9_1/standalone_domain/bsp/system.mss|system_0||
D:/proyectosep2/IEE2463-SEP-Proyecto-2-Z8/2_core/vitis/2_core/zynq_fsbl/zynq_fsbl_bsp/system.mss|system||

TRACE::2025-06-25.16:09:44::SCWMssOS::Sw design exists and opened at  D:/proyectosep2/IEE2463-SEP-Proyecto-2-Z8/2_core/vitis/2_core/ps7_cortexa9_1/standalone_domain/bsp/system.mss
TRACE::2025-06-25.16:09:44::SCWPlatform::Trying to open the hw design at D:/proyectosep2/IEE2463-SEP-Proyecto-2-Z8/2_core/vitis/2_core/hw/DEMO_wrapper.xsa
TRACE::2025-06-25.16:09:44::SCWPlatform::DSA given D:/proyectosep2/IEE2463-SEP-Proyecto-2-Z8/2_core/vitis/2_core/hw/DEMO_wrapper.xsa
TRACE::2025-06-25.16:09:44::SCWPlatform::DSA absoulate path D:/proyectosep2/IEE2463-SEP-Proyecto-2-Z8/2_core/vitis/2_core/hw/DEMO_wrapper.xsa
TRACE::2025-06-25.16:09:44::SCWPlatform::DSA directory D:/proyectosep2/IEE2463-SEP-Proyecto-2-Z8/2_core/vitis/2_core/hw
TRACE::2025-06-25.16:09:44::SCWPlatform:: Platform Path D:/proyectosep2/IEE2463-SEP-Proyecto-2-Z8/2_core/vitis/2_core/hw/DEMO_wrapper.xsa
TRACE::2025-06-25.16:09:44::SCWPlatform:: Unique name xilinx:zybo-z7-10::0.0
TRACE::2025-06-25.16:09:44::SCWPlatform::Trying to set the existing hwdb with name DEMO_wrapper_0
TRACE::2025-06-25.16:09:44::SCWPlatform::Opened existing hwdb DEMO_wrapper_0
TRACE::2025-06-25.16:09:44::SCWPlatform::Found the Hw Db part of the input DSA
TRACE::2025-06-25.16:09:44::SCWMssOS::Checking the sw design at  D:/proyectosep2/IEE2463-SEP-Proyecto-2-Z8/2_core/vitis/2_core/ps7_cortexa9_1/standalone_domain/bsp/system.mss
TRACE::2025-06-25.16:09:44::SCWMssOS::DEBUG:  swdes dump  D:/proyectosep2/IEE2463-SEP-Proyecto-2-Z8/2_core/vitis/2_core/ps7_cortexa9_1/standalone_domain/bsp/system.mss|system_0||
D:/proyectosep2/IEE2463-SEP-Proyecto-2-Z8/2_core/vitis/2_core/zynq_fsbl/zynq_fsbl_bsp/system.mss|system||

TRACE::2025-06-25.16:09:44::SCWMssOS::Sw design exists and opened at  D:/proyectosep2/IEE2463-SEP-Proyecto-2-Z8/2_core/vitis/2_core/ps7_cortexa9_1/standalone_domain/bsp/system.mss
TRACE::2025-06-25.16:09:44::SCWPlatform::Trying to open the hw design at D:/proyectosep2/IEE2463-SEP-Proyecto-2-Z8/2_core/vitis/2_core/hw/DEMO_wrapper.xsa
TRACE::2025-06-25.16:09:44::SCWPlatform::DSA given D:/proyectosep2/IEE2463-SEP-Proyecto-2-Z8/2_core/vitis/2_core/hw/DEMO_wrapper.xsa
TRACE::2025-06-25.16:09:44::SCWPlatform::DSA absoulate path D:/proyectosep2/IEE2463-SEP-Proyecto-2-Z8/2_core/vitis/2_core/hw/DEMO_wrapper.xsa
TRACE::2025-06-25.16:09:44::SCWPlatform::DSA directory D:/proyectosep2/IEE2463-SEP-Proyecto-2-Z8/2_core/vitis/2_core/hw
TRACE::2025-06-25.16:09:44::SCWPlatform:: Platform Path D:/proyectosep2/IEE2463-SEP-Proyecto-2-Z8/2_core/vitis/2_core/hw/DEMO_wrapper.xsa
TRACE::2025-06-25.16:09:44::SCWPlatform:: Unique name xilinx:zybo-z7-10::0.0
TRACE::2025-06-25.16:09:44::SCWPlatform::Trying to set the existing hwdb with name DEMO_wrapper_0
TRACE::2025-06-25.16:09:44::SCWPlatform::Opened existing hwdb DEMO_wrapper_0
TRACE::2025-06-25.16:09:44::SCWPlatform::Found the Hw Db part of the input DSA
TRACE::2025-06-25.16:09:44::SCWMssOS::Checking the sw design at  D:/proyectosep2/IEE2463-SEP-Proyecto-2-Z8/2_core/vitis/2_core/ps7_cortexa9_1/standalone_domain/bsp/system.mss
TRACE::2025-06-25.16:09:44::SCWMssOS::DEBUG:  swdes dump  D:/proyectosep2/IEE2463-SEP-Proyecto-2-Z8/2_core/vitis/2_core/ps7_cortexa9_1/standalone_domain/bsp/system.mss|system_0||
D:/proyectosep2/IEE2463-SEP-Proyecto-2-Z8/2_core/vitis/2_core/zynq_fsbl/zynq_fsbl_bsp/system.mss|system||

TRACE::2025-06-25.16:09:44::SCWMssOS::Sw design exists and opened at  D:/proyectosep2/IEE2463-SEP-Proyecto-2-Z8/2_core/vitis/2_core/ps7_cortexa9_1/standalone_domain/bsp/system.mss
TRACE::2025-06-25.16:09:44::SCWWriter::formatted JSON is {
	"platformName":	"2_core",
	"sprVersion":	"2.0",
	"mode":	"gui",
	"dsaType":	"Fixed",
	"platformDesc":	"2_core",
	"platHandOff":	"D:/proyectosep2/IEE2463-SEP-Proyecto-2-Z8/full_hardware/vivado/DEMO_wrapper.xsa",
	"platIntHandOff":	"<platformDir>/hw/DEMO_wrapper.xsa",
	"deviceType":	"zynq",
	"platIsPrebuiltAutogen":	"false",
	"platIsNoBootBsp":	"false",
	"platFsblTarget":	"ps7_cortexa9_0",
	"hasFsblMakeHasChanges":	"false",
	"hasPmufwMakeHasChanges":	"false",
	"fsblExtraCompilerFlags":	"-MMD -MP       -mcpu=cortex-a9 -mfpu=vfpv3 -mfloat-abi=hard ",
	"platPreBuiltFlag":	false,
	"platformSamplesDir":	"",
	"platActiveSys":	"2_core",
	"systems":	[{
			"systemName":	"2_core",
			"systemDesc":	"2_core",
			"sysIsBootAutoGen":	"true",
			"systemDispName":	"2_core",
			"sysActiveDom":	"standalone_domain",
			"sysDefaultDom":	"standalone_domain",
			"domains":	[{
					"domainName":	"zynq_fsbl",
					"domainDispName":	"zynq_fsbl",
					"domainDesc":	"FSBL Application BSP - Auto Generated.",
					"processors":	"ps7_cortexa9_0",
					"os":	"standalone",
					"sdxOs":	"standalone",
					"debugEnable":	"",
					"domRuntimes":	["cpp"],
					"swRepo":	"",
					"mssOsVer":	"7.2",
					"mssFile":	"",
					"md5Digest":	"22a6aa47fd12e4eea21ee9dba4d7fcad",
					"compatibleApp":	"zynq_fsbl",
					"domType":	"bootDomain",
					"appSettings":	{
						"appCompilerFlags":	"",
						"appLinkerFlags":	""
					},
					"addedLibs":	["xilffs:4.3", "xilrsa:1.6"],
					"libOptions":	{
						"libsContainingOptions":	[]
					},
					"prebuiltLibs":	{
						"prebuiltIncPath":	[],
						"prebuiltLibPath":	[]
					},
					"isolation":	{
					}
				}, {
					"domainName":	"standalone_domain",
					"domainDispName":	"standalone on ps7_cortexa9_1",
					"domainDesc":	"standalone_domain",
					"processors":	"ps7_cortexa9_1",
					"os":	"standalone",
					"sdxOs":	"standalone",
					"qemuArgs":	"D:/Xilinx/Vitis/2020.1/data/emulation/platforms/zynq/qemu/qemu_args.txt",
					"qemuData":	"D:/Xilinx/Vitis/2020.1/data/emulation/platforms/zynq/qemu/",
					"debugEnable":	"False",
					"domRuntimes":	["cpp"],
					"swRepo":	"",
					"mssOsVer":	"7.2",
					"mssFile":	"",
					"md5Digest":	"eeda6af4935d7e423fd8b46083f15ce2",
					"compatibleApp":	"",
					"domType":	"mssDomain",
					"appSettings":	{
						"appCompilerFlags":	"",
						"appLinkerFlags":	""
					},
					"addedLibs":	[],
					"libOptions":	{
						"libsContainingOptions":	[]
					},
					"prebuiltLibs":	{
						"prebuiltIncPath":	[],
						"prebuiltLibPath":	[]
					},
					"isolation":	{
					}
				}]
		}]
}
TRACE::2025-06-25.16:09:44::SCWMssOS::Saving the mss changes D:/proyectosep2/IEE2463-SEP-Proyecto-2-Z8/2_core/vitis/2_core/zynq_fsbl/zynq_fsbl_bsp/system.mss
TRACE::2025-06-25.16:09:44::SCWMssOS::Found a swdesign opened with the mssfile.
TRACE::2025-06-25.16:09:44::SCWMssOS::Completed writemss as part of save.
TRACE::2025-06-25.16:09:44::SCWMssOS::Commit changes completed.
TRACE::2025-06-25.16:09:44::SCWMssOS::Saving the mss changes D:/proyectosep2/IEE2463-SEP-Proyecto-2-Z8/2_core/vitis/2_core/ps7_cortexa9_1/standalone_domain/bsp/system.mss
TRACE::2025-06-25.16:09:44::SCWMssOS::Found a swdesign opened with the mssfile.
TRACE::2025-06-25.16:09:44::SCWMssOS::Completed writemss as part of save.
TRACE::2025-06-25.16:09:44::SCWMssOS::Commit changes completed.
TRACE::2025-06-25.16:09:44::SCWPlatform::Trying to open the hw design at D:/proyectosep2/IEE2463-SEP-Proyecto-2-Z8/2_core/vitis/2_core/hw/DEMO_wrapper.xsa
TRACE::2025-06-25.16:09:44::SCWPlatform::DSA given D:/proyectosep2/IEE2463-SEP-Proyecto-2-Z8/2_core/vitis/2_core/hw/DEMO_wrapper.xsa
TRACE::2025-06-25.16:09:44::SCWPlatform::DSA absoulate path D:/proyectosep2/IEE2463-SEP-Proyecto-2-Z8/2_core/vitis/2_core/hw/DEMO_wrapper.xsa
TRACE::2025-06-25.16:09:44::SCWPlatform::DSA directory D:/proyectosep2/IEE2463-SEP-Proyecto-2-Z8/2_core/vitis/2_core/hw
TRACE::2025-06-25.16:09:44::SCWPlatform:: Platform Path D:/proyectosep2/IEE2463-SEP-Proyecto-2-Z8/2_core/vitis/2_core/hw/DEMO_wrapper.xsa
TRACE::2025-06-25.16:09:44::SCWPlatform:: Unique name xilinx:zybo-z7-10::0.0
TRACE::2025-06-25.16:09:44::SCWPlatform::Trying to set the existing hwdb with name DEMO_wrapper_0
TRACE::2025-06-25.16:09:44::SCWPlatform::Opened existing hwdb DEMO_wrapper_0
TRACE::2025-06-25.16:09:44::SCWPlatform::Found the Hw Db part of the input DSA
TRACE::2025-06-25.16:09:44::SCWMssOS::Checking the sw design at  D:/proyectosep2/IEE2463-SEP-Proyecto-2-Z8/2_core/vitis/2_core/zynq_fsbl/zynq_fsbl_bsp/system.mss
TRACE::2025-06-25.16:09:44::SCWMssOS::DEBUG:  swdes dump  D:/proyectosep2/IEE2463-SEP-Proyecto-2-Z8/2_core/vitis/2_core/ps7_cortexa9_1/standalone_domain/bsp/system.mss|system_0||
D:/proyectosep2/IEE2463-SEP-Proyecto-2-Z8/2_core/vitis/2_core/zynq_fsbl/zynq_fsbl_bsp/system.mss|system||

TRACE::2025-06-25.16:09:44::SCWMssOS::Sw design exists and opened at  D:/proyectosep2/IEE2463-SEP-Proyecto-2-Z8/2_core/vitis/2_core/zynq_fsbl/zynq_fsbl_bsp/system.mss
TRACE::2025-06-25.16:09:44::SCWPlatform::Trying to open the hw design at D:/proyectosep2/IEE2463-SEP-Proyecto-2-Z8/2_core/vitis/2_core/hw/DEMO_wrapper.xsa
TRACE::2025-06-25.16:09:44::SCWPlatform::DSA given D:/proyectosep2/IEE2463-SEP-Proyecto-2-Z8/2_core/vitis/2_core/hw/DEMO_wrapper.xsa
TRACE::2025-06-25.16:09:44::SCWPlatform::DSA absoulate path D:/proyectosep2/IEE2463-SEP-Proyecto-2-Z8/2_core/vitis/2_core/hw/DEMO_wrapper.xsa
TRACE::2025-06-25.16:09:44::SCWPlatform::DSA directory D:/proyectosep2/IEE2463-SEP-Proyecto-2-Z8/2_core/vitis/2_core/hw
TRACE::2025-06-25.16:09:44::SCWPlatform:: Platform Path D:/proyectosep2/IEE2463-SEP-Proyecto-2-Z8/2_core/vitis/2_core/hw/DEMO_wrapper.xsa
TRACE::2025-06-25.16:09:44::SCWPlatform:: Unique name xilinx:zybo-z7-10::0.0
TRACE::2025-06-25.16:09:44::SCWPlatform::Trying to set the existing hwdb with name DEMO_wrapper_0
TRACE::2025-06-25.16:09:44::SCWPlatform::Opened existing hwdb DEMO_wrapper_0
TRACE::2025-06-25.16:09:44::SCWPlatform::Found the Hw Db part of the input DSA
TRACE::2025-06-25.16:09:44::SCWMssOS::Checking the sw design at  D:/proyectosep2/IEE2463-SEP-Proyecto-2-Z8/2_core/vitis/2_core/zynq_fsbl/zynq_fsbl_bsp/system.mss
TRACE::2025-06-25.16:09:44::SCWMssOS::DEBUG:  swdes dump  D:/proyectosep2/IEE2463-SEP-Proyecto-2-Z8/2_core/vitis/2_core/ps7_cortexa9_1/standalone_domain/bsp/system.mss|system_0||
D:/proyectosep2/IEE2463-SEP-Proyecto-2-Z8/2_core/vitis/2_core/zynq_fsbl/zynq_fsbl_bsp/system.mss|system||

TRACE::2025-06-25.16:09:44::SCWMssOS::Sw design exists and opened at  D:/proyectosep2/IEE2463-SEP-Proyecto-2-Z8/2_core/vitis/2_core/zynq_fsbl/zynq_fsbl_bsp/system.mss
TRACE::2025-06-25.16:09:44::SCWPlatform::Trying to open the hw design at D:/proyectosep2/IEE2463-SEP-Proyecto-2-Z8/2_core/vitis/2_core/hw/DEMO_wrapper.xsa
TRACE::2025-06-25.16:09:44::SCWPlatform::DSA given D:/proyectosep2/IEE2463-SEP-Proyecto-2-Z8/2_core/vitis/2_core/hw/DEMO_wrapper.xsa
TRACE::2025-06-25.16:09:44::SCWPlatform::DSA absoulate path D:/proyectosep2/IEE2463-SEP-Proyecto-2-Z8/2_core/vitis/2_core/hw/DEMO_wrapper.xsa
TRACE::2025-06-25.16:09:44::SCWPlatform::DSA directory D:/proyectosep2/IEE2463-SEP-Proyecto-2-Z8/2_core/vitis/2_core/hw
TRACE::2025-06-25.16:09:44::SCWPlatform:: Platform Path D:/proyectosep2/IEE2463-SEP-Proyecto-2-Z8/2_core/vitis/2_core/hw/DEMO_wrapper.xsa
TRACE::2025-06-25.16:09:44::SCWPlatform:: Unique name xilinx:zybo-z7-10::0.0
TRACE::2025-06-25.16:09:44::SCWPlatform::Trying to set the existing hwdb with name DEMO_wrapper_0
TRACE::2025-06-25.16:09:44::SCWPlatform::Opened existing hwdb DEMO_wrapper_0
TRACE::2025-06-25.16:09:44::SCWPlatform::Found the Hw Db part of the input DSA
TRACE::2025-06-25.16:09:44::SCWMssOS::Checking the sw design at  D:/proyectosep2/IEE2463-SEP-Proyecto-2-Z8/2_core/vitis/2_core/zynq_fsbl/zynq_fsbl_bsp/system.mss
TRACE::2025-06-25.16:09:44::SCWMssOS::DEBUG:  swdes dump  D:/proyectosep2/IEE2463-SEP-Proyecto-2-Z8/2_core/vitis/2_core/ps7_cortexa9_1/standalone_domain/bsp/system.mss|system_0||
D:/proyectosep2/IEE2463-SEP-Proyecto-2-Z8/2_core/vitis/2_core/zynq_fsbl/zynq_fsbl_bsp/system.mss|system||

TRACE::2025-06-25.16:09:44::SCWMssOS::Sw design exists and opened at  D:/proyectosep2/IEE2463-SEP-Proyecto-2-Z8/2_core/vitis/2_core/zynq_fsbl/zynq_fsbl_bsp/system.mss
TRACE::2025-06-25.16:09:44::SCWPlatform::Trying to open the hw design at D:/proyectosep2/IEE2463-SEP-Proyecto-2-Z8/2_core/vitis/2_core/hw/DEMO_wrapper.xsa
TRACE::2025-06-25.16:09:44::SCWPlatform::DSA given D:/proyectosep2/IEE2463-SEP-Proyecto-2-Z8/2_core/vitis/2_core/hw/DEMO_wrapper.xsa
TRACE::2025-06-25.16:09:44::SCWPlatform::DSA absoulate path D:/proyectosep2/IEE2463-SEP-Proyecto-2-Z8/2_core/vitis/2_core/hw/DEMO_wrapper.xsa
TRACE::2025-06-25.16:09:44::SCWPlatform::DSA directory D:/proyectosep2/IEE2463-SEP-Proyecto-2-Z8/2_core/vitis/2_core/hw
TRACE::2025-06-25.16:09:44::SCWPlatform:: Platform Path D:/proyectosep2/IEE2463-SEP-Proyecto-2-Z8/2_core/vitis/2_core/hw/DEMO_wrapper.xsa
TRACE::2025-06-25.16:09:44::SCWPlatform:: Unique name xilinx:zybo-z7-10::0.0
TRACE::2025-06-25.16:09:44::SCWPlatform::Trying to set the existing hwdb with name DEMO_wrapper_0
TRACE::2025-06-25.16:09:44::SCWPlatform::Opened existing hwdb DEMO_wrapper_0
TRACE::2025-06-25.16:09:44::SCWPlatform::Found the Hw Db part of the input DSA
TRACE::2025-06-25.16:09:44::SCWMssOS::Checking the sw design at  D:/proyectosep2/IEE2463-SEP-Proyecto-2-Z8/2_core/vitis/2_core/ps7_cortexa9_1/standalone_domain/bsp/system.mss
TRACE::2025-06-25.16:09:44::SCWMssOS::DEBUG:  swdes dump  D:/proyectosep2/IEE2463-SEP-Proyecto-2-Z8/2_core/vitis/2_core/ps7_cortexa9_1/standalone_domain/bsp/system.mss|system_0||
D:/proyectosep2/IEE2463-SEP-Proyecto-2-Z8/2_core/vitis/2_core/zynq_fsbl/zynq_fsbl_bsp/system.mss|system||

TRACE::2025-06-25.16:09:44::SCWMssOS::Sw design exists and opened at  D:/proyectosep2/IEE2463-SEP-Proyecto-2-Z8/2_core/vitis/2_core/ps7_cortexa9_1/standalone_domain/bsp/system.mss
TRACE::2025-06-25.16:09:44::SCWPlatform::Trying to open the hw design at D:/proyectosep2/IEE2463-SEP-Proyecto-2-Z8/2_core/vitis/2_core/hw/DEMO_wrapper.xsa
TRACE::2025-06-25.16:09:44::SCWPlatform::DSA given D:/proyectosep2/IEE2463-SEP-Proyecto-2-Z8/2_core/vitis/2_core/hw/DEMO_wrapper.xsa
TRACE::2025-06-25.16:09:44::SCWPlatform::DSA absoulate path D:/proyectosep2/IEE2463-SEP-Proyecto-2-Z8/2_core/vitis/2_core/hw/DEMO_wrapper.xsa
TRACE::2025-06-25.16:09:44::SCWPlatform::DSA directory D:/proyectosep2/IEE2463-SEP-Proyecto-2-Z8/2_core/vitis/2_core/hw
TRACE::2025-06-25.16:09:44::SCWPlatform:: Platform Path D:/proyectosep2/IEE2463-SEP-Proyecto-2-Z8/2_core/vitis/2_core/hw/DEMO_wrapper.xsa
TRACE::2025-06-25.16:09:44::SCWPlatform:: Unique name xilinx:zybo-z7-10::0.0
TRACE::2025-06-25.16:09:44::SCWPlatform::Trying to set the existing hwdb with name DEMO_wrapper_0
TRACE::2025-06-25.16:09:44::SCWPlatform::Opened existing hwdb DEMO_wrapper_0
TRACE::2025-06-25.16:09:44::SCWPlatform::Found the Hw Db part of the input DSA
TRACE::2025-06-25.16:09:44::SCWMssOS::Checking the sw design at  D:/proyectosep2/IEE2463-SEP-Proyecto-2-Z8/2_core/vitis/2_core/ps7_cortexa9_1/standalone_domain/bsp/system.mss
TRACE::2025-06-25.16:09:44::SCWMssOS::DEBUG:  swdes dump  D:/proyectosep2/IEE2463-SEP-Proyecto-2-Z8/2_core/vitis/2_core/ps7_cortexa9_1/standalone_domain/bsp/system.mss|system_0||
D:/proyectosep2/IEE2463-SEP-Proyecto-2-Z8/2_core/vitis/2_core/zynq_fsbl/zynq_fsbl_bsp/system.mss|system||

TRACE::2025-06-25.16:09:44::SCWMssOS::Sw design exists and opened at  D:/proyectosep2/IEE2463-SEP-Proyecto-2-Z8/2_core/vitis/2_core/ps7_cortexa9_1/standalone_domain/bsp/system.mss
TRACE::2025-06-25.16:09:44::SCWPlatform::Trying to open the hw design at D:/proyectosep2/IEE2463-SEP-Proyecto-2-Z8/2_core/vitis/2_core/hw/DEMO_wrapper.xsa
TRACE::2025-06-25.16:09:44::SCWPlatform::DSA given D:/proyectosep2/IEE2463-SEP-Proyecto-2-Z8/2_core/vitis/2_core/hw/DEMO_wrapper.xsa
TRACE::2025-06-25.16:09:44::SCWPlatform::DSA absoulate path D:/proyectosep2/IEE2463-SEP-Proyecto-2-Z8/2_core/vitis/2_core/hw/DEMO_wrapper.xsa
TRACE::2025-06-25.16:09:44::SCWPlatform::DSA directory D:/proyectosep2/IEE2463-SEP-Proyecto-2-Z8/2_core/vitis/2_core/hw
TRACE::2025-06-25.16:09:44::SCWPlatform:: Platform Path D:/proyectosep2/IEE2463-SEP-Proyecto-2-Z8/2_core/vitis/2_core/hw/DEMO_wrapper.xsa
TRACE::2025-06-25.16:09:44::SCWPlatform:: Unique name xilinx:zybo-z7-10::0.0
TRACE::2025-06-25.16:09:44::SCWPlatform::Trying to set the existing hwdb with name DEMO_wrapper_0
TRACE::2025-06-25.16:09:44::SCWPlatform::Opened existing hwdb DEMO_wrapper_0
TRACE::2025-06-25.16:09:44::SCWPlatform::Found the Hw Db part of the input DSA
TRACE::2025-06-25.16:09:44::SCWMssOS::Checking the sw design at  D:/proyectosep2/IEE2463-SEP-Proyecto-2-Z8/2_core/vitis/2_core/ps7_cortexa9_1/standalone_domain/bsp/system.mss
TRACE::2025-06-25.16:09:44::SCWMssOS::DEBUG:  swdes dump  D:/proyectosep2/IEE2463-SEP-Proyecto-2-Z8/2_core/vitis/2_core/ps7_cortexa9_1/standalone_domain/bsp/system.mss|system_0||
D:/proyectosep2/IEE2463-SEP-Proyecto-2-Z8/2_core/vitis/2_core/zynq_fsbl/zynq_fsbl_bsp/system.mss|system||

TRACE::2025-06-25.16:09:44::SCWMssOS::Sw design exists and opened at  D:/proyectosep2/IEE2463-SEP-Proyecto-2-Z8/2_core/vitis/2_core/ps7_cortexa9_1/standalone_domain/bsp/system.mss
TRACE::2025-06-25.16:09:44::SCWWriter::formatted JSON is {
	"platformName":	"2_core",
	"sprVersion":	"2.0",
	"mode":	"gui",
	"dsaType":	"Fixed",
	"platformDesc":	"2_core",
	"platHandOff":	"D:/proyectosep2/IEE2463-SEP-Proyecto-2-Z8/full_hardware/vivado/DEMO_wrapper.xsa",
	"platIntHandOff":	"<platformDir>/hw/DEMO_wrapper.xsa",
	"deviceType":	"zynq",
	"platIsPrebuiltAutogen":	"false",
	"platIsNoBootBsp":	"false",
	"platFsblTarget":	"ps7_cortexa9_0",
	"hasFsblMakeHasChanges":	"false",
	"hasPmufwMakeHasChanges":	"false",
	"fsblExtraCompilerFlags":	"-MMD -MP       -mcpu=cortex-a9 -mfpu=vfpv3 -mfloat-abi=hard ",
	"platPreBuiltFlag":	false,
	"platformSamplesDir":	"",
	"platActiveSys":	"2_core",
	"systems":	[{
			"systemName":	"2_core",
			"systemDesc":	"2_core",
			"sysIsBootAutoGen":	"true",
			"systemDispName":	"2_core",
			"sysActiveDom":	"standalone_domain",
			"sysDefaultDom":	"standalone_domain",
			"domains":	[{
					"domainName":	"zynq_fsbl",
					"domainDispName":	"zynq_fsbl",
					"domainDesc":	"FSBL Application BSP - Auto Generated.",
					"processors":	"ps7_cortexa9_0",
					"os":	"standalone",
					"sdxOs":	"standalone",
					"debugEnable":	"",
					"domRuntimes":	["cpp"],
					"swRepo":	"",
					"mssOsVer":	"7.2",
					"mssFile":	"",
					"md5Digest":	"22a6aa47fd12e4eea21ee9dba4d7fcad",
					"compatibleApp":	"zynq_fsbl",
					"domType":	"bootDomain",
					"appSettings":	{
						"appCompilerFlags":	"",
						"appLinkerFlags":	""
					},
					"addedLibs":	["xilffs:4.3", "xilrsa:1.6"],
					"libOptions":	{
						"libsContainingOptions":	[]
					},
					"prebuiltLibs":	{
						"prebuiltIncPath":	[],
						"prebuiltLibPath":	[]
					},
					"isolation":	{
					}
				}, {
					"domainName":	"standalone_domain",
					"domainDispName":	"standalone on ps7_cortexa9_1",
					"domainDesc":	"standalone_domain",
					"processors":	"ps7_cortexa9_1",
					"os":	"standalone",
					"sdxOs":	"standalone",
					"qemuArgs":	"D:/Xilinx/Vitis/2020.1/data/emulation/platforms/zynq/qemu/qemu_args.txt",
					"qemuData":	"D:/Xilinx/Vitis/2020.1/data/emulation/platforms/zynq/qemu/",
					"debugEnable":	"False",
					"domRuntimes":	["cpp"],
					"swRepo":	"",
					"mssOsVer":	"7.2",
					"mssFile":	"",
					"md5Digest":	"eeda6af4935d7e423fd8b46083f15ce2",
					"compatibleApp":	"",
					"domType":	"mssDomain",
					"appSettings":	{
						"appCompilerFlags":	"",
						"appLinkerFlags":	""
					},
					"addedLibs":	[],
					"libOptions":	{
						"libsContainingOptions":	[]
					},
					"prebuiltLibs":	{
						"prebuiltIncPath":	[],
						"prebuiltLibPath":	[]
					},
					"isolation":	{
					}
				}]
		}]
}
TRACE::2025-06-25.16:09:45::SCWPlatform::Clearing the existing platform
TRACE::2025-06-25.16:09:45::SCWSystem::Clearing the existing sysconfig
TRACE::2025-06-25.16:09:45::SCWBDomain::clearing the fsbl build
TRACE::2025-06-25.16:09:45::SCWMssOS::Removing the swdes entry for  D:/proyectosep2/IEE2463-SEP-Proyecto-2-Z8/2_core/vitis/2_core/zynq_fsbl/zynq_fsbl_bsp/system.mss
TRACE::2025-06-25.16:09:45::SCWMssOS::Removing the swdes entry for  D:/proyectosep2/IEE2463-SEP-Proyecto-2-Z8/2_core/vitis/2_core/ps7_cortexa9_1/standalone_domain/bsp/system.mss
TRACE::2025-06-25.16:09:45::SCWSystem::Clearing the domains completed.
TRACE::2025-06-25.16:09:45::SCWPlatform::Clearing the opened hw db.
TRACE::2025-06-25.16:09:45::SCWPlatform::DSA given D:/proyectosep2/IEE2463-SEP-Proyecto-2-Z8/2_core/vitis/2_core/hw/DEMO_wrapper.xsa
TRACE::2025-06-25.16:09:45::SCWPlatform::DSA absoulate path D:/proyectosep2/IEE2463-SEP-Proyecto-2-Z8/2_core/vitis/2_core/hw/DEMO_wrapper.xsa
TRACE::2025-06-25.16:09:45::SCWPlatform:: Platform location is D:/proyectosep2/IEE2463-SEP-Proyecto-2-Z8/2_core/vitis/2_core/hw
TRACE::2025-06-25.16:09:45::SCWPlatform:: Platform Path D:/proyectosep2/IEE2463-SEP-Proyecto-2-Z8/2_core/vitis/2_core/hw/DEMO_wrapper.xsa
TRACE::2025-06-25.16:09:45::SCWPlatform:: Unique name xilinx:zybo-z7-10::0.0
TRACE::2025-06-25.16:09:45::SCWPlatform::Removing the HwDB with name D:/proyectosep2/IEE2463-SEP-Proyecto-2-Z8/2_core/vitis/2_core/hw/DEMO_wrapper.xsa
TRACE::2025-06-25.16:09:45::SCWPlatform::Trying to open the hw design at D:/proyectosep2/IEE2463-SEP-Proyecto-2-Z8/2_core/vitis/2_core/hw/DEMO_wrapper.xsa
TRACE::2025-06-25.16:09:45::SCWPlatform::DSA given D:/proyectosep2/IEE2463-SEP-Proyecto-2-Z8/2_core/vitis/2_core/hw/DEMO_wrapper.xsa
TRACE::2025-06-25.16:09:45::SCWPlatform::DSA absoulate path D:/proyectosep2/IEE2463-SEP-Proyecto-2-Z8/2_core/vitis/2_core/hw/DEMO_wrapper.xsa
TRACE::2025-06-25.16:09:45::SCWPlatform::DSA directory D:/proyectosep2/IEE2463-SEP-Proyecto-2-Z8/2_core/vitis/2_core/hw
TRACE::2025-06-25.16:09:45::SCWPlatform:: Platform Path D:/proyectosep2/IEE2463-SEP-Proyecto-2-Z8/2_core/vitis/2_core/hw/DEMO_wrapper.xsa
TRACE::2025-06-25.16:09:45::SCWPlatform:: Unique name xilinx:zybo-z7-10::0.0
TRACE::2025-06-25.16:09:45::SCWPlatform::Do not have an existing db opened. 
TRACE::2025-06-25.16:09:48::SCWPlatform::Opened new HwDB with name DEMO_wrapper_1
TRACE::2025-06-25.16:09:48::SCWReader::Active system found as  2_core
TRACE::2025-06-25.16:09:48::SCWReader::Handling sysconfig 2_core
TRACE::2025-06-25.16:09:48::SCWDomain::checking for install qemu data   : 
TRACE::2025-06-25.16:09:48::SCWDomain:: Using the QEMU Data from install at  : D:/Xilinx/Vitis/2020.1/data/emulation/platforms/zynq/qemu/
TRACE::2025-06-25.16:09:48::SCWDomain:: Using the QEMU args  from install at  : D:/Xilinx/Vitis/2020.1/data/emulation/platforms/zynq/qemu/qemu_args.txt
TRACE::2025-06-25.16:09:48::SCWPlatform::Trying to open the hw design at D:/proyectosep2/IEE2463-SEP-Proyecto-2-Z8/2_core/vitis/2_core/hw/DEMO_wrapper.xsa
TRACE::2025-06-25.16:09:48::SCWPlatform::DSA given D:/proyectosep2/IEE2463-SEP-Proyecto-2-Z8/2_core/vitis/2_core/hw/DEMO_wrapper.xsa
TRACE::2025-06-25.16:09:48::SCWPlatform::DSA absoulate path D:/proyectosep2/IEE2463-SEP-Proyecto-2-Z8/2_core/vitis/2_core/hw/DEMO_wrapper.xsa
TRACE::2025-06-25.16:09:48::SCWPlatform::DSA directory D:/proyectosep2/IEE2463-SEP-Proyecto-2-Z8/2_core/vitis/2_core/hw
TRACE::2025-06-25.16:09:48::SCWPlatform:: Platform Path D:/proyectosep2/IEE2463-SEP-Proyecto-2-Z8/2_core/vitis/2_core/hw/DEMO_wrapper.xsa
TRACE::2025-06-25.16:09:48::SCWPlatform:: Unique name xilinx:zybo-z7-10::0.0
TRACE::2025-06-25.16:09:48::SCWPlatform::Trying to set the existing hwdb with name DEMO_wrapper_1
TRACE::2025-06-25.16:09:48::SCWPlatform::Opened existing hwdb DEMO_wrapper_1
TRACE::2025-06-25.16:09:48::SCWPlatform::Found the Hw Db part of the input DSA
TRACE::2025-06-25.16:09:48::SCWPlatform::Trying to open the hw design at D:/proyectosep2/IEE2463-SEP-Proyecto-2-Z8/2_core/vitis/2_core/hw/DEMO_wrapper.xsa
TRACE::2025-06-25.16:09:48::SCWPlatform::DSA given D:/proyectosep2/IEE2463-SEP-Proyecto-2-Z8/2_core/vitis/2_core/hw/DEMO_wrapper.xsa
TRACE::2025-06-25.16:09:48::SCWPlatform::DSA absoulate path D:/proyectosep2/IEE2463-SEP-Proyecto-2-Z8/2_core/vitis/2_core/hw/DEMO_wrapper.xsa
TRACE::2025-06-25.16:09:48::SCWPlatform::DSA directory D:/proyectosep2/IEE2463-SEP-Proyecto-2-Z8/2_core/vitis/2_core/hw
TRACE::2025-06-25.16:09:48::SCWPlatform:: Platform Path D:/proyectosep2/IEE2463-SEP-Proyecto-2-Z8/2_core/vitis/2_core/hw/DEMO_wrapper.xsa
TRACE::2025-06-25.16:09:48::SCWPlatform:: Unique name xilinx:zybo-z7-10::0.0
TRACE::2025-06-25.16:09:48::SCWPlatform::Trying to set the existing hwdb with name DEMO_wrapper_1
TRACE::2025-06-25.16:09:48::SCWPlatform::Opened existing hwdb DEMO_wrapper_1
TRACE::2025-06-25.16:09:48::SCWPlatform::Found the Hw Db part of the input DSA
TRACE::2025-06-25.16:09:48::SCWPlatform::Trying to open the hw design at D:/proyectosep2/IEE2463-SEP-Proyecto-2-Z8/2_core/vitis/2_core/hw/DEMO_wrapper.xsa
TRACE::2025-06-25.16:09:48::SCWPlatform::DSA given D:/proyectosep2/IEE2463-SEP-Proyecto-2-Z8/2_core/vitis/2_core/hw/DEMO_wrapper.xsa
TRACE::2025-06-25.16:09:48::SCWPlatform::DSA absoulate path D:/proyectosep2/IEE2463-SEP-Proyecto-2-Z8/2_core/vitis/2_core/hw/DEMO_wrapper.xsa
TRACE::2025-06-25.16:09:48::SCWPlatform::DSA directory D:/proyectosep2/IEE2463-SEP-Proyecto-2-Z8/2_core/vitis/2_core/hw
TRACE::2025-06-25.16:09:48::SCWPlatform:: Platform Path D:/proyectosep2/IEE2463-SEP-Proyecto-2-Z8/2_core/vitis/2_core/hw/DEMO_wrapper.xsa
TRACE::2025-06-25.16:09:48::SCWPlatform:: Unique name xilinx:zybo-z7-10::0.0
TRACE::2025-06-25.16:09:48::SCWPlatform::Trying to set the existing hwdb with name DEMO_wrapper_1
TRACE::2025-06-25.16:09:48::SCWPlatform::Opened existing hwdb DEMO_wrapper_1
TRACE::2025-06-25.16:09:48::SCWPlatform::Found the Hw Db part of the input DSA
TRACE::2025-06-25.16:09:48::SCWReader::Boot application domain added for zynq_fsbl
TRACE::2025-06-25.16:09:48::SCWPlatform::Trying to open the hw design at D:/proyectosep2/IEE2463-SEP-Proyecto-2-Z8/2_core/vitis/2_core/hw/DEMO_wrapper.xsa
TRACE::2025-06-25.16:09:48::SCWPlatform::DSA given D:/proyectosep2/IEE2463-SEP-Proyecto-2-Z8/2_core/vitis/2_core/hw/DEMO_wrapper.xsa
TRACE::2025-06-25.16:09:48::SCWPlatform::DSA absoulate path D:/proyectosep2/IEE2463-SEP-Proyecto-2-Z8/2_core/vitis/2_core/hw/DEMO_wrapper.xsa
TRACE::2025-06-25.16:09:48::SCWPlatform::DSA directory D:/proyectosep2/IEE2463-SEP-Proyecto-2-Z8/2_core/vitis/2_core/hw
TRACE::2025-06-25.16:09:48::SCWPlatform:: Platform Path D:/proyectosep2/IEE2463-SEP-Proyecto-2-Z8/2_core/vitis/2_core/hw/DEMO_wrapper.xsa
TRACE::2025-06-25.16:09:48::SCWPlatform:: Unique name xilinx:zybo-z7-10::0.0
TRACE::2025-06-25.16:09:48::SCWPlatform::Trying to set the existing hwdb with name DEMO_wrapper_1
TRACE::2025-06-25.16:09:48::SCWPlatform::Opened existing hwdb DEMO_wrapper_1
TRACE::2025-06-25.16:09:48::SCWPlatform::Found the Hw Db part of the input DSA
TRACE::2025-06-25.16:09:48::SCWMssOS::Checking the sw design at  D:/proyectosep2/IEE2463-SEP-Proyecto-2-Z8/2_core/vitis/2_core/zynq_fsbl/zynq_fsbl_bsp/system.mss
TRACE::2025-06-25.16:09:48::SCWMssOS::DEBUG:  swdes dump  
TRACE::2025-06-25.16:09:48::SCWMssOS::No sw design opened at  D:/proyectosep2/IEE2463-SEP-Proyecto-2-Z8/2_core/vitis/2_core/zynq_fsbl/zynq_fsbl_bsp/system.mss
TRACE::2025-06-25.16:09:48::SCWMssOS::mss exists loading the mss file  D:/proyectosep2/IEE2463-SEP-Proyecto-2-Z8/2_core/vitis/2_core/zynq_fsbl/zynq_fsbl_bsp/system.mss
TRACE::2025-06-25.16:09:48::SCWMssOS::Opened the sw design from mss  D:/proyectosep2/IEE2463-SEP-Proyecto-2-Z8/2_core/vitis/2_core/zynq_fsbl/zynq_fsbl_bsp/system.mss
TRACE::2025-06-25.16:09:48::SCWMssOS::Adding the swdes entry D:/proyectosep2/IEE2463-SEP-Proyecto-2-Z8/2_core/vitis/2_core/zynq_fsbl/zynq_fsbl_bsp/system.mss with des name system
TRACE::2025-06-25.16:09:48::SCWMssOS::updating the scw layer about changes
TRACE::2025-06-25.16:09:48::SCWMssOS::Opened the sw design.  D:/proyectosep2/IEE2463-SEP-Proyecto-2-Z8/2_core/vitis/2_core/zynq_fsbl/zynq_fsbl_bsp/system.mss
TRACE::2025-06-25.16:09:48::SCWPlatform::Trying to open the hw design at D:/proyectosep2/IEE2463-SEP-Proyecto-2-Z8/2_core/vitis/2_core/hw/DEMO_wrapper.xsa
TRACE::2025-06-25.16:09:48::SCWPlatform::DSA given D:/proyectosep2/IEE2463-SEP-Proyecto-2-Z8/2_core/vitis/2_core/hw/DEMO_wrapper.xsa
TRACE::2025-06-25.16:09:48::SCWPlatform::DSA absoulate path D:/proyectosep2/IEE2463-SEP-Proyecto-2-Z8/2_core/vitis/2_core/hw/DEMO_wrapper.xsa
TRACE::2025-06-25.16:09:48::SCWPlatform::DSA directory D:/proyectosep2/IEE2463-SEP-Proyecto-2-Z8/2_core/vitis/2_core/hw
TRACE::2025-06-25.16:09:48::SCWPlatform:: Platform Path D:/proyectosep2/IEE2463-SEP-Proyecto-2-Z8/2_core/vitis/2_core/hw/DEMO_wrapper.xsa
TRACE::2025-06-25.16:09:48::SCWPlatform:: Unique name xilinx:zybo-z7-10::0.0
TRACE::2025-06-25.16:09:48::SCWPlatform::Trying to set the existing hwdb with name DEMO_wrapper_1
TRACE::2025-06-25.16:09:48::SCWPlatform::Opened existing hwdb DEMO_wrapper_1
TRACE::2025-06-25.16:09:48::SCWPlatform::Found the Hw Db part of the input DSA
TRACE::2025-06-25.16:09:48::SCWMssOS::Checking the sw design at  D:/proyectosep2/IEE2463-SEP-Proyecto-2-Z8/2_core/vitis/2_core/zynq_fsbl/zynq_fsbl_bsp/system.mss
TRACE::2025-06-25.16:09:48::SCWMssOS::DEBUG:  swdes dump  D:/proyectosep2/IEE2463-SEP-Proyecto-2-Z8/2_core/vitis/2_core/zynq_fsbl/zynq_fsbl_bsp/system.mss|system||

TRACE::2025-06-25.16:09:48::SCWMssOS::Sw design exists and opened at  D:/proyectosep2/IEE2463-SEP-Proyecto-2-Z8/2_core/vitis/2_core/zynq_fsbl/zynq_fsbl_bsp/system.mss
TRACE::2025-06-25.16:09:48::SCWMssOS:: library already available in sw design:  xilffs:4.3
TRACE::2025-06-25.16:09:48::SCWPlatform::Trying to open the hw design at D:/proyectosep2/IEE2463-SEP-Proyecto-2-Z8/2_core/vitis/2_core/hw/DEMO_wrapper.xsa
TRACE::2025-06-25.16:09:48::SCWPlatform::DSA given D:/proyectosep2/IEE2463-SEP-Proyecto-2-Z8/2_core/vitis/2_core/hw/DEMO_wrapper.xsa
TRACE::2025-06-25.16:09:48::SCWPlatform::DSA absoulate path D:/proyectosep2/IEE2463-SEP-Proyecto-2-Z8/2_core/vitis/2_core/hw/DEMO_wrapper.xsa
TRACE::2025-06-25.16:09:48::SCWPlatform::DSA directory D:/proyectosep2/IEE2463-SEP-Proyecto-2-Z8/2_core/vitis/2_core/hw
TRACE::2025-06-25.16:09:48::SCWPlatform:: Platform Path D:/proyectosep2/IEE2463-SEP-Proyecto-2-Z8/2_core/vitis/2_core/hw/DEMO_wrapper.xsa
TRACE::2025-06-25.16:09:48::SCWPlatform:: Unique name xilinx:zybo-z7-10::0.0
TRACE::2025-06-25.16:09:48::SCWPlatform::Trying to set the existing hwdb with name DEMO_wrapper_1
TRACE::2025-06-25.16:09:48::SCWPlatform::Opened existing hwdb DEMO_wrapper_1
TRACE::2025-06-25.16:09:48::SCWPlatform::Found the Hw Db part of the input DSA
TRACE::2025-06-25.16:09:48::SCWMssOS::Checking the sw design at  D:/proyectosep2/IEE2463-SEP-Proyecto-2-Z8/2_core/vitis/2_core/zynq_fsbl/zynq_fsbl_bsp/system.mss
TRACE::2025-06-25.16:09:48::SCWMssOS::DEBUG:  swdes dump  D:/proyectosep2/IEE2463-SEP-Proyecto-2-Z8/2_core/vitis/2_core/zynq_fsbl/zynq_fsbl_bsp/system.mss|system||

TRACE::2025-06-25.16:09:48::SCWMssOS::Sw design exists and opened at  D:/proyectosep2/IEE2463-SEP-Proyecto-2-Z8/2_core/vitis/2_core/zynq_fsbl/zynq_fsbl_bsp/system.mss
TRACE::2025-06-25.16:09:48::SCWMssOS:: library already available in sw design:  xilrsa:1.6
TRACE::2025-06-25.16:09:48::SCWMssOS::Saving the mss changes D:/proyectosep2/IEE2463-SEP-Proyecto-2-Z8/2_core/vitis/2_core/zynq_fsbl/zynq_fsbl_bsp/system.mss
TRACE::2025-06-25.16:09:48::SCWMssOS::Found a swdesign opened with the mssfile.
TRACE::2025-06-25.16:09:48::SCWMssOS::Completed writemss as part of save.
TRACE::2025-06-25.16:09:48::SCWMssOS::Commit changes completed.
TRACE::2025-06-25.16:09:48::SCWReader::Adding prebuilt librarypaths as   
TRACE::2025-06-25.16:09:48::SCWReader::Adding prebuilt incpaths  as   
TRACE::2025-06-25.16:09:48::SCWPlatform::Trying to open the hw design at D:/proyectosep2/IEE2463-SEP-Proyecto-2-Z8/2_core/vitis/2_core/hw/DEMO_wrapper.xsa
TRACE::2025-06-25.16:09:48::SCWPlatform::DSA given D:/proyectosep2/IEE2463-SEP-Proyecto-2-Z8/2_core/vitis/2_core/hw/DEMO_wrapper.xsa
TRACE::2025-06-25.16:09:48::SCWPlatform::DSA absoulate path D:/proyectosep2/IEE2463-SEP-Proyecto-2-Z8/2_core/vitis/2_core/hw/DEMO_wrapper.xsa
TRACE::2025-06-25.16:09:48::SCWPlatform::DSA directory D:/proyectosep2/IEE2463-SEP-Proyecto-2-Z8/2_core/vitis/2_core/hw
TRACE::2025-06-25.16:09:48::SCWPlatform:: Platform Path D:/proyectosep2/IEE2463-SEP-Proyecto-2-Z8/2_core/vitis/2_core/hw/DEMO_wrapper.xsa
TRACE::2025-06-25.16:09:48::SCWPlatform:: Unique name xilinx:zybo-z7-10::0.0
TRACE::2025-06-25.16:09:48::SCWPlatform::Trying to set the existing hwdb with name DEMO_wrapper_1
TRACE::2025-06-25.16:09:48::SCWPlatform::Opened existing hwdb DEMO_wrapper_1
TRACE::2025-06-25.16:09:48::SCWPlatform::Found the Hw Db part of the input DSA
TRACE::2025-06-25.16:09:48::SCWMssOS::Checking the sw design at  D:/proyectosep2/IEE2463-SEP-Proyecto-2-Z8/2_core/vitis/2_core/zynq_fsbl/zynq_fsbl_bsp/system.mss
TRACE::2025-06-25.16:09:48::SCWMssOS::DEBUG:  swdes dump  D:/proyectosep2/IEE2463-SEP-Proyecto-2-Z8/2_core/vitis/2_core/zynq_fsbl/zynq_fsbl_bsp/system.mss|system||

TRACE::2025-06-25.16:09:48::SCWMssOS::Sw design exists and opened at  D:/proyectosep2/IEE2463-SEP-Proyecto-2-Z8/2_core/vitis/2_core/zynq_fsbl/zynq_fsbl_bsp/system.mss
TRACE::2025-06-25.16:09:48::SCWReader::No isolation master present  
TRACE::2025-06-25.16:09:48::SCWDomain::checking for install qemu data   : 
TRACE::2025-06-25.16:09:48::SCWDomain:: Using the QEMU Data from install at  : D:/Xilinx/Vitis/2020.1/data/emulation/platforms/zynq/qemu/
TRACE::2025-06-25.16:09:48::SCWDomain:: Using the QEMU args  from install at  : D:/Xilinx/Vitis/2020.1/data/emulation/platforms/zynq/qemu/qemu_args.txt
TRACE::2025-06-25.16:09:48::SCWPlatform::Trying to open the hw design at D:/proyectosep2/IEE2463-SEP-Proyecto-2-Z8/2_core/vitis/2_core/hw/DEMO_wrapper.xsa
TRACE::2025-06-25.16:09:48::SCWPlatform::DSA given D:/proyectosep2/IEE2463-SEP-Proyecto-2-Z8/2_core/vitis/2_core/hw/DEMO_wrapper.xsa
TRACE::2025-06-25.16:09:48::SCWPlatform::DSA absoulate path D:/proyectosep2/IEE2463-SEP-Proyecto-2-Z8/2_core/vitis/2_core/hw/DEMO_wrapper.xsa
TRACE::2025-06-25.16:09:48::SCWPlatform::DSA directory D:/proyectosep2/IEE2463-SEP-Proyecto-2-Z8/2_core/vitis/2_core/hw
TRACE::2025-06-25.16:09:48::SCWPlatform:: Platform Path D:/proyectosep2/IEE2463-SEP-Proyecto-2-Z8/2_core/vitis/2_core/hw/DEMO_wrapper.xsa
TRACE::2025-06-25.16:09:48::SCWPlatform:: Unique name xilinx:zybo-z7-10::0.0
TRACE::2025-06-25.16:09:48::SCWPlatform::Trying to set the existing hwdb with name DEMO_wrapper_1
TRACE::2025-06-25.16:09:48::SCWPlatform::Opened existing hwdb DEMO_wrapper_1
TRACE::2025-06-25.16:09:48::SCWPlatform::Found the Hw Db part of the input DSA
TRACE::2025-06-25.16:09:48::SCWPlatform::Trying to open the hw design at D:/proyectosep2/IEE2463-SEP-Proyecto-2-Z8/2_core/vitis/2_core/hw/DEMO_wrapper.xsa
TRACE::2025-06-25.16:09:48::SCWPlatform::DSA given D:/proyectosep2/IEE2463-SEP-Proyecto-2-Z8/2_core/vitis/2_core/hw/DEMO_wrapper.xsa
TRACE::2025-06-25.16:09:48::SCWPlatform::DSA absoulate path D:/proyectosep2/IEE2463-SEP-Proyecto-2-Z8/2_core/vitis/2_core/hw/DEMO_wrapper.xsa
TRACE::2025-06-25.16:09:48::SCWPlatform::DSA directory D:/proyectosep2/IEE2463-SEP-Proyecto-2-Z8/2_core/vitis/2_core/hw
TRACE::2025-06-25.16:09:49::SCWPlatform:: Platform Path D:/proyectosep2/IEE2463-SEP-Proyecto-2-Z8/2_core/vitis/2_core/hw/DEMO_wrapper.xsa
TRACE::2025-06-25.16:09:49::SCWPlatform:: Unique name xilinx:zybo-z7-10::0.0
TRACE::2025-06-25.16:09:49::SCWPlatform::Trying to set the existing hwdb with name DEMO_wrapper_1
TRACE::2025-06-25.16:09:49::SCWPlatform::Opened existing hwdb DEMO_wrapper_1
TRACE::2025-06-25.16:09:49::SCWPlatform::Found the Hw Db part of the input DSA
TRACE::2025-06-25.16:09:49::SCWPlatform::Trying to open the hw design at D:/proyectosep2/IEE2463-SEP-Proyecto-2-Z8/2_core/vitis/2_core/hw/DEMO_wrapper.xsa
TRACE::2025-06-25.16:09:49::SCWPlatform::DSA given D:/proyectosep2/IEE2463-SEP-Proyecto-2-Z8/2_core/vitis/2_core/hw/DEMO_wrapper.xsa
TRACE::2025-06-25.16:09:49::SCWPlatform::DSA absoulate path D:/proyectosep2/IEE2463-SEP-Proyecto-2-Z8/2_core/vitis/2_core/hw/DEMO_wrapper.xsa
TRACE::2025-06-25.16:09:49::SCWPlatform::DSA directory D:/proyectosep2/IEE2463-SEP-Proyecto-2-Z8/2_core/vitis/2_core/hw
TRACE::2025-06-25.16:09:49::SCWPlatform:: Platform Path D:/proyectosep2/IEE2463-SEP-Proyecto-2-Z8/2_core/vitis/2_core/hw/DEMO_wrapper.xsa
TRACE::2025-06-25.16:09:49::SCWPlatform:: Unique name xilinx:zybo-z7-10::0.0
TRACE::2025-06-25.16:09:49::SCWPlatform::Trying to set the existing hwdb with name DEMO_wrapper_1
TRACE::2025-06-25.16:09:49::SCWPlatform::Opened existing hwdb DEMO_wrapper_1
TRACE::2025-06-25.16:09:49::SCWPlatform::Found the Hw Db part of the input DSA
TRACE::2025-06-25.16:09:49::SCWMssOS::Checking the sw design at  D:/proyectosep2/IEE2463-SEP-Proyecto-2-Z8/2_core/vitis/2_core/ps7_cortexa9_1/standalone_domain/bsp/system.mss
TRACE::2025-06-25.16:09:49::SCWMssOS::DEBUG:  swdes dump  D:/proyectosep2/IEE2463-SEP-Proyecto-2-Z8/2_core/vitis/2_core/zynq_fsbl/zynq_fsbl_bsp/system.mss|system||

TRACE::2025-06-25.16:09:49::SCWMssOS::No sw design opened at  D:/proyectosep2/IEE2463-SEP-Proyecto-2-Z8/2_core/vitis/2_core/ps7_cortexa9_1/standalone_domain/bsp/system.mss
TRACE::2025-06-25.16:09:49::SCWMssOS::mss exists loading the mss file  D:/proyectosep2/IEE2463-SEP-Proyecto-2-Z8/2_core/vitis/2_core/ps7_cortexa9_1/standalone_domain/bsp/system.mss
TRACE::2025-06-25.16:09:49::SCWMssOS::Opened the sw design from mss  D:/proyectosep2/IEE2463-SEP-Proyecto-2-Z8/2_core/vitis/2_core/ps7_cortexa9_1/standalone_domain/bsp/system.mss
TRACE::2025-06-25.16:09:49::SCWMssOS::Adding the swdes entry D:/proyectosep2/IEE2463-SEP-Proyecto-2-Z8/2_core/vitis/2_core/ps7_cortexa9_1/standalone_domain/bsp/system.mss with des name system_0
TRACE::2025-06-25.16:09:49::SCWMssOS::updating the scw layer about changes
TRACE::2025-06-25.16:09:49::SCWMssOS::Opened the sw design.  D:/proyectosep2/IEE2463-SEP-Proyecto-2-Z8/2_core/vitis/2_core/ps7_cortexa9_1/standalone_domain/bsp/system.mss
TRACE::2025-06-25.16:09:49::SCWMssOS::Saving the mss changes D:/proyectosep2/IEE2463-SEP-Proyecto-2-Z8/2_core/vitis/2_core/ps7_cortexa9_1/standalone_domain/bsp/system.mss
TRACE::2025-06-25.16:09:49::SCWMssOS::Found a swdesign opened with the mssfile.
TRACE::2025-06-25.16:09:49::SCWMssOS::Completed writemss as part of save.
TRACE::2025-06-25.16:09:49::SCWMssOS::Commit changes completed.
TRACE::2025-06-25.16:09:49::SCWReader::Adding prebuilt librarypaths as   
TRACE::2025-06-25.16:09:49::SCWReader::Adding prebuilt incpaths  as   
TRACE::2025-06-25.16:09:49::SCWPlatform::Trying to open the hw design at D:/proyectosep2/IEE2463-SEP-Proyecto-2-Z8/2_core/vitis/2_core/hw/DEMO_wrapper.xsa
TRACE::2025-06-25.16:09:49::SCWPlatform::DSA given D:/proyectosep2/IEE2463-SEP-Proyecto-2-Z8/2_core/vitis/2_core/hw/DEMO_wrapper.xsa
TRACE::2025-06-25.16:09:49::SCWPlatform::DSA absoulate path D:/proyectosep2/IEE2463-SEP-Proyecto-2-Z8/2_core/vitis/2_core/hw/DEMO_wrapper.xsa
TRACE::2025-06-25.16:09:49::SCWPlatform::DSA directory D:/proyectosep2/IEE2463-SEP-Proyecto-2-Z8/2_core/vitis/2_core/hw
TRACE::2025-06-25.16:09:49::SCWPlatform:: Platform Path D:/proyectosep2/IEE2463-SEP-Proyecto-2-Z8/2_core/vitis/2_core/hw/DEMO_wrapper.xsa
TRACE::2025-06-25.16:09:49::SCWPlatform:: Unique name xilinx:zybo-z7-10::0.0
TRACE::2025-06-25.16:09:49::SCWPlatform::Trying to set the existing hwdb with name DEMO_wrapper_1
TRACE::2025-06-25.16:09:49::SCWPlatform::Opened existing hwdb DEMO_wrapper_1
TRACE::2025-06-25.16:09:49::SCWPlatform::Found the Hw Db part of the input DSA
TRACE::2025-06-25.16:09:49::SCWMssOS::Checking the sw design at  D:/proyectosep2/IEE2463-SEP-Proyecto-2-Z8/2_core/vitis/2_core/ps7_cortexa9_1/standalone_domain/bsp/system.mss
TRACE::2025-06-25.16:09:49::SCWMssOS::DEBUG:  swdes dump  D:/proyectosep2/IEE2463-SEP-Proyecto-2-Z8/2_core/vitis/2_core/ps7_cortexa9_1/standalone_domain/bsp/system.mss|system_0||
D:/proyectosep2/IEE2463-SEP-Proyecto-2-Z8/2_core/vitis/2_core/zynq_fsbl/zynq_fsbl_bsp/system.mss|system||

TRACE::2025-06-25.16:09:49::SCWMssOS::Sw design exists and opened at  D:/proyectosep2/IEE2463-SEP-Proyecto-2-Z8/2_core/vitis/2_core/ps7_cortexa9_1/standalone_domain/bsp/system.mss
TRACE::2025-06-25.16:09:49::SCWReader::No isolation master present  
TRACE::2025-06-25.16:11:27::SCWDomain::checking for install qemu data   : 
TRACE::2025-06-25.16:11:27::SCWDomain:: Using the QEMU Data from install at  : D:/Xilinx/Vitis/2020.1/data/emulation/platforms/zynq/qemu/
TRACE::2025-06-25.16:11:27::SCWDomain:: Using the QEMU args  from install at  : D:/Xilinx/Vitis/2020.1/data/emulation/platforms/zynq/qemu/qemu_args.txt
TRACE::2025-06-25.16:11:27::SCWPlatform::Trying to open the hw design at D:/proyectosep2/IEE2463-SEP-Proyecto-2-Z8/2_core/vitis/2_core/hw/DEMO_wrapper.xsa
TRACE::2025-06-25.16:11:27::SCWPlatform::DSA given D:/proyectosep2/IEE2463-SEP-Proyecto-2-Z8/2_core/vitis/2_core/hw/DEMO_wrapper.xsa
TRACE::2025-06-25.16:11:27::SCWPlatform::DSA absoulate path D:/proyectosep2/IEE2463-SEP-Proyecto-2-Z8/2_core/vitis/2_core/hw/DEMO_wrapper.xsa
TRACE::2025-06-25.16:11:27::SCWPlatform::DSA directory D:/proyectosep2/IEE2463-SEP-Proyecto-2-Z8/2_core/vitis/2_core/hw
TRACE::2025-06-25.16:11:27::SCWPlatform:: Platform Path D:/proyectosep2/IEE2463-SEP-Proyecto-2-Z8/2_core/vitis/2_core/hw/DEMO_wrapper.xsa
TRACE::2025-06-25.16:11:27::SCWPlatform:: Unique name xilinx:zybo-z7-10::0.0
TRACE::2025-06-25.16:11:27::SCWPlatform::Trying to set the existing hwdb with name DEMO_wrapper_1
TRACE::2025-06-25.16:11:27::SCWPlatform::Opened existing hwdb DEMO_wrapper_1
TRACE::2025-06-25.16:11:27::SCWPlatform::Found the Hw Db part of the input DSA
TRACE::2025-06-25.16:11:27::SCWPlatform::Trying to open the hw design at D:/proyectosep2/IEE2463-SEP-Proyecto-2-Z8/2_core/vitis/2_core/hw/DEMO_wrapper.xsa
TRACE::2025-06-25.16:11:27::SCWPlatform::DSA given D:/proyectosep2/IEE2463-SEP-Proyecto-2-Z8/2_core/vitis/2_core/hw/DEMO_wrapper.xsa
TRACE::2025-06-25.16:11:27::SCWPlatform::DSA absoulate path D:/proyectosep2/IEE2463-SEP-Proyecto-2-Z8/2_core/vitis/2_core/hw/DEMO_wrapper.xsa
TRACE::2025-06-25.16:11:27::SCWPlatform::DSA directory D:/proyectosep2/IEE2463-SEP-Proyecto-2-Z8/2_core/vitis/2_core/hw
TRACE::2025-06-25.16:11:27::SCWPlatform:: Platform Path D:/proyectosep2/IEE2463-SEP-Proyecto-2-Z8/2_core/vitis/2_core/hw/DEMO_wrapper.xsa
TRACE::2025-06-25.16:11:27::SCWPlatform:: Unique name xilinx:zybo-z7-10::0.0
TRACE::2025-06-25.16:11:27::SCWPlatform::Trying to set the existing hwdb with name DEMO_wrapper_1
TRACE::2025-06-25.16:11:27::SCWPlatform::Opened existing hwdb DEMO_wrapper_1
TRACE::2025-06-25.16:11:27::SCWPlatform::Found the Hw Db part of the input DSA
TRACE::2025-06-25.16:11:27::SCWPlatform::Trying to open the hw design at D:/proyectosep2/IEE2463-SEP-Proyecto-2-Z8/2_core/vitis/2_core/hw/DEMO_wrapper.xsa
TRACE::2025-06-25.16:11:27::SCWPlatform::DSA given D:/proyectosep2/IEE2463-SEP-Proyecto-2-Z8/2_core/vitis/2_core/hw/DEMO_wrapper.xsa
TRACE::2025-06-25.16:11:27::SCWPlatform::DSA absoulate path D:/proyectosep2/IEE2463-SEP-Proyecto-2-Z8/2_core/vitis/2_core/hw/DEMO_wrapper.xsa
TRACE::2025-06-25.16:11:27::SCWPlatform::DSA directory D:/proyectosep2/IEE2463-SEP-Proyecto-2-Z8/2_core/vitis/2_core/hw
TRACE::2025-06-25.16:11:27::SCWPlatform:: Platform Path D:/proyectosep2/IEE2463-SEP-Proyecto-2-Z8/2_core/vitis/2_core/hw/DEMO_wrapper.xsa
TRACE::2025-06-25.16:11:27::SCWPlatform:: Unique name xilinx:zybo-z7-10::0.0
TRACE::2025-06-25.16:11:27::SCWPlatform::Trying to set the existing hwdb with name DEMO_wrapper_1
TRACE::2025-06-25.16:11:27::SCWPlatform::Opened existing hwdb DEMO_wrapper_1
TRACE::2025-06-25.16:11:27::SCWPlatform::Found the Hw Db part of the input DSA
TRACE::2025-06-25.16:11:27::SCWMssOS::Checking the sw design at  D:/proyectosep2/IEE2463-SEP-Proyecto-2-Z8/2_core/vitis/2_core/ps7_cortexa9_0/graphics_core/bsp/system.mss
TRACE::2025-06-25.16:11:27::SCWMssOS::DEBUG:  swdes dump  D:/proyectosep2/IEE2463-SEP-Proyecto-2-Z8/2_core/vitis/2_core/ps7_cortexa9_1/standalone_domain/bsp/system.mss|system_0||
D:/proyectosep2/IEE2463-SEP-Proyecto-2-Z8/2_core/vitis/2_core/zynq_fsbl/zynq_fsbl_bsp/system.mss|system||

TRACE::2025-06-25.16:11:27::SCWMssOS::No sw design opened at  D:/proyectosep2/IEE2463-SEP-Proyecto-2-Z8/2_core/vitis/2_core/ps7_cortexa9_0/graphics_core/bsp/system.mss
TRACE::2025-06-25.16:11:27::SCWMssOS::mss does not exists at D:/proyectosep2/IEE2463-SEP-Proyecto-2-Z8/2_core/vitis/2_core/ps7_cortexa9_0/graphics_core/bsp/system.mss
TRACE::2025-06-25.16:11:27::SCWMssOS::Creating sw design at  D:/proyectosep2/IEE2463-SEP-Proyecto-2-Z8/2_core/vitis/2_core/ps7_cortexa9_0/graphics_core/bsp/system.mss
TRACE::2025-06-25.16:11:27::SCWMssOS::Adding the swdes entry, created swdb D:/proyectosep2/IEE2463-SEP-Proyecto-2-Z8/2_core/vitis/2_core/ps7_cortexa9_0/graphics_core/bsp/system.mss with des name D:/proyectosep2/IEE2463-SEP-Proyecto-2-Z8/2_core/vitis/2_core/ps7_cortexa9_0/graphics_core/bsp/system.mss
TRACE::2025-06-25.16:11:27::SCWMssOS::updating the scw layer changes to swdes at   D:/proyectosep2/IEE2463-SEP-Proyecto-2-Z8/2_core/vitis/2_core/ps7_cortexa9_0/graphics_core/bsp/system.mss
TRACE::2025-06-25.16:11:27::SCWMssOS::Writing mss at D:/proyectosep2/IEE2463-SEP-Proyecto-2-Z8/2_core/vitis/2_core/ps7_cortexa9_0/graphics_core/bsp/system.mss
TRACE::2025-06-25.16:11:27::SCWMssOS::Completed writing the mss file at D:/proyectosep2/IEE2463-SEP-Proyecto-2-Z8/2_core/vitis/2_core/ps7_cortexa9_0/graphics_core/bsp
TRACE::2025-06-25.16:11:27::SCWMssOS::Picking up changes from newly written mss file into SCW Layer. 
TRACE::2025-06-25.16:11:27::SCWMssOS::Updated the changes from newly written mss file into SCW Layer. 
TRACE::2025-06-25.16:11:27::SCWMssOS::Completed writing the mss file at D:/proyectosep2/IEE2463-SEP-Proyecto-2-Z8/2_core/vitis/2_core/ps7_cortexa9_0/graphics_core/bsp
TRACE::2025-06-25.16:11:27::SCWMssOS::Forcing BSP Sources regeneration.
TRACE::2025-06-25.16:11:28::SCWMssOS::Saving the mss changes D:/proyectosep2/IEE2463-SEP-Proyecto-2-Z8/2_core/vitis/2_core/zynq_fsbl/zynq_fsbl_bsp/system.mss
TRACE::2025-06-25.16:11:28::SCWMssOS::Found a swdesign opened with the mssfile.
TRACE::2025-06-25.16:11:28::SCWMssOS::Completed writemss as part of save.
TRACE::2025-06-25.16:11:28::SCWMssOS::Commit changes completed.
TRACE::2025-06-25.16:11:28::SCWMssOS::Saving the mss changes D:/proyectosep2/IEE2463-SEP-Proyecto-2-Z8/2_core/vitis/2_core/ps7_cortexa9_1/standalone_domain/bsp/system.mss
TRACE::2025-06-25.16:11:28::SCWMssOS::Found a swdesign opened with the mssfile.
TRACE::2025-06-25.16:11:28::SCWMssOS::Completed writemss as part of save.
TRACE::2025-06-25.16:11:28::SCWMssOS::Commit changes completed.
TRACE::2025-06-25.16:11:28::SCWMssOS::Saving the mss changes D:/proyectosep2/IEE2463-SEP-Proyecto-2-Z8/2_core/vitis/2_core/ps7_cortexa9_0/graphics_core/bsp/system.mss
TRACE::2025-06-25.16:11:28::SCWMssOS::Found a swdesign opened with the mssfile.
TRACE::2025-06-25.16:11:28::SCWMssOS::Running validate of swdbs.
KEYINFO::2025-06-25.16:11:28::SCWMssOS::Could not open the swdb for D:/proyectosep2/IEE2463-SEP-Proyecto-2-Z8/2_core/vitis/2_core/ps7_cortexa9_0/graphics_core/bsp/system.mss
KEYINFO::2025-06-25.16:11:28::SCWMssOS::Could not open the sw design at  D:/proyectosep2/IEE2463-SEP-Proyecto-2-Z8/2_core/vitis/2_core/ps7_cortexa9_0/graphics_core/bsp/system.mss
ERROR: [Hsi 55-1558] Software Design D:/proyectosep2/IEE2463-SEP-Proyecto-2-Z8/2_core/vitis/2_core/ps7_cortexa9_0/graphics_core/bsp/system.mss is not found

TRACE::2025-06-25.16:11:28::SCWMssOS::Cleared the swdb table entry
TRACE::2025-06-25.16:11:28::SCWMssOS::Adding the swdes entry, mss present, able to open swdb D:/proyectosep2/IEE2463-SEP-Proyecto-2-Z8/2_core/vitis/2_core/ps7_cortexa9_0/graphics_core/bsp/system.mss with des name system_1
TRACE::2025-06-25.16:11:28::SCWMssOS::Writing the mss file completed D:/proyectosep2/IEE2463-SEP-Proyecto-2-Z8/2_core/vitis/2_core/ps7_cortexa9_0/graphics_core/bsp/system.mss
TRACE::2025-06-25.16:11:28::SCWMssOS::Commit changes completed.
TRACE::2025-06-25.16:11:28::SCWPlatform::Trying to open the hw design at D:/proyectosep2/IEE2463-SEP-Proyecto-2-Z8/2_core/vitis/2_core/hw/DEMO_wrapper.xsa
TRACE::2025-06-25.16:11:28::SCWPlatform::DSA given D:/proyectosep2/IEE2463-SEP-Proyecto-2-Z8/2_core/vitis/2_core/hw/DEMO_wrapper.xsa
TRACE::2025-06-25.16:11:28::SCWPlatform::DSA absoulate path D:/proyectosep2/IEE2463-SEP-Proyecto-2-Z8/2_core/vitis/2_core/hw/DEMO_wrapper.xsa
TRACE::2025-06-25.16:11:28::SCWPlatform::DSA directory D:/proyectosep2/IEE2463-SEP-Proyecto-2-Z8/2_core/vitis/2_core/hw
TRACE::2025-06-25.16:11:28::SCWPlatform:: Platform Path D:/proyectosep2/IEE2463-SEP-Proyecto-2-Z8/2_core/vitis/2_core/hw/DEMO_wrapper.xsa
TRACE::2025-06-25.16:11:28::SCWPlatform:: Unique name xilinx:zybo-z7-10::0.0
TRACE::2025-06-25.16:11:28::SCWPlatform::Trying to set the existing hwdb with name DEMO_wrapper_1
TRACE::2025-06-25.16:11:28::SCWPlatform::Opened existing hwdb DEMO_wrapper_1
TRACE::2025-06-25.16:11:28::SCWPlatform::Found the Hw Db part of the input DSA
TRACE::2025-06-25.16:11:28::SCWMssOS::Checking the sw design at  D:/proyectosep2/IEE2463-SEP-Proyecto-2-Z8/2_core/vitis/2_core/zynq_fsbl/zynq_fsbl_bsp/system.mss
TRACE::2025-06-25.16:11:28::SCWMssOS::DEBUG:  swdes dump  D:/proyectosep2/IEE2463-SEP-Proyecto-2-Z8/2_core/vitis/2_core/ps7_cortexa9_0/graphics_core/bsp/system.mss|system_1||
D:/proyectosep2/IEE2463-SEP-Proyecto-2-Z8/2_core/vitis/2_core/ps7_cortexa9_1/standalone_domain/bsp/system.mss|system_0||
D:/proyectosep2/IEE2463-SEP-Proyecto-2-Z8/2_core/vitis/2_core/zynq_fsbl/zynq_fsbl_bsp/system.mss|system||

TRACE::2025-06-25.16:11:28::SCWMssOS::Sw design exists and opened at  D:/proyectosep2/IEE2463-SEP-Proyecto-2-Z8/2_core/vitis/2_core/zynq_fsbl/zynq_fsbl_bsp/system.mss
TRACE::2025-06-25.16:11:28::SCWPlatform::Trying to open the hw design at D:/proyectosep2/IEE2463-SEP-Proyecto-2-Z8/2_core/vitis/2_core/hw/DEMO_wrapper.xsa
TRACE::2025-06-25.16:11:28::SCWPlatform::DSA given D:/proyectosep2/IEE2463-SEP-Proyecto-2-Z8/2_core/vitis/2_core/hw/DEMO_wrapper.xsa
TRACE::2025-06-25.16:11:28::SCWPlatform::DSA absoulate path D:/proyectosep2/IEE2463-SEP-Proyecto-2-Z8/2_core/vitis/2_core/hw/DEMO_wrapper.xsa
TRACE::2025-06-25.16:11:28::SCWPlatform::DSA directory D:/proyectosep2/IEE2463-SEP-Proyecto-2-Z8/2_core/vitis/2_core/hw
TRACE::2025-06-25.16:11:28::SCWPlatform:: Platform Path D:/proyectosep2/IEE2463-SEP-Proyecto-2-Z8/2_core/vitis/2_core/hw/DEMO_wrapper.xsa
TRACE::2025-06-25.16:11:28::SCWPlatform:: Unique name xilinx:zybo-z7-10::0.0
TRACE::2025-06-25.16:11:28::SCWPlatform::Trying to set the existing hwdb with name DEMO_wrapper_1
TRACE::2025-06-25.16:11:28::SCWPlatform::Opened existing hwdb DEMO_wrapper_1
TRACE::2025-06-25.16:11:28::SCWPlatform::Found the Hw Db part of the input DSA
TRACE::2025-06-25.16:11:28::SCWMssOS::Checking the sw design at  D:/proyectosep2/IEE2463-SEP-Proyecto-2-Z8/2_core/vitis/2_core/ps7_cortexa9_1/standalone_domain/bsp/system.mss
TRACE::2025-06-25.16:11:28::SCWMssOS::DEBUG:  swdes dump  D:/proyectosep2/IEE2463-SEP-Proyecto-2-Z8/2_core/vitis/2_core/ps7_cortexa9_0/graphics_core/bsp/system.mss|system_1||
D:/proyectosep2/IEE2463-SEP-Proyecto-2-Z8/2_core/vitis/2_core/ps7_cortexa9_1/standalone_domain/bsp/system.mss|system_0||
D:/proyectosep2/IEE2463-SEP-Proyecto-2-Z8/2_core/vitis/2_core/zynq_fsbl/zynq_fsbl_bsp/system.mss|system||

TRACE::2025-06-25.16:11:28::SCWMssOS::Sw design exists and opened at  D:/proyectosep2/IEE2463-SEP-Proyecto-2-Z8/2_core/vitis/2_core/ps7_cortexa9_1/standalone_domain/bsp/system.mss
TRACE::2025-06-25.16:11:28::SCWPlatform::Trying to open the hw design at D:/proyectosep2/IEE2463-SEP-Proyecto-2-Z8/2_core/vitis/2_core/hw/DEMO_wrapper.xsa
TRACE::2025-06-25.16:11:28::SCWPlatform::DSA given D:/proyectosep2/IEE2463-SEP-Proyecto-2-Z8/2_core/vitis/2_core/hw/DEMO_wrapper.xsa
TRACE::2025-06-25.16:11:28::SCWPlatform::DSA absoulate path D:/proyectosep2/IEE2463-SEP-Proyecto-2-Z8/2_core/vitis/2_core/hw/DEMO_wrapper.xsa
TRACE::2025-06-25.16:11:28::SCWPlatform::DSA directory D:/proyectosep2/IEE2463-SEP-Proyecto-2-Z8/2_core/vitis/2_core/hw
TRACE::2025-06-25.16:11:28::SCWPlatform:: Platform Path D:/proyectosep2/IEE2463-SEP-Proyecto-2-Z8/2_core/vitis/2_core/hw/DEMO_wrapper.xsa
TRACE::2025-06-25.16:11:28::SCWPlatform:: Unique name xilinx:zybo-z7-10::0.0
TRACE::2025-06-25.16:11:28::SCWPlatform::Trying to set the existing hwdb with name DEMO_wrapper_1
TRACE::2025-06-25.16:11:28::SCWPlatform::Opened existing hwdb DEMO_wrapper_1
TRACE::2025-06-25.16:11:28::SCWPlatform::Found the Hw Db part of the input DSA
TRACE::2025-06-25.16:11:28::SCWMssOS::Checking the sw design at  D:/proyectosep2/IEE2463-SEP-Proyecto-2-Z8/2_core/vitis/2_core/ps7_cortexa9_0/graphics_core/bsp/system.mss
TRACE::2025-06-25.16:11:28::SCWMssOS::DEBUG:  swdes dump  D:/proyectosep2/IEE2463-SEP-Proyecto-2-Z8/2_core/vitis/2_core/ps7_cortexa9_0/graphics_core/bsp/system.mss|system_1||
D:/proyectosep2/IEE2463-SEP-Proyecto-2-Z8/2_core/vitis/2_core/ps7_cortexa9_1/standalone_domain/bsp/system.mss|system_0||
D:/proyectosep2/IEE2463-SEP-Proyecto-2-Z8/2_core/vitis/2_core/zynq_fsbl/zynq_fsbl_bsp/system.mss|system||

TRACE::2025-06-25.16:11:28::SCWMssOS::Sw design exists and opened at  D:/proyectosep2/IEE2463-SEP-Proyecto-2-Z8/2_core/vitis/2_core/ps7_cortexa9_0/graphics_core/bsp/system.mss
TRACE::2025-06-25.16:11:28::SCWPlatform::Trying to open the hw design at D:/proyectosep2/IEE2463-SEP-Proyecto-2-Z8/2_core/vitis/2_core/hw/DEMO_wrapper.xsa
TRACE::2025-06-25.16:11:28::SCWPlatform::DSA given D:/proyectosep2/IEE2463-SEP-Proyecto-2-Z8/2_core/vitis/2_core/hw/DEMO_wrapper.xsa
TRACE::2025-06-25.16:11:28::SCWPlatform::DSA absoulate path D:/proyectosep2/IEE2463-SEP-Proyecto-2-Z8/2_core/vitis/2_core/hw/DEMO_wrapper.xsa
TRACE::2025-06-25.16:11:28::SCWPlatform::DSA directory D:/proyectosep2/IEE2463-SEP-Proyecto-2-Z8/2_core/vitis/2_core/hw
TRACE::2025-06-25.16:11:28::SCWPlatform:: Platform Path D:/proyectosep2/IEE2463-SEP-Proyecto-2-Z8/2_core/vitis/2_core/hw/DEMO_wrapper.xsa
TRACE::2025-06-25.16:11:28::SCWPlatform:: Unique name xilinx:zybo-z7-10::0.0
TRACE::2025-06-25.16:11:28::SCWPlatform::Trying to set the existing hwdb with name DEMO_wrapper_1
TRACE::2025-06-25.16:11:28::SCWPlatform::Opened existing hwdb DEMO_wrapper_1
TRACE::2025-06-25.16:11:28::SCWPlatform::Found the Hw Db part of the input DSA
TRACE::2025-06-25.16:11:28::SCWMssOS::Checking the sw design at  D:/proyectosep2/IEE2463-SEP-Proyecto-2-Z8/2_core/vitis/2_core/ps7_cortexa9_0/graphics_core/bsp/system.mss
TRACE::2025-06-25.16:11:28::SCWMssOS::DEBUG:  swdes dump  D:/proyectosep2/IEE2463-SEP-Proyecto-2-Z8/2_core/vitis/2_core/ps7_cortexa9_0/graphics_core/bsp/system.mss|system_1||
D:/proyectosep2/IEE2463-SEP-Proyecto-2-Z8/2_core/vitis/2_core/ps7_cortexa9_1/standalone_domain/bsp/system.mss|system_0||
D:/proyectosep2/IEE2463-SEP-Proyecto-2-Z8/2_core/vitis/2_core/zynq_fsbl/zynq_fsbl_bsp/system.mss|system||

TRACE::2025-06-25.16:11:28::SCWMssOS::Sw design exists and opened at  D:/proyectosep2/IEE2463-SEP-Proyecto-2-Z8/2_core/vitis/2_core/ps7_cortexa9_0/graphics_core/bsp/system.mss
TRACE::2025-06-25.16:11:28::SCWPlatform::Trying to open the hw design at D:/proyectosep2/IEE2463-SEP-Proyecto-2-Z8/2_core/vitis/2_core/hw/DEMO_wrapper.xsa
TRACE::2025-06-25.16:11:28::SCWPlatform::DSA given D:/proyectosep2/IEE2463-SEP-Proyecto-2-Z8/2_core/vitis/2_core/hw/DEMO_wrapper.xsa
TRACE::2025-06-25.16:11:28::SCWPlatform::DSA absoulate path D:/proyectosep2/IEE2463-SEP-Proyecto-2-Z8/2_core/vitis/2_core/hw/DEMO_wrapper.xsa
TRACE::2025-06-25.16:11:28::SCWPlatform::DSA directory D:/proyectosep2/IEE2463-SEP-Proyecto-2-Z8/2_core/vitis/2_core/hw
TRACE::2025-06-25.16:11:28::SCWPlatform:: Platform Path D:/proyectosep2/IEE2463-SEP-Proyecto-2-Z8/2_core/vitis/2_core/hw/DEMO_wrapper.xsa
TRACE::2025-06-25.16:11:28::SCWPlatform:: Unique name xilinx:zybo-z7-10::0.0
TRACE::2025-06-25.16:11:28::SCWPlatform::Trying to set the existing hwdb with name DEMO_wrapper_1
TRACE::2025-06-25.16:11:28::SCWPlatform::Opened existing hwdb DEMO_wrapper_1
TRACE::2025-06-25.16:11:28::SCWPlatform::Found the Hw Db part of the input DSA
TRACE::2025-06-25.16:11:28::SCWMssOS::Checking the sw design at  D:/proyectosep2/IEE2463-SEP-Proyecto-2-Z8/2_core/vitis/2_core/ps7_cortexa9_0/graphics_core/bsp/system.mss
TRACE::2025-06-25.16:11:28::SCWMssOS::DEBUG:  swdes dump  D:/proyectosep2/IEE2463-SEP-Proyecto-2-Z8/2_core/vitis/2_core/ps7_cortexa9_0/graphics_core/bsp/system.mss|system_1||
D:/proyectosep2/IEE2463-SEP-Proyecto-2-Z8/2_core/vitis/2_core/ps7_cortexa9_1/standalone_domain/bsp/system.mss|system_0||
D:/proyectosep2/IEE2463-SEP-Proyecto-2-Z8/2_core/vitis/2_core/zynq_fsbl/zynq_fsbl_bsp/system.mss|system||

TRACE::2025-06-25.16:11:28::SCWMssOS::Sw design exists and opened at  D:/proyectosep2/IEE2463-SEP-Proyecto-2-Z8/2_core/vitis/2_core/ps7_cortexa9_0/graphics_core/bsp/system.mss
TRACE::2025-06-25.16:11:28::SCWWriter::formatted JSON is {
	"platformName":	"2_core",
	"sprVersion":	"2.0",
	"mode":	"gui",
	"dsaType":	"Fixed",
	"platformDesc":	"2_core",
	"platHandOff":	"D:/proyectosep2/IEE2463-SEP-Proyecto-2-Z8/full_hardware/vivado/DEMO_wrapper.xsa",
	"platIntHandOff":	"<platformDir>/hw/DEMO_wrapper.xsa",
	"deviceType":	"zynq",
	"platIsPrebuiltAutogen":	"false",
	"platIsNoBootBsp":	"false",
	"hasFsblMakeHasChanges":	"false",
	"hasPmufwMakeHasChanges":	"false",
	"fsblExtraCompilerFlags":	"-MMD -MP       -mcpu=cortex-a9 -mfpu=vfpv3 -mfloat-abi=hard ",
	"platPreBuiltFlag":	false,
	"platformSamplesDir":	"",
	"platActiveSys":	"2_core",
	"systems":	[{
			"systemName":	"2_core",
			"systemDesc":	"2_core",
			"sysIsBootAutoGen":	"true",
			"systemDispName":	"2_core",
			"sysActiveDom":	"graphics_core",
			"sysDefaultDom":	"graphics_core",
			"domains":	[{
					"domainName":	"zynq_fsbl",
					"domainDispName":	"zynq_fsbl",
					"domainDesc":	"FSBL Application BSP - Auto Generated.",
					"processors":	"ps7_cortexa9_0",
					"os":	"standalone",
					"sdxOs":	"standalone",
					"debugEnable":	"",
					"domRuntimes":	["cpp"],
					"swRepo":	"",
					"mssOsVer":	"7.2",
					"mssFile":	"",
					"md5Digest":	"22a6aa47fd12e4eea21ee9dba4d7fcad",
					"compatibleApp":	"zynq_fsbl",
					"domType":	"bootDomain",
					"appSettings":	{
						"appCompilerFlags":	"",
						"appLinkerFlags":	""
					},
					"addedLibs":	["xilffs:4.3", "xilrsa:1.6"],
					"libOptions":	{
						"libsContainingOptions":	[]
					},
					"prebuiltLibs":	{
						"prebuiltIncPath":	[],
						"prebuiltLibPath":	[]
					},
					"isolation":	{
					}
				}, {
					"domainName":	"standalone_domain",
					"domainDispName":	"standalone on ps7_cortexa9_1",
					"domainDesc":	"standalone_domain",
					"processors":	"ps7_cortexa9_1",
					"os":	"standalone",
					"sdxOs":	"standalone",
					"qemuArgs":	"D:/Xilinx/Vitis/2020.1/data/emulation/platforms/zynq/qemu/qemu_args.txt",
					"qemuData":	"D:/Xilinx/Vitis/2020.1/data/emulation/platforms/zynq/qemu/",
					"debugEnable":	"False",
					"domRuntimes":	["cpp"],
					"swRepo":	"",
					"mssOsVer":	"7.2",
					"mssFile":	"",
					"md5Digest":	"eeda6af4935d7e423fd8b46083f15ce2",
					"compatibleApp":	"",
					"domType":	"mssDomain",
					"appSettings":	{
						"appCompilerFlags":	"",
						"appLinkerFlags":	""
					},
					"addedLibs":	[],
					"libOptions":	{
						"libsContainingOptions":	[]
					},
					"prebuiltLibs":	{
						"prebuiltIncPath":	[],
						"prebuiltLibPath":	[]
					},
					"isolation":	{
					}
				}, {
					"domainName":	"graphics_core",
					"domainDispName":	"graphics_core",
					"domainDesc":	"",
					"processors":	"ps7_cortexa9_0",
					"os":	"standalone",
					"sdxOs":	"standalone",
					"qemuArgs":	"D:/Xilinx/Vitis/2020.1/data/emulation/platforms/zynq/qemu/qemu_args.txt",
					"qemuData":	"D:/Xilinx/Vitis/2020.1/data/emulation/platforms/zynq/qemu/",
					"debugEnable":	"False",
					"domRuntimes":	["cpp"],
					"swRepo":	"",
					"mssOsVer":	"7.2",
					"mssFile":	"",
					"md5Digest":	"3bd73008cc19367a3826b43ea626ca85",
					"compatibleApp":	"",
					"domType":	"mssDomain",
					"arch":	"32-bit",
					"appSettings":	{
						"appCompilerFlags":	"",
						"appLinkerFlags":	""
					},
					"addedLibs":	[],
					"libOptions":	{
						"libsContainingOptions":	[]
					},
					"prebuiltLibs":	{
						"prebuiltIncPath":	[],
						"prebuiltLibPath":	[]
					},
					"isolation":	{
					}
				}]
		}]
}
LOG::2025-06-25.16:11:28::SCWPlatform::Started generating the artifacts platform 2_core
TRACE::2025-06-25.16:11:28::SCWPlatform::Sanity checking of platform is completed
LOG::2025-06-25.16:11:28::SCWPlatform::Started generating the artifacts for system configuration 2_core
LOG::2025-06-25.16:11:28::SCWSystem::Checking the domain zynq_fsbl
LOG::2025-06-25.16:11:28::SCWSystem::Doing application build for :  zynq_fsbl
TRACE::2025-06-25.16:11:28::SCWBDomain::Not a forced makefile updation, No changes are present. 
TRACE::2025-06-25.16:11:28::SCWDomain::Skipping the build for domain :  zynq_fsbl
LOG::2025-06-25.16:11:28::SCWSystem::Checking the domain standalone_domain
LOG::2025-06-25.16:11:28::SCWSystem::Not a boot domain 
LOG::2025-06-25.16:11:28::SCWSystem::Checking the domain graphics_core
LOG::2025-06-25.16:11:28::SCWSystem::Not a boot domain 
LOG::2025-06-25.16:11:28::SCWSystem::Started Processing the domain standalone_domain
TRACE::2025-06-25.16:11:28::SCWDomain::Generating domain artifcats
TRACE::2025-06-25.16:11:28::SCWMssOS::Generating standalone artifcats
TRACE::2025-06-25.16:11:28::SCWMssOS::Copying the qemu file from  D:/Xilinx/Vitis/2020.1/data/emulation/platforms/zynq/qemu/qemu_args.txt To D:/proyectosep2/IEE2463-SEP-Proyecto-2-Z8/2_core/vitis/2_core/export/2_core/sw/2_core/qemu/
TRACE::2025-06-25.16:11:28::SCWMssOS::Copying the qemu file from  D:/Xilinx/Vitis/2020.1/data/emulation/platforms/zynq/qemu/qemu_args.txt To D:/proyectosep2/IEE2463-SEP-Proyecto-2-Z8/2_core/vitis/2_core/export/2_core/sw/2_core/standalone_domain/qemu/
TRACE::2025-06-25.16:11:28::SCWMssOS:: Copying the user libraries. 
TRACE::2025-06-25.16:11:28::SCWPlatform::Trying to open the hw design at D:/proyectosep2/IEE2463-SEP-Proyecto-2-Z8/2_core/vitis/2_core/hw/DEMO_wrapper.xsa
TRACE::2025-06-25.16:11:28::SCWPlatform::DSA given D:/proyectosep2/IEE2463-SEP-Proyecto-2-Z8/2_core/vitis/2_core/hw/DEMO_wrapper.xsa
TRACE::2025-06-25.16:11:28::SCWPlatform::DSA absoulate path D:/proyectosep2/IEE2463-SEP-Proyecto-2-Z8/2_core/vitis/2_core/hw/DEMO_wrapper.xsa
TRACE::2025-06-25.16:11:28::SCWPlatform::DSA directory D:/proyectosep2/IEE2463-SEP-Proyecto-2-Z8/2_core/vitis/2_core/hw
TRACE::2025-06-25.16:11:28::SCWPlatform:: Platform Path D:/proyectosep2/IEE2463-SEP-Proyecto-2-Z8/2_core/vitis/2_core/hw/DEMO_wrapper.xsa
TRACE::2025-06-25.16:11:28::SCWPlatform:: Unique name xilinx:zybo-z7-10::0.0
TRACE::2025-06-25.16:11:28::SCWPlatform::Trying to set the existing hwdb with name DEMO_wrapper_1
TRACE::2025-06-25.16:11:28::SCWPlatform::Opened existing hwdb DEMO_wrapper_1
TRACE::2025-06-25.16:11:28::SCWPlatform::Found the Hw Db part of the input DSA
TRACE::2025-06-25.16:11:28::SCWMssOS::Checking the sw design at  D:/proyectosep2/IEE2463-SEP-Proyecto-2-Z8/2_core/vitis/2_core/ps7_cortexa9_1/standalone_domain/bsp/system.mss
TRACE::2025-06-25.16:11:28::SCWMssOS::DEBUG:  swdes dump  D:/proyectosep2/IEE2463-SEP-Proyecto-2-Z8/2_core/vitis/2_core/ps7_cortexa9_0/graphics_core/bsp/system.mss|system_1||
D:/proyectosep2/IEE2463-SEP-Proyecto-2-Z8/2_core/vitis/2_core/ps7_cortexa9_1/standalone_domain/bsp/system.mss|system_0||
D:/proyectosep2/IEE2463-SEP-Proyecto-2-Z8/2_core/vitis/2_core/zynq_fsbl/zynq_fsbl_bsp/system.mss|system||

TRACE::2025-06-25.16:11:28::SCWMssOS::Sw design exists and opened at  D:/proyectosep2/IEE2463-SEP-Proyecto-2-Z8/2_core/vitis/2_core/ps7_cortexa9_1/standalone_domain/bsp/system.mss
TRACE::2025-06-25.16:11:28::SCWMssOS::Completed writing the mss file at D:/proyectosep2/IEE2463-SEP-Proyecto-2-Z8/2_core/vitis/2_core/ps7_cortexa9_1/standalone_domain/bsp
TRACE::2025-06-25.16:11:28::SCWMssOS::Mss edits present, copying mssfile into export location D:/proyectosep2/IEE2463-SEP-Proyecto-2-Z8/2_core/vitis/2_core/ps7_cortexa9_1/standalone_domain/bsp/system.mss
TRACE::2025-06-25.16:11:28::SCWMssOS::bsp generated is upto date with the mss file. Skipping bsp generation.
TRACE::2025-06-25.16:11:28::SCWMssOS::BSP is already built. skipping the bsp build ... 
TRACE::2025-06-25.16:11:28::SCWDomain::Skipping the build for domain :  standalone_domain
TRACE::2025-06-25.16:11:28::SCWMssOS::skipping the bsp build ... 
TRACE::2025-06-25.16:11:28::SCWMssOS::Copying to export directory.
TRACE::2025-06-25.16:11:28::SCWMssOS:: Checking if to create the Supporting Applications
TRACE::2025-06-25.16:11:28::SCWMssOS:: No Linux domain exists, trying to generate FSBL 
TRACE::2025-06-25.16:11:28::SCWMssOS:: Completed Standalone Artifacts creation 
LOG::2025-06-25.16:11:28::SCWSystem::Completed Processing the domain standalone_domain
LOG::2025-06-25.16:11:28::SCWSystem::Started Processing the domain graphics_core
TRACE::2025-06-25.16:11:28::SCWDomain::Generating domain artifcats
TRACE::2025-06-25.16:11:28::SCWMssOS::Generating standalone artifcats
TRACE::2025-06-25.16:11:28::SCWMssOS::Copying the qemu file from  D:/Xilinx/Vitis/2020.1/data/emulation/platforms/zynq/qemu/qemu_args.txt To D:/proyectosep2/IEE2463-SEP-Proyecto-2-Z8/2_core/vitis/2_core/export/2_core/sw/2_core/graphics_core/qemu/
TRACE::2025-06-25.16:11:28::SCWMssOS:: Copying the user libraries. 
TRACE::2025-06-25.16:11:28::SCWPlatform::Trying to open the hw design at D:/proyectosep2/IEE2463-SEP-Proyecto-2-Z8/2_core/vitis/2_core/hw/DEMO_wrapper.xsa
TRACE::2025-06-25.16:11:28::SCWPlatform::DSA given D:/proyectosep2/IEE2463-SEP-Proyecto-2-Z8/2_core/vitis/2_core/hw/DEMO_wrapper.xsa
TRACE::2025-06-25.16:11:28::SCWPlatform::DSA absoulate path D:/proyectosep2/IEE2463-SEP-Proyecto-2-Z8/2_core/vitis/2_core/hw/DEMO_wrapper.xsa
TRACE::2025-06-25.16:11:28::SCWPlatform::DSA directory D:/proyectosep2/IEE2463-SEP-Proyecto-2-Z8/2_core/vitis/2_core/hw
TRACE::2025-06-25.16:11:28::SCWPlatform:: Platform Path D:/proyectosep2/IEE2463-SEP-Proyecto-2-Z8/2_core/vitis/2_core/hw/DEMO_wrapper.xsa
TRACE::2025-06-25.16:11:28::SCWPlatform:: Unique name xilinx:zybo-z7-10::0.0
TRACE::2025-06-25.16:11:28::SCWPlatform::Trying to set the existing hwdb with name DEMO_wrapper_1
TRACE::2025-06-25.16:11:28::SCWPlatform::Opened existing hwdb DEMO_wrapper_1
TRACE::2025-06-25.16:11:28::SCWPlatform::Found the Hw Db part of the input DSA
TRACE::2025-06-25.16:11:28::SCWMssOS::Checking the sw design at  D:/proyectosep2/IEE2463-SEP-Proyecto-2-Z8/2_core/vitis/2_core/ps7_cortexa9_0/graphics_core/bsp/system.mss
TRACE::2025-06-25.16:11:28::SCWMssOS::DEBUG:  swdes dump  D:/proyectosep2/IEE2463-SEP-Proyecto-2-Z8/2_core/vitis/2_core/ps7_cortexa9_0/graphics_core/bsp/system.mss|system_1||
D:/proyectosep2/IEE2463-SEP-Proyecto-2-Z8/2_core/vitis/2_core/ps7_cortexa9_1/standalone_domain/bsp/system.mss|system_0||
D:/proyectosep2/IEE2463-SEP-Proyecto-2-Z8/2_core/vitis/2_core/zynq_fsbl/zynq_fsbl_bsp/system.mss|system||

TRACE::2025-06-25.16:11:28::SCWMssOS::Sw design exists and opened at  D:/proyectosep2/IEE2463-SEP-Proyecto-2-Z8/2_core/vitis/2_core/ps7_cortexa9_0/graphics_core/bsp/system.mss
TRACE::2025-06-25.16:11:28::SCWMssOS::Completed writing the mss file at D:/proyectosep2/IEE2463-SEP-Proyecto-2-Z8/2_core/vitis/2_core/ps7_cortexa9_0/graphics_core/bsp
TRACE::2025-06-25.16:11:28::SCWMssOS::Mss edits present, copying mssfile into export location D:/proyectosep2/IEE2463-SEP-Proyecto-2-Z8/2_core/vitis/2_core/ps7_cortexa9_0/graphics_core/bsp/system.mss
TRACE::2025-06-25.16:11:28::SCWMssOS::bsp generated is upto date with the mss file. Skipping bsp generation.
TRACE::2025-06-25.16:11:28::SCWMssOS::BSP is already built. skipping the bsp build ... 
TRACE::2025-06-25.16:11:28::SCWDomain::Skipping the build for domain :  graphics_core
TRACE::2025-06-25.16:11:28::SCWMssOS::skipping the bsp build ... 
TRACE::2025-06-25.16:11:28::SCWMssOS::Copying to export directory.
TRACE::2025-06-25.16:11:28::SCWMssOS:: Checking if to create the Supporting Applications
TRACE::2025-06-25.16:11:28::SCWMssOS:: No Linux domain exists, trying to generate FSBL 
TRACE::2025-06-25.16:11:28::SCWMssOS:: Completed Standalone Artifacts creation 
LOG::2025-06-25.16:11:28::SCWSystem::Completed Processing the domain graphics_core
LOG::2025-06-25.16:11:28::SCWSystem::Completed Processing the sysconfig 2_core
LOG::2025-06-25.16:11:28::SCWPlatform::Completed generating the artifacts for system configuration 2_core
TRACE::2025-06-25.16:11:28::SCWPlatform::Started preparing the platform 
TRACE::2025-06-25.16:11:28::SCWSystem::Writing the bif file for system config 2_core
TRACE::2025-06-25.16:11:28::SCWSystem::dir created 
TRACE::2025-06-25.16:11:28::SCWSystem::Writing the bif 
TRACE::2025-06-25.16:11:28::SCWPlatform::Started writing the spfm file 
TRACE::2025-06-25.16:11:28::SCWPlatform::Started writing the xpfm file 
TRACE::2025-06-25.16:11:28::SCWPlatform::Completed generating the platform
TRACE::2025-06-25.16:11:28::SCWMssOS::Saving the mss changes D:/proyectosep2/IEE2463-SEP-Proyecto-2-Z8/2_core/vitis/2_core/zynq_fsbl/zynq_fsbl_bsp/system.mss
TRACE::2025-06-25.16:11:28::SCWMssOS::Found a swdesign opened with the mssfile.
TRACE::2025-06-25.16:11:28::SCWMssOS::Completed writemss as part of save.
TRACE::2025-06-25.16:11:28::SCWMssOS::Commit changes completed.
TRACE::2025-06-25.16:11:28::SCWMssOS::Saving the mss changes D:/proyectosep2/IEE2463-SEP-Proyecto-2-Z8/2_core/vitis/2_core/ps7_cortexa9_1/standalone_domain/bsp/system.mss
TRACE::2025-06-25.16:11:28::SCWMssOS::Found a swdesign opened with the mssfile.
TRACE::2025-06-25.16:11:28::SCWMssOS::Completed writemss as part of save.
TRACE::2025-06-25.16:11:28::SCWMssOS::Commit changes completed.
TRACE::2025-06-25.16:11:28::SCWMssOS::Saving the mss changes D:/proyectosep2/IEE2463-SEP-Proyecto-2-Z8/2_core/vitis/2_core/ps7_cortexa9_0/graphics_core/bsp/system.mss
TRACE::2025-06-25.16:11:28::SCWMssOS::Found a swdesign opened with the mssfile.
TRACE::2025-06-25.16:11:28::SCWMssOS::Completed writemss as part of save.
TRACE::2025-06-25.16:11:28::SCWMssOS::Commit changes completed.
TRACE::2025-06-25.16:11:28::SCWPlatform::Trying to open the hw design at D:/proyectosep2/IEE2463-SEP-Proyecto-2-Z8/2_core/vitis/2_core/hw/DEMO_wrapper.xsa
TRACE::2025-06-25.16:11:28::SCWPlatform::DSA given D:/proyectosep2/IEE2463-SEP-Proyecto-2-Z8/2_core/vitis/2_core/hw/DEMO_wrapper.xsa
TRACE::2025-06-25.16:11:28::SCWPlatform::DSA absoulate path D:/proyectosep2/IEE2463-SEP-Proyecto-2-Z8/2_core/vitis/2_core/hw/DEMO_wrapper.xsa
TRACE::2025-06-25.16:11:28::SCWPlatform::DSA directory D:/proyectosep2/IEE2463-SEP-Proyecto-2-Z8/2_core/vitis/2_core/hw
TRACE::2025-06-25.16:11:28::SCWPlatform:: Platform Path D:/proyectosep2/IEE2463-SEP-Proyecto-2-Z8/2_core/vitis/2_core/hw/DEMO_wrapper.xsa
TRACE::2025-06-25.16:11:28::SCWPlatform:: Unique name xilinx:zybo-z7-10::0.0
TRACE::2025-06-25.16:11:28::SCWPlatform::Trying to set the existing hwdb with name DEMO_wrapper_1
TRACE::2025-06-25.16:11:28::SCWPlatform::Opened existing hwdb DEMO_wrapper_1
TRACE::2025-06-25.16:11:28::SCWPlatform::Found the Hw Db part of the input DSA
TRACE::2025-06-25.16:11:28::SCWMssOS::Checking the sw design at  D:/proyectosep2/IEE2463-SEP-Proyecto-2-Z8/2_core/vitis/2_core/zynq_fsbl/zynq_fsbl_bsp/system.mss
TRACE::2025-06-25.16:11:28::SCWMssOS::DEBUG:  swdes dump  D:/proyectosep2/IEE2463-SEP-Proyecto-2-Z8/2_core/vitis/2_core/ps7_cortexa9_0/graphics_core/bsp/system.mss|system_1||
D:/proyectosep2/IEE2463-SEP-Proyecto-2-Z8/2_core/vitis/2_core/ps7_cortexa9_1/standalone_domain/bsp/system.mss|system_0||
D:/proyectosep2/IEE2463-SEP-Proyecto-2-Z8/2_core/vitis/2_core/zynq_fsbl/zynq_fsbl_bsp/system.mss|system||

TRACE::2025-06-25.16:11:28::SCWMssOS::Sw design exists and opened at  D:/proyectosep2/IEE2463-SEP-Proyecto-2-Z8/2_core/vitis/2_core/zynq_fsbl/zynq_fsbl_bsp/system.mss
TRACE::2025-06-25.16:11:28::SCWPlatform::Trying to open the hw design at D:/proyectosep2/IEE2463-SEP-Proyecto-2-Z8/2_core/vitis/2_core/hw/DEMO_wrapper.xsa
TRACE::2025-06-25.16:11:28::SCWPlatform::DSA given D:/proyectosep2/IEE2463-SEP-Proyecto-2-Z8/2_core/vitis/2_core/hw/DEMO_wrapper.xsa
TRACE::2025-06-25.16:11:28::SCWPlatform::DSA absoulate path D:/proyectosep2/IEE2463-SEP-Proyecto-2-Z8/2_core/vitis/2_core/hw/DEMO_wrapper.xsa
TRACE::2025-06-25.16:11:28::SCWPlatform::DSA directory D:/proyectosep2/IEE2463-SEP-Proyecto-2-Z8/2_core/vitis/2_core/hw
TRACE::2025-06-25.16:11:28::SCWPlatform:: Platform Path D:/proyectosep2/IEE2463-SEP-Proyecto-2-Z8/2_core/vitis/2_core/hw/DEMO_wrapper.xsa
TRACE::2025-06-25.16:11:28::SCWPlatform:: Unique name xilinx:zybo-z7-10::0.0
TRACE::2025-06-25.16:11:28::SCWPlatform::Trying to set the existing hwdb with name DEMO_wrapper_1
TRACE::2025-06-25.16:11:28::SCWPlatform::Opened existing hwdb DEMO_wrapper_1
TRACE::2025-06-25.16:11:28::SCWPlatform::Found the Hw Db part of the input DSA
TRACE::2025-06-25.16:11:28::SCWMssOS::Checking the sw design at  D:/proyectosep2/IEE2463-SEP-Proyecto-2-Z8/2_core/vitis/2_core/ps7_cortexa9_1/standalone_domain/bsp/system.mss
TRACE::2025-06-25.16:11:28::SCWMssOS::DEBUG:  swdes dump  D:/proyectosep2/IEE2463-SEP-Proyecto-2-Z8/2_core/vitis/2_core/ps7_cortexa9_0/graphics_core/bsp/system.mss|system_1||
D:/proyectosep2/IEE2463-SEP-Proyecto-2-Z8/2_core/vitis/2_core/ps7_cortexa9_1/standalone_domain/bsp/system.mss|system_0||
D:/proyectosep2/IEE2463-SEP-Proyecto-2-Z8/2_core/vitis/2_core/zynq_fsbl/zynq_fsbl_bsp/system.mss|system||

TRACE::2025-06-25.16:11:28::SCWMssOS::Sw design exists and opened at  D:/proyectosep2/IEE2463-SEP-Proyecto-2-Z8/2_core/vitis/2_core/ps7_cortexa9_1/standalone_domain/bsp/system.mss
TRACE::2025-06-25.16:11:28::SCWPlatform::Trying to open the hw design at D:/proyectosep2/IEE2463-SEP-Proyecto-2-Z8/2_core/vitis/2_core/hw/DEMO_wrapper.xsa
TRACE::2025-06-25.16:11:28::SCWPlatform::DSA given D:/proyectosep2/IEE2463-SEP-Proyecto-2-Z8/2_core/vitis/2_core/hw/DEMO_wrapper.xsa
TRACE::2025-06-25.16:11:28::SCWPlatform::DSA absoulate path D:/proyectosep2/IEE2463-SEP-Proyecto-2-Z8/2_core/vitis/2_core/hw/DEMO_wrapper.xsa
TRACE::2025-06-25.16:11:28::SCWPlatform::DSA directory D:/proyectosep2/IEE2463-SEP-Proyecto-2-Z8/2_core/vitis/2_core/hw
TRACE::2025-06-25.16:11:28::SCWPlatform:: Platform Path D:/proyectosep2/IEE2463-SEP-Proyecto-2-Z8/2_core/vitis/2_core/hw/DEMO_wrapper.xsa
TRACE::2025-06-25.16:11:28::SCWPlatform:: Unique name xilinx:zybo-z7-10::0.0
TRACE::2025-06-25.16:11:28::SCWPlatform::Trying to set the existing hwdb with name DEMO_wrapper_1
TRACE::2025-06-25.16:11:28::SCWPlatform::Opened existing hwdb DEMO_wrapper_1
TRACE::2025-06-25.16:11:28::SCWPlatform::Found the Hw Db part of the input DSA
TRACE::2025-06-25.16:11:28::SCWMssOS::Checking the sw design at  D:/proyectosep2/IEE2463-SEP-Proyecto-2-Z8/2_core/vitis/2_core/ps7_cortexa9_0/graphics_core/bsp/system.mss
TRACE::2025-06-25.16:11:28::SCWMssOS::DEBUG:  swdes dump  D:/proyectosep2/IEE2463-SEP-Proyecto-2-Z8/2_core/vitis/2_core/ps7_cortexa9_0/graphics_core/bsp/system.mss|system_1||
D:/proyectosep2/IEE2463-SEP-Proyecto-2-Z8/2_core/vitis/2_core/ps7_cortexa9_1/standalone_domain/bsp/system.mss|system_0||
D:/proyectosep2/IEE2463-SEP-Proyecto-2-Z8/2_core/vitis/2_core/zynq_fsbl/zynq_fsbl_bsp/system.mss|system||

TRACE::2025-06-25.16:11:28::SCWMssOS::Sw design exists and opened at  D:/proyectosep2/IEE2463-SEP-Proyecto-2-Z8/2_core/vitis/2_core/ps7_cortexa9_0/graphics_core/bsp/system.mss
TRACE::2025-06-25.16:11:28::SCWPlatform::Trying to open the hw design at D:/proyectosep2/IEE2463-SEP-Proyecto-2-Z8/2_core/vitis/2_core/hw/DEMO_wrapper.xsa
TRACE::2025-06-25.16:11:28::SCWPlatform::DSA given D:/proyectosep2/IEE2463-SEP-Proyecto-2-Z8/2_core/vitis/2_core/hw/DEMO_wrapper.xsa
TRACE::2025-06-25.16:11:28::SCWPlatform::DSA absoulate path D:/proyectosep2/IEE2463-SEP-Proyecto-2-Z8/2_core/vitis/2_core/hw/DEMO_wrapper.xsa
TRACE::2025-06-25.16:11:28::SCWPlatform::DSA directory D:/proyectosep2/IEE2463-SEP-Proyecto-2-Z8/2_core/vitis/2_core/hw
TRACE::2025-06-25.16:11:28::SCWPlatform:: Platform Path D:/proyectosep2/IEE2463-SEP-Proyecto-2-Z8/2_core/vitis/2_core/hw/DEMO_wrapper.xsa
TRACE::2025-06-25.16:11:28::SCWPlatform:: Unique name xilinx:zybo-z7-10::0.0
TRACE::2025-06-25.16:11:28::SCWPlatform::Trying to set the existing hwdb with name DEMO_wrapper_1
TRACE::2025-06-25.16:11:28::SCWPlatform::Opened existing hwdb DEMO_wrapper_1
TRACE::2025-06-25.16:11:28::SCWPlatform::Found the Hw Db part of the input DSA
TRACE::2025-06-25.16:11:28::SCWMssOS::Checking the sw design at  D:/proyectosep2/IEE2463-SEP-Proyecto-2-Z8/2_core/vitis/2_core/ps7_cortexa9_0/graphics_core/bsp/system.mss
TRACE::2025-06-25.16:11:28::SCWMssOS::DEBUG:  swdes dump  D:/proyectosep2/IEE2463-SEP-Proyecto-2-Z8/2_core/vitis/2_core/ps7_cortexa9_0/graphics_core/bsp/system.mss|system_1||
D:/proyectosep2/IEE2463-SEP-Proyecto-2-Z8/2_core/vitis/2_core/ps7_cortexa9_1/standalone_domain/bsp/system.mss|system_0||
D:/proyectosep2/IEE2463-SEP-Proyecto-2-Z8/2_core/vitis/2_core/zynq_fsbl/zynq_fsbl_bsp/system.mss|system||

TRACE::2025-06-25.16:11:28::SCWMssOS::Sw design exists and opened at  D:/proyectosep2/IEE2463-SEP-Proyecto-2-Z8/2_core/vitis/2_core/ps7_cortexa9_0/graphics_core/bsp/system.mss
TRACE::2025-06-25.16:11:28::SCWPlatform::Trying to open the hw design at D:/proyectosep2/IEE2463-SEP-Proyecto-2-Z8/2_core/vitis/2_core/hw/DEMO_wrapper.xsa
TRACE::2025-06-25.16:11:28::SCWPlatform::DSA given D:/proyectosep2/IEE2463-SEP-Proyecto-2-Z8/2_core/vitis/2_core/hw/DEMO_wrapper.xsa
TRACE::2025-06-25.16:11:28::SCWPlatform::DSA absoulate path D:/proyectosep2/IEE2463-SEP-Proyecto-2-Z8/2_core/vitis/2_core/hw/DEMO_wrapper.xsa
TRACE::2025-06-25.16:11:28::SCWPlatform::DSA directory D:/proyectosep2/IEE2463-SEP-Proyecto-2-Z8/2_core/vitis/2_core/hw
TRACE::2025-06-25.16:11:28::SCWPlatform:: Platform Path D:/proyectosep2/IEE2463-SEP-Proyecto-2-Z8/2_core/vitis/2_core/hw/DEMO_wrapper.xsa
TRACE::2025-06-25.16:11:28::SCWPlatform:: Unique name xilinx:zybo-z7-10::0.0
TRACE::2025-06-25.16:11:28::SCWPlatform::Trying to set the existing hwdb with name DEMO_wrapper_1
TRACE::2025-06-25.16:11:28::SCWPlatform::Opened existing hwdb DEMO_wrapper_1
TRACE::2025-06-25.16:11:28::SCWPlatform::Found the Hw Db part of the input DSA
TRACE::2025-06-25.16:11:28::SCWMssOS::Checking the sw design at  D:/proyectosep2/IEE2463-SEP-Proyecto-2-Z8/2_core/vitis/2_core/ps7_cortexa9_0/graphics_core/bsp/system.mss
TRACE::2025-06-25.16:11:28::SCWMssOS::DEBUG:  swdes dump  D:/proyectosep2/IEE2463-SEP-Proyecto-2-Z8/2_core/vitis/2_core/ps7_cortexa9_0/graphics_core/bsp/system.mss|system_1||
D:/proyectosep2/IEE2463-SEP-Proyecto-2-Z8/2_core/vitis/2_core/ps7_cortexa9_1/standalone_domain/bsp/system.mss|system_0||
D:/proyectosep2/IEE2463-SEP-Proyecto-2-Z8/2_core/vitis/2_core/zynq_fsbl/zynq_fsbl_bsp/system.mss|system||

TRACE::2025-06-25.16:11:28::SCWMssOS::Sw design exists and opened at  D:/proyectosep2/IEE2463-SEP-Proyecto-2-Z8/2_core/vitis/2_core/ps7_cortexa9_0/graphics_core/bsp/system.mss
TRACE::2025-06-25.16:11:28::SCWWriter::formatted JSON is {
	"platformName":	"2_core",
	"sprVersion":	"2.0",
	"mode":	"gui",
	"dsaType":	"Fixed",
	"platformDesc":	"2_core",
	"platHandOff":	"D:/proyectosep2/IEE2463-SEP-Proyecto-2-Z8/full_hardware/vivado/DEMO_wrapper.xsa",
	"platIntHandOff":	"<platformDir>/hw/DEMO_wrapper.xsa",
	"deviceType":	"zynq",
	"platIsPrebuiltAutogen":	"false",
	"platIsNoBootBsp":	"false",
	"hasFsblMakeHasChanges":	"false",
	"hasPmufwMakeHasChanges":	"false",
	"fsblExtraCompilerFlags":	"-MMD -MP       -mcpu=cortex-a9 -mfpu=vfpv3 -mfloat-abi=hard ",
	"platPreBuiltFlag":	false,
	"platformSamplesDir":	"",
	"platActiveSys":	"2_core",
	"systems":	[{
			"systemName":	"2_core",
			"systemDesc":	"2_core",
			"sysIsBootAutoGen":	"true",
			"systemDispName":	"2_core",
			"sysActiveDom":	"graphics_core",
			"sysDefaultDom":	"graphics_core",
			"domains":	[{
					"domainName":	"zynq_fsbl",
					"domainDispName":	"zynq_fsbl",
					"domainDesc":	"FSBL Application BSP - Auto Generated.",
					"processors":	"ps7_cortexa9_0",
					"os":	"standalone",
					"sdxOs":	"standalone",
					"debugEnable":	"",
					"domRuntimes":	["cpp"],
					"swRepo":	"",
					"mssOsVer":	"7.2",
					"mssFile":	"",
					"md5Digest":	"22a6aa47fd12e4eea21ee9dba4d7fcad",
					"compatibleApp":	"zynq_fsbl",
					"domType":	"bootDomain",
					"appSettings":	{
						"appCompilerFlags":	"",
						"appLinkerFlags":	""
					},
					"addedLibs":	["xilffs:4.3", "xilrsa:1.6"],
					"libOptions":	{
						"libsContainingOptions":	[]
					},
					"prebuiltLibs":	{
						"prebuiltIncPath":	[],
						"prebuiltLibPath":	[]
					},
					"isolation":	{
					}
				}, {
					"domainName":	"standalone_domain",
					"domainDispName":	"standalone on ps7_cortexa9_1",
					"domainDesc":	"standalone_domain",
					"processors":	"ps7_cortexa9_1",
					"os":	"standalone",
					"sdxOs":	"standalone",
					"qemuArgs":	"D:/Xilinx/Vitis/2020.1/data/emulation/platforms/zynq/qemu/qemu_args.txt",
					"qemuData":	"D:/Xilinx/Vitis/2020.1/data/emulation/platforms/zynq/qemu/",
					"debugEnable":	"False",
					"domRuntimes":	["cpp"],
					"swRepo":	"",
					"mssOsVer":	"7.2",
					"mssFile":	"",
					"md5Digest":	"eeda6af4935d7e423fd8b46083f15ce2",
					"compatibleApp":	"",
					"domType":	"mssDomain",
					"appSettings":	{
						"appCompilerFlags":	"",
						"appLinkerFlags":	""
					},
					"addedLibs":	[],
					"libOptions":	{
						"libsContainingOptions":	[]
					},
					"prebuiltLibs":	{
						"prebuiltIncPath":	[],
						"prebuiltLibPath":	[]
					},
					"isolation":	{
					}
				}, {
					"domainName":	"graphics_core",
					"domainDispName":	"graphics_core",
					"domainDesc":	"",
					"processors":	"ps7_cortexa9_0",
					"os":	"standalone",
					"sdxOs":	"standalone",
					"qemuArgs":	"D:/Xilinx/Vitis/2020.1/data/emulation/platforms/zynq/qemu/qemu_args.txt",
					"qemuData":	"D:/Xilinx/Vitis/2020.1/data/emulation/platforms/zynq/qemu/",
					"debugEnable":	"False",
					"domRuntimes":	["cpp"],
					"swRepo":	"",
					"mssOsVer":	"7.2",
					"mssFile":	"",
					"md5Digest":	"3bd73008cc19367a3826b43ea626ca85",
					"compatibleApp":	"",
					"domType":	"mssDomain",
					"arch":	"32-bit",
					"appSettings":	{
						"appCompilerFlags":	"",
						"appLinkerFlags":	""
					},
					"addedLibs":	[],
					"libOptions":	{
						"libsContainingOptions":	[]
					},
					"prebuiltLibs":	{
						"prebuiltIncPath":	[],
						"prebuiltLibPath":	[]
					},
					"isolation":	{
					}
				}]
		}]
}
KEYINFO::2025-06-25.16:11:28::SCWPlatform::updated the xpfm file.
TRACE::2025-06-25.16:11:28::SCWPlatform::Trying to open the hw design at D:/proyectosep2/IEE2463-SEP-Proyecto-2-Z8/2_core/vitis/2_core/hw/DEMO_wrapper.xsa
TRACE::2025-06-25.16:11:28::SCWPlatform::DSA given D:/proyectosep2/IEE2463-SEP-Proyecto-2-Z8/2_core/vitis/2_core/hw/DEMO_wrapper.xsa
TRACE::2025-06-25.16:11:28::SCWPlatform::DSA absoulate path D:/proyectosep2/IEE2463-SEP-Proyecto-2-Z8/2_core/vitis/2_core/hw/DEMO_wrapper.xsa
TRACE::2025-06-25.16:11:28::SCWPlatform::DSA directory D:/proyectosep2/IEE2463-SEP-Proyecto-2-Z8/2_core/vitis/2_core/hw
TRACE::2025-06-25.16:11:28::SCWPlatform:: Platform Path D:/proyectosep2/IEE2463-SEP-Proyecto-2-Z8/2_core/vitis/2_core/hw/DEMO_wrapper.xsa
TRACE::2025-06-25.16:11:28::SCWPlatform:: Unique name xilinx:zybo-z7-10::0.0
TRACE::2025-06-25.16:11:28::SCWPlatform::Trying to set the existing hwdb with name DEMO_wrapper_1
TRACE::2025-06-25.16:11:28::SCWPlatform::Opened existing hwdb DEMO_wrapper_1
TRACE::2025-06-25.16:11:28::SCWPlatform::Found the Hw Db part of the input DSA
TRACE::2025-06-25.16:11:28::SCWMssOS::Checking the sw design at  D:/proyectosep2/IEE2463-SEP-Proyecto-2-Z8/2_core/vitis/2_core/ps7_cortexa9_1/standalone_domain/bsp/system.mss
TRACE::2025-06-25.16:11:28::SCWMssOS::DEBUG:  swdes dump  D:/proyectosep2/IEE2463-SEP-Proyecto-2-Z8/2_core/vitis/2_core/ps7_cortexa9_0/graphics_core/bsp/system.mss|system_1||
D:/proyectosep2/IEE2463-SEP-Proyecto-2-Z8/2_core/vitis/2_core/ps7_cortexa9_1/standalone_domain/bsp/system.mss|system_0||
D:/proyectosep2/IEE2463-SEP-Proyecto-2-Z8/2_core/vitis/2_core/zynq_fsbl/zynq_fsbl_bsp/system.mss|system||

TRACE::2025-06-25.16:11:28::SCWMssOS::Sw design exists and opened at  D:/proyectosep2/IEE2463-SEP-Proyecto-2-Z8/2_core/vitis/2_core/ps7_cortexa9_1/standalone_domain/bsp/system.mss
TRACE::2025-06-25.16:11:28::SCWPlatform::Trying to open the hw design at D:/proyectosep2/IEE2463-SEP-Proyecto-2-Z8/2_core/vitis/2_core/hw/DEMO_wrapper.xsa
TRACE::2025-06-25.16:11:28::SCWPlatform::DSA given D:/proyectosep2/IEE2463-SEP-Proyecto-2-Z8/2_core/vitis/2_core/hw/DEMO_wrapper.xsa
TRACE::2025-06-25.16:11:28::SCWPlatform::DSA absoulate path D:/proyectosep2/IEE2463-SEP-Proyecto-2-Z8/2_core/vitis/2_core/hw/DEMO_wrapper.xsa
TRACE::2025-06-25.16:11:28::SCWPlatform::DSA directory D:/proyectosep2/IEE2463-SEP-Proyecto-2-Z8/2_core/vitis/2_core/hw
TRACE::2025-06-25.16:11:28::SCWPlatform:: Platform Path D:/proyectosep2/IEE2463-SEP-Proyecto-2-Z8/2_core/vitis/2_core/hw/DEMO_wrapper.xsa
TRACE::2025-06-25.16:11:28::SCWPlatform:: Unique name xilinx:zybo-z7-10::0.0
TRACE::2025-06-25.16:11:28::SCWPlatform::Trying to set the existing hwdb with name DEMO_wrapper_1
TRACE::2025-06-25.16:11:28::SCWPlatform::Opened existing hwdb DEMO_wrapper_1
TRACE::2025-06-25.16:11:28::SCWPlatform::Found the Hw Db part of the input DSA
TRACE::2025-06-25.16:11:28::SCWMssOS::Checking the sw design at  D:/proyectosep2/IEE2463-SEP-Proyecto-2-Z8/2_core/vitis/2_core/ps7_cortexa9_0/graphics_core/bsp/system.mss
TRACE::2025-06-25.16:11:28::SCWMssOS::DEBUG:  swdes dump  D:/proyectosep2/IEE2463-SEP-Proyecto-2-Z8/2_core/vitis/2_core/ps7_cortexa9_0/graphics_core/bsp/system.mss|system_1||
D:/proyectosep2/IEE2463-SEP-Proyecto-2-Z8/2_core/vitis/2_core/ps7_cortexa9_1/standalone_domain/bsp/system.mss|system_0||
D:/proyectosep2/IEE2463-SEP-Proyecto-2-Z8/2_core/vitis/2_core/zynq_fsbl/zynq_fsbl_bsp/system.mss|system||

TRACE::2025-06-25.16:11:28::SCWMssOS::Sw design exists and opened at  D:/proyectosep2/IEE2463-SEP-Proyecto-2-Z8/2_core/vitis/2_core/ps7_cortexa9_0/graphics_core/bsp/system.mss
TRACE::2025-06-25.16:11:28::SCWMssOS::Saving the mss changes D:/proyectosep2/IEE2463-SEP-Proyecto-2-Z8/2_core/vitis/2_core/zynq_fsbl/zynq_fsbl_bsp/system.mss
TRACE::2025-06-25.16:11:28::SCWMssOS::Found a swdesign opened with the mssfile.
TRACE::2025-06-25.16:11:28::SCWMssOS::Completed writemss as part of save.
TRACE::2025-06-25.16:11:28::SCWMssOS::Commit changes completed.
TRACE::2025-06-25.16:11:28::SCWMssOS::Saving the mss changes D:/proyectosep2/IEE2463-SEP-Proyecto-2-Z8/2_core/vitis/2_core/ps7_cortexa9_1/standalone_domain/bsp/system.mss
TRACE::2025-06-25.16:11:28::SCWMssOS::Found a swdesign opened with the mssfile.
TRACE::2025-06-25.16:11:28::SCWMssOS::Completed writemss as part of save.
TRACE::2025-06-25.16:11:28::SCWMssOS::Commit changes completed.
TRACE::2025-06-25.16:11:28::SCWMssOS::Saving the mss changes D:/proyectosep2/IEE2463-SEP-Proyecto-2-Z8/2_core/vitis/2_core/ps7_cortexa9_0/graphics_core/bsp/system.mss
TRACE::2025-06-25.16:11:28::SCWMssOS::Found a swdesign opened with the mssfile.
TRACE::2025-06-25.16:11:28::SCWMssOS::Completed writemss as part of save.
TRACE::2025-06-25.16:11:28::SCWMssOS::Commit changes completed.
TRACE::2025-06-25.16:11:28::SCWPlatform::Trying to open the hw design at D:/proyectosep2/IEE2463-SEP-Proyecto-2-Z8/2_core/vitis/2_core/hw/DEMO_wrapper.xsa
TRACE::2025-06-25.16:11:28::SCWPlatform::DSA given D:/proyectosep2/IEE2463-SEP-Proyecto-2-Z8/2_core/vitis/2_core/hw/DEMO_wrapper.xsa
TRACE::2025-06-25.16:11:28::SCWPlatform::DSA absoulate path D:/proyectosep2/IEE2463-SEP-Proyecto-2-Z8/2_core/vitis/2_core/hw/DEMO_wrapper.xsa
TRACE::2025-06-25.16:11:28::SCWPlatform::DSA directory D:/proyectosep2/IEE2463-SEP-Proyecto-2-Z8/2_core/vitis/2_core/hw
TRACE::2025-06-25.16:11:28::SCWPlatform:: Platform Path D:/proyectosep2/IEE2463-SEP-Proyecto-2-Z8/2_core/vitis/2_core/hw/DEMO_wrapper.xsa
TRACE::2025-06-25.16:11:28::SCWPlatform:: Unique name xilinx:zybo-z7-10::0.0
TRACE::2025-06-25.16:11:28::SCWPlatform::Trying to set the existing hwdb with name DEMO_wrapper_1
TRACE::2025-06-25.16:11:28::SCWPlatform::Opened existing hwdb DEMO_wrapper_1
TRACE::2025-06-25.16:11:28::SCWPlatform::Found the Hw Db part of the input DSA
TRACE::2025-06-25.16:11:28::SCWMssOS::Checking the sw design at  D:/proyectosep2/IEE2463-SEP-Proyecto-2-Z8/2_core/vitis/2_core/zynq_fsbl/zynq_fsbl_bsp/system.mss
TRACE::2025-06-25.16:11:28::SCWMssOS::DEBUG:  swdes dump  D:/proyectosep2/IEE2463-SEP-Proyecto-2-Z8/2_core/vitis/2_core/ps7_cortexa9_0/graphics_core/bsp/system.mss|system_1||
D:/proyectosep2/IEE2463-SEP-Proyecto-2-Z8/2_core/vitis/2_core/ps7_cortexa9_1/standalone_domain/bsp/system.mss|system_0||
D:/proyectosep2/IEE2463-SEP-Proyecto-2-Z8/2_core/vitis/2_core/zynq_fsbl/zynq_fsbl_bsp/system.mss|system||

TRACE::2025-06-25.16:11:28::SCWMssOS::Sw design exists and opened at  D:/proyectosep2/IEE2463-SEP-Proyecto-2-Z8/2_core/vitis/2_core/zynq_fsbl/zynq_fsbl_bsp/system.mss
TRACE::2025-06-25.16:11:28::SCWPlatform::Trying to open the hw design at D:/proyectosep2/IEE2463-SEP-Proyecto-2-Z8/2_core/vitis/2_core/hw/DEMO_wrapper.xsa
TRACE::2025-06-25.16:11:28::SCWPlatform::DSA given D:/proyectosep2/IEE2463-SEP-Proyecto-2-Z8/2_core/vitis/2_core/hw/DEMO_wrapper.xsa
TRACE::2025-06-25.16:11:28::SCWPlatform::DSA absoulate path D:/proyectosep2/IEE2463-SEP-Proyecto-2-Z8/2_core/vitis/2_core/hw/DEMO_wrapper.xsa
TRACE::2025-06-25.16:11:28::SCWPlatform::DSA directory D:/proyectosep2/IEE2463-SEP-Proyecto-2-Z8/2_core/vitis/2_core/hw
TRACE::2025-06-25.16:11:28::SCWPlatform:: Platform Path D:/proyectosep2/IEE2463-SEP-Proyecto-2-Z8/2_core/vitis/2_core/hw/DEMO_wrapper.xsa
TRACE::2025-06-25.16:11:28::SCWPlatform:: Unique name xilinx:zybo-z7-10::0.0
TRACE::2025-06-25.16:11:28::SCWPlatform::Trying to set the existing hwdb with name DEMO_wrapper_1
TRACE::2025-06-25.16:11:28::SCWPlatform::Opened existing hwdb DEMO_wrapper_1
TRACE::2025-06-25.16:11:28::SCWPlatform::Found the Hw Db part of the input DSA
TRACE::2025-06-25.16:11:28::SCWMssOS::Checking the sw design at  D:/proyectosep2/IEE2463-SEP-Proyecto-2-Z8/2_core/vitis/2_core/ps7_cortexa9_1/standalone_domain/bsp/system.mss
TRACE::2025-06-25.16:11:28::SCWMssOS::DEBUG:  swdes dump  D:/proyectosep2/IEE2463-SEP-Proyecto-2-Z8/2_core/vitis/2_core/ps7_cortexa9_0/graphics_core/bsp/system.mss|system_1||
D:/proyectosep2/IEE2463-SEP-Proyecto-2-Z8/2_core/vitis/2_core/ps7_cortexa9_1/standalone_domain/bsp/system.mss|system_0||
D:/proyectosep2/IEE2463-SEP-Proyecto-2-Z8/2_core/vitis/2_core/zynq_fsbl/zynq_fsbl_bsp/system.mss|system||

TRACE::2025-06-25.16:11:28::SCWMssOS::Sw design exists and opened at  D:/proyectosep2/IEE2463-SEP-Proyecto-2-Z8/2_core/vitis/2_core/ps7_cortexa9_1/standalone_domain/bsp/system.mss
TRACE::2025-06-25.16:11:28::SCWPlatform::Trying to open the hw design at D:/proyectosep2/IEE2463-SEP-Proyecto-2-Z8/2_core/vitis/2_core/hw/DEMO_wrapper.xsa
TRACE::2025-06-25.16:11:28::SCWPlatform::DSA given D:/proyectosep2/IEE2463-SEP-Proyecto-2-Z8/2_core/vitis/2_core/hw/DEMO_wrapper.xsa
TRACE::2025-06-25.16:11:28::SCWPlatform::DSA absoulate path D:/proyectosep2/IEE2463-SEP-Proyecto-2-Z8/2_core/vitis/2_core/hw/DEMO_wrapper.xsa
TRACE::2025-06-25.16:11:28::SCWPlatform::DSA directory D:/proyectosep2/IEE2463-SEP-Proyecto-2-Z8/2_core/vitis/2_core/hw
TRACE::2025-06-25.16:11:28::SCWPlatform:: Platform Path D:/proyectosep2/IEE2463-SEP-Proyecto-2-Z8/2_core/vitis/2_core/hw/DEMO_wrapper.xsa
TRACE::2025-06-25.16:11:28::SCWPlatform:: Unique name xilinx:zybo-z7-10::0.0
TRACE::2025-06-25.16:11:28::SCWPlatform::Trying to set the existing hwdb with name DEMO_wrapper_1
TRACE::2025-06-25.16:11:28::SCWPlatform::Opened existing hwdb DEMO_wrapper_1
TRACE::2025-06-25.16:11:28::SCWPlatform::Found the Hw Db part of the input DSA
TRACE::2025-06-25.16:11:28::SCWMssOS::Checking the sw design at  D:/proyectosep2/IEE2463-SEP-Proyecto-2-Z8/2_core/vitis/2_core/ps7_cortexa9_0/graphics_core/bsp/system.mss
TRACE::2025-06-25.16:11:28::SCWMssOS::DEBUG:  swdes dump  D:/proyectosep2/IEE2463-SEP-Proyecto-2-Z8/2_core/vitis/2_core/ps7_cortexa9_0/graphics_core/bsp/system.mss|system_1||
D:/proyectosep2/IEE2463-SEP-Proyecto-2-Z8/2_core/vitis/2_core/ps7_cortexa9_1/standalone_domain/bsp/system.mss|system_0||
D:/proyectosep2/IEE2463-SEP-Proyecto-2-Z8/2_core/vitis/2_core/zynq_fsbl/zynq_fsbl_bsp/system.mss|system||

TRACE::2025-06-25.16:11:28::SCWMssOS::Sw design exists and opened at  D:/proyectosep2/IEE2463-SEP-Proyecto-2-Z8/2_core/vitis/2_core/ps7_cortexa9_0/graphics_core/bsp/system.mss
TRACE::2025-06-25.16:11:28::SCWPlatform::Trying to open the hw design at D:/proyectosep2/IEE2463-SEP-Proyecto-2-Z8/2_core/vitis/2_core/hw/DEMO_wrapper.xsa
TRACE::2025-06-25.16:11:28::SCWPlatform::DSA given D:/proyectosep2/IEE2463-SEP-Proyecto-2-Z8/2_core/vitis/2_core/hw/DEMO_wrapper.xsa
TRACE::2025-06-25.16:11:28::SCWPlatform::DSA absoulate path D:/proyectosep2/IEE2463-SEP-Proyecto-2-Z8/2_core/vitis/2_core/hw/DEMO_wrapper.xsa
TRACE::2025-06-25.16:11:28::SCWPlatform::DSA directory D:/proyectosep2/IEE2463-SEP-Proyecto-2-Z8/2_core/vitis/2_core/hw
TRACE::2025-06-25.16:11:28::SCWPlatform:: Platform Path D:/proyectosep2/IEE2463-SEP-Proyecto-2-Z8/2_core/vitis/2_core/hw/DEMO_wrapper.xsa
TRACE::2025-06-25.16:11:28::SCWPlatform:: Unique name xilinx:zybo-z7-10::0.0
TRACE::2025-06-25.16:11:28::SCWPlatform::Trying to set the existing hwdb with name DEMO_wrapper_1
TRACE::2025-06-25.16:11:28::SCWPlatform::Opened existing hwdb DEMO_wrapper_1
TRACE::2025-06-25.16:11:28::SCWPlatform::Found the Hw Db part of the input DSA
TRACE::2025-06-25.16:11:28::SCWMssOS::Checking the sw design at  D:/proyectosep2/IEE2463-SEP-Proyecto-2-Z8/2_core/vitis/2_core/ps7_cortexa9_0/graphics_core/bsp/system.mss
TRACE::2025-06-25.16:11:28::SCWMssOS::DEBUG:  swdes dump  D:/proyectosep2/IEE2463-SEP-Proyecto-2-Z8/2_core/vitis/2_core/ps7_cortexa9_0/graphics_core/bsp/system.mss|system_1||
D:/proyectosep2/IEE2463-SEP-Proyecto-2-Z8/2_core/vitis/2_core/ps7_cortexa9_1/standalone_domain/bsp/system.mss|system_0||
D:/proyectosep2/IEE2463-SEP-Proyecto-2-Z8/2_core/vitis/2_core/zynq_fsbl/zynq_fsbl_bsp/system.mss|system||

TRACE::2025-06-25.16:11:28::SCWMssOS::Sw design exists and opened at  D:/proyectosep2/IEE2463-SEP-Proyecto-2-Z8/2_core/vitis/2_core/ps7_cortexa9_0/graphics_core/bsp/system.mss
TRACE::2025-06-25.16:11:28::SCWPlatform::Trying to open the hw design at D:/proyectosep2/IEE2463-SEP-Proyecto-2-Z8/2_core/vitis/2_core/hw/DEMO_wrapper.xsa
TRACE::2025-06-25.16:11:28::SCWPlatform::DSA given D:/proyectosep2/IEE2463-SEP-Proyecto-2-Z8/2_core/vitis/2_core/hw/DEMO_wrapper.xsa
TRACE::2025-06-25.16:11:28::SCWPlatform::DSA absoulate path D:/proyectosep2/IEE2463-SEP-Proyecto-2-Z8/2_core/vitis/2_core/hw/DEMO_wrapper.xsa
TRACE::2025-06-25.16:11:28::SCWPlatform::DSA directory D:/proyectosep2/IEE2463-SEP-Proyecto-2-Z8/2_core/vitis/2_core/hw
TRACE::2025-06-25.16:11:28::SCWPlatform:: Platform Path D:/proyectosep2/IEE2463-SEP-Proyecto-2-Z8/2_core/vitis/2_core/hw/DEMO_wrapper.xsa
TRACE::2025-06-25.16:11:28::SCWPlatform:: Unique name xilinx:zybo-z7-10::0.0
TRACE::2025-06-25.16:11:28::SCWPlatform::Trying to set the existing hwdb with name DEMO_wrapper_1
TRACE::2025-06-25.16:11:28::SCWPlatform::Opened existing hwdb DEMO_wrapper_1
TRACE::2025-06-25.16:11:28::SCWPlatform::Found the Hw Db part of the input DSA
TRACE::2025-06-25.16:11:28::SCWMssOS::Checking the sw design at  D:/proyectosep2/IEE2463-SEP-Proyecto-2-Z8/2_core/vitis/2_core/ps7_cortexa9_0/graphics_core/bsp/system.mss
TRACE::2025-06-25.16:11:28::SCWMssOS::DEBUG:  swdes dump  D:/proyectosep2/IEE2463-SEP-Proyecto-2-Z8/2_core/vitis/2_core/ps7_cortexa9_0/graphics_core/bsp/system.mss|system_1||
D:/proyectosep2/IEE2463-SEP-Proyecto-2-Z8/2_core/vitis/2_core/ps7_cortexa9_1/standalone_domain/bsp/system.mss|system_0||
D:/proyectosep2/IEE2463-SEP-Proyecto-2-Z8/2_core/vitis/2_core/zynq_fsbl/zynq_fsbl_bsp/system.mss|system||

TRACE::2025-06-25.16:11:28::SCWMssOS::Sw design exists and opened at  D:/proyectosep2/IEE2463-SEP-Proyecto-2-Z8/2_core/vitis/2_core/ps7_cortexa9_0/graphics_core/bsp/system.mss
TRACE::2025-06-25.16:11:28::SCWWriter::formatted JSON is {
	"platformName":	"2_core",
	"sprVersion":	"2.0",
	"mode":	"gui",
	"dsaType":	"Fixed",
	"platformDesc":	"2_core",
	"platHandOff":	"D:/proyectosep2/IEE2463-SEP-Proyecto-2-Z8/full_hardware/vivado/DEMO_wrapper.xsa",
	"platIntHandOff":	"<platformDir>/hw/DEMO_wrapper.xsa",
	"deviceType":	"zynq",
	"platIsPrebuiltAutogen":	"false",
	"platIsNoBootBsp":	"false",
	"hasFsblMakeHasChanges":	"false",
	"hasPmufwMakeHasChanges":	"false",
	"fsblExtraCompilerFlags":	"-MMD -MP       -mcpu=cortex-a9 -mfpu=vfpv3 -mfloat-abi=hard ",
	"platPreBuiltFlag":	false,
	"platformSamplesDir":	"",
	"platActiveSys":	"2_core",
	"systems":	[{
			"systemName":	"2_core",
			"systemDesc":	"2_core",
			"sysIsBootAutoGen":	"true",
			"systemDispName":	"2_core",
			"sysActiveDom":	"graphics_core",
			"sysDefaultDom":	"graphics_core",
			"domains":	[{
					"domainName":	"zynq_fsbl",
					"domainDispName":	"zynq_fsbl",
					"domainDesc":	"FSBL Application BSP - Auto Generated.",
					"processors":	"ps7_cortexa9_0",
					"os":	"standalone",
					"sdxOs":	"standalone",
					"debugEnable":	"",
					"domRuntimes":	["cpp"],
					"swRepo":	"",
					"mssOsVer":	"7.2",
					"mssFile":	"",
					"md5Digest":	"22a6aa47fd12e4eea21ee9dba4d7fcad",
					"compatibleApp":	"zynq_fsbl",
					"domType":	"bootDomain",
					"appSettings":	{
						"appCompilerFlags":	"",
						"appLinkerFlags":	""
					},
					"addedLibs":	["xilffs:4.3", "xilrsa:1.6"],
					"libOptions":	{
						"libsContainingOptions":	[]
					},
					"prebuiltLibs":	{
						"prebuiltIncPath":	[],
						"prebuiltLibPath":	[]
					},
					"isolation":	{
					}
				}, {
					"domainName":	"standalone_domain",
					"domainDispName":	"standalone on ps7_cortexa9_1",
					"domainDesc":	"standalone_domain",
					"processors":	"ps7_cortexa9_1",
					"os":	"standalone",
					"sdxOs":	"standalone",
					"qemuArgs":	"D:/Xilinx/Vitis/2020.1/data/emulation/platforms/zynq/qemu/qemu_args.txt",
					"qemuData":	"D:/Xilinx/Vitis/2020.1/data/emulation/platforms/zynq/qemu/",
					"debugEnable":	"False",
					"domRuntimes":	["cpp"],
					"swRepo":	"",
					"mssOsVer":	"7.2",
					"mssFile":	"",
					"md5Digest":	"eeda6af4935d7e423fd8b46083f15ce2",
					"compatibleApp":	"",
					"domType":	"mssDomain",
					"appSettings":	{
						"appCompilerFlags":	"",
						"appLinkerFlags":	""
					},
					"addedLibs":	[],
					"libOptions":	{
						"libsContainingOptions":	[]
					},
					"prebuiltLibs":	{
						"prebuiltIncPath":	[],
						"prebuiltLibPath":	[]
					},
					"isolation":	{
					}
				}, {
					"domainName":	"graphics_core",
					"domainDispName":	"graphics_core",
					"domainDesc":	"",
					"processors":	"ps7_cortexa9_0",
					"os":	"standalone",
					"sdxOs":	"standalone",
					"qemuArgs":	"D:/Xilinx/Vitis/2020.1/data/emulation/platforms/zynq/qemu/qemu_args.txt",
					"qemuData":	"D:/Xilinx/Vitis/2020.1/data/emulation/platforms/zynq/qemu/",
					"debugEnable":	"False",
					"domRuntimes":	["cpp"],
					"swRepo":	"",
					"mssOsVer":	"7.2",
					"mssFile":	"",
					"md5Digest":	"3bd73008cc19367a3826b43ea626ca85",
					"compatibleApp":	"",
					"domType":	"mssDomain",
					"arch":	"32-bit",
					"appSettings":	{
						"appCompilerFlags":	"",
						"appLinkerFlags":	""
					},
					"addedLibs":	[],
					"libOptions":	{
						"libsContainingOptions":	[]
					},
					"prebuiltLibs":	{
						"prebuiltIncPath":	[],
						"prebuiltLibPath":	[]
					},
					"isolation":	{
					}
				}]
		}]
}
TRACE::2025-06-25.16:11:28::SCWPlatform::Trying to open the hw design at D:/proyectosep2/IEE2463-SEP-Proyecto-2-Z8/2_core/vitis/2_core/hw/DEMO_wrapper.xsa
TRACE::2025-06-25.16:11:28::SCWPlatform::DSA given D:/proyectosep2/IEE2463-SEP-Proyecto-2-Z8/2_core/vitis/2_core/hw/DEMO_wrapper.xsa
TRACE::2025-06-25.16:11:28::SCWPlatform::DSA absoulate path D:/proyectosep2/IEE2463-SEP-Proyecto-2-Z8/2_core/vitis/2_core/hw/DEMO_wrapper.xsa
TRACE::2025-06-25.16:11:28::SCWPlatform::DSA directory D:/proyectosep2/IEE2463-SEP-Proyecto-2-Z8/2_core/vitis/2_core/hw
TRACE::2025-06-25.16:11:28::SCWPlatform:: Platform Path D:/proyectosep2/IEE2463-SEP-Proyecto-2-Z8/2_core/vitis/2_core/hw/DEMO_wrapper.xsa
TRACE::2025-06-25.16:11:28::SCWPlatform:: Unique name xilinx:zybo-z7-10::0.0
TRACE::2025-06-25.16:11:28::SCWPlatform::Trying to set the existing hwdb with name DEMO_wrapper_1
TRACE::2025-06-25.16:11:28::SCWPlatform::Opened existing hwdb DEMO_wrapper_1
TRACE::2025-06-25.16:11:28::SCWPlatform::Found the Hw Db part of the input DSA
TRACE::2025-06-25.16:11:28::SCWMssOS::Checking the sw design at  D:/proyectosep2/IEE2463-SEP-Proyecto-2-Z8/2_core/vitis/2_core/ps7_cortexa9_1/standalone_domain/bsp/system.mss
TRACE::2025-06-25.16:11:28::SCWMssOS::DEBUG:  swdes dump  D:/proyectosep2/IEE2463-SEP-Proyecto-2-Z8/2_core/vitis/2_core/ps7_cortexa9_0/graphics_core/bsp/system.mss|system_1||
D:/proyectosep2/IEE2463-SEP-Proyecto-2-Z8/2_core/vitis/2_core/ps7_cortexa9_1/standalone_domain/bsp/system.mss|system_0||
D:/proyectosep2/IEE2463-SEP-Proyecto-2-Z8/2_core/vitis/2_core/zynq_fsbl/zynq_fsbl_bsp/system.mss|system||

TRACE::2025-06-25.16:11:28::SCWMssOS::Sw design exists and opened at  D:/proyectosep2/IEE2463-SEP-Proyecto-2-Z8/2_core/vitis/2_core/ps7_cortexa9_1/standalone_domain/bsp/system.mss
TRACE::2025-06-25.16:11:28::SCWPlatform::Trying to open the hw design at D:/proyectosep2/IEE2463-SEP-Proyecto-2-Z8/2_core/vitis/2_core/hw/DEMO_wrapper.xsa
TRACE::2025-06-25.16:11:28::SCWPlatform::DSA given D:/proyectosep2/IEE2463-SEP-Proyecto-2-Z8/2_core/vitis/2_core/hw/DEMO_wrapper.xsa
TRACE::2025-06-25.16:11:28::SCWPlatform::DSA absoulate path D:/proyectosep2/IEE2463-SEP-Proyecto-2-Z8/2_core/vitis/2_core/hw/DEMO_wrapper.xsa
TRACE::2025-06-25.16:11:28::SCWPlatform::DSA directory D:/proyectosep2/IEE2463-SEP-Proyecto-2-Z8/2_core/vitis/2_core/hw
TRACE::2025-06-25.16:11:28::SCWPlatform:: Platform Path D:/proyectosep2/IEE2463-SEP-Proyecto-2-Z8/2_core/vitis/2_core/hw/DEMO_wrapper.xsa
TRACE::2025-06-25.16:11:28::SCWPlatform:: Unique name xilinx:zybo-z7-10::0.0
TRACE::2025-06-25.16:11:28::SCWPlatform::Trying to set the existing hwdb with name DEMO_wrapper_1
TRACE::2025-06-25.16:11:28::SCWPlatform::Opened existing hwdb DEMO_wrapper_1
TRACE::2025-06-25.16:11:28::SCWPlatform::Found the Hw Db part of the input DSA
TRACE::2025-06-25.16:11:28::SCWMssOS::Checking the sw design at  D:/proyectosep2/IEE2463-SEP-Proyecto-2-Z8/2_core/vitis/2_core/ps7_cortexa9_0/graphics_core/bsp/system.mss
TRACE::2025-06-25.16:11:28::SCWMssOS::DEBUG:  swdes dump  D:/proyectosep2/IEE2463-SEP-Proyecto-2-Z8/2_core/vitis/2_core/ps7_cortexa9_0/graphics_core/bsp/system.mss|system_1||
D:/proyectosep2/IEE2463-SEP-Proyecto-2-Z8/2_core/vitis/2_core/ps7_cortexa9_1/standalone_domain/bsp/system.mss|system_0||
D:/proyectosep2/IEE2463-SEP-Proyecto-2-Z8/2_core/vitis/2_core/zynq_fsbl/zynq_fsbl_bsp/system.mss|system||

TRACE::2025-06-25.16:11:28::SCWMssOS::Sw design exists and opened at  D:/proyectosep2/IEE2463-SEP-Proyecto-2-Z8/2_core/vitis/2_core/ps7_cortexa9_0/graphics_core/bsp/system.mss
TRACE::2025-06-25.16:11:28::SCWPlatform::Trying to open the hw design at D:/proyectosep2/IEE2463-SEP-Proyecto-2-Z8/2_core/vitis/2_core/hw/DEMO_wrapper.xsa
TRACE::2025-06-25.16:11:28::SCWPlatform::DSA given D:/proyectosep2/IEE2463-SEP-Proyecto-2-Z8/2_core/vitis/2_core/hw/DEMO_wrapper.xsa
TRACE::2025-06-25.16:11:28::SCWPlatform::DSA absoulate path D:/proyectosep2/IEE2463-SEP-Proyecto-2-Z8/2_core/vitis/2_core/hw/DEMO_wrapper.xsa
TRACE::2025-06-25.16:11:28::SCWPlatform::DSA directory D:/proyectosep2/IEE2463-SEP-Proyecto-2-Z8/2_core/vitis/2_core/hw
TRACE::2025-06-25.16:11:28::SCWPlatform:: Platform Path D:/proyectosep2/IEE2463-SEP-Proyecto-2-Z8/2_core/vitis/2_core/hw/DEMO_wrapper.xsa
TRACE::2025-06-25.16:11:28::SCWPlatform:: Unique name xilinx:zybo-z7-10::0.0
TRACE::2025-06-25.16:11:28::SCWPlatform::Trying to set the existing hwdb with name DEMO_wrapper_1
TRACE::2025-06-25.16:11:28::SCWPlatform::Opened existing hwdb DEMO_wrapper_1
TRACE::2025-06-25.16:11:28::SCWPlatform::Found the Hw Db part of the input DSA
TRACE::2025-06-25.16:11:28::SCWMssOS::Checking the sw design at  D:/proyectosep2/IEE2463-SEP-Proyecto-2-Z8/2_core/vitis/2_core/ps7_cortexa9_0/graphics_core/bsp/system.mss
TRACE::2025-06-25.16:11:28::SCWMssOS::DEBUG:  swdes dump  D:/proyectosep2/IEE2463-SEP-Proyecto-2-Z8/2_core/vitis/2_core/ps7_cortexa9_0/graphics_core/bsp/system.mss|system_1||
D:/proyectosep2/IEE2463-SEP-Proyecto-2-Z8/2_core/vitis/2_core/ps7_cortexa9_1/standalone_domain/bsp/system.mss|system_0||
D:/proyectosep2/IEE2463-SEP-Proyecto-2-Z8/2_core/vitis/2_core/zynq_fsbl/zynq_fsbl_bsp/system.mss|system||

TRACE::2025-06-25.16:11:28::SCWMssOS::Sw design exists and opened at  D:/proyectosep2/IEE2463-SEP-Proyecto-2-Z8/2_core/vitis/2_core/ps7_cortexa9_0/graphics_core/bsp/system.mss
TRACE::2025-06-25.16:11:28::SCWMssOS::Saving the mss changes D:/proyectosep2/IEE2463-SEP-Proyecto-2-Z8/2_core/vitis/2_core/zynq_fsbl/zynq_fsbl_bsp/system.mss
TRACE::2025-06-25.16:11:28::SCWMssOS::Found a swdesign opened with the mssfile.
TRACE::2025-06-25.16:11:28::SCWMssOS::Completed writemss as part of save.
TRACE::2025-06-25.16:11:28::SCWMssOS::Commit changes completed.
TRACE::2025-06-25.16:11:28::SCWMssOS::Saving the mss changes D:/proyectosep2/IEE2463-SEP-Proyecto-2-Z8/2_core/vitis/2_core/ps7_cortexa9_1/standalone_domain/bsp/system.mss
TRACE::2025-06-25.16:11:28::SCWMssOS::Found a swdesign opened with the mssfile.
TRACE::2025-06-25.16:11:28::SCWMssOS::Completed writemss as part of save.
TRACE::2025-06-25.16:11:28::SCWMssOS::Commit changes completed.
TRACE::2025-06-25.16:11:28::SCWMssOS::Saving the mss changes D:/proyectosep2/IEE2463-SEP-Proyecto-2-Z8/2_core/vitis/2_core/ps7_cortexa9_0/graphics_core/bsp/system.mss
TRACE::2025-06-25.16:11:28::SCWMssOS::Found a swdesign opened with the mssfile.
TRACE::2025-06-25.16:11:28::SCWMssOS::Completed writemss as part of save.
TRACE::2025-06-25.16:11:28::SCWMssOS::Commit changes completed.
TRACE::2025-06-25.16:11:28::SCWPlatform::Trying to open the hw design at D:/proyectosep2/IEE2463-SEP-Proyecto-2-Z8/2_core/vitis/2_core/hw/DEMO_wrapper.xsa
TRACE::2025-06-25.16:11:28::SCWPlatform::DSA given D:/proyectosep2/IEE2463-SEP-Proyecto-2-Z8/2_core/vitis/2_core/hw/DEMO_wrapper.xsa
TRACE::2025-06-25.16:11:28::SCWPlatform::DSA absoulate path D:/proyectosep2/IEE2463-SEP-Proyecto-2-Z8/2_core/vitis/2_core/hw/DEMO_wrapper.xsa
TRACE::2025-06-25.16:11:28::SCWPlatform::DSA directory D:/proyectosep2/IEE2463-SEP-Proyecto-2-Z8/2_core/vitis/2_core/hw
TRACE::2025-06-25.16:11:28::SCWPlatform:: Platform Path D:/proyectosep2/IEE2463-SEP-Proyecto-2-Z8/2_core/vitis/2_core/hw/DEMO_wrapper.xsa
TRACE::2025-06-25.16:11:28::SCWPlatform:: Unique name xilinx:zybo-z7-10::0.0
TRACE::2025-06-25.16:11:28::SCWPlatform::Trying to set the existing hwdb with name DEMO_wrapper_1
TRACE::2025-06-25.16:11:28::SCWPlatform::Opened existing hwdb DEMO_wrapper_1
TRACE::2025-06-25.16:11:28::SCWPlatform::Found the Hw Db part of the input DSA
TRACE::2025-06-25.16:11:28::SCWMssOS::Checking the sw design at  D:/proyectosep2/IEE2463-SEP-Proyecto-2-Z8/2_core/vitis/2_core/zynq_fsbl/zynq_fsbl_bsp/system.mss
TRACE::2025-06-25.16:11:28::SCWMssOS::DEBUG:  swdes dump  D:/proyectosep2/IEE2463-SEP-Proyecto-2-Z8/2_core/vitis/2_core/ps7_cortexa9_0/graphics_core/bsp/system.mss|system_1||
D:/proyectosep2/IEE2463-SEP-Proyecto-2-Z8/2_core/vitis/2_core/ps7_cortexa9_1/standalone_domain/bsp/system.mss|system_0||
D:/proyectosep2/IEE2463-SEP-Proyecto-2-Z8/2_core/vitis/2_core/zynq_fsbl/zynq_fsbl_bsp/system.mss|system||

TRACE::2025-06-25.16:11:28::SCWMssOS::Sw design exists and opened at  D:/proyectosep2/IEE2463-SEP-Proyecto-2-Z8/2_core/vitis/2_core/zynq_fsbl/zynq_fsbl_bsp/system.mss
TRACE::2025-06-25.16:11:28::SCWPlatform::Trying to open the hw design at D:/proyectosep2/IEE2463-SEP-Proyecto-2-Z8/2_core/vitis/2_core/hw/DEMO_wrapper.xsa
TRACE::2025-06-25.16:11:28::SCWPlatform::DSA given D:/proyectosep2/IEE2463-SEP-Proyecto-2-Z8/2_core/vitis/2_core/hw/DEMO_wrapper.xsa
TRACE::2025-06-25.16:11:28::SCWPlatform::DSA absoulate path D:/proyectosep2/IEE2463-SEP-Proyecto-2-Z8/2_core/vitis/2_core/hw/DEMO_wrapper.xsa
TRACE::2025-06-25.16:11:28::SCWPlatform::DSA directory D:/proyectosep2/IEE2463-SEP-Proyecto-2-Z8/2_core/vitis/2_core/hw
TRACE::2025-06-25.16:11:28::SCWPlatform:: Platform Path D:/proyectosep2/IEE2463-SEP-Proyecto-2-Z8/2_core/vitis/2_core/hw/DEMO_wrapper.xsa
TRACE::2025-06-25.16:11:28::SCWPlatform:: Unique name xilinx:zybo-z7-10::0.0
TRACE::2025-06-25.16:11:28::SCWPlatform::Trying to set the existing hwdb with name DEMO_wrapper_1
TRACE::2025-06-25.16:11:28::SCWPlatform::Opened existing hwdb DEMO_wrapper_1
TRACE::2025-06-25.16:11:28::SCWPlatform::Found the Hw Db part of the input DSA
TRACE::2025-06-25.16:11:28::SCWMssOS::Checking the sw design at  D:/proyectosep2/IEE2463-SEP-Proyecto-2-Z8/2_core/vitis/2_core/ps7_cortexa9_1/standalone_domain/bsp/system.mss
TRACE::2025-06-25.16:11:28::SCWMssOS::DEBUG:  swdes dump  D:/proyectosep2/IEE2463-SEP-Proyecto-2-Z8/2_core/vitis/2_core/ps7_cortexa9_0/graphics_core/bsp/system.mss|system_1||
D:/proyectosep2/IEE2463-SEP-Proyecto-2-Z8/2_core/vitis/2_core/ps7_cortexa9_1/standalone_domain/bsp/system.mss|system_0||
D:/proyectosep2/IEE2463-SEP-Proyecto-2-Z8/2_core/vitis/2_core/zynq_fsbl/zynq_fsbl_bsp/system.mss|system||

TRACE::2025-06-25.16:11:28::SCWMssOS::Sw design exists and opened at  D:/proyectosep2/IEE2463-SEP-Proyecto-2-Z8/2_core/vitis/2_core/ps7_cortexa9_1/standalone_domain/bsp/system.mss
TRACE::2025-06-25.16:11:28::SCWPlatform::Trying to open the hw design at D:/proyectosep2/IEE2463-SEP-Proyecto-2-Z8/2_core/vitis/2_core/hw/DEMO_wrapper.xsa
TRACE::2025-06-25.16:11:28::SCWPlatform::DSA given D:/proyectosep2/IEE2463-SEP-Proyecto-2-Z8/2_core/vitis/2_core/hw/DEMO_wrapper.xsa
TRACE::2025-06-25.16:11:28::SCWPlatform::DSA absoulate path D:/proyectosep2/IEE2463-SEP-Proyecto-2-Z8/2_core/vitis/2_core/hw/DEMO_wrapper.xsa
TRACE::2025-06-25.16:11:28::SCWPlatform::DSA directory D:/proyectosep2/IEE2463-SEP-Proyecto-2-Z8/2_core/vitis/2_core/hw
TRACE::2025-06-25.16:11:28::SCWPlatform:: Platform Path D:/proyectosep2/IEE2463-SEP-Proyecto-2-Z8/2_core/vitis/2_core/hw/DEMO_wrapper.xsa
TRACE::2025-06-25.16:11:28::SCWPlatform:: Unique name xilinx:zybo-z7-10::0.0
TRACE::2025-06-25.16:11:28::SCWPlatform::Trying to set the existing hwdb with name DEMO_wrapper_1
TRACE::2025-06-25.16:11:28::SCWPlatform::Opened existing hwdb DEMO_wrapper_1
TRACE::2025-06-25.16:11:28::SCWPlatform::Found the Hw Db part of the input DSA
TRACE::2025-06-25.16:11:28::SCWMssOS::Checking the sw design at  D:/proyectosep2/IEE2463-SEP-Proyecto-2-Z8/2_core/vitis/2_core/ps7_cortexa9_0/graphics_core/bsp/system.mss
TRACE::2025-06-25.16:11:28::SCWMssOS::DEBUG:  swdes dump  D:/proyectosep2/IEE2463-SEP-Proyecto-2-Z8/2_core/vitis/2_core/ps7_cortexa9_0/graphics_core/bsp/system.mss|system_1||
D:/proyectosep2/IEE2463-SEP-Proyecto-2-Z8/2_core/vitis/2_core/ps7_cortexa9_1/standalone_domain/bsp/system.mss|system_0||
D:/proyectosep2/IEE2463-SEP-Proyecto-2-Z8/2_core/vitis/2_core/zynq_fsbl/zynq_fsbl_bsp/system.mss|system||

TRACE::2025-06-25.16:11:28::SCWMssOS::Sw design exists and opened at  D:/proyectosep2/IEE2463-SEP-Proyecto-2-Z8/2_core/vitis/2_core/ps7_cortexa9_0/graphics_core/bsp/system.mss
TRACE::2025-06-25.16:11:28::SCWPlatform::Trying to open the hw design at D:/proyectosep2/IEE2463-SEP-Proyecto-2-Z8/2_core/vitis/2_core/hw/DEMO_wrapper.xsa
TRACE::2025-06-25.16:11:28::SCWPlatform::DSA given D:/proyectosep2/IEE2463-SEP-Proyecto-2-Z8/2_core/vitis/2_core/hw/DEMO_wrapper.xsa
TRACE::2025-06-25.16:11:28::SCWPlatform::DSA absoulate path D:/proyectosep2/IEE2463-SEP-Proyecto-2-Z8/2_core/vitis/2_core/hw/DEMO_wrapper.xsa
TRACE::2025-06-25.16:11:28::SCWPlatform::DSA directory D:/proyectosep2/IEE2463-SEP-Proyecto-2-Z8/2_core/vitis/2_core/hw
TRACE::2025-06-25.16:11:28::SCWPlatform:: Platform Path D:/proyectosep2/IEE2463-SEP-Proyecto-2-Z8/2_core/vitis/2_core/hw/DEMO_wrapper.xsa
TRACE::2025-06-25.16:11:28::SCWPlatform:: Unique name xilinx:zybo-z7-10::0.0
TRACE::2025-06-25.16:11:28::SCWPlatform::Trying to set the existing hwdb with name DEMO_wrapper_1
TRACE::2025-06-25.16:11:28::SCWPlatform::Opened existing hwdb DEMO_wrapper_1
TRACE::2025-06-25.16:11:28::SCWPlatform::Found the Hw Db part of the input DSA
TRACE::2025-06-25.16:11:28::SCWMssOS::Checking the sw design at  D:/proyectosep2/IEE2463-SEP-Proyecto-2-Z8/2_core/vitis/2_core/ps7_cortexa9_0/graphics_core/bsp/system.mss
TRACE::2025-06-25.16:11:28::SCWMssOS::DEBUG:  swdes dump  D:/proyectosep2/IEE2463-SEP-Proyecto-2-Z8/2_core/vitis/2_core/ps7_cortexa9_0/graphics_core/bsp/system.mss|system_1||
D:/proyectosep2/IEE2463-SEP-Proyecto-2-Z8/2_core/vitis/2_core/ps7_cortexa9_1/standalone_domain/bsp/system.mss|system_0||
D:/proyectosep2/IEE2463-SEP-Proyecto-2-Z8/2_core/vitis/2_core/zynq_fsbl/zynq_fsbl_bsp/system.mss|system||

TRACE::2025-06-25.16:11:28::SCWMssOS::Sw design exists and opened at  D:/proyectosep2/IEE2463-SEP-Proyecto-2-Z8/2_core/vitis/2_core/ps7_cortexa9_0/graphics_core/bsp/system.mss
TRACE::2025-06-25.16:11:28::SCWPlatform::Trying to open the hw design at D:/proyectosep2/IEE2463-SEP-Proyecto-2-Z8/2_core/vitis/2_core/hw/DEMO_wrapper.xsa
TRACE::2025-06-25.16:11:28::SCWPlatform::DSA given D:/proyectosep2/IEE2463-SEP-Proyecto-2-Z8/2_core/vitis/2_core/hw/DEMO_wrapper.xsa
TRACE::2025-06-25.16:11:28::SCWPlatform::DSA absoulate path D:/proyectosep2/IEE2463-SEP-Proyecto-2-Z8/2_core/vitis/2_core/hw/DEMO_wrapper.xsa
TRACE::2025-06-25.16:11:28::SCWPlatform::DSA directory D:/proyectosep2/IEE2463-SEP-Proyecto-2-Z8/2_core/vitis/2_core/hw
TRACE::2025-06-25.16:11:28::SCWPlatform:: Platform Path D:/proyectosep2/IEE2463-SEP-Proyecto-2-Z8/2_core/vitis/2_core/hw/DEMO_wrapper.xsa
TRACE::2025-06-25.16:11:28::SCWPlatform:: Unique name xilinx:zybo-z7-10::0.0
TRACE::2025-06-25.16:11:28::SCWPlatform::Trying to set the existing hwdb with name DEMO_wrapper_1
TRACE::2025-06-25.16:11:28::SCWPlatform::Opened existing hwdb DEMO_wrapper_1
TRACE::2025-06-25.16:11:28::SCWPlatform::Found the Hw Db part of the input DSA
TRACE::2025-06-25.16:11:28::SCWMssOS::Checking the sw design at  D:/proyectosep2/IEE2463-SEP-Proyecto-2-Z8/2_core/vitis/2_core/ps7_cortexa9_0/graphics_core/bsp/system.mss
TRACE::2025-06-25.16:11:28::SCWMssOS::DEBUG:  swdes dump  D:/proyectosep2/IEE2463-SEP-Proyecto-2-Z8/2_core/vitis/2_core/ps7_cortexa9_0/graphics_core/bsp/system.mss|system_1||
D:/proyectosep2/IEE2463-SEP-Proyecto-2-Z8/2_core/vitis/2_core/ps7_cortexa9_1/standalone_domain/bsp/system.mss|system_0||
D:/proyectosep2/IEE2463-SEP-Proyecto-2-Z8/2_core/vitis/2_core/zynq_fsbl/zynq_fsbl_bsp/system.mss|system||

TRACE::2025-06-25.16:11:28::SCWMssOS::Sw design exists and opened at  D:/proyectosep2/IEE2463-SEP-Proyecto-2-Z8/2_core/vitis/2_core/ps7_cortexa9_0/graphics_core/bsp/system.mss
TRACE::2025-06-25.16:11:28::SCWWriter::formatted JSON is {
	"platformName":	"2_core",
	"sprVersion":	"2.0",
	"mode":	"gui",
	"dsaType":	"Fixed",
	"platformDesc":	"2_core",
	"platHandOff":	"D:/proyectosep2/IEE2463-SEP-Proyecto-2-Z8/full_hardware/vivado/DEMO_wrapper.xsa",
	"platIntHandOff":	"<platformDir>/hw/DEMO_wrapper.xsa",
	"deviceType":	"zynq",
	"platIsPrebuiltAutogen":	"false",
	"platIsNoBootBsp":	"false",
	"hasFsblMakeHasChanges":	"false",
	"hasPmufwMakeHasChanges":	"false",
	"fsblExtraCompilerFlags":	"-MMD -MP       -mcpu=cortex-a9 -mfpu=vfpv3 -mfloat-abi=hard ",
	"platPreBuiltFlag":	false,
	"platformSamplesDir":	"",
	"platActiveSys":	"2_core",
	"systems":	[{
			"systemName":	"2_core",
			"systemDesc":	"2_core",
			"sysIsBootAutoGen":	"true",
			"systemDispName":	"2_core",
			"sysActiveDom":	"graphics_core",
			"sysDefaultDom":	"graphics_core",
			"domains":	[{
					"domainName":	"zynq_fsbl",
					"domainDispName":	"zynq_fsbl",
					"domainDesc":	"FSBL Application BSP - Auto Generated.",
					"processors":	"ps7_cortexa9_0",
					"os":	"standalone",
					"sdxOs":	"standalone",
					"debugEnable":	"",
					"domRuntimes":	["cpp"],
					"swRepo":	"",
					"mssOsVer":	"7.2",
					"mssFile":	"",
					"md5Digest":	"22a6aa47fd12e4eea21ee9dba4d7fcad",
					"compatibleApp":	"zynq_fsbl",
					"domType":	"bootDomain",
					"appSettings":	{
						"appCompilerFlags":	"",
						"appLinkerFlags":	""
					},
					"addedLibs":	["xilffs:4.3", "xilrsa:1.6"],
					"libOptions":	{
						"libsContainingOptions":	[]
					},
					"prebuiltLibs":	{
						"prebuiltIncPath":	[],
						"prebuiltLibPath":	[]
					},
					"isolation":	{
					}
				}, {
					"domainName":	"standalone_domain",
					"domainDispName":	"standalone on ps7_cortexa9_1",
					"domainDesc":	"standalone_domain",
					"processors":	"ps7_cortexa9_1",
					"os":	"standalone",
					"sdxOs":	"standalone",
					"qemuArgs":	"D:/Xilinx/Vitis/2020.1/data/emulation/platforms/zynq/qemu/qemu_args.txt",
					"qemuData":	"D:/Xilinx/Vitis/2020.1/data/emulation/platforms/zynq/qemu/",
					"debugEnable":	"False",
					"domRuntimes":	["cpp"],
					"swRepo":	"",
					"mssOsVer":	"7.2",
					"mssFile":	"",
					"md5Digest":	"eeda6af4935d7e423fd8b46083f15ce2",
					"compatibleApp":	"",
					"domType":	"mssDomain",
					"appSettings":	{
						"appCompilerFlags":	"",
						"appLinkerFlags":	""
					},
					"addedLibs":	[],
					"libOptions":	{
						"libsContainingOptions":	[]
					},
					"prebuiltLibs":	{
						"prebuiltIncPath":	[],
						"prebuiltLibPath":	[]
					},
					"isolation":	{
					}
				}, {
					"domainName":	"graphics_core",
					"domainDispName":	"graphics_core",
					"domainDesc":	"",
					"processors":	"ps7_cortexa9_0",
					"os":	"standalone",
					"sdxOs":	"standalone",
					"qemuArgs":	"D:/Xilinx/Vitis/2020.1/data/emulation/platforms/zynq/qemu/qemu_args.txt",
					"qemuData":	"D:/Xilinx/Vitis/2020.1/data/emulation/platforms/zynq/qemu/",
					"debugEnable":	"False",
					"domRuntimes":	["cpp"],
					"swRepo":	"",
					"mssOsVer":	"7.2",
					"mssFile":	"",
					"md5Digest":	"3bd73008cc19367a3826b43ea626ca85",
					"compatibleApp":	"",
					"domType":	"mssDomain",
					"arch":	"32-bit",
					"appSettings":	{
						"appCompilerFlags":	"",
						"appLinkerFlags":	""
					},
					"addedLibs":	[],
					"libOptions":	{
						"libsContainingOptions":	[]
					},
					"prebuiltLibs":	{
						"prebuiltIncPath":	[],
						"prebuiltLibPath":	[]
					},
					"isolation":	{
					}
				}]
		}]
}
TRACE::2025-06-25.16:11:28::SCWPlatform::Trying to open the hw design at D:/proyectosep2/IEE2463-SEP-Proyecto-2-Z8/2_core/vitis/2_core/hw/DEMO_wrapper.xsa
TRACE::2025-06-25.16:11:28::SCWPlatform::DSA given D:/proyectosep2/IEE2463-SEP-Proyecto-2-Z8/2_core/vitis/2_core/hw/DEMO_wrapper.xsa
TRACE::2025-06-25.16:11:28::SCWPlatform::DSA absoulate path D:/proyectosep2/IEE2463-SEP-Proyecto-2-Z8/2_core/vitis/2_core/hw/DEMO_wrapper.xsa
TRACE::2025-06-25.16:11:28::SCWPlatform::DSA directory D:/proyectosep2/IEE2463-SEP-Proyecto-2-Z8/2_core/vitis/2_core/hw
TRACE::2025-06-25.16:11:28::SCWPlatform:: Platform Path D:/proyectosep2/IEE2463-SEP-Proyecto-2-Z8/2_core/vitis/2_core/hw/DEMO_wrapper.xsa
TRACE::2025-06-25.16:11:28::SCWPlatform:: Unique name xilinx:zybo-z7-10::0.0
TRACE::2025-06-25.16:11:28::SCWPlatform::Trying to set the existing hwdb with name DEMO_wrapper_1
TRACE::2025-06-25.16:11:28::SCWPlatform::Opened existing hwdb DEMO_wrapper_1
TRACE::2025-06-25.16:11:28::SCWPlatform::Found the Hw Db part of the input DSA
TRACE::2025-06-25.16:11:28::SCWMssOS::Checking the sw design at  D:/proyectosep2/IEE2463-SEP-Proyecto-2-Z8/2_core/vitis/2_core/ps7_cortexa9_0/graphics_core/bsp/system.mss
TRACE::2025-06-25.16:11:28::SCWMssOS::DEBUG:  swdes dump  D:/proyectosep2/IEE2463-SEP-Proyecto-2-Z8/2_core/vitis/2_core/ps7_cortexa9_0/graphics_core/bsp/system.mss|system_1||
D:/proyectosep2/IEE2463-SEP-Proyecto-2-Z8/2_core/vitis/2_core/ps7_cortexa9_1/standalone_domain/bsp/system.mss|system_0||
D:/proyectosep2/IEE2463-SEP-Proyecto-2-Z8/2_core/vitis/2_core/zynq_fsbl/zynq_fsbl_bsp/system.mss|system||

TRACE::2025-06-25.16:11:28::SCWMssOS::Sw design exists and opened at  D:/proyectosep2/IEE2463-SEP-Proyecto-2-Z8/2_core/vitis/2_core/ps7_cortexa9_0/graphics_core/bsp/system.mss
TRACE::2025-06-25.16:11:29::SCWPlatform::Trying to open the hw design at D:/proyectosep2/IEE2463-SEP-Proyecto-2-Z8/2_core/vitis/2_core/hw/DEMO_wrapper.xsa
TRACE::2025-06-25.16:11:29::SCWPlatform::DSA given D:/proyectosep2/IEE2463-SEP-Proyecto-2-Z8/2_core/vitis/2_core/hw/DEMO_wrapper.xsa
TRACE::2025-06-25.16:11:29::SCWPlatform::DSA absoulate path D:/proyectosep2/IEE2463-SEP-Proyecto-2-Z8/2_core/vitis/2_core/hw/DEMO_wrapper.xsa
TRACE::2025-06-25.16:11:29::SCWPlatform::DSA directory D:/proyectosep2/IEE2463-SEP-Proyecto-2-Z8/2_core/vitis/2_core/hw
TRACE::2025-06-25.16:11:29::SCWPlatform:: Platform Path D:/proyectosep2/IEE2463-SEP-Proyecto-2-Z8/2_core/vitis/2_core/hw/DEMO_wrapper.xsa
TRACE::2025-06-25.16:11:29::SCWPlatform:: Unique name xilinx:zybo-z7-10::0.0
TRACE::2025-06-25.16:11:29::SCWPlatform::Trying to set the existing hwdb with name DEMO_wrapper_1
TRACE::2025-06-25.16:11:29::SCWPlatform::Opened existing hwdb DEMO_wrapper_1
TRACE::2025-06-25.16:11:29::SCWPlatform::Found the Hw Db part of the input DSA
TRACE::2025-06-25.16:11:29::SCWMssOS::Checking the sw design at  D:/proyectosep2/IEE2463-SEP-Proyecto-2-Z8/2_core/vitis/2_core/ps7_cortexa9_0/graphics_core/bsp/system.mss
TRACE::2025-06-25.16:11:29::SCWMssOS::DEBUG:  swdes dump  D:/proyectosep2/IEE2463-SEP-Proyecto-2-Z8/2_core/vitis/2_core/ps7_cortexa9_0/graphics_core/bsp/system.mss|system_1||
D:/proyectosep2/IEE2463-SEP-Proyecto-2-Z8/2_core/vitis/2_core/ps7_cortexa9_1/standalone_domain/bsp/system.mss|system_0||
D:/proyectosep2/IEE2463-SEP-Proyecto-2-Z8/2_core/vitis/2_core/zynq_fsbl/zynq_fsbl_bsp/system.mss|system||

TRACE::2025-06-25.16:11:29::SCWMssOS::Sw design exists and opened at  D:/proyectosep2/IEE2463-SEP-Proyecto-2-Z8/2_core/vitis/2_core/ps7_cortexa9_0/graphics_core/bsp/system.mss
TRACE::2025-06-25.16:11:30::SCWMssOS::In reload Mss file.
TRACE::2025-06-25.16:11:30::SCWPlatform::Trying to open the hw design at D:/proyectosep2/IEE2463-SEP-Proyecto-2-Z8/2_core/vitis/2_core/hw/DEMO_wrapper.xsa
TRACE::2025-06-25.16:11:30::SCWPlatform::DSA given D:/proyectosep2/IEE2463-SEP-Proyecto-2-Z8/2_core/vitis/2_core/hw/DEMO_wrapper.xsa
TRACE::2025-06-25.16:11:30::SCWPlatform::DSA absoulate path D:/proyectosep2/IEE2463-SEP-Proyecto-2-Z8/2_core/vitis/2_core/hw/DEMO_wrapper.xsa
TRACE::2025-06-25.16:11:30::SCWPlatform::DSA directory D:/proyectosep2/IEE2463-SEP-Proyecto-2-Z8/2_core/vitis/2_core/hw
TRACE::2025-06-25.16:11:30::SCWPlatform:: Platform Path D:/proyectosep2/IEE2463-SEP-Proyecto-2-Z8/2_core/vitis/2_core/hw/DEMO_wrapper.xsa
TRACE::2025-06-25.16:11:30::SCWPlatform:: Unique name xilinx:zybo-z7-10::0.0
TRACE::2025-06-25.16:11:30::SCWPlatform::Trying to set the existing hwdb with name DEMO_wrapper_1
TRACE::2025-06-25.16:11:30::SCWPlatform::Opened existing hwdb DEMO_wrapper_1
TRACE::2025-06-25.16:11:30::SCWPlatform::Found the Hw Db part of the input DSA
TRACE::2025-06-25.16:11:30::SCWMssOS::Checking the sw design at  D:/proyectosep2/IEE2463-SEP-Proyecto-2-Z8/2_core/vitis/2_core/ps7_cortexa9_0/graphics_core/bsp/system.mss
TRACE::2025-06-25.16:11:30::SCWMssOS::DEBUG:  swdes dump  D:/proyectosep2/IEE2463-SEP-Proyecto-2-Z8/2_core/vitis/2_core/ps7_cortexa9_0/graphics_core/bsp/system.mss|system_1||
D:/proyectosep2/IEE2463-SEP-Proyecto-2-Z8/2_core/vitis/2_core/ps7_cortexa9_1/standalone_domain/bsp/system.mss|system_0||
D:/proyectosep2/IEE2463-SEP-Proyecto-2-Z8/2_core/vitis/2_core/zynq_fsbl/zynq_fsbl_bsp/system.mss|system||

KEYINFO::2025-06-25.16:11:30::SCWMssOS::Could not open the swdb for system_1
KEYINFO::2025-06-25.16:11:30::SCWMssOS::Could not open the sw design at  system_1
ERROR: [Hsi 55-1558] Software Design system_1 is not found

TRACE::2025-06-25.16:11:30::SCWMssOS::Cleared the swdb table entry
TRACE::2025-06-25.16:11:30::SCWMssOS::No sw design opened at  D:/proyectosep2/IEE2463-SEP-Proyecto-2-Z8/2_core/vitis/2_core/ps7_cortexa9_0/graphics_core/bsp/system.mss
TRACE::2025-06-25.16:11:30::SCWMssOS::mss exists loading the mss file  D:/proyectosep2/IEE2463-SEP-Proyecto-2-Z8/2_core/vitis/2_core/ps7_cortexa9_0/graphics_core/bsp/system.mss
TRACE::2025-06-25.16:11:30::SCWMssOS::Opened the sw design from mss  D:/proyectosep2/IEE2463-SEP-Proyecto-2-Z8/2_core/vitis/2_core/ps7_cortexa9_0/graphics_core/bsp/system.mss
TRACE::2025-06-25.16:11:30::SCWMssOS::Adding the swdes entry D:/proyectosep2/IEE2463-SEP-Proyecto-2-Z8/2_core/vitis/2_core/ps7_cortexa9_0/graphics_core/bsp/system.mss with des name system_1
TRACE::2025-06-25.16:11:30::SCWMssOS::updating the scw layer about changes
TRACE::2025-06-25.16:11:30::SCWMssOS::Opened the sw design.  D:/proyectosep2/IEE2463-SEP-Proyecto-2-Z8/2_core/vitis/2_core/ps7_cortexa9_0/graphics_core/bsp/system.mss
TRACE::2025-06-25.16:11:30::SCWMssOS::Saving the mss changes D:/proyectosep2/IEE2463-SEP-Proyecto-2-Z8/2_core/vitis/2_core/ps7_cortexa9_0/graphics_core/bsp/system.mss
TRACE::2025-06-25.16:11:30::SCWMssOS::Found a swdesign opened with the mssfile.
TRACE::2025-06-25.16:11:30::SCWMssOS::Completed writemss as part of save.
TRACE::2025-06-25.16:11:30::SCWMssOS::Commit changes completed.
TRACE::2025-06-25.16:11:30::SCWPlatform::Trying to open the hw design at D:/proyectosep2/IEE2463-SEP-Proyecto-2-Z8/2_core/vitis/2_core/hw/DEMO_wrapper.xsa
TRACE::2025-06-25.16:11:30::SCWPlatform::DSA given D:/proyectosep2/IEE2463-SEP-Proyecto-2-Z8/2_core/vitis/2_core/hw/DEMO_wrapper.xsa
TRACE::2025-06-25.16:11:30::SCWPlatform::DSA absoulate path D:/proyectosep2/IEE2463-SEP-Proyecto-2-Z8/2_core/vitis/2_core/hw/DEMO_wrapper.xsa
TRACE::2025-06-25.16:11:30::SCWPlatform::DSA directory D:/proyectosep2/IEE2463-SEP-Proyecto-2-Z8/2_core/vitis/2_core/hw
TRACE::2025-06-25.16:11:30::SCWPlatform:: Platform Path D:/proyectosep2/IEE2463-SEP-Proyecto-2-Z8/2_core/vitis/2_core/hw/DEMO_wrapper.xsa
TRACE::2025-06-25.16:11:30::SCWPlatform:: Unique name xilinx:zybo-z7-10::0.0
TRACE::2025-06-25.16:11:30::SCWPlatform::Trying to set the existing hwdb with name DEMO_wrapper_1
TRACE::2025-06-25.16:11:30::SCWPlatform::Opened existing hwdb DEMO_wrapper_1
TRACE::2025-06-25.16:11:30::SCWPlatform::Found the Hw Db part of the input DSA
TRACE::2025-06-25.16:11:30::SCWMssOS::Checking the sw design at  D:/proyectosep2/IEE2463-SEP-Proyecto-2-Z8/2_core/vitis/2_core/ps7_cortexa9_0/graphics_core/bsp/system.mss
TRACE::2025-06-25.16:11:30::SCWMssOS::DEBUG:  swdes dump  D:/proyectosep2/IEE2463-SEP-Proyecto-2-Z8/2_core/vitis/2_core/ps7_cortexa9_0/graphics_core/bsp/system.mss|system_1||
D:/proyectosep2/IEE2463-SEP-Proyecto-2-Z8/2_core/vitis/2_core/ps7_cortexa9_1/standalone_domain/bsp/system.mss|system_0||
D:/proyectosep2/IEE2463-SEP-Proyecto-2-Z8/2_core/vitis/2_core/zynq_fsbl/zynq_fsbl_bsp/system.mss|system||

TRACE::2025-06-25.16:11:30::SCWMssOS::Sw design exists and opened at  D:/proyectosep2/IEE2463-SEP-Proyecto-2-Z8/2_core/vitis/2_core/ps7_cortexa9_0/graphics_core/bsp/system.mss
TRACE::2025-06-25.16:11:30::SCWMssOS::Removing the swdes entry for  D:/proyectosep2/IEE2463-SEP-Proyecto-2-Z8/2_core/vitis/2_core/ps7_cortexa9_0/graphics_core/bsp/system.mss
TRACE::2025-06-25.16:11:30::SCWPlatform::Trying to open the hw design at D:/proyectosep2/IEE2463-SEP-Proyecto-2-Z8/2_core/vitis/2_core/hw/DEMO_wrapper.xsa
TRACE::2025-06-25.16:11:30::SCWPlatform::DSA given D:/proyectosep2/IEE2463-SEP-Proyecto-2-Z8/2_core/vitis/2_core/hw/DEMO_wrapper.xsa
TRACE::2025-06-25.16:11:30::SCWPlatform::DSA absoulate path D:/proyectosep2/IEE2463-SEP-Proyecto-2-Z8/2_core/vitis/2_core/hw/DEMO_wrapper.xsa
TRACE::2025-06-25.16:11:30::SCWPlatform::DSA directory D:/proyectosep2/IEE2463-SEP-Proyecto-2-Z8/2_core/vitis/2_core/hw
TRACE::2025-06-25.16:11:30::SCWPlatform:: Platform Path D:/proyectosep2/IEE2463-SEP-Proyecto-2-Z8/2_core/vitis/2_core/hw/DEMO_wrapper.xsa
TRACE::2025-06-25.16:11:30::SCWPlatform:: Unique name xilinx:zybo-z7-10::0.0
TRACE::2025-06-25.16:11:30::SCWPlatform::Trying to set the existing hwdb with name DEMO_wrapper_1
TRACE::2025-06-25.16:11:30::SCWPlatform::Opened existing hwdb DEMO_wrapper_1
TRACE::2025-06-25.16:11:30::SCWPlatform::Found the Hw Db part of the input DSA
TRACE::2025-06-25.16:11:30::SCWMssOS::Checking the sw design at  D:/proyectosep2/IEE2463-SEP-Proyecto-2-Z8/2_core/vitis/2_core/ps7_cortexa9_1/standalone_domain/bsp/system.mss
TRACE::2025-06-25.16:11:30::SCWMssOS::DEBUG:  swdes dump  D:/proyectosep2/IEE2463-SEP-Proyecto-2-Z8/2_core/vitis/2_core/ps7_cortexa9_1/standalone_domain/bsp/system.mss|system_0||
D:/proyectosep2/IEE2463-SEP-Proyecto-2-Z8/2_core/vitis/2_core/zynq_fsbl/zynq_fsbl_bsp/system.mss|system||

TRACE::2025-06-25.16:11:30::SCWMssOS::Sw design exists and opened at  D:/proyectosep2/IEE2463-SEP-Proyecto-2-Z8/2_core/vitis/2_core/ps7_cortexa9_1/standalone_domain/bsp/system.mss
TRACE::2025-06-25.16:11:31::SCWMssOS::In reload Mss file.
TRACE::2025-06-25.16:11:31::SCWPlatform::Trying to open the hw design at D:/proyectosep2/IEE2463-SEP-Proyecto-2-Z8/2_core/vitis/2_core/hw/DEMO_wrapper.xsa
TRACE::2025-06-25.16:11:31::SCWPlatform::DSA given D:/proyectosep2/IEE2463-SEP-Proyecto-2-Z8/2_core/vitis/2_core/hw/DEMO_wrapper.xsa
TRACE::2025-06-25.16:11:31::SCWPlatform::DSA absoulate path D:/proyectosep2/IEE2463-SEP-Proyecto-2-Z8/2_core/vitis/2_core/hw/DEMO_wrapper.xsa
TRACE::2025-06-25.16:11:31::SCWPlatform::DSA directory D:/proyectosep2/IEE2463-SEP-Proyecto-2-Z8/2_core/vitis/2_core/hw
TRACE::2025-06-25.16:11:31::SCWPlatform:: Platform Path D:/proyectosep2/IEE2463-SEP-Proyecto-2-Z8/2_core/vitis/2_core/hw/DEMO_wrapper.xsa
TRACE::2025-06-25.16:11:31::SCWPlatform:: Unique name xilinx:zybo-z7-10::0.0
TRACE::2025-06-25.16:11:31::SCWPlatform::Trying to set the existing hwdb with name DEMO_wrapper_1
TRACE::2025-06-25.16:11:31::SCWPlatform::Opened existing hwdb DEMO_wrapper_1
TRACE::2025-06-25.16:11:31::SCWPlatform::Found the Hw Db part of the input DSA
TRACE::2025-06-25.16:11:31::SCWMssOS::Checking the sw design at  D:/proyectosep2/IEE2463-SEP-Proyecto-2-Z8/2_core/vitis/2_core/ps7_cortexa9_1/standalone_domain/bsp/system.mss
TRACE::2025-06-25.16:11:31::SCWMssOS::DEBUG:  swdes dump  D:/proyectosep2/IEE2463-SEP-Proyecto-2-Z8/2_core/vitis/2_core/ps7_cortexa9_1/standalone_domain/bsp/system.mss|system_0||
D:/proyectosep2/IEE2463-SEP-Proyecto-2-Z8/2_core/vitis/2_core/zynq_fsbl/zynq_fsbl_bsp/system.mss|system||

KEYINFO::2025-06-25.16:11:31::SCWMssOS::Could not open the swdb for system_0
KEYINFO::2025-06-25.16:11:31::SCWMssOS::Could not open the sw design at  system_0
ERROR: [Hsi 55-1558] Software Design system_0 is not found

TRACE::2025-06-25.16:11:31::SCWMssOS::Cleared the swdb table entry
TRACE::2025-06-25.16:11:31::SCWMssOS::No sw design opened at  D:/proyectosep2/IEE2463-SEP-Proyecto-2-Z8/2_core/vitis/2_core/ps7_cortexa9_1/standalone_domain/bsp/system.mss
TRACE::2025-06-25.16:11:31::SCWMssOS::mss exists loading the mss file  D:/proyectosep2/IEE2463-SEP-Proyecto-2-Z8/2_core/vitis/2_core/ps7_cortexa9_1/standalone_domain/bsp/system.mss
TRACE::2025-06-25.16:11:31::SCWMssOS::Opened the sw design from mss  D:/proyectosep2/IEE2463-SEP-Proyecto-2-Z8/2_core/vitis/2_core/ps7_cortexa9_1/standalone_domain/bsp/system.mss
TRACE::2025-06-25.16:11:31::SCWMssOS::Adding the swdes entry D:/proyectosep2/IEE2463-SEP-Proyecto-2-Z8/2_core/vitis/2_core/ps7_cortexa9_1/standalone_domain/bsp/system.mss with des name system_0
TRACE::2025-06-25.16:11:31::SCWMssOS::updating the scw layer about changes
TRACE::2025-06-25.16:11:31::SCWMssOS::Opened the sw design.  D:/proyectosep2/IEE2463-SEP-Proyecto-2-Z8/2_core/vitis/2_core/ps7_cortexa9_1/standalone_domain/bsp/system.mss
TRACE::2025-06-25.16:11:31::SCWMssOS::Saving the mss changes D:/proyectosep2/IEE2463-SEP-Proyecto-2-Z8/2_core/vitis/2_core/ps7_cortexa9_1/standalone_domain/bsp/system.mss
TRACE::2025-06-25.16:11:31::SCWMssOS::Found a swdesign opened with the mssfile.
TRACE::2025-06-25.16:11:31::SCWMssOS::Completed writemss as part of save.
TRACE::2025-06-25.16:11:31::SCWMssOS::Commit changes completed.
TRACE::2025-06-25.16:11:31::SCWPlatform::Trying to open the hw design at D:/proyectosep2/IEE2463-SEP-Proyecto-2-Z8/2_core/vitis/2_core/hw/DEMO_wrapper.xsa
TRACE::2025-06-25.16:11:31::SCWPlatform::DSA given D:/proyectosep2/IEE2463-SEP-Proyecto-2-Z8/2_core/vitis/2_core/hw/DEMO_wrapper.xsa
TRACE::2025-06-25.16:11:31::SCWPlatform::DSA absoulate path D:/proyectosep2/IEE2463-SEP-Proyecto-2-Z8/2_core/vitis/2_core/hw/DEMO_wrapper.xsa
TRACE::2025-06-25.16:11:31::SCWPlatform::DSA directory D:/proyectosep2/IEE2463-SEP-Proyecto-2-Z8/2_core/vitis/2_core/hw
TRACE::2025-06-25.16:11:31::SCWPlatform:: Platform Path D:/proyectosep2/IEE2463-SEP-Proyecto-2-Z8/2_core/vitis/2_core/hw/DEMO_wrapper.xsa
TRACE::2025-06-25.16:11:31::SCWPlatform:: Unique name xilinx:zybo-z7-10::0.0
TRACE::2025-06-25.16:11:31::SCWPlatform::Trying to set the existing hwdb with name DEMO_wrapper_1
TRACE::2025-06-25.16:11:31::SCWPlatform::Opened existing hwdb DEMO_wrapper_1
TRACE::2025-06-25.16:11:31::SCWPlatform::Found the Hw Db part of the input DSA
TRACE::2025-06-25.16:11:31::SCWMssOS::Checking the sw design at  D:/proyectosep2/IEE2463-SEP-Proyecto-2-Z8/2_core/vitis/2_core/ps7_cortexa9_1/standalone_domain/bsp/system.mss
TRACE::2025-06-25.16:11:31::SCWMssOS::DEBUG:  swdes dump  D:/proyectosep2/IEE2463-SEP-Proyecto-2-Z8/2_core/vitis/2_core/ps7_cortexa9_1/standalone_domain/bsp/system.mss|system_0||
D:/proyectosep2/IEE2463-SEP-Proyecto-2-Z8/2_core/vitis/2_core/zynq_fsbl/zynq_fsbl_bsp/system.mss|system||

TRACE::2025-06-25.16:11:31::SCWMssOS::Sw design exists and opened at  D:/proyectosep2/IEE2463-SEP-Proyecto-2-Z8/2_core/vitis/2_core/ps7_cortexa9_1/standalone_domain/bsp/system.mss
TRACE::2025-06-25.16:11:31::SCWMssOS::Removing the swdes entry for  D:/proyectosep2/IEE2463-SEP-Proyecto-2-Z8/2_core/vitis/2_core/ps7_cortexa9_1/standalone_domain/bsp/system.mss
TRACE::2025-06-25.16:11:31::SCWPlatform::Trying to open the hw design at D:/proyectosep2/IEE2463-SEP-Proyecto-2-Z8/2_core/vitis/2_core/hw/DEMO_wrapper.xsa
TRACE::2025-06-25.16:11:31::SCWPlatform::DSA given D:/proyectosep2/IEE2463-SEP-Proyecto-2-Z8/2_core/vitis/2_core/hw/DEMO_wrapper.xsa
TRACE::2025-06-25.16:11:31::SCWPlatform::DSA absoulate path D:/proyectosep2/IEE2463-SEP-Proyecto-2-Z8/2_core/vitis/2_core/hw/DEMO_wrapper.xsa
TRACE::2025-06-25.16:11:31::SCWPlatform::DSA directory D:/proyectosep2/IEE2463-SEP-Proyecto-2-Z8/2_core/vitis/2_core/hw
TRACE::2025-06-25.16:11:31::SCWPlatform:: Platform Path D:/proyectosep2/IEE2463-SEP-Proyecto-2-Z8/2_core/vitis/2_core/hw/DEMO_wrapper.xsa
TRACE::2025-06-25.16:11:31::SCWPlatform:: Unique name xilinx:zybo-z7-10::0.0
TRACE::2025-06-25.16:11:31::SCWPlatform::Trying to set the existing hwdb with name DEMO_wrapper_1
TRACE::2025-06-25.16:11:31::SCWPlatform::Opened existing hwdb DEMO_wrapper_1
TRACE::2025-06-25.16:11:31::SCWPlatform::Found the Hw Db part of the input DSA
TRACE::2025-06-25.16:11:31::SCWMssOS::Checking the sw design at  D:/proyectosep2/IEE2463-SEP-Proyecto-2-Z8/2_core/vitis/2_core/ps7_cortexa9_1/standalone_domain/bsp/system.mss
TRACE::2025-06-25.16:11:31::SCWMssOS::DEBUG:  swdes dump  D:/proyectosep2/IEE2463-SEP-Proyecto-2-Z8/2_core/vitis/2_core/zynq_fsbl/zynq_fsbl_bsp/system.mss|system||

TRACE::2025-06-25.16:11:31::SCWMssOS::No sw design opened at  D:/proyectosep2/IEE2463-SEP-Proyecto-2-Z8/2_core/vitis/2_core/ps7_cortexa9_1/standalone_domain/bsp/system.mss
TRACE::2025-06-25.16:11:31::SCWMssOS::mss exists loading the mss file  D:/proyectosep2/IEE2463-SEP-Proyecto-2-Z8/2_core/vitis/2_core/ps7_cortexa9_1/standalone_domain/bsp/system.mss
TRACE::2025-06-25.16:11:31::SCWMssOS::Opened the sw design from mss  D:/proyectosep2/IEE2463-SEP-Proyecto-2-Z8/2_core/vitis/2_core/ps7_cortexa9_1/standalone_domain/bsp/system.mss
TRACE::2025-06-25.16:11:31::SCWMssOS::Adding the swdes entry D:/proyectosep2/IEE2463-SEP-Proyecto-2-Z8/2_core/vitis/2_core/ps7_cortexa9_1/standalone_domain/bsp/system.mss with des name system_0
TRACE::2025-06-25.16:11:31::SCWMssOS::updating the scw layer about changes
TRACE::2025-06-25.16:11:31::SCWMssOS::Opened the sw design.  D:/proyectosep2/IEE2463-SEP-Proyecto-2-Z8/2_core/vitis/2_core/ps7_cortexa9_1/standalone_domain/bsp/system.mss
TRACE::2025-06-25.16:11:34::SCWPlatform::Trying to open the hw design at D:/proyectosep2/IEE2463-SEP-Proyecto-2-Z8/2_core/vitis/2_core/hw/DEMO_wrapper.xsa
TRACE::2025-06-25.16:11:34::SCWPlatform::DSA given D:/proyectosep2/IEE2463-SEP-Proyecto-2-Z8/2_core/vitis/2_core/hw/DEMO_wrapper.xsa
TRACE::2025-06-25.16:11:34::SCWPlatform::DSA absoulate path D:/proyectosep2/IEE2463-SEP-Proyecto-2-Z8/2_core/vitis/2_core/hw/DEMO_wrapper.xsa
TRACE::2025-06-25.16:11:34::SCWPlatform::DSA directory D:/proyectosep2/IEE2463-SEP-Proyecto-2-Z8/2_core/vitis/2_core/hw
TRACE::2025-06-25.16:11:34::SCWPlatform:: Platform Path D:/proyectosep2/IEE2463-SEP-Proyecto-2-Z8/2_core/vitis/2_core/hw/DEMO_wrapper.xsa
TRACE::2025-06-25.16:11:34::SCWPlatform:: Unique name xilinx:zybo-z7-10::0.0
TRACE::2025-06-25.16:11:34::SCWPlatform::Trying to set the existing hwdb with name DEMO_wrapper_1
TRACE::2025-06-25.16:11:34::SCWPlatform::Opened existing hwdb DEMO_wrapper_1
TRACE::2025-06-25.16:11:34::SCWPlatform::Found the Hw Db part of the input DSA
TRACE::2025-06-25.16:11:34::SCWMssOS::Checking the sw design at  D:/proyectosep2/IEE2463-SEP-Proyecto-2-Z8/2_core/vitis/2_core/ps7_cortexa9_1/standalone_domain/bsp/system.mss
TRACE::2025-06-25.16:11:34::SCWMssOS::DEBUG:  swdes dump  D:/proyectosep2/IEE2463-SEP-Proyecto-2-Z8/2_core/vitis/2_core/ps7_cortexa9_1/standalone_domain/bsp/system.mss|system_0||
D:/proyectosep2/IEE2463-SEP-Proyecto-2-Z8/2_core/vitis/2_core/zynq_fsbl/zynq_fsbl_bsp/system.mss|system||

TRACE::2025-06-25.16:11:34::SCWMssOS::Sw design exists and opened at  D:/proyectosep2/IEE2463-SEP-Proyecto-2-Z8/2_core/vitis/2_core/ps7_cortexa9_1/standalone_domain/bsp/system.mss
TRACE::2025-06-25.16:11:34::SCWMssOS::Adding Library:  xilffs:4.3
TRACE::2025-06-25.16:11:34::SCWMssOS::Added Library:  xilffs
TRACE::2025-06-25.16:11:35::SCWMssOS::Saving the mss changes D:/proyectosep2/IEE2463-SEP-Proyecto-2-Z8/2_core/vitis/2_core/zynq_fsbl/zynq_fsbl_bsp/system.mss
TRACE::2025-06-25.16:11:35::SCWMssOS::Found a swdesign opened with the mssfile.
TRACE::2025-06-25.16:11:35::SCWMssOS::Completed writemss as part of save.
TRACE::2025-06-25.16:11:35::SCWMssOS::Commit changes completed.
TRACE::2025-06-25.16:11:35::SCWMssOS::Saving the mss changes D:/proyectosep2/IEE2463-SEP-Proyecto-2-Z8/2_core/vitis/2_core/ps7_cortexa9_1/standalone_domain/bsp/system.mss
TRACE::2025-06-25.16:11:35::SCWMssOS::Found a swdesign opened with the mssfile.
TRACE::2025-06-25.16:11:35::SCWMssOS::Completed writemss as part of save.
TRACE::2025-06-25.16:11:35::SCWMssOS::Commit changes completed.
TRACE::2025-06-25.16:11:35::SCWMssOS::Saving the mss changes D:/proyectosep2/IEE2463-SEP-Proyecto-2-Z8/2_core/vitis/2_core/ps7_cortexa9_0/graphics_core/bsp/system.mss
TRACE::2025-06-25.16:11:35::SCWMssOS::Adding the swdes entry, mss present, able to open swdb D:/proyectosep2/IEE2463-SEP-Proyecto-2-Z8/2_core/vitis/2_core/ps7_cortexa9_0/graphics_core/bsp/system.mss with des name system_1
TRACE::2025-06-25.16:11:35::SCWMssOS::Writing the mss file completed D:/proyectosep2/IEE2463-SEP-Proyecto-2-Z8/2_core/vitis/2_core/ps7_cortexa9_0/graphics_core/bsp/system.mss
TRACE::2025-06-25.16:11:35::SCWMssOS::Commit changes completed.
TRACE::2025-06-25.16:11:35::SCWPlatform::Trying to open the hw design at D:/proyectosep2/IEE2463-SEP-Proyecto-2-Z8/2_core/vitis/2_core/hw/DEMO_wrapper.xsa
TRACE::2025-06-25.16:11:35::SCWPlatform::DSA given D:/proyectosep2/IEE2463-SEP-Proyecto-2-Z8/2_core/vitis/2_core/hw/DEMO_wrapper.xsa
TRACE::2025-06-25.16:11:35::SCWPlatform::DSA absoulate path D:/proyectosep2/IEE2463-SEP-Proyecto-2-Z8/2_core/vitis/2_core/hw/DEMO_wrapper.xsa
TRACE::2025-06-25.16:11:35::SCWPlatform::DSA directory D:/proyectosep2/IEE2463-SEP-Proyecto-2-Z8/2_core/vitis/2_core/hw
TRACE::2025-06-25.16:11:35::SCWPlatform:: Platform Path D:/proyectosep2/IEE2463-SEP-Proyecto-2-Z8/2_core/vitis/2_core/hw/DEMO_wrapper.xsa
TRACE::2025-06-25.16:11:35::SCWPlatform:: Unique name xilinx:zybo-z7-10::0.0
TRACE::2025-06-25.16:11:35::SCWPlatform::Trying to set the existing hwdb with name DEMO_wrapper_1
TRACE::2025-06-25.16:11:35::SCWPlatform::Opened existing hwdb DEMO_wrapper_1
TRACE::2025-06-25.16:11:35::SCWPlatform::Found the Hw Db part of the input DSA
TRACE::2025-06-25.16:11:35::SCWMssOS::Checking the sw design at  D:/proyectosep2/IEE2463-SEP-Proyecto-2-Z8/2_core/vitis/2_core/zynq_fsbl/zynq_fsbl_bsp/system.mss
TRACE::2025-06-25.16:11:35::SCWMssOS::DEBUG:  swdes dump  D:/proyectosep2/IEE2463-SEP-Proyecto-2-Z8/2_core/vitis/2_core/ps7_cortexa9_0/graphics_core/bsp/system.mss|system_1||
D:/proyectosep2/IEE2463-SEP-Proyecto-2-Z8/2_core/vitis/2_core/ps7_cortexa9_1/standalone_domain/bsp/system.mss|system_0||
D:/proyectosep2/IEE2463-SEP-Proyecto-2-Z8/2_core/vitis/2_core/zynq_fsbl/zynq_fsbl_bsp/system.mss|system||

TRACE::2025-06-25.16:11:35::SCWMssOS::Sw design exists and opened at  D:/proyectosep2/IEE2463-SEP-Proyecto-2-Z8/2_core/vitis/2_core/zynq_fsbl/zynq_fsbl_bsp/system.mss
TRACE::2025-06-25.16:11:35::SCWPlatform::Trying to open the hw design at D:/proyectosep2/IEE2463-SEP-Proyecto-2-Z8/2_core/vitis/2_core/hw/DEMO_wrapper.xsa
TRACE::2025-06-25.16:11:35::SCWPlatform::DSA given D:/proyectosep2/IEE2463-SEP-Proyecto-2-Z8/2_core/vitis/2_core/hw/DEMO_wrapper.xsa
TRACE::2025-06-25.16:11:35::SCWPlatform::DSA absoulate path D:/proyectosep2/IEE2463-SEP-Proyecto-2-Z8/2_core/vitis/2_core/hw/DEMO_wrapper.xsa
TRACE::2025-06-25.16:11:35::SCWPlatform::DSA directory D:/proyectosep2/IEE2463-SEP-Proyecto-2-Z8/2_core/vitis/2_core/hw
TRACE::2025-06-25.16:11:35::SCWPlatform:: Platform Path D:/proyectosep2/IEE2463-SEP-Proyecto-2-Z8/2_core/vitis/2_core/hw/DEMO_wrapper.xsa
TRACE::2025-06-25.16:11:35::SCWPlatform:: Unique name xilinx:zybo-z7-10::0.0
TRACE::2025-06-25.16:11:35::SCWPlatform::Trying to set the existing hwdb with name DEMO_wrapper_1
TRACE::2025-06-25.16:11:35::SCWPlatform::Opened existing hwdb DEMO_wrapper_1
TRACE::2025-06-25.16:11:35::SCWPlatform::Found the Hw Db part of the input DSA
TRACE::2025-06-25.16:11:35::SCWMssOS::Checking the sw design at  D:/proyectosep2/IEE2463-SEP-Proyecto-2-Z8/2_core/vitis/2_core/ps7_cortexa9_1/standalone_domain/bsp/system.mss
TRACE::2025-06-25.16:11:35::SCWMssOS::DEBUG:  swdes dump  D:/proyectosep2/IEE2463-SEP-Proyecto-2-Z8/2_core/vitis/2_core/ps7_cortexa9_0/graphics_core/bsp/system.mss|system_1||
D:/proyectosep2/IEE2463-SEP-Proyecto-2-Z8/2_core/vitis/2_core/ps7_cortexa9_1/standalone_domain/bsp/system.mss|system_0||
D:/proyectosep2/IEE2463-SEP-Proyecto-2-Z8/2_core/vitis/2_core/zynq_fsbl/zynq_fsbl_bsp/system.mss|system||

TRACE::2025-06-25.16:11:35::SCWMssOS::Sw design exists and opened at  D:/proyectosep2/IEE2463-SEP-Proyecto-2-Z8/2_core/vitis/2_core/ps7_cortexa9_1/standalone_domain/bsp/system.mss
TRACE::2025-06-25.16:11:35::SCWPlatform::Trying to open the hw design at D:/proyectosep2/IEE2463-SEP-Proyecto-2-Z8/2_core/vitis/2_core/hw/DEMO_wrapper.xsa
TRACE::2025-06-25.16:11:35::SCWPlatform::DSA given D:/proyectosep2/IEE2463-SEP-Proyecto-2-Z8/2_core/vitis/2_core/hw/DEMO_wrapper.xsa
TRACE::2025-06-25.16:11:35::SCWPlatform::DSA absoulate path D:/proyectosep2/IEE2463-SEP-Proyecto-2-Z8/2_core/vitis/2_core/hw/DEMO_wrapper.xsa
TRACE::2025-06-25.16:11:35::SCWPlatform::DSA directory D:/proyectosep2/IEE2463-SEP-Proyecto-2-Z8/2_core/vitis/2_core/hw
TRACE::2025-06-25.16:11:35::SCWPlatform:: Platform Path D:/proyectosep2/IEE2463-SEP-Proyecto-2-Z8/2_core/vitis/2_core/hw/DEMO_wrapper.xsa
TRACE::2025-06-25.16:11:35::SCWPlatform:: Unique name xilinx:zybo-z7-10::0.0
TRACE::2025-06-25.16:11:35::SCWPlatform::Trying to set the existing hwdb with name DEMO_wrapper_1
TRACE::2025-06-25.16:11:35::SCWPlatform::Opened existing hwdb DEMO_wrapper_1
TRACE::2025-06-25.16:11:35::SCWPlatform::Found the Hw Db part of the input DSA
TRACE::2025-06-25.16:11:35::SCWMssOS::Checking the sw design at  D:/proyectosep2/IEE2463-SEP-Proyecto-2-Z8/2_core/vitis/2_core/ps7_cortexa9_0/graphics_core/bsp/system.mss
TRACE::2025-06-25.16:11:35::SCWMssOS::DEBUG:  swdes dump  D:/proyectosep2/IEE2463-SEP-Proyecto-2-Z8/2_core/vitis/2_core/ps7_cortexa9_0/graphics_core/bsp/system.mss|system_1||
D:/proyectosep2/IEE2463-SEP-Proyecto-2-Z8/2_core/vitis/2_core/ps7_cortexa9_1/standalone_domain/bsp/system.mss|system_0||
D:/proyectosep2/IEE2463-SEP-Proyecto-2-Z8/2_core/vitis/2_core/zynq_fsbl/zynq_fsbl_bsp/system.mss|system||

TRACE::2025-06-25.16:11:35::SCWMssOS::Sw design exists and opened at  D:/proyectosep2/IEE2463-SEP-Proyecto-2-Z8/2_core/vitis/2_core/ps7_cortexa9_0/graphics_core/bsp/system.mss
TRACE::2025-06-25.16:11:35::SCWWriter::formatted JSON is {
	"platformName":	"2_core",
	"sprVersion":	"2.0",
	"mode":	"gui",
	"dsaType":	"Fixed",
	"platformDesc":	"2_core",
	"platHandOff":	"D:/proyectosep2/IEE2463-SEP-Proyecto-2-Z8/full_hardware/vivado/DEMO_wrapper.xsa",
	"platIntHandOff":	"<platformDir>/hw/DEMO_wrapper.xsa",
	"deviceType":	"zynq",
	"platIsPrebuiltAutogen":	"false",
	"platIsNoBootBsp":	"false",
	"hasFsblMakeHasChanges":	"false",
	"hasPmufwMakeHasChanges":	"false",
	"fsblExtraCompilerFlags":	"-MMD -MP       -mcpu=cortex-a9 -mfpu=vfpv3 -mfloat-abi=hard ",
	"platPreBuiltFlag":	false,
	"platformSamplesDir":	"",
	"platActiveSys":	"2_core",
	"systems":	[{
			"systemName":	"2_core",
			"systemDesc":	"2_core",
			"sysIsBootAutoGen":	"true",
			"systemDispName":	"2_core",
			"sysActiveDom":	"standalone_domain",
			"sysDefaultDom":	"graphics_core",
			"domains":	[{
					"domainName":	"zynq_fsbl",
					"domainDispName":	"zynq_fsbl",
					"domainDesc":	"FSBL Application BSP - Auto Generated.",
					"processors":	"ps7_cortexa9_0",
					"os":	"standalone",
					"sdxOs":	"standalone",
					"debugEnable":	"",
					"domRuntimes":	["cpp"],
					"swRepo":	"",
					"mssOsVer":	"7.2",
					"mssFile":	"",
					"md5Digest":	"22a6aa47fd12e4eea21ee9dba4d7fcad",
					"compatibleApp":	"zynq_fsbl",
					"domType":	"bootDomain",
					"appSettings":	{
						"appCompilerFlags":	"",
						"appLinkerFlags":	""
					},
					"addedLibs":	["xilffs:4.3", "xilrsa:1.6"],
					"libOptions":	{
						"libsContainingOptions":	[]
					},
					"prebuiltLibs":	{
						"prebuiltIncPath":	[],
						"prebuiltLibPath":	[]
					},
					"isolation":	{
					}
				}, {
					"domainName":	"standalone_domain",
					"domainDispName":	"standalone on ps7_cortexa9_1",
					"domainDesc":	"standalone_domain",
					"processors":	"ps7_cortexa9_1",
					"os":	"standalone",
					"sdxOs":	"standalone",
					"qemuArgs":	"D:/Xilinx/Vitis/2020.1/data/emulation/platforms/zynq/qemu/qemu_args.txt",
					"qemuData":	"D:/Xilinx/Vitis/2020.1/data/emulation/platforms/zynq/qemu/",
					"debugEnable":	"False",
					"domRuntimes":	["cpp"],
					"swRepo":	"",
					"mssOsVer":	"7.2",
					"mssFile":	"",
					"md5Digest":	"eeda6af4935d7e423fd8b46083f15ce2",
					"compatibleApp":	"",
					"domType":	"mssDomain",
					"appSettings":	{
						"appCompilerFlags":	"",
						"appLinkerFlags":	""
					},
					"addedLibs":	["xilffs:4.3"],
					"libOptions":	{
						"libsContainingOptions":	[]
					},
					"prebuiltLibs":	{
						"prebuiltIncPath":	[],
						"prebuiltLibPath":	[]
					},
					"isolation":	{
					}
				}, {
					"domainName":	"graphics_core",
					"domainDispName":	"graphics_core",
					"domainDesc":	"",
					"processors":	"ps7_cortexa9_0",
					"os":	"standalone",
					"sdxOs":	"standalone",
					"qemuArgs":	"D:/Xilinx/Vitis/2020.1/data/emulation/platforms/zynq/qemu/qemu_args.txt",
					"qemuData":	"D:/Xilinx/Vitis/2020.1/data/emulation/platforms/zynq/qemu/",
					"debugEnable":	"False",
					"domRuntimes":	["cpp"],
					"swRepo":	"",
					"mssOsVer":	"7.2",
					"mssFile":	"",
					"md5Digest":	"3bd73008cc19367a3826b43ea626ca85",
					"compatibleApp":	"",
					"domType":	"mssDomain",
					"arch":	"32-bit",
					"appSettings":	{
						"appCompilerFlags":	"",
						"appLinkerFlags":	""
					},
					"addedLibs":	[],
					"libOptions":	{
						"libsContainingOptions":	[]
					},
					"prebuiltLibs":	{
						"prebuiltIncPath":	[],
						"prebuiltLibPath":	[]
					},
					"isolation":	{
					}
				}]
		}]
}
TRACE::2025-06-25.16:11:35::SCWMssOS::Saving the mss changes D:/proyectosep2/IEE2463-SEP-Proyecto-2-Z8/2_core/vitis/2_core/ps7_cortexa9_1/standalone_domain/bsp/system.mss
TRACE::2025-06-25.16:11:35::SCWMssOS::Found a swdesign opened with the mssfile.
TRACE::2025-06-25.16:11:35::SCWMssOS::Completed writemss as part of save.
TRACE::2025-06-25.16:11:35::SCWMssOS::Commit changes completed.
TRACE::2025-06-25.16:11:35::SCWPlatform::Trying to open the hw design at D:/proyectosep2/IEE2463-SEP-Proyecto-2-Z8/2_core/vitis/2_core/hw/DEMO_wrapper.xsa
TRACE::2025-06-25.16:11:35::SCWPlatform::DSA given D:/proyectosep2/IEE2463-SEP-Proyecto-2-Z8/2_core/vitis/2_core/hw/DEMO_wrapper.xsa
TRACE::2025-06-25.16:11:35::SCWPlatform::DSA absoulate path D:/proyectosep2/IEE2463-SEP-Proyecto-2-Z8/2_core/vitis/2_core/hw/DEMO_wrapper.xsa
TRACE::2025-06-25.16:11:35::SCWPlatform::DSA directory D:/proyectosep2/IEE2463-SEP-Proyecto-2-Z8/2_core/vitis/2_core/hw
TRACE::2025-06-25.16:11:35::SCWPlatform:: Platform Path D:/proyectosep2/IEE2463-SEP-Proyecto-2-Z8/2_core/vitis/2_core/hw/DEMO_wrapper.xsa
TRACE::2025-06-25.16:11:35::SCWPlatform:: Unique name xilinx:zybo-z7-10::0.0
TRACE::2025-06-25.16:11:35::SCWPlatform::Trying to set the existing hwdb with name DEMO_wrapper_1
TRACE::2025-06-25.16:11:35::SCWPlatform::Opened existing hwdb DEMO_wrapper_1
TRACE::2025-06-25.16:11:35::SCWPlatform::Found the Hw Db part of the input DSA
TRACE::2025-06-25.16:11:35::SCWMssOS::Checking the sw design at  D:/proyectosep2/IEE2463-SEP-Proyecto-2-Z8/2_core/vitis/2_core/ps7_cortexa9_1/standalone_domain/bsp/system.mss
TRACE::2025-06-25.16:11:35::SCWMssOS::DEBUG:  swdes dump  D:/proyectosep2/IEE2463-SEP-Proyecto-2-Z8/2_core/vitis/2_core/ps7_cortexa9_0/graphics_core/bsp/system.mss|system_1||
D:/proyectosep2/IEE2463-SEP-Proyecto-2-Z8/2_core/vitis/2_core/ps7_cortexa9_1/standalone_domain/bsp/system.mss|system_0||
D:/proyectosep2/IEE2463-SEP-Proyecto-2-Z8/2_core/vitis/2_core/zynq_fsbl/zynq_fsbl_bsp/system.mss|system||

TRACE::2025-06-25.16:11:35::SCWMssOS::Sw design exists and opened at  D:/proyectosep2/IEE2463-SEP-Proyecto-2-Z8/2_core/vitis/2_core/ps7_cortexa9_1/standalone_domain/bsp/system.mss
TRACE::2025-06-25.16:11:35::SCWMssOS::Removing the swdes entry for  D:/proyectosep2/IEE2463-SEP-Proyecto-2-Z8/2_core/vitis/2_core/ps7_cortexa9_1/standalone_domain/bsp/system.mss
TRACE::2025-06-25.16:11:35::SCWMssOS::In reload Mss file.
TRACE::2025-06-25.16:11:35::SCWPlatform::Trying to open the hw design at D:/proyectosep2/IEE2463-SEP-Proyecto-2-Z8/2_core/vitis/2_core/hw/DEMO_wrapper.xsa
TRACE::2025-06-25.16:11:35::SCWPlatform::DSA given D:/proyectosep2/IEE2463-SEP-Proyecto-2-Z8/2_core/vitis/2_core/hw/DEMO_wrapper.xsa
TRACE::2025-06-25.16:11:35::SCWPlatform::DSA absoulate path D:/proyectosep2/IEE2463-SEP-Proyecto-2-Z8/2_core/vitis/2_core/hw/DEMO_wrapper.xsa
TRACE::2025-06-25.16:11:35::SCWPlatform::DSA directory D:/proyectosep2/IEE2463-SEP-Proyecto-2-Z8/2_core/vitis/2_core/hw
TRACE::2025-06-25.16:11:35::SCWPlatform:: Platform Path D:/proyectosep2/IEE2463-SEP-Proyecto-2-Z8/2_core/vitis/2_core/hw/DEMO_wrapper.xsa
TRACE::2025-06-25.16:11:35::SCWPlatform:: Unique name xilinx:zybo-z7-10::0.0
TRACE::2025-06-25.16:11:35::SCWPlatform::Trying to set the existing hwdb with name DEMO_wrapper_1
TRACE::2025-06-25.16:11:35::SCWPlatform::Opened existing hwdb DEMO_wrapper_1
TRACE::2025-06-25.16:11:35::SCWPlatform::Found the Hw Db part of the input DSA
TRACE::2025-06-25.16:11:35::SCWMssOS::Checking the sw design at  D:/proyectosep2/IEE2463-SEP-Proyecto-2-Z8/2_core/vitis/2_core/ps7_cortexa9_1/standalone_domain/bsp/system.mss
TRACE::2025-06-25.16:11:35::SCWMssOS::DEBUG:  swdes dump  D:/proyectosep2/IEE2463-SEP-Proyecto-2-Z8/2_core/vitis/2_core/ps7_cortexa9_0/graphics_core/bsp/system.mss|system_1||
D:/proyectosep2/IEE2463-SEP-Proyecto-2-Z8/2_core/vitis/2_core/zynq_fsbl/zynq_fsbl_bsp/system.mss|system||

TRACE::2025-06-25.16:11:35::SCWMssOS::No sw design opened at  D:/proyectosep2/IEE2463-SEP-Proyecto-2-Z8/2_core/vitis/2_core/ps7_cortexa9_1/standalone_domain/bsp/system.mss
TRACE::2025-06-25.16:11:35::SCWMssOS::mss exists loading the mss file  D:/proyectosep2/IEE2463-SEP-Proyecto-2-Z8/2_core/vitis/2_core/ps7_cortexa9_1/standalone_domain/bsp/system.mss
TRACE::2025-06-25.16:11:35::SCWMssOS::Opened the sw design from mss  D:/proyectosep2/IEE2463-SEP-Proyecto-2-Z8/2_core/vitis/2_core/ps7_cortexa9_1/standalone_domain/bsp/system.mss
TRACE::2025-06-25.16:11:35::SCWMssOS::Adding the swdes entry D:/proyectosep2/IEE2463-SEP-Proyecto-2-Z8/2_core/vitis/2_core/ps7_cortexa9_1/standalone_domain/bsp/system.mss with des name system_0
TRACE::2025-06-25.16:11:35::SCWMssOS::updating the scw layer about changes
TRACE::2025-06-25.16:11:35::SCWMssOS::Opened the sw design.  D:/proyectosep2/IEE2463-SEP-Proyecto-2-Z8/2_core/vitis/2_core/ps7_cortexa9_1/standalone_domain/bsp/system.mss
TRACE::2025-06-25.16:11:35::SCWPlatform::Trying to open the hw design at D:/proyectosep2/IEE2463-SEP-Proyecto-2-Z8/2_core/vitis/2_core/hw/DEMO_wrapper.xsa
TRACE::2025-06-25.16:11:35::SCWPlatform::DSA given D:/proyectosep2/IEE2463-SEP-Proyecto-2-Z8/2_core/vitis/2_core/hw/DEMO_wrapper.xsa
TRACE::2025-06-25.16:11:35::SCWPlatform::DSA absoulate path D:/proyectosep2/IEE2463-SEP-Proyecto-2-Z8/2_core/vitis/2_core/hw/DEMO_wrapper.xsa
TRACE::2025-06-25.16:11:35::SCWPlatform::DSA directory D:/proyectosep2/IEE2463-SEP-Proyecto-2-Z8/2_core/vitis/2_core/hw
TRACE::2025-06-25.16:11:35::SCWPlatform:: Platform Path D:/proyectosep2/IEE2463-SEP-Proyecto-2-Z8/2_core/vitis/2_core/hw/DEMO_wrapper.xsa
TRACE::2025-06-25.16:11:35::SCWPlatform:: Unique name xilinx:zybo-z7-10::0.0
TRACE::2025-06-25.16:11:35::SCWPlatform::Trying to set the existing hwdb with name DEMO_wrapper_1
TRACE::2025-06-25.16:11:35::SCWPlatform::Opened existing hwdb DEMO_wrapper_1
TRACE::2025-06-25.16:11:35::SCWPlatform::Found the Hw Db part of the input DSA
TRACE::2025-06-25.16:11:35::SCWMssOS::Checking the sw design at  D:/proyectosep2/IEE2463-SEP-Proyecto-2-Z8/2_core/vitis/2_core/ps7_cortexa9_1/standalone_domain/bsp/system.mss
TRACE::2025-06-25.16:11:35::SCWMssOS::DEBUG:  swdes dump  D:/proyectosep2/IEE2463-SEP-Proyecto-2-Z8/2_core/vitis/2_core/ps7_cortexa9_0/graphics_core/bsp/system.mss|system_1||
D:/proyectosep2/IEE2463-SEP-Proyecto-2-Z8/2_core/vitis/2_core/ps7_cortexa9_1/standalone_domain/bsp/system.mss|system_0||
D:/proyectosep2/IEE2463-SEP-Proyecto-2-Z8/2_core/vitis/2_core/zynq_fsbl/zynq_fsbl_bsp/system.mss|system||

TRACE::2025-06-25.16:11:35::SCWMssOS::Sw design exists and opened at  D:/proyectosep2/IEE2463-SEP-Proyecto-2-Z8/2_core/vitis/2_core/ps7_cortexa9_1/standalone_domain/bsp/system.mss
TRACE::2025-06-25.16:11:35::SCWMssOS:: library already available in sw design:  xilffs:4.3
TRACE::2025-06-25.16:11:35::SCWMssOS::Saving the mss changes D:/proyectosep2/IEE2463-SEP-Proyecto-2-Z8/2_core/vitis/2_core/ps7_cortexa9_1/standalone_domain/bsp/system.mss
TRACE::2025-06-25.16:11:35::SCWMssOS::Found a swdesign opened with the mssfile.
TRACE::2025-06-25.16:11:35::SCWMssOS::Completed writemss as part of save.
TRACE::2025-06-25.16:11:35::SCWMssOS::Commit changes completed.
TRACE::2025-06-25.16:11:35::SCWPlatform::Trying to open the hw design at D:/proyectosep2/IEE2463-SEP-Proyecto-2-Z8/2_core/vitis/2_core/hw/DEMO_wrapper.xsa
TRACE::2025-06-25.16:11:35::SCWPlatform::DSA given D:/proyectosep2/IEE2463-SEP-Proyecto-2-Z8/2_core/vitis/2_core/hw/DEMO_wrapper.xsa
TRACE::2025-06-25.16:11:35::SCWPlatform::DSA absoulate path D:/proyectosep2/IEE2463-SEP-Proyecto-2-Z8/2_core/vitis/2_core/hw/DEMO_wrapper.xsa
TRACE::2025-06-25.16:11:35::SCWPlatform::DSA directory D:/proyectosep2/IEE2463-SEP-Proyecto-2-Z8/2_core/vitis/2_core/hw
TRACE::2025-06-25.16:11:35::SCWPlatform:: Platform Path D:/proyectosep2/IEE2463-SEP-Proyecto-2-Z8/2_core/vitis/2_core/hw/DEMO_wrapper.xsa
TRACE::2025-06-25.16:11:35::SCWPlatform:: Unique name xilinx:zybo-z7-10::0.0
TRACE::2025-06-25.16:11:35::SCWPlatform::Trying to set the existing hwdb with name DEMO_wrapper_1
TRACE::2025-06-25.16:11:35::SCWPlatform::Opened existing hwdb DEMO_wrapper_1
TRACE::2025-06-25.16:11:35::SCWPlatform::Found the Hw Db part of the input DSA
TRACE::2025-06-25.16:11:35::SCWMssOS::Checking the sw design at  D:/proyectosep2/IEE2463-SEP-Proyecto-2-Z8/2_core/vitis/2_core/ps7_cortexa9_1/standalone_domain/bsp/system.mss
TRACE::2025-06-25.16:11:35::SCWMssOS::DEBUG:  swdes dump  D:/proyectosep2/IEE2463-SEP-Proyecto-2-Z8/2_core/vitis/2_core/ps7_cortexa9_0/graphics_core/bsp/system.mss|system_1||
D:/proyectosep2/IEE2463-SEP-Proyecto-2-Z8/2_core/vitis/2_core/ps7_cortexa9_1/standalone_domain/bsp/system.mss|system_0||
D:/proyectosep2/IEE2463-SEP-Proyecto-2-Z8/2_core/vitis/2_core/zynq_fsbl/zynq_fsbl_bsp/system.mss|system||

TRACE::2025-06-25.16:11:35::SCWMssOS::Sw design exists and opened at  D:/proyectosep2/IEE2463-SEP-Proyecto-2-Z8/2_core/vitis/2_core/ps7_cortexa9_1/standalone_domain/bsp/system.mss
TRACE::2025-06-25.16:11:35::SCWMssOS::Removing the swdes entry for  D:/proyectosep2/IEE2463-SEP-Proyecto-2-Z8/2_core/vitis/2_core/ps7_cortexa9_1/standalone_domain/bsp/system.mss
TRACE::2025-06-25.16:11:35::SCWPlatform::Trying to open the hw design at D:/proyectosep2/IEE2463-SEP-Proyecto-2-Z8/2_core/vitis/2_core/hw/DEMO_wrapper.xsa
TRACE::2025-06-25.16:11:35::SCWPlatform::DSA given D:/proyectosep2/IEE2463-SEP-Proyecto-2-Z8/2_core/vitis/2_core/hw/DEMO_wrapper.xsa
TRACE::2025-06-25.16:11:35::SCWPlatform::DSA absoulate path D:/proyectosep2/IEE2463-SEP-Proyecto-2-Z8/2_core/vitis/2_core/hw/DEMO_wrapper.xsa
TRACE::2025-06-25.16:11:35::SCWPlatform::DSA directory D:/proyectosep2/IEE2463-SEP-Proyecto-2-Z8/2_core/vitis/2_core/hw
TRACE::2025-06-25.16:11:35::SCWPlatform:: Platform Path D:/proyectosep2/IEE2463-SEP-Proyecto-2-Z8/2_core/vitis/2_core/hw/DEMO_wrapper.xsa
TRACE::2025-06-25.16:11:35::SCWPlatform:: Unique name xilinx:zybo-z7-10::0.0
TRACE::2025-06-25.16:11:35::SCWPlatform::Trying to set the existing hwdb with name DEMO_wrapper_1
TRACE::2025-06-25.16:11:35::SCWPlatform::Opened existing hwdb DEMO_wrapper_1
TRACE::2025-06-25.16:11:35::SCWPlatform::Found the Hw Db part of the input DSA
TRACE::2025-06-25.16:11:35::SCWMssOS::Checking the sw design at  D:/proyectosep2/IEE2463-SEP-Proyecto-2-Z8/2_core/vitis/2_core/ps7_cortexa9_1/standalone_domain/bsp/system.mss
TRACE::2025-06-25.16:11:35::SCWMssOS::DEBUG:  swdes dump  D:/proyectosep2/IEE2463-SEP-Proyecto-2-Z8/2_core/vitis/2_core/ps7_cortexa9_0/graphics_core/bsp/system.mss|system_1||
D:/proyectosep2/IEE2463-SEP-Proyecto-2-Z8/2_core/vitis/2_core/zynq_fsbl/zynq_fsbl_bsp/system.mss|system||

TRACE::2025-06-25.16:11:35::SCWMssOS::No sw design opened at  D:/proyectosep2/IEE2463-SEP-Proyecto-2-Z8/2_core/vitis/2_core/ps7_cortexa9_1/standalone_domain/bsp/system.mss
TRACE::2025-06-25.16:11:35::SCWMssOS::mss exists loading the mss file  D:/proyectosep2/IEE2463-SEP-Proyecto-2-Z8/2_core/vitis/2_core/ps7_cortexa9_1/standalone_domain/bsp/system.mss
TRACE::2025-06-25.16:11:35::SCWMssOS::Opened the sw design from mss  D:/proyectosep2/IEE2463-SEP-Proyecto-2-Z8/2_core/vitis/2_core/ps7_cortexa9_1/standalone_domain/bsp/system.mss
TRACE::2025-06-25.16:11:35::SCWMssOS::Adding the swdes entry D:/proyectosep2/IEE2463-SEP-Proyecto-2-Z8/2_core/vitis/2_core/ps7_cortexa9_1/standalone_domain/bsp/system.mss with des name system_0
TRACE::2025-06-25.16:11:35::SCWMssOS::updating the scw layer about changes
TRACE::2025-06-25.16:11:35::SCWMssOS::Opened the sw design.  D:/proyectosep2/IEE2463-SEP-Proyecto-2-Z8/2_core/vitis/2_core/ps7_cortexa9_1/standalone_domain/bsp/system.mss
TRACE::2025-06-25.16:11:35::SCWMssOS::Completed writing the mss file at D:/proyectosep2/IEE2463-SEP-Proyecto-2-Z8/2_core/vitis/2_core/ps7_cortexa9_1/standalone_domain/bsp
TRACE::2025-06-25.16:11:35::SCWMssOS::Forcing BSP Sources regeneration.
KEYINFO::2025-06-25.16:11:36::SCWMssOS::Removing file D:/proyectosep2/IEE2463-SEP-Proyecto-2-Z8/2_core/vitis/2_core/ps7_cortexa9_1/standalone_domain/bsp\system_0.mss
LOG::2025-06-25.16:11:45::SCWPlatform::Started generating the artifacts platform 2_core
TRACE::2025-06-25.16:11:45::SCWPlatform::Sanity checking of platform is completed
LOG::2025-06-25.16:11:45::SCWPlatform::Started generating the artifacts for system configuration 2_core
LOG::2025-06-25.16:11:45::SCWSystem::Checking the domain zynq_fsbl
LOG::2025-06-25.16:11:45::SCWSystem::Doing application build for :  zynq_fsbl
TRACE::2025-06-25.16:11:45::SCWBDomain::Not a forced makefile updation, No changes are present. 
TRACE::2025-06-25.16:11:45::SCWDomain::Building the domain as part of full build :  zynq_fsbl
TRACE::2025-06-25.16:11:45::SCWPlatform::Trying to open the hw design at D:/proyectosep2/IEE2463-SEP-Proyecto-2-Z8/2_core/vitis/2_core/hw/DEMO_wrapper.xsa
TRACE::2025-06-25.16:11:45::SCWPlatform::DSA given D:/proyectosep2/IEE2463-SEP-Proyecto-2-Z8/2_core/vitis/2_core/hw/DEMO_wrapper.xsa
TRACE::2025-06-25.16:11:45::SCWPlatform::DSA absoulate path D:/proyectosep2/IEE2463-SEP-Proyecto-2-Z8/2_core/vitis/2_core/hw/DEMO_wrapper.xsa
TRACE::2025-06-25.16:11:45::SCWPlatform::DSA directory D:/proyectosep2/IEE2463-SEP-Proyecto-2-Z8/2_core/vitis/2_core/hw
TRACE::2025-06-25.16:11:45::SCWPlatform:: Platform Path D:/proyectosep2/IEE2463-SEP-Proyecto-2-Z8/2_core/vitis/2_core/hw/DEMO_wrapper.xsa
TRACE::2025-06-25.16:11:45::SCWPlatform:: Unique name xilinx:zybo-z7-10::0.0
TRACE::2025-06-25.16:11:45::SCWPlatform::Trying to set the existing hwdb with name DEMO_wrapper_1
TRACE::2025-06-25.16:11:45::SCWPlatform::Opened existing hwdb DEMO_wrapper_1
TRACE::2025-06-25.16:11:45::SCWPlatform::Found the Hw Db part of the input DSA
TRACE::2025-06-25.16:11:45::SCWMssOS::Checking the sw design at  D:/proyectosep2/IEE2463-SEP-Proyecto-2-Z8/2_core/vitis/2_core/zynq_fsbl/zynq_fsbl_bsp/system.mss
TRACE::2025-06-25.16:11:45::SCWMssOS::DEBUG:  swdes dump  D:/proyectosep2/IEE2463-SEP-Proyecto-2-Z8/2_core/vitis/2_core/ps7_cortexa9_0/graphics_core/bsp/system.mss|system_1||
D:/proyectosep2/IEE2463-SEP-Proyecto-2-Z8/2_core/vitis/2_core/ps7_cortexa9_1/standalone_domain/bsp/system.mss|system_0||
D:/proyectosep2/IEE2463-SEP-Proyecto-2-Z8/2_core/vitis/2_core/zynq_fsbl/zynq_fsbl_bsp/system.mss|system||

TRACE::2025-06-25.16:11:45::SCWMssOS::Sw design exists and opened at  D:/proyectosep2/IEE2463-SEP-Proyecto-2-Z8/2_core/vitis/2_core/zynq_fsbl/zynq_fsbl_bsp/system.mss
TRACE::2025-06-25.16:11:45::SCWBDomain::Completed writing the mss file at D:/proyectosep2/IEE2463-SEP-Proyecto-2-Z8/2_core/vitis/2_core/zynq_fsbl/zynq_fsbl_bsp
TRACE::2025-06-25.16:11:45::SCWBDomain::bsp generated is upto date with the mss file. Skipping bsp generation.
TRACE::2025-06-25.16:11:45::SCWBDomain::Not a forced makefile updation, No changes are present. 
TRACE::2025-06-25.16:11:45::SCWBDomain::System Command Ran  D:&  cd  D:/proyectosep2/IEE2463-SEP-Proyecto-2-Z8/2_core/vitis/2_core/zynq_fsbl & make 
TRACE::2025-06-25.16:11:45::SCWBDomain::make -C zynq_fsbl_bsp

TRACE::2025-06-25.16:11:45::SCWBDomain::make[1]: Entering directory 'D:/proyectosep2/IEE2463-SEP-Proyecto-2-Z8/2_core/vitis/2_core/zynq_fsbl/zynq_fsbl_bsp'

TRACE::2025-06-25.16:11:45::SCWBDomain::"Running Make include in ps7_cortexa9_0/libsrc/coresightps_dcc_v1_7/src"

TRACE::2025-06-25.16:11:45::SCWBDomain::make -C ps7_cortexa9_0/libsrc/coresightps_dcc_v1_7/src -s include  "SHELL=CMD" "COMPILER=arm-none-eabi-gcc" "ASSEMBLER=arm-none
TRACE::2025-06-25.16:11:45::SCWBDomain::-eabi-as" "ARCHIVER=arm-none-eabi-ar" "COMPILER_FLAGS=  -O2 -c" "EXTRA_COMPILER_FLAGS=-mcpu=cortex-a9 -mfpu=vfpv3 -mfloat-abi=h
TRACE::2025-06-25.16:11:45::SCWBDomain::ard -nostartfiles -g -Wall -Wextra"

TRACE::2025-06-25.16:11:45::SCWBDomain::make[2]: Entering directory 'D:/proyectosep2/IEE2463-SEP-Proyecto-2-Z8/2_core/vitis/2_core/zynq_fsbl/zynq_fsbl_bsp/ps7_cortexa9
TRACE::2025-06-25.16:11:45::SCWBDomain::_0/libsrc/coresightps_dcc_v1_7/src'

TRACE::2025-06-25.16:11:45::SCWBDomain::make[2]: Leaving directory 'D:/proyectosep2/IEE2463-SEP-Proyecto-2-Z8/2_core/vitis/2_core/zynq_fsbl/zynq_fsbl_bsp/ps7_cortexa9_
TRACE::2025-06-25.16:11:45::SCWBDomain::0/libsrc/coresightps_dcc_v1_7/src'

TRACE::2025-06-25.16:11:45::SCWBDomain::"Running Make include in ps7_cortexa9_0/libsrc/cpu_cortexa9_v2_9/src"

TRACE::2025-06-25.16:11:45::SCWBDomain::make -C ps7_cortexa9_0/libsrc/cpu_cortexa9_v2_9/src -s include  "SHELL=CMD" "COMPILER=arm-none-eabi-gcc" "ASSEMBLER=arm-none-ea
TRACE::2025-06-25.16:11:45::SCWBDomain::bi-as" "ARCHIVER=arm-none-eabi-ar" "COMPILER_FLAGS=  -O2 -c" "EXTRA_COMPILER_FLAGS=-mcpu=cortex-a9 -mfpu=vfpv3 -mfloat-abi=hard
TRACE::2025-06-25.16:11:45::SCWBDomain:: -nostartfiles -g -Wall -Wextra"

TRACE::2025-06-25.16:11:45::SCWBDomain::make[2]: Entering directory 'D:/proyectosep2/IEE2463-SEP-Proyecto-2-Z8/2_core/vitis/2_core/zynq_fsbl/zynq_fsbl_bsp/ps7_cortexa9
TRACE::2025-06-25.16:11:45::SCWBDomain::_0/libsrc/cpu_cortexa9_v2_9/src'

TRACE::2025-06-25.16:11:45::SCWBDomain::make[2]: Leaving directory 'D:/proyectosep2/IEE2463-SEP-Proyecto-2-Z8/2_core/vitis/2_core/zynq_fsbl/zynq_fsbl_bsp/ps7_cortexa9_
TRACE::2025-06-25.16:11:45::SCWBDomain::0/libsrc/cpu_cortexa9_v2_9/src'

TRACE::2025-06-25.16:11:45::SCWBDomain::"Running Make include in ps7_cortexa9_0/libsrc/ddrps_v1_1/src"

TRACE::2025-06-25.16:11:45::SCWBDomain::make -C ps7_cortexa9_0/libsrc/ddrps_v1_1/src -s include  "SHELL=CMD" "COMPILER=arm-none-eabi-gcc" "ASSEMBLER=arm-none-eabi-as" 
TRACE::2025-06-25.16:11:45::SCWBDomain::"ARCHIVER=arm-none-eabi-ar" "COMPILER_FLAGS=  -O2 -c" "EXTRA_COMPILER_FLAGS=-mcpu=cortex-a9 -mfpu=vfpv3 -mfloat-abi=hard -nosta
TRACE::2025-06-25.16:11:45::SCWBDomain::rtfiles -g -Wall -Wextra"

TRACE::2025-06-25.16:11:45::SCWBDomain::make[2]: Entering directory 'D:/proyectosep2/IEE2463-SEP-Proyecto-2-Z8/2_core/vitis/2_core/zynq_fsbl/zynq_fsbl_bsp/ps7_cortexa9
TRACE::2025-06-25.16:11:45::SCWBDomain::_0/libsrc/ddrps_v1_1/src'

TRACE::2025-06-25.16:11:45::SCWBDomain::make[2]: Leaving directory 'D:/proyectosep2/IEE2463-SEP-Proyecto-2-Z8/2_core/vitis/2_core/zynq_fsbl/zynq_fsbl_bsp/ps7_cortexa9_
TRACE::2025-06-25.16:11:45::SCWBDomain::0/libsrc/ddrps_v1_1/src'

TRACE::2025-06-25.16:11:45::SCWBDomain::"Running Make include in ps7_cortexa9_0/libsrc/devcfg_v3_6/src"

TRACE::2025-06-25.16:11:45::SCWBDomain::make -C ps7_cortexa9_0/libsrc/devcfg_v3_6/src -s include  "SHELL=CMD" "COMPILER=arm-none-eabi-gcc" "ASSEMBLER=arm-none-eabi-as"
TRACE::2025-06-25.16:11:45::SCWBDomain:: "ARCHIVER=arm-none-eabi-ar" "COMPILER_FLAGS=  -O2 -c" "EXTRA_COMPILER_FLAGS=-mcpu=cortex-a9 -mfpu=vfpv3 -mfloat-abi=hard -nost
TRACE::2025-06-25.16:11:45::SCWBDomain::artfiles -g -Wall -Wextra"

TRACE::2025-06-25.16:11:45::SCWBDomain::make[2]: Entering directory 'D:/proyectosep2/IEE2463-SEP-Proyecto-2-Z8/2_core/vitis/2_core/zynq_fsbl/zynq_fsbl_bsp/ps7_cortexa9
TRACE::2025-06-25.16:11:45::SCWBDomain::_0/libsrc/devcfg_v3_6/src'

TRACE::2025-06-25.16:11:45::SCWBDomain::make[2]: Leaving directory 'D:/proyectosep2/IEE2463-SEP-Proyecto-2-Z8/2_core/vitis/2_core/zynq_fsbl/zynq_fsbl_bsp/ps7_cortexa9_
TRACE::2025-06-25.16:11:45::SCWBDomain::0/libsrc/devcfg_v3_6/src'

TRACE::2025-06-25.16:11:45::SCWBDomain::"Running Make include in ps7_cortexa9_0/libsrc/dmaps_v2_6/src"

TRACE::2025-06-25.16:11:45::SCWBDomain::make -C ps7_cortexa9_0/libsrc/dmaps_v2_6/src -s include  "SHELL=CMD" "COMPILER=arm-none-eabi-gcc" "ASSEMBLER=arm-none-eabi-as" 
TRACE::2025-06-25.16:11:45::SCWBDomain::"ARCHIVER=arm-none-eabi-ar" "COMPILER_FLAGS=  -O2 -c" "EXTRA_COMPILER_FLAGS=-mcpu=cortex-a9 -mfpu=vfpv3 -mfloat-abi=hard -nosta
TRACE::2025-06-25.16:11:45::SCWBDomain::rtfiles -g -Wall -Wextra"

TRACE::2025-06-25.16:11:45::SCWBDomain::make[2]: Entering directory 'D:/proyectosep2/IEE2463-SEP-Proyecto-2-Z8/2_core/vitis/2_core/zynq_fsbl/zynq_fsbl_bsp/ps7_cortexa9
TRACE::2025-06-25.16:11:45::SCWBDomain::_0/libsrc/dmaps_v2_6/src'

TRACE::2025-06-25.16:11:45::SCWBDomain::make[2]: Leaving directory 'D:/proyectosep2/IEE2463-SEP-Proyecto-2-Z8/2_core/vitis/2_core/zynq_fsbl/zynq_fsbl_bsp/ps7_cortexa9_
TRACE::2025-06-25.16:11:45::SCWBDomain::0/libsrc/dmaps_v2_6/src'

TRACE::2025-06-25.16:11:45::SCWBDomain::"Running Make include in ps7_cortexa9_0/libsrc/emacps_v3_11/src"

TRACE::2025-06-25.16:11:45::SCWBDomain::make -C ps7_cortexa9_0/libsrc/emacps_v3_11/src -s include  "SHELL=CMD" "COMPILER=arm-none-eabi-gcc" "ASSEMBLER=arm-none-eabi-as
TRACE::2025-06-25.16:11:45::SCWBDomain::" "ARCHIVER=arm-none-eabi-ar" "COMPILER_FLAGS=  -O2 -c" "EXTRA_COMPILER_FLAGS=-mcpu=cortex-a9 -mfpu=vfpv3 -mfloat-abi=hard -nos
TRACE::2025-06-25.16:11:45::SCWBDomain::tartfiles -g -Wall -Wextra"

TRACE::2025-06-25.16:11:45::SCWBDomain::make[2]: Entering directory 'D:/proyectosep2/IEE2463-SEP-Proyecto-2-Z8/2_core/vitis/2_core/zynq_fsbl/zynq_fsbl_bsp/ps7_cortexa9
TRACE::2025-06-25.16:11:45::SCWBDomain::_0/libsrc/emacps_v3_11/src'

TRACE::2025-06-25.16:11:45::SCWBDomain::make[2]: Leaving directory 'D:/proyectosep2/IEE2463-SEP-Proyecto-2-Z8/2_core/vitis/2_core/zynq_fsbl/zynq_fsbl_bsp/ps7_cortexa9_
TRACE::2025-06-25.16:11:45::SCWBDomain::0/libsrc/emacps_v3_11/src'

TRACE::2025-06-25.16:11:45::SCWBDomain::"Running Make include in ps7_cortexa9_0/libsrc/gpiops_v3_7/src"

TRACE::2025-06-25.16:11:45::SCWBDomain::make -C ps7_cortexa9_0/libsrc/gpiops_v3_7/src -s include  "SHELL=CMD" "COMPILER=arm-none-eabi-gcc" "ASSEMBLER=arm-none-eabi-as"
TRACE::2025-06-25.16:11:45::SCWBDomain:: "ARCHIVER=arm-none-eabi-ar" "COMPILER_FLAGS=  -O2 -c" "EXTRA_COMPILER_FLAGS=-mcpu=cortex-a9 -mfpu=vfpv3 -mfloat-abi=hard -nost
TRACE::2025-06-25.16:11:45::SCWBDomain::artfiles -g -Wall -Wextra"

TRACE::2025-06-25.16:11:45::SCWBDomain::make[2]: Entering directory 'D:/proyectosep2/IEE2463-SEP-Proyecto-2-Z8/2_core/vitis/2_core/zynq_fsbl/zynq_fsbl_bsp/ps7_cortexa9
TRACE::2025-06-25.16:11:45::SCWBDomain::_0/libsrc/gpiops_v3_7/src'

TRACE::2025-06-25.16:11:45::SCWBDomain::make[2]: Leaving directory 'D:/proyectosep2/IEE2463-SEP-Proyecto-2-Z8/2_core/vitis/2_core/zynq_fsbl/zynq_fsbl_bsp/ps7_cortexa9_
TRACE::2025-06-25.16:11:45::SCWBDomain::0/libsrc/gpiops_v3_7/src'

TRACE::2025-06-25.16:11:45::SCWBDomain::"Running Make include in ps7_cortexa9_0/libsrc/gpio_v4_6/src"

TRACE::2025-06-25.16:11:45::SCWBDomain::make -C ps7_cortexa9_0/libsrc/gpio_v4_6/src -s include  "SHELL=CMD" "COMPILER=arm-none-eabi-gcc" "ASSEMBLER=arm-none-eabi-as" "
TRACE::2025-06-25.16:11:45::SCWBDomain::ARCHIVER=arm-none-eabi-ar" "COMPILER_FLAGS=  -O2 -c" "EXTRA_COMPILER_FLAGS=-mcpu=cortex-a9 -mfpu=vfpv3 -mfloat-abi=hard -nostar
TRACE::2025-06-25.16:11:45::SCWBDomain::tfiles -g -Wall -Wextra"

TRACE::2025-06-25.16:11:45::SCWBDomain::make[2]: Entering directory 'D:/proyectosep2/IEE2463-SEP-Proyecto-2-Z8/2_core/vitis/2_core/zynq_fsbl/zynq_fsbl_bsp/ps7_cortexa9
TRACE::2025-06-25.16:11:45::SCWBDomain::_0/libsrc/gpio_v4_6/src'

TRACE::2025-06-25.16:11:45::SCWBDomain::make[2]: Leaving directory 'D:/proyectosep2/IEE2463-SEP-Proyecto-2-Z8/2_core/vitis/2_core/zynq_fsbl/zynq_fsbl_bsp/ps7_cortexa9_
TRACE::2025-06-25.16:11:45::SCWBDomain::0/libsrc/gpio_v4_6/src'

TRACE::2025-06-25.16:11:45::SCWBDomain::"Running Make include in ps7_cortexa9_0/libsrc/iic_v3_6/src"

TRACE::2025-06-25.16:11:45::SCWBDomain::make -C ps7_cortexa9_0/libsrc/iic_v3_6/src -s include  "SHELL=CMD" "COMPILER=arm-none-eabi-gcc" "ASSEMBLER=arm-none-eabi-as" "A
TRACE::2025-06-25.16:11:45::SCWBDomain::RCHIVER=arm-none-eabi-ar" "COMPILER_FLAGS=  -O2 -c" "EXTRA_COMPILER_FLAGS=-mcpu=cortex-a9 -mfpu=vfpv3 -mfloat-abi=hard -nostart
TRACE::2025-06-25.16:11:45::SCWBDomain::files -g -Wall -Wextra"

TRACE::2025-06-25.16:11:45::SCWBDomain::make[2]: Entering directory 'D:/proyectosep2/IEE2463-SEP-Proyecto-2-Z8/2_core/vitis/2_core/zynq_fsbl/zynq_fsbl_bsp/ps7_cortexa9
TRACE::2025-06-25.16:11:45::SCWBDomain::_0/libsrc/iic_v3_6/src'

TRACE::2025-06-25.16:11:45::SCWBDomain::make[2]: Leaving directory 'D:/proyectosep2/IEE2463-SEP-Proyecto-2-Z8/2_core/vitis/2_core/zynq_fsbl/zynq_fsbl_bsp/ps7_cortexa9_
TRACE::2025-06-25.16:11:45::SCWBDomain::0/libsrc/iic_v3_6/src'

TRACE::2025-06-25.16:11:45::SCWBDomain::"Running Make include in ps7_cortexa9_0/libsrc/qspips_v3_7/src"

TRACE::2025-06-25.16:11:45::SCWBDomain::make -C ps7_cortexa9_0/libsrc/qspips_v3_7/src -s include  "SHELL=CMD" "COMPILER=arm-none-eabi-gcc" "ASSEMBLER=arm-none-eabi-as"
TRACE::2025-06-25.16:11:45::SCWBDomain:: "ARCHIVER=arm-none-eabi-ar" "COMPILER_FLAGS=  -O2 -c" "EXTRA_COMPILER_FLAGS=-mcpu=cortex-a9 -mfpu=vfpv3 -mfloat-abi=hard -nost
TRACE::2025-06-25.16:11:45::SCWBDomain::artfiles -g -Wall -Wextra"

TRACE::2025-06-25.16:11:45::SCWBDomain::make[2]: Entering directory 'D:/proyectosep2/IEE2463-SEP-Proyecto-2-Z8/2_core/vitis/2_core/zynq_fsbl/zynq_fsbl_bsp/ps7_cortexa9
TRACE::2025-06-25.16:11:45::SCWBDomain::_0/libsrc/qspips_v3_7/src'

TRACE::2025-06-25.16:11:45::SCWBDomain::make[2]: Leaving directory 'D:/proyectosep2/IEE2463-SEP-Proyecto-2-Z8/2_core/vitis/2_core/zynq_fsbl/zynq_fsbl_bsp/ps7_cortexa9_
TRACE::2025-06-25.16:11:45::SCWBDomain::0/libsrc/qspips_v3_7/src'

TRACE::2025-06-25.16:11:46::SCWBDomain::"Running Make include in ps7_cortexa9_0/libsrc/scugic_v4_2/src"

TRACE::2025-06-25.16:11:46::SCWBDomain::make -C ps7_cortexa9_0/libsrc/scugic_v4_2/src -s include  "SHELL=CMD" "COMPILER=arm-none-eabi-gcc" "ASSEMBLER=arm-none-eabi-as"
TRACE::2025-06-25.16:11:46::SCWBDomain:: "ARCHIVER=arm-none-eabi-ar" "COMPILER_FLAGS=  -O2 -c" "EXTRA_COMPILER_FLAGS=-mcpu=cortex-a9 -mfpu=vfpv3 -mfloat-abi=hard -nost
TRACE::2025-06-25.16:11:46::SCWBDomain::artfiles -g -Wall -Wextra"

TRACE::2025-06-25.16:11:46::SCWBDomain::make[2]: Entering directory 'D:/proyectosep2/IEE2463-SEP-Proyecto-2-Z8/2_core/vitis/2_core/zynq_fsbl/zynq_fsbl_bsp/ps7_cortexa9
TRACE::2025-06-25.16:11:46::SCWBDomain::_0/libsrc/scugic_v4_2/src'

TRACE::2025-06-25.16:11:46::SCWBDomain::make[2]: Leaving directory 'D:/proyectosep2/IEE2463-SEP-Proyecto-2-Z8/2_core/vitis/2_core/zynq_fsbl/zynq_fsbl_bsp/ps7_cortexa9_
TRACE::2025-06-25.16:11:46::SCWBDomain::0/libsrc/scugic_v4_2/src'

TRACE::2025-06-25.16:11:46::SCWBDomain::"Running Make include in ps7_cortexa9_0/libsrc/scutimer_v2_2/src"

TRACE::2025-06-25.16:11:46::SCWBDomain::make -C ps7_cortexa9_0/libsrc/scutimer_v2_2/src -s include  "SHELL=CMD" "COMPILER=arm-none-eabi-gcc" "ASSEMBLER=arm-none-eabi-a
TRACE::2025-06-25.16:11:46::SCWBDomain::s" "ARCHIVER=arm-none-eabi-ar" "COMPILER_FLAGS=  -O2 -c" "EXTRA_COMPILER_FLAGS=-mcpu=cortex-a9 -mfpu=vfpv3 -mfloat-abi=hard -no
TRACE::2025-06-25.16:11:46::SCWBDomain::startfiles -g -Wall -Wextra"

TRACE::2025-06-25.16:11:46::SCWBDomain::make[2]: Entering directory 'D:/proyectosep2/IEE2463-SEP-Proyecto-2-Z8/2_core/vitis/2_core/zynq_fsbl/zynq_fsbl_bsp/ps7_cortexa9
TRACE::2025-06-25.16:11:46::SCWBDomain::_0/libsrc/scutimer_v2_2/src'

TRACE::2025-06-25.16:11:46::SCWBDomain::make[2]: Leaving directory 'D:/proyectosep2/IEE2463-SEP-Proyecto-2-Z8/2_core/vitis/2_core/zynq_fsbl/zynq_fsbl_bsp/ps7_cortexa9_
TRACE::2025-06-25.16:11:46::SCWBDomain::0/libsrc/scutimer_v2_2/src'

TRACE::2025-06-25.16:11:46::SCWBDomain::"Running Make include in ps7_cortexa9_0/libsrc/scuwdt_v2_2/src"

TRACE::2025-06-25.16:11:46::SCWBDomain::make -C ps7_cortexa9_0/libsrc/scuwdt_v2_2/src -s include  "SHELL=CMD" "COMPILER=arm-none-eabi-gcc" "ASSEMBLER=arm-none-eabi-as"
TRACE::2025-06-25.16:11:46::SCWBDomain:: "ARCHIVER=arm-none-eabi-ar" "COMPILER_FLAGS=  -O2 -c" "EXTRA_COMPILER_FLAGS=-mcpu=cortex-a9 -mfpu=vfpv3 -mfloat-abi=hard -nost
TRACE::2025-06-25.16:11:46::SCWBDomain::artfiles -g -Wall -Wextra"

TRACE::2025-06-25.16:11:46::SCWBDomain::make[2]: Entering directory 'D:/proyectosep2/IEE2463-SEP-Proyecto-2-Z8/2_core/vitis/2_core/zynq_fsbl/zynq_fsbl_bsp/ps7_cortexa9
TRACE::2025-06-25.16:11:46::SCWBDomain::_0/libsrc/scuwdt_v2_2/src'

TRACE::2025-06-25.16:11:46::SCWBDomain::make[2]: Leaving directory 'D:/proyectosep2/IEE2463-SEP-Proyecto-2-Z8/2_core/vitis/2_core/zynq_fsbl/zynq_fsbl_bsp/ps7_cortexa9_
TRACE::2025-06-25.16:11:46::SCWBDomain::0/libsrc/scuwdt_v2_2/src'

TRACE::2025-06-25.16:11:46::SCWBDomain::"Running Make include in ps7_cortexa9_0/libsrc/sdps_v3_9/src"

TRACE::2025-06-25.16:11:46::SCWBDomain::make -C ps7_cortexa9_0/libsrc/sdps_v3_9/src -s include  "SHELL=CMD" "COMPILER=arm-none-eabi-gcc" "ASSEMBLER=arm-none-eabi-as" "
TRACE::2025-06-25.16:11:46::SCWBDomain::ARCHIVER=arm-none-eabi-ar" "COMPILER_FLAGS=  -O2 -c" "EXTRA_COMPILER_FLAGS=-mcpu=cortex-a9 -mfpu=vfpv3 -mfloat-abi=hard -nostar
TRACE::2025-06-25.16:11:46::SCWBDomain::tfiles -g -Wall -Wextra"

TRACE::2025-06-25.16:11:46::SCWBDomain::make[2]: Entering directory 'D:/proyectosep2/IEE2463-SEP-Proyecto-2-Z8/2_core/vitis/2_core/zynq_fsbl/zynq_fsbl_bsp/ps7_cortexa9
TRACE::2025-06-25.16:11:46::SCWBDomain::_0/libsrc/sdps_v3_9/src'

TRACE::2025-06-25.16:11:46::SCWBDomain::make[2]: Leaving directory 'D:/proyectosep2/IEE2463-SEP-Proyecto-2-Z8/2_core/vitis/2_core/zynq_fsbl/zynq_fsbl_bsp/ps7_cortexa9_
TRACE::2025-06-25.16:11:46::SCWBDomain::0/libsrc/sdps_v3_9/src'

TRACE::2025-06-25.16:11:46::SCWBDomain::"Running Make include in ps7_cortexa9_0/libsrc/spi_v4_6/src"

TRACE::2025-06-25.16:11:46::SCWBDomain::make -C ps7_cortexa9_0/libsrc/spi_v4_6/src -s include  "SHELL=CMD" "COMPILER=arm-none-eabi-gcc" "ASSEMBLER=arm-none-eabi-as" "A
TRACE::2025-06-25.16:11:46::SCWBDomain::RCHIVER=arm-none-eabi-ar" "COMPILER_FLAGS=  -O2 -c" "EXTRA_COMPILER_FLAGS=-mcpu=cortex-a9 -mfpu=vfpv3 -mfloat-abi=hard -nostart
TRACE::2025-06-25.16:11:46::SCWBDomain::files -g -Wall -Wextra"

TRACE::2025-06-25.16:11:46::SCWBDomain::make[2]: Entering directory 'D:/proyectosep2/IEE2463-SEP-Proyecto-2-Z8/2_core/vitis/2_core/zynq_fsbl/zynq_fsbl_bsp/ps7_cortexa9
TRACE::2025-06-25.16:11:46::SCWBDomain::_0/libsrc/spi_v4_6/src'

TRACE::2025-06-25.16:11:46::SCWBDomain::make[2]: Leaving directory 'D:/proyectosep2/IEE2463-SEP-Proyecto-2-Z8/2_core/vitis/2_core/zynq_fsbl/zynq_fsbl_bsp/ps7_cortexa9_
TRACE::2025-06-25.16:11:46::SCWBDomain::0/libsrc/spi_v4_6/src'

TRACE::2025-06-25.16:11:46::SCWBDomain::"Running Make include in ps7_cortexa9_0/libsrc/standalone_v7_2/src"

TRACE::2025-06-25.16:11:46::SCWBDomain::make -C ps7_cortexa9_0/libsrc/standalone_v7_2/src -s include  "SHELL=CMD" "COMPILER=arm-none-eabi-gcc" "ASSEMBLER=arm-none-eabi
TRACE::2025-06-25.16:11:46::SCWBDomain::-as" "ARCHIVER=arm-none-eabi-ar" "COMPILER_FLAGS=  -O2 -c" "EXTRA_COMPILER_FLAGS=-mcpu=cortex-a9 -mfpu=vfpv3 -mfloat-abi=hard -
TRACE::2025-06-25.16:11:46::SCWBDomain::nostartfiles -g -Wall -Wextra"

TRACE::2025-06-25.16:11:46::SCWBDomain::make[2]: Entering directory 'D:/proyectosep2/IEE2463-SEP-Proyecto-2-Z8/2_core/vitis/2_core/zynq_fsbl/zynq_fsbl_bsp/ps7_cortexa9
TRACE::2025-06-25.16:11:46::SCWBDomain::_0/libsrc/standalone_v7_2/src'

TRACE::2025-06-25.16:11:46::SCWBDomain::make[3]: Entering directory 'D:/proyectosep2/IEE2463-SEP-Proyecto-2-Z8/2_core/vitis/2_core/zynq_fsbl/zynq_fsbl_bsp/ps7_cortexa9
TRACE::2025-06-25.16:11:46::SCWBDomain::_0/libsrc/standalone_v7_2/src/profile'

TRACE::2025-06-25.16:11:46::SCWBDomain::make[3]: Leaving directory 'D:/proyectosep2/IEE2463-SEP-Proyecto-2-Z8/2_core/vitis/2_core/zynq_fsbl/zynq_fsbl_bsp/ps7_cortexa9_
TRACE::2025-06-25.16:11:46::SCWBDomain::0/libsrc/standalone_v7_2/src/profile'

TRACE::2025-06-25.16:11:46::SCWBDomain::make[2]: Leaving directory 'D:/proyectosep2/IEE2463-SEP-Proyecto-2-Z8/2_core/vitis/2_core/zynq_fsbl/zynq_fsbl_bsp/ps7_cortexa9_
TRACE::2025-06-25.16:11:46::SCWBDomain::0/libsrc/standalone_v7_2/src'

TRACE::2025-06-25.16:11:46::SCWBDomain::"Running Make include in ps7_cortexa9_0/libsrc/tmrctr_v4_6/src"

TRACE::2025-06-25.16:11:46::SCWBDomain::make -C ps7_cortexa9_0/libsrc/tmrctr_v4_6/src -s include  "SHELL=CMD" "COMPILER=arm-none-eabi-gcc" "ASSEMBLER=arm-none-eabi-as"
TRACE::2025-06-25.16:11:46::SCWBDomain:: "ARCHIVER=arm-none-eabi-ar" "COMPILER_FLAGS=  -O2 -c" "EXTRA_COMPILER_FLAGS=-mcpu=cortex-a9 -mfpu=vfpv3 -mfloat-abi=hard -nost
TRACE::2025-06-25.16:11:46::SCWBDomain::artfiles -g -Wall -Wextra"

TRACE::2025-06-25.16:11:46::SCWBDomain::make[2]: Entering directory 'D:/proyectosep2/IEE2463-SEP-Proyecto-2-Z8/2_core/vitis/2_core/zynq_fsbl/zynq_fsbl_bsp/ps7_cortexa9
TRACE::2025-06-25.16:11:46::SCWBDomain::_0/libsrc/tmrctr_v4_6/src'

TRACE::2025-06-25.16:11:46::SCWBDomain::make[2]: Leaving directory 'D:/proyectosep2/IEE2463-SEP-Proyecto-2-Z8/2_core/vitis/2_core/zynq_fsbl/zynq_fsbl_bsp/ps7_cortexa9_
TRACE::2025-06-25.16:11:46::SCWBDomain::0/libsrc/tmrctr_v4_6/src'

TRACE::2025-06-25.16:11:46::SCWBDomain::"Running Make include in ps7_cortexa9_0/libsrc/uartps_v3_9/src"

TRACE::2025-06-25.16:11:46::SCWBDomain::make -C ps7_cortexa9_0/libsrc/uartps_v3_9/src -s include  "SHELL=CMD" "COMPILER=arm-none-eabi-gcc" "ASSEMBLER=arm-none-eabi-as"
TRACE::2025-06-25.16:11:46::SCWBDomain:: "ARCHIVER=arm-none-eabi-ar" "COMPILER_FLAGS=  -O2 -c" "EXTRA_COMPILER_FLAGS=-mcpu=cortex-a9 -mfpu=vfpv3 -mfloat-abi=hard -nost
TRACE::2025-06-25.16:11:46::SCWBDomain::artfiles -g -Wall -Wextra"

TRACE::2025-06-25.16:11:46::SCWBDomain::make[2]: Entering directory 'D:/proyectosep2/IEE2463-SEP-Proyecto-2-Z8/2_core/vitis/2_core/zynq_fsbl/zynq_fsbl_bsp/ps7_cortexa9
TRACE::2025-06-25.16:11:46::SCWBDomain::_0/libsrc/uartps_v3_9/src'

TRACE::2025-06-25.16:11:46::SCWBDomain::make[2]: Leaving directory 'D:/proyectosep2/IEE2463-SEP-Proyecto-2-Z8/2_core/vitis/2_core/zynq_fsbl/zynq_fsbl_bsp/ps7_cortexa9_
TRACE::2025-06-25.16:11:46::SCWBDomain::0/libsrc/uartps_v3_9/src'

TRACE::2025-06-25.16:11:46::SCWBDomain::"Running Make include in ps7_cortexa9_0/libsrc/usbps_v2_5/src"

TRACE::2025-06-25.16:11:46::SCWBDomain::make -C ps7_cortexa9_0/libsrc/usbps_v2_5/src -s include  "SHELL=CMD" "COMPILER=arm-none-eabi-gcc" "ASSEMBLER=arm-none-eabi-as" 
TRACE::2025-06-25.16:11:46::SCWBDomain::"ARCHIVER=arm-none-eabi-ar" "COMPILER_FLAGS=  -O2 -c" "EXTRA_COMPILER_FLAGS=-mcpu=cortex-a9 -mfpu=vfpv3 -mfloat-abi=hard -nosta
TRACE::2025-06-25.16:11:46::SCWBDomain::rtfiles -g -Wall -Wextra"

TRACE::2025-06-25.16:11:47::SCWBDomain::make[2]: Entering directory 'D:/proyectosep2/IEE2463-SEP-Proyecto-2-Z8/2_core/vitis/2_core/zynq_fsbl/zynq_fsbl_bsp/ps7_cortexa9
TRACE::2025-06-25.16:11:47::SCWBDomain::_0/libsrc/usbps_v2_5/src'

TRACE::2025-06-25.16:11:47::SCWBDomain::make[2]: Leaving directory 'D:/proyectosep2/IEE2463-SEP-Proyecto-2-Z8/2_core/vitis/2_core/zynq_fsbl/zynq_fsbl_bsp/ps7_cortexa9_
TRACE::2025-06-25.16:11:47::SCWBDomain::0/libsrc/usbps_v2_5/src'

TRACE::2025-06-25.16:11:47::SCWBDomain::"Running Make include in ps7_cortexa9_0/libsrc/xadcps_v2_4/src"

TRACE::2025-06-25.16:11:47::SCWBDomain::make -C ps7_cortexa9_0/libsrc/xadcps_v2_4/src -s include  "SHELL=CMD" "COMPILER=arm-none-eabi-gcc" "ASSEMBLER=arm-none-eabi-as"
TRACE::2025-06-25.16:11:47::SCWBDomain:: "ARCHIVER=arm-none-eabi-ar" "COMPILER_FLAGS=  -O2 -c" "EXTRA_COMPILER_FLAGS=-mcpu=cortex-a9 -mfpu=vfpv3 -mfloat-abi=hard -nost
TRACE::2025-06-25.16:11:47::SCWBDomain::artfiles -g -Wall -Wextra"

TRACE::2025-06-25.16:11:47::SCWBDomain::make[2]: Entering directory 'D:/proyectosep2/IEE2463-SEP-Proyecto-2-Z8/2_core/vitis/2_core/zynq_fsbl/zynq_fsbl_bsp/ps7_cortexa9
TRACE::2025-06-25.16:11:47::SCWBDomain::_0/libsrc/xadcps_v2_4/src'

TRACE::2025-06-25.16:11:47::SCWBDomain::make[2]: Leaving directory 'D:/proyectosep2/IEE2463-SEP-Proyecto-2-Z8/2_core/vitis/2_core/zynq_fsbl/zynq_fsbl_bsp/ps7_cortexa9_
TRACE::2025-06-25.16:11:47::SCWBDomain::0/libsrc/xadcps_v2_4/src'

TRACE::2025-06-25.16:11:47::SCWBDomain::"Running Make include in ps7_cortexa9_0/libsrc/xilffs_v4_3/src"

TRACE::2025-06-25.16:11:47::SCWBDomain::make -C ps7_cortexa9_0/libsrc/xilffs_v4_3/src -s include  "SHELL=CMD" "COMPILER=arm-none-eabi-gcc" "ASSEMBLER=arm-none-eabi-as"
TRACE::2025-06-25.16:11:47::SCWBDomain:: "ARCHIVER=arm-none-eabi-ar" "COMPILER_FLAGS=  -O2 -c" "EXTRA_COMPILER_FLAGS=-mcpu=cortex-a9 -mfpu=vfpv3 -mfloat-abi=hard -nost
TRACE::2025-06-25.16:11:47::SCWBDomain::artfiles -g -Wall -Wextra"

TRACE::2025-06-25.16:11:47::SCWBDomain::make[2]: Entering directory 'D:/proyectosep2/IEE2463-SEP-Proyecto-2-Z8/2_core/vitis/2_core/zynq_fsbl/zynq_fsbl_bsp/ps7_cortexa9
TRACE::2025-06-25.16:11:47::SCWBDomain::_0/libsrc/xilffs_v4_3/src'

TRACE::2025-06-25.16:11:47::SCWBDomain::make[2]: Leaving directory 'D:/proyectosep2/IEE2463-SEP-Proyecto-2-Z8/2_core/vitis/2_core/zynq_fsbl/zynq_fsbl_bsp/ps7_cortexa9_
TRACE::2025-06-25.16:11:47::SCWBDomain::0/libsrc/xilffs_v4_3/src'

TRACE::2025-06-25.16:11:47::SCWBDomain::"Running Make include in ps7_cortexa9_0/libsrc/xilrsa_v1_6/src"

TRACE::2025-06-25.16:11:47::SCWBDomain::make -C ps7_cortexa9_0/libsrc/xilrsa_v1_6/src -s include  "SHELL=CMD" "COMPILER=arm-none-eabi-gcc" "ASSEMBLER=arm-none-eabi-as"
TRACE::2025-06-25.16:11:47::SCWBDomain:: "ARCHIVER=arm-none-eabi-ar" "COMPILER_FLAGS=  -O2 -c" "EXTRA_COMPILER_FLAGS=-mcpu=cortex-a9 -mfpu=vfpv3 -mfloat-abi=hard -nost
TRACE::2025-06-25.16:11:47::SCWBDomain::artfiles -g -Wall -Wextra"

TRACE::2025-06-25.16:11:47::SCWBDomain::make[2]: Entering directory 'D:/proyectosep2/IEE2463-SEP-Proyecto-2-Z8/2_core/vitis/2_core/zynq_fsbl/zynq_fsbl_bsp/ps7_cortexa9
TRACE::2025-06-25.16:11:47::SCWBDomain::_0/libsrc/xilrsa_v1_6/src'

TRACE::2025-06-25.16:11:47::SCWBDomain::make[2]: Leaving directory 'D:/proyectosep2/IEE2463-SEP-Proyecto-2-Z8/2_core/vitis/2_core/zynq_fsbl/zynq_fsbl_bsp/ps7_cortexa9_
TRACE::2025-06-25.16:11:47::SCWBDomain::0/libsrc/xilrsa_v1_6/src'

TRACE::2025-06-25.16:11:47::SCWBDomain::"Running Make libs in ps7_cortexa9_0/libsrc/coresightps_dcc_v1_7/src"

TRACE::2025-06-25.16:11:47::SCWBDomain::make -C ps7_cortexa9_0/libsrc/coresightps_dcc_v1_7/src -s libs  "SHELL=CMD" "COMPILER=arm-none-eabi-gcc" "ASSEMBLER=arm-none-ea
TRACE::2025-06-25.16:11:47::SCWBDomain::bi-as" "ARCHIVER=arm-none-eabi-ar" "COMPILER_FLAGS=  -O2 -c" "EXTRA_COMPILER_FLAGS=-mcpu=cortex-a9 -mfpu=vfpv3 -mfloat-abi=hard
TRACE::2025-06-25.16:11:47::SCWBDomain:: -nostartfiles -g -Wall -Wextra"

TRACE::2025-06-25.16:11:47::SCWBDomain::make[2]: Entering directory 'D:/proyectosep2/IEE2463-SEP-Proyecto-2-Z8/2_core/vitis/2_core/zynq_fsbl/zynq_fsbl_bsp/ps7_cortexa9
TRACE::2025-06-25.16:11:47::SCWBDomain::_0/libsrc/coresightps_dcc_v1_7/src'

TRACE::2025-06-25.16:11:47::SCWBDomain::"Compiling coresightps_dcc"

TRACE::2025-06-25.16:11:47::SCWBDomain::make[2]: Leaving directory 'D:/proyectosep2/IEE2463-SEP-Proyecto-2-Z8/2_core/vitis/2_core/zynq_fsbl/zynq_fsbl_bsp/ps7_cortexa9_
TRACE::2025-06-25.16:11:47::SCWBDomain::0/libsrc/coresightps_dcc_v1_7/src'

TRACE::2025-06-25.16:11:47::SCWBDomain::"Running Make libs in ps7_cortexa9_0/libsrc/cpu_cortexa9_v2_9/src"

TRACE::2025-06-25.16:11:47::SCWBDomain::make -C ps7_cortexa9_0/libsrc/cpu_cortexa9_v2_9/src -s libs  "SHELL=CMD" "COMPILER=arm-none-eabi-gcc" "ASSEMBLER=arm-none-eabi-
TRACE::2025-06-25.16:11:47::SCWBDomain::as" "ARCHIVER=arm-none-eabi-ar" "COMPILER_FLAGS=  -O2 -c" "EXTRA_COMPILER_FLAGS=-mcpu=cortex-a9 -mfpu=vfpv3 -mfloat-abi=hard -n
TRACE::2025-06-25.16:11:47::SCWBDomain::ostartfiles -g -Wall -Wextra"

TRACE::2025-06-25.16:11:47::SCWBDomain::make[2]: Entering directory 'D:/proyectosep2/IEE2463-SEP-Proyecto-2-Z8/2_core/vitis/2_core/zynq_fsbl/zynq_fsbl_bsp/ps7_cortexa9
TRACE::2025-06-25.16:11:47::SCWBDomain::_0/libsrc/cpu_cortexa9_v2_9/src'

TRACE::2025-06-25.16:11:47::SCWBDomain::"Compiling cpu_cortexa9"

TRACE::2025-06-25.16:11:47::SCWBDomain::make[2]: Leaving directory 'D:/proyectosep2/IEE2463-SEP-Proyecto-2-Z8/2_core/vitis/2_core/zynq_fsbl/zynq_fsbl_bsp/ps7_cortexa9_
TRACE::2025-06-25.16:11:47::SCWBDomain::0/libsrc/cpu_cortexa9_v2_9/src'

TRACE::2025-06-25.16:11:47::SCWBDomain::"Running Make libs in ps7_cortexa9_0/libsrc/ddrps_v1_1/src"

TRACE::2025-06-25.16:11:47::SCWBDomain::make -C ps7_cortexa9_0/libsrc/ddrps_v1_1/src -s libs  "SHELL=CMD" "COMPILER=arm-none-eabi-gcc" "ASSEMBLER=arm-none-eabi-as" "AR
TRACE::2025-06-25.16:11:47::SCWBDomain::CHIVER=arm-none-eabi-ar" "COMPILER_FLAGS=  -O2 -c" "EXTRA_COMPILER_FLAGS=-mcpu=cortex-a9 -mfpu=vfpv3 -mfloat-abi=hard -nostartf
TRACE::2025-06-25.16:11:47::SCWBDomain::iles -g -Wall -Wextra"

TRACE::2025-06-25.16:11:47::SCWBDomain::make[2]: Entering directory 'D:/proyectosep2/IEE2463-SEP-Proyecto-2-Z8/2_core/vitis/2_core/zynq_fsbl/zynq_fsbl_bsp/ps7_cortexa9
TRACE::2025-06-25.16:11:47::SCWBDomain::_0/libsrc/ddrps_v1_1/src'

TRACE::2025-06-25.16:11:47::SCWBDomain::"Compiling ddrps"

TRACE::2025-06-25.16:11:47::SCWBDomain::make[2]: Leaving directory 'D:/proyectosep2/IEE2463-SEP-Proyecto-2-Z8/2_core/vitis/2_core/zynq_fsbl/zynq_fsbl_bsp/ps7_cortexa9_
TRACE::2025-06-25.16:11:47::SCWBDomain::0/libsrc/ddrps_v1_1/src'

TRACE::2025-06-25.16:11:47::SCWBDomain::"Running Make libs in ps7_cortexa9_0/libsrc/devcfg_v3_6/src"

TRACE::2025-06-25.16:11:47::SCWBDomain::make -C ps7_cortexa9_0/libsrc/devcfg_v3_6/src -s libs  "SHELL=CMD" "COMPILER=arm-none-eabi-gcc" "ASSEMBLER=arm-none-eabi-as" "A
TRACE::2025-06-25.16:11:47::SCWBDomain::RCHIVER=arm-none-eabi-ar" "COMPILER_FLAGS=  -O2 -c" "EXTRA_COMPILER_FLAGS=-mcpu=cortex-a9 -mfpu=vfpv3 -mfloat-abi=hard -nostart
TRACE::2025-06-25.16:11:47::SCWBDomain::files -g -Wall -Wextra"

TRACE::2025-06-25.16:11:47::SCWBDomain::make[2]: Entering directory 'D:/proyectosep2/IEE2463-SEP-Proyecto-2-Z8/2_core/vitis/2_core/zynq_fsbl/zynq_fsbl_bsp/ps7_cortexa9
TRACE::2025-06-25.16:11:47::SCWBDomain::_0/libsrc/devcfg_v3_6/src'

TRACE::2025-06-25.16:11:47::SCWBDomain::"Compiling devcfg"

TRACE::2025-06-25.16:11:48::SCWBDomain::make[2]: Leaving directory 'D:/proyectosep2/IEE2463-SEP-Proyecto-2-Z8/2_core/vitis/2_core/zynq_fsbl/zynq_fsbl_bsp/ps7_cortexa9_
TRACE::2025-06-25.16:11:48::SCWBDomain::0/libsrc/devcfg_v3_6/src'

TRACE::2025-06-25.16:11:48::SCWBDomain::"Running Make libs in ps7_cortexa9_0/libsrc/dmaps_v2_6/src"

TRACE::2025-06-25.16:11:48::SCWBDomain::make -C ps7_cortexa9_0/libsrc/dmaps_v2_6/src -s libs  "SHELL=CMD" "COMPILER=arm-none-eabi-gcc" "ASSEMBLER=arm-none-eabi-as" "AR
TRACE::2025-06-25.16:11:48::SCWBDomain::CHIVER=arm-none-eabi-ar" "COMPILER_FLAGS=  -O2 -c" "EXTRA_COMPILER_FLAGS=-mcpu=cortex-a9 -mfpu=vfpv3 -mfloat-abi=hard -nostartf
TRACE::2025-06-25.16:11:48::SCWBDomain::iles -g -Wall -Wextra"

TRACE::2025-06-25.16:11:48::SCWBDomain::make[2]: Entering directory 'D:/proyectosep2/IEE2463-SEP-Proyecto-2-Z8/2_core/vitis/2_core/zynq_fsbl/zynq_fsbl_bsp/ps7_cortexa9
TRACE::2025-06-25.16:11:48::SCWBDomain::_0/libsrc/dmaps_v2_6/src'

TRACE::2025-06-25.16:11:48::SCWBDomain::"Compiling dmaps"

TRACE::2025-06-25.16:11:49::SCWBDomain::make[2]: Leaving directory 'D:/proyectosep2/IEE2463-SEP-Proyecto-2-Z8/2_core/vitis/2_core/zynq_fsbl/zynq_fsbl_bsp/ps7_cortexa9_
TRACE::2025-06-25.16:11:49::SCWBDomain::0/libsrc/dmaps_v2_6/src'

TRACE::2025-06-25.16:11:49::SCWBDomain::"Running Make libs in ps7_cortexa9_0/libsrc/emacps_v3_11/src"

TRACE::2025-06-25.16:11:49::SCWBDomain::make -C ps7_cortexa9_0/libsrc/emacps_v3_11/src -s libs  "SHELL=CMD" "COMPILER=arm-none-eabi-gcc" "ASSEMBLER=arm-none-eabi-as" "
TRACE::2025-06-25.16:11:49::SCWBDomain::ARCHIVER=arm-none-eabi-ar" "COMPILER_FLAGS=  -O2 -c" "EXTRA_COMPILER_FLAGS=-mcpu=cortex-a9 -mfpu=vfpv3 -mfloat-abi=hard -nostar
TRACE::2025-06-25.16:11:49::SCWBDomain::tfiles -g -Wall -Wextra"

TRACE::2025-06-25.16:11:49::SCWBDomain::make[2]: Entering directory 'D:/proyectosep2/IEE2463-SEP-Proyecto-2-Z8/2_core/vitis/2_core/zynq_fsbl/zynq_fsbl_bsp/ps7_cortexa9
TRACE::2025-06-25.16:11:49::SCWBDomain::_0/libsrc/emacps_v3_11/src'

TRACE::2025-06-25.16:11:49::SCWBDomain::"Compiling emacps"

TRACE::2025-06-25.16:11:50::SCWBDomain::make[2]: Leaving directory 'D:/proyectosep2/IEE2463-SEP-Proyecto-2-Z8/2_core/vitis/2_core/zynq_fsbl/zynq_fsbl_bsp/ps7_cortexa9_
TRACE::2025-06-25.16:11:50::SCWBDomain::0/libsrc/emacps_v3_11/src'

TRACE::2025-06-25.16:11:50::SCWBDomain::"Running Make libs in ps7_cortexa9_0/libsrc/gpiops_v3_7/src"

TRACE::2025-06-25.16:11:50::SCWBDomain::make -C ps7_cortexa9_0/libsrc/gpiops_v3_7/src -s libs  "SHELL=CMD" "COMPILER=arm-none-eabi-gcc" "ASSEMBLER=arm-none-eabi-as" "A
TRACE::2025-06-25.16:11:50::SCWBDomain::RCHIVER=arm-none-eabi-ar" "COMPILER_FLAGS=  -O2 -c" "EXTRA_COMPILER_FLAGS=-mcpu=cortex-a9 -mfpu=vfpv3 -mfloat-abi=hard -nostart
TRACE::2025-06-25.16:11:50::SCWBDomain::files -g -Wall -Wextra"

TRACE::2025-06-25.16:11:50::SCWBDomain::make[2]: Entering directory 'D:/proyectosep2/IEE2463-SEP-Proyecto-2-Z8/2_core/vitis/2_core/zynq_fsbl/zynq_fsbl_bsp/ps7_cortexa9
TRACE::2025-06-25.16:11:50::SCWBDomain::_0/libsrc/gpiops_v3_7/src'

TRACE::2025-06-25.16:11:50::SCWBDomain::"Compiling gpiops"

TRACE::2025-06-25.16:11:50::SCWBDomain::make[2]: Leaving directory 'D:/proyectosep2/IEE2463-SEP-Proyecto-2-Z8/2_core/vitis/2_core/zynq_fsbl/zynq_fsbl_bsp/ps7_cortexa9_
TRACE::2025-06-25.16:11:50::SCWBDomain::0/libsrc/gpiops_v3_7/src'

TRACE::2025-06-25.16:11:50::SCWBDomain::"Running Make libs in ps7_cortexa9_0/libsrc/gpio_v4_6/src"

TRACE::2025-06-25.16:11:50::SCWBDomain::make -C ps7_cortexa9_0/libsrc/gpio_v4_6/src -s libs  "SHELL=CMD" "COMPILER=arm-none-eabi-gcc" "ASSEMBLER=arm-none-eabi-as" "ARC
TRACE::2025-06-25.16:11:50::SCWBDomain::HIVER=arm-none-eabi-ar" "COMPILER_FLAGS=  -O2 -c" "EXTRA_COMPILER_FLAGS=-mcpu=cortex-a9 -mfpu=vfpv3 -mfloat-abi=hard -nostartfi
TRACE::2025-06-25.16:11:50::SCWBDomain::les -g -Wall -Wextra"

TRACE::2025-06-25.16:11:50::SCWBDomain::make[2]: Entering directory 'D:/proyectosep2/IEE2463-SEP-Proyecto-2-Z8/2_core/vitis/2_core/zynq_fsbl/zynq_fsbl_bsp/ps7_cortexa9
TRACE::2025-06-25.16:11:50::SCWBDomain::_0/libsrc/gpio_v4_6/src'

TRACE::2025-06-25.16:11:50::SCWBDomain::"Compiling gpio"

TRACE::2025-06-25.16:11:51::SCWBDomain::make[2]: Leaving directory 'D:/proyectosep2/IEE2463-SEP-Proyecto-2-Z8/2_core/vitis/2_core/zynq_fsbl/zynq_fsbl_bsp/ps7_cortexa9_
TRACE::2025-06-25.16:11:51::SCWBDomain::0/libsrc/gpio_v4_6/src'

TRACE::2025-06-25.16:11:51::SCWBDomain::"Running Make libs in ps7_cortexa9_0/libsrc/iic_v3_6/src"

TRACE::2025-06-25.16:11:51::SCWBDomain::make -C ps7_cortexa9_0/libsrc/iic_v3_6/src -s libs  "SHELL=CMD" "COMPILER=arm-none-eabi-gcc" "ASSEMBLER=arm-none-eabi-as" "ARCH
TRACE::2025-06-25.16:11:51::SCWBDomain::IVER=arm-none-eabi-ar" "COMPILER_FLAGS=  -O2 -c" "EXTRA_COMPILER_FLAGS=-mcpu=cortex-a9 -mfpu=vfpv3 -mfloat-abi=hard -nostartfil
TRACE::2025-06-25.16:11:51::SCWBDomain::es -g -Wall -Wextra"

TRACE::2025-06-25.16:11:51::SCWBDomain::make[2]: Entering directory 'D:/proyectosep2/IEE2463-SEP-Proyecto-2-Z8/2_core/vitis/2_core/zynq_fsbl/zynq_fsbl_bsp/ps7_cortexa9
TRACE::2025-06-25.16:11:51::SCWBDomain::_0/libsrc/iic_v3_6/src'

TRACE::2025-06-25.16:11:51::SCWBDomain::"Compiling iic"

TRACE::2025-06-25.16:11:52::SCWBDomain::make[2]: Leaving directory 'D:/proyectosep2/IEE2463-SEP-Proyecto-2-Z8/2_core/vitis/2_core/zynq_fsbl/zynq_fsbl_bsp/ps7_cortexa9_
TRACE::2025-06-25.16:11:52::SCWBDomain::0/libsrc/iic_v3_6/src'

TRACE::2025-06-25.16:11:52::SCWBDomain::"Running Make libs in ps7_cortexa9_0/libsrc/qspips_v3_7/src"

TRACE::2025-06-25.16:11:52::SCWBDomain::make -C ps7_cortexa9_0/libsrc/qspips_v3_7/src -s libs  "SHELL=CMD" "COMPILER=arm-none-eabi-gcc" "ASSEMBLER=arm-none-eabi-as" "A
TRACE::2025-06-25.16:11:52::SCWBDomain::RCHIVER=arm-none-eabi-ar" "COMPILER_FLAGS=  -O2 -c" "EXTRA_COMPILER_FLAGS=-mcpu=cortex-a9 -mfpu=vfpv3 -mfloat-abi=hard -nostart
TRACE::2025-06-25.16:11:52::SCWBDomain::files -g -Wall -Wextra"

TRACE::2025-06-25.16:11:52::SCWBDomain::make[2]: Entering directory 'D:/proyectosep2/IEE2463-SEP-Proyecto-2-Z8/2_core/vitis/2_core/zynq_fsbl/zynq_fsbl_bsp/ps7_cortexa9
TRACE::2025-06-25.16:11:52::SCWBDomain::_0/libsrc/qspips_v3_7/src'

TRACE::2025-06-25.16:11:52::SCWBDomain::"Compiling qspips"

TRACE::2025-06-25.16:11:53::SCWBDomain::make[2]: Leaving directory 'D:/proyectosep2/IEE2463-SEP-Proyecto-2-Z8/2_core/vitis/2_core/zynq_fsbl/zynq_fsbl_bsp/ps7_cortexa9_
TRACE::2025-06-25.16:11:53::SCWBDomain::0/libsrc/qspips_v3_7/src'

TRACE::2025-06-25.16:11:53::SCWBDomain::"Running Make libs in ps7_cortexa9_0/libsrc/scugic_v4_2/src"

TRACE::2025-06-25.16:11:53::SCWBDomain::make -C ps7_cortexa9_0/libsrc/scugic_v4_2/src -s libs  "SHELL=CMD" "COMPILER=arm-none-eabi-gcc" "ASSEMBLER=arm-none-eabi-as" "A
TRACE::2025-06-25.16:11:53::SCWBDomain::RCHIVER=arm-none-eabi-ar" "COMPILER_FLAGS=  -O2 -c" "EXTRA_COMPILER_FLAGS=-mcpu=cortex-a9 -mfpu=vfpv3 -mfloat-abi=hard -nostart
TRACE::2025-06-25.16:11:53::SCWBDomain::files -g -Wall -Wextra"

TRACE::2025-06-25.16:11:53::SCWBDomain::make[2]: Entering directory 'D:/proyectosep2/IEE2463-SEP-Proyecto-2-Z8/2_core/vitis/2_core/zynq_fsbl/zynq_fsbl_bsp/ps7_cortexa9
TRACE::2025-06-25.16:11:53::SCWBDomain::_0/libsrc/scugic_v4_2/src'

TRACE::2025-06-25.16:11:53::SCWBDomain::"Compiling scugic"

TRACE::2025-06-25.16:11:54::SCWBDomain::make[2]: Leaving directory 'D:/proyectosep2/IEE2463-SEP-Proyecto-2-Z8/2_core/vitis/2_core/zynq_fsbl/zynq_fsbl_bsp/ps7_cortexa9_
TRACE::2025-06-25.16:11:54::SCWBDomain::0/libsrc/scugic_v4_2/src'

TRACE::2025-06-25.16:11:54::SCWBDomain::"Running Make libs in ps7_cortexa9_0/libsrc/scutimer_v2_2/src"

TRACE::2025-06-25.16:11:54::SCWBDomain::make -C ps7_cortexa9_0/libsrc/scutimer_v2_2/src -s libs  "SHELL=CMD" "COMPILER=arm-none-eabi-gcc" "ASSEMBLER=arm-none-eabi-as" 
TRACE::2025-06-25.16:11:54::SCWBDomain::"ARCHIVER=arm-none-eabi-ar" "COMPILER_FLAGS=  -O2 -c" "EXTRA_COMPILER_FLAGS=-mcpu=cortex-a9 -mfpu=vfpv3 -mfloat-abi=hard -nosta
TRACE::2025-06-25.16:11:54::SCWBDomain::rtfiles -g -Wall -Wextra"

TRACE::2025-06-25.16:11:54::SCWBDomain::make[2]: Entering directory 'D:/proyectosep2/IEE2463-SEP-Proyecto-2-Z8/2_core/vitis/2_core/zynq_fsbl/zynq_fsbl_bsp/ps7_cortexa9
TRACE::2025-06-25.16:11:54::SCWBDomain::_0/libsrc/scutimer_v2_2/src'

TRACE::2025-06-25.16:11:54::SCWBDomain::"Compiling scutimer"

TRACE::2025-06-25.16:11:54::SCWBDomain::make[2]: Leaving directory 'D:/proyectosep2/IEE2463-SEP-Proyecto-2-Z8/2_core/vitis/2_core/zynq_fsbl/zynq_fsbl_bsp/ps7_cortexa9_
TRACE::2025-06-25.16:11:54::SCWBDomain::0/libsrc/scutimer_v2_2/src'

TRACE::2025-06-25.16:11:54::SCWBDomain::"Running Make libs in ps7_cortexa9_0/libsrc/scuwdt_v2_2/src"

TRACE::2025-06-25.16:11:54::SCWBDomain::make -C ps7_cortexa9_0/libsrc/scuwdt_v2_2/src -s libs  "SHELL=CMD" "COMPILER=arm-none-eabi-gcc" "ASSEMBLER=arm-none-eabi-as" "A
TRACE::2025-06-25.16:11:54::SCWBDomain::RCHIVER=arm-none-eabi-ar" "COMPILER_FLAGS=  -O2 -c" "EXTRA_COMPILER_FLAGS=-mcpu=cortex-a9 -mfpu=vfpv3 -mfloat-abi=hard -nostart
TRACE::2025-06-25.16:11:54::SCWBDomain::files -g -Wall -Wextra"

TRACE::2025-06-25.16:11:54::SCWBDomain::make[2]: Entering directory 'D:/proyectosep2/IEE2463-SEP-Proyecto-2-Z8/2_core/vitis/2_core/zynq_fsbl/zynq_fsbl_bsp/ps7_cortexa9
TRACE::2025-06-25.16:11:54::SCWBDomain::_0/libsrc/scuwdt_v2_2/src'

TRACE::2025-06-25.16:11:54::SCWBDomain::"Compiling scuwdt"

TRACE::2025-06-25.16:11:55::SCWBDomain::make[2]: Leaving directory 'D:/proyectosep2/IEE2463-SEP-Proyecto-2-Z8/2_core/vitis/2_core/zynq_fsbl/zynq_fsbl_bsp/ps7_cortexa9_
TRACE::2025-06-25.16:11:55::SCWBDomain::0/libsrc/scuwdt_v2_2/src'

TRACE::2025-06-25.16:11:55::SCWBDomain::"Running Make libs in ps7_cortexa9_0/libsrc/sdps_v3_9/src"

TRACE::2025-06-25.16:11:55::SCWBDomain::make -C ps7_cortexa9_0/libsrc/sdps_v3_9/src -s libs  "SHELL=CMD" "COMPILER=arm-none-eabi-gcc" "ASSEMBLER=arm-none-eabi-as" "ARC
TRACE::2025-06-25.16:11:55::SCWBDomain::HIVER=arm-none-eabi-ar" "COMPILER_FLAGS=  -O2 -c" "EXTRA_COMPILER_FLAGS=-mcpu=cortex-a9 -mfpu=vfpv3 -mfloat-abi=hard -nostartfi
TRACE::2025-06-25.16:11:55::SCWBDomain::les -g -Wall -Wextra"

TRACE::2025-06-25.16:11:55::SCWBDomain::make[2]: Entering directory 'D:/proyectosep2/IEE2463-SEP-Proyecto-2-Z8/2_core/vitis/2_core/zynq_fsbl/zynq_fsbl_bsp/ps7_cortexa9
TRACE::2025-06-25.16:11:55::SCWBDomain::_0/libsrc/sdps_v3_9/src'

TRACE::2025-06-25.16:11:55::SCWBDomain::"Compiling sdps"

TRACE::2025-06-25.16:11:56::SCWBDomain::make[2]: Leaving directory 'D:/proyectosep2/IEE2463-SEP-Proyecto-2-Z8/2_core/vitis/2_core/zynq_fsbl/zynq_fsbl_bsp/ps7_cortexa9_
TRACE::2025-06-25.16:11:56::SCWBDomain::0/libsrc/sdps_v3_9/src'

TRACE::2025-06-25.16:11:56::SCWBDomain::"Running Make libs in ps7_cortexa9_0/libsrc/spi_v4_6/src"

TRACE::2025-06-25.16:11:56::SCWBDomain::make -C ps7_cortexa9_0/libsrc/spi_v4_6/src -s libs  "SHELL=CMD" "COMPILER=arm-none-eabi-gcc" "ASSEMBLER=arm-none-eabi-as" "ARCH
TRACE::2025-06-25.16:11:56::SCWBDomain::IVER=arm-none-eabi-ar" "COMPILER_FLAGS=  -O2 -c" "EXTRA_COMPILER_FLAGS=-mcpu=cortex-a9 -mfpu=vfpv3 -mfloat-abi=hard -nostartfil
TRACE::2025-06-25.16:11:56::SCWBDomain::es -g -Wall -Wextra"

TRACE::2025-06-25.16:11:56::SCWBDomain::make[2]: Entering directory 'D:/proyectosep2/IEE2463-SEP-Proyecto-2-Z8/2_core/vitis/2_core/zynq_fsbl/zynq_fsbl_bsp/ps7_cortexa9
TRACE::2025-06-25.16:11:56::SCWBDomain::_0/libsrc/spi_v4_6/src'

TRACE::2025-06-25.16:11:56::SCWBDomain::"Compiling spi"

TRACE::2025-06-25.16:11:57::SCWBDomain::make[2]: Leaving directory 'D:/proyectosep2/IEE2463-SEP-Proyecto-2-Z8/2_core/vitis/2_core/zynq_fsbl/zynq_fsbl_bsp/ps7_cortexa9_
TRACE::2025-06-25.16:11:57::SCWBDomain::0/libsrc/spi_v4_6/src'

TRACE::2025-06-25.16:11:57::SCWBDomain::"Running Make libs in ps7_cortexa9_0/libsrc/standalone_v7_2/src"

TRACE::2025-06-25.16:11:57::SCWBDomain::make -C ps7_cortexa9_0/libsrc/standalone_v7_2/src -s libs  "SHELL=CMD" "COMPILER=arm-none-eabi-gcc" "ASSEMBLER=arm-none-eabi-as
TRACE::2025-06-25.16:11:57::SCWBDomain::" "ARCHIVER=arm-none-eabi-ar" "COMPILER_FLAGS=  -O2 -c" "EXTRA_COMPILER_FLAGS=-mcpu=cortex-a9 -mfpu=vfpv3 -mfloat-abi=hard -nos
TRACE::2025-06-25.16:11:57::SCWBDomain::tartfiles -g -Wall -Wextra"

TRACE::2025-06-25.16:11:57::SCWBDomain::make[2]: Entering directory 'D:/proyectosep2/IEE2463-SEP-Proyecto-2-Z8/2_core/vitis/2_core/zynq_fsbl/zynq_fsbl_bsp/ps7_cortexa9
TRACE::2025-06-25.16:11:57::SCWBDomain::_0/libsrc/standalone_v7_2/src'

TRACE::2025-06-25.16:11:57::SCWBDomain::"Compiling standalone"

TRACE::2025-06-25.16:11:59::SCWBDomain::make[3]: Entering directory 'D:/proyectosep2/IEE2463-SEP-Proyecto-2-Z8/2_core/vitis/2_core/zynq_fsbl/zynq_fsbl_bsp/ps7_cortexa9
TRACE::2025-06-25.16:11:59::SCWBDomain::_0/libsrc/standalone_v7_2/src/profile'

TRACE::2025-06-25.16:11:59::SCWBDomain::make[3]: Leaving directory 'D:/proyectosep2/IEE2463-SEP-Proyecto-2-Z8/2_core/vitis/2_core/zynq_fsbl/zynq_fsbl_bsp/ps7_cortexa9_
TRACE::2025-06-25.16:11:59::SCWBDomain::0/libsrc/standalone_v7_2/src/profile'

TRACE::2025-06-25.16:11:59::SCWBDomain::make[2]: Leaving directory 'D:/proyectosep2/IEE2463-SEP-Proyecto-2-Z8/2_core/vitis/2_core/zynq_fsbl/zynq_fsbl_bsp/ps7_cortexa9_
TRACE::2025-06-25.16:11:59::SCWBDomain::0/libsrc/standalone_v7_2/src'

TRACE::2025-06-25.16:11:59::SCWBDomain::"Running Make libs in ps7_cortexa9_0/libsrc/tmrctr_v4_6/src"

TRACE::2025-06-25.16:11:59::SCWBDomain::make -C ps7_cortexa9_0/libsrc/tmrctr_v4_6/src -s libs  "SHELL=CMD" "COMPILER=arm-none-eabi-gcc" "ASSEMBLER=arm-none-eabi-as" "A
TRACE::2025-06-25.16:11:59::SCWBDomain::RCHIVER=arm-none-eabi-ar" "COMPILER_FLAGS=  -O2 -c" "EXTRA_COMPILER_FLAGS=-mcpu=cortex-a9 -mfpu=vfpv3 -mfloat-abi=hard -nostart
TRACE::2025-06-25.16:11:59::SCWBDomain::files -g -Wall -Wextra"

TRACE::2025-06-25.16:11:59::SCWBDomain::make[2]: Entering directory 'D:/proyectosep2/IEE2463-SEP-Proyecto-2-Z8/2_core/vitis/2_core/zynq_fsbl/zynq_fsbl_bsp/ps7_cortexa9
TRACE::2025-06-25.16:11:59::SCWBDomain::_0/libsrc/tmrctr_v4_6/src'

TRACE::2025-06-25.16:11:59::SCWBDomain::"Compiling tmrctr"

TRACE::2025-06-25.16:12:00::SCWBDomain::make[2]: Leaving directory 'D:/proyectosep2/IEE2463-SEP-Proyecto-2-Z8/2_core/vitis/2_core/zynq_fsbl/zynq_fsbl_bsp/ps7_cortexa9_
TRACE::2025-06-25.16:12:00::SCWBDomain::0/libsrc/tmrctr_v4_6/src'

TRACE::2025-06-25.16:12:00::SCWBDomain::"Running Make libs in ps7_cortexa9_0/libsrc/uartps_v3_9/src"

TRACE::2025-06-25.16:12:00::SCWBDomain::make -C ps7_cortexa9_0/libsrc/uartps_v3_9/src -s libs  "SHELL=CMD" "COMPILER=arm-none-eabi-gcc" "ASSEMBLER=arm-none-eabi-as" "A
TRACE::2025-06-25.16:12:00::SCWBDomain::RCHIVER=arm-none-eabi-ar" "COMPILER_FLAGS=  -O2 -c" "EXTRA_COMPILER_FLAGS=-mcpu=cortex-a9 -mfpu=vfpv3 -mfloat-abi=hard -nostart
TRACE::2025-06-25.16:12:00::SCWBDomain::files -g -Wall -Wextra"

TRACE::2025-06-25.16:12:00::SCWBDomain::make[2]: Entering directory 'D:/proyectosep2/IEE2463-SEP-Proyecto-2-Z8/2_core/vitis/2_core/zynq_fsbl/zynq_fsbl_bsp/ps7_cortexa9
TRACE::2025-06-25.16:12:00::SCWBDomain::_0/libsrc/uartps_v3_9/src'

TRACE::2025-06-25.16:12:00::SCWBDomain::"Compiling uartps"

TRACE::2025-06-25.16:12:01::SCWBDomain::make[2]: Leaving directory 'D:/proyectosep2/IEE2463-SEP-Proyecto-2-Z8/2_core/vitis/2_core/zynq_fsbl/zynq_fsbl_bsp/ps7_cortexa9_
TRACE::2025-06-25.16:12:01::SCWBDomain::0/libsrc/uartps_v3_9/src'

TRACE::2025-06-25.16:12:01::SCWBDomain::"Running Make libs in ps7_cortexa9_0/libsrc/usbps_v2_5/src"

TRACE::2025-06-25.16:12:01::SCWBDomain::make -C ps7_cortexa9_0/libsrc/usbps_v2_5/src -s libs  "SHELL=CMD" "COMPILER=arm-none-eabi-gcc" "ASSEMBLER=arm-none-eabi-as" "AR
TRACE::2025-06-25.16:12:01::SCWBDomain::CHIVER=arm-none-eabi-ar" "COMPILER_FLAGS=  -O2 -c" "EXTRA_COMPILER_FLAGS=-mcpu=cortex-a9 -mfpu=vfpv3 -mfloat-abi=hard -nostartf
TRACE::2025-06-25.16:12:01::SCWBDomain::iles -g -Wall -Wextra"

TRACE::2025-06-25.16:12:01::SCWBDomain::make[2]: Entering directory 'D:/proyectosep2/IEE2463-SEP-Proyecto-2-Z8/2_core/vitis/2_core/zynq_fsbl/zynq_fsbl_bsp/ps7_cortexa9
TRACE::2025-06-25.16:12:01::SCWBDomain::_0/libsrc/usbps_v2_5/src'

TRACE::2025-06-25.16:12:01::SCWBDomain::"Compiling usbps"

TRACE::2025-06-25.16:12:02::SCWBDomain::make[2]: Leaving directory 'D:/proyectosep2/IEE2463-SEP-Proyecto-2-Z8/2_core/vitis/2_core/zynq_fsbl/zynq_fsbl_bsp/ps7_cortexa9_
TRACE::2025-06-25.16:12:02::SCWBDomain::0/libsrc/usbps_v2_5/src'

TRACE::2025-06-25.16:12:02::SCWBDomain::"Running Make libs in ps7_cortexa9_0/libsrc/xadcps_v2_4/src"

TRACE::2025-06-25.16:12:02::SCWBDomain::make -C ps7_cortexa9_0/libsrc/xadcps_v2_4/src -s libs  "SHELL=CMD" "COMPILER=arm-none-eabi-gcc" "ASSEMBLER=arm-none-eabi-as" "A
TRACE::2025-06-25.16:12:02::SCWBDomain::RCHIVER=arm-none-eabi-ar" "COMPILER_FLAGS=  -O2 -c" "EXTRA_COMPILER_FLAGS=-mcpu=cortex-a9 -mfpu=vfpv3 -mfloat-abi=hard -nostart
TRACE::2025-06-25.16:12:02::SCWBDomain::files -g -Wall -Wextra"

TRACE::2025-06-25.16:12:02::SCWBDomain::make[2]: Entering directory 'D:/proyectosep2/IEE2463-SEP-Proyecto-2-Z8/2_core/vitis/2_core/zynq_fsbl/zynq_fsbl_bsp/ps7_cortexa9
TRACE::2025-06-25.16:12:02::SCWBDomain::_0/libsrc/xadcps_v2_4/src'

TRACE::2025-06-25.16:12:02::SCWBDomain::"Compiling xadcps"

TRACE::2025-06-25.16:12:03::SCWBDomain::make[2]: Leaving directory 'D:/proyectosep2/IEE2463-SEP-Proyecto-2-Z8/2_core/vitis/2_core/zynq_fsbl/zynq_fsbl_bsp/ps7_cortexa9_
TRACE::2025-06-25.16:12:03::SCWBDomain::0/libsrc/xadcps_v2_4/src'

TRACE::2025-06-25.16:12:03::SCWBDomain::"Running Make libs in ps7_cortexa9_0/libsrc/xilffs_v4_3/src"

TRACE::2025-06-25.16:12:03::SCWBDomain::make -C ps7_cortexa9_0/libsrc/xilffs_v4_3/src -s libs  "SHELL=CMD" "COMPILER=arm-none-eabi-gcc" "ASSEMBLER=arm-none-eabi-as" "A
TRACE::2025-06-25.16:12:03::SCWBDomain::RCHIVER=arm-none-eabi-ar" "COMPILER_FLAGS=  -O2 -c" "EXTRA_COMPILER_FLAGS=-mcpu=cortex-a9 -mfpu=vfpv3 -mfloat-abi=hard -nostart
TRACE::2025-06-25.16:12:03::SCWBDomain::files -g -Wall -Wextra"

TRACE::2025-06-25.16:12:03::SCWBDomain::make[2]: Entering directory 'D:/proyectosep2/IEE2463-SEP-Proyecto-2-Z8/2_core/vitis/2_core/zynq_fsbl/zynq_fsbl_bsp/ps7_cortexa9
TRACE::2025-06-25.16:12:03::SCWBDomain::_0/libsrc/xilffs_v4_3/src'

TRACE::2025-06-25.16:12:03::SCWBDomain::"Compiling XilFFs Library"

TRACE::2025-06-25.16:12:04::SCWBDomain::make[2]: Leaving directory 'D:/proyectosep2/IEE2463-SEP-Proyecto-2-Z8/2_core/vitis/2_core/zynq_fsbl/zynq_fsbl_bsp/ps7_cortexa9_
TRACE::2025-06-25.16:12:04::SCWBDomain::0/libsrc/xilffs_v4_3/src'

TRACE::2025-06-25.16:12:04::SCWBDomain::"Running Make libs in ps7_cortexa9_0/libsrc/xilrsa_v1_6/src"

TRACE::2025-06-25.16:12:04::SCWBDomain::make -C ps7_cortexa9_0/libsrc/xilrsa_v1_6/src -s libs  "SHELL=CMD" "COMPILER=arm-none-eabi-gcc" "ASSEMBLER=arm-none-eabi-as" "A
TRACE::2025-06-25.16:12:04::SCWBDomain::RCHIVER=arm-none-eabi-ar" "COMPILER_FLAGS=  -O2 -c" "EXTRA_COMPILER_FLAGS=-mcpu=cortex-a9 -mfpu=vfpv3 -mfloat-abi=hard -nostart
TRACE::2025-06-25.16:12:04::SCWBDomain::files -g -Wall -Wextra"

TRACE::2025-06-25.16:12:04::SCWBDomain::make[2]: Entering directory 'D:/proyectosep2/IEE2463-SEP-Proyecto-2-Z8/2_core/vitis/2_core/zynq_fsbl/zynq_fsbl_bsp/ps7_cortexa9
TRACE::2025-06-25.16:12:04::SCWBDomain::_0/libsrc/xilrsa_v1_6/src'

TRACE::2025-06-25.16:12:04::SCWBDomain::make[2]: Leaving directory 'D:/proyectosep2/IEE2463-SEP-Proyecto-2-Z8/2_core/vitis/2_core/zynq_fsbl/zynq_fsbl_bsp/ps7_cortexa9_
TRACE::2025-06-25.16:12:04::SCWBDomain::0/libsrc/xilrsa_v1_6/src'

TRACE::2025-06-25.16:12:04::SCWBDomain::'Finished building libraries'

TRACE::2025-06-25.16:12:04::SCWBDomain::make[1]: Leaving directory 'D:/proyectosep2/IEE2463-SEP-Proyecto-2-Z8/2_core/vitis/2_core/zynq_fsbl/zynq_fsbl_bsp'

TRACE::2025-06-25.16:12:04::SCWBDomain::arm-none-eabi-gcc -MMD -MP       -mcpu=cortex-a9 -mfpu=vfpv3 -mfloat-abi=hard   -O2 -c -c sd.c -o sd.o -Izynq_fsbl_bsp/ps7_cort
TRACE::2025-06-25.16:12:04::SCWBDomain::exa9_0/include -I.

TRACE::2025-06-25.16:12:04::SCWBDomain::arm-none-eabi-gcc -MMD -MP       -mcpu=cortex-a9 -mfpu=vfpv3 -mfloat-abi=hard   -O2 -c -c nand.c -o nand.o -Izynq_fsbl_bsp/ps7_
TRACE::2025-06-25.16:12:04::SCWBDomain::cortexa9_0/include -I.

TRACE::2025-06-25.16:12:04::SCWBDomain::arm-none-eabi-gcc -MMD -MP       -mcpu=cortex-a9 -mfpu=vfpv3 -mfloat-abi=hard   -O2 -c -c nor.c -o nor.o -Izynq_fsbl_bsp/ps7_co
TRACE::2025-06-25.16:12:04::SCWBDomain::rtexa9_0/include -I.

TRACE::2025-06-25.16:12:04::SCWBDomain::arm-none-eabi-gcc -MMD -MP       -mcpu=cortex-a9 -mfpu=vfpv3 -mfloat-abi=hard   -O2 -c -c image_mover.c -o image_mover.o -Izynq
TRACE::2025-06-25.16:12:04::SCWBDomain::_fsbl_bsp/ps7_cortexa9_0/include -I.

TRACE::2025-06-25.16:12:04::SCWBDomain::arm-none-eabi-gcc -MMD -MP       -mcpu=cortex-a9 -mfpu=vfpv3 -mfloat-abi=hard   -O2 -c -c md5.c -o md5.o -Izynq_fsbl_bsp/ps7_co
TRACE::2025-06-25.16:12:04::SCWBDomain::rtexa9_0/include -I.

TRACE::2025-06-25.16:12:04::SCWBDomain::arm-none-eabi-gcc -MMD -MP       -mcpu=cortex-a9 -mfpu=vfpv3 -mfloat-abi=hard   -O2 -c -c fsbl_hooks.c -o fsbl_hooks.o -Izynq_f
TRACE::2025-06-25.16:12:04::SCWBDomain::sbl_bsp/ps7_cortexa9_0/include -I.

TRACE::2025-06-25.16:12:04::SCWBDomain::arm-none-eabi-gcc -MMD -MP       -mcpu=cortex-a9 -mfpu=vfpv3 -mfloat-abi=hard   -O2 -c -c main.c -o main.o -Izynq_fsbl_bsp/ps7_
TRACE::2025-06-25.16:12:04::SCWBDomain::cortexa9_0/include -I.

TRACE::2025-06-25.16:12:05::SCWBDomain::arm-none-eabi-gcc -MMD -MP       -mcpu=cortex-a9 -mfpu=vfpv3 -mfloat-abi=hard   -O2 -c -c rsa.c -o rsa.o -Izynq_fsbl_bsp/ps7_co
TRACE::2025-06-25.16:12:05::SCWBDomain::rtexa9_0/include -I.

TRACE::2025-06-25.16:12:05::SCWBDomain::arm-none-eabi-gcc -MMD -MP       -mcpu=cortex-a9 -mfpu=vfpv3 -mfloat-abi=hard   -O2 -c -c qspi.c -o qspi.o -Izynq_fsbl_bsp/ps7_
TRACE::2025-06-25.16:12:05::SCWBDomain::cortexa9_0/include -I.

TRACE::2025-06-25.16:12:05::SCWBDomain::arm-none-eabi-gcc -MMD -MP       -mcpu=cortex-a9 -mfpu=vfpv3 -mfloat-abi=hard   -O2 -c -c ps7_init.c -o ps7_init.o -Izynq_fsbl_
TRACE::2025-06-25.16:12:05::SCWBDomain::bsp/ps7_cortexa9_0/include -I.

TRACE::2025-06-25.16:12:05::SCWBDomain::arm-none-eabi-gcc -MMD -MP       -mcpu=cortex-a9 -mfpu=vfpv3 -mfloat-abi=hard   -O2 -c -c pcap.c -o pcap.o -Izynq_fsbl_bsp/ps7_
TRACE::2025-06-25.16:12:05::SCWBDomain::cortexa9_0/include -I.

TRACE::2025-06-25.16:12:05::SCWBDomain::arm-none-eabi-gcc -MMD -MP       -mcpu=cortex-a9 -mfpu=vfpv3 -mfloat-abi=hard   -O2 -c -c fsbl_handoff.S -o fsbl_handoff.o -Izy
TRACE::2025-06-25.16:12:05::SCWBDomain::nq_fsbl_bsp/ps7_cortexa9_0/include -I.

TRACE::2025-06-25.16:12:05::SCWBDomain::arm-none-eabi-gcc -o executable.elf  sd.o  nand.o  nor.o  image_mover.o  md5.o  fsbl_hooks.o  main.o  rsa.o  qspi.o  ps7_init.o
TRACE::2025-06-25.16:12:05::SCWBDomain::  pcap.o  fsbl_handoff.o -MMD -MP       -mcpu=cortex-a9 -mfpu=vfpv3 -mfloat-abi=hard   -mcpu=cortex-a9 -mfpu=vfpv3 -mfloat-abi=
TRACE::2025-06-25.16:12:05::SCWBDomain::hard -Wl,-build-id=none -specs=Xilinx.spec  -lrsa -Wl,--start-group,-lxil,-lgcc,-lc,--end-group -Wl,--start-group,-lxilffs,-lxi
TRACE::2025-06-25.16:12:05::SCWBDomain::l,-lgcc,-lc,--end-group -Wl,--start-group,-lrsa,-lxil,-lgcc,-lc,--end-group                                            -Wl,--gc
TRACE::2025-06-25.16:12:05::SCWBDomain::-sections -Lzynq_fsbl_bsp/ps7_cortexa9_0/lib -L./ -Tlscript.ld

LOG::2025-06-25.16:12:05::SCWSystem::Checking the domain standalone_domain
LOG::2025-06-25.16:12:05::SCWSystem::Not a boot domain 
LOG::2025-06-25.16:12:05::SCWSystem::Checking the domain graphics_core
LOG::2025-06-25.16:12:05::SCWSystem::Not a boot domain 
LOG::2025-06-25.16:12:05::SCWSystem::Started Processing the domain standalone_domain
TRACE::2025-06-25.16:12:05::SCWDomain::Generating domain artifcats
TRACE::2025-06-25.16:12:05::SCWMssOS::Generating standalone artifcats
TRACE::2025-06-25.16:12:05::SCWMssOS::Copying the qemu file from  D:/Xilinx/Vitis/2020.1/data/emulation/platforms/zynq/qemu/qemu_args.txt To D:/proyectosep2/IEE2463-SEP-Proyecto-2-Z8/2_core/vitis/2_core/export/2_core/sw/2_core/qemu/
TRACE::2025-06-25.16:12:05::SCWMssOS::Copying the qemu file from  D:/Xilinx/Vitis/2020.1/data/emulation/platforms/zynq/qemu/qemu_args.txt To D:/proyectosep2/IEE2463-SEP-Proyecto-2-Z8/2_core/vitis/2_core/export/2_core/sw/2_core/standalone_domain/qemu/
TRACE::2025-06-25.16:12:05::SCWMssOS:: Copying the user libraries. 
TRACE::2025-06-25.16:12:05::SCWPlatform::Trying to open the hw design at D:/proyectosep2/IEE2463-SEP-Proyecto-2-Z8/2_core/vitis/2_core/hw/DEMO_wrapper.xsa
TRACE::2025-06-25.16:12:05::SCWPlatform::DSA given D:/proyectosep2/IEE2463-SEP-Proyecto-2-Z8/2_core/vitis/2_core/hw/DEMO_wrapper.xsa
TRACE::2025-06-25.16:12:05::SCWPlatform::DSA absoulate path D:/proyectosep2/IEE2463-SEP-Proyecto-2-Z8/2_core/vitis/2_core/hw/DEMO_wrapper.xsa
TRACE::2025-06-25.16:12:05::SCWPlatform::DSA directory D:/proyectosep2/IEE2463-SEP-Proyecto-2-Z8/2_core/vitis/2_core/hw
TRACE::2025-06-25.16:12:05::SCWPlatform:: Platform Path D:/proyectosep2/IEE2463-SEP-Proyecto-2-Z8/2_core/vitis/2_core/hw/DEMO_wrapper.xsa
TRACE::2025-06-25.16:12:05::SCWPlatform:: Unique name xilinx:zybo-z7-10::0.0
TRACE::2025-06-25.16:12:05::SCWPlatform::Trying to set the existing hwdb with name DEMO_wrapper_1
TRACE::2025-06-25.16:12:05::SCWPlatform::Opened existing hwdb DEMO_wrapper_1
TRACE::2025-06-25.16:12:05::SCWPlatform::Found the Hw Db part of the input DSA
TRACE::2025-06-25.16:12:05::SCWMssOS::Checking the sw design at  D:/proyectosep2/IEE2463-SEP-Proyecto-2-Z8/2_core/vitis/2_core/ps7_cortexa9_1/standalone_domain/bsp/system.mss
TRACE::2025-06-25.16:12:05::SCWMssOS::DEBUG:  swdes dump  D:/proyectosep2/IEE2463-SEP-Proyecto-2-Z8/2_core/vitis/2_core/ps7_cortexa9_0/graphics_core/bsp/system.mss|system_1||
D:/proyectosep2/IEE2463-SEP-Proyecto-2-Z8/2_core/vitis/2_core/ps7_cortexa9_1/standalone_domain/bsp/system.mss|system_0||
D:/proyectosep2/IEE2463-SEP-Proyecto-2-Z8/2_core/vitis/2_core/zynq_fsbl/zynq_fsbl_bsp/system.mss|system||

KEYINFO::2025-06-25.16:12:05::SCWMssOS::Could not open the swdb for system_0
KEYINFO::2025-06-25.16:12:05::SCWMssOS::Could not open the sw design at  system_0
ERROR: [Hsi 55-1558] Software Design system_0 is not found

TRACE::2025-06-25.16:12:05::SCWMssOS::Cleared the swdb table entry
TRACE::2025-06-25.16:12:05::SCWMssOS::No sw design opened at  D:/proyectosep2/IEE2463-SEP-Proyecto-2-Z8/2_core/vitis/2_core/ps7_cortexa9_1/standalone_domain/bsp/system.mss
TRACE::2025-06-25.16:12:05::SCWMssOS::mss exists loading the mss file  D:/proyectosep2/IEE2463-SEP-Proyecto-2-Z8/2_core/vitis/2_core/ps7_cortexa9_1/standalone_domain/bsp/system.mss
TRACE::2025-06-25.16:12:05::SCWMssOS::Opened the sw design from mss  D:/proyectosep2/IEE2463-SEP-Proyecto-2-Z8/2_core/vitis/2_core/ps7_cortexa9_1/standalone_domain/bsp/system.mss
TRACE::2025-06-25.16:12:05::SCWMssOS::Adding the swdes entry D:/proyectosep2/IEE2463-SEP-Proyecto-2-Z8/2_core/vitis/2_core/ps7_cortexa9_1/standalone_domain/bsp/system.mss with des name system_0
TRACE::2025-06-25.16:12:05::SCWMssOS::updating the scw layer about changes
TRACE::2025-06-25.16:12:05::SCWMssOS::Opened the sw design.  D:/proyectosep2/IEE2463-SEP-Proyecto-2-Z8/2_core/vitis/2_core/ps7_cortexa9_1/standalone_domain/bsp/system.mss
TRACE::2025-06-25.16:12:05::SCWMssOS::Completed writing the mss file at D:/proyectosep2/IEE2463-SEP-Proyecto-2-Z8/2_core/vitis/2_core/ps7_cortexa9_1/standalone_domain/bsp
TRACE::2025-06-25.16:12:05::SCWMssOS::Mss edits present, copying mssfile into export location D:/proyectosep2/IEE2463-SEP-Proyecto-2-Z8/2_core/vitis/2_core/ps7_cortexa9_1/standalone_domain/bsp/system.mss
TRACE::2025-06-25.16:12:05::SCWMssOS::bsp generated is upto date with the mss file. Skipping bsp generation.
TRACE::2025-06-25.16:12:05::SCWMssOS::BSP is already built. skipping the bsp build ... 
TRACE::2025-06-25.16:12:05::SCWDomain::Building the domain as part of full build :  standalone_domain
TRACE::2025-06-25.16:12:05::SCWMssOS::doing bsp build ... 
TRACE::2025-06-25.16:12:05::SCWMssOS::System Command Ran  D: & cd  D:/proyectosep2/IEE2463-SEP-Proyecto-2-Z8/2_core/vitis/2_core/ps7_cortexa9_1/standalone_domain/bsp & make 
TRACE::2025-06-25.16:12:05::SCWMssOS::"Running Make include in ps7_cortexa9_1/libsrc/coresightps_dcc_v1_7/src"

TRACE::2025-06-25.16:12:05::SCWMssOS::make -C ps7_cortexa9_1/libsrc/coresightps_dcc_v1_7/src -s include  "SHELL=CMD" "COMPILER=arm-none-eabi-gcc" "ASSEMBLER=arm-none
TRACE::2025-06-25.16:12:05::SCWMssOS::-eabi-as" "ARCHIVER=arm-none-eabi-ar" "COMPILER_FLAGS=  -O2 -c" "EXTRA_COMPILER_FLAGS=-mcpu=cortex-a9 -mfpu=vfpv3 -mfloat-abi=h
TRACE::2025-06-25.16:12:05::SCWMssOS::ard -nostartfiles -g -Wall -Wextra"

TRACE::2025-06-25.16:12:05::SCWMssOS::"Running Make include in ps7_cortexa9_1/libsrc/cpu_cortexa9_v2_9/src"

TRACE::2025-06-25.16:12:05::SCWMssOS::make -C ps7_cortexa9_1/libsrc/cpu_cortexa9_v2_9/src -s include  "SHELL=CMD" "COMPILER=arm-none-eabi-gcc" "ASSEMBLER=arm-none-ea
TRACE::2025-06-25.16:12:05::SCWMssOS::bi-as" "ARCHIVER=arm-none-eabi-ar" "COMPILER_FLAGS=  -O2 -c" "EXTRA_COMPILER_FLAGS=-mcpu=cortex-a9 -mfpu=vfpv3 -mfloat-abi=hard
TRACE::2025-06-25.16:12:05::SCWMssOS:: -nostartfiles -g -Wall -Wextra"

TRACE::2025-06-25.16:12:06::SCWMssOS::"Running Make include in ps7_cortexa9_1/libsrc/ddrps_v1_1/src"

TRACE::2025-06-25.16:12:06::SCWMssOS::make -C ps7_cortexa9_1/libsrc/ddrps_v1_1/src -s include  "SHELL=CMD" "COMPILER=arm-none-eabi-gcc" "ASSEMBLER=arm-none-eabi-as" 
TRACE::2025-06-25.16:12:06::SCWMssOS::"ARCHIVER=arm-none-eabi-ar" "COMPILER_FLAGS=  -O2 -c" "EXTRA_COMPILER_FLAGS=-mcpu=cortex-a9 -mfpu=vfpv3 -mfloat-abi=hard -nosta
TRACE::2025-06-25.16:12:06::SCWMssOS::rtfiles -g -Wall -Wextra"

TRACE::2025-06-25.16:12:06::SCWMssOS::"Running Make include in ps7_cortexa9_1/libsrc/devcfg_v3_6/src"

TRACE::2025-06-25.16:12:06::SCWMssOS::make -C ps7_cortexa9_1/libsrc/devcfg_v3_6/src -s include  "SHELL=CMD" "COMPILER=arm-none-eabi-gcc" "ASSEMBLER=arm-none-eabi-as"
TRACE::2025-06-25.16:12:06::SCWMssOS:: "ARCHIVER=arm-none-eabi-ar" "COMPILER_FLAGS=  -O2 -c" "EXTRA_COMPILER_FLAGS=-mcpu=cortex-a9 -mfpu=vfpv3 -mfloat-abi=hard -nost
TRACE::2025-06-25.16:12:06::SCWMssOS::artfiles -g -Wall -Wextra"

TRACE::2025-06-25.16:12:06::SCWMssOS::"Running Make include in ps7_cortexa9_1/libsrc/dmaps_v2_6/src"

TRACE::2025-06-25.16:12:06::SCWMssOS::make -C ps7_cortexa9_1/libsrc/dmaps_v2_6/src -s include  "SHELL=CMD" "COMPILER=arm-none-eabi-gcc" "ASSEMBLER=arm-none-eabi-as" 
TRACE::2025-06-25.16:12:06::SCWMssOS::"ARCHIVER=arm-none-eabi-ar" "COMPILER_FLAGS=  -O2 -c" "EXTRA_COMPILER_FLAGS=-mcpu=cortex-a9 -mfpu=vfpv3 -mfloat-abi=hard -nosta
TRACE::2025-06-25.16:12:06::SCWMssOS::rtfiles -g -Wall -Wextra"

TRACE::2025-06-25.16:12:06::SCWMssOS::"Running Make include in ps7_cortexa9_1/libsrc/emacps_v3_11/src"

TRACE::2025-06-25.16:12:06::SCWMssOS::make -C ps7_cortexa9_1/libsrc/emacps_v3_11/src -s include  "SHELL=CMD" "COMPILER=arm-none-eabi-gcc" "ASSEMBLER=arm-none-eabi-as
TRACE::2025-06-25.16:12:06::SCWMssOS::" "ARCHIVER=arm-none-eabi-ar" "COMPILER_FLAGS=  -O2 -c" "EXTRA_COMPILER_FLAGS=-mcpu=cortex-a9 -mfpu=vfpv3 -mfloat-abi=hard -nos
TRACE::2025-06-25.16:12:06::SCWMssOS::tartfiles -g -Wall -Wextra"

TRACE::2025-06-25.16:12:06::SCWMssOS::"Running Make include in ps7_cortexa9_1/libsrc/gpiops_v3_7/src"

TRACE::2025-06-25.16:12:06::SCWMssOS::make -C ps7_cortexa9_1/libsrc/gpiops_v3_7/src -s include  "SHELL=CMD" "COMPILER=arm-none-eabi-gcc" "ASSEMBLER=arm-none-eabi-as"
TRACE::2025-06-25.16:12:06::SCWMssOS:: "ARCHIVER=arm-none-eabi-ar" "COMPILER_FLAGS=  -O2 -c" "EXTRA_COMPILER_FLAGS=-mcpu=cortex-a9 -mfpu=vfpv3 -mfloat-abi=hard -nost
TRACE::2025-06-25.16:12:06::SCWMssOS::artfiles -g -Wall -Wextra"

TRACE::2025-06-25.16:12:06::SCWMssOS::"Running Make include in ps7_cortexa9_1/libsrc/gpio_v4_6/src"

TRACE::2025-06-25.16:12:06::SCWMssOS::make -C ps7_cortexa9_1/libsrc/gpio_v4_6/src -s include  "SHELL=CMD" "COMPILER=arm-none-eabi-gcc" "ASSEMBLER=arm-none-eabi-as" "
TRACE::2025-06-25.16:12:06::SCWMssOS::ARCHIVER=arm-none-eabi-ar" "COMPILER_FLAGS=  -O2 -c" "EXTRA_COMPILER_FLAGS=-mcpu=cortex-a9 -mfpu=vfpv3 -mfloat-abi=hard -nostar
TRACE::2025-06-25.16:12:06::SCWMssOS::tfiles -g -Wall -Wextra"

TRACE::2025-06-25.16:12:06::SCWMssOS::"Running Make include in ps7_cortexa9_1/libsrc/iic_v3_6/src"

TRACE::2025-06-25.16:12:06::SCWMssOS::make -C ps7_cortexa9_1/libsrc/iic_v3_6/src -s include  "SHELL=CMD" "COMPILER=arm-none-eabi-gcc" "ASSEMBLER=arm-none-eabi-as" "A
TRACE::2025-06-25.16:12:06::SCWMssOS::RCHIVER=arm-none-eabi-ar" "COMPILER_FLAGS=  -O2 -c" "EXTRA_COMPILER_FLAGS=-mcpu=cortex-a9 -mfpu=vfpv3 -mfloat-abi=hard -nostart
TRACE::2025-06-25.16:12:06::SCWMssOS::files -g -Wall -Wextra"

TRACE::2025-06-25.16:12:06::SCWMssOS::"Running Make include in ps7_cortexa9_1/libsrc/qspips_v3_7/src"

TRACE::2025-06-25.16:12:06::SCWMssOS::make -C ps7_cortexa9_1/libsrc/qspips_v3_7/src -s include  "SHELL=CMD" "COMPILER=arm-none-eabi-gcc" "ASSEMBLER=arm-none-eabi-as"
TRACE::2025-06-25.16:12:06::SCWMssOS:: "ARCHIVER=arm-none-eabi-ar" "COMPILER_FLAGS=  -O2 -c" "EXTRA_COMPILER_FLAGS=-mcpu=cortex-a9 -mfpu=vfpv3 -mfloat-abi=hard -nost
TRACE::2025-06-25.16:12:06::SCWMssOS::artfiles -g -Wall -Wextra"

TRACE::2025-06-25.16:12:07::SCWMssOS::"Running Make include in ps7_cortexa9_1/libsrc/scugic_v4_2/src"

TRACE::2025-06-25.16:12:07::SCWMssOS::make -C ps7_cortexa9_1/libsrc/scugic_v4_2/src -s include  "SHELL=CMD" "COMPILER=arm-none-eabi-gcc" "ASSEMBLER=arm-none-eabi-as"
TRACE::2025-06-25.16:12:07::SCWMssOS:: "ARCHIVER=arm-none-eabi-ar" "COMPILER_FLAGS=  -O2 -c" "EXTRA_COMPILER_FLAGS=-mcpu=cortex-a9 -mfpu=vfpv3 -mfloat-abi=hard -nost
TRACE::2025-06-25.16:12:07::SCWMssOS::artfiles -g -Wall -Wextra"

TRACE::2025-06-25.16:12:07::SCWMssOS::"Running Make include in ps7_cortexa9_1/libsrc/scutimer_v2_2/src"

TRACE::2025-06-25.16:12:07::SCWMssOS::make -C ps7_cortexa9_1/libsrc/scutimer_v2_2/src -s include  "SHELL=CMD" "COMPILER=arm-none-eabi-gcc" "ASSEMBLER=arm-none-eabi-a
TRACE::2025-06-25.16:12:07::SCWMssOS::s" "ARCHIVER=arm-none-eabi-ar" "COMPILER_FLAGS=  -O2 -c" "EXTRA_COMPILER_FLAGS=-mcpu=cortex-a9 -mfpu=vfpv3 -mfloat-abi=hard -no
TRACE::2025-06-25.16:12:07::SCWMssOS::startfiles -g -Wall -Wextra"

TRACE::2025-06-25.16:12:07::SCWMssOS::"Running Make include in ps7_cortexa9_1/libsrc/scuwdt_v2_2/src"

TRACE::2025-06-25.16:12:07::SCWMssOS::make -C ps7_cortexa9_1/libsrc/scuwdt_v2_2/src -s include  "SHELL=CMD" "COMPILER=arm-none-eabi-gcc" "ASSEMBLER=arm-none-eabi-as"
TRACE::2025-06-25.16:12:07::SCWMssOS:: "ARCHIVER=arm-none-eabi-ar" "COMPILER_FLAGS=  -O2 -c" "EXTRA_COMPILER_FLAGS=-mcpu=cortex-a9 -mfpu=vfpv3 -mfloat-abi=hard -nost
TRACE::2025-06-25.16:12:07::SCWMssOS::artfiles -g -Wall -Wextra"

TRACE::2025-06-25.16:12:07::SCWMssOS::"Running Make include in ps7_cortexa9_1/libsrc/sdps_v3_9/src"

TRACE::2025-06-25.16:12:07::SCWMssOS::make -C ps7_cortexa9_1/libsrc/sdps_v3_9/src -s include  "SHELL=CMD" "COMPILER=arm-none-eabi-gcc" "ASSEMBLER=arm-none-eabi-as" "
TRACE::2025-06-25.16:12:07::SCWMssOS::ARCHIVER=arm-none-eabi-ar" "COMPILER_FLAGS=  -O2 -c" "EXTRA_COMPILER_FLAGS=-mcpu=cortex-a9 -mfpu=vfpv3 -mfloat-abi=hard -nostar
TRACE::2025-06-25.16:12:07::SCWMssOS::tfiles -g -Wall -Wextra"

TRACE::2025-06-25.16:12:07::SCWMssOS::"Running Make include in ps7_cortexa9_1/libsrc/spi_v4_6/src"

TRACE::2025-06-25.16:12:07::SCWMssOS::make -C ps7_cortexa9_1/libsrc/spi_v4_6/src -s include  "SHELL=CMD" "COMPILER=arm-none-eabi-gcc" "ASSEMBLER=arm-none-eabi-as" "A
TRACE::2025-06-25.16:12:07::SCWMssOS::RCHIVER=arm-none-eabi-ar" "COMPILER_FLAGS=  -O2 -c" "EXTRA_COMPILER_FLAGS=-mcpu=cortex-a9 -mfpu=vfpv3 -mfloat-abi=hard -nostart
TRACE::2025-06-25.16:12:07::SCWMssOS::files -g -Wall -Wextra"

TRACE::2025-06-25.16:12:07::SCWMssOS::"Running Make include in ps7_cortexa9_1/libsrc/standalone_v7_2/src"

TRACE::2025-06-25.16:12:07::SCWMssOS::make -C ps7_cortexa9_1/libsrc/standalone_v7_2/src -s include  "SHELL=CMD" "COMPILER=arm-none-eabi-gcc" "ASSEMBLER=arm-none-eabi
TRACE::2025-06-25.16:12:07::SCWMssOS::-as" "ARCHIVER=arm-none-eabi-ar" "COMPILER_FLAGS=  -O2 -c" "EXTRA_COMPILER_FLAGS=-mcpu=cortex-a9 -mfpu=vfpv3 -mfloat-abi=hard -
TRACE::2025-06-25.16:12:07::SCWMssOS::nostartfiles -g -Wall -Wextra"

TRACE::2025-06-25.16:12:08::SCWMssOS::"Running Make include in ps7_cortexa9_1/libsrc/tmrctr_v4_6/src"

TRACE::2025-06-25.16:12:08::SCWMssOS::make -C ps7_cortexa9_1/libsrc/tmrctr_v4_6/src -s include  "SHELL=CMD" "COMPILER=arm-none-eabi-gcc" "ASSEMBLER=arm-none-eabi-as"
TRACE::2025-06-25.16:12:08::SCWMssOS:: "ARCHIVER=arm-none-eabi-ar" "COMPILER_FLAGS=  -O2 -c" "EXTRA_COMPILER_FLAGS=-mcpu=cortex-a9 -mfpu=vfpv3 -mfloat-abi=hard -nost
TRACE::2025-06-25.16:12:08::SCWMssOS::artfiles -g -Wall -Wextra"

TRACE::2025-06-25.16:12:08::SCWMssOS::"Running Make include in ps7_cortexa9_1/libsrc/uartps_v3_9/src"

TRACE::2025-06-25.16:12:08::SCWMssOS::make -C ps7_cortexa9_1/libsrc/uartps_v3_9/src -s include  "SHELL=CMD" "COMPILER=arm-none-eabi-gcc" "ASSEMBLER=arm-none-eabi-as"
TRACE::2025-06-25.16:12:08::SCWMssOS:: "ARCHIVER=arm-none-eabi-ar" "COMPILER_FLAGS=  -O2 -c" "EXTRA_COMPILER_FLAGS=-mcpu=cortex-a9 -mfpu=vfpv3 -mfloat-abi=hard -nost
TRACE::2025-06-25.16:12:08::SCWMssOS::artfiles -g -Wall -Wextra"

TRACE::2025-06-25.16:12:08::SCWMssOS::"Running Make include in ps7_cortexa9_1/libsrc/usbps_v2_5/src"

TRACE::2025-06-25.16:12:08::SCWMssOS::make -C ps7_cortexa9_1/libsrc/usbps_v2_5/src -s include  "SHELL=CMD" "COMPILER=arm-none-eabi-gcc" "ASSEMBLER=arm-none-eabi-as" 
TRACE::2025-06-25.16:12:08::SCWMssOS::"ARCHIVER=arm-none-eabi-ar" "COMPILER_FLAGS=  -O2 -c" "EXTRA_COMPILER_FLAGS=-mcpu=cortex-a9 -mfpu=vfpv3 -mfloat-abi=hard -nosta
TRACE::2025-06-25.16:12:08::SCWMssOS::rtfiles -g -Wall -Wextra"

TRACE::2025-06-25.16:12:08::SCWMssOS::"Running Make include in ps7_cortexa9_1/libsrc/xadcps_v2_4/src"

TRACE::2025-06-25.16:12:08::SCWMssOS::make -C ps7_cortexa9_1/libsrc/xadcps_v2_4/src -s include  "SHELL=CMD" "COMPILER=arm-none-eabi-gcc" "ASSEMBLER=arm-none-eabi-as"
TRACE::2025-06-25.16:12:08::SCWMssOS:: "ARCHIVER=arm-none-eabi-ar" "COMPILER_FLAGS=  -O2 -c" "EXTRA_COMPILER_FLAGS=-mcpu=cortex-a9 -mfpu=vfpv3 -mfloat-abi=hard -nost
TRACE::2025-06-25.16:12:08::SCWMssOS::artfiles -g -Wall -Wextra"

TRACE::2025-06-25.16:12:08::SCWMssOS::"Running Make include in ps7_cortexa9_1/libsrc/xilffs_v4_3/src"

TRACE::2025-06-25.16:12:08::SCWMssOS::make -C ps7_cortexa9_1/libsrc/xilffs_v4_3/src -s include  "SHELL=CMD" "COMPILER=arm-none-eabi-gcc" "ASSEMBLER=arm-none-eabi-as"
TRACE::2025-06-25.16:12:08::SCWMssOS:: "ARCHIVER=arm-none-eabi-ar" "COMPILER_FLAGS=  -O2 -c" "EXTRA_COMPILER_FLAGS=-mcpu=cortex-a9 -mfpu=vfpv3 -mfloat-abi=hard -nost
TRACE::2025-06-25.16:12:08::SCWMssOS::artfiles -g -Wall -Wextra"

TRACE::2025-06-25.16:12:08::SCWMssOS::"Running Make libs in ps7_cortexa9_1/libsrc/coresightps_dcc_v1_7/src"

TRACE::2025-06-25.16:12:08::SCWMssOS::make -C ps7_cortexa9_1/libsrc/coresightps_dcc_v1_7/src -s libs  "SHELL=CMD" "COMPILER=arm-none-eabi-gcc" "ASSEMBLER=arm-none-ea
TRACE::2025-06-25.16:12:08::SCWMssOS::bi-as" "ARCHIVER=arm-none-eabi-ar" "COMPILER_FLAGS=  -O2 -c" "EXTRA_COMPILER_FLAGS=-mcpu=cortex-a9 -mfpu=vfpv3 -mfloat-abi=hard
TRACE::2025-06-25.16:12:08::SCWMssOS:: -nostartfiles -g -Wall -Wextra"

TRACE::2025-06-25.16:12:08::SCWMssOS::"Compiling coresightps_dcc"

TRACE::2025-06-25.16:12:08::SCWMssOS::"Running Make libs in ps7_cortexa9_1/libsrc/cpu_cortexa9_v2_9/src"

TRACE::2025-06-25.16:12:08::SCWMssOS::make -C ps7_cortexa9_1/libsrc/cpu_cortexa9_v2_9/src -s libs  "SHELL=CMD" "COMPILER=arm-none-eabi-gcc" "ASSEMBLER=arm-none-eabi-
TRACE::2025-06-25.16:12:08::SCWMssOS::as" "ARCHIVER=arm-none-eabi-ar" "COMPILER_FLAGS=  -O2 -c" "EXTRA_COMPILER_FLAGS=-mcpu=cortex-a9 -mfpu=vfpv3 -mfloat-abi=hard -n
TRACE::2025-06-25.16:12:08::SCWMssOS::ostartfiles -g -Wall -Wextra"

TRACE::2025-06-25.16:12:08::SCWMssOS::"Compiling cpu_cortexa9"

TRACE::2025-06-25.16:12:09::SCWMssOS::"Running Make libs in ps7_cortexa9_1/libsrc/ddrps_v1_1/src"

TRACE::2025-06-25.16:12:09::SCWMssOS::make -C ps7_cortexa9_1/libsrc/ddrps_v1_1/src -s libs  "SHELL=CMD" "COMPILER=arm-none-eabi-gcc" "ASSEMBLER=arm-none-eabi-as" "AR
TRACE::2025-06-25.16:12:09::SCWMssOS::CHIVER=arm-none-eabi-ar" "COMPILER_FLAGS=  -O2 -c" "EXTRA_COMPILER_FLAGS=-mcpu=cortex-a9 -mfpu=vfpv3 -mfloat-abi=hard -nostartf
TRACE::2025-06-25.16:12:09::SCWMssOS::iles -g -Wall -Wextra"

TRACE::2025-06-25.16:12:09::SCWMssOS::"Compiling ddrps"

TRACE::2025-06-25.16:12:09::SCWMssOS::"Running Make libs in ps7_cortexa9_1/libsrc/devcfg_v3_6/src"

TRACE::2025-06-25.16:12:09::SCWMssOS::make -C ps7_cortexa9_1/libsrc/devcfg_v3_6/src -s libs  "SHELL=CMD" "COMPILER=arm-none-eabi-gcc" "ASSEMBLER=arm-none-eabi-as" "A
TRACE::2025-06-25.16:12:09::SCWMssOS::RCHIVER=arm-none-eabi-ar" "COMPILER_FLAGS=  -O2 -c" "EXTRA_COMPILER_FLAGS=-mcpu=cortex-a9 -mfpu=vfpv3 -mfloat-abi=hard -nostart
TRACE::2025-06-25.16:12:09::SCWMssOS::files -g -Wall -Wextra"

TRACE::2025-06-25.16:12:09::SCWMssOS::"Compiling devcfg"

TRACE::2025-06-25.16:12:09::SCWMssOS::"Running Make libs in ps7_cortexa9_1/libsrc/dmaps_v2_6/src"

TRACE::2025-06-25.16:12:09::SCWMssOS::make -C ps7_cortexa9_1/libsrc/dmaps_v2_6/src -s libs  "SHELL=CMD" "COMPILER=arm-none-eabi-gcc" "ASSEMBLER=arm-none-eabi-as" "AR
TRACE::2025-06-25.16:12:09::SCWMssOS::CHIVER=arm-none-eabi-ar" "COMPILER_FLAGS=  -O2 -c" "EXTRA_COMPILER_FLAGS=-mcpu=cortex-a9 -mfpu=vfpv3 -mfloat-abi=hard -nostartf
TRACE::2025-06-25.16:12:09::SCWMssOS::iles -g -Wall -Wextra"

TRACE::2025-06-25.16:12:09::SCWMssOS::"Compiling dmaps"

TRACE::2025-06-25.16:12:10::SCWMssOS::"Running Make libs in ps7_cortexa9_1/libsrc/emacps_v3_11/src"

TRACE::2025-06-25.16:12:10::SCWMssOS::make -C ps7_cortexa9_1/libsrc/emacps_v3_11/src -s libs  "SHELL=CMD" "COMPILER=arm-none-eabi-gcc" "ASSEMBLER=arm-none-eabi-as" "
TRACE::2025-06-25.16:12:10::SCWMssOS::ARCHIVER=arm-none-eabi-ar" "COMPILER_FLAGS=  -O2 -c" "EXTRA_COMPILER_FLAGS=-mcpu=cortex-a9 -mfpu=vfpv3 -mfloat-abi=hard -nostar
TRACE::2025-06-25.16:12:10::SCWMssOS::tfiles -g -Wall -Wextra"

TRACE::2025-06-25.16:12:10::SCWMssOS::"Compiling emacps"

TRACE::2025-06-25.16:12:11::SCWMssOS::"Running Make libs in ps7_cortexa9_1/libsrc/gpiops_v3_7/src"

TRACE::2025-06-25.16:12:11::SCWMssOS::make -C ps7_cortexa9_1/libsrc/gpiops_v3_7/src -s libs  "SHELL=CMD" "COMPILER=arm-none-eabi-gcc" "ASSEMBLER=arm-none-eabi-as" "A
TRACE::2025-06-25.16:12:11::SCWMssOS::RCHIVER=arm-none-eabi-ar" "COMPILER_FLAGS=  -O2 -c" "EXTRA_COMPILER_FLAGS=-mcpu=cortex-a9 -mfpu=vfpv3 -mfloat-abi=hard -nostart
TRACE::2025-06-25.16:12:11::SCWMssOS::files -g -Wall -Wextra"

TRACE::2025-06-25.16:12:11::SCWMssOS::"Compiling gpiops"

TRACE::2025-06-25.16:12:12::SCWMssOS::"Running Make libs in ps7_cortexa9_1/libsrc/gpio_v4_6/src"

TRACE::2025-06-25.16:12:12::SCWMssOS::make -C ps7_cortexa9_1/libsrc/gpio_v4_6/src -s libs  "SHELL=CMD" "COMPILER=arm-none-eabi-gcc" "ASSEMBLER=arm-none-eabi-as" "ARC
TRACE::2025-06-25.16:12:12::SCWMssOS::HIVER=arm-none-eabi-ar" "COMPILER_FLAGS=  -O2 -c" "EXTRA_COMPILER_FLAGS=-mcpu=cortex-a9 -mfpu=vfpv3 -mfloat-abi=hard -nostartfi
TRACE::2025-06-25.16:12:12::SCWMssOS::les -g -Wall -Wextra"

TRACE::2025-06-25.16:12:12::SCWMssOS::"Compiling gpio"

TRACE::2025-06-25.16:12:13::SCWMssOS::"Running Make libs in ps7_cortexa9_1/libsrc/iic_v3_6/src"

TRACE::2025-06-25.16:12:13::SCWMssOS::make -C ps7_cortexa9_1/libsrc/iic_v3_6/src -s libs  "SHELL=CMD" "COMPILER=arm-none-eabi-gcc" "ASSEMBLER=arm-none-eabi-as" "ARCH
TRACE::2025-06-25.16:12:13::SCWMssOS::IVER=arm-none-eabi-ar" "COMPILER_FLAGS=  -O2 -c" "EXTRA_COMPILER_FLAGS=-mcpu=cortex-a9 -mfpu=vfpv3 -mfloat-abi=hard -nostartfil
TRACE::2025-06-25.16:12:13::SCWMssOS::es -g -Wall -Wextra"

TRACE::2025-06-25.16:12:13::SCWMssOS::"Compiling iic"

TRACE::2025-06-25.16:12:14::SCWMssOS::"Running Make libs in ps7_cortexa9_1/libsrc/qspips_v3_7/src"

TRACE::2025-06-25.16:12:14::SCWMssOS::make -C ps7_cortexa9_1/libsrc/qspips_v3_7/src -s libs  "SHELL=CMD" "COMPILER=arm-none-eabi-gcc" "ASSEMBLER=arm-none-eabi-as" "A
TRACE::2025-06-25.16:12:14::SCWMssOS::RCHIVER=arm-none-eabi-ar" "COMPILER_FLAGS=  -O2 -c" "EXTRA_COMPILER_FLAGS=-mcpu=cortex-a9 -mfpu=vfpv3 -mfloat-abi=hard -nostart
TRACE::2025-06-25.16:12:14::SCWMssOS::files -g -Wall -Wextra"

TRACE::2025-06-25.16:12:14::SCWMssOS::"Compiling qspips"

TRACE::2025-06-25.16:12:15::SCWMssOS::"Running Make libs in ps7_cortexa9_1/libsrc/scugic_v4_2/src"

TRACE::2025-06-25.16:12:15::SCWMssOS::make -C ps7_cortexa9_1/libsrc/scugic_v4_2/src -s libs  "SHELL=CMD" "COMPILER=arm-none-eabi-gcc" "ASSEMBLER=arm-none-eabi-as" "A
TRACE::2025-06-25.16:12:15::SCWMssOS::RCHIVER=arm-none-eabi-ar" "COMPILER_FLAGS=  -O2 -c" "EXTRA_COMPILER_FLAGS=-mcpu=cortex-a9 -mfpu=vfpv3 -mfloat-abi=hard -nostart
TRACE::2025-06-25.16:12:15::SCWMssOS::files -g -Wall -Wextra"

TRACE::2025-06-25.16:12:15::SCWMssOS::"Compiling scugic"

TRACE::2025-06-25.16:12:16::SCWMssOS::"Running Make libs in ps7_cortexa9_1/libsrc/scutimer_v2_2/src"

TRACE::2025-06-25.16:12:16::SCWMssOS::make -C ps7_cortexa9_1/libsrc/scutimer_v2_2/src -s libs  "SHELL=CMD" "COMPILER=arm-none-eabi-gcc" "ASSEMBLER=arm-none-eabi-as" 
TRACE::2025-06-25.16:12:16::SCWMssOS::"ARCHIVER=arm-none-eabi-ar" "COMPILER_FLAGS=  -O2 -c" "EXTRA_COMPILER_FLAGS=-mcpu=cortex-a9 -mfpu=vfpv3 -mfloat-abi=hard -nosta
TRACE::2025-06-25.16:12:16::SCWMssOS::rtfiles -g -Wall -Wextra"

TRACE::2025-06-25.16:12:16::SCWMssOS::"Compiling scutimer"

TRACE::2025-06-25.16:12:16::SCWMssOS::"Running Make libs in ps7_cortexa9_1/libsrc/scuwdt_v2_2/src"

TRACE::2025-06-25.16:12:16::SCWMssOS::make -C ps7_cortexa9_1/libsrc/scuwdt_v2_2/src -s libs  "SHELL=CMD" "COMPILER=arm-none-eabi-gcc" "ASSEMBLER=arm-none-eabi-as" "A
TRACE::2025-06-25.16:12:16::SCWMssOS::RCHIVER=arm-none-eabi-ar" "COMPILER_FLAGS=  -O2 -c" "EXTRA_COMPILER_FLAGS=-mcpu=cortex-a9 -mfpu=vfpv3 -mfloat-abi=hard -nostart
TRACE::2025-06-25.16:12:16::SCWMssOS::files -g -Wall -Wextra"

TRACE::2025-06-25.16:12:16::SCWMssOS::"Compiling scuwdt"

TRACE::2025-06-25.16:12:17::SCWMssOS::"Running Make libs in ps7_cortexa9_1/libsrc/sdps_v3_9/src"

TRACE::2025-06-25.16:12:17::SCWMssOS::make -C ps7_cortexa9_1/libsrc/sdps_v3_9/src -s libs  "SHELL=CMD" "COMPILER=arm-none-eabi-gcc" "ASSEMBLER=arm-none-eabi-as" "ARC
TRACE::2025-06-25.16:12:17::SCWMssOS::HIVER=arm-none-eabi-ar" "COMPILER_FLAGS=  -O2 -c" "EXTRA_COMPILER_FLAGS=-mcpu=cortex-a9 -mfpu=vfpv3 -mfloat-abi=hard -nostartfi
TRACE::2025-06-25.16:12:17::SCWMssOS::les -g -Wall -Wextra"

TRACE::2025-06-25.16:12:17::SCWMssOS::"Compiling sdps"

TRACE::2025-06-25.16:12:17::SCWMssOS::"Running Make libs in ps7_cortexa9_1/libsrc/spi_v4_6/src"

TRACE::2025-06-25.16:12:17::SCWMssOS::make -C ps7_cortexa9_1/libsrc/spi_v4_6/src -s libs  "SHELL=CMD" "COMPILER=arm-none-eabi-gcc" "ASSEMBLER=arm-none-eabi-as" "ARCH
TRACE::2025-06-25.16:12:17::SCWMssOS::IVER=arm-none-eabi-ar" "COMPILER_FLAGS=  -O2 -c" "EXTRA_COMPILER_FLAGS=-mcpu=cortex-a9 -mfpu=vfpv3 -mfloat-abi=hard -nostartfil
TRACE::2025-06-25.16:12:17::SCWMssOS::es -g -Wall -Wextra"

TRACE::2025-06-25.16:12:18::SCWMssOS::"Compiling spi"

TRACE::2025-06-25.16:12:18::SCWMssOS::"Running Make libs in ps7_cortexa9_1/libsrc/standalone_v7_2/src"

TRACE::2025-06-25.16:12:18::SCWMssOS::make -C ps7_cortexa9_1/libsrc/standalone_v7_2/src -s libs  "SHELL=CMD" "COMPILER=arm-none-eabi-gcc" "ASSEMBLER=arm-none-eabi-as
TRACE::2025-06-25.16:12:18::SCWMssOS::" "ARCHIVER=arm-none-eabi-ar" "COMPILER_FLAGS=  -O2 -c" "EXTRA_COMPILER_FLAGS=-mcpu=cortex-a9 -mfpu=vfpv3 -mfloat-abi=hard -nos
TRACE::2025-06-25.16:12:18::SCWMssOS::tartfiles -g -Wall -Wextra"

TRACE::2025-06-25.16:12:18::SCWMssOS::"Compiling standalone"

TRACE::2025-06-25.16:12:21::SCWMssOS::"Running Make libs in ps7_cortexa9_1/libsrc/tmrctr_v4_6/src"

TRACE::2025-06-25.16:12:21::SCWMssOS::make -C ps7_cortexa9_1/libsrc/tmrctr_v4_6/src -s libs  "SHELL=CMD" "COMPILER=arm-none-eabi-gcc" "ASSEMBLER=arm-none-eabi-as" "A
TRACE::2025-06-25.16:12:21::SCWMssOS::RCHIVER=arm-none-eabi-ar" "COMPILER_FLAGS=  -O2 -c" "EXTRA_COMPILER_FLAGS=-mcpu=cortex-a9 -mfpu=vfpv3 -mfloat-abi=hard -nostart
TRACE::2025-06-25.16:12:21::SCWMssOS::files -g -Wall -Wextra"

TRACE::2025-06-25.16:12:21::SCWMssOS::"Compiling tmrctr"

TRACE::2025-06-25.16:12:22::SCWMssOS::"Running Make libs in ps7_cortexa9_1/libsrc/uartps_v3_9/src"

TRACE::2025-06-25.16:12:22::SCWMssOS::make -C ps7_cortexa9_1/libsrc/uartps_v3_9/src -s libs  "SHELL=CMD" "COMPILER=arm-none-eabi-gcc" "ASSEMBLER=arm-none-eabi-as" "A
TRACE::2025-06-25.16:12:22::SCWMssOS::RCHIVER=arm-none-eabi-ar" "COMPILER_FLAGS=  -O2 -c" "EXTRA_COMPILER_FLAGS=-mcpu=cortex-a9 -mfpu=vfpv3 -mfloat-abi=hard -nostart
TRACE::2025-06-25.16:12:22::SCWMssOS::files -g -Wall -Wextra"

TRACE::2025-06-25.16:12:22::SCWMssOS::"Compiling uartps"

TRACE::2025-06-25.16:12:23::SCWMssOS::"Running Make libs in ps7_cortexa9_1/libsrc/usbps_v2_5/src"

TRACE::2025-06-25.16:12:23::SCWMssOS::make -C ps7_cortexa9_1/libsrc/usbps_v2_5/src -s libs  "SHELL=CMD" "COMPILER=arm-none-eabi-gcc" "ASSEMBLER=arm-none-eabi-as" "AR
TRACE::2025-06-25.16:12:23::SCWMssOS::CHIVER=arm-none-eabi-ar" "COMPILER_FLAGS=  -O2 -c" "EXTRA_COMPILER_FLAGS=-mcpu=cortex-a9 -mfpu=vfpv3 -mfloat-abi=hard -nostartf
TRACE::2025-06-25.16:12:23::SCWMssOS::iles -g -Wall -Wextra"

TRACE::2025-06-25.16:12:23::SCWMssOS::"Compiling usbps"

TRACE::2025-06-25.16:12:24::SCWMssOS::"Running Make libs in ps7_cortexa9_1/libsrc/xadcps_v2_4/src"

TRACE::2025-06-25.16:12:24::SCWMssOS::make -C ps7_cortexa9_1/libsrc/xadcps_v2_4/src -s libs  "SHELL=CMD" "COMPILER=arm-none-eabi-gcc" "ASSEMBLER=arm-none-eabi-as" "A
TRACE::2025-06-25.16:12:24::SCWMssOS::RCHIVER=arm-none-eabi-ar" "COMPILER_FLAGS=  -O2 -c" "EXTRA_COMPILER_FLAGS=-mcpu=cortex-a9 -mfpu=vfpv3 -mfloat-abi=hard -nostart
TRACE::2025-06-25.16:12:24::SCWMssOS::files -g -Wall -Wextra"

TRACE::2025-06-25.16:12:24::SCWMssOS::"Compiling xadcps"

TRACE::2025-06-25.16:12:25::SCWMssOS::"Running Make libs in ps7_cortexa9_1/libsrc/xilffs_v4_3/src"

TRACE::2025-06-25.16:12:25::SCWMssOS::make -C ps7_cortexa9_1/libsrc/xilffs_v4_3/src -s libs  "SHELL=CMD" "COMPILER=arm-none-eabi-gcc" "ASSEMBLER=arm-none-eabi-as" "A
TRACE::2025-06-25.16:12:25::SCWMssOS::RCHIVER=arm-none-eabi-ar" "COMPILER_FLAGS=  -O2 -c" "EXTRA_COMPILER_FLAGS=-mcpu=cortex-a9 -mfpu=vfpv3 -mfloat-abi=hard -nostart
TRACE::2025-06-25.16:12:25::SCWMssOS::files -g -Wall -Wextra"

TRACE::2025-06-25.16:12:25::SCWMssOS::"Compiling XilFFs Library"

TRACE::2025-06-25.16:12:26::SCWMssOS::'Finished building libraries'

TRACE::2025-06-25.16:12:26::SCWMssOS::Copying to export directory.
TRACE::2025-06-25.16:12:26::SCWMssOS:: Checking if to create the Supporting Applications
TRACE::2025-06-25.16:12:26::SCWMssOS:: No Linux domain exists, trying to generate FSBL 
LOG::2025-06-25.16:12:26::SCWSystem::Completed Processing the domain standalone_domain
LOG::2025-06-25.16:12:26::SCWSystem::Started Processing the domain graphics_core
TRACE::2025-06-25.16:12:26::SCWDomain::Generating domain artifcats
TRACE::2025-06-25.16:12:26::SCWMssOS::Generating standalone artifcats
TRACE::2025-06-25.16:12:26::SCWMssOS::Copying the qemu file from  D:/Xilinx/Vitis/2020.1/data/emulation/platforms/zynq/qemu/qemu_args.txt To D:/proyectosep2/IEE2463-SEP-Proyecto-2-Z8/2_core/vitis/2_core/export/2_core/sw/2_core/graphics_core/qemu/
TRACE::2025-06-25.16:12:26::SCWMssOS:: Copying the user libraries. 
TRACE::2025-06-25.16:12:26::SCWPlatform::Trying to open the hw design at D:/proyectosep2/IEE2463-SEP-Proyecto-2-Z8/2_core/vitis/2_core/hw/DEMO_wrapper.xsa
TRACE::2025-06-25.16:12:26::SCWPlatform::DSA given D:/proyectosep2/IEE2463-SEP-Proyecto-2-Z8/2_core/vitis/2_core/hw/DEMO_wrapper.xsa
TRACE::2025-06-25.16:12:26::SCWPlatform::DSA absoulate path D:/proyectosep2/IEE2463-SEP-Proyecto-2-Z8/2_core/vitis/2_core/hw/DEMO_wrapper.xsa
TRACE::2025-06-25.16:12:26::SCWPlatform::DSA directory D:/proyectosep2/IEE2463-SEP-Proyecto-2-Z8/2_core/vitis/2_core/hw
TRACE::2025-06-25.16:12:26::SCWPlatform:: Platform Path D:/proyectosep2/IEE2463-SEP-Proyecto-2-Z8/2_core/vitis/2_core/hw/DEMO_wrapper.xsa
TRACE::2025-06-25.16:12:26::SCWPlatform:: Unique name xilinx:zybo-z7-10::0.0
TRACE::2025-06-25.16:12:26::SCWPlatform::Trying to set the existing hwdb with name DEMO_wrapper_1
TRACE::2025-06-25.16:12:26::SCWPlatform::Opened existing hwdb DEMO_wrapper_1
TRACE::2025-06-25.16:12:26::SCWPlatform::Found the Hw Db part of the input DSA
TRACE::2025-06-25.16:12:26::SCWMssOS::Checking the sw design at  D:/proyectosep2/IEE2463-SEP-Proyecto-2-Z8/2_core/vitis/2_core/ps7_cortexa9_0/graphics_core/bsp/system.mss
TRACE::2025-06-25.16:12:26::SCWMssOS::DEBUG:  swdes dump  D:/proyectosep2/IEE2463-SEP-Proyecto-2-Z8/2_core/vitis/2_core/ps7_cortexa9_0/graphics_core/bsp/system.mss|system_1||
D:/proyectosep2/IEE2463-SEP-Proyecto-2-Z8/2_core/vitis/2_core/ps7_cortexa9_1/standalone_domain/bsp/system.mss|system_0||
D:/proyectosep2/IEE2463-SEP-Proyecto-2-Z8/2_core/vitis/2_core/zynq_fsbl/zynq_fsbl_bsp/system.mss|system||

TRACE::2025-06-25.16:12:26::SCWMssOS::Sw design exists and opened at  D:/proyectosep2/IEE2463-SEP-Proyecto-2-Z8/2_core/vitis/2_core/ps7_cortexa9_0/graphics_core/bsp/system.mss
TRACE::2025-06-25.16:12:26::SCWMssOS::Completed writing the mss file at D:/proyectosep2/IEE2463-SEP-Proyecto-2-Z8/2_core/vitis/2_core/ps7_cortexa9_0/graphics_core/bsp
TRACE::2025-06-25.16:12:26::SCWMssOS::Mss edits present, copying mssfile into export location D:/proyectosep2/IEE2463-SEP-Proyecto-2-Z8/2_core/vitis/2_core/ps7_cortexa9_0/graphics_core/bsp/system.mss
TRACE::2025-06-25.16:12:26::SCWMssOS::bsp generated is upto date with the mss file. Skipping bsp generation.
TRACE::2025-06-25.16:12:26::SCWMssOS::BSP is already built. skipping the bsp build ... 
TRACE::2025-06-25.16:12:26::SCWDomain::Building the domain as part of full build :  graphics_core
TRACE::2025-06-25.16:12:26::SCWMssOS::doing bsp build ... 
TRACE::2025-06-25.16:12:26::SCWMssOS::System Command Ran  D: & cd  D:/proyectosep2/IEE2463-SEP-Proyecto-2-Z8/2_core/vitis/2_core/ps7_cortexa9_0/graphics_core/bsp & make 
TRACE::2025-06-25.16:12:26::SCWMssOS::"Running Make include in ps7_cortexa9_0/libsrc/coresightps_dcc_v1_7/src"

TRACE::2025-06-25.16:12:26::SCWMssOS::make -C ps7_cortexa9_0/libsrc/coresightps_dcc_v1_7/src -s include  "SHELL=CMD" "COMPILER=arm-none-eabi-gcc" "ASSEMBLER=arm-none
TRACE::2025-06-25.16:12:26::SCWMssOS::-eabi-as" "ARCHIVER=arm-none-eabi-ar" "COMPILER_FLAGS=  -O2 -c" "EXTRA_COMPILER_FLAGS=-mcpu=cortex-a9 -mfpu=vfpv3 -mfloat-abi=h
TRACE::2025-06-25.16:12:26::SCWMssOS::ard -nostartfiles -g -Wall -Wextra"

TRACE::2025-06-25.16:12:26::SCWMssOS::"Running Make include in ps7_cortexa9_0/libsrc/cpu_cortexa9_v2_9/src"

TRACE::2025-06-25.16:12:26::SCWMssOS::make -C ps7_cortexa9_0/libsrc/cpu_cortexa9_v2_9/src -s include  "SHELL=CMD" "COMPILER=arm-none-eabi-gcc" "ASSEMBLER=arm-none-ea
TRACE::2025-06-25.16:12:26::SCWMssOS::bi-as" "ARCHIVER=arm-none-eabi-ar" "COMPILER_FLAGS=  -O2 -c" "EXTRA_COMPILER_FLAGS=-mcpu=cortex-a9 -mfpu=vfpv3 -mfloat-abi=hard
TRACE::2025-06-25.16:12:26::SCWMssOS:: -nostartfiles -g -Wall -Wextra"

TRACE::2025-06-25.16:12:26::SCWMssOS::"Running Make include in ps7_cortexa9_0/libsrc/ddrps_v1_1/src"

TRACE::2025-06-25.16:12:26::SCWMssOS::make -C ps7_cortexa9_0/libsrc/ddrps_v1_1/src -s include  "SHELL=CMD" "COMPILER=arm-none-eabi-gcc" "ASSEMBLER=arm-none-eabi-as" 
TRACE::2025-06-25.16:12:26::SCWMssOS::"ARCHIVER=arm-none-eabi-ar" "COMPILER_FLAGS=  -O2 -c" "EXTRA_COMPILER_FLAGS=-mcpu=cortex-a9 -mfpu=vfpv3 -mfloat-abi=hard -nosta
TRACE::2025-06-25.16:12:26::SCWMssOS::rtfiles -g -Wall -Wextra"

TRACE::2025-06-25.16:12:26::SCWMssOS::"Running Make include in ps7_cortexa9_0/libsrc/devcfg_v3_6/src"

TRACE::2025-06-25.16:12:26::SCWMssOS::make -C ps7_cortexa9_0/libsrc/devcfg_v3_6/src -s include  "SHELL=CMD" "COMPILER=arm-none-eabi-gcc" "ASSEMBLER=arm-none-eabi-as"
TRACE::2025-06-25.16:12:26::SCWMssOS:: "ARCHIVER=arm-none-eabi-ar" "COMPILER_FLAGS=  -O2 -c" "EXTRA_COMPILER_FLAGS=-mcpu=cortex-a9 -mfpu=vfpv3 -mfloat-abi=hard -nost
TRACE::2025-06-25.16:12:26::SCWMssOS::artfiles -g -Wall -Wextra"

TRACE::2025-06-25.16:12:26::SCWMssOS::"Running Make include in ps7_cortexa9_0/libsrc/dmaps_v2_6/src"

TRACE::2025-06-25.16:12:26::SCWMssOS::make -C ps7_cortexa9_0/libsrc/dmaps_v2_6/src -s include  "SHELL=CMD" "COMPILER=arm-none-eabi-gcc" "ASSEMBLER=arm-none-eabi-as" 
TRACE::2025-06-25.16:12:26::SCWMssOS::"ARCHIVER=arm-none-eabi-ar" "COMPILER_FLAGS=  -O2 -c" "EXTRA_COMPILER_FLAGS=-mcpu=cortex-a9 -mfpu=vfpv3 -mfloat-abi=hard -nosta
TRACE::2025-06-25.16:12:26::SCWMssOS::rtfiles -g -Wall -Wextra"

TRACE::2025-06-25.16:12:26::SCWMssOS::"Running Make include in ps7_cortexa9_0/libsrc/emacps_v3_11/src"

TRACE::2025-06-25.16:12:26::SCWMssOS::make -C ps7_cortexa9_0/libsrc/emacps_v3_11/src -s include  "SHELL=CMD" "COMPILER=arm-none-eabi-gcc" "ASSEMBLER=arm-none-eabi-as
TRACE::2025-06-25.16:12:26::SCWMssOS::" "ARCHIVER=arm-none-eabi-ar" "COMPILER_FLAGS=  -O2 -c" "EXTRA_COMPILER_FLAGS=-mcpu=cortex-a9 -mfpu=vfpv3 -mfloat-abi=hard -nos
TRACE::2025-06-25.16:12:26::SCWMssOS::tartfiles -g -Wall -Wextra"

TRACE::2025-06-25.16:12:26::SCWMssOS::"Running Make include in ps7_cortexa9_0/libsrc/gpiops_v3_7/src"

TRACE::2025-06-25.16:12:26::SCWMssOS::make -C ps7_cortexa9_0/libsrc/gpiops_v3_7/src -s include  "SHELL=CMD" "COMPILER=arm-none-eabi-gcc" "ASSEMBLER=arm-none-eabi-as"
TRACE::2025-06-25.16:12:26::SCWMssOS:: "ARCHIVER=arm-none-eabi-ar" "COMPILER_FLAGS=  -O2 -c" "EXTRA_COMPILER_FLAGS=-mcpu=cortex-a9 -mfpu=vfpv3 -mfloat-abi=hard -nost
TRACE::2025-06-25.16:12:26::SCWMssOS::artfiles -g -Wall -Wextra"

TRACE::2025-06-25.16:12:26::SCWMssOS::"Running Make include in ps7_cortexa9_0/libsrc/gpio_v4_6/src"

TRACE::2025-06-25.16:12:26::SCWMssOS::make -C ps7_cortexa9_0/libsrc/gpio_v4_6/src -s include  "SHELL=CMD" "COMPILER=arm-none-eabi-gcc" "ASSEMBLER=arm-none-eabi-as" "
TRACE::2025-06-25.16:12:26::SCWMssOS::ARCHIVER=arm-none-eabi-ar" "COMPILER_FLAGS=  -O2 -c" "EXTRA_COMPILER_FLAGS=-mcpu=cortex-a9 -mfpu=vfpv3 -mfloat-abi=hard -nostar
TRACE::2025-06-25.16:12:26::SCWMssOS::tfiles -g -Wall -Wextra"

TRACE::2025-06-25.16:12:26::SCWMssOS::"Running Make include in ps7_cortexa9_0/libsrc/iic_v3_6/src"

TRACE::2025-06-25.16:12:26::SCWMssOS::make -C ps7_cortexa9_0/libsrc/iic_v3_6/src -s include  "SHELL=CMD" "COMPILER=arm-none-eabi-gcc" "ASSEMBLER=arm-none-eabi-as" "A
TRACE::2025-06-25.16:12:26::SCWMssOS::RCHIVER=arm-none-eabi-ar" "COMPILER_FLAGS=  -O2 -c" "EXTRA_COMPILER_FLAGS=-mcpu=cortex-a9 -mfpu=vfpv3 -mfloat-abi=hard -nostart
TRACE::2025-06-25.16:12:26::SCWMssOS::files -g -Wall -Wextra"

TRACE::2025-06-25.16:12:27::SCWMssOS::"Running Make include in ps7_cortexa9_0/libsrc/qspips_v3_7/src"

TRACE::2025-06-25.16:12:27::SCWMssOS::make -C ps7_cortexa9_0/libsrc/qspips_v3_7/src -s include  "SHELL=CMD" "COMPILER=arm-none-eabi-gcc" "ASSEMBLER=arm-none-eabi-as"
TRACE::2025-06-25.16:12:27::SCWMssOS:: "ARCHIVER=arm-none-eabi-ar" "COMPILER_FLAGS=  -O2 -c" "EXTRA_COMPILER_FLAGS=-mcpu=cortex-a9 -mfpu=vfpv3 -mfloat-abi=hard -nost
TRACE::2025-06-25.16:12:27::SCWMssOS::artfiles -g -Wall -Wextra"

TRACE::2025-06-25.16:12:27::SCWMssOS::"Running Make include in ps7_cortexa9_0/libsrc/scugic_v4_2/src"

TRACE::2025-06-25.16:12:27::SCWMssOS::make -C ps7_cortexa9_0/libsrc/scugic_v4_2/src -s include  "SHELL=CMD" "COMPILER=arm-none-eabi-gcc" "ASSEMBLER=arm-none-eabi-as"
TRACE::2025-06-25.16:12:27::SCWMssOS:: "ARCHIVER=arm-none-eabi-ar" "COMPILER_FLAGS=  -O2 -c" "EXTRA_COMPILER_FLAGS=-mcpu=cortex-a9 -mfpu=vfpv3 -mfloat-abi=hard -nost
TRACE::2025-06-25.16:12:27::SCWMssOS::artfiles -g -Wall -Wextra"

TRACE::2025-06-25.16:12:27::SCWMssOS::"Running Make include in ps7_cortexa9_0/libsrc/scutimer_v2_2/src"

TRACE::2025-06-25.16:12:27::SCWMssOS::make -C ps7_cortexa9_0/libsrc/scutimer_v2_2/src -s include  "SHELL=CMD" "COMPILER=arm-none-eabi-gcc" "ASSEMBLER=arm-none-eabi-a
TRACE::2025-06-25.16:12:27::SCWMssOS::s" "ARCHIVER=arm-none-eabi-ar" "COMPILER_FLAGS=  -O2 -c" "EXTRA_COMPILER_FLAGS=-mcpu=cortex-a9 -mfpu=vfpv3 -mfloat-abi=hard -no
TRACE::2025-06-25.16:12:27::SCWMssOS::startfiles -g -Wall -Wextra"

TRACE::2025-06-25.16:12:27::SCWMssOS::"Running Make include in ps7_cortexa9_0/libsrc/scuwdt_v2_2/src"

TRACE::2025-06-25.16:12:27::SCWMssOS::make -C ps7_cortexa9_0/libsrc/scuwdt_v2_2/src -s include  "SHELL=CMD" "COMPILER=arm-none-eabi-gcc" "ASSEMBLER=arm-none-eabi-as"
TRACE::2025-06-25.16:12:27::SCWMssOS:: "ARCHIVER=arm-none-eabi-ar" "COMPILER_FLAGS=  -O2 -c" "EXTRA_COMPILER_FLAGS=-mcpu=cortex-a9 -mfpu=vfpv3 -mfloat-abi=hard -nost
TRACE::2025-06-25.16:12:27::SCWMssOS::artfiles -g -Wall -Wextra"

TRACE::2025-06-25.16:12:27::SCWMssOS::"Running Make include in ps7_cortexa9_0/libsrc/sdps_v3_9/src"

TRACE::2025-06-25.16:12:27::SCWMssOS::make -C ps7_cortexa9_0/libsrc/sdps_v3_9/src -s include  "SHELL=CMD" "COMPILER=arm-none-eabi-gcc" "ASSEMBLER=arm-none-eabi-as" "
TRACE::2025-06-25.16:12:27::SCWMssOS::ARCHIVER=arm-none-eabi-ar" "COMPILER_FLAGS=  -O2 -c" "EXTRA_COMPILER_FLAGS=-mcpu=cortex-a9 -mfpu=vfpv3 -mfloat-abi=hard -nostar
TRACE::2025-06-25.16:12:27::SCWMssOS::tfiles -g -Wall -Wextra"

TRACE::2025-06-25.16:12:27::SCWMssOS::"Running Make include in ps7_cortexa9_0/libsrc/spi_v4_6/src"

TRACE::2025-06-25.16:12:27::SCWMssOS::make -C ps7_cortexa9_0/libsrc/spi_v4_6/src -s include  "SHELL=CMD" "COMPILER=arm-none-eabi-gcc" "ASSEMBLER=arm-none-eabi-as" "A
TRACE::2025-06-25.16:12:27::SCWMssOS::RCHIVER=arm-none-eabi-ar" "COMPILER_FLAGS=  -O2 -c" "EXTRA_COMPILER_FLAGS=-mcpu=cortex-a9 -mfpu=vfpv3 -mfloat-abi=hard -nostart
TRACE::2025-06-25.16:12:27::SCWMssOS::files -g -Wall -Wextra"

TRACE::2025-06-25.16:12:27::SCWMssOS::"Running Make include in ps7_cortexa9_0/libsrc/standalone_v7_2/src"

TRACE::2025-06-25.16:12:27::SCWMssOS::make -C ps7_cortexa9_0/libsrc/standalone_v7_2/src -s include  "SHELL=CMD" "COMPILER=arm-none-eabi-gcc" "ASSEMBLER=arm-none-eabi
TRACE::2025-06-25.16:12:27::SCWMssOS::-as" "ARCHIVER=arm-none-eabi-ar" "COMPILER_FLAGS=  -O2 -c" "EXTRA_COMPILER_FLAGS=-mcpu=cortex-a9 -mfpu=vfpv3 -mfloat-abi=hard -
TRACE::2025-06-25.16:12:27::SCWMssOS::nostartfiles -g -Wall -Wextra"

TRACE::2025-06-25.16:12:28::SCWMssOS::"Running Make include in ps7_cortexa9_0/libsrc/tmrctr_v4_6/src"

TRACE::2025-06-25.16:12:28::SCWMssOS::make -C ps7_cortexa9_0/libsrc/tmrctr_v4_6/src -s include  "SHELL=CMD" "COMPILER=arm-none-eabi-gcc" "ASSEMBLER=arm-none-eabi-as"
TRACE::2025-06-25.16:12:28::SCWMssOS:: "ARCHIVER=arm-none-eabi-ar" "COMPILER_FLAGS=  -O2 -c" "EXTRA_COMPILER_FLAGS=-mcpu=cortex-a9 -mfpu=vfpv3 -mfloat-abi=hard -nost
TRACE::2025-06-25.16:12:28::SCWMssOS::artfiles -g -Wall -Wextra"

TRACE::2025-06-25.16:12:28::SCWMssOS::"Running Make include in ps7_cortexa9_0/libsrc/uartps_v3_9/src"

TRACE::2025-06-25.16:12:28::SCWMssOS::make -C ps7_cortexa9_0/libsrc/uartps_v3_9/src -s include  "SHELL=CMD" "COMPILER=arm-none-eabi-gcc" "ASSEMBLER=arm-none-eabi-as"
TRACE::2025-06-25.16:12:28::SCWMssOS:: "ARCHIVER=arm-none-eabi-ar" "COMPILER_FLAGS=  -O2 -c" "EXTRA_COMPILER_FLAGS=-mcpu=cortex-a9 -mfpu=vfpv3 -mfloat-abi=hard -nost
TRACE::2025-06-25.16:12:28::SCWMssOS::artfiles -g -Wall -Wextra"

TRACE::2025-06-25.16:12:28::SCWMssOS::"Running Make include in ps7_cortexa9_0/libsrc/usbps_v2_5/src"

TRACE::2025-06-25.16:12:28::SCWMssOS::make -C ps7_cortexa9_0/libsrc/usbps_v2_5/src -s include  "SHELL=CMD" "COMPILER=arm-none-eabi-gcc" "ASSEMBLER=arm-none-eabi-as" 
TRACE::2025-06-25.16:12:28::SCWMssOS::"ARCHIVER=arm-none-eabi-ar" "COMPILER_FLAGS=  -O2 -c" "EXTRA_COMPILER_FLAGS=-mcpu=cortex-a9 -mfpu=vfpv3 -mfloat-abi=hard -nosta
TRACE::2025-06-25.16:12:28::SCWMssOS::rtfiles -g -Wall -Wextra"

TRACE::2025-06-25.16:12:28::SCWMssOS::"Running Make include in ps7_cortexa9_0/libsrc/xadcps_v2_4/src"

TRACE::2025-06-25.16:12:28::SCWMssOS::make -C ps7_cortexa9_0/libsrc/xadcps_v2_4/src -s include  "SHELL=CMD" "COMPILER=arm-none-eabi-gcc" "ASSEMBLER=arm-none-eabi-as"
TRACE::2025-06-25.16:12:28::SCWMssOS:: "ARCHIVER=arm-none-eabi-ar" "COMPILER_FLAGS=  -O2 -c" "EXTRA_COMPILER_FLAGS=-mcpu=cortex-a9 -mfpu=vfpv3 -mfloat-abi=hard -nost
TRACE::2025-06-25.16:12:28::SCWMssOS::artfiles -g -Wall -Wextra"

TRACE::2025-06-25.16:12:28::SCWMssOS::"Running Make libs in ps7_cortexa9_0/libsrc/coresightps_dcc_v1_7/src"

TRACE::2025-06-25.16:12:28::SCWMssOS::make -C ps7_cortexa9_0/libsrc/coresightps_dcc_v1_7/src -s libs  "SHELL=CMD" "COMPILER=arm-none-eabi-gcc" "ASSEMBLER=arm-none-ea
TRACE::2025-06-25.16:12:28::SCWMssOS::bi-as" "ARCHIVER=arm-none-eabi-ar" "COMPILER_FLAGS=  -O2 -c" "EXTRA_COMPILER_FLAGS=-mcpu=cortex-a9 -mfpu=vfpv3 -mfloat-abi=hard
TRACE::2025-06-25.16:12:28::SCWMssOS:: -nostartfiles -g -Wall -Wextra"

TRACE::2025-06-25.16:12:28::SCWMssOS::"Compiling coresightps_dcc"

TRACE::2025-06-25.16:12:28::SCWMssOS::"Running Make libs in ps7_cortexa9_0/libsrc/cpu_cortexa9_v2_9/src"

TRACE::2025-06-25.16:12:28::SCWMssOS::make -C ps7_cortexa9_0/libsrc/cpu_cortexa9_v2_9/src -s libs  "SHELL=CMD" "COMPILER=arm-none-eabi-gcc" "ASSEMBLER=arm-none-eabi-
TRACE::2025-06-25.16:12:28::SCWMssOS::as" "ARCHIVER=arm-none-eabi-ar" "COMPILER_FLAGS=  -O2 -c" "EXTRA_COMPILER_FLAGS=-mcpu=cortex-a9 -mfpu=vfpv3 -mfloat-abi=hard -n
TRACE::2025-06-25.16:12:28::SCWMssOS::ostartfiles -g -Wall -Wextra"

TRACE::2025-06-25.16:12:28::SCWMssOS::"Compiling cpu_cortexa9"

TRACE::2025-06-25.16:12:28::SCWMssOS::"Running Make libs in ps7_cortexa9_0/libsrc/ddrps_v1_1/src"

TRACE::2025-06-25.16:12:28::SCWMssOS::make -C ps7_cortexa9_0/libsrc/ddrps_v1_1/src -s libs  "SHELL=CMD" "COMPILER=arm-none-eabi-gcc" "ASSEMBLER=arm-none-eabi-as" "AR
TRACE::2025-06-25.16:12:28::SCWMssOS::CHIVER=arm-none-eabi-ar" "COMPILER_FLAGS=  -O2 -c" "EXTRA_COMPILER_FLAGS=-mcpu=cortex-a9 -mfpu=vfpv3 -mfloat-abi=hard -nostartf
TRACE::2025-06-25.16:12:28::SCWMssOS::iles -g -Wall -Wextra"

TRACE::2025-06-25.16:12:28::SCWMssOS::"Compiling ddrps"

TRACE::2025-06-25.16:12:28::SCWMssOS::"Running Make libs in ps7_cortexa9_0/libsrc/devcfg_v3_6/src"

TRACE::2025-06-25.16:12:28::SCWMssOS::make -C ps7_cortexa9_0/libsrc/devcfg_v3_6/src -s libs  "SHELL=CMD" "COMPILER=arm-none-eabi-gcc" "ASSEMBLER=arm-none-eabi-as" "A
TRACE::2025-06-25.16:12:28::SCWMssOS::RCHIVER=arm-none-eabi-ar" "COMPILER_FLAGS=  -O2 -c" "EXTRA_COMPILER_FLAGS=-mcpu=cortex-a9 -mfpu=vfpv3 -mfloat-abi=hard -nostart
TRACE::2025-06-25.16:12:28::SCWMssOS::files -g -Wall -Wextra"

TRACE::2025-06-25.16:12:28::SCWMssOS::"Compiling devcfg"

TRACE::2025-06-25.16:12:29::SCWMssOS::"Running Make libs in ps7_cortexa9_0/libsrc/dmaps_v2_6/src"

TRACE::2025-06-25.16:12:29::SCWMssOS::make -C ps7_cortexa9_0/libsrc/dmaps_v2_6/src -s libs  "SHELL=CMD" "COMPILER=arm-none-eabi-gcc" "ASSEMBLER=arm-none-eabi-as" "AR
TRACE::2025-06-25.16:12:29::SCWMssOS::CHIVER=arm-none-eabi-ar" "COMPILER_FLAGS=  -O2 -c" "EXTRA_COMPILER_FLAGS=-mcpu=cortex-a9 -mfpu=vfpv3 -mfloat-abi=hard -nostartf
TRACE::2025-06-25.16:12:29::SCWMssOS::iles -g -Wall -Wextra"

TRACE::2025-06-25.16:12:29::SCWMssOS::"Compiling dmaps"

TRACE::2025-06-25.16:12:30::SCWMssOS::"Running Make libs in ps7_cortexa9_0/libsrc/emacps_v3_11/src"

TRACE::2025-06-25.16:12:30::SCWMssOS::make -C ps7_cortexa9_0/libsrc/emacps_v3_11/src -s libs  "SHELL=CMD" "COMPILER=arm-none-eabi-gcc" "ASSEMBLER=arm-none-eabi-as" "
TRACE::2025-06-25.16:12:30::SCWMssOS::ARCHIVER=arm-none-eabi-ar" "COMPILER_FLAGS=  -O2 -c" "EXTRA_COMPILER_FLAGS=-mcpu=cortex-a9 -mfpu=vfpv3 -mfloat-abi=hard -nostar
TRACE::2025-06-25.16:12:30::SCWMssOS::tfiles -g -Wall -Wextra"

TRACE::2025-06-25.16:12:30::SCWMssOS::"Compiling emacps"

TRACE::2025-06-25.16:12:31::SCWMssOS::"Running Make libs in ps7_cortexa9_0/libsrc/gpiops_v3_7/src"

TRACE::2025-06-25.16:12:31::SCWMssOS::make -C ps7_cortexa9_0/libsrc/gpiops_v3_7/src -s libs  "SHELL=CMD" "COMPILER=arm-none-eabi-gcc" "ASSEMBLER=arm-none-eabi-as" "A
TRACE::2025-06-25.16:12:31::SCWMssOS::RCHIVER=arm-none-eabi-ar" "COMPILER_FLAGS=  -O2 -c" "EXTRA_COMPILER_FLAGS=-mcpu=cortex-a9 -mfpu=vfpv3 -mfloat-abi=hard -nostart
TRACE::2025-06-25.16:12:31::SCWMssOS::files -g -Wall -Wextra"

TRACE::2025-06-25.16:12:31::SCWMssOS::"Compiling gpiops"

TRACE::2025-06-25.16:12:31::SCWMssOS::"Running Make libs in ps7_cortexa9_0/libsrc/gpio_v4_6/src"

TRACE::2025-06-25.16:12:31::SCWMssOS::make -C ps7_cortexa9_0/libsrc/gpio_v4_6/src -s libs  "SHELL=CMD" "COMPILER=arm-none-eabi-gcc" "ASSEMBLER=arm-none-eabi-as" "ARC
TRACE::2025-06-25.16:12:31::SCWMssOS::HIVER=arm-none-eabi-ar" "COMPILER_FLAGS=  -O2 -c" "EXTRA_COMPILER_FLAGS=-mcpu=cortex-a9 -mfpu=vfpv3 -mfloat-abi=hard -nostartfi
TRACE::2025-06-25.16:12:31::SCWMssOS::les -g -Wall -Wextra"

TRACE::2025-06-25.16:12:31::SCWMssOS::"Compiling gpio"

TRACE::2025-06-25.16:12:32::SCWMssOS::"Running Make libs in ps7_cortexa9_0/libsrc/iic_v3_6/src"

TRACE::2025-06-25.16:12:32::SCWMssOS::make -C ps7_cortexa9_0/libsrc/iic_v3_6/src -s libs  "SHELL=CMD" "COMPILER=arm-none-eabi-gcc" "ASSEMBLER=arm-none-eabi-as" "ARCH
TRACE::2025-06-25.16:12:32::SCWMssOS::IVER=arm-none-eabi-ar" "COMPILER_FLAGS=  -O2 -c" "EXTRA_COMPILER_FLAGS=-mcpu=cortex-a9 -mfpu=vfpv3 -mfloat-abi=hard -nostartfil
TRACE::2025-06-25.16:12:32::SCWMssOS::es -g -Wall -Wextra"

TRACE::2025-06-25.16:12:32::SCWMssOS::"Compiling iic"

TRACE::2025-06-25.16:12:33::SCWMssOS::"Running Make libs in ps7_cortexa9_0/libsrc/qspips_v3_7/src"

TRACE::2025-06-25.16:12:33::SCWMssOS::make -C ps7_cortexa9_0/libsrc/qspips_v3_7/src -s libs  "SHELL=CMD" "COMPILER=arm-none-eabi-gcc" "ASSEMBLER=arm-none-eabi-as" "A
TRACE::2025-06-25.16:12:33::SCWMssOS::RCHIVER=arm-none-eabi-ar" "COMPILER_FLAGS=  -O2 -c" "EXTRA_COMPILER_FLAGS=-mcpu=cortex-a9 -mfpu=vfpv3 -mfloat-abi=hard -nostart
TRACE::2025-06-25.16:12:33::SCWMssOS::files -g -Wall -Wextra"

TRACE::2025-06-25.16:12:34::SCWMssOS::"Compiling qspips"

TRACE::2025-06-25.16:12:34::SCWMssOS::"Running Make libs in ps7_cortexa9_0/libsrc/scugic_v4_2/src"

TRACE::2025-06-25.16:12:34::SCWMssOS::make -C ps7_cortexa9_0/libsrc/scugic_v4_2/src -s libs  "SHELL=CMD" "COMPILER=arm-none-eabi-gcc" "ASSEMBLER=arm-none-eabi-as" "A
TRACE::2025-06-25.16:12:34::SCWMssOS::RCHIVER=arm-none-eabi-ar" "COMPILER_FLAGS=  -O2 -c" "EXTRA_COMPILER_FLAGS=-mcpu=cortex-a9 -mfpu=vfpv3 -mfloat-abi=hard -nostart
TRACE::2025-06-25.16:12:34::SCWMssOS::files -g -Wall -Wextra"

TRACE::2025-06-25.16:12:34::SCWMssOS::"Compiling scugic"

TRACE::2025-06-25.16:12:35::SCWMssOS::"Running Make libs in ps7_cortexa9_0/libsrc/scutimer_v2_2/src"

TRACE::2025-06-25.16:12:35::SCWMssOS::make -C ps7_cortexa9_0/libsrc/scutimer_v2_2/src -s libs  "SHELL=CMD" "COMPILER=arm-none-eabi-gcc" "ASSEMBLER=arm-none-eabi-as" 
TRACE::2025-06-25.16:12:35::SCWMssOS::"ARCHIVER=arm-none-eabi-ar" "COMPILER_FLAGS=  -O2 -c" "EXTRA_COMPILER_FLAGS=-mcpu=cortex-a9 -mfpu=vfpv3 -mfloat-abi=hard -nosta
TRACE::2025-06-25.16:12:35::SCWMssOS::rtfiles -g -Wall -Wextra"

TRACE::2025-06-25.16:12:35::SCWMssOS::"Compiling scutimer"

TRACE::2025-06-25.16:12:36::SCWMssOS::"Running Make libs in ps7_cortexa9_0/libsrc/scuwdt_v2_2/src"

TRACE::2025-06-25.16:12:36::SCWMssOS::make -C ps7_cortexa9_0/libsrc/scuwdt_v2_2/src -s libs  "SHELL=CMD" "COMPILER=arm-none-eabi-gcc" "ASSEMBLER=arm-none-eabi-as" "A
TRACE::2025-06-25.16:12:36::SCWMssOS::RCHIVER=arm-none-eabi-ar" "COMPILER_FLAGS=  -O2 -c" "EXTRA_COMPILER_FLAGS=-mcpu=cortex-a9 -mfpu=vfpv3 -mfloat-abi=hard -nostart
TRACE::2025-06-25.16:12:36::SCWMssOS::files -g -Wall -Wextra"

TRACE::2025-06-25.16:12:36::SCWMssOS::"Compiling scuwdt"

TRACE::2025-06-25.16:12:36::SCWMssOS::"Running Make libs in ps7_cortexa9_0/libsrc/sdps_v3_9/src"

TRACE::2025-06-25.16:12:36::SCWMssOS::make -C ps7_cortexa9_0/libsrc/sdps_v3_9/src -s libs  "SHELL=CMD" "COMPILER=arm-none-eabi-gcc" "ASSEMBLER=arm-none-eabi-as" "ARC
TRACE::2025-06-25.16:12:36::SCWMssOS::HIVER=arm-none-eabi-ar" "COMPILER_FLAGS=  -O2 -c" "EXTRA_COMPILER_FLAGS=-mcpu=cortex-a9 -mfpu=vfpv3 -mfloat-abi=hard -nostartfi
TRACE::2025-06-25.16:12:36::SCWMssOS::les -g -Wall -Wextra"

TRACE::2025-06-25.16:12:36::SCWMssOS::"Compiling sdps"

TRACE::2025-06-25.16:12:37::SCWMssOS::"Running Make libs in ps7_cortexa9_0/libsrc/spi_v4_6/src"

TRACE::2025-06-25.16:12:37::SCWMssOS::make -C ps7_cortexa9_0/libsrc/spi_v4_6/src -s libs  "SHELL=CMD" "COMPILER=arm-none-eabi-gcc" "ASSEMBLER=arm-none-eabi-as" "ARCH
TRACE::2025-06-25.16:12:37::SCWMssOS::IVER=arm-none-eabi-ar" "COMPILER_FLAGS=  -O2 -c" "EXTRA_COMPILER_FLAGS=-mcpu=cortex-a9 -mfpu=vfpv3 -mfloat-abi=hard -nostartfil
TRACE::2025-06-25.16:12:37::SCWMssOS::es -g -Wall -Wextra"

TRACE::2025-06-25.16:12:37::SCWMssOS::"Compiling spi"

TRACE::2025-06-25.16:12:38::SCWMssOS::"Running Make libs in ps7_cortexa9_0/libsrc/standalone_v7_2/src"

TRACE::2025-06-25.16:12:38::SCWMssOS::make -C ps7_cortexa9_0/libsrc/standalone_v7_2/src -s libs  "SHELL=CMD" "COMPILER=arm-none-eabi-gcc" "ASSEMBLER=arm-none-eabi-as
TRACE::2025-06-25.16:12:38::SCWMssOS::" "ARCHIVER=arm-none-eabi-ar" "COMPILER_FLAGS=  -O2 -c" "EXTRA_COMPILER_FLAGS=-mcpu=cortex-a9 -mfpu=vfpv3 -mfloat-abi=hard -nos
TRACE::2025-06-25.16:12:38::SCWMssOS::tartfiles -g -Wall -Wextra"

TRACE::2025-06-25.16:12:38::SCWMssOS::"Compiling standalone"

TRACE::2025-06-25.16:12:41::SCWMssOS::"Running Make libs in ps7_cortexa9_0/libsrc/tmrctr_v4_6/src"

TRACE::2025-06-25.16:12:41::SCWMssOS::make -C ps7_cortexa9_0/libsrc/tmrctr_v4_6/src -s libs  "SHELL=CMD" "COMPILER=arm-none-eabi-gcc" "ASSEMBLER=arm-none-eabi-as" "A
TRACE::2025-06-25.16:12:41::SCWMssOS::RCHIVER=arm-none-eabi-ar" "COMPILER_FLAGS=  -O2 -c" "EXTRA_COMPILER_FLAGS=-mcpu=cortex-a9 -mfpu=vfpv3 -mfloat-abi=hard -nostart
TRACE::2025-06-25.16:12:41::SCWMssOS::files -g -Wall -Wextra"

TRACE::2025-06-25.16:12:41::SCWMssOS::"Compiling tmrctr"

TRACE::2025-06-25.16:12:41::SCWMssOS::"Running Make libs in ps7_cortexa9_0/libsrc/uartps_v3_9/src"

TRACE::2025-06-25.16:12:41::SCWMssOS::make -C ps7_cortexa9_0/libsrc/uartps_v3_9/src -s libs  "SHELL=CMD" "COMPILER=arm-none-eabi-gcc" "ASSEMBLER=arm-none-eabi-as" "A
TRACE::2025-06-25.16:12:41::SCWMssOS::RCHIVER=arm-none-eabi-ar" "COMPILER_FLAGS=  -O2 -c" "EXTRA_COMPILER_FLAGS=-mcpu=cortex-a9 -mfpu=vfpv3 -mfloat-abi=hard -nostart
TRACE::2025-06-25.16:12:41::SCWMssOS::files -g -Wall -Wextra"

TRACE::2025-06-25.16:12:41::SCWMssOS::"Compiling uartps"

TRACE::2025-06-25.16:12:42::SCWMssOS::"Running Make libs in ps7_cortexa9_0/libsrc/usbps_v2_5/src"

TRACE::2025-06-25.16:12:42::SCWMssOS::make -C ps7_cortexa9_0/libsrc/usbps_v2_5/src -s libs  "SHELL=CMD" "COMPILER=arm-none-eabi-gcc" "ASSEMBLER=arm-none-eabi-as" "AR
TRACE::2025-06-25.16:12:42::SCWMssOS::CHIVER=arm-none-eabi-ar" "COMPILER_FLAGS=  -O2 -c" "EXTRA_COMPILER_FLAGS=-mcpu=cortex-a9 -mfpu=vfpv3 -mfloat-abi=hard -nostartf
TRACE::2025-06-25.16:12:42::SCWMssOS::iles -g -Wall -Wextra"

TRACE::2025-06-25.16:12:42::SCWMssOS::"Compiling usbps"

TRACE::2025-06-25.16:12:43::SCWMssOS::"Running Make libs in ps7_cortexa9_0/libsrc/xadcps_v2_4/src"

TRACE::2025-06-25.16:12:43::SCWMssOS::make -C ps7_cortexa9_0/libsrc/xadcps_v2_4/src -s libs  "SHELL=CMD" "COMPILER=arm-none-eabi-gcc" "ASSEMBLER=arm-none-eabi-as" "A
TRACE::2025-06-25.16:12:43::SCWMssOS::RCHIVER=arm-none-eabi-ar" "COMPILER_FLAGS=  -O2 -c" "EXTRA_COMPILER_FLAGS=-mcpu=cortex-a9 -mfpu=vfpv3 -mfloat-abi=hard -nostart
TRACE::2025-06-25.16:12:43::SCWMssOS::files -g -Wall -Wextra"

TRACE::2025-06-25.16:12:43::SCWMssOS::"Compiling xadcps"

TRACE::2025-06-25.16:12:44::SCWMssOS::'Finished building libraries'

TRACE::2025-06-25.16:12:44::SCWMssOS::Copying to export directory.
TRACE::2025-06-25.16:12:44::SCWMssOS:: Checking if to create the Supporting Applications
TRACE::2025-06-25.16:12:44::SCWMssOS:: No Linux domain exists, trying to generate FSBL 
LOG::2025-06-25.16:12:44::SCWSystem::Completed Processing the domain graphics_core
LOG::2025-06-25.16:12:44::SCWSystem::Completed Processing the sysconfig 2_core
LOG::2025-06-25.16:12:44::SCWPlatform::Completed generating the artifacts for system configuration 2_core
TRACE::2025-06-25.16:12:44::SCWPlatform::Started preparing the platform 
TRACE::2025-06-25.16:12:44::SCWSystem::Writing the bif file for system config 2_core
TRACE::2025-06-25.16:12:44::SCWSystem::dir created 
TRACE::2025-06-25.16:12:44::SCWSystem::Writing the bif 
TRACE::2025-06-25.16:12:44::SCWPlatform::Started writing the spfm file 
TRACE::2025-06-25.16:12:44::SCWPlatform::Started writing the xpfm file 
TRACE::2025-06-25.16:12:44::SCWPlatform::Completed generating the platform
TRACE::2025-06-25.16:12:44::SCWMssOS::Saving the mss changes D:/proyectosep2/IEE2463-SEP-Proyecto-2-Z8/2_core/vitis/2_core/zynq_fsbl/zynq_fsbl_bsp/system.mss
TRACE::2025-06-25.16:12:44::SCWMssOS::Found a swdesign opened with the mssfile.
TRACE::2025-06-25.16:12:44::SCWMssOS::Completed writemss as part of save.
TRACE::2025-06-25.16:12:44::SCWMssOS::Commit changes completed.
TRACE::2025-06-25.16:12:44::SCWMssOS::Saving the mss changes D:/proyectosep2/IEE2463-SEP-Proyecto-2-Z8/2_core/vitis/2_core/ps7_cortexa9_1/standalone_domain/bsp/system.mss
TRACE::2025-06-25.16:12:44::SCWMssOS::Found a swdesign opened with the mssfile.
TRACE::2025-06-25.16:12:44::SCWMssOS::Completed writemss as part of save.
TRACE::2025-06-25.16:12:44::SCWMssOS::Commit changes completed.
TRACE::2025-06-25.16:12:44::SCWMssOS::Saving the mss changes D:/proyectosep2/IEE2463-SEP-Proyecto-2-Z8/2_core/vitis/2_core/ps7_cortexa9_0/graphics_core/bsp/system.mss
TRACE::2025-06-25.16:12:44::SCWMssOS::Found a swdesign opened with the mssfile.
TRACE::2025-06-25.16:12:44::SCWMssOS::Completed writemss as part of save.
TRACE::2025-06-25.16:12:44::SCWMssOS::Commit changes completed.
TRACE::2025-06-25.16:12:44::SCWPlatform::Trying to open the hw design at D:/proyectosep2/IEE2463-SEP-Proyecto-2-Z8/2_core/vitis/2_core/hw/DEMO_wrapper.xsa
TRACE::2025-06-25.16:12:44::SCWPlatform::DSA given D:/proyectosep2/IEE2463-SEP-Proyecto-2-Z8/2_core/vitis/2_core/hw/DEMO_wrapper.xsa
TRACE::2025-06-25.16:12:44::SCWPlatform::DSA absoulate path D:/proyectosep2/IEE2463-SEP-Proyecto-2-Z8/2_core/vitis/2_core/hw/DEMO_wrapper.xsa
TRACE::2025-06-25.16:12:44::SCWPlatform::DSA directory D:/proyectosep2/IEE2463-SEP-Proyecto-2-Z8/2_core/vitis/2_core/hw
TRACE::2025-06-25.16:12:44::SCWPlatform:: Platform Path D:/proyectosep2/IEE2463-SEP-Proyecto-2-Z8/2_core/vitis/2_core/hw/DEMO_wrapper.xsa
TRACE::2025-06-25.16:12:44::SCWPlatform:: Unique name xilinx:zybo-z7-10::0.0
TRACE::2025-06-25.16:12:44::SCWPlatform::Trying to set the existing hwdb with name DEMO_wrapper_1
TRACE::2025-06-25.16:12:44::SCWPlatform::Opened existing hwdb DEMO_wrapper_1
TRACE::2025-06-25.16:12:44::SCWPlatform::Found the Hw Db part of the input DSA
TRACE::2025-06-25.16:12:44::SCWMssOS::Checking the sw design at  D:/proyectosep2/IEE2463-SEP-Proyecto-2-Z8/2_core/vitis/2_core/zynq_fsbl/zynq_fsbl_bsp/system.mss
TRACE::2025-06-25.16:12:44::SCWMssOS::DEBUG:  swdes dump  D:/proyectosep2/IEE2463-SEP-Proyecto-2-Z8/2_core/vitis/2_core/ps7_cortexa9_0/graphics_core/bsp/system.mss|system_1||
D:/proyectosep2/IEE2463-SEP-Proyecto-2-Z8/2_core/vitis/2_core/ps7_cortexa9_1/standalone_domain/bsp/system.mss|system_0||
D:/proyectosep2/IEE2463-SEP-Proyecto-2-Z8/2_core/vitis/2_core/zynq_fsbl/zynq_fsbl_bsp/system.mss|system||

TRACE::2025-06-25.16:12:44::SCWMssOS::Sw design exists and opened at  D:/proyectosep2/IEE2463-SEP-Proyecto-2-Z8/2_core/vitis/2_core/zynq_fsbl/zynq_fsbl_bsp/system.mss
TRACE::2025-06-25.16:12:44::SCWPlatform::Trying to open the hw design at D:/proyectosep2/IEE2463-SEP-Proyecto-2-Z8/2_core/vitis/2_core/hw/DEMO_wrapper.xsa
TRACE::2025-06-25.16:12:44::SCWPlatform::DSA given D:/proyectosep2/IEE2463-SEP-Proyecto-2-Z8/2_core/vitis/2_core/hw/DEMO_wrapper.xsa
TRACE::2025-06-25.16:12:44::SCWPlatform::DSA absoulate path D:/proyectosep2/IEE2463-SEP-Proyecto-2-Z8/2_core/vitis/2_core/hw/DEMO_wrapper.xsa
TRACE::2025-06-25.16:12:44::SCWPlatform::DSA directory D:/proyectosep2/IEE2463-SEP-Proyecto-2-Z8/2_core/vitis/2_core/hw
TRACE::2025-06-25.16:12:44::SCWPlatform:: Platform Path D:/proyectosep2/IEE2463-SEP-Proyecto-2-Z8/2_core/vitis/2_core/hw/DEMO_wrapper.xsa
TRACE::2025-06-25.16:12:44::SCWPlatform:: Unique name xilinx:zybo-z7-10::0.0
TRACE::2025-06-25.16:12:44::SCWPlatform::Trying to set the existing hwdb with name DEMO_wrapper_1
TRACE::2025-06-25.16:12:44::SCWPlatform::Opened existing hwdb DEMO_wrapper_1
TRACE::2025-06-25.16:12:44::SCWPlatform::Found the Hw Db part of the input DSA
TRACE::2025-06-25.16:12:44::SCWMssOS::Checking the sw design at  D:/proyectosep2/IEE2463-SEP-Proyecto-2-Z8/2_core/vitis/2_core/ps7_cortexa9_1/standalone_domain/bsp/system.mss
TRACE::2025-06-25.16:12:44::SCWMssOS::DEBUG:  swdes dump  D:/proyectosep2/IEE2463-SEP-Proyecto-2-Z8/2_core/vitis/2_core/ps7_cortexa9_0/graphics_core/bsp/system.mss|system_1||
D:/proyectosep2/IEE2463-SEP-Proyecto-2-Z8/2_core/vitis/2_core/ps7_cortexa9_1/standalone_domain/bsp/system.mss|system_0||
D:/proyectosep2/IEE2463-SEP-Proyecto-2-Z8/2_core/vitis/2_core/zynq_fsbl/zynq_fsbl_bsp/system.mss|system||

TRACE::2025-06-25.16:12:44::SCWMssOS::Sw design exists and opened at  D:/proyectosep2/IEE2463-SEP-Proyecto-2-Z8/2_core/vitis/2_core/ps7_cortexa9_1/standalone_domain/bsp/system.mss
TRACE::2025-06-25.16:12:44::SCWPlatform::Trying to open the hw design at D:/proyectosep2/IEE2463-SEP-Proyecto-2-Z8/2_core/vitis/2_core/hw/DEMO_wrapper.xsa
TRACE::2025-06-25.16:12:44::SCWPlatform::DSA given D:/proyectosep2/IEE2463-SEP-Proyecto-2-Z8/2_core/vitis/2_core/hw/DEMO_wrapper.xsa
TRACE::2025-06-25.16:12:44::SCWPlatform::DSA absoulate path D:/proyectosep2/IEE2463-SEP-Proyecto-2-Z8/2_core/vitis/2_core/hw/DEMO_wrapper.xsa
TRACE::2025-06-25.16:12:44::SCWPlatform::DSA directory D:/proyectosep2/IEE2463-SEP-Proyecto-2-Z8/2_core/vitis/2_core/hw
TRACE::2025-06-25.16:12:44::SCWPlatform:: Platform Path D:/proyectosep2/IEE2463-SEP-Proyecto-2-Z8/2_core/vitis/2_core/hw/DEMO_wrapper.xsa
TRACE::2025-06-25.16:12:44::SCWPlatform:: Unique name xilinx:zybo-z7-10::0.0
TRACE::2025-06-25.16:12:44::SCWPlatform::Trying to set the existing hwdb with name DEMO_wrapper_1
TRACE::2025-06-25.16:12:44::SCWPlatform::Opened existing hwdb DEMO_wrapper_1
TRACE::2025-06-25.16:12:44::SCWPlatform::Found the Hw Db part of the input DSA
TRACE::2025-06-25.16:12:44::SCWMssOS::Checking the sw design at  D:/proyectosep2/IEE2463-SEP-Proyecto-2-Z8/2_core/vitis/2_core/ps7_cortexa9_0/graphics_core/bsp/system.mss
TRACE::2025-06-25.16:12:44::SCWMssOS::DEBUG:  swdes dump  D:/proyectosep2/IEE2463-SEP-Proyecto-2-Z8/2_core/vitis/2_core/ps7_cortexa9_0/graphics_core/bsp/system.mss|system_1||
D:/proyectosep2/IEE2463-SEP-Proyecto-2-Z8/2_core/vitis/2_core/ps7_cortexa9_1/standalone_domain/bsp/system.mss|system_0||
D:/proyectosep2/IEE2463-SEP-Proyecto-2-Z8/2_core/vitis/2_core/zynq_fsbl/zynq_fsbl_bsp/system.mss|system||

TRACE::2025-06-25.16:12:44::SCWMssOS::Sw design exists and opened at  D:/proyectosep2/IEE2463-SEP-Proyecto-2-Z8/2_core/vitis/2_core/ps7_cortexa9_0/graphics_core/bsp/system.mss
TRACE::2025-06-25.16:12:44::SCWWriter::formatted JSON is {
	"platformName":	"2_core",
	"sprVersion":	"2.0",
	"mode":	"gui",
	"dsaType":	"Fixed",
	"platformDesc":	"2_core",
	"platHandOff":	"D:/proyectosep2/IEE2463-SEP-Proyecto-2-Z8/full_hardware/vivado/DEMO_wrapper.xsa",
	"platIntHandOff":	"<platformDir>/hw/DEMO_wrapper.xsa",
	"deviceType":	"zynq",
	"platIsPrebuiltAutogen":	"false",
	"platIsNoBootBsp":	"false",
	"hasFsblMakeHasChanges":	"false",
	"hasPmufwMakeHasChanges":	"false",
	"fsblExtraCompilerFlags":	"-MMD -MP       -mcpu=cortex-a9 -mfpu=vfpv3 -mfloat-abi=hard ",
	"platPreBuiltFlag":	false,
	"platformSamplesDir":	"",
	"platActiveSys":	"2_core",
	"systems":	[{
			"systemName":	"2_core",
			"systemDesc":	"2_core",
			"sysIsBootAutoGen":	"true",
			"systemDispName":	"2_core",
			"sysActiveDom":	"standalone_domain",
			"sysDefaultDom":	"graphics_core",
			"domains":	[{
					"domainName":	"zynq_fsbl",
					"domainDispName":	"zynq_fsbl",
					"domainDesc":	"FSBL Application BSP - Auto Generated.",
					"processors":	"ps7_cortexa9_0",
					"os":	"standalone",
					"sdxOs":	"standalone",
					"debugEnable":	"",
					"domRuntimes":	["cpp"],
					"swRepo":	"",
					"mssOsVer":	"7.2",
					"mssFile":	"",
					"md5Digest":	"22a6aa47fd12e4eea21ee9dba4d7fcad",
					"compatibleApp":	"zynq_fsbl",
					"domType":	"bootDomain",
					"appSettings":	{
						"appCompilerFlags":	"",
						"appLinkerFlags":	""
					},
					"addedLibs":	["xilffs:4.3", "xilrsa:1.6"],
					"libOptions":	{
						"libsContainingOptions":	[]
					},
					"prebuiltLibs":	{
						"prebuiltIncPath":	[],
						"prebuiltLibPath":	[]
					},
					"isolation":	{
					}
				}, {
					"domainName":	"standalone_domain",
					"domainDispName":	"standalone on ps7_cortexa9_1",
					"domainDesc":	"standalone_domain",
					"processors":	"ps7_cortexa9_1",
					"os":	"standalone",
					"sdxOs":	"standalone",
					"qemuArgs":	"D:/Xilinx/Vitis/2020.1/data/emulation/platforms/zynq/qemu/qemu_args.txt",
					"qemuData":	"D:/Xilinx/Vitis/2020.1/data/emulation/platforms/zynq/qemu/",
					"debugEnable":	"False",
					"domRuntimes":	["cpp"],
					"swRepo":	"",
					"mssOsVer":	"7.2",
					"mssFile":	"",
					"md5Digest":	"935ab3e549f4bde51a321ef27687afdd",
					"compatibleApp":	"",
					"domType":	"mssDomain",
					"appSettings":	{
						"appCompilerFlags":	"",
						"appLinkerFlags":	""
					},
					"addedLibs":	["xilffs:4.3"],
					"libOptions":	{
						"libsContainingOptions":	[]
					},
					"prebuiltLibs":	{
						"prebuiltIncPath":	[],
						"prebuiltLibPath":	[]
					},
					"isolation":	{
					}
				}, {
					"domainName":	"graphics_core",
					"domainDispName":	"graphics_core",
					"domainDesc":	"",
					"processors":	"ps7_cortexa9_0",
					"os":	"standalone",
					"sdxOs":	"standalone",
					"qemuArgs":	"D:/Xilinx/Vitis/2020.1/data/emulation/platforms/zynq/qemu/qemu_args.txt",
					"qemuData":	"D:/Xilinx/Vitis/2020.1/data/emulation/platforms/zynq/qemu/",
					"debugEnable":	"False",
					"domRuntimes":	["cpp"],
					"swRepo":	"",
					"mssOsVer":	"7.2",
					"mssFile":	"",
					"md5Digest":	"3bd73008cc19367a3826b43ea626ca85",
					"compatibleApp":	"",
					"domType":	"mssDomain",
					"arch":	"32-bit",
					"appSettings":	{
						"appCompilerFlags":	"",
						"appLinkerFlags":	""
					},
					"addedLibs":	[],
					"libOptions":	{
						"libsContainingOptions":	[]
					},
					"prebuiltLibs":	{
						"prebuiltIncPath":	[],
						"prebuiltLibPath":	[]
					},
					"isolation":	{
					}
				}]
		}]
}
KEYINFO::2025-06-25.16:12:44::SCWPlatform::updated the xpfm file.
TRACE::2025-06-25.16:12:44::SCWPlatform::Trying to open the hw design at D:/proyectosep2/IEE2463-SEP-Proyecto-2-Z8/2_core/vitis/2_core/hw/DEMO_wrapper.xsa
TRACE::2025-06-25.16:12:44::SCWPlatform::DSA given D:/proyectosep2/IEE2463-SEP-Proyecto-2-Z8/2_core/vitis/2_core/hw/DEMO_wrapper.xsa
TRACE::2025-06-25.16:12:44::SCWPlatform::DSA absoulate path D:/proyectosep2/IEE2463-SEP-Proyecto-2-Z8/2_core/vitis/2_core/hw/DEMO_wrapper.xsa
TRACE::2025-06-25.16:12:44::SCWPlatform::DSA directory D:/proyectosep2/IEE2463-SEP-Proyecto-2-Z8/2_core/vitis/2_core/hw
TRACE::2025-06-25.16:12:44::SCWPlatform:: Platform Path D:/proyectosep2/IEE2463-SEP-Proyecto-2-Z8/2_core/vitis/2_core/hw/DEMO_wrapper.xsa
TRACE::2025-06-25.16:12:44::SCWPlatform:: Unique name xilinx:zybo-z7-10::0.0
TRACE::2025-06-25.16:12:44::SCWPlatform::Trying to set the existing hwdb with name DEMO_wrapper_1
TRACE::2025-06-25.16:12:44::SCWPlatform::Opened existing hwdb DEMO_wrapper_1
TRACE::2025-06-25.16:12:44::SCWPlatform::Found the Hw Db part of the input DSA
TRACE::2025-06-25.16:12:44::SCWMssOS::Checking the sw design at  D:/proyectosep2/IEE2463-SEP-Proyecto-2-Z8/2_core/vitis/2_core/ps7_cortexa9_1/standalone_domain/bsp/system.mss
TRACE::2025-06-25.16:12:44::SCWMssOS::DEBUG:  swdes dump  D:/proyectosep2/IEE2463-SEP-Proyecto-2-Z8/2_core/vitis/2_core/ps7_cortexa9_0/graphics_core/bsp/system.mss|system_1||
D:/proyectosep2/IEE2463-SEP-Proyecto-2-Z8/2_core/vitis/2_core/ps7_cortexa9_1/standalone_domain/bsp/system.mss|system_0||
D:/proyectosep2/IEE2463-SEP-Proyecto-2-Z8/2_core/vitis/2_core/zynq_fsbl/zynq_fsbl_bsp/system.mss|system||

TRACE::2025-06-25.16:12:44::SCWMssOS::Sw design exists and opened at  D:/proyectosep2/IEE2463-SEP-Proyecto-2-Z8/2_core/vitis/2_core/ps7_cortexa9_1/standalone_domain/bsp/system.mss
TRACE::2025-06-25.16:12:44::SCWPlatform::Trying to open the hw design at D:/proyectosep2/IEE2463-SEP-Proyecto-2-Z8/2_core/vitis/2_core/hw/DEMO_wrapper.xsa
TRACE::2025-06-25.16:12:44::SCWPlatform::DSA given D:/proyectosep2/IEE2463-SEP-Proyecto-2-Z8/2_core/vitis/2_core/hw/DEMO_wrapper.xsa
TRACE::2025-06-25.16:12:44::SCWPlatform::DSA absoulate path D:/proyectosep2/IEE2463-SEP-Proyecto-2-Z8/2_core/vitis/2_core/hw/DEMO_wrapper.xsa
TRACE::2025-06-25.16:12:44::SCWPlatform::DSA directory D:/proyectosep2/IEE2463-SEP-Proyecto-2-Z8/2_core/vitis/2_core/hw
TRACE::2025-06-25.16:12:44::SCWPlatform:: Platform Path D:/proyectosep2/IEE2463-SEP-Proyecto-2-Z8/2_core/vitis/2_core/hw/DEMO_wrapper.xsa
TRACE::2025-06-25.16:12:44::SCWPlatform:: Unique name xilinx:zybo-z7-10::0.0
TRACE::2025-06-25.16:12:44::SCWPlatform::Trying to set the existing hwdb with name DEMO_wrapper_1
TRACE::2025-06-25.16:12:44::SCWPlatform::Opened existing hwdb DEMO_wrapper_1
TRACE::2025-06-25.16:12:44::SCWPlatform::Found the Hw Db part of the input DSA
TRACE::2025-06-25.16:12:44::SCWMssOS::Checking the sw design at  D:/proyectosep2/IEE2463-SEP-Proyecto-2-Z8/2_core/vitis/2_core/ps7_cortexa9_0/graphics_core/bsp/system.mss
TRACE::2025-06-25.16:12:44::SCWMssOS::DEBUG:  swdes dump  D:/proyectosep2/IEE2463-SEP-Proyecto-2-Z8/2_core/vitis/2_core/ps7_cortexa9_0/graphics_core/bsp/system.mss|system_1||
D:/proyectosep2/IEE2463-SEP-Proyecto-2-Z8/2_core/vitis/2_core/ps7_cortexa9_1/standalone_domain/bsp/system.mss|system_0||
D:/proyectosep2/IEE2463-SEP-Proyecto-2-Z8/2_core/vitis/2_core/zynq_fsbl/zynq_fsbl_bsp/system.mss|system||

TRACE::2025-06-25.16:12:44::SCWMssOS::Sw design exists and opened at  D:/proyectosep2/IEE2463-SEP-Proyecto-2-Z8/2_core/vitis/2_core/ps7_cortexa9_0/graphics_core/bsp/system.mss
