TRACE::2025-06-24.14:18:24::SCWPlatform::Trying to open the hw design at C:/Users/andre/Projects/IEE2463-SEP-Proyecto-2-Z8/PS/vitis/design_1_wrapper/hw/design_1_wrapper.xsa
TRACE::2025-06-24.14:18:24::SCWPlatform::DSA given C:/Users/andre/Projects/IEE2463-SEP-Proyecto-2-Z8/PS/vitis/design_1_wrapper/hw/design_1_wrapper.xsa
TRACE::2025-06-24.14:18:24::SCWPlatform::DSA absoulate path C:/Users/andre/Projects/IEE2463-SEP-Proyecto-2-Z8/PS/vitis/design_1_wrapper/hw/design_1_wrapper.xsa
TRACE::2025-06-24.14:18:29::SCWPlatform::DSA directory C:/Users/andre/Projects/IEE2463-SEP-Proyecto-2-Z8/PS/vitis/design_1_wrapper/hw
TRACE::2025-06-24.14:18:29::SCWPlatform:: Platform Path C:/Users/andre/Projects/IEE2463-SEP-Proyecto-2-Z8/PS/vitis/design_1_wrapper/hw/design_1_wrapper.xsa
TRACE::2025-06-24.14:18:29::SCWPlatform:: Unique name xilinx:zybo-z7-10::0.0
TRACE::2025-06-24.14:18:29::SCWPlatform::Do not have an existing db opened. 
TRACE::2025-06-24.14:18:32::SCWPlatform::Opened new HwDB with name design_1_wrapper_0
TRACE::2025-06-24.14:18:32::SCWWriter::formatted JSON is {
	"platformName":	"design_1_wrapper",
	"sprVersion":	"2.0",
	"mode":	"gui",
	"dsaType":	"Fixed",
	"platformDesc":	"design_1_wrapper",
	"platHandOff":	"C:/Users/andre/Projects/IEE2463-SEP-Proyecto-2-Z8/PS/vivado/Ps/design_1_wrapper.xsa",
	"platIntHandOff":	"<platformDir>/hw/design_1_wrapper.xsa",
	"deviceType":	"zynq",
	"platIsPrebuiltAutogen":	"false",
	"platIsNoBootBsp":	"false",
	"hasFsblMakeHasChanges":	"false",
	"hasPmufwMakeHasChanges":	"false",
	"platPreBuiltFlag":	false,
	"platformSamplesDir":	""
}
TRACE::2025-06-24.14:18:32::SCWWriter::formatted JSON is {
	"platformName":	"design_1_wrapper",
	"sprVersion":	"2.0",
	"mode":	"gui",
	"dsaType":	"Fixed",
	"platformDesc":	"design_1_wrapper",
	"platHandOff":	"C:/Users/andre/Projects/IEE2463-SEP-Proyecto-2-Z8/PS/vivado/Ps/design_1_wrapper.xsa",
	"platIntHandOff":	"<platformDir>/hw/design_1_wrapper.xsa",
	"deviceType":	"zynq",
	"platIsPrebuiltAutogen":	"false",
	"platIsNoBootBsp":	"false",
	"hasFsblMakeHasChanges":	"false",
	"hasPmufwMakeHasChanges":	"false",
	"platPreBuiltFlag":	false,
	"platformSamplesDir":	"",
	"platActiveSys":	"design_1_wrapper",
	"systems":	[{
			"systemName":	"design_1_wrapper",
			"systemDesc":	"design_1_wrapper",
			"sysIsBootAutoGen":	"true",
			"systemDispName":	"design_1_wrapper"
		}]
}
TRACE::2025-06-24.14:18:32::SCWPlatform::Boot application domains not present, creating them
TRACE::2025-06-24.14:18:32::SCWDomain::checking for install qemu data   : 
TRACE::2025-06-24.14:18:32::SCWDomain:: Using the QEMU Data from install at  : C:/Xilinx/Vitis/2020.1/data/emulation/platforms/zynq/qemu/
TRACE::2025-06-24.14:18:32::SCWDomain:: Using the QEMU args  from install at  : C:/Xilinx/Vitis/2020.1/data/emulation/platforms/zynq/qemu/qemu_args.txt
TRACE::2025-06-24.14:18:32::SCWPlatform::Trying to open the hw design at C:/Users/andre/Projects/IEE2463-SEP-Proyecto-2-Z8/PS/vitis/design_1_wrapper/hw/design_1_wrapper.xsa
TRACE::2025-06-24.14:18:32::SCWPlatform::DSA given C:/Users/andre/Projects/IEE2463-SEP-Proyecto-2-Z8/PS/vitis/design_1_wrapper/hw/design_1_wrapper.xsa
TRACE::2025-06-24.14:18:32::SCWPlatform::DSA absoulate path C:/Users/andre/Projects/IEE2463-SEP-Proyecto-2-Z8/PS/vitis/design_1_wrapper/hw/design_1_wrapper.xsa
TRACE::2025-06-24.14:18:32::SCWPlatform::DSA directory C:/Users/andre/Projects/IEE2463-SEP-Proyecto-2-Z8/PS/vitis/design_1_wrapper/hw
TRACE::2025-06-24.14:18:32::SCWPlatform:: Platform Path C:/Users/andre/Projects/IEE2463-SEP-Proyecto-2-Z8/PS/vitis/design_1_wrapper/hw/design_1_wrapper.xsa
TRACE::2025-06-24.14:18:32::SCWPlatform:: Unique name xilinx:zybo-z7-10::0.0
TRACE::2025-06-24.14:18:32::SCWPlatform::Trying to set the existing hwdb with name design_1_wrapper_0
TRACE::2025-06-24.14:18:32::SCWPlatform::Opened existing hwdb design_1_wrapper_0
TRACE::2025-06-24.14:18:32::SCWPlatform::Found the Hw Db part of the input DSA
TRACE::2025-06-24.14:18:32::SCWPlatform::Trying to open the hw design at C:/Users/andre/Projects/IEE2463-SEP-Proyecto-2-Z8/PS/vitis/design_1_wrapper/hw/design_1_wrapper.xsa
TRACE::2025-06-24.14:18:32::SCWPlatform::DSA given C:/Users/andre/Projects/IEE2463-SEP-Proyecto-2-Z8/PS/vitis/design_1_wrapper/hw/design_1_wrapper.xsa
TRACE::2025-06-24.14:18:32::SCWPlatform::DSA absoulate path C:/Users/andre/Projects/IEE2463-SEP-Proyecto-2-Z8/PS/vitis/design_1_wrapper/hw/design_1_wrapper.xsa
TRACE::2025-06-24.14:18:32::SCWPlatform::DSA directory C:/Users/andre/Projects/IEE2463-SEP-Proyecto-2-Z8/PS/vitis/design_1_wrapper/hw
TRACE::2025-06-24.14:18:32::SCWPlatform:: Platform Path C:/Users/andre/Projects/IEE2463-SEP-Proyecto-2-Z8/PS/vitis/design_1_wrapper/hw/design_1_wrapper.xsa
TRACE::2025-06-24.14:18:32::SCWPlatform:: Unique name xilinx:zybo-z7-10::0.0
TRACE::2025-06-24.14:18:32::SCWPlatform::Trying to set the existing hwdb with name design_1_wrapper_0
TRACE::2025-06-24.14:18:32::SCWPlatform::Opened existing hwdb design_1_wrapper_0
TRACE::2025-06-24.14:18:32::SCWPlatform::Found the Hw Db part of the input DSA
TRACE::2025-06-24.14:18:32::SCWPlatform::Trying to open the hw design at C:/Users/andre/Projects/IEE2463-SEP-Proyecto-2-Z8/PS/vitis/design_1_wrapper/hw/design_1_wrapper.xsa
TRACE::2025-06-24.14:18:32::SCWPlatform::DSA given C:/Users/andre/Projects/IEE2463-SEP-Proyecto-2-Z8/PS/vitis/design_1_wrapper/hw/design_1_wrapper.xsa
TRACE::2025-06-24.14:18:32::SCWPlatform::DSA absoulate path C:/Users/andre/Projects/IEE2463-SEP-Proyecto-2-Z8/PS/vitis/design_1_wrapper/hw/design_1_wrapper.xsa
TRACE::2025-06-24.14:18:32::SCWPlatform::DSA directory C:/Users/andre/Projects/IEE2463-SEP-Proyecto-2-Z8/PS/vitis/design_1_wrapper/hw
TRACE::2025-06-24.14:18:32::SCWPlatform:: Platform Path C:/Users/andre/Projects/IEE2463-SEP-Proyecto-2-Z8/PS/vitis/design_1_wrapper/hw/design_1_wrapper.xsa
TRACE::2025-06-24.14:18:32::SCWPlatform:: Unique name xilinx:zybo-z7-10::0.0
TRACE::2025-06-24.14:18:32::SCWPlatform::Trying to set the existing hwdb with name design_1_wrapper_0
TRACE::2025-06-24.14:18:32::SCWPlatform::Opened existing hwdb design_1_wrapper_0
TRACE::2025-06-24.14:18:32::SCWPlatform::Found the Hw Db part of the input DSA
TRACE::2025-06-24.14:18:32::SCWPlatform::Boot application domain added for zynq_fsbl
TRACE::2025-06-24.14:18:32::SCWPlatform::Generating the sources  .
TRACE::2025-06-24.14:18:32::SCWBDomain::Generating boot domain sources.
TRACE::2025-06-24.14:18:32::SCWBDomain:: Generating the zynq_fsbl Application.
TRACE::2025-06-24.14:18:32::SCWPlatform::Trying to open the hw design at C:/Users/andre/Projects/IEE2463-SEP-Proyecto-2-Z8/PS/vitis/design_1_wrapper/hw/design_1_wrapper.xsa
TRACE::2025-06-24.14:18:32::SCWPlatform::DSA given C:/Users/andre/Projects/IEE2463-SEP-Proyecto-2-Z8/PS/vitis/design_1_wrapper/hw/design_1_wrapper.xsa
TRACE::2025-06-24.14:18:32::SCWPlatform::DSA absoulate path C:/Users/andre/Projects/IEE2463-SEP-Proyecto-2-Z8/PS/vitis/design_1_wrapper/hw/design_1_wrapper.xsa
TRACE::2025-06-24.14:18:32::SCWPlatform::DSA directory C:/Users/andre/Projects/IEE2463-SEP-Proyecto-2-Z8/PS/vitis/design_1_wrapper/hw
TRACE::2025-06-24.14:18:32::SCWPlatform:: Platform Path C:/Users/andre/Projects/IEE2463-SEP-Proyecto-2-Z8/PS/vitis/design_1_wrapper/hw/design_1_wrapper.xsa
TRACE::2025-06-24.14:18:32::SCWPlatform:: Unique name xilinx:zybo-z7-10::0.0
TRACE::2025-06-24.14:18:32::SCWPlatform::Trying to set the existing hwdb with name design_1_wrapper_0
TRACE::2025-06-24.14:18:32::SCWPlatform::Opened existing hwdb design_1_wrapper_0
TRACE::2025-06-24.14:18:32::SCWPlatform::Found the Hw Db part of the input DSA
TRACE::2025-06-24.14:18:32::SCWMssOS::Checking the sw design at  C:/Users/andre/Projects/IEE2463-SEP-Proyecto-2-Z8/PS/vitis/design_1_wrapper/zynq_fsbl/zynq_fsbl_bsp/system.mss
TRACE::2025-06-24.14:18:32::SCWMssOS::DEBUG:  swdes dump  
TRACE::2025-06-24.14:18:32::SCWMssOS::No sw design opened at  C:/Users/andre/Projects/IEE2463-SEP-Proyecto-2-Z8/PS/vitis/design_1_wrapper/zynq_fsbl/zynq_fsbl_bsp/system.mss
TRACE::2025-06-24.14:18:32::SCWMssOS::mss does not exists at C:/Users/andre/Projects/IEE2463-SEP-Proyecto-2-Z8/PS/vitis/design_1_wrapper/zynq_fsbl/zynq_fsbl_bsp/system.mss
TRACE::2025-06-24.14:18:32::SCWMssOS::Creating sw design at  C:/Users/andre/Projects/IEE2463-SEP-Proyecto-2-Z8/PS/vitis/design_1_wrapper/zynq_fsbl/zynq_fsbl_bsp/system.mss
TRACE::2025-06-24.14:18:32::SCWMssOS::Adding the swdes entry, created swdb C:/Users/andre/Projects/IEE2463-SEP-Proyecto-2-Z8/PS/vitis/design_1_wrapper/zynq_fsbl/zynq_fsbl_bsp/system.mss with des name C:/Users/andre/Projects/IEE2463-SEP-Proyecto-2-Z8/PS/vitis/design_1_wrapper/zynq_fsbl/zynq_fsbl_bsp/system.mss
TRACE::2025-06-24.14:18:32::SCWMssOS::updating the scw layer changes to swdes at   C:/Users/andre/Projects/IEE2463-SEP-Proyecto-2-Z8/PS/vitis/design_1_wrapper/zynq_fsbl/zynq_fsbl_bsp/system.mss
TRACE::2025-06-24.14:18:32::SCWMssOS::Writing mss at C:/Users/andre/Projects/IEE2463-SEP-Proyecto-2-Z8/PS/vitis/design_1_wrapper/zynq_fsbl/zynq_fsbl_bsp/system.mss
TRACE::2025-06-24.14:18:32::SCWMssOS::Completed writing the mss file at C:/Users/andre/Projects/IEE2463-SEP-Proyecto-2-Z8/PS/vitis/design_1_wrapper/zynq_fsbl/zynq_fsbl_bsp
TRACE::2025-06-24.14:18:32::SCWMssOS::Picking up changes from newly written mss file into SCW Layer. 
TRACE::2025-06-24.14:18:32::SCWMssOS::Updated the changes from newly written mss file into SCW Layer. 
TRACE::2025-06-24.14:18:32::SCWBDomain::Completed writing the mss file at C:/Users/andre/Projects/IEE2463-SEP-Proyecto-2-Z8/PS/vitis/design_1_wrapper/zynq_fsbl/zynq_fsbl_bsp
TRACE::2025-06-24.14:18:44::SCWPlatform::Generating sources Done.
TRACE::2025-06-24.14:18:44::SCWPlatform::Trying to open the hw design at C:/Users/andre/Projects/IEE2463-SEP-Proyecto-2-Z8/PS/vitis/design_1_wrapper/hw/design_1_wrapper.xsa
TRACE::2025-06-24.14:18:44::SCWPlatform::DSA given C:/Users/andre/Projects/IEE2463-SEP-Proyecto-2-Z8/PS/vitis/design_1_wrapper/hw/design_1_wrapper.xsa
TRACE::2025-06-24.14:18:44::SCWPlatform::DSA absoulate path C:/Users/andre/Projects/IEE2463-SEP-Proyecto-2-Z8/PS/vitis/design_1_wrapper/hw/design_1_wrapper.xsa
TRACE::2025-06-24.14:18:44::SCWPlatform::DSA directory C:/Users/andre/Projects/IEE2463-SEP-Proyecto-2-Z8/PS/vitis/design_1_wrapper/hw
TRACE::2025-06-24.14:18:44::SCWPlatform:: Platform Path C:/Users/andre/Projects/IEE2463-SEP-Proyecto-2-Z8/PS/vitis/design_1_wrapper/hw/design_1_wrapper.xsa
TRACE::2025-06-24.14:18:44::SCWPlatform:: Unique name xilinx:zybo-z7-10::0.0
TRACE::2025-06-24.14:18:44::SCWPlatform::Trying to set the existing hwdb with name design_1_wrapper_0
TRACE::2025-06-24.14:18:44::SCWPlatform::Opened existing hwdb design_1_wrapper_0
TRACE::2025-06-24.14:18:44::SCWPlatform::Found the Hw Db part of the input DSA
TRACE::2025-06-24.14:18:44::SCWMssOS::Checking the sw design at  C:/Users/andre/Projects/IEE2463-SEP-Proyecto-2-Z8/PS/vitis/design_1_wrapper/zynq_fsbl/zynq_fsbl_bsp/system.mss
TRACE::2025-06-24.14:18:44::SCWMssOS::DEBUG:  swdes dump  C:/Users/andre/Projects/IEE2463-SEP-Proyecto-2-Z8/PS/vitis/design_1_wrapper/zynq_fsbl/zynq_fsbl_bsp/system.mss|C:/Users/andre/Projects/IEE2463-SEP-Proyecto-2-Z8/PS/vitis/design_1_wrapper/zynq_fsbl/zynq_fsbl_bsp/system.mss||

KEYINFO::2025-06-24.14:18:44::SCWMssOS::Could not open the swdb for C:/Users/andre/Projects/IEE2463-SEP-Proyecto-2-Z8/PS/vitis/design_1_wrapper/zynq_fsbl/zynq_fsbl_bsp/system.mss
KEYINFO::2025-06-24.14:18:44::SCWMssOS::Could not open the sw design at  C:/Users/andre/Projects/IEE2463-SEP-Proyecto-2-Z8/PS/vitis/design_1_wrapper/zynq_fsbl/zynq_fsbl_bsp/system.mss
ERROR: [Hsi 55-1558] Software Design C:/Users/andre/Projects/IEE2463-SEP-Proyecto-2-Z8/PS/vitis/design_1_wrapper/zynq_fsbl/zynq_fsbl_bsp/system.mss is not found

TRACE::2025-06-24.14:18:44::SCWMssOS::Cleared the swdb table entry
TRACE::2025-06-24.14:18:44::SCWMssOS::No sw design opened at  C:/Users/andre/Projects/IEE2463-SEP-Proyecto-2-Z8/PS/vitis/design_1_wrapper/zynq_fsbl/zynq_fsbl_bsp/system.mss
TRACE::2025-06-24.14:18:44::SCWMssOS::mss exists loading the mss file  C:/Users/andre/Projects/IEE2463-SEP-Proyecto-2-Z8/PS/vitis/design_1_wrapper/zynq_fsbl/zynq_fsbl_bsp/system.mss
TRACE::2025-06-24.14:18:44::SCWMssOS::Opened the sw design from mss  C:/Users/andre/Projects/IEE2463-SEP-Proyecto-2-Z8/PS/vitis/design_1_wrapper/zynq_fsbl/zynq_fsbl_bsp/system.mss
TRACE::2025-06-24.14:18:44::SCWMssOS::Adding the swdes entry C:/Users/andre/Projects/IEE2463-SEP-Proyecto-2-Z8/PS/vitis/design_1_wrapper/zynq_fsbl/zynq_fsbl_bsp/system.mss with des name system
TRACE::2025-06-24.14:18:44::SCWMssOS::updating the scw layer about changes
TRACE::2025-06-24.14:18:44::SCWMssOS::Opened the sw design.  C:/Users/andre/Projects/IEE2463-SEP-Proyecto-2-Z8/PS/vitis/design_1_wrapper/zynq_fsbl/zynq_fsbl_bsp/system.mss
TRACE::2025-06-24.14:18:44::SCWMssOS::Saving the mss changes C:/Users/andre/Projects/IEE2463-SEP-Proyecto-2-Z8/PS/vitis/design_1_wrapper/zynq_fsbl/zynq_fsbl_bsp/system.mss
TRACE::2025-06-24.14:18:44::SCWMssOS::Found a swdesign opened with the mssfile.
TRACE::2025-06-24.14:18:44::SCWMssOS::Completed writemss as part of save.
TRACE::2025-06-24.14:18:44::SCWMssOS::Commit changes completed.
TRACE::2025-06-24.14:18:44::SCWPlatform::Trying to open the hw design at C:/Users/andre/Projects/IEE2463-SEP-Proyecto-2-Z8/PS/vitis/design_1_wrapper/hw/design_1_wrapper.xsa
TRACE::2025-06-24.14:18:44::SCWPlatform::DSA given C:/Users/andre/Projects/IEE2463-SEP-Proyecto-2-Z8/PS/vitis/design_1_wrapper/hw/design_1_wrapper.xsa
TRACE::2025-06-24.14:18:44::SCWPlatform::DSA absoulate path C:/Users/andre/Projects/IEE2463-SEP-Proyecto-2-Z8/PS/vitis/design_1_wrapper/hw/design_1_wrapper.xsa
TRACE::2025-06-24.14:18:44::SCWPlatform::DSA directory C:/Users/andre/Projects/IEE2463-SEP-Proyecto-2-Z8/PS/vitis/design_1_wrapper/hw
TRACE::2025-06-24.14:18:44::SCWPlatform:: Platform Path C:/Users/andre/Projects/IEE2463-SEP-Proyecto-2-Z8/PS/vitis/design_1_wrapper/hw/design_1_wrapper.xsa
TRACE::2025-06-24.14:18:44::SCWPlatform:: Unique name xilinx:zybo-z7-10::0.0
TRACE::2025-06-24.14:18:44::SCWPlatform::Trying to set the existing hwdb with name design_1_wrapper_0
TRACE::2025-06-24.14:18:44::SCWPlatform::Opened existing hwdb design_1_wrapper_0
TRACE::2025-06-24.14:18:44::SCWPlatform::Found the Hw Db part of the input DSA
TRACE::2025-06-24.14:18:44::SCWMssOS::Checking the sw design at  C:/Users/andre/Projects/IEE2463-SEP-Proyecto-2-Z8/PS/vitis/design_1_wrapper/zynq_fsbl/zynq_fsbl_bsp/system.mss
TRACE::2025-06-24.14:18:44::SCWMssOS::DEBUG:  swdes dump  C:/Users/andre/Projects/IEE2463-SEP-Proyecto-2-Z8/PS/vitis/design_1_wrapper/zynq_fsbl/zynq_fsbl_bsp/system.mss|system||

TRACE::2025-06-24.14:18:44::SCWMssOS::Sw design exists and opened at  C:/Users/andre/Projects/IEE2463-SEP-Proyecto-2-Z8/PS/vitis/design_1_wrapper/zynq_fsbl/zynq_fsbl_bsp/system.mss
TRACE::2025-06-24.14:18:44::SCWPlatform::Trying to open the hw design at C:/Users/andre/Projects/IEE2463-SEP-Proyecto-2-Z8/PS/vitis/design_1_wrapper/hw/design_1_wrapper.xsa
TRACE::2025-06-24.14:18:44::SCWPlatform::DSA given C:/Users/andre/Projects/IEE2463-SEP-Proyecto-2-Z8/PS/vitis/design_1_wrapper/hw/design_1_wrapper.xsa
TRACE::2025-06-24.14:18:44::SCWPlatform::DSA absoulate path C:/Users/andre/Projects/IEE2463-SEP-Proyecto-2-Z8/PS/vitis/design_1_wrapper/hw/design_1_wrapper.xsa
TRACE::2025-06-24.14:18:44::SCWPlatform::DSA directory C:/Users/andre/Projects/IEE2463-SEP-Proyecto-2-Z8/PS/vitis/design_1_wrapper/hw
TRACE::2025-06-24.14:18:44::SCWPlatform:: Platform Path C:/Users/andre/Projects/IEE2463-SEP-Proyecto-2-Z8/PS/vitis/design_1_wrapper/hw/design_1_wrapper.xsa
TRACE::2025-06-24.14:18:44::SCWPlatform:: Unique name xilinx:zybo-z7-10::0.0
TRACE::2025-06-24.14:18:44::SCWPlatform::Trying to set the existing hwdb with name design_1_wrapper_0
TRACE::2025-06-24.14:18:44::SCWPlatform::Opened existing hwdb design_1_wrapper_0
TRACE::2025-06-24.14:18:44::SCWPlatform::Found the Hw Db part of the input DSA
TRACE::2025-06-24.14:18:44::SCWMssOS::Checking the sw design at  C:/Users/andre/Projects/IEE2463-SEP-Proyecto-2-Z8/PS/vitis/design_1_wrapper/zynq_fsbl/zynq_fsbl_bsp/system.mss
TRACE::2025-06-24.14:18:44::SCWMssOS::DEBUG:  swdes dump  C:/Users/andre/Projects/IEE2463-SEP-Proyecto-2-Z8/PS/vitis/design_1_wrapper/zynq_fsbl/zynq_fsbl_bsp/system.mss|system||

TRACE::2025-06-24.14:18:44::SCWMssOS::Sw design exists and opened at  C:/Users/andre/Projects/IEE2463-SEP-Proyecto-2-Z8/PS/vitis/design_1_wrapper/zynq_fsbl/zynq_fsbl_bsp/system.mss
TRACE::2025-06-24.14:18:44::SCWPlatform::Trying to open the hw design at C:/Users/andre/Projects/IEE2463-SEP-Proyecto-2-Z8/PS/vitis/design_1_wrapper/hw/design_1_wrapper.xsa
TRACE::2025-06-24.14:18:44::SCWPlatform::DSA given C:/Users/andre/Projects/IEE2463-SEP-Proyecto-2-Z8/PS/vitis/design_1_wrapper/hw/design_1_wrapper.xsa
TRACE::2025-06-24.14:18:44::SCWPlatform::DSA absoulate path C:/Users/andre/Projects/IEE2463-SEP-Proyecto-2-Z8/PS/vitis/design_1_wrapper/hw/design_1_wrapper.xsa
TRACE::2025-06-24.14:18:44::SCWPlatform::DSA directory C:/Users/andre/Projects/IEE2463-SEP-Proyecto-2-Z8/PS/vitis/design_1_wrapper/hw
TRACE::2025-06-24.14:18:44::SCWPlatform:: Platform Path C:/Users/andre/Projects/IEE2463-SEP-Proyecto-2-Z8/PS/vitis/design_1_wrapper/hw/design_1_wrapper.xsa
TRACE::2025-06-24.14:18:44::SCWPlatform:: Unique name xilinx:zybo-z7-10::0.0
TRACE::2025-06-24.14:18:44::SCWPlatform::Trying to set the existing hwdb with name design_1_wrapper_0
TRACE::2025-06-24.14:18:44::SCWPlatform::Opened existing hwdb design_1_wrapper_0
TRACE::2025-06-24.14:18:44::SCWPlatform::Found the Hw Db part of the input DSA
TRACE::2025-06-24.14:18:44::SCWMssOS::Checking the sw design at  C:/Users/andre/Projects/IEE2463-SEP-Proyecto-2-Z8/PS/vitis/design_1_wrapper/zynq_fsbl/zynq_fsbl_bsp/system.mss
TRACE::2025-06-24.14:18:44::SCWMssOS::DEBUG:  swdes dump  C:/Users/andre/Projects/IEE2463-SEP-Proyecto-2-Z8/PS/vitis/design_1_wrapper/zynq_fsbl/zynq_fsbl_bsp/system.mss|system||

TRACE::2025-06-24.14:18:44::SCWMssOS::Sw design exists and opened at  C:/Users/andre/Projects/IEE2463-SEP-Proyecto-2-Z8/PS/vitis/design_1_wrapper/zynq_fsbl/zynq_fsbl_bsp/system.mss
TRACE::2025-06-24.14:18:44::SCWWriter::formatted JSON is {
	"platformName":	"design_1_wrapper",
	"sprVersion":	"2.0",
	"mode":	"gui",
	"dsaType":	"Fixed",
	"platformDesc":	"design_1_wrapper",
	"platHandOff":	"C:/Users/andre/Projects/IEE2463-SEP-Proyecto-2-Z8/PS/vivado/Ps/design_1_wrapper.xsa",
	"platIntHandOff":	"<platformDir>/hw/design_1_wrapper.xsa",
	"deviceType":	"zynq",
	"platIsPrebuiltAutogen":	"false",
	"platIsNoBootBsp":	"false",
	"platFsblTarget":	"ps7_cortexa9_0",
	"hasFsblMakeHasChanges":	"false",
	"hasPmufwMakeHasChanges":	"false",
	"fsblExtraCompilerFlags":	"-MMD -MP       -mcpu=cortex-a9 -mfpu=vfpv3 -mfloat-abi=hard ",
	"platPreBuiltFlag":	false,
	"platformSamplesDir":	"",
	"platActiveSys":	"design_1_wrapper",
	"systems":	[{
			"systemName":	"design_1_wrapper",
			"systemDesc":	"design_1_wrapper",
			"sysIsBootAutoGen":	"true",
			"systemDispName":	"design_1_wrapper",
			"sysActiveDom":	"zynq_fsbl",
			"sysDefaultDom":	"",
			"domains":	[{
					"domainName":	"zynq_fsbl",
					"domainDispName":	"zynq_fsbl",
					"domainDesc":	"FSBL Application BSP - Auto Generated.",
					"processors":	"ps7_cortexa9_0",
					"os":	"standalone",
					"sdxOs":	"standalone",
					"debugEnable":	"",
					"domRuntimes":	["cpp"],
					"swRepo":	"",
					"mssOsVer":	"7.2",
					"mssFile":	"",
					"md5Digest":	"e4150e6453ef70755561bfa5cb30972d",
					"compatibleApp":	"zynq_fsbl",
					"domType":	"bootDomain",
					"arch":	"32-bit",
					"appSettings":	{
						"appCompilerFlags":	"",
						"appLinkerFlags":	""
					},
					"addedLibs":	["xilffs:4.3", "xilrsa:1.6"],
					"libOptions":	{
						"libsContainingOptions":	[]
					},
					"prebuiltLibs":	{
						"prebuiltIncPath":	[],
						"prebuiltLibPath":	[]
					},
					"isolation":	{
					}
				}]
		}]
}
TRACE::2025-06-24.14:18:44::SCWMssOS::Saving the mss changes C:/Users/andre/Projects/IEE2463-SEP-Proyecto-2-Z8/PS/vitis/design_1_wrapper/zynq_fsbl/zynq_fsbl_bsp/system.mss
TRACE::2025-06-24.14:18:44::SCWMssOS::Found a swdesign opened with the mssfile.
TRACE::2025-06-24.14:18:44::SCWMssOS::Completed writemss as part of save.
TRACE::2025-06-24.14:18:44::SCWMssOS::Commit changes completed.
TRACE::2025-06-24.14:18:44::SCWPlatform::Trying to open the hw design at C:/Users/andre/Projects/IEE2463-SEP-Proyecto-2-Z8/PS/vitis/design_1_wrapper/hw/design_1_wrapper.xsa
TRACE::2025-06-24.14:18:44::SCWPlatform::DSA given C:/Users/andre/Projects/IEE2463-SEP-Proyecto-2-Z8/PS/vitis/design_1_wrapper/hw/design_1_wrapper.xsa
TRACE::2025-06-24.14:18:44::SCWPlatform::DSA absoulate path C:/Users/andre/Projects/IEE2463-SEP-Proyecto-2-Z8/PS/vitis/design_1_wrapper/hw/design_1_wrapper.xsa
TRACE::2025-06-24.14:18:44::SCWPlatform::DSA directory C:/Users/andre/Projects/IEE2463-SEP-Proyecto-2-Z8/PS/vitis/design_1_wrapper/hw
TRACE::2025-06-24.14:18:44::SCWPlatform:: Platform Path C:/Users/andre/Projects/IEE2463-SEP-Proyecto-2-Z8/PS/vitis/design_1_wrapper/hw/design_1_wrapper.xsa
TRACE::2025-06-24.14:18:44::SCWPlatform:: Unique name xilinx:zybo-z7-10::0.0
TRACE::2025-06-24.14:18:44::SCWPlatform::Trying to set the existing hwdb with name design_1_wrapper_0
TRACE::2025-06-24.14:18:44::SCWPlatform::Opened existing hwdb design_1_wrapper_0
TRACE::2025-06-24.14:18:44::SCWPlatform::Found the Hw Db part of the input DSA
TRACE::2025-06-24.14:18:44::SCWMssOS::Checking the sw design at  C:/Users/andre/Projects/IEE2463-SEP-Proyecto-2-Z8/PS/vitis/design_1_wrapper/zynq_fsbl/zynq_fsbl_bsp/system.mss
TRACE::2025-06-24.14:18:44::SCWMssOS::DEBUG:  swdes dump  C:/Users/andre/Projects/IEE2463-SEP-Proyecto-2-Z8/PS/vitis/design_1_wrapper/zynq_fsbl/zynq_fsbl_bsp/system.mss|system||

TRACE::2025-06-24.14:18:44::SCWMssOS::Sw design exists and opened at  C:/Users/andre/Projects/IEE2463-SEP-Proyecto-2-Z8/PS/vitis/design_1_wrapper/zynq_fsbl/zynq_fsbl_bsp/system.mss
TRACE::2025-06-24.14:18:44::SCWPlatform::Trying to open the hw design at C:/Users/andre/Projects/IEE2463-SEP-Proyecto-2-Z8/PS/vitis/design_1_wrapper/hw/design_1_wrapper.xsa
TRACE::2025-06-24.14:18:44::SCWPlatform::DSA given C:/Users/andre/Projects/IEE2463-SEP-Proyecto-2-Z8/PS/vitis/design_1_wrapper/hw/design_1_wrapper.xsa
TRACE::2025-06-24.14:18:44::SCWPlatform::DSA absoulate path C:/Users/andre/Projects/IEE2463-SEP-Proyecto-2-Z8/PS/vitis/design_1_wrapper/hw/design_1_wrapper.xsa
TRACE::2025-06-24.14:18:44::SCWPlatform::DSA directory C:/Users/andre/Projects/IEE2463-SEP-Proyecto-2-Z8/PS/vitis/design_1_wrapper/hw
TRACE::2025-06-24.14:18:44::SCWPlatform:: Platform Path C:/Users/andre/Projects/IEE2463-SEP-Proyecto-2-Z8/PS/vitis/design_1_wrapper/hw/design_1_wrapper.xsa
TRACE::2025-06-24.14:18:44::SCWPlatform:: Unique name xilinx:zybo-z7-10::0.0
TRACE::2025-06-24.14:18:44::SCWPlatform::Trying to set the existing hwdb with name design_1_wrapper_0
TRACE::2025-06-24.14:18:44::SCWPlatform::Opened existing hwdb design_1_wrapper_0
TRACE::2025-06-24.14:18:44::SCWPlatform::Found the Hw Db part of the input DSA
TRACE::2025-06-24.14:18:44::SCWMssOS::Checking the sw design at  C:/Users/andre/Projects/IEE2463-SEP-Proyecto-2-Z8/PS/vitis/design_1_wrapper/zynq_fsbl/zynq_fsbl_bsp/system.mss
TRACE::2025-06-24.14:18:44::SCWMssOS::DEBUG:  swdes dump  C:/Users/andre/Projects/IEE2463-SEP-Proyecto-2-Z8/PS/vitis/design_1_wrapper/zynq_fsbl/zynq_fsbl_bsp/system.mss|system||

TRACE::2025-06-24.14:18:44::SCWMssOS::Sw design exists and opened at  C:/Users/andre/Projects/IEE2463-SEP-Proyecto-2-Z8/PS/vitis/design_1_wrapper/zynq_fsbl/zynq_fsbl_bsp/system.mss
TRACE::2025-06-24.14:18:44::SCWPlatform::Trying to open the hw design at C:/Users/andre/Projects/IEE2463-SEP-Proyecto-2-Z8/PS/vitis/design_1_wrapper/hw/design_1_wrapper.xsa
TRACE::2025-06-24.14:18:44::SCWPlatform::DSA given C:/Users/andre/Projects/IEE2463-SEP-Proyecto-2-Z8/PS/vitis/design_1_wrapper/hw/design_1_wrapper.xsa
TRACE::2025-06-24.14:18:44::SCWPlatform::DSA absoulate path C:/Users/andre/Projects/IEE2463-SEP-Proyecto-2-Z8/PS/vitis/design_1_wrapper/hw/design_1_wrapper.xsa
TRACE::2025-06-24.14:18:44::SCWPlatform::DSA directory C:/Users/andre/Projects/IEE2463-SEP-Proyecto-2-Z8/PS/vitis/design_1_wrapper/hw
TRACE::2025-06-24.14:18:44::SCWPlatform:: Platform Path C:/Users/andre/Projects/IEE2463-SEP-Proyecto-2-Z8/PS/vitis/design_1_wrapper/hw/design_1_wrapper.xsa
TRACE::2025-06-24.14:18:44::SCWPlatform:: Unique name xilinx:zybo-z7-10::0.0
TRACE::2025-06-24.14:18:44::SCWPlatform::Trying to set the existing hwdb with name design_1_wrapper_0
TRACE::2025-06-24.14:18:44::SCWPlatform::Opened existing hwdb design_1_wrapper_0
TRACE::2025-06-24.14:18:44::SCWPlatform::Found the Hw Db part of the input DSA
TRACE::2025-06-24.14:18:44::SCWMssOS::Checking the sw design at  C:/Users/andre/Projects/IEE2463-SEP-Proyecto-2-Z8/PS/vitis/design_1_wrapper/zynq_fsbl/zynq_fsbl_bsp/system.mss
TRACE::2025-06-24.14:18:44::SCWMssOS::DEBUG:  swdes dump  C:/Users/andre/Projects/IEE2463-SEP-Proyecto-2-Z8/PS/vitis/design_1_wrapper/zynq_fsbl/zynq_fsbl_bsp/system.mss|system||

TRACE::2025-06-24.14:18:44::SCWMssOS::Sw design exists and opened at  C:/Users/andre/Projects/IEE2463-SEP-Proyecto-2-Z8/PS/vitis/design_1_wrapper/zynq_fsbl/zynq_fsbl_bsp/system.mss
TRACE::2025-06-24.14:18:44::SCWWriter::formatted JSON is {
	"platformName":	"design_1_wrapper",
	"sprVersion":	"2.0",
	"mode":	"gui",
	"dsaType":	"Fixed",
	"platformDesc":	"design_1_wrapper",
	"platHandOff":	"C:/Users/andre/Projects/IEE2463-SEP-Proyecto-2-Z8/PS/vivado/Ps/design_1_wrapper.xsa",
	"platIntHandOff":	"<platformDir>/hw/design_1_wrapper.xsa",
	"deviceType":	"zynq",
	"platIsPrebuiltAutogen":	"false",
	"platIsNoBootBsp":	"false",
	"platFsblTarget":	"ps7_cortexa9_0",
	"hasFsblMakeHasChanges":	"false",
	"hasPmufwMakeHasChanges":	"false",
	"fsblExtraCompilerFlags":	"-MMD -MP       -mcpu=cortex-a9 -mfpu=vfpv3 -mfloat-abi=hard ",
	"platPreBuiltFlag":	false,
	"platformSamplesDir":	"",
	"platActiveSys":	"design_1_wrapper",
	"systems":	[{
			"systemName":	"design_1_wrapper",
			"systemDesc":	"design_1_wrapper",
			"sysIsBootAutoGen":	"true",
			"systemDispName":	"design_1_wrapper",
			"sysActiveDom":	"zynq_fsbl",
			"sysDefaultDom":	"",
			"domains":	[{
					"domainName":	"zynq_fsbl",
					"domainDispName":	"zynq_fsbl",
					"domainDesc":	"FSBL Application BSP - Auto Generated.",
					"processors":	"ps7_cortexa9_0",
					"os":	"standalone",
					"sdxOs":	"standalone",
					"debugEnable":	"",
					"domRuntimes":	["cpp"],
					"swRepo":	"",
					"mssOsVer":	"7.2",
					"mssFile":	"",
					"md5Digest":	"e4150e6453ef70755561bfa5cb30972d",
					"compatibleApp":	"zynq_fsbl",
					"domType":	"bootDomain",
					"arch":	"32-bit",
					"appSettings":	{
						"appCompilerFlags":	"",
						"appLinkerFlags":	""
					},
					"addedLibs":	["xilffs:4.3", "xilrsa:1.6"],
					"libOptions":	{
						"libsContainingOptions":	[]
					},
					"prebuiltLibs":	{
						"prebuiltIncPath":	[],
						"prebuiltLibPath":	[]
					},
					"isolation":	{
					}
				}]
		}]
}
TRACE::2025-06-24.14:18:45::SCWDomain::checking for install qemu data   : 
TRACE::2025-06-24.14:18:45::SCWDomain:: Using the QEMU Data from install at  : C:/Xilinx/Vitis/2020.1/data/emulation/platforms/zynq/qemu/
TRACE::2025-06-24.14:18:45::SCWDomain:: Using the QEMU args  from install at  : C:/Xilinx/Vitis/2020.1/data/emulation/platforms/zynq/qemu/qemu_args.txt
TRACE::2025-06-24.14:18:45::SCWPlatform::Trying to open the hw design at C:/Users/andre/Projects/IEE2463-SEP-Proyecto-2-Z8/PS/vitis/design_1_wrapper/hw/design_1_wrapper.xsa
TRACE::2025-06-24.14:18:45::SCWPlatform::DSA given C:/Users/andre/Projects/IEE2463-SEP-Proyecto-2-Z8/PS/vitis/design_1_wrapper/hw/design_1_wrapper.xsa
TRACE::2025-06-24.14:18:45::SCWPlatform::DSA absoulate path C:/Users/andre/Projects/IEE2463-SEP-Proyecto-2-Z8/PS/vitis/design_1_wrapper/hw/design_1_wrapper.xsa
TRACE::2025-06-24.14:18:45::SCWPlatform::DSA directory C:/Users/andre/Projects/IEE2463-SEP-Proyecto-2-Z8/PS/vitis/design_1_wrapper/hw
TRACE::2025-06-24.14:18:45::SCWPlatform:: Platform Path C:/Users/andre/Projects/IEE2463-SEP-Proyecto-2-Z8/PS/vitis/design_1_wrapper/hw/design_1_wrapper.xsa
TRACE::2025-06-24.14:18:45::SCWPlatform:: Unique name xilinx:zybo-z7-10::0.0
TRACE::2025-06-24.14:18:45::SCWPlatform::Trying to set the existing hwdb with name design_1_wrapper_0
TRACE::2025-06-24.14:18:45::SCWPlatform::Opened existing hwdb design_1_wrapper_0
TRACE::2025-06-24.14:18:45::SCWPlatform::Found the Hw Db part of the input DSA
TRACE::2025-06-24.14:18:45::SCWPlatform::Trying to open the hw design at C:/Users/andre/Projects/IEE2463-SEP-Proyecto-2-Z8/PS/vitis/design_1_wrapper/hw/design_1_wrapper.xsa
TRACE::2025-06-24.14:18:45::SCWPlatform::DSA given C:/Users/andre/Projects/IEE2463-SEP-Proyecto-2-Z8/PS/vitis/design_1_wrapper/hw/design_1_wrapper.xsa
TRACE::2025-06-24.14:18:45::SCWPlatform::DSA absoulate path C:/Users/andre/Projects/IEE2463-SEP-Proyecto-2-Z8/PS/vitis/design_1_wrapper/hw/design_1_wrapper.xsa
TRACE::2025-06-24.14:18:45::SCWPlatform::DSA directory C:/Users/andre/Projects/IEE2463-SEP-Proyecto-2-Z8/PS/vitis/design_1_wrapper/hw
TRACE::2025-06-24.14:18:45::SCWPlatform:: Platform Path C:/Users/andre/Projects/IEE2463-SEP-Proyecto-2-Z8/PS/vitis/design_1_wrapper/hw/design_1_wrapper.xsa
TRACE::2025-06-24.14:18:45::SCWPlatform:: Unique name xilinx:zybo-z7-10::0.0
TRACE::2025-06-24.14:18:45::SCWPlatform::Trying to set the existing hwdb with name design_1_wrapper_0
TRACE::2025-06-24.14:18:45::SCWPlatform::Opened existing hwdb design_1_wrapper_0
TRACE::2025-06-24.14:18:45::SCWPlatform::Found the Hw Db part of the input DSA
TRACE::2025-06-24.14:18:45::SCWPlatform::Trying to open the hw design at C:/Users/andre/Projects/IEE2463-SEP-Proyecto-2-Z8/PS/vitis/design_1_wrapper/hw/design_1_wrapper.xsa
TRACE::2025-06-24.14:18:45::SCWPlatform::DSA given C:/Users/andre/Projects/IEE2463-SEP-Proyecto-2-Z8/PS/vitis/design_1_wrapper/hw/design_1_wrapper.xsa
TRACE::2025-06-24.14:18:45::SCWPlatform::DSA absoulate path C:/Users/andre/Projects/IEE2463-SEP-Proyecto-2-Z8/PS/vitis/design_1_wrapper/hw/design_1_wrapper.xsa
TRACE::2025-06-24.14:18:45::SCWPlatform::DSA directory C:/Users/andre/Projects/IEE2463-SEP-Proyecto-2-Z8/PS/vitis/design_1_wrapper/hw
TRACE::2025-06-24.14:18:45::SCWPlatform:: Platform Path C:/Users/andre/Projects/IEE2463-SEP-Proyecto-2-Z8/PS/vitis/design_1_wrapper/hw/design_1_wrapper.xsa
TRACE::2025-06-24.14:18:45::SCWPlatform:: Unique name xilinx:zybo-z7-10::0.0
TRACE::2025-06-24.14:18:45::SCWPlatform::Trying to set the existing hwdb with name design_1_wrapper_0
TRACE::2025-06-24.14:18:45::SCWPlatform::Opened existing hwdb design_1_wrapper_0
TRACE::2025-06-24.14:18:45::SCWPlatform::Found the Hw Db part of the input DSA
TRACE::2025-06-24.14:18:45::SCWMssOS::Checking the sw design at  C:/Users/andre/Projects/IEE2463-SEP-Proyecto-2-Z8/PS/vitis/design_1_wrapper/ps7_cortexa9_0/domain_ps7_cortexa9_0/bsp/system.mss
TRACE::2025-06-24.14:18:45::SCWMssOS::DEBUG:  swdes dump  C:/Users/andre/Projects/IEE2463-SEP-Proyecto-2-Z8/PS/vitis/design_1_wrapper/zynq_fsbl/zynq_fsbl_bsp/system.mss|system||

TRACE::2025-06-24.14:18:45::SCWMssOS::No sw design opened at  C:/Users/andre/Projects/IEE2463-SEP-Proyecto-2-Z8/PS/vitis/design_1_wrapper/ps7_cortexa9_0/domain_ps7_cortexa9_0/bsp/system.mss
TRACE::2025-06-24.14:18:45::SCWMssOS::mss does not exists at C:/Users/andre/Projects/IEE2463-SEP-Proyecto-2-Z8/PS/vitis/design_1_wrapper/ps7_cortexa9_0/domain_ps7_cortexa9_0/bsp/system.mss
TRACE::2025-06-24.14:18:45::SCWMssOS::Creating sw design at  C:/Users/andre/Projects/IEE2463-SEP-Proyecto-2-Z8/PS/vitis/design_1_wrapper/ps7_cortexa9_0/domain_ps7_cortexa9_0/bsp/system.mss
TRACE::2025-06-24.14:18:45::SCWMssOS::Adding the swdes entry, created swdb C:/Users/andre/Projects/IEE2463-SEP-Proyecto-2-Z8/PS/vitis/design_1_wrapper/ps7_cortexa9_0/domain_ps7_cortexa9_0/bsp/system.mss with des name C:/Users/andre/Projects/IEE2463-SEP-Proyecto-2-Z8/PS/vitis/design_1_wrapper/ps7_cortexa9_0/domain_ps7_cortexa9_0/bsp/system.mss
TRACE::2025-06-24.14:18:45::SCWMssOS::updating the scw layer changes to swdes at   C:/Users/andre/Projects/IEE2463-SEP-Proyecto-2-Z8/PS/vitis/design_1_wrapper/ps7_cortexa9_0/domain_ps7_cortexa9_0/bsp/system.mss
TRACE::2025-06-24.14:18:45::SCWMssOS::Writing mss at C:/Users/andre/Projects/IEE2463-SEP-Proyecto-2-Z8/PS/vitis/design_1_wrapper/ps7_cortexa9_0/domain_ps7_cortexa9_0/bsp/system.mss
TRACE::2025-06-24.14:18:45::SCWMssOS::Completed writing the mss file at C:/Users/andre/Projects/IEE2463-SEP-Proyecto-2-Z8/PS/vitis/design_1_wrapper/ps7_cortexa9_0/domain_ps7_cortexa9_0/bsp
TRACE::2025-06-24.14:18:45::SCWMssOS::Picking up changes from newly written mss file into SCW Layer. 
TRACE::2025-06-24.14:18:45::SCWMssOS::Updated the changes from newly written mss file into SCW Layer. 
TRACE::2025-06-24.14:18:45::SCWMssOS::Completed writing the mss file at C:/Users/andre/Projects/IEE2463-SEP-Proyecto-2-Z8/PS/vitis/design_1_wrapper/ps7_cortexa9_0/domain_ps7_cortexa9_0/bsp
TRACE::2025-06-24.14:18:45::SCWMssOS::Forcing BSP Sources regeneration.
TRACE::2025-06-24.14:18:47::SCWMssOS::Saving the mss changes C:/Users/andre/Projects/IEE2463-SEP-Proyecto-2-Z8/PS/vitis/design_1_wrapper/zynq_fsbl/zynq_fsbl_bsp/system.mss
TRACE::2025-06-24.14:18:47::SCWMssOS::Found a swdesign opened with the mssfile.
TRACE::2025-06-24.14:18:47::SCWMssOS::Completed writemss as part of save.
TRACE::2025-06-24.14:18:47::SCWMssOS::Commit changes completed.
TRACE::2025-06-24.14:18:47::SCWMssOS::Saving the mss changes C:/Users/andre/Projects/IEE2463-SEP-Proyecto-2-Z8/PS/vitis/design_1_wrapper/ps7_cortexa9_0/domain_ps7_cortexa9_0/bsp/system.mss
TRACE::2025-06-24.14:18:47::SCWMssOS::Found a swdesign opened with the mssfile.
TRACE::2025-06-24.14:18:47::SCWMssOS::Running validate of swdbs.
KEYINFO::2025-06-24.14:18:47::SCWMssOS::Could not open the swdb for C:/Users/andre/Projects/IEE2463-SEP-Proyecto-2-Z8/PS/vitis/design_1_wrapper/ps7_cortexa9_0/domain_ps7_cortexa9_0/bsp/system.mss
KEYINFO::2025-06-24.14:18:47::SCWMssOS::Could not open the sw design at  C:/Users/andre/Projects/IEE2463-SEP-Proyecto-2-Z8/PS/vitis/design_1_wrapper/ps7_cortexa9_0/domain_ps7_cortexa9_0/bsp/system.mss
ERROR: [Hsi 55-1558] Software Design C:/Users/andre/Projects/IEE2463-SEP-Proyecto-2-Z8/PS/vitis/design_1_wrapper/ps7_cortexa9_0/domain_ps7_cortexa9_0/bsp/system.mss is not found

TRACE::2025-06-24.14:18:47::SCWMssOS::Cleared the swdb table entry
TRACE::2025-06-24.14:18:47::SCWMssOS::Adding the swdes entry, mss present, able to open swdb C:/Users/andre/Projects/IEE2463-SEP-Proyecto-2-Z8/PS/vitis/design_1_wrapper/ps7_cortexa9_0/domain_ps7_cortexa9_0/bsp/system.mss with des name system_0
TRACE::2025-06-24.14:18:47::SCWMssOS::Writing the mss file completed C:/Users/andre/Projects/IEE2463-SEP-Proyecto-2-Z8/PS/vitis/design_1_wrapper/ps7_cortexa9_0/domain_ps7_cortexa9_0/bsp/system.mss
TRACE::2025-06-24.14:18:47::SCWMssOS::Commit changes completed.
TRACE::2025-06-24.14:18:47::SCWPlatform::Trying to open the hw design at C:/Users/andre/Projects/IEE2463-SEP-Proyecto-2-Z8/PS/vitis/design_1_wrapper/hw/design_1_wrapper.xsa
TRACE::2025-06-24.14:18:47::SCWPlatform::DSA given C:/Users/andre/Projects/IEE2463-SEP-Proyecto-2-Z8/PS/vitis/design_1_wrapper/hw/design_1_wrapper.xsa
TRACE::2025-06-24.14:18:47::SCWPlatform::DSA absoulate path C:/Users/andre/Projects/IEE2463-SEP-Proyecto-2-Z8/PS/vitis/design_1_wrapper/hw/design_1_wrapper.xsa
TRACE::2025-06-24.14:18:47::SCWPlatform::DSA directory C:/Users/andre/Projects/IEE2463-SEP-Proyecto-2-Z8/PS/vitis/design_1_wrapper/hw
TRACE::2025-06-24.14:18:47::SCWPlatform:: Platform Path C:/Users/andre/Projects/IEE2463-SEP-Proyecto-2-Z8/PS/vitis/design_1_wrapper/hw/design_1_wrapper.xsa
TRACE::2025-06-24.14:18:47::SCWPlatform:: Unique name xilinx:zybo-z7-10::0.0
TRACE::2025-06-24.14:18:47::SCWPlatform::Trying to set the existing hwdb with name design_1_wrapper_0
TRACE::2025-06-24.14:18:47::SCWPlatform::Opened existing hwdb design_1_wrapper_0
TRACE::2025-06-24.14:18:47::SCWPlatform::Found the Hw Db part of the input DSA
TRACE::2025-06-24.14:18:47::SCWMssOS::Checking the sw design at  C:/Users/andre/Projects/IEE2463-SEP-Proyecto-2-Z8/PS/vitis/design_1_wrapper/zynq_fsbl/zynq_fsbl_bsp/system.mss
TRACE::2025-06-24.14:18:47::SCWMssOS::DEBUG:  swdes dump  C:/Users/andre/Projects/IEE2463-SEP-Proyecto-2-Z8/PS/vitis/design_1_wrapper/ps7_cortexa9_0/domain_ps7_cortexa9_0/bsp/system.mss|system_0||
C:/Users/andre/Projects/IEE2463-SEP-Proyecto-2-Z8/PS/vitis/design_1_wrapper/zynq_fsbl/zynq_fsbl_bsp/system.mss|system||

TRACE::2025-06-24.14:18:47::SCWMssOS::Sw design exists and opened at  C:/Users/andre/Projects/IEE2463-SEP-Proyecto-2-Z8/PS/vitis/design_1_wrapper/zynq_fsbl/zynq_fsbl_bsp/system.mss
TRACE::2025-06-24.14:18:47::SCWPlatform::Trying to open the hw design at C:/Users/andre/Projects/IEE2463-SEP-Proyecto-2-Z8/PS/vitis/design_1_wrapper/hw/design_1_wrapper.xsa
TRACE::2025-06-24.14:18:47::SCWPlatform::DSA given C:/Users/andre/Projects/IEE2463-SEP-Proyecto-2-Z8/PS/vitis/design_1_wrapper/hw/design_1_wrapper.xsa
TRACE::2025-06-24.14:18:47::SCWPlatform::DSA absoulate path C:/Users/andre/Projects/IEE2463-SEP-Proyecto-2-Z8/PS/vitis/design_1_wrapper/hw/design_1_wrapper.xsa
TRACE::2025-06-24.14:18:47::SCWPlatform::DSA directory C:/Users/andre/Projects/IEE2463-SEP-Proyecto-2-Z8/PS/vitis/design_1_wrapper/hw
TRACE::2025-06-24.14:18:47::SCWPlatform:: Platform Path C:/Users/andre/Projects/IEE2463-SEP-Proyecto-2-Z8/PS/vitis/design_1_wrapper/hw/design_1_wrapper.xsa
TRACE::2025-06-24.14:18:47::SCWPlatform:: Unique name xilinx:zybo-z7-10::0.0
TRACE::2025-06-24.14:18:47::SCWPlatform::Trying to set the existing hwdb with name design_1_wrapper_0
TRACE::2025-06-24.14:18:47::SCWPlatform::Opened existing hwdb design_1_wrapper_0
TRACE::2025-06-24.14:18:47::SCWPlatform::Found the Hw Db part of the input DSA
TRACE::2025-06-24.14:18:47::SCWMssOS::Checking the sw design at  C:/Users/andre/Projects/IEE2463-SEP-Proyecto-2-Z8/PS/vitis/design_1_wrapper/zynq_fsbl/zynq_fsbl_bsp/system.mss
TRACE::2025-06-24.14:18:47::SCWMssOS::DEBUG:  swdes dump  C:/Users/andre/Projects/IEE2463-SEP-Proyecto-2-Z8/PS/vitis/design_1_wrapper/ps7_cortexa9_0/domain_ps7_cortexa9_0/bsp/system.mss|system_0||
C:/Users/andre/Projects/IEE2463-SEP-Proyecto-2-Z8/PS/vitis/design_1_wrapper/zynq_fsbl/zynq_fsbl_bsp/system.mss|system||

TRACE::2025-06-24.14:18:47::SCWMssOS::Sw design exists and opened at  C:/Users/andre/Projects/IEE2463-SEP-Proyecto-2-Z8/PS/vitis/design_1_wrapper/zynq_fsbl/zynq_fsbl_bsp/system.mss
TRACE::2025-06-24.14:18:47::SCWPlatform::Trying to open the hw design at C:/Users/andre/Projects/IEE2463-SEP-Proyecto-2-Z8/PS/vitis/design_1_wrapper/hw/design_1_wrapper.xsa
TRACE::2025-06-24.14:18:47::SCWPlatform::DSA given C:/Users/andre/Projects/IEE2463-SEP-Proyecto-2-Z8/PS/vitis/design_1_wrapper/hw/design_1_wrapper.xsa
TRACE::2025-06-24.14:18:47::SCWPlatform::DSA absoulate path C:/Users/andre/Projects/IEE2463-SEP-Proyecto-2-Z8/PS/vitis/design_1_wrapper/hw/design_1_wrapper.xsa
TRACE::2025-06-24.14:18:47::SCWPlatform::DSA directory C:/Users/andre/Projects/IEE2463-SEP-Proyecto-2-Z8/PS/vitis/design_1_wrapper/hw
TRACE::2025-06-24.14:18:47::SCWPlatform:: Platform Path C:/Users/andre/Projects/IEE2463-SEP-Proyecto-2-Z8/PS/vitis/design_1_wrapper/hw/design_1_wrapper.xsa
TRACE::2025-06-24.14:18:47::SCWPlatform:: Unique name xilinx:zybo-z7-10::0.0
TRACE::2025-06-24.14:18:47::SCWPlatform::Trying to set the existing hwdb with name design_1_wrapper_0
TRACE::2025-06-24.14:18:47::SCWPlatform::Opened existing hwdb design_1_wrapper_0
TRACE::2025-06-24.14:18:47::SCWPlatform::Found the Hw Db part of the input DSA
TRACE::2025-06-24.14:18:47::SCWMssOS::Checking the sw design at  C:/Users/andre/Projects/IEE2463-SEP-Proyecto-2-Z8/PS/vitis/design_1_wrapper/zynq_fsbl/zynq_fsbl_bsp/system.mss
TRACE::2025-06-24.14:18:47::SCWMssOS::DEBUG:  swdes dump  C:/Users/andre/Projects/IEE2463-SEP-Proyecto-2-Z8/PS/vitis/design_1_wrapper/ps7_cortexa9_0/domain_ps7_cortexa9_0/bsp/system.mss|system_0||
C:/Users/andre/Projects/IEE2463-SEP-Proyecto-2-Z8/PS/vitis/design_1_wrapper/zynq_fsbl/zynq_fsbl_bsp/system.mss|system||

TRACE::2025-06-24.14:18:47::SCWMssOS::Sw design exists and opened at  C:/Users/andre/Projects/IEE2463-SEP-Proyecto-2-Z8/PS/vitis/design_1_wrapper/zynq_fsbl/zynq_fsbl_bsp/system.mss
TRACE::2025-06-24.14:18:47::SCWPlatform::Trying to open the hw design at C:/Users/andre/Projects/IEE2463-SEP-Proyecto-2-Z8/PS/vitis/design_1_wrapper/hw/design_1_wrapper.xsa
TRACE::2025-06-24.14:18:47::SCWPlatform::DSA given C:/Users/andre/Projects/IEE2463-SEP-Proyecto-2-Z8/PS/vitis/design_1_wrapper/hw/design_1_wrapper.xsa
TRACE::2025-06-24.14:18:47::SCWPlatform::DSA absoulate path C:/Users/andre/Projects/IEE2463-SEP-Proyecto-2-Z8/PS/vitis/design_1_wrapper/hw/design_1_wrapper.xsa
TRACE::2025-06-24.14:18:47::SCWPlatform::DSA directory C:/Users/andre/Projects/IEE2463-SEP-Proyecto-2-Z8/PS/vitis/design_1_wrapper/hw
TRACE::2025-06-24.14:18:47::SCWPlatform:: Platform Path C:/Users/andre/Projects/IEE2463-SEP-Proyecto-2-Z8/PS/vitis/design_1_wrapper/hw/design_1_wrapper.xsa
TRACE::2025-06-24.14:18:47::SCWPlatform:: Unique name xilinx:zybo-z7-10::0.0
TRACE::2025-06-24.14:18:47::SCWPlatform::Trying to set the existing hwdb with name design_1_wrapper_0
TRACE::2025-06-24.14:18:47::SCWPlatform::Opened existing hwdb design_1_wrapper_0
TRACE::2025-06-24.14:18:47::SCWPlatform::Found the Hw Db part of the input DSA
TRACE::2025-06-24.14:18:47::SCWMssOS::Checking the sw design at  C:/Users/andre/Projects/IEE2463-SEP-Proyecto-2-Z8/PS/vitis/design_1_wrapper/ps7_cortexa9_0/domain_ps7_cortexa9_0/bsp/system.mss
TRACE::2025-06-24.14:18:47::SCWMssOS::DEBUG:  swdes dump  C:/Users/andre/Projects/IEE2463-SEP-Proyecto-2-Z8/PS/vitis/design_1_wrapper/ps7_cortexa9_0/domain_ps7_cortexa9_0/bsp/system.mss|system_0||
C:/Users/andre/Projects/IEE2463-SEP-Proyecto-2-Z8/PS/vitis/design_1_wrapper/zynq_fsbl/zynq_fsbl_bsp/system.mss|system||

TRACE::2025-06-24.14:18:47::SCWMssOS::Sw design exists and opened at  C:/Users/andre/Projects/IEE2463-SEP-Proyecto-2-Z8/PS/vitis/design_1_wrapper/ps7_cortexa9_0/domain_ps7_cortexa9_0/bsp/system.mss
TRACE::2025-06-24.14:18:47::SCWPlatform::Trying to open the hw design at C:/Users/andre/Projects/IEE2463-SEP-Proyecto-2-Z8/PS/vitis/design_1_wrapper/hw/design_1_wrapper.xsa
TRACE::2025-06-24.14:18:47::SCWPlatform::DSA given C:/Users/andre/Projects/IEE2463-SEP-Proyecto-2-Z8/PS/vitis/design_1_wrapper/hw/design_1_wrapper.xsa
TRACE::2025-06-24.14:18:47::SCWPlatform::DSA absoulate path C:/Users/andre/Projects/IEE2463-SEP-Proyecto-2-Z8/PS/vitis/design_1_wrapper/hw/design_1_wrapper.xsa
TRACE::2025-06-24.14:18:47::SCWPlatform::DSA directory C:/Users/andre/Projects/IEE2463-SEP-Proyecto-2-Z8/PS/vitis/design_1_wrapper/hw
TRACE::2025-06-24.14:18:47::SCWPlatform:: Platform Path C:/Users/andre/Projects/IEE2463-SEP-Proyecto-2-Z8/PS/vitis/design_1_wrapper/hw/design_1_wrapper.xsa
TRACE::2025-06-24.14:18:47::SCWPlatform:: Unique name xilinx:zybo-z7-10::0.0
TRACE::2025-06-24.14:18:47::SCWPlatform::Trying to set the existing hwdb with name design_1_wrapper_0
TRACE::2025-06-24.14:18:47::SCWPlatform::Opened existing hwdb design_1_wrapper_0
TRACE::2025-06-24.14:18:47::SCWPlatform::Found the Hw Db part of the input DSA
TRACE::2025-06-24.14:18:47::SCWMssOS::Checking the sw design at  C:/Users/andre/Projects/IEE2463-SEP-Proyecto-2-Z8/PS/vitis/design_1_wrapper/ps7_cortexa9_0/domain_ps7_cortexa9_0/bsp/system.mss
TRACE::2025-06-24.14:18:47::SCWMssOS::DEBUG:  swdes dump  C:/Users/andre/Projects/IEE2463-SEP-Proyecto-2-Z8/PS/vitis/design_1_wrapper/ps7_cortexa9_0/domain_ps7_cortexa9_0/bsp/system.mss|system_0||
C:/Users/andre/Projects/IEE2463-SEP-Proyecto-2-Z8/PS/vitis/design_1_wrapper/zynq_fsbl/zynq_fsbl_bsp/system.mss|system||

TRACE::2025-06-24.14:18:47::SCWMssOS::Sw design exists and opened at  C:/Users/andre/Projects/IEE2463-SEP-Proyecto-2-Z8/PS/vitis/design_1_wrapper/ps7_cortexa9_0/domain_ps7_cortexa9_0/bsp/system.mss
TRACE::2025-06-24.14:18:47::SCWPlatform::Trying to open the hw design at C:/Users/andre/Projects/IEE2463-SEP-Proyecto-2-Z8/PS/vitis/design_1_wrapper/hw/design_1_wrapper.xsa
TRACE::2025-06-24.14:18:47::SCWPlatform::DSA given C:/Users/andre/Projects/IEE2463-SEP-Proyecto-2-Z8/PS/vitis/design_1_wrapper/hw/design_1_wrapper.xsa
TRACE::2025-06-24.14:18:47::SCWPlatform::DSA absoulate path C:/Users/andre/Projects/IEE2463-SEP-Proyecto-2-Z8/PS/vitis/design_1_wrapper/hw/design_1_wrapper.xsa
TRACE::2025-06-24.14:18:47::SCWPlatform::DSA directory C:/Users/andre/Projects/IEE2463-SEP-Proyecto-2-Z8/PS/vitis/design_1_wrapper/hw
TRACE::2025-06-24.14:18:47::SCWPlatform:: Platform Path C:/Users/andre/Projects/IEE2463-SEP-Proyecto-2-Z8/PS/vitis/design_1_wrapper/hw/design_1_wrapper.xsa
TRACE::2025-06-24.14:18:47::SCWPlatform:: Unique name xilinx:zybo-z7-10::0.0
TRACE::2025-06-24.14:18:47::SCWPlatform::Trying to set the existing hwdb with name design_1_wrapper_0
TRACE::2025-06-24.14:18:47::SCWPlatform::Opened existing hwdb design_1_wrapper_0
TRACE::2025-06-24.14:18:47::SCWPlatform::Found the Hw Db part of the input DSA
TRACE::2025-06-24.14:18:47::SCWMssOS::Checking the sw design at  C:/Users/andre/Projects/IEE2463-SEP-Proyecto-2-Z8/PS/vitis/design_1_wrapper/ps7_cortexa9_0/domain_ps7_cortexa9_0/bsp/system.mss
TRACE::2025-06-24.14:18:47::SCWMssOS::DEBUG:  swdes dump  C:/Users/andre/Projects/IEE2463-SEP-Proyecto-2-Z8/PS/vitis/design_1_wrapper/ps7_cortexa9_0/domain_ps7_cortexa9_0/bsp/system.mss|system_0||
C:/Users/andre/Projects/IEE2463-SEP-Proyecto-2-Z8/PS/vitis/design_1_wrapper/zynq_fsbl/zynq_fsbl_bsp/system.mss|system||

TRACE::2025-06-24.14:18:47::SCWMssOS::Sw design exists and opened at  C:/Users/andre/Projects/IEE2463-SEP-Proyecto-2-Z8/PS/vitis/design_1_wrapper/ps7_cortexa9_0/domain_ps7_cortexa9_0/bsp/system.mss
TRACE::2025-06-24.14:18:47::SCWWriter::formatted JSON is {
	"platformName":	"design_1_wrapper",
	"sprVersion":	"2.0",
	"mode":	"gui",
	"dsaType":	"Fixed",
	"platformDesc":	"design_1_wrapper",
	"platHandOff":	"C:/Users/andre/Projects/IEE2463-SEP-Proyecto-2-Z8/PS/vivado/Ps/design_1_wrapper.xsa",
	"platIntHandOff":	"<platformDir>/hw/design_1_wrapper.xsa",
	"deviceType":	"zynq",
	"platIsPrebuiltAutogen":	"false",
	"platIsNoBootBsp":	"false",
	"platFsblTarget":	"ps7_cortexa9_0",
	"hasFsblMakeHasChanges":	"false",
	"hasPmufwMakeHasChanges":	"false",
	"fsblExtraCompilerFlags":	"-MMD -MP       -mcpu=cortex-a9 -mfpu=vfpv3 -mfloat-abi=hard ",
	"platPreBuiltFlag":	false,
	"platformSamplesDir":	"",
	"platActiveSys":	"design_1_wrapper",
	"systems":	[{
			"systemName":	"design_1_wrapper",
			"systemDesc":	"design_1_wrapper",
			"sysIsBootAutoGen":	"true",
			"systemDispName":	"design_1_wrapper",
			"sysActiveDom":	"domain_ps7_cortexa9_0",
			"sysDefaultDom":	"domain_ps7_cortexa9_0",
			"domains":	[{
					"domainName":	"zynq_fsbl",
					"domainDispName":	"zynq_fsbl",
					"domainDesc":	"FSBL Application BSP - Auto Generated.",
					"processors":	"ps7_cortexa9_0",
					"os":	"standalone",
					"sdxOs":	"standalone",
					"debugEnable":	"",
					"domRuntimes":	["cpp"],
					"swRepo":	"",
					"mssOsVer":	"7.2",
					"mssFile":	"",
					"md5Digest":	"e4150e6453ef70755561bfa5cb30972d",
					"compatibleApp":	"zynq_fsbl",
					"domType":	"bootDomain",
					"arch":	"32-bit",
					"appSettings":	{
						"appCompilerFlags":	"",
						"appLinkerFlags":	""
					},
					"addedLibs":	["xilffs:4.3", "xilrsa:1.6"],
					"libOptions":	{
						"libsContainingOptions":	[]
					},
					"prebuiltLibs":	{
						"prebuiltIncPath":	[],
						"prebuiltLibPath":	[]
					},
					"isolation":	{
					}
				}, {
					"domainName":	"domain_ps7_cortexa9_0",
					"domainDispName":	"domain_ps7_cortexa9_0",
					"domainDesc":	"domain_ps7_cortexa9_0",
					"processors":	"ps7_cortexa9_0",
					"os":	"standalone",
					"sdxOs":	"standalone",
					"qemuArgs":	"C:/Xilinx/Vitis/2020.1/data/emulation/platforms/zynq/qemu/qemu_args.txt",
					"qemuData":	"C:/Xilinx/Vitis/2020.1/data/emulation/platforms/zynq/qemu/",
					"debugEnable":	"False",
					"domRuntimes":	["cpp"],
					"swRepo":	"",
					"mssOsVer":	"7.2",
					"mssFile":	"",
					"md5Digest":	"7610284c8612f6d6936a9aa955cad5ea",
					"compatibleApp":	"hello_world",
					"domType":	"mssDomain",
					"arch":	"32-bit",
					"appSettings":	{
						"appCompilerFlags":	"",
						"appLinkerFlags":	""
					},
					"addedLibs":	[],
					"libOptions":	{
						"libsContainingOptions":	[]
					},
					"prebuiltLibs":	{
						"prebuiltIncPath":	[],
						"prebuiltLibPath":	[]
					},
					"isolation":	{
					}
				}]
		}]
}
LOG::2025-06-24.14:18:47::SCWPlatform::Started generating the artifacts platform design_1_wrapper
TRACE::2025-06-24.14:18:47::SCWPlatform::Sanity checking of platform is completed
LOG::2025-06-24.14:18:47::SCWPlatform::Started generating the artifacts for system configuration design_1_wrapper
LOG::2025-06-24.14:18:47::SCWSystem::Checking the domain zynq_fsbl
LOG::2025-06-24.14:18:47::SCWSystem::Doing application build for :  zynq_fsbl
TRACE::2025-06-24.14:18:47::SCWBDomain::Not a forced makefile updation, No changes are present. 
TRACE::2025-06-24.14:18:47::SCWDomain::Skipping the build for domain :  zynq_fsbl
LOG::2025-06-24.14:18:47::SCWSystem::Checking the domain domain_ps7_cortexa9_0
LOG::2025-06-24.14:18:47::SCWSystem::Not a boot domain 
LOG::2025-06-24.14:18:47::SCWSystem::Started Processing the domain domain_ps7_cortexa9_0
TRACE::2025-06-24.14:18:47::SCWDomain::Generating domain artifcats
TRACE::2025-06-24.14:18:47::SCWMssOS::Generating standalone artifcats
TRACE::2025-06-24.14:18:47::SCWMssOS::Copying the qemu file from  C:/Xilinx/Vitis/2020.1/data/emulation/platforms/zynq/qemu/qemu_args.txt To C:/Users/andre/Projects/IEE2463-SEP-Proyecto-2-Z8/PS/vitis/design_1_wrapper/export/design_1_wrapper/sw/design_1_wrapper/qemu/
TRACE::2025-06-24.14:18:47::SCWMssOS::Copying the qemu file from  C:/Xilinx/Vitis/2020.1/data/emulation/platforms/zynq/qemu/qemu_args.txt To C:/Users/andre/Projects/IEE2463-SEP-Proyecto-2-Z8/PS/vitis/design_1_wrapper/export/design_1_wrapper/sw/design_1_wrapper/domain_ps7_cortexa9_0/qemu/
TRACE::2025-06-24.14:18:47::SCWMssOS:: Copying the user libraries. 
TRACE::2025-06-24.14:18:47::SCWPlatform::Trying to open the hw design at C:/Users/andre/Projects/IEE2463-SEP-Proyecto-2-Z8/PS/vitis/design_1_wrapper/hw/design_1_wrapper.xsa
TRACE::2025-06-24.14:18:47::SCWPlatform::DSA given C:/Users/andre/Projects/IEE2463-SEP-Proyecto-2-Z8/PS/vitis/design_1_wrapper/hw/design_1_wrapper.xsa
TRACE::2025-06-24.14:18:47::SCWPlatform::DSA absoulate path C:/Users/andre/Projects/IEE2463-SEP-Proyecto-2-Z8/PS/vitis/design_1_wrapper/hw/design_1_wrapper.xsa
TRACE::2025-06-24.14:18:47::SCWPlatform::DSA directory C:/Users/andre/Projects/IEE2463-SEP-Proyecto-2-Z8/PS/vitis/design_1_wrapper/hw
TRACE::2025-06-24.14:18:47::SCWPlatform:: Platform Path C:/Users/andre/Projects/IEE2463-SEP-Proyecto-2-Z8/PS/vitis/design_1_wrapper/hw/design_1_wrapper.xsa
TRACE::2025-06-24.14:18:47::SCWPlatform:: Unique name xilinx:zybo-z7-10::0.0
TRACE::2025-06-24.14:18:47::SCWPlatform::Trying to set the existing hwdb with name design_1_wrapper_0
TRACE::2025-06-24.14:18:47::SCWPlatform::Opened existing hwdb design_1_wrapper_0
TRACE::2025-06-24.14:18:47::SCWPlatform::Found the Hw Db part of the input DSA
TRACE::2025-06-24.14:18:47::SCWMssOS::Checking the sw design at  C:/Users/andre/Projects/IEE2463-SEP-Proyecto-2-Z8/PS/vitis/design_1_wrapper/ps7_cortexa9_0/domain_ps7_cortexa9_0/bsp/system.mss
TRACE::2025-06-24.14:18:47::SCWMssOS::DEBUG:  swdes dump  C:/Users/andre/Projects/IEE2463-SEP-Proyecto-2-Z8/PS/vitis/design_1_wrapper/ps7_cortexa9_0/domain_ps7_cortexa9_0/bsp/system.mss|system_0||
C:/Users/andre/Projects/IEE2463-SEP-Proyecto-2-Z8/PS/vitis/design_1_wrapper/zynq_fsbl/zynq_fsbl_bsp/system.mss|system||

TRACE::2025-06-24.14:18:47::SCWMssOS::Sw design exists and opened at  C:/Users/andre/Projects/IEE2463-SEP-Proyecto-2-Z8/PS/vitis/design_1_wrapper/ps7_cortexa9_0/domain_ps7_cortexa9_0/bsp/system.mss
TRACE::2025-06-24.14:18:47::SCWMssOS::Completed writing the mss file at C:/Users/andre/Projects/IEE2463-SEP-Proyecto-2-Z8/PS/vitis/design_1_wrapper/ps7_cortexa9_0/domain_ps7_cortexa9_0/bsp
TRACE::2025-06-24.14:18:47::SCWMssOS::Mss edits present, copying mssfile into export location C:/Users/andre/Projects/IEE2463-SEP-Proyecto-2-Z8/PS/vitis/design_1_wrapper/ps7_cortexa9_0/domain_ps7_cortexa9_0/bsp/system.mss
TRACE::2025-06-24.14:18:47::SCWMssOS::bsp generated is upto date with the mss file. Skipping bsp generation.
TRACE::2025-06-24.14:18:47::SCWMssOS::BSP is already built. skipping the bsp build ... 
TRACE::2025-06-24.14:18:47::SCWDomain::Skipping the build for domain :  domain_ps7_cortexa9_0
TRACE::2025-06-24.14:18:47::SCWMssOS::skipping the bsp build ... 
TRACE::2025-06-24.14:18:47::SCWMssOS::Copying to export directory.
TRACE::2025-06-24.14:18:47::SCWMssOS:: Checking if to create the Supporting Applications
TRACE::2025-06-24.14:18:47::SCWMssOS:: No Linux domain exists, trying to generate FSBL 
TRACE::2025-06-24.14:18:47::SCWMssOS:: Completed Standalone Artifacts creation 
LOG::2025-06-24.14:18:47::SCWSystem::Completed Processing the domain domain_ps7_cortexa9_0
LOG::2025-06-24.14:18:47::SCWSystem::Completed Processing the sysconfig design_1_wrapper
LOG::2025-06-24.14:18:47::SCWPlatform::Completed generating the artifacts for system configuration design_1_wrapper
TRACE::2025-06-24.14:18:47::SCWPlatform::Started preparing the platform 
TRACE::2025-06-24.14:18:47::SCWSystem::Writing the bif file for system config design_1_wrapper
TRACE::2025-06-24.14:18:47::SCWSystem::dir created 
TRACE::2025-06-24.14:18:47::SCWSystem::Writing the bif 
TRACE::2025-06-24.14:18:47::SCWPlatform::Started writing the spfm file 
TRACE::2025-06-24.14:18:47::SCWPlatform::Started writing the xpfm file 
TRACE::2025-06-24.14:18:47::SCWPlatform::Completed generating the platform
TRACE::2025-06-24.14:18:47::SCWMssOS::Saving the mss changes C:/Users/andre/Projects/IEE2463-SEP-Proyecto-2-Z8/PS/vitis/design_1_wrapper/zynq_fsbl/zynq_fsbl_bsp/system.mss
TRACE::2025-06-24.14:18:47::SCWMssOS::Found a swdesign opened with the mssfile.
TRACE::2025-06-24.14:18:47::SCWMssOS::Completed writemss as part of save.
TRACE::2025-06-24.14:18:47::SCWMssOS::Commit changes completed.
TRACE::2025-06-24.14:18:47::SCWMssOS::Saving the mss changes C:/Users/andre/Projects/IEE2463-SEP-Proyecto-2-Z8/PS/vitis/design_1_wrapper/ps7_cortexa9_0/domain_ps7_cortexa9_0/bsp/system.mss
TRACE::2025-06-24.14:18:47::SCWMssOS::Found a swdesign opened with the mssfile.
TRACE::2025-06-24.14:18:47::SCWMssOS::Completed writemss as part of save.
TRACE::2025-06-24.14:18:47::SCWMssOS::Commit changes completed.
TRACE::2025-06-24.14:18:47::SCWPlatform::Trying to open the hw design at C:/Users/andre/Projects/IEE2463-SEP-Proyecto-2-Z8/PS/vitis/design_1_wrapper/hw/design_1_wrapper.xsa
TRACE::2025-06-24.14:18:47::SCWPlatform::DSA given C:/Users/andre/Projects/IEE2463-SEP-Proyecto-2-Z8/PS/vitis/design_1_wrapper/hw/design_1_wrapper.xsa
TRACE::2025-06-24.14:18:47::SCWPlatform::DSA absoulate path C:/Users/andre/Projects/IEE2463-SEP-Proyecto-2-Z8/PS/vitis/design_1_wrapper/hw/design_1_wrapper.xsa
TRACE::2025-06-24.14:18:47::SCWPlatform::DSA directory C:/Users/andre/Projects/IEE2463-SEP-Proyecto-2-Z8/PS/vitis/design_1_wrapper/hw
TRACE::2025-06-24.14:18:47::SCWPlatform:: Platform Path C:/Users/andre/Projects/IEE2463-SEP-Proyecto-2-Z8/PS/vitis/design_1_wrapper/hw/design_1_wrapper.xsa
TRACE::2025-06-24.14:18:47::SCWPlatform:: Unique name xilinx:zybo-z7-10::0.0
TRACE::2025-06-24.14:18:47::SCWPlatform::Trying to set the existing hwdb with name design_1_wrapper_0
TRACE::2025-06-24.14:18:47::SCWPlatform::Opened existing hwdb design_1_wrapper_0
TRACE::2025-06-24.14:18:47::SCWPlatform::Found the Hw Db part of the input DSA
TRACE::2025-06-24.14:18:47::SCWMssOS::Checking the sw design at  C:/Users/andre/Projects/IEE2463-SEP-Proyecto-2-Z8/PS/vitis/design_1_wrapper/zynq_fsbl/zynq_fsbl_bsp/system.mss
TRACE::2025-06-24.14:18:47::SCWMssOS::DEBUG:  swdes dump  C:/Users/andre/Projects/IEE2463-SEP-Proyecto-2-Z8/PS/vitis/design_1_wrapper/ps7_cortexa9_0/domain_ps7_cortexa9_0/bsp/system.mss|system_0||
C:/Users/andre/Projects/IEE2463-SEP-Proyecto-2-Z8/PS/vitis/design_1_wrapper/zynq_fsbl/zynq_fsbl_bsp/system.mss|system||

TRACE::2025-06-24.14:18:47::SCWMssOS::Sw design exists and opened at  C:/Users/andre/Projects/IEE2463-SEP-Proyecto-2-Z8/PS/vitis/design_1_wrapper/zynq_fsbl/zynq_fsbl_bsp/system.mss
TRACE::2025-06-24.14:18:47::SCWPlatform::Trying to open the hw design at C:/Users/andre/Projects/IEE2463-SEP-Proyecto-2-Z8/PS/vitis/design_1_wrapper/hw/design_1_wrapper.xsa
TRACE::2025-06-24.14:18:47::SCWPlatform::DSA given C:/Users/andre/Projects/IEE2463-SEP-Proyecto-2-Z8/PS/vitis/design_1_wrapper/hw/design_1_wrapper.xsa
TRACE::2025-06-24.14:18:47::SCWPlatform::DSA absoulate path C:/Users/andre/Projects/IEE2463-SEP-Proyecto-2-Z8/PS/vitis/design_1_wrapper/hw/design_1_wrapper.xsa
TRACE::2025-06-24.14:18:47::SCWPlatform::DSA directory C:/Users/andre/Projects/IEE2463-SEP-Proyecto-2-Z8/PS/vitis/design_1_wrapper/hw
TRACE::2025-06-24.14:18:47::SCWPlatform:: Platform Path C:/Users/andre/Projects/IEE2463-SEP-Proyecto-2-Z8/PS/vitis/design_1_wrapper/hw/design_1_wrapper.xsa
TRACE::2025-06-24.14:18:47::SCWPlatform:: Unique name xilinx:zybo-z7-10::0.0
TRACE::2025-06-24.14:18:47::SCWPlatform::Trying to set the existing hwdb with name design_1_wrapper_0
TRACE::2025-06-24.14:18:47::SCWPlatform::Opened existing hwdb design_1_wrapper_0
TRACE::2025-06-24.14:18:47::SCWPlatform::Found the Hw Db part of the input DSA
TRACE::2025-06-24.14:18:47::SCWMssOS::Checking the sw design at  C:/Users/andre/Projects/IEE2463-SEP-Proyecto-2-Z8/PS/vitis/design_1_wrapper/zynq_fsbl/zynq_fsbl_bsp/system.mss
TRACE::2025-06-24.14:18:47::SCWMssOS::DEBUG:  swdes dump  C:/Users/andre/Projects/IEE2463-SEP-Proyecto-2-Z8/PS/vitis/design_1_wrapper/ps7_cortexa9_0/domain_ps7_cortexa9_0/bsp/system.mss|system_0||
C:/Users/andre/Projects/IEE2463-SEP-Proyecto-2-Z8/PS/vitis/design_1_wrapper/zynq_fsbl/zynq_fsbl_bsp/system.mss|system||

TRACE::2025-06-24.14:18:47::SCWMssOS::Sw design exists and opened at  C:/Users/andre/Projects/IEE2463-SEP-Proyecto-2-Z8/PS/vitis/design_1_wrapper/zynq_fsbl/zynq_fsbl_bsp/system.mss
TRACE::2025-06-24.14:18:47::SCWPlatform::Trying to open the hw design at C:/Users/andre/Projects/IEE2463-SEP-Proyecto-2-Z8/PS/vitis/design_1_wrapper/hw/design_1_wrapper.xsa
TRACE::2025-06-24.14:18:47::SCWPlatform::DSA given C:/Users/andre/Projects/IEE2463-SEP-Proyecto-2-Z8/PS/vitis/design_1_wrapper/hw/design_1_wrapper.xsa
TRACE::2025-06-24.14:18:47::SCWPlatform::DSA absoulate path C:/Users/andre/Projects/IEE2463-SEP-Proyecto-2-Z8/PS/vitis/design_1_wrapper/hw/design_1_wrapper.xsa
TRACE::2025-06-24.14:18:47::SCWPlatform::DSA directory C:/Users/andre/Projects/IEE2463-SEP-Proyecto-2-Z8/PS/vitis/design_1_wrapper/hw
TRACE::2025-06-24.14:18:47::SCWPlatform:: Platform Path C:/Users/andre/Projects/IEE2463-SEP-Proyecto-2-Z8/PS/vitis/design_1_wrapper/hw/design_1_wrapper.xsa
TRACE::2025-06-24.14:18:47::SCWPlatform:: Unique name xilinx:zybo-z7-10::0.0
TRACE::2025-06-24.14:18:47::SCWPlatform::Trying to set the existing hwdb with name design_1_wrapper_0
TRACE::2025-06-24.14:18:47::SCWPlatform::Opened existing hwdb design_1_wrapper_0
TRACE::2025-06-24.14:18:47::SCWPlatform::Found the Hw Db part of the input DSA
TRACE::2025-06-24.14:18:47::SCWMssOS::Checking the sw design at  C:/Users/andre/Projects/IEE2463-SEP-Proyecto-2-Z8/PS/vitis/design_1_wrapper/zynq_fsbl/zynq_fsbl_bsp/system.mss
TRACE::2025-06-24.14:18:47::SCWMssOS::DEBUG:  swdes dump  C:/Users/andre/Projects/IEE2463-SEP-Proyecto-2-Z8/PS/vitis/design_1_wrapper/ps7_cortexa9_0/domain_ps7_cortexa9_0/bsp/system.mss|system_0||
C:/Users/andre/Projects/IEE2463-SEP-Proyecto-2-Z8/PS/vitis/design_1_wrapper/zynq_fsbl/zynq_fsbl_bsp/system.mss|system||

TRACE::2025-06-24.14:18:47::SCWMssOS::Sw design exists and opened at  C:/Users/andre/Projects/IEE2463-SEP-Proyecto-2-Z8/PS/vitis/design_1_wrapper/zynq_fsbl/zynq_fsbl_bsp/system.mss
TRACE::2025-06-24.14:18:47::SCWPlatform::Trying to open the hw design at C:/Users/andre/Projects/IEE2463-SEP-Proyecto-2-Z8/PS/vitis/design_1_wrapper/hw/design_1_wrapper.xsa
TRACE::2025-06-24.14:18:47::SCWPlatform::DSA given C:/Users/andre/Projects/IEE2463-SEP-Proyecto-2-Z8/PS/vitis/design_1_wrapper/hw/design_1_wrapper.xsa
TRACE::2025-06-24.14:18:47::SCWPlatform::DSA absoulate path C:/Users/andre/Projects/IEE2463-SEP-Proyecto-2-Z8/PS/vitis/design_1_wrapper/hw/design_1_wrapper.xsa
TRACE::2025-06-24.14:18:47::SCWPlatform::DSA directory C:/Users/andre/Projects/IEE2463-SEP-Proyecto-2-Z8/PS/vitis/design_1_wrapper/hw
TRACE::2025-06-24.14:18:47::SCWPlatform:: Platform Path C:/Users/andre/Projects/IEE2463-SEP-Proyecto-2-Z8/PS/vitis/design_1_wrapper/hw/design_1_wrapper.xsa
TRACE::2025-06-24.14:18:47::SCWPlatform:: Unique name xilinx:zybo-z7-10::0.0
TRACE::2025-06-24.14:18:47::SCWPlatform::Trying to set the existing hwdb with name design_1_wrapper_0
TRACE::2025-06-24.14:18:47::SCWPlatform::Opened existing hwdb design_1_wrapper_0
TRACE::2025-06-24.14:18:47::SCWPlatform::Found the Hw Db part of the input DSA
TRACE::2025-06-24.14:18:47::SCWMssOS::Checking the sw design at  C:/Users/andre/Projects/IEE2463-SEP-Proyecto-2-Z8/PS/vitis/design_1_wrapper/ps7_cortexa9_0/domain_ps7_cortexa9_0/bsp/system.mss
TRACE::2025-06-24.14:18:47::SCWMssOS::DEBUG:  swdes dump  C:/Users/andre/Projects/IEE2463-SEP-Proyecto-2-Z8/PS/vitis/design_1_wrapper/ps7_cortexa9_0/domain_ps7_cortexa9_0/bsp/system.mss|system_0||
C:/Users/andre/Projects/IEE2463-SEP-Proyecto-2-Z8/PS/vitis/design_1_wrapper/zynq_fsbl/zynq_fsbl_bsp/system.mss|system||

TRACE::2025-06-24.14:18:47::SCWMssOS::Sw design exists and opened at  C:/Users/andre/Projects/IEE2463-SEP-Proyecto-2-Z8/PS/vitis/design_1_wrapper/ps7_cortexa9_0/domain_ps7_cortexa9_0/bsp/system.mss
TRACE::2025-06-24.14:18:47::SCWPlatform::Trying to open the hw design at C:/Users/andre/Projects/IEE2463-SEP-Proyecto-2-Z8/PS/vitis/design_1_wrapper/hw/design_1_wrapper.xsa
TRACE::2025-06-24.14:18:47::SCWPlatform::DSA given C:/Users/andre/Projects/IEE2463-SEP-Proyecto-2-Z8/PS/vitis/design_1_wrapper/hw/design_1_wrapper.xsa
TRACE::2025-06-24.14:18:47::SCWPlatform::DSA absoulate path C:/Users/andre/Projects/IEE2463-SEP-Proyecto-2-Z8/PS/vitis/design_1_wrapper/hw/design_1_wrapper.xsa
TRACE::2025-06-24.14:18:47::SCWPlatform::DSA directory C:/Users/andre/Projects/IEE2463-SEP-Proyecto-2-Z8/PS/vitis/design_1_wrapper/hw
TRACE::2025-06-24.14:18:47::SCWPlatform:: Platform Path C:/Users/andre/Projects/IEE2463-SEP-Proyecto-2-Z8/PS/vitis/design_1_wrapper/hw/design_1_wrapper.xsa
TRACE::2025-06-24.14:18:47::SCWPlatform:: Unique name xilinx:zybo-z7-10::0.0
TRACE::2025-06-24.14:18:47::SCWPlatform::Trying to set the existing hwdb with name design_1_wrapper_0
TRACE::2025-06-24.14:18:47::SCWPlatform::Opened existing hwdb design_1_wrapper_0
TRACE::2025-06-24.14:18:47::SCWPlatform::Found the Hw Db part of the input DSA
TRACE::2025-06-24.14:18:47::SCWMssOS::Checking the sw design at  C:/Users/andre/Projects/IEE2463-SEP-Proyecto-2-Z8/PS/vitis/design_1_wrapper/ps7_cortexa9_0/domain_ps7_cortexa9_0/bsp/system.mss
TRACE::2025-06-24.14:18:47::SCWMssOS::DEBUG:  swdes dump  C:/Users/andre/Projects/IEE2463-SEP-Proyecto-2-Z8/PS/vitis/design_1_wrapper/ps7_cortexa9_0/domain_ps7_cortexa9_0/bsp/system.mss|system_0||
C:/Users/andre/Projects/IEE2463-SEP-Proyecto-2-Z8/PS/vitis/design_1_wrapper/zynq_fsbl/zynq_fsbl_bsp/system.mss|system||

TRACE::2025-06-24.14:18:47::SCWMssOS::Sw design exists and opened at  C:/Users/andre/Projects/IEE2463-SEP-Proyecto-2-Z8/PS/vitis/design_1_wrapper/ps7_cortexa9_0/domain_ps7_cortexa9_0/bsp/system.mss
TRACE::2025-06-24.14:18:47::SCWPlatform::Trying to open the hw design at C:/Users/andre/Projects/IEE2463-SEP-Proyecto-2-Z8/PS/vitis/design_1_wrapper/hw/design_1_wrapper.xsa
TRACE::2025-06-24.14:18:47::SCWPlatform::DSA given C:/Users/andre/Projects/IEE2463-SEP-Proyecto-2-Z8/PS/vitis/design_1_wrapper/hw/design_1_wrapper.xsa
TRACE::2025-06-24.14:18:47::SCWPlatform::DSA absoulate path C:/Users/andre/Projects/IEE2463-SEP-Proyecto-2-Z8/PS/vitis/design_1_wrapper/hw/design_1_wrapper.xsa
TRACE::2025-06-24.14:18:47::SCWPlatform::DSA directory C:/Users/andre/Projects/IEE2463-SEP-Proyecto-2-Z8/PS/vitis/design_1_wrapper/hw
TRACE::2025-06-24.14:18:47::SCWPlatform:: Platform Path C:/Users/andre/Projects/IEE2463-SEP-Proyecto-2-Z8/PS/vitis/design_1_wrapper/hw/design_1_wrapper.xsa
TRACE::2025-06-24.14:18:47::SCWPlatform:: Unique name xilinx:zybo-z7-10::0.0
TRACE::2025-06-24.14:18:47::SCWPlatform::Trying to set the existing hwdb with name design_1_wrapper_0
TRACE::2025-06-24.14:18:47::SCWPlatform::Opened existing hwdb design_1_wrapper_0
TRACE::2025-06-24.14:18:47::SCWPlatform::Found the Hw Db part of the input DSA
TRACE::2025-06-24.14:18:47::SCWMssOS::Checking the sw design at  C:/Users/andre/Projects/IEE2463-SEP-Proyecto-2-Z8/PS/vitis/design_1_wrapper/ps7_cortexa9_0/domain_ps7_cortexa9_0/bsp/system.mss
TRACE::2025-06-24.14:18:47::SCWMssOS::DEBUG:  swdes dump  C:/Users/andre/Projects/IEE2463-SEP-Proyecto-2-Z8/PS/vitis/design_1_wrapper/ps7_cortexa9_0/domain_ps7_cortexa9_0/bsp/system.mss|system_0||
C:/Users/andre/Projects/IEE2463-SEP-Proyecto-2-Z8/PS/vitis/design_1_wrapper/zynq_fsbl/zynq_fsbl_bsp/system.mss|system||

TRACE::2025-06-24.14:18:47::SCWMssOS::Sw design exists and opened at  C:/Users/andre/Projects/IEE2463-SEP-Proyecto-2-Z8/PS/vitis/design_1_wrapper/ps7_cortexa9_0/domain_ps7_cortexa9_0/bsp/system.mss
TRACE::2025-06-24.14:18:47::SCWWriter::formatted JSON is {
	"platformName":	"design_1_wrapper",
	"sprVersion":	"2.0",
	"mode":	"gui",
	"dsaType":	"Fixed",
	"platformDesc":	"design_1_wrapper",
	"platHandOff":	"C:/Users/andre/Projects/IEE2463-SEP-Proyecto-2-Z8/PS/vivado/Ps/design_1_wrapper.xsa",
	"platIntHandOff":	"<platformDir>/hw/design_1_wrapper.xsa",
	"deviceType":	"zynq",
	"platIsPrebuiltAutogen":	"false",
	"platIsNoBootBsp":	"false",
	"platFsblTarget":	"ps7_cortexa9_0",
	"hasFsblMakeHasChanges":	"false",
	"hasPmufwMakeHasChanges":	"false",
	"fsblExtraCompilerFlags":	"-MMD -MP       -mcpu=cortex-a9 -mfpu=vfpv3 -mfloat-abi=hard ",
	"platPreBuiltFlag":	false,
	"platformSamplesDir":	"",
	"platActiveSys":	"design_1_wrapper",
	"systems":	[{
			"systemName":	"design_1_wrapper",
			"systemDesc":	"design_1_wrapper",
			"sysIsBootAutoGen":	"true",
			"systemDispName":	"design_1_wrapper",
			"sysActiveDom":	"domain_ps7_cortexa9_0",
			"sysDefaultDom":	"domain_ps7_cortexa9_0",
			"domains":	[{
					"domainName":	"zynq_fsbl",
					"domainDispName":	"zynq_fsbl",
					"domainDesc":	"FSBL Application BSP - Auto Generated.",
					"processors":	"ps7_cortexa9_0",
					"os":	"standalone",
					"sdxOs":	"standalone",
					"debugEnable":	"",
					"domRuntimes":	["cpp"],
					"swRepo":	"",
					"mssOsVer":	"7.2",
					"mssFile":	"",
					"md5Digest":	"e4150e6453ef70755561bfa5cb30972d",
					"compatibleApp":	"zynq_fsbl",
					"domType":	"bootDomain",
					"arch":	"32-bit",
					"appSettings":	{
						"appCompilerFlags":	"",
						"appLinkerFlags":	""
					},
					"addedLibs":	["xilffs:4.3", "xilrsa:1.6"],
					"libOptions":	{
						"libsContainingOptions":	[]
					},
					"prebuiltLibs":	{
						"prebuiltIncPath":	[],
						"prebuiltLibPath":	[]
					},
					"isolation":	{
					}
				}, {
					"domainName":	"domain_ps7_cortexa9_0",
					"domainDispName":	"domain_ps7_cortexa9_0",
					"domainDesc":	"domain_ps7_cortexa9_0",
					"processors":	"ps7_cortexa9_0",
					"os":	"standalone",
					"sdxOs":	"standalone",
					"qemuArgs":	"C:/Xilinx/Vitis/2020.1/data/emulation/platforms/zynq/qemu/qemu_args.txt",
					"qemuData":	"C:/Xilinx/Vitis/2020.1/data/emulation/platforms/zynq/qemu/",
					"debugEnable":	"False",
					"domRuntimes":	["cpp"],
					"swRepo":	"",
					"mssOsVer":	"7.2",
					"mssFile":	"",
					"md5Digest":	"7610284c8612f6d6936a9aa955cad5ea",
					"compatibleApp":	"hello_world",
					"domType":	"mssDomain",
					"arch":	"32-bit",
					"appSettings":	{
						"appCompilerFlags":	"",
						"appLinkerFlags":	""
					},
					"addedLibs":	[],
					"libOptions":	{
						"libsContainingOptions":	[]
					},
					"prebuiltLibs":	{
						"prebuiltIncPath":	[],
						"prebuiltLibPath":	[]
					},
					"isolation":	{
					}
				}]
		}]
}
KEYINFO::2025-06-24.14:18:47::SCWPlatform::updated the xpfm file.
TRACE::2025-06-24.14:18:47::SCWPlatform::Trying to open the hw design at C:/Users/andre/Projects/IEE2463-SEP-Proyecto-2-Z8/PS/vitis/design_1_wrapper/hw/design_1_wrapper.xsa
TRACE::2025-06-24.14:18:47::SCWPlatform::DSA given C:/Users/andre/Projects/IEE2463-SEP-Proyecto-2-Z8/PS/vitis/design_1_wrapper/hw/design_1_wrapper.xsa
TRACE::2025-06-24.14:18:47::SCWPlatform::DSA absoulate path C:/Users/andre/Projects/IEE2463-SEP-Proyecto-2-Z8/PS/vitis/design_1_wrapper/hw/design_1_wrapper.xsa
TRACE::2025-06-24.14:18:47::SCWPlatform::DSA directory C:/Users/andre/Projects/IEE2463-SEP-Proyecto-2-Z8/PS/vitis/design_1_wrapper/hw
TRACE::2025-06-24.14:18:47::SCWPlatform:: Platform Path C:/Users/andre/Projects/IEE2463-SEP-Proyecto-2-Z8/PS/vitis/design_1_wrapper/hw/design_1_wrapper.xsa
TRACE::2025-06-24.14:18:47::SCWPlatform:: Unique name xilinx:zybo-z7-10::0.0
TRACE::2025-06-24.14:18:47::SCWPlatform::Trying to set the existing hwdb with name design_1_wrapper_0
TRACE::2025-06-24.14:18:47::SCWPlatform::Opened existing hwdb design_1_wrapper_0
TRACE::2025-06-24.14:18:47::SCWPlatform::Found the Hw Db part of the input DSA
TRACE::2025-06-24.14:18:47::SCWMssOS::Checking the sw design at  C:/Users/andre/Projects/IEE2463-SEP-Proyecto-2-Z8/PS/vitis/design_1_wrapper/ps7_cortexa9_0/domain_ps7_cortexa9_0/bsp/system.mss
TRACE::2025-06-24.14:18:47::SCWMssOS::DEBUG:  swdes dump  C:/Users/andre/Projects/IEE2463-SEP-Proyecto-2-Z8/PS/vitis/design_1_wrapper/ps7_cortexa9_0/domain_ps7_cortexa9_0/bsp/system.mss|system_0||
C:/Users/andre/Projects/IEE2463-SEP-Proyecto-2-Z8/PS/vitis/design_1_wrapper/zynq_fsbl/zynq_fsbl_bsp/system.mss|system||

TRACE::2025-06-24.14:18:47::SCWMssOS::Sw design exists and opened at  C:/Users/andre/Projects/IEE2463-SEP-Proyecto-2-Z8/PS/vitis/design_1_wrapper/ps7_cortexa9_0/domain_ps7_cortexa9_0/bsp/system.mss
TRACE::2025-06-24.14:18:47::SCWMssOS::Saving the mss changes C:/Users/andre/Projects/IEE2463-SEP-Proyecto-2-Z8/PS/vitis/design_1_wrapper/zynq_fsbl/zynq_fsbl_bsp/system.mss
TRACE::2025-06-24.14:18:47::SCWMssOS::Found a swdesign opened with the mssfile.
TRACE::2025-06-24.14:18:47::SCWMssOS::Completed writemss as part of save.
TRACE::2025-06-24.14:18:47::SCWMssOS::Commit changes completed.
TRACE::2025-06-24.14:18:47::SCWMssOS::Saving the mss changes C:/Users/andre/Projects/IEE2463-SEP-Proyecto-2-Z8/PS/vitis/design_1_wrapper/ps7_cortexa9_0/domain_ps7_cortexa9_0/bsp/system.mss
TRACE::2025-06-24.14:18:48::SCWMssOS::Found a swdesign opened with the mssfile.
TRACE::2025-06-24.14:18:48::SCWMssOS::Completed writemss as part of save.
TRACE::2025-06-24.14:18:48::SCWMssOS::Commit changes completed.
TRACE::2025-06-24.14:18:48::SCWPlatform::Trying to open the hw design at C:/Users/andre/Projects/IEE2463-SEP-Proyecto-2-Z8/PS/vitis/design_1_wrapper/hw/design_1_wrapper.xsa
TRACE::2025-06-24.14:18:48::SCWPlatform::DSA given C:/Users/andre/Projects/IEE2463-SEP-Proyecto-2-Z8/PS/vitis/design_1_wrapper/hw/design_1_wrapper.xsa
TRACE::2025-06-24.14:18:48::SCWPlatform::DSA absoulate path C:/Users/andre/Projects/IEE2463-SEP-Proyecto-2-Z8/PS/vitis/design_1_wrapper/hw/design_1_wrapper.xsa
TRACE::2025-06-24.14:18:48::SCWPlatform::DSA directory C:/Users/andre/Projects/IEE2463-SEP-Proyecto-2-Z8/PS/vitis/design_1_wrapper/hw
TRACE::2025-06-24.14:18:48::SCWPlatform:: Platform Path C:/Users/andre/Projects/IEE2463-SEP-Proyecto-2-Z8/PS/vitis/design_1_wrapper/hw/design_1_wrapper.xsa
TRACE::2025-06-24.14:18:48::SCWPlatform:: Unique name xilinx:zybo-z7-10::0.0
TRACE::2025-06-24.14:18:48::SCWPlatform::Trying to set the existing hwdb with name design_1_wrapper_0
TRACE::2025-06-24.14:18:48::SCWPlatform::Opened existing hwdb design_1_wrapper_0
TRACE::2025-06-24.14:18:48::SCWPlatform::Found the Hw Db part of the input DSA
TRACE::2025-06-24.14:18:48::SCWMssOS::Checking the sw design at  C:/Users/andre/Projects/IEE2463-SEP-Proyecto-2-Z8/PS/vitis/design_1_wrapper/zynq_fsbl/zynq_fsbl_bsp/system.mss
TRACE::2025-06-24.14:18:48::SCWMssOS::DEBUG:  swdes dump  C:/Users/andre/Projects/IEE2463-SEP-Proyecto-2-Z8/PS/vitis/design_1_wrapper/ps7_cortexa9_0/domain_ps7_cortexa9_0/bsp/system.mss|system_0||
C:/Users/andre/Projects/IEE2463-SEP-Proyecto-2-Z8/PS/vitis/design_1_wrapper/zynq_fsbl/zynq_fsbl_bsp/system.mss|system||

TRACE::2025-06-24.14:18:48::SCWMssOS::Sw design exists and opened at  C:/Users/andre/Projects/IEE2463-SEP-Proyecto-2-Z8/PS/vitis/design_1_wrapper/zynq_fsbl/zynq_fsbl_bsp/system.mss
TRACE::2025-06-24.14:18:48::SCWPlatform::Trying to open the hw design at C:/Users/andre/Projects/IEE2463-SEP-Proyecto-2-Z8/PS/vitis/design_1_wrapper/hw/design_1_wrapper.xsa
TRACE::2025-06-24.14:18:48::SCWPlatform::DSA given C:/Users/andre/Projects/IEE2463-SEP-Proyecto-2-Z8/PS/vitis/design_1_wrapper/hw/design_1_wrapper.xsa
TRACE::2025-06-24.14:18:48::SCWPlatform::DSA absoulate path C:/Users/andre/Projects/IEE2463-SEP-Proyecto-2-Z8/PS/vitis/design_1_wrapper/hw/design_1_wrapper.xsa
TRACE::2025-06-24.14:18:48::SCWPlatform::DSA directory C:/Users/andre/Projects/IEE2463-SEP-Proyecto-2-Z8/PS/vitis/design_1_wrapper/hw
TRACE::2025-06-24.14:18:48::SCWPlatform:: Platform Path C:/Users/andre/Projects/IEE2463-SEP-Proyecto-2-Z8/PS/vitis/design_1_wrapper/hw/design_1_wrapper.xsa
TRACE::2025-06-24.14:18:48::SCWPlatform:: Unique name xilinx:zybo-z7-10::0.0
TRACE::2025-06-24.14:18:48::SCWPlatform::Trying to set the existing hwdb with name design_1_wrapper_0
TRACE::2025-06-24.14:18:48::SCWPlatform::Opened existing hwdb design_1_wrapper_0
TRACE::2025-06-24.14:18:48::SCWPlatform::Found the Hw Db part of the input DSA
TRACE::2025-06-24.14:18:48::SCWMssOS::Checking the sw design at  C:/Users/andre/Projects/IEE2463-SEP-Proyecto-2-Z8/PS/vitis/design_1_wrapper/zynq_fsbl/zynq_fsbl_bsp/system.mss
TRACE::2025-06-24.14:18:48::SCWMssOS::DEBUG:  swdes dump  C:/Users/andre/Projects/IEE2463-SEP-Proyecto-2-Z8/PS/vitis/design_1_wrapper/ps7_cortexa9_0/domain_ps7_cortexa9_0/bsp/system.mss|system_0||
C:/Users/andre/Projects/IEE2463-SEP-Proyecto-2-Z8/PS/vitis/design_1_wrapper/zynq_fsbl/zynq_fsbl_bsp/system.mss|system||

TRACE::2025-06-24.14:18:48::SCWMssOS::Sw design exists and opened at  C:/Users/andre/Projects/IEE2463-SEP-Proyecto-2-Z8/PS/vitis/design_1_wrapper/zynq_fsbl/zynq_fsbl_bsp/system.mss
TRACE::2025-06-24.14:18:48::SCWPlatform::Trying to open the hw design at C:/Users/andre/Projects/IEE2463-SEP-Proyecto-2-Z8/PS/vitis/design_1_wrapper/hw/design_1_wrapper.xsa
TRACE::2025-06-24.14:18:48::SCWPlatform::DSA given C:/Users/andre/Projects/IEE2463-SEP-Proyecto-2-Z8/PS/vitis/design_1_wrapper/hw/design_1_wrapper.xsa
TRACE::2025-06-24.14:18:48::SCWPlatform::DSA absoulate path C:/Users/andre/Projects/IEE2463-SEP-Proyecto-2-Z8/PS/vitis/design_1_wrapper/hw/design_1_wrapper.xsa
TRACE::2025-06-24.14:18:48::SCWPlatform::DSA directory C:/Users/andre/Projects/IEE2463-SEP-Proyecto-2-Z8/PS/vitis/design_1_wrapper/hw
TRACE::2025-06-24.14:18:48::SCWPlatform:: Platform Path C:/Users/andre/Projects/IEE2463-SEP-Proyecto-2-Z8/PS/vitis/design_1_wrapper/hw/design_1_wrapper.xsa
TRACE::2025-06-24.14:18:48::SCWPlatform:: Unique name xilinx:zybo-z7-10::0.0
TRACE::2025-06-24.14:18:48::SCWPlatform::Trying to set the existing hwdb with name design_1_wrapper_0
TRACE::2025-06-24.14:18:48::SCWPlatform::Opened existing hwdb design_1_wrapper_0
TRACE::2025-06-24.14:18:48::SCWPlatform::Found the Hw Db part of the input DSA
TRACE::2025-06-24.14:18:48::SCWMssOS::Checking the sw design at  C:/Users/andre/Projects/IEE2463-SEP-Proyecto-2-Z8/PS/vitis/design_1_wrapper/zynq_fsbl/zynq_fsbl_bsp/system.mss
TRACE::2025-06-24.14:18:48::SCWMssOS::DEBUG:  swdes dump  C:/Users/andre/Projects/IEE2463-SEP-Proyecto-2-Z8/PS/vitis/design_1_wrapper/ps7_cortexa9_0/domain_ps7_cortexa9_0/bsp/system.mss|system_0||
C:/Users/andre/Projects/IEE2463-SEP-Proyecto-2-Z8/PS/vitis/design_1_wrapper/zynq_fsbl/zynq_fsbl_bsp/system.mss|system||

TRACE::2025-06-24.14:18:48::SCWMssOS::Sw design exists and opened at  C:/Users/andre/Projects/IEE2463-SEP-Proyecto-2-Z8/PS/vitis/design_1_wrapper/zynq_fsbl/zynq_fsbl_bsp/system.mss
TRACE::2025-06-24.14:18:48::SCWPlatform::Trying to open the hw design at C:/Users/andre/Projects/IEE2463-SEP-Proyecto-2-Z8/PS/vitis/design_1_wrapper/hw/design_1_wrapper.xsa
TRACE::2025-06-24.14:18:48::SCWPlatform::DSA given C:/Users/andre/Projects/IEE2463-SEP-Proyecto-2-Z8/PS/vitis/design_1_wrapper/hw/design_1_wrapper.xsa
TRACE::2025-06-24.14:18:48::SCWPlatform::DSA absoulate path C:/Users/andre/Projects/IEE2463-SEP-Proyecto-2-Z8/PS/vitis/design_1_wrapper/hw/design_1_wrapper.xsa
TRACE::2025-06-24.14:18:48::SCWPlatform::DSA directory C:/Users/andre/Projects/IEE2463-SEP-Proyecto-2-Z8/PS/vitis/design_1_wrapper/hw
TRACE::2025-06-24.14:18:48::SCWPlatform:: Platform Path C:/Users/andre/Projects/IEE2463-SEP-Proyecto-2-Z8/PS/vitis/design_1_wrapper/hw/design_1_wrapper.xsa
TRACE::2025-06-24.14:18:48::SCWPlatform:: Unique name xilinx:zybo-z7-10::0.0
TRACE::2025-06-24.14:18:48::SCWPlatform::Trying to set the existing hwdb with name design_1_wrapper_0
TRACE::2025-06-24.14:18:48::SCWPlatform::Opened existing hwdb design_1_wrapper_0
TRACE::2025-06-24.14:18:48::SCWPlatform::Found the Hw Db part of the input DSA
TRACE::2025-06-24.14:18:48::SCWMssOS::Checking the sw design at  C:/Users/andre/Projects/IEE2463-SEP-Proyecto-2-Z8/PS/vitis/design_1_wrapper/ps7_cortexa9_0/domain_ps7_cortexa9_0/bsp/system.mss
TRACE::2025-06-24.14:18:48::SCWMssOS::DEBUG:  swdes dump  C:/Users/andre/Projects/IEE2463-SEP-Proyecto-2-Z8/PS/vitis/design_1_wrapper/ps7_cortexa9_0/domain_ps7_cortexa9_0/bsp/system.mss|system_0||
C:/Users/andre/Projects/IEE2463-SEP-Proyecto-2-Z8/PS/vitis/design_1_wrapper/zynq_fsbl/zynq_fsbl_bsp/system.mss|system||

TRACE::2025-06-24.14:18:48::SCWMssOS::Sw design exists and opened at  C:/Users/andre/Projects/IEE2463-SEP-Proyecto-2-Z8/PS/vitis/design_1_wrapper/ps7_cortexa9_0/domain_ps7_cortexa9_0/bsp/system.mss
TRACE::2025-06-24.14:18:48::SCWPlatform::Trying to open the hw design at C:/Users/andre/Projects/IEE2463-SEP-Proyecto-2-Z8/PS/vitis/design_1_wrapper/hw/design_1_wrapper.xsa
TRACE::2025-06-24.14:18:48::SCWPlatform::DSA given C:/Users/andre/Projects/IEE2463-SEP-Proyecto-2-Z8/PS/vitis/design_1_wrapper/hw/design_1_wrapper.xsa
TRACE::2025-06-24.14:18:48::SCWPlatform::DSA absoulate path C:/Users/andre/Projects/IEE2463-SEP-Proyecto-2-Z8/PS/vitis/design_1_wrapper/hw/design_1_wrapper.xsa
TRACE::2025-06-24.14:18:48::SCWPlatform::DSA directory C:/Users/andre/Projects/IEE2463-SEP-Proyecto-2-Z8/PS/vitis/design_1_wrapper/hw
TRACE::2025-06-24.14:18:48::SCWPlatform:: Platform Path C:/Users/andre/Projects/IEE2463-SEP-Proyecto-2-Z8/PS/vitis/design_1_wrapper/hw/design_1_wrapper.xsa
TRACE::2025-06-24.14:18:48::SCWPlatform:: Unique name xilinx:zybo-z7-10::0.0
TRACE::2025-06-24.14:18:48::SCWPlatform::Trying to set the existing hwdb with name design_1_wrapper_0
TRACE::2025-06-24.14:18:48::SCWPlatform::Opened existing hwdb design_1_wrapper_0
TRACE::2025-06-24.14:18:48::SCWPlatform::Found the Hw Db part of the input DSA
TRACE::2025-06-24.14:18:48::SCWMssOS::Checking the sw design at  C:/Users/andre/Projects/IEE2463-SEP-Proyecto-2-Z8/PS/vitis/design_1_wrapper/ps7_cortexa9_0/domain_ps7_cortexa9_0/bsp/system.mss
TRACE::2025-06-24.14:18:48::SCWMssOS::DEBUG:  swdes dump  C:/Users/andre/Projects/IEE2463-SEP-Proyecto-2-Z8/PS/vitis/design_1_wrapper/ps7_cortexa9_0/domain_ps7_cortexa9_0/bsp/system.mss|system_0||
C:/Users/andre/Projects/IEE2463-SEP-Proyecto-2-Z8/PS/vitis/design_1_wrapper/zynq_fsbl/zynq_fsbl_bsp/system.mss|system||

TRACE::2025-06-24.14:18:48::SCWMssOS::Sw design exists and opened at  C:/Users/andre/Projects/IEE2463-SEP-Proyecto-2-Z8/PS/vitis/design_1_wrapper/ps7_cortexa9_0/domain_ps7_cortexa9_0/bsp/system.mss
TRACE::2025-06-24.14:18:48::SCWPlatform::Trying to open the hw design at C:/Users/andre/Projects/IEE2463-SEP-Proyecto-2-Z8/PS/vitis/design_1_wrapper/hw/design_1_wrapper.xsa
TRACE::2025-06-24.14:18:48::SCWPlatform::DSA given C:/Users/andre/Projects/IEE2463-SEP-Proyecto-2-Z8/PS/vitis/design_1_wrapper/hw/design_1_wrapper.xsa
TRACE::2025-06-24.14:18:48::SCWPlatform::DSA absoulate path C:/Users/andre/Projects/IEE2463-SEP-Proyecto-2-Z8/PS/vitis/design_1_wrapper/hw/design_1_wrapper.xsa
TRACE::2025-06-24.14:18:48::SCWPlatform::DSA directory C:/Users/andre/Projects/IEE2463-SEP-Proyecto-2-Z8/PS/vitis/design_1_wrapper/hw
TRACE::2025-06-24.14:18:48::SCWPlatform:: Platform Path C:/Users/andre/Projects/IEE2463-SEP-Proyecto-2-Z8/PS/vitis/design_1_wrapper/hw/design_1_wrapper.xsa
TRACE::2025-06-24.14:18:48::SCWPlatform:: Unique name xilinx:zybo-z7-10::0.0
TRACE::2025-06-24.14:18:48::SCWPlatform::Trying to set the existing hwdb with name design_1_wrapper_0
TRACE::2025-06-24.14:18:48::SCWPlatform::Opened existing hwdb design_1_wrapper_0
TRACE::2025-06-24.14:18:48::SCWPlatform::Found the Hw Db part of the input DSA
TRACE::2025-06-24.14:18:48::SCWMssOS::Checking the sw design at  C:/Users/andre/Projects/IEE2463-SEP-Proyecto-2-Z8/PS/vitis/design_1_wrapper/ps7_cortexa9_0/domain_ps7_cortexa9_0/bsp/system.mss
TRACE::2025-06-24.14:18:48::SCWMssOS::DEBUG:  swdes dump  C:/Users/andre/Projects/IEE2463-SEP-Proyecto-2-Z8/PS/vitis/design_1_wrapper/ps7_cortexa9_0/domain_ps7_cortexa9_0/bsp/system.mss|system_0||
C:/Users/andre/Projects/IEE2463-SEP-Proyecto-2-Z8/PS/vitis/design_1_wrapper/zynq_fsbl/zynq_fsbl_bsp/system.mss|system||

TRACE::2025-06-24.14:18:48::SCWMssOS::Sw design exists and opened at  C:/Users/andre/Projects/IEE2463-SEP-Proyecto-2-Z8/PS/vitis/design_1_wrapper/ps7_cortexa9_0/domain_ps7_cortexa9_0/bsp/system.mss
TRACE::2025-06-24.14:18:48::SCWWriter::formatted JSON is {
	"platformName":	"design_1_wrapper",
	"sprVersion":	"2.0",
	"mode":	"gui",
	"dsaType":	"Fixed",
	"platformDesc":	"design_1_wrapper",
	"platHandOff":	"C:/Users/andre/Projects/IEE2463-SEP-Proyecto-2-Z8/PS/vivado/Ps/design_1_wrapper.xsa",
	"platIntHandOff":	"<platformDir>/hw/design_1_wrapper.xsa",
	"deviceType":	"zynq",
	"platIsPrebuiltAutogen":	"false",
	"platIsNoBootBsp":	"false",
	"platFsblTarget":	"ps7_cortexa9_0",
	"hasFsblMakeHasChanges":	"false",
	"hasPmufwMakeHasChanges":	"false",
	"fsblExtraCompilerFlags":	"-MMD -MP       -mcpu=cortex-a9 -mfpu=vfpv3 -mfloat-abi=hard ",
	"platPreBuiltFlag":	false,
	"platformSamplesDir":	"",
	"platActiveSys":	"design_1_wrapper",
	"systems":	[{
			"systemName":	"design_1_wrapper",
			"systemDesc":	"design_1_wrapper",
			"sysIsBootAutoGen":	"true",
			"systemDispName":	"design_1_wrapper",
			"sysActiveDom":	"domain_ps7_cortexa9_0",
			"sysDefaultDom":	"domain_ps7_cortexa9_0",
			"domains":	[{
					"domainName":	"zynq_fsbl",
					"domainDispName":	"zynq_fsbl",
					"domainDesc":	"FSBL Application BSP - Auto Generated.",
					"processors":	"ps7_cortexa9_0",
					"os":	"standalone",
					"sdxOs":	"standalone",
					"debugEnable":	"",
					"domRuntimes":	["cpp"],
					"swRepo":	"",
					"mssOsVer":	"7.2",
					"mssFile":	"",
					"md5Digest":	"e4150e6453ef70755561bfa5cb30972d",
					"compatibleApp":	"zynq_fsbl",
					"domType":	"bootDomain",
					"arch":	"32-bit",
					"appSettings":	{
						"appCompilerFlags":	"",
						"appLinkerFlags":	""
					},
					"addedLibs":	["xilffs:4.3", "xilrsa:1.6"],
					"libOptions":	{
						"libsContainingOptions":	[]
					},
					"prebuiltLibs":	{
						"prebuiltIncPath":	[],
						"prebuiltLibPath":	[]
					},
					"isolation":	{
					}
				}, {
					"domainName":	"domain_ps7_cortexa9_0",
					"domainDispName":	"domain_ps7_cortexa9_0",
					"domainDesc":	"domain_ps7_cortexa9_0",
					"processors":	"ps7_cortexa9_0",
					"os":	"standalone",
					"sdxOs":	"standalone",
					"qemuArgs":	"C:/Xilinx/Vitis/2020.1/data/emulation/platforms/zynq/qemu/qemu_args.txt",
					"qemuData":	"C:/Xilinx/Vitis/2020.1/data/emulation/platforms/zynq/qemu/",
					"debugEnable":	"False",
					"domRuntimes":	["cpp"],
					"swRepo":	"",
					"mssOsVer":	"7.2",
					"mssFile":	"",
					"md5Digest":	"7610284c8612f6d6936a9aa955cad5ea",
					"compatibleApp":	"hello_world",
					"domType":	"mssDomain",
					"arch":	"32-bit",
					"appSettings":	{
						"appCompilerFlags":	"",
						"appLinkerFlags":	""
					},
					"addedLibs":	[],
					"libOptions":	{
						"libsContainingOptions":	[]
					},
					"prebuiltLibs":	{
						"prebuiltIncPath":	[],
						"prebuiltLibPath":	[]
					},
					"isolation":	{
					}
				}]
		}]
}
TRACE::2025-06-24.14:18:48::SCWPlatform::Trying to open the hw design at C:/Users/andre/Projects/IEE2463-SEP-Proyecto-2-Z8/PS/vitis/design_1_wrapper/hw/design_1_wrapper.xsa
TRACE::2025-06-24.14:18:48::SCWPlatform::DSA given C:/Users/andre/Projects/IEE2463-SEP-Proyecto-2-Z8/PS/vitis/design_1_wrapper/hw/design_1_wrapper.xsa
TRACE::2025-06-24.14:18:48::SCWPlatform::DSA absoulate path C:/Users/andre/Projects/IEE2463-SEP-Proyecto-2-Z8/PS/vitis/design_1_wrapper/hw/design_1_wrapper.xsa
TRACE::2025-06-24.14:18:48::SCWPlatform::DSA directory C:/Users/andre/Projects/IEE2463-SEP-Proyecto-2-Z8/PS/vitis/design_1_wrapper/hw
TRACE::2025-06-24.14:18:48::SCWPlatform:: Platform Path C:/Users/andre/Projects/IEE2463-SEP-Proyecto-2-Z8/PS/vitis/design_1_wrapper/hw/design_1_wrapper.xsa
TRACE::2025-06-24.14:18:48::SCWPlatform:: Unique name xilinx:zybo-z7-10::0.0
TRACE::2025-06-24.14:18:48::SCWPlatform::Trying to set the existing hwdb with name design_1_wrapper_0
TRACE::2025-06-24.14:18:48::SCWPlatform::Opened existing hwdb design_1_wrapper_0
TRACE::2025-06-24.14:18:48::SCWPlatform::Found the Hw Db part of the input DSA
TRACE::2025-06-24.14:18:48::SCWMssOS::Checking the sw design at  C:/Users/andre/Projects/IEE2463-SEP-Proyecto-2-Z8/PS/vitis/design_1_wrapper/ps7_cortexa9_0/domain_ps7_cortexa9_0/bsp/system.mss
TRACE::2025-06-24.14:18:48::SCWMssOS::DEBUG:  swdes dump  C:/Users/andre/Projects/IEE2463-SEP-Proyecto-2-Z8/PS/vitis/design_1_wrapper/ps7_cortexa9_0/domain_ps7_cortexa9_0/bsp/system.mss|system_0||
C:/Users/andre/Projects/IEE2463-SEP-Proyecto-2-Z8/PS/vitis/design_1_wrapper/zynq_fsbl/zynq_fsbl_bsp/system.mss|system||

TRACE::2025-06-24.14:18:48::SCWMssOS::Sw design exists and opened at  C:/Users/andre/Projects/IEE2463-SEP-Proyecto-2-Z8/PS/vitis/design_1_wrapper/ps7_cortexa9_0/domain_ps7_cortexa9_0/bsp/system.mss
TRACE::2025-06-24.14:18:48::SCWPlatform::Trying to open the hw design at C:/Users/andre/Projects/IEE2463-SEP-Proyecto-2-Z8/PS/vitis/design_1_wrapper/hw/design_1_wrapper.xsa
TRACE::2025-06-24.14:18:48::SCWPlatform::DSA given C:/Users/andre/Projects/IEE2463-SEP-Proyecto-2-Z8/PS/vitis/design_1_wrapper/hw/design_1_wrapper.xsa
TRACE::2025-06-24.14:18:48::SCWPlatform::DSA absoulate path C:/Users/andre/Projects/IEE2463-SEP-Proyecto-2-Z8/PS/vitis/design_1_wrapper/hw/design_1_wrapper.xsa
TRACE::2025-06-24.14:18:48::SCWPlatform::DSA directory C:/Users/andre/Projects/IEE2463-SEP-Proyecto-2-Z8/PS/vitis/design_1_wrapper/hw
TRACE::2025-06-24.14:18:48::SCWPlatform:: Platform Path C:/Users/andre/Projects/IEE2463-SEP-Proyecto-2-Z8/PS/vitis/design_1_wrapper/hw/design_1_wrapper.xsa
TRACE::2025-06-24.14:18:48::SCWPlatform:: Unique name xilinx:zybo-z7-10::0.0
TRACE::2025-06-24.14:18:48::SCWPlatform::Trying to set the existing hwdb with name design_1_wrapper_0
TRACE::2025-06-24.14:18:48::SCWPlatform::Opened existing hwdb design_1_wrapper_0
TRACE::2025-06-24.14:18:48::SCWPlatform::Found the Hw Db part of the input DSA
TRACE::2025-06-24.14:18:48::SCWMssOS::Checking the sw design at  C:/Users/andre/Projects/IEE2463-SEP-Proyecto-2-Z8/PS/vitis/design_1_wrapper/ps7_cortexa9_0/domain_ps7_cortexa9_0/bsp/system.mss
TRACE::2025-06-24.14:18:48::SCWMssOS::DEBUG:  swdes dump  C:/Users/andre/Projects/IEE2463-SEP-Proyecto-2-Z8/PS/vitis/design_1_wrapper/ps7_cortexa9_0/domain_ps7_cortexa9_0/bsp/system.mss|system_0||
C:/Users/andre/Projects/IEE2463-SEP-Proyecto-2-Z8/PS/vitis/design_1_wrapper/zynq_fsbl/zynq_fsbl_bsp/system.mss|system||

TRACE::2025-06-24.14:18:48::SCWMssOS::Sw design exists and opened at  C:/Users/andre/Projects/IEE2463-SEP-Proyecto-2-Z8/PS/vitis/design_1_wrapper/ps7_cortexa9_0/domain_ps7_cortexa9_0/bsp/system.mss
TRACE::2025-06-24.14:18:48::SCWMssOS::Saving the mss changes C:/Users/andre/Projects/IEE2463-SEP-Proyecto-2-Z8/PS/vitis/design_1_wrapper/zynq_fsbl/zynq_fsbl_bsp/system.mss
TRACE::2025-06-24.14:18:48::SCWMssOS::Found a swdesign opened with the mssfile.
TRACE::2025-06-24.14:18:48::SCWMssOS::Completed writemss as part of save.
TRACE::2025-06-24.14:18:48::SCWMssOS::Commit changes completed.
TRACE::2025-06-24.14:18:48::SCWMssOS::Saving the mss changes C:/Users/andre/Projects/IEE2463-SEP-Proyecto-2-Z8/PS/vitis/design_1_wrapper/ps7_cortexa9_0/domain_ps7_cortexa9_0/bsp/system.mss
TRACE::2025-06-24.14:18:48::SCWMssOS::Found a swdesign opened with the mssfile.
TRACE::2025-06-24.14:18:48::SCWMssOS::Completed writemss as part of save.
TRACE::2025-06-24.14:18:48::SCWMssOS::Commit changes completed.
TRACE::2025-06-24.14:18:48::SCWPlatform::Trying to open the hw design at C:/Users/andre/Projects/IEE2463-SEP-Proyecto-2-Z8/PS/vitis/design_1_wrapper/hw/design_1_wrapper.xsa
TRACE::2025-06-24.14:18:48::SCWPlatform::DSA given C:/Users/andre/Projects/IEE2463-SEP-Proyecto-2-Z8/PS/vitis/design_1_wrapper/hw/design_1_wrapper.xsa
TRACE::2025-06-24.14:18:48::SCWPlatform::DSA absoulate path C:/Users/andre/Projects/IEE2463-SEP-Proyecto-2-Z8/PS/vitis/design_1_wrapper/hw/design_1_wrapper.xsa
TRACE::2025-06-24.14:18:48::SCWPlatform::DSA directory C:/Users/andre/Projects/IEE2463-SEP-Proyecto-2-Z8/PS/vitis/design_1_wrapper/hw
TRACE::2025-06-24.14:18:48::SCWPlatform:: Platform Path C:/Users/andre/Projects/IEE2463-SEP-Proyecto-2-Z8/PS/vitis/design_1_wrapper/hw/design_1_wrapper.xsa
TRACE::2025-06-24.14:18:48::SCWPlatform:: Unique name xilinx:zybo-z7-10::0.0
TRACE::2025-06-24.14:18:48::SCWPlatform::Trying to set the existing hwdb with name design_1_wrapper_0
TRACE::2025-06-24.14:18:48::SCWPlatform::Opened existing hwdb design_1_wrapper_0
TRACE::2025-06-24.14:18:48::SCWPlatform::Found the Hw Db part of the input DSA
TRACE::2025-06-24.14:18:48::SCWMssOS::Checking the sw design at  C:/Users/andre/Projects/IEE2463-SEP-Proyecto-2-Z8/PS/vitis/design_1_wrapper/zynq_fsbl/zynq_fsbl_bsp/system.mss
TRACE::2025-06-24.14:18:48::SCWMssOS::DEBUG:  swdes dump  C:/Users/andre/Projects/IEE2463-SEP-Proyecto-2-Z8/PS/vitis/design_1_wrapper/ps7_cortexa9_0/domain_ps7_cortexa9_0/bsp/system.mss|system_0||
C:/Users/andre/Projects/IEE2463-SEP-Proyecto-2-Z8/PS/vitis/design_1_wrapper/zynq_fsbl/zynq_fsbl_bsp/system.mss|system||

TRACE::2025-06-24.14:18:48::SCWMssOS::Sw design exists and opened at  C:/Users/andre/Projects/IEE2463-SEP-Proyecto-2-Z8/PS/vitis/design_1_wrapper/zynq_fsbl/zynq_fsbl_bsp/system.mss
TRACE::2025-06-24.14:18:48::SCWPlatform::Trying to open the hw design at C:/Users/andre/Projects/IEE2463-SEP-Proyecto-2-Z8/PS/vitis/design_1_wrapper/hw/design_1_wrapper.xsa
TRACE::2025-06-24.14:18:48::SCWPlatform::DSA given C:/Users/andre/Projects/IEE2463-SEP-Proyecto-2-Z8/PS/vitis/design_1_wrapper/hw/design_1_wrapper.xsa
TRACE::2025-06-24.14:18:48::SCWPlatform::DSA absoulate path C:/Users/andre/Projects/IEE2463-SEP-Proyecto-2-Z8/PS/vitis/design_1_wrapper/hw/design_1_wrapper.xsa
TRACE::2025-06-24.14:18:48::SCWPlatform::DSA directory C:/Users/andre/Projects/IEE2463-SEP-Proyecto-2-Z8/PS/vitis/design_1_wrapper/hw
TRACE::2025-06-24.14:18:48::SCWPlatform:: Platform Path C:/Users/andre/Projects/IEE2463-SEP-Proyecto-2-Z8/PS/vitis/design_1_wrapper/hw/design_1_wrapper.xsa
TRACE::2025-06-24.14:18:48::SCWPlatform:: Unique name xilinx:zybo-z7-10::0.0
TRACE::2025-06-24.14:18:48::SCWPlatform::Trying to set the existing hwdb with name design_1_wrapper_0
TRACE::2025-06-24.14:18:48::SCWPlatform::Opened existing hwdb design_1_wrapper_0
TRACE::2025-06-24.14:18:48::SCWPlatform::Found the Hw Db part of the input DSA
TRACE::2025-06-24.14:18:48::SCWMssOS::Checking the sw design at  C:/Users/andre/Projects/IEE2463-SEP-Proyecto-2-Z8/PS/vitis/design_1_wrapper/zynq_fsbl/zynq_fsbl_bsp/system.mss
TRACE::2025-06-24.14:18:48::SCWMssOS::DEBUG:  swdes dump  C:/Users/andre/Projects/IEE2463-SEP-Proyecto-2-Z8/PS/vitis/design_1_wrapper/ps7_cortexa9_0/domain_ps7_cortexa9_0/bsp/system.mss|system_0||
C:/Users/andre/Projects/IEE2463-SEP-Proyecto-2-Z8/PS/vitis/design_1_wrapper/zynq_fsbl/zynq_fsbl_bsp/system.mss|system||

TRACE::2025-06-24.14:18:48::SCWMssOS::Sw design exists and opened at  C:/Users/andre/Projects/IEE2463-SEP-Proyecto-2-Z8/PS/vitis/design_1_wrapper/zynq_fsbl/zynq_fsbl_bsp/system.mss
TRACE::2025-06-24.14:18:48::SCWPlatform::Trying to open the hw design at C:/Users/andre/Projects/IEE2463-SEP-Proyecto-2-Z8/PS/vitis/design_1_wrapper/hw/design_1_wrapper.xsa
TRACE::2025-06-24.14:18:48::SCWPlatform::DSA given C:/Users/andre/Projects/IEE2463-SEP-Proyecto-2-Z8/PS/vitis/design_1_wrapper/hw/design_1_wrapper.xsa
TRACE::2025-06-24.14:18:48::SCWPlatform::DSA absoulate path C:/Users/andre/Projects/IEE2463-SEP-Proyecto-2-Z8/PS/vitis/design_1_wrapper/hw/design_1_wrapper.xsa
TRACE::2025-06-24.14:18:48::SCWPlatform::DSA directory C:/Users/andre/Projects/IEE2463-SEP-Proyecto-2-Z8/PS/vitis/design_1_wrapper/hw
TRACE::2025-06-24.14:18:48::SCWPlatform:: Platform Path C:/Users/andre/Projects/IEE2463-SEP-Proyecto-2-Z8/PS/vitis/design_1_wrapper/hw/design_1_wrapper.xsa
TRACE::2025-06-24.14:18:48::SCWPlatform:: Unique name xilinx:zybo-z7-10::0.0
TRACE::2025-06-24.14:18:48::SCWPlatform::Trying to set the existing hwdb with name design_1_wrapper_0
TRACE::2025-06-24.14:18:48::SCWPlatform::Opened existing hwdb design_1_wrapper_0
TRACE::2025-06-24.14:18:48::SCWPlatform::Found the Hw Db part of the input DSA
TRACE::2025-06-24.14:18:48::SCWMssOS::Checking the sw design at  C:/Users/andre/Projects/IEE2463-SEP-Proyecto-2-Z8/PS/vitis/design_1_wrapper/zynq_fsbl/zynq_fsbl_bsp/system.mss
TRACE::2025-06-24.14:18:48::SCWMssOS::DEBUG:  swdes dump  C:/Users/andre/Projects/IEE2463-SEP-Proyecto-2-Z8/PS/vitis/design_1_wrapper/ps7_cortexa9_0/domain_ps7_cortexa9_0/bsp/system.mss|system_0||
C:/Users/andre/Projects/IEE2463-SEP-Proyecto-2-Z8/PS/vitis/design_1_wrapper/zynq_fsbl/zynq_fsbl_bsp/system.mss|system||

TRACE::2025-06-24.14:18:48::SCWMssOS::Sw design exists and opened at  C:/Users/andre/Projects/IEE2463-SEP-Proyecto-2-Z8/PS/vitis/design_1_wrapper/zynq_fsbl/zynq_fsbl_bsp/system.mss
TRACE::2025-06-24.14:18:48::SCWPlatform::Trying to open the hw design at C:/Users/andre/Projects/IEE2463-SEP-Proyecto-2-Z8/PS/vitis/design_1_wrapper/hw/design_1_wrapper.xsa
TRACE::2025-06-24.14:18:48::SCWPlatform::DSA given C:/Users/andre/Projects/IEE2463-SEP-Proyecto-2-Z8/PS/vitis/design_1_wrapper/hw/design_1_wrapper.xsa
TRACE::2025-06-24.14:18:48::SCWPlatform::DSA absoulate path C:/Users/andre/Projects/IEE2463-SEP-Proyecto-2-Z8/PS/vitis/design_1_wrapper/hw/design_1_wrapper.xsa
TRACE::2025-06-24.14:18:48::SCWPlatform::DSA directory C:/Users/andre/Projects/IEE2463-SEP-Proyecto-2-Z8/PS/vitis/design_1_wrapper/hw
TRACE::2025-06-24.14:18:48::SCWPlatform:: Platform Path C:/Users/andre/Projects/IEE2463-SEP-Proyecto-2-Z8/PS/vitis/design_1_wrapper/hw/design_1_wrapper.xsa
TRACE::2025-06-24.14:18:48::SCWPlatform:: Unique name xilinx:zybo-z7-10::0.0
TRACE::2025-06-24.14:18:48::SCWPlatform::Trying to set the existing hwdb with name design_1_wrapper_0
TRACE::2025-06-24.14:18:48::SCWPlatform::Opened existing hwdb design_1_wrapper_0
TRACE::2025-06-24.14:18:48::SCWPlatform::Found the Hw Db part of the input DSA
TRACE::2025-06-24.14:18:48::SCWMssOS::Checking the sw design at  C:/Users/andre/Projects/IEE2463-SEP-Proyecto-2-Z8/PS/vitis/design_1_wrapper/ps7_cortexa9_0/domain_ps7_cortexa9_0/bsp/system.mss
TRACE::2025-06-24.14:18:48::SCWMssOS::DEBUG:  swdes dump  C:/Users/andre/Projects/IEE2463-SEP-Proyecto-2-Z8/PS/vitis/design_1_wrapper/ps7_cortexa9_0/domain_ps7_cortexa9_0/bsp/system.mss|system_0||
C:/Users/andre/Projects/IEE2463-SEP-Proyecto-2-Z8/PS/vitis/design_1_wrapper/zynq_fsbl/zynq_fsbl_bsp/system.mss|system||

TRACE::2025-06-24.14:18:48::SCWMssOS::Sw design exists and opened at  C:/Users/andre/Projects/IEE2463-SEP-Proyecto-2-Z8/PS/vitis/design_1_wrapper/ps7_cortexa9_0/domain_ps7_cortexa9_0/bsp/system.mss
TRACE::2025-06-24.14:18:48::SCWPlatform::Trying to open the hw design at C:/Users/andre/Projects/IEE2463-SEP-Proyecto-2-Z8/PS/vitis/design_1_wrapper/hw/design_1_wrapper.xsa
TRACE::2025-06-24.14:18:48::SCWPlatform::DSA given C:/Users/andre/Projects/IEE2463-SEP-Proyecto-2-Z8/PS/vitis/design_1_wrapper/hw/design_1_wrapper.xsa
TRACE::2025-06-24.14:18:48::SCWPlatform::DSA absoulate path C:/Users/andre/Projects/IEE2463-SEP-Proyecto-2-Z8/PS/vitis/design_1_wrapper/hw/design_1_wrapper.xsa
TRACE::2025-06-24.14:18:48::SCWPlatform::DSA directory C:/Users/andre/Projects/IEE2463-SEP-Proyecto-2-Z8/PS/vitis/design_1_wrapper/hw
TRACE::2025-06-24.14:18:48::SCWPlatform:: Platform Path C:/Users/andre/Projects/IEE2463-SEP-Proyecto-2-Z8/PS/vitis/design_1_wrapper/hw/design_1_wrapper.xsa
TRACE::2025-06-24.14:18:48::SCWPlatform:: Unique name xilinx:zybo-z7-10::0.0
TRACE::2025-06-24.14:18:48::SCWPlatform::Trying to set the existing hwdb with name design_1_wrapper_0
TRACE::2025-06-24.14:18:48::SCWPlatform::Opened existing hwdb design_1_wrapper_0
TRACE::2025-06-24.14:18:48::SCWPlatform::Found the Hw Db part of the input DSA
TRACE::2025-06-24.14:18:48::SCWMssOS::Checking the sw design at  C:/Users/andre/Projects/IEE2463-SEP-Proyecto-2-Z8/PS/vitis/design_1_wrapper/ps7_cortexa9_0/domain_ps7_cortexa9_0/bsp/system.mss
TRACE::2025-06-24.14:18:48::SCWMssOS::DEBUG:  swdes dump  C:/Users/andre/Projects/IEE2463-SEP-Proyecto-2-Z8/PS/vitis/design_1_wrapper/ps7_cortexa9_0/domain_ps7_cortexa9_0/bsp/system.mss|system_0||
C:/Users/andre/Projects/IEE2463-SEP-Proyecto-2-Z8/PS/vitis/design_1_wrapper/zynq_fsbl/zynq_fsbl_bsp/system.mss|system||

TRACE::2025-06-24.14:18:48::SCWMssOS::Sw design exists and opened at  C:/Users/andre/Projects/IEE2463-SEP-Proyecto-2-Z8/PS/vitis/design_1_wrapper/ps7_cortexa9_0/domain_ps7_cortexa9_0/bsp/system.mss
TRACE::2025-06-24.14:18:48::SCWPlatform::Trying to open the hw design at C:/Users/andre/Projects/IEE2463-SEP-Proyecto-2-Z8/PS/vitis/design_1_wrapper/hw/design_1_wrapper.xsa
TRACE::2025-06-24.14:18:48::SCWPlatform::DSA given C:/Users/andre/Projects/IEE2463-SEP-Proyecto-2-Z8/PS/vitis/design_1_wrapper/hw/design_1_wrapper.xsa
TRACE::2025-06-24.14:18:48::SCWPlatform::DSA absoulate path C:/Users/andre/Projects/IEE2463-SEP-Proyecto-2-Z8/PS/vitis/design_1_wrapper/hw/design_1_wrapper.xsa
TRACE::2025-06-24.14:18:48::SCWPlatform::DSA directory C:/Users/andre/Projects/IEE2463-SEP-Proyecto-2-Z8/PS/vitis/design_1_wrapper/hw
TRACE::2025-06-24.14:18:48::SCWPlatform:: Platform Path C:/Users/andre/Projects/IEE2463-SEP-Proyecto-2-Z8/PS/vitis/design_1_wrapper/hw/design_1_wrapper.xsa
TRACE::2025-06-24.14:18:48::SCWPlatform:: Unique name xilinx:zybo-z7-10::0.0
TRACE::2025-06-24.14:18:48::SCWPlatform::Trying to set the existing hwdb with name design_1_wrapper_0
TRACE::2025-06-24.14:18:48::SCWPlatform::Opened existing hwdb design_1_wrapper_0
TRACE::2025-06-24.14:18:48::SCWPlatform::Found the Hw Db part of the input DSA
TRACE::2025-06-24.14:18:48::SCWMssOS::Checking the sw design at  C:/Users/andre/Projects/IEE2463-SEP-Proyecto-2-Z8/PS/vitis/design_1_wrapper/ps7_cortexa9_0/domain_ps7_cortexa9_0/bsp/system.mss
TRACE::2025-06-24.14:18:48::SCWMssOS::DEBUG:  swdes dump  C:/Users/andre/Projects/IEE2463-SEP-Proyecto-2-Z8/PS/vitis/design_1_wrapper/ps7_cortexa9_0/domain_ps7_cortexa9_0/bsp/system.mss|system_0||
C:/Users/andre/Projects/IEE2463-SEP-Proyecto-2-Z8/PS/vitis/design_1_wrapper/zynq_fsbl/zynq_fsbl_bsp/system.mss|system||

TRACE::2025-06-24.14:18:48::SCWMssOS::Sw design exists and opened at  C:/Users/andre/Projects/IEE2463-SEP-Proyecto-2-Z8/PS/vitis/design_1_wrapper/ps7_cortexa9_0/domain_ps7_cortexa9_0/bsp/system.mss
TRACE::2025-06-24.14:18:48::SCWWriter::formatted JSON is {
	"platformName":	"design_1_wrapper",
	"sprVersion":	"2.0",
	"mode":	"gui",
	"dsaType":	"Fixed",
	"platformDesc":	"design_1_wrapper",
	"platHandOff":	"C:/Users/andre/Projects/IEE2463-SEP-Proyecto-2-Z8/PS/vivado/Ps/design_1_wrapper.xsa",
	"platIntHandOff":	"<platformDir>/hw/design_1_wrapper.xsa",
	"deviceType":	"zynq",
	"platIsPrebuiltAutogen":	"false",
	"platIsNoBootBsp":	"false",
	"platFsblTarget":	"ps7_cortexa9_0",
	"hasFsblMakeHasChanges":	"false",
	"hasPmufwMakeHasChanges":	"false",
	"fsblExtraCompilerFlags":	"-MMD -MP       -mcpu=cortex-a9 -mfpu=vfpv3 -mfloat-abi=hard ",
	"platPreBuiltFlag":	false,
	"platformSamplesDir":	"",
	"platActiveSys":	"design_1_wrapper",
	"systems":	[{
			"systemName":	"design_1_wrapper",
			"systemDesc":	"design_1_wrapper",
			"sysIsBootAutoGen":	"true",
			"systemDispName":	"design_1_wrapper",
			"sysActiveDom":	"domain_ps7_cortexa9_0",
			"sysDefaultDom":	"domain_ps7_cortexa9_0",
			"domains":	[{
					"domainName":	"zynq_fsbl",
					"domainDispName":	"zynq_fsbl",
					"domainDesc":	"FSBL Application BSP - Auto Generated.",
					"processors":	"ps7_cortexa9_0",
					"os":	"standalone",
					"sdxOs":	"standalone",
					"debugEnable":	"",
					"domRuntimes":	["cpp"],
					"swRepo":	"",
					"mssOsVer":	"7.2",
					"mssFile":	"",
					"md5Digest":	"e4150e6453ef70755561bfa5cb30972d",
					"compatibleApp":	"zynq_fsbl",
					"domType":	"bootDomain",
					"arch":	"32-bit",
					"appSettings":	{
						"appCompilerFlags":	"",
						"appLinkerFlags":	""
					},
					"addedLibs":	["xilffs:4.3", "xilrsa:1.6"],
					"libOptions":	{
						"libsContainingOptions":	[]
					},
					"prebuiltLibs":	{
						"prebuiltIncPath":	[],
						"prebuiltLibPath":	[]
					},
					"isolation":	{
					}
				}, {
					"domainName":	"domain_ps7_cortexa9_0",
					"domainDispName":	"domain_ps7_cortexa9_0",
					"domainDesc":	"domain_ps7_cortexa9_0",
					"processors":	"ps7_cortexa9_0",
					"os":	"standalone",
					"sdxOs":	"standalone",
					"qemuArgs":	"C:/Xilinx/Vitis/2020.1/data/emulation/platforms/zynq/qemu/qemu_args.txt",
					"qemuData":	"C:/Xilinx/Vitis/2020.1/data/emulation/platforms/zynq/qemu/",
					"debugEnable":	"False",
					"domRuntimes":	["cpp"],
					"swRepo":	"",
					"mssOsVer":	"7.2",
					"mssFile":	"",
					"md5Digest":	"7610284c8612f6d6936a9aa955cad5ea",
					"compatibleApp":	"hello_world",
					"domType":	"mssDomain",
					"arch":	"32-bit",
					"appSettings":	{
						"appCompilerFlags":	"",
						"appLinkerFlags":	""
					},
					"addedLibs":	[],
					"libOptions":	{
						"libsContainingOptions":	[]
					},
					"prebuiltLibs":	{
						"prebuiltIncPath":	[],
						"prebuiltLibPath":	[]
					},
					"isolation":	{
					}
				}]
		}]
}
LOG::2025-06-24.14:18:48::SCWPlatform::Started generating the artifacts platform design_1_wrapper
TRACE::2025-06-24.14:18:48::SCWPlatform::Sanity checking of platform is completed
LOG::2025-06-24.14:18:48::SCWPlatform::Started generating the artifacts for system configuration design_1_wrapper
LOG::2025-06-24.14:18:48::SCWSystem::Started Processing the domain domain_ps7_cortexa9_0
TRACE::2025-06-24.14:18:48::SCWDomain::Generating domain artifcats
TRACE::2025-06-24.14:18:48::SCWMssOS::Generating standalone artifcats
TRACE::2025-06-24.14:18:48::SCWMssOS::Copying the qemu file from  C:/Xilinx/Vitis/2020.1/data/emulation/platforms/zynq/qemu/qemu_args.txt To C:/Users/andre/Projects/IEE2463-SEP-Proyecto-2-Z8/PS/vitis/design_1_wrapper/export/design_1_wrapper/sw/design_1_wrapper/qemu/
TRACE::2025-06-24.14:18:48::SCWMssOS::Copying the qemu file from  C:/Xilinx/Vitis/2020.1/data/emulation/platforms/zynq/qemu/qemu_args.txt To C:/Users/andre/Projects/IEE2463-SEP-Proyecto-2-Z8/PS/vitis/design_1_wrapper/export/design_1_wrapper/sw/design_1_wrapper/domain_ps7_cortexa9_0/qemu/
TRACE::2025-06-24.14:18:48::SCWMssOS:: Copying the user libraries. 
TRACE::2025-06-24.14:18:48::SCWPlatform::Trying to open the hw design at C:/Users/andre/Projects/IEE2463-SEP-Proyecto-2-Z8/PS/vitis/design_1_wrapper/hw/design_1_wrapper.xsa
TRACE::2025-06-24.14:18:48::SCWPlatform::DSA given C:/Users/andre/Projects/IEE2463-SEP-Proyecto-2-Z8/PS/vitis/design_1_wrapper/hw/design_1_wrapper.xsa
TRACE::2025-06-24.14:18:48::SCWPlatform::DSA absoulate path C:/Users/andre/Projects/IEE2463-SEP-Proyecto-2-Z8/PS/vitis/design_1_wrapper/hw/design_1_wrapper.xsa
TRACE::2025-06-24.14:18:48::SCWPlatform::DSA directory C:/Users/andre/Projects/IEE2463-SEP-Proyecto-2-Z8/PS/vitis/design_1_wrapper/hw
TRACE::2025-06-24.14:18:48::SCWPlatform:: Platform Path C:/Users/andre/Projects/IEE2463-SEP-Proyecto-2-Z8/PS/vitis/design_1_wrapper/hw/design_1_wrapper.xsa
TRACE::2025-06-24.14:18:48::SCWPlatform:: Unique name xilinx:zybo-z7-10::0.0
TRACE::2025-06-24.14:18:48::SCWPlatform::Trying to set the existing hwdb with name design_1_wrapper_0
TRACE::2025-06-24.14:18:48::SCWPlatform::Opened existing hwdb design_1_wrapper_0
TRACE::2025-06-24.14:18:48::SCWPlatform::Found the Hw Db part of the input DSA
TRACE::2025-06-24.14:18:48::SCWMssOS::Checking the sw design at  C:/Users/andre/Projects/IEE2463-SEP-Proyecto-2-Z8/PS/vitis/design_1_wrapper/ps7_cortexa9_0/domain_ps7_cortexa9_0/bsp/system.mss
TRACE::2025-06-24.14:18:48::SCWMssOS::DEBUG:  swdes dump  C:/Users/andre/Projects/IEE2463-SEP-Proyecto-2-Z8/PS/vitis/design_1_wrapper/ps7_cortexa9_0/domain_ps7_cortexa9_0/bsp/system.mss|system_0||
C:/Users/andre/Projects/IEE2463-SEP-Proyecto-2-Z8/PS/vitis/design_1_wrapper/zynq_fsbl/zynq_fsbl_bsp/system.mss|system||

TRACE::2025-06-24.14:18:48::SCWMssOS::Sw design exists and opened at  C:/Users/andre/Projects/IEE2463-SEP-Proyecto-2-Z8/PS/vitis/design_1_wrapper/ps7_cortexa9_0/domain_ps7_cortexa9_0/bsp/system.mss
TRACE::2025-06-24.14:18:48::SCWMssOS::Completed writing the mss file at C:/Users/andre/Projects/IEE2463-SEP-Proyecto-2-Z8/PS/vitis/design_1_wrapper/ps7_cortexa9_0/domain_ps7_cortexa9_0/bsp
TRACE::2025-06-24.14:18:48::SCWMssOS::Mss edits present, copying mssfile into export location C:/Users/andre/Projects/IEE2463-SEP-Proyecto-2-Z8/PS/vitis/design_1_wrapper/ps7_cortexa9_0/domain_ps7_cortexa9_0/bsp/system.mss
TRACE::2025-06-24.14:18:48::SCWMssOS::bsp generated is upto date with the mss file. Skipping bsp generation.
TRACE::2025-06-24.14:18:48::SCWMssOS::BSP is already built. skipping the bsp build ... 
TRACE::2025-06-24.14:18:48::SCWDomain::Building the domain as part of full build :  domain_ps7_cortexa9_0
TRACE::2025-06-24.14:18:48::SCWMssOS::skipping the bsp build ... 
TRACE::2025-06-24.14:18:48::SCWMssOS::Copying to export directory.
TRACE::2025-06-24.14:18:48::SCWMssOS:: Checking if to create the Supporting Applications
TRACE::2025-06-24.14:18:48::SCWMssOS:: No Linux domain exists, trying to generate FSBL 
TRACE::2025-06-24.14:18:48::SCWMssOS:: Completed Standalone Artifacts creation 
LOG::2025-06-24.14:18:48::SCWSystem::Completed Processing the domain domain_ps7_cortexa9_0
LOG::2025-06-24.14:18:48::SCWSystem::Completed Processing the sysconfig design_1_wrapper
LOG::2025-06-24.14:18:48::SCWPlatform::Completed generating the artifacts for system configuration design_1_wrapper
TRACE::2025-06-24.14:18:48::SCWPlatform::Started preparing the platform 
TRACE::2025-06-24.14:18:48::SCWSystem::Writing the bif file for system config design_1_wrapper
TRACE::2025-06-24.14:18:48::SCWSystem::dir created 
TRACE::2025-06-24.14:18:48::SCWSystem::Writing the bif 
TRACE::2025-06-24.14:18:48::SCWPlatform::Started writing the spfm file 
TRACE::2025-06-24.14:18:48::SCWPlatform::Started writing the xpfm file 
TRACE::2025-06-24.14:18:48::SCWPlatform::Completed generating the platform
TRACE::2025-06-24.14:18:48::SCWMssOS::Saving the mss changes C:/Users/andre/Projects/IEE2463-SEP-Proyecto-2-Z8/PS/vitis/design_1_wrapper/zynq_fsbl/zynq_fsbl_bsp/system.mss
TRACE::2025-06-24.14:18:48::SCWMssOS::Found a swdesign opened with the mssfile.
TRACE::2025-06-24.14:18:48::SCWMssOS::Completed writemss as part of save.
TRACE::2025-06-24.14:18:48::SCWMssOS::Commit changes completed.
TRACE::2025-06-24.14:18:48::SCWMssOS::Saving the mss changes C:/Users/andre/Projects/IEE2463-SEP-Proyecto-2-Z8/PS/vitis/design_1_wrapper/ps7_cortexa9_0/domain_ps7_cortexa9_0/bsp/system.mss
TRACE::2025-06-24.14:18:48::SCWMssOS::Found a swdesign opened with the mssfile.
TRACE::2025-06-24.14:18:48::SCWMssOS::Completed writemss as part of save.
TRACE::2025-06-24.14:18:48::SCWMssOS::Commit changes completed.
TRACE::2025-06-24.14:18:48::SCWPlatform::Trying to open the hw design at C:/Users/andre/Projects/IEE2463-SEP-Proyecto-2-Z8/PS/vitis/design_1_wrapper/hw/design_1_wrapper.xsa
TRACE::2025-06-24.14:18:48::SCWPlatform::DSA given C:/Users/andre/Projects/IEE2463-SEP-Proyecto-2-Z8/PS/vitis/design_1_wrapper/hw/design_1_wrapper.xsa
TRACE::2025-06-24.14:18:48::SCWPlatform::DSA absoulate path C:/Users/andre/Projects/IEE2463-SEP-Proyecto-2-Z8/PS/vitis/design_1_wrapper/hw/design_1_wrapper.xsa
TRACE::2025-06-24.14:18:48::SCWPlatform::DSA directory C:/Users/andre/Projects/IEE2463-SEP-Proyecto-2-Z8/PS/vitis/design_1_wrapper/hw
TRACE::2025-06-24.14:18:48::SCWPlatform:: Platform Path C:/Users/andre/Projects/IEE2463-SEP-Proyecto-2-Z8/PS/vitis/design_1_wrapper/hw/design_1_wrapper.xsa
TRACE::2025-06-24.14:18:48::SCWPlatform:: Unique name xilinx:zybo-z7-10::0.0
TRACE::2025-06-24.14:18:48::SCWPlatform::Trying to set the existing hwdb with name design_1_wrapper_0
TRACE::2025-06-24.14:18:48::SCWPlatform::Opened existing hwdb design_1_wrapper_0
TRACE::2025-06-24.14:18:48::SCWPlatform::Found the Hw Db part of the input DSA
TRACE::2025-06-24.14:18:48::SCWMssOS::Checking the sw design at  C:/Users/andre/Projects/IEE2463-SEP-Proyecto-2-Z8/PS/vitis/design_1_wrapper/zynq_fsbl/zynq_fsbl_bsp/system.mss
TRACE::2025-06-24.14:18:48::SCWMssOS::DEBUG:  swdes dump  C:/Users/andre/Projects/IEE2463-SEP-Proyecto-2-Z8/PS/vitis/design_1_wrapper/ps7_cortexa9_0/domain_ps7_cortexa9_0/bsp/system.mss|system_0||
C:/Users/andre/Projects/IEE2463-SEP-Proyecto-2-Z8/PS/vitis/design_1_wrapper/zynq_fsbl/zynq_fsbl_bsp/system.mss|system||

TRACE::2025-06-24.14:18:48::SCWMssOS::Sw design exists and opened at  C:/Users/andre/Projects/IEE2463-SEP-Proyecto-2-Z8/PS/vitis/design_1_wrapper/zynq_fsbl/zynq_fsbl_bsp/system.mss
TRACE::2025-06-24.14:18:48::SCWPlatform::Trying to open the hw design at C:/Users/andre/Projects/IEE2463-SEP-Proyecto-2-Z8/PS/vitis/design_1_wrapper/hw/design_1_wrapper.xsa
TRACE::2025-06-24.14:18:48::SCWPlatform::DSA given C:/Users/andre/Projects/IEE2463-SEP-Proyecto-2-Z8/PS/vitis/design_1_wrapper/hw/design_1_wrapper.xsa
TRACE::2025-06-24.14:18:48::SCWPlatform::DSA absoulate path C:/Users/andre/Projects/IEE2463-SEP-Proyecto-2-Z8/PS/vitis/design_1_wrapper/hw/design_1_wrapper.xsa
TRACE::2025-06-24.14:18:48::SCWPlatform::DSA directory C:/Users/andre/Projects/IEE2463-SEP-Proyecto-2-Z8/PS/vitis/design_1_wrapper/hw
TRACE::2025-06-24.14:18:48::SCWPlatform:: Platform Path C:/Users/andre/Projects/IEE2463-SEP-Proyecto-2-Z8/PS/vitis/design_1_wrapper/hw/design_1_wrapper.xsa
TRACE::2025-06-24.14:18:48::SCWPlatform:: Unique name xilinx:zybo-z7-10::0.0
TRACE::2025-06-24.14:18:48::SCWPlatform::Trying to set the existing hwdb with name design_1_wrapper_0
TRACE::2025-06-24.14:18:48::SCWPlatform::Opened existing hwdb design_1_wrapper_0
TRACE::2025-06-24.14:18:48::SCWPlatform::Found the Hw Db part of the input DSA
TRACE::2025-06-24.14:18:48::SCWMssOS::Checking the sw design at  C:/Users/andre/Projects/IEE2463-SEP-Proyecto-2-Z8/PS/vitis/design_1_wrapper/zynq_fsbl/zynq_fsbl_bsp/system.mss
TRACE::2025-06-24.14:18:48::SCWMssOS::DEBUG:  swdes dump  C:/Users/andre/Projects/IEE2463-SEP-Proyecto-2-Z8/PS/vitis/design_1_wrapper/ps7_cortexa9_0/domain_ps7_cortexa9_0/bsp/system.mss|system_0||
C:/Users/andre/Projects/IEE2463-SEP-Proyecto-2-Z8/PS/vitis/design_1_wrapper/zynq_fsbl/zynq_fsbl_bsp/system.mss|system||

TRACE::2025-06-24.14:18:48::SCWMssOS::Sw design exists and opened at  C:/Users/andre/Projects/IEE2463-SEP-Proyecto-2-Z8/PS/vitis/design_1_wrapper/zynq_fsbl/zynq_fsbl_bsp/system.mss
TRACE::2025-06-24.14:18:48::SCWPlatform::Trying to open the hw design at C:/Users/andre/Projects/IEE2463-SEP-Proyecto-2-Z8/PS/vitis/design_1_wrapper/hw/design_1_wrapper.xsa
TRACE::2025-06-24.14:18:48::SCWPlatform::DSA given C:/Users/andre/Projects/IEE2463-SEP-Proyecto-2-Z8/PS/vitis/design_1_wrapper/hw/design_1_wrapper.xsa
TRACE::2025-06-24.14:18:48::SCWPlatform::DSA absoulate path C:/Users/andre/Projects/IEE2463-SEP-Proyecto-2-Z8/PS/vitis/design_1_wrapper/hw/design_1_wrapper.xsa
TRACE::2025-06-24.14:18:48::SCWPlatform::DSA directory C:/Users/andre/Projects/IEE2463-SEP-Proyecto-2-Z8/PS/vitis/design_1_wrapper/hw
TRACE::2025-06-24.14:18:48::SCWPlatform:: Platform Path C:/Users/andre/Projects/IEE2463-SEP-Proyecto-2-Z8/PS/vitis/design_1_wrapper/hw/design_1_wrapper.xsa
TRACE::2025-06-24.14:18:48::SCWPlatform:: Unique name xilinx:zybo-z7-10::0.0
TRACE::2025-06-24.14:18:48::SCWPlatform::Trying to set the existing hwdb with name design_1_wrapper_0
TRACE::2025-06-24.14:18:48::SCWPlatform::Opened existing hwdb design_1_wrapper_0
TRACE::2025-06-24.14:18:48::SCWPlatform::Found the Hw Db part of the input DSA
TRACE::2025-06-24.14:18:48::SCWMssOS::Checking the sw design at  C:/Users/andre/Projects/IEE2463-SEP-Proyecto-2-Z8/PS/vitis/design_1_wrapper/zynq_fsbl/zynq_fsbl_bsp/system.mss
TRACE::2025-06-24.14:18:48::SCWMssOS::DEBUG:  swdes dump  C:/Users/andre/Projects/IEE2463-SEP-Proyecto-2-Z8/PS/vitis/design_1_wrapper/ps7_cortexa9_0/domain_ps7_cortexa9_0/bsp/system.mss|system_0||
C:/Users/andre/Projects/IEE2463-SEP-Proyecto-2-Z8/PS/vitis/design_1_wrapper/zynq_fsbl/zynq_fsbl_bsp/system.mss|system||

TRACE::2025-06-24.14:18:48::SCWMssOS::Sw design exists and opened at  C:/Users/andre/Projects/IEE2463-SEP-Proyecto-2-Z8/PS/vitis/design_1_wrapper/zynq_fsbl/zynq_fsbl_bsp/system.mss
TRACE::2025-06-24.14:18:48::SCWPlatform::Trying to open the hw design at C:/Users/andre/Projects/IEE2463-SEP-Proyecto-2-Z8/PS/vitis/design_1_wrapper/hw/design_1_wrapper.xsa
TRACE::2025-06-24.14:18:48::SCWPlatform::DSA given C:/Users/andre/Projects/IEE2463-SEP-Proyecto-2-Z8/PS/vitis/design_1_wrapper/hw/design_1_wrapper.xsa
TRACE::2025-06-24.14:18:48::SCWPlatform::DSA absoulate path C:/Users/andre/Projects/IEE2463-SEP-Proyecto-2-Z8/PS/vitis/design_1_wrapper/hw/design_1_wrapper.xsa
TRACE::2025-06-24.14:18:48::SCWPlatform::DSA directory C:/Users/andre/Projects/IEE2463-SEP-Proyecto-2-Z8/PS/vitis/design_1_wrapper/hw
TRACE::2025-06-24.14:18:48::SCWPlatform:: Platform Path C:/Users/andre/Projects/IEE2463-SEP-Proyecto-2-Z8/PS/vitis/design_1_wrapper/hw/design_1_wrapper.xsa
TRACE::2025-06-24.14:18:48::SCWPlatform:: Unique name xilinx:zybo-z7-10::0.0
TRACE::2025-06-24.14:18:48::SCWPlatform::Trying to set the existing hwdb with name design_1_wrapper_0
TRACE::2025-06-24.14:18:48::SCWPlatform::Opened existing hwdb design_1_wrapper_0
TRACE::2025-06-24.14:18:48::SCWPlatform::Found the Hw Db part of the input DSA
TRACE::2025-06-24.14:18:48::SCWMssOS::Checking the sw design at  C:/Users/andre/Projects/IEE2463-SEP-Proyecto-2-Z8/PS/vitis/design_1_wrapper/ps7_cortexa9_0/domain_ps7_cortexa9_0/bsp/system.mss
TRACE::2025-06-24.14:18:48::SCWMssOS::DEBUG:  swdes dump  C:/Users/andre/Projects/IEE2463-SEP-Proyecto-2-Z8/PS/vitis/design_1_wrapper/ps7_cortexa9_0/domain_ps7_cortexa9_0/bsp/system.mss|system_0||
C:/Users/andre/Projects/IEE2463-SEP-Proyecto-2-Z8/PS/vitis/design_1_wrapper/zynq_fsbl/zynq_fsbl_bsp/system.mss|system||

TRACE::2025-06-24.14:18:48::SCWMssOS::Sw design exists and opened at  C:/Users/andre/Projects/IEE2463-SEP-Proyecto-2-Z8/PS/vitis/design_1_wrapper/ps7_cortexa9_0/domain_ps7_cortexa9_0/bsp/system.mss
TRACE::2025-06-24.14:18:48::SCWPlatform::Trying to open the hw design at C:/Users/andre/Projects/IEE2463-SEP-Proyecto-2-Z8/PS/vitis/design_1_wrapper/hw/design_1_wrapper.xsa
TRACE::2025-06-24.14:18:48::SCWPlatform::DSA given C:/Users/andre/Projects/IEE2463-SEP-Proyecto-2-Z8/PS/vitis/design_1_wrapper/hw/design_1_wrapper.xsa
TRACE::2025-06-24.14:18:48::SCWPlatform::DSA absoulate path C:/Users/andre/Projects/IEE2463-SEP-Proyecto-2-Z8/PS/vitis/design_1_wrapper/hw/design_1_wrapper.xsa
TRACE::2025-06-24.14:18:48::SCWPlatform::DSA directory C:/Users/andre/Projects/IEE2463-SEP-Proyecto-2-Z8/PS/vitis/design_1_wrapper/hw
TRACE::2025-06-24.14:18:48::SCWPlatform:: Platform Path C:/Users/andre/Projects/IEE2463-SEP-Proyecto-2-Z8/PS/vitis/design_1_wrapper/hw/design_1_wrapper.xsa
TRACE::2025-06-24.14:18:48::SCWPlatform:: Unique name xilinx:zybo-z7-10::0.0
TRACE::2025-06-24.14:18:48::SCWPlatform::Trying to set the existing hwdb with name design_1_wrapper_0
TRACE::2025-06-24.14:18:48::SCWPlatform::Opened existing hwdb design_1_wrapper_0
TRACE::2025-06-24.14:18:48::SCWPlatform::Found the Hw Db part of the input DSA
TRACE::2025-06-24.14:18:48::SCWMssOS::Checking the sw design at  C:/Users/andre/Projects/IEE2463-SEP-Proyecto-2-Z8/PS/vitis/design_1_wrapper/ps7_cortexa9_0/domain_ps7_cortexa9_0/bsp/system.mss
TRACE::2025-06-24.14:18:48::SCWMssOS::DEBUG:  swdes dump  C:/Users/andre/Projects/IEE2463-SEP-Proyecto-2-Z8/PS/vitis/design_1_wrapper/ps7_cortexa9_0/domain_ps7_cortexa9_0/bsp/system.mss|system_0||
C:/Users/andre/Projects/IEE2463-SEP-Proyecto-2-Z8/PS/vitis/design_1_wrapper/zynq_fsbl/zynq_fsbl_bsp/system.mss|system||

TRACE::2025-06-24.14:18:48::SCWMssOS::Sw design exists and opened at  C:/Users/andre/Projects/IEE2463-SEP-Proyecto-2-Z8/PS/vitis/design_1_wrapper/ps7_cortexa9_0/domain_ps7_cortexa9_0/bsp/system.mss
TRACE::2025-06-24.14:18:48::SCWPlatform::Trying to open the hw design at C:/Users/andre/Projects/IEE2463-SEP-Proyecto-2-Z8/PS/vitis/design_1_wrapper/hw/design_1_wrapper.xsa
TRACE::2025-06-24.14:18:48::SCWPlatform::DSA given C:/Users/andre/Projects/IEE2463-SEP-Proyecto-2-Z8/PS/vitis/design_1_wrapper/hw/design_1_wrapper.xsa
TRACE::2025-06-24.14:18:48::SCWPlatform::DSA absoulate path C:/Users/andre/Projects/IEE2463-SEP-Proyecto-2-Z8/PS/vitis/design_1_wrapper/hw/design_1_wrapper.xsa
TRACE::2025-06-24.14:18:48::SCWPlatform::DSA directory C:/Users/andre/Projects/IEE2463-SEP-Proyecto-2-Z8/PS/vitis/design_1_wrapper/hw
TRACE::2025-06-24.14:18:48::SCWPlatform:: Platform Path C:/Users/andre/Projects/IEE2463-SEP-Proyecto-2-Z8/PS/vitis/design_1_wrapper/hw/design_1_wrapper.xsa
TRACE::2025-06-24.14:18:48::SCWPlatform:: Unique name xilinx:zybo-z7-10::0.0
TRACE::2025-06-24.14:18:48::SCWPlatform::Trying to set the existing hwdb with name design_1_wrapper_0
TRACE::2025-06-24.14:18:48::SCWPlatform::Opened existing hwdb design_1_wrapper_0
TRACE::2025-06-24.14:18:48::SCWPlatform::Found the Hw Db part of the input DSA
TRACE::2025-06-24.14:18:48::SCWMssOS::Checking the sw design at  C:/Users/andre/Projects/IEE2463-SEP-Proyecto-2-Z8/PS/vitis/design_1_wrapper/ps7_cortexa9_0/domain_ps7_cortexa9_0/bsp/system.mss
TRACE::2025-06-24.14:18:48::SCWMssOS::DEBUG:  swdes dump  C:/Users/andre/Projects/IEE2463-SEP-Proyecto-2-Z8/PS/vitis/design_1_wrapper/ps7_cortexa9_0/domain_ps7_cortexa9_0/bsp/system.mss|system_0||
C:/Users/andre/Projects/IEE2463-SEP-Proyecto-2-Z8/PS/vitis/design_1_wrapper/zynq_fsbl/zynq_fsbl_bsp/system.mss|system||

TRACE::2025-06-24.14:18:48::SCWMssOS::Sw design exists and opened at  C:/Users/andre/Projects/IEE2463-SEP-Proyecto-2-Z8/PS/vitis/design_1_wrapper/ps7_cortexa9_0/domain_ps7_cortexa9_0/bsp/system.mss
TRACE::2025-06-24.14:18:48::SCWWriter::formatted JSON is {
	"platformName":	"design_1_wrapper",
	"sprVersion":	"2.0",
	"mode":	"gui",
	"dsaType":	"Fixed",
	"platformDesc":	"design_1_wrapper",
	"platHandOff":	"C:/Users/andre/Projects/IEE2463-SEP-Proyecto-2-Z8/PS/vivado/Ps/design_1_wrapper.xsa",
	"platIntHandOff":	"<platformDir>/hw/design_1_wrapper.xsa",
	"deviceType":	"zynq",
	"platIsPrebuiltAutogen":	"false",
	"platIsNoBootBsp":	"false",
	"platFsblTarget":	"ps7_cortexa9_0",
	"hasFsblMakeHasChanges":	"false",
	"hasPmufwMakeHasChanges":	"false",
	"fsblExtraCompilerFlags":	"-MMD -MP       -mcpu=cortex-a9 -mfpu=vfpv3 -mfloat-abi=hard ",
	"platPreBuiltFlag":	false,
	"platformSamplesDir":	"",
	"platActiveSys":	"design_1_wrapper",
	"systems":	[{
			"systemName":	"design_1_wrapper",
			"systemDesc":	"design_1_wrapper",
			"sysIsBootAutoGen":	"true",
			"systemDispName":	"design_1_wrapper",
			"sysActiveDom":	"domain_ps7_cortexa9_0",
			"sysDefaultDom":	"domain_ps7_cortexa9_0",
			"domains":	[{
					"domainName":	"zynq_fsbl",
					"domainDispName":	"zynq_fsbl",
					"domainDesc":	"FSBL Application BSP - Auto Generated.",
					"processors":	"ps7_cortexa9_0",
					"os":	"standalone",
					"sdxOs":	"standalone",
					"debugEnable":	"",
					"domRuntimes":	["cpp"],
					"swRepo":	"",
					"mssOsVer":	"7.2",
					"mssFile":	"",
					"md5Digest":	"e4150e6453ef70755561bfa5cb30972d",
					"compatibleApp":	"zynq_fsbl",
					"domType":	"bootDomain",
					"arch":	"32-bit",
					"appSettings":	{
						"appCompilerFlags":	"",
						"appLinkerFlags":	""
					},
					"addedLibs":	["xilffs:4.3", "xilrsa:1.6"],
					"libOptions":	{
						"libsContainingOptions":	[]
					},
					"prebuiltLibs":	{
						"prebuiltIncPath":	[],
						"prebuiltLibPath":	[]
					},
					"isolation":	{
					}
				}, {
					"domainName":	"domain_ps7_cortexa9_0",
					"domainDispName":	"domain_ps7_cortexa9_0",
					"domainDesc":	"domain_ps7_cortexa9_0",
					"processors":	"ps7_cortexa9_0",
					"os":	"standalone",
					"sdxOs":	"standalone",
					"qemuArgs":	"C:/Xilinx/Vitis/2020.1/data/emulation/platforms/zynq/qemu/qemu_args.txt",
					"qemuData":	"C:/Xilinx/Vitis/2020.1/data/emulation/platforms/zynq/qemu/",
					"debugEnable":	"False",
					"domRuntimes":	["cpp"],
					"swRepo":	"",
					"mssOsVer":	"7.2",
					"mssFile":	"",
					"md5Digest":	"7610284c8612f6d6936a9aa955cad5ea",
					"compatibleApp":	"hello_world",
					"domType":	"mssDomain",
					"arch":	"32-bit",
					"appSettings":	{
						"appCompilerFlags":	"",
						"appLinkerFlags":	""
					},
					"addedLibs":	[],
					"libOptions":	{
						"libsContainingOptions":	[]
					},
					"prebuiltLibs":	{
						"prebuiltIncPath":	[],
						"prebuiltLibPath":	[]
					},
					"isolation":	{
					}
				}]
		}]
}
KEYINFO::2025-06-24.14:18:48::SCWPlatform::updated the xpfm file.
LOG::2025-06-24.14:43:45::SCWPlatform::Started generating the artifacts platform design_1_wrapper
TRACE::2025-06-24.14:43:45::SCWPlatform::Sanity checking of platform is completed
LOG::2025-06-24.14:43:45::SCWPlatform::Started generating the artifacts for system configuration design_1_wrapper
LOG::2025-06-24.14:43:45::SCWSystem::Checking the domain zynq_fsbl
LOG::2025-06-24.14:43:45::SCWSystem::Doing application build for :  zynq_fsbl
TRACE::2025-06-24.14:43:45::SCWBDomain::Not a forced makefile updation, No changes are present. 
TRACE::2025-06-24.14:43:45::SCWDomain::Building the domain as part of full build :  zynq_fsbl
TRACE::2025-06-24.14:43:45::SCWPlatform::Trying to open the hw design at C:/Users/andre/Projects/IEE2463-SEP-Proyecto-2-Z8/PS/vitis/design_1_wrapper/hw/design_1_wrapper.xsa
TRACE::2025-06-24.14:43:45::SCWPlatform::DSA given C:/Users/andre/Projects/IEE2463-SEP-Proyecto-2-Z8/PS/vitis/design_1_wrapper/hw/design_1_wrapper.xsa
TRACE::2025-06-24.14:43:45::SCWPlatform::DSA absoulate path C:/Users/andre/Projects/IEE2463-SEP-Proyecto-2-Z8/PS/vitis/design_1_wrapper/hw/design_1_wrapper.xsa
TRACE::2025-06-24.14:43:45::SCWPlatform::DSA directory C:/Users/andre/Projects/IEE2463-SEP-Proyecto-2-Z8/PS/vitis/design_1_wrapper/hw
TRACE::2025-06-24.14:43:45::SCWPlatform:: Platform Path C:/Users/andre/Projects/IEE2463-SEP-Proyecto-2-Z8/PS/vitis/design_1_wrapper/hw/design_1_wrapper.xsa
TRACE::2025-06-24.14:43:45::SCWPlatform:: Unique name xilinx:zybo-z7-10::0.0
TRACE::2025-06-24.14:43:45::SCWPlatform::Trying to set the existing hwdb with name design_1_wrapper_0
TRACE::2025-06-24.14:43:45::SCWPlatform::Opened existing hwdb design_1_wrapper_0
TRACE::2025-06-24.14:43:45::SCWPlatform::Found the Hw Db part of the input DSA
TRACE::2025-06-24.14:43:45::SCWMssOS::Checking the sw design at  C:/Users/andre/Projects/IEE2463-SEP-Proyecto-2-Z8/PS/vitis/design_1_wrapper/zynq_fsbl/zynq_fsbl_bsp/system.mss
TRACE::2025-06-24.14:43:45::SCWMssOS::DEBUG:  swdes dump  C:/Users/andre/Projects/IEE2463-SEP-Proyecto-2-Z8/PS/vitis/design_1_wrapper/ps7_cortexa9_0/domain_ps7_cortexa9_0/bsp/system.mss|system_0||
C:/Users/andre/Projects/IEE2463-SEP-Proyecto-2-Z8/PS/vitis/design_1_wrapper/zynq_fsbl/zynq_fsbl_bsp/system.mss|system||

TRACE::2025-06-24.14:43:45::SCWMssOS::Sw design exists and opened at  C:/Users/andre/Projects/IEE2463-SEP-Proyecto-2-Z8/PS/vitis/design_1_wrapper/zynq_fsbl/zynq_fsbl_bsp/system.mss
TRACE::2025-06-24.14:43:45::SCWBDomain::Completed writing the mss file at C:/Users/andre/Projects/IEE2463-SEP-Proyecto-2-Z8/PS/vitis/design_1_wrapper/zynq_fsbl/zynq_fsbl_bsp
TRACE::2025-06-24.14:43:45::SCWBDomain::bsp generated is upto date with the mss file. Skipping bsp generation.
TRACE::2025-06-24.14:43:45::SCWBDomain::Not a forced makefile updation, No changes are present. 
TRACE::2025-06-24.14:43:45::SCWBDomain::System Command Ran  C:&  cd  C:/Users/andre/Projects/IEE2463-SEP-Proyecto-2-Z8/PS/vitis/design_1_wrapper/zynq_fsbl & make 
TRACE::2025-06-24.14:43:45::SCWBDomain::make -C zynq_fsbl_bsp

TRACE::2025-06-24.14:43:45::SCWBDomain::make[1]: Entering directory 'C:/Users/andre/Projects/IEE2463-SEP-Proyecto-2-Z8/PS/vitis/design_1_wrapper/zynq_fsbl/zynq_fsbl_bs
TRACE::2025-06-24.14:43:45::SCWBDomain::p'

TRACE::2025-06-24.14:43:46::SCWBDomain::"Running Make include in ps7_cortexa9_0/libsrc/coresightps_dcc_v1_7/src"

TRACE::2025-06-24.14:43:46::SCWBDomain::make -C ps7_cortexa9_0/libsrc/coresightps_dcc_v1_7/src -s include  "SHELL=CMD" "COMPILER=arm-none-eabi-gcc" "ASSEMBLER=arm-none
TRACE::2025-06-24.14:43:46::SCWBDomain::-eabi-as" "ARCHIVER=arm-none-eabi-ar" "COMPILER_FLAGS=  -O2 -c" "EXTRA_COMPILER_FLAGS=-mcpu=cortex-a9 -mfpu=vfpv3 -mfloat-abi=h
TRACE::2025-06-24.14:43:46::SCWBDomain::ard -nostartfiles -g -Wall -Wextra"

TRACE::2025-06-24.14:43:46::SCWBDomain::make[2]: Entering directory 'C:/Users/andre/Projects/IEE2463-SEP-Proyecto-2-Z8/PS/vitis/design_1_wrapper/zynq_fsbl/zynq_fsbl_bs
TRACE::2025-06-24.14:43:46::SCWBDomain::p/ps7_cortexa9_0/libsrc/coresightps_dcc_v1_7/src'

TRACE::2025-06-24.14:43:46::SCWBDomain::make[2]: Leaving directory 'C:/Users/andre/Projects/IEE2463-SEP-Proyecto-2-Z8/PS/vitis/design_1_wrapper/zynq_fsbl/zynq_fsbl_bsp
TRACE::2025-06-24.14:43:46::SCWBDomain::/ps7_cortexa9_0/libsrc/coresightps_dcc_v1_7/src'

TRACE::2025-06-24.14:43:46::SCWBDomain::"Running Make include in ps7_cortexa9_0/libsrc/cpu_cortexa9_v2_9/src"

TRACE::2025-06-24.14:43:46::SCWBDomain::make -C ps7_cortexa9_0/libsrc/cpu_cortexa9_v2_9/src -s include  "SHELL=CMD" "COMPILER=arm-none-eabi-gcc" "ASSEMBLER=arm-none-ea
TRACE::2025-06-24.14:43:46::SCWBDomain::bi-as" "ARCHIVER=arm-none-eabi-ar" "COMPILER_FLAGS=  -O2 -c" "EXTRA_COMPILER_FLAGS=-mcpu=cortex-a9 -mfpu=vfpv3 -mfloat-abi=hard
TRACE::2025-06-24.14:43:46::SCWBDomain:: -nostartfiles -g -Wall -Wextra"

TRACE::2025-06-24.14:43:46::SCWBDomain::make[2]: Entering directory 'C:/Users/andre/Projects/IEE2463-SEP-Proyecto-2-Z8/PS/vitis/design_1_wrapper/zynq_fsbl/zynq_fsbl_bs
TRACE::2025-06-24.14:43:46::SCWBDomain::p/ps7_cortexa9_0/libsrc/cpu_cortexa9_v2_9/src'

TRACE::2025-06-24.14:43:46::SCWBDomain::make[2]: Leaving directory 'C:/Users/andre/Projects/IEE2463-SEP-Proyecto-2-Z8/PS/vitis/design_1_wrapper/zynq_fsbl/zynq_fsbl_bsp
TRACE::2025-06-24.14:43:46::SCWBDomain::/ps7_cortexa9_0/libsrc/cpu_cortexa9_v2_9/src'

TRACE::2025-06-24.14:43:46::SCWBDomain::"Running Make include in ps7_cortexa9_0/libsrc/ddrps_v1_1/src"

TRACE::2025-06-24.14:43:46::SCWBDomain::make -C ps7_cortexa9_0/libsrc/ddrps_v1_1/src -s include  "SHELL=CMD" "COMPILER=arm-none-eabi-gcc" "ASSEMBLER=arm-none-eabi-as" 
TRACE::2025-06-24.14:43:46::SCWBDomain::"ARCHIVER=arm-none-eabi-ar" "COMPILER_FLAGS=  -O2 -c" "EXTRA_COMPILER_FLAGS=-mcpu=cortex-a9 -mfpu=vfpv3 -mfloat-abi=hard -nosta
TRACE::2025-06-24.14:43:46::SCWBDomain::rtfiles -g -Wall -Wextra"

TRACE::2025-06-24.14:43:46::SCWBDomain::make[2]: Entering directory 'C:/Users/andre/Projects/IEE2463-SEP-Proyecto-2-Z8/PS/vitis/design_1_wrapper/zynq_fsbl/zynq_fsbl_bs
TRACE::2025-06-24.14:43:46::SCWBDomain::p/ps7_cortexa9_0/libsrc/ddrps_v1_1/src'

TRACE::2025-06-24.14:43:46::SCWBDomain::make[2]: Leaving directory 'C:/Users/andre/Projects/IEE2463-SEP-Proyecto-2-Z8/PS/vitis/design_1_wrapper/zynq_fsbl/zynq_fsbl_bsp
TRACE::2025-06-24.14:43:46::SCWBDomain::/ps7_cortexa9_0/libsrc/ddrps_v1_1/src'

TRACE::2025-06-24.14:43:46::SCWBDomain::"Running Make include in ps7_cortexa9_0/libsrc/devcfg_v3_6/src"

TRACE::2025-06-24.14:43:46::SCWBDomain::make -C ps7_cortexa9_0/libsrc/devcfg_v3_6/src -s include  "SHELL=CMD" "COMPILER=arm-none-eabi-gcc" "ASSEMBLER=arm-none-eabi-as"
TRACE::2025-06-24.14:43:46::SCWBDomain:: "ARCHIVER=arm-none-eabi-ar" "COMPILER_FLAGS=  -O2 -c" "EXTRA_COMPILER_FLAGS=-mcpu=cortex-a9 -mfpu=vfpv3 -mfloat-abi=hard -nost
TRACE::2025-06-24.14:43:46::SCWBDomain::artfiles -g -Wall -Wextra"

TRACE::2025-06-24.14:43:46::SCWBDomain::make[2]: Entering directory 'C:/Users/andre/Projects/IEE2463-SEP-Proyecto-2-Z8/PS/vitis/design_1_wrapper/zynq_fsbl/zynq_fsbl_bs
TRACE::2025-06-24.14:43:46::SCWBDomain::p/ps7_cortexa9_0/libsrc/devcfg_v3_6/src'

TRACE::2025-06-24.14:43:46::SCWBDomain::make[2]: Leaving directory 'C:/Users/andre/Projects/IEE2463-SEP-Proyecto-2-Z8/PS/vitis/design_1_wrapper/zynq_fsbl/zynq_fsbl_bsp
TRACE::2025-06-24.14:43:46::SCWBDomain::/ps7_cortexa9_0/libsrc/devcfg_v3_6/src'

TRACE::2025-06-24.14:43:46::SCWBDomain::"Running Make include in ps7_cortexa9_0/libsrc/dmaps_v2_6/src"

TRACE::2025-06-24.14:43:46::SCWBDomain::make -C ps7_cortexa9_0/libsrc/dmaps_v2_6/src -s include  "SHELL=CMD" "COMPILER=arm-none-eabi-gcc" "ASSEMBLER=arm-none-eabi-as" 
TRACE::2025-06-24.14:43:46::SCWBDomain::"ARCHIVER=arm-none-eabi-ar" "COMPILER_FLAGS=  -O2 -c" "EXTRA_COMPILER_FLAGS=-mcpu=cortex-a9 -mfpu=vfpv3 -mfloat-abi=hard -nosta
TRACE::2025-06-24.14:43:46::SCWBDomain::rtfiles -g -Wall -Wextra"

TRACE::2025-06-24.14:43:46::SCWBDomain::make[2]: Entering directory 'C:/Users/andre/Projects/IEE2463-SEP-Proyecto-2-Z8/PS/vitis/design_1_wrapper/zynq_fsbl/zynq_fsbl_bs
TRACE::2025-06-24.14:43:46::SCWBDomain::p/ps7_cortexa9_0/libsrc/dmaps_v2_6/src'

TRACE::2025-06-24.14:43:46::SCWBDomain::make[2]: Leaving directory 'C:/Users/andre/Projects/IEE2463-SEP-Proyecto-2-Z8/PS/vitis/design_1_wrapper/zynq_fsbl/zynq_fsbl_bsp
TRACE::2025-06-24.14:43:46::SCWBDomain::/ps7_cortexa9_0/libsrc/dmaps_v2_6/src'

TRACE::2025-06-24.14:43:46::SCWBDomain::"Running Make include in ps7_cortexa9_0/libsrc/emacps_v3_11/src"

TRACE::2025-06-24.14:43:46::SCWBDomain::make -C ps7_cortexa9_0/libsrc/emacps_v3_11/src -s include  "SHELL=CMD" "COMPILER=arm-none-eabi-gcc" "ASSEMBLER=arm-none-eabi-as
TRACE::2025-06-24.14:43:46::SCWBDomain::" "ARCHIVER=arm-none-eabi-ar" "COMPILER_FLAGS=  -O2 -c" "EXTRA_COMPILER_FLAGS=-mcpu=cortex-a9 -mfpu=vfpv3 -mfloat-abi=hard -nos
TRACE::2025-06-24.14:43:46::SCWBDomain::tartfiles -g -Wall -Wextra"

TRACE::2025-06-24.14:43:46::SCWBDomain::make[2]: Entering directory 'C:/Users/andre/Projects/IEE2463-SEP-Proyecto-2-Z8/PS/vitis/design_1_wrapper/zynq_fsbl/zynq_fsbl_bs
TRACE::2025-06-24.14:43:46::SCWBDomain::p/ps7_cortexa9_0/libsrc/emacps_v3_11/src'

TRACE::2025-06-24.14:43:47::SCWBDomain::make[2]: Leaving directory 'C:/Users/andre/Projects/IEE2463-SEP-Proyecto-2-Z8/PS/vitis/design_1_wrapper/zynq_fsbl/zynq_fsbl_bsp
TRACE::2025-06-24.14:43:47::SCWBDomain::/ps7_cortexa9_0/libsrc/emacps_v3_11/src'

TRACE::2025-06-24.14:43:47::SCWBDomain::"Running Make include in ps7_cortexa9_0/libsrc/gpiops_v3_7/src"

TRACE::2025-06-24.14:43:47::SCWBDomain::make -C ps7_cortexa9_0/libsrc/gpiops_v3_7/src -s include  "SHELL=CMD" "COMPILER=arm-none-eabi-gcc" "ASSEMBLER=arm-none-eabi-as"
TRACE::2025-06-24.14:43:47::SCWBDomain:: "ARCHIVER=arm-none-eabi-ar" "COMPILER_FLAGS=  -O2 -c" "EXTRA_COMPILER_FLAGS=-mcpu=cortex-a9 -mfpu=vfpv3 -mfloat-abi=hard -nost
TRACE::2025-06-24.14:43:47::SCWBDomain::artfiles -g -Wall -Wextra"

TRACE::2025-06-24.14:43:47::SCWBDomain::make[2]: Entering directory 'C:/Users/andre/Projects/IEE2463-SEP-Proyecto-2-Z8/PS/vitis/design_1_wrapper/zynq_fsbl/zynq_fsbl_bs
TRACE::2025-06-24.14:43:47::SCWBDomain::p/ps7_cortexa9_0/libsrc/gpiops_v3_7/src'

TRACE::2025-06-24.14:43:47::SCWBDomain::make[2]: Leaving directory 'C:/Users/andre/Projects/IEE2463-SEP-Proyecto-2-Z8/PS/vitis/design_1_wrapper/zynq_fsbl/zynq_fsbl_bsp
TRACE::2025-06-24.14:43:47::SCWBDomain::/ps7_cortexa9_0/libsrc/gpiops_v3_7/src'

TRACE::2025-06-24.14:43:47::SCWBDomain::"Running Make include in ps7_cortexa9_0/libsrc/gpio_v4_6/src"

TRACE::2025-06-24.14:43:47::SCWBDomain::make -C ps7_cortexa9_0/libsrc/gpio_v4_6/src -s include  "SHELL=CMD" "COMPILER=arm-none-eabi-gcc" "ASSEMBLER=arm-none-eabi-as" "
TRACE::2025-06-24.14:43:47::SCWBDomain::ARCHIVER=arm-none-eabi-ar" "COMPILER_FLAGS=  -O2 -c" "EXTRA_COMPILER_FLAGS=-mcpu=cortex-a9 -mfpu=vfpv3 -mfloat-abi=hard -nostar
TRACE::2025-06-24.14:43:47::SCWBDomain::tfiles -g -Wall -Wextra"

TRACE::2025-06-24.14:43:47::SCWBDomain::make[2]: Entering directory 'C:/Users/andre/Projects/IEE2463-SEP-Proyecto-2-Z8/PS/vitis/design_1_wrapper/zynq_fsbl/zynq_fsbl_bs
TRACE::2025-06-24.14:43:47::SCWBDomain::p/ps7_cortexa9_0/libsrc/gpio_v4_6/src'

TRACE::2025-06-24.14:43:47::SCWBDomain::make[2]: Leaving directory 'C:/Users/andre/Projects/IEE2463-SEP-Proyecto-2-Z8/PS/vitis/design_1_wrapper/zynq_fsbl/zynq_fsbl_bsp
TRACE::2025-06-24.14:43:47::SCWBDomain::/ps7_cortexa9_0/libsrc/gpio_v4_6/src'

TRACE::2025-06-24.14:43:47::SCWBDomain::"Running Make include in ps7_cortexa9_0/libsrc/qspips_v3_7/src"

TRACE::2025-06-24.14:43:47::SCWBDomain::make -C ps7_cortexa9_0/libsrc/qspips_v3_7/src -s include  "SHELL=CMD" "COMPILER=arm-none-eabi-gcc" "ASSEMBLER=arm-none-eabi-as"
TRACE::2025-06-24.14:43:47::SCWBDomain:: "ARCHIVER=arm-none-eabi-ar" "COMPILER_FLAGS=  -O2 -c" "EXTRA_COMPILER_FLAGS=-mcpu=cortex-a9 -mfpu=vfpv3 -mfloat-abi=hard -nost
TRACE::2025-06-24.14:43:47::SCWBDomain::artfiles -g -Wall -Wextra"

TRACE::2025-06-24.14:43:47::SCWBDomain::make[2]: Entering directory 'C:/Users/andre/Projects/IEE2463-SEP-Proyecto-2-Z8/PS/vitis/design_1_wrapper/zynq_fsbl/zynq_fsbl_bs
TRACE::2025-06-24.14:43:47::SCWBDomain::p/ps7_cortexa9_0/libsrc/qspips_v3_7/src'

TRACE::2025-06-24.14:43:48::SCWBDomain::make[2]: Leaving directory 'C:/Users/andre/Projects/IEE2463-SEP-Proyecto-2-Z8/PS/vitis/design_1_wrapper/zynq_fsbl/zynq_fsbl_bsp
TRACE::2025-06-24.14:43:48::SCWBDomain::/ps7_cortexa9_0/libsrc/qspips_v3_7/src'

TRACE::2025-06-24.14:43:48::SCWBDomain::"Running Make include in ps7_cortexa9_0/libsrc/scugic_v4_2/src"

TRACE::2025-06-24.14:43:48::SCWBDomain::make -C ps7_cortexa9_0/libsrc/scugic_v4_2/src -s include  "SHELL=CMD" "COMPILER=arm-none-eabi-gcc" "ASSEMBLER=arm-none-eabi-as"
TRACE::2025-06-24.14:43:48::SCWBDomain:: "ARCHIVER=arm-none-eabi-ar" "COMPILER_FLAGS=  -O2 -c" "EXTRA_COMPILER_FLAGS=-mcpu=cortex-a9 -mfpu=vfpv3 -mfloat-abi=hard -nost
TRACE::2025-06-24.14:43:48::SCWBDomain::artfiles -g -Wall -Wextra"

TRACE::2025-06-24.14:43:48::SCWBDomain::make[2]: Entering directory 'C:/Users/andre/Projects/IEE2463-SEP-Proyecto-2-Z8/PS/vitis/design_1_wrapper/zynq_fsbl/zynq_fsbl_bs
TRACE::2025-06-24.14:43:48::SCWBDomain::p/ps7_cortexa9_0/libsrc/scugic_v4_2/src'

TRACE::2025-06-24.14:43:48::SCWBDomain::make[2]: Leaving directory 'C:/Users/andre/Projects/IEE2463-SEP-Proyecto-2-Z8/PS/vitis/design_1_wrapper/zynq_fsbl/zynq_fsbl_bsp
TRACE::2025-06-24.14:43:48::SCWBDomain::/ps7_cortexa9_0/libsrc/scugic_v4_2/src'

TRACE::2025-06-24.14:43:48::SCWBDomain::"Running Make include in ps7_cortexa9_0/libsrc/scutimer_v2_2/src"

TRACE::2025-06-24.14:43:48::SCWBDomain::make -C ps7_cortexa9_0/libsrc/scutimer_v2_2/src -s include  "SHELL=CMD" "COMPILER=arm-none-eabi-gcc" "ASSEMBLER=arm-none-eabi-a
TRACE::2025-06-24.14:43:48::SCWBDomain::s" "ARCHIVER=arm-none-eabi-ar" "COMPILER_FLAGS=  -O2 -c" "EXTRA_COMPILER_FLAGS=-mcpu=cortex-a9 -mfpu=vfpv3 -mfloat-abi=hard -no
TRACE::2025-06-24.14:43:48::SCWBDomain::startfiles -g -Wall -Wextra"

TRACE::2025-06-24.14:43:48::SCWBDomain::make[2]: Entering directory 'C:/Users/andre/Projects/IEE2463-SEP-Proyecto-2-Z8/PS/vitis/design_1_wrapper/zynq_fsbl/zynq_fsbl_bs
TRACE::2025-06-24.14:43:48::SCWBDomain::p/ps7_cortexa9_0/libsrc/scutimer_v2_2/src'

TRACE::2025-06-24.14:43:48::SCWBDomain::make[2]: Leaving directory 'C:/Users/andre/Projects/IEE2463-SEP-Proyecto-2-Z8/PS/vitis/design_1_wrapper/zynq_fsbl/zynq_fsbl_bsp
TRACE::2025-06-24.14:43:48::SCWBDomain::/ps7_cortexa9_0/libsrc/scutimer_v2_2/src'

TRACE::2025-06-24.14:43:49::SCWBDomain::"Running Make include in ps7_cortexa9_0/libsrc/scuwdt_v2_2/src"

TRACE::2025-06-24.14:43:49::SCWBDomain::make -C ps7_cortexa9_0/libsrc/scuwdt_v2_2/src -s include  "SHELL=CMD" "COMPILER=arm-none-eabi-gcc" "ASSEMBLER=arm-none-eabi-as"
TRACE::2025-06-24.14:43:49::SCWBDomain:: "ARCHIVER=arm-none-eabi-ar" "COMPILER_FLAGS=  -O2 -c" "EXTRA_COMPILER_FLAGS=-mcpu=cortex-a9 -mfpu=vfpv3 -mfloat-abi=hard -nost
TRACE::2025-06-24.14:43:49::SCWBDomain::artfiles -g -Wall -Wextra"

TRACE::2025-06-24.14:43:49::SCWBDomain::make[2]: Entering directory 'C:/Users/andre/Projects/IEE2463-SEP-Proyecto-2-Z8/PS/vitis/design_1_wrapper/zynq_fsbl/zynq_fsbl_bs
TRACE::2025-06-24.14:43:49::SCWBDomain::p/ps7_cortexa9_0/libsrc/scuwdt_v2_2/src'

TRACE::2025-06-24.14:43:49::SCWBDomain::make[2]: Leaving directory 'C:/Users/andre/Projects/IEE2463-SEP-Proyecto-2-Z8/PS/vitis/design_1_wrapper/zynq_fsbl/zynq_fsbl_bsp
TRACE::2025-06-24.14:43:49::SCWBDomain::/ps7_cortexa9_0/libsrc/scuwdt_v2_2/src'

TRACE::2025-06-24.14:43:49::SCWBDomain::"Running Make include in ps7_cortexa9_0/libsrc/sdps_v3_9/src"

TRACE::2025-06-24.14:43:49::SCWBDomain::make -C ps7_cortexa9_0/libsrc/sdps_v3_9/src -s include  "SHELL=CMD" "COMPILER=arm-none-eabi-gcc" "ASSEMBLER=arm-none-eabi-as" "
TRACE::2025-06-24.14:43:49::SCWBDomain::ARCHIVER=arm-none-eabi-ar" "COMPILER_FLAGS=  -O2 -c" "EXTRA_COMPILER_FLAGS=-mcpu=cortex-a9 -mfpu=vfpv3 -mfloat-abi=hard -nostar
TRACE::2025-06-24.14:43:49::SCWBDomain::tfiles -g -Wall -Wextra"

TRACE::2025-06-24.14:43:49::SCWBDomain::make[2]: Entering directory 'C:/Users/andre/Projects/IEE2463-SEP-Proyecto-2-Z8/PS/vitis/design_1_wrapper/zynq_fsbl/zynq_fsbl_bs
TRACE::2025-06-24.14:43:49::SCWBDomain::p/ps7_cortexa9_0/libsrc/sdps_v3_9/src'

TRACE::2025-06-24.14:43:49::SCWBDomain::make[2]: Leaving directory 'C:/Users/andre/Projects/IEE2463-SEP-Proyecto-2-Z8/PS/vitis/design_1_wrapper/zynq_fsbl/zynq_fsbl_bsp
TRACE::2025-06-24.14:43:49::SCWBDomain::/ps7_cortexa9_0/libsrc/sdps_v3_9/src'

TRACE::2025-06-24.14:43:49::SCWBDomain::"Running Make include in ps7_cortexa9_0/libsrc/standalone_v7_2/src"

TRACE::2025-06-24.14:43:49::SCWBDomain::make -C ps7_cortexa9_0/libsrc/standalone_v7_2/src -s include  "SHELL=CMD" "COMPILER=arm-none-eabi-gcc" "ASSEMBLER=arm-none-eabi
TRACE::2025-06-24.14:43:49::SCWBDomain::-as" "ARCHIVER=arm-none-eabi-ar" "COMPILER_FLAGS=  -O2 -c" "EXTRA_COMPILER_FLAGS=-mcpu=cortex-a9 -mfpu=vfpv3 -mfloat-abi=hard -
TRACE::2025-06-24.14:43:49::SCWBDomain::nostartfiles -g -Wall -Wextra"

TRACE::2025-06-24.14:43:49::SCWBDomain::make[2]: Entering directory 'C:/Users/andre/Projects/IEE2463-SEP-Proyecto-2-Z8/PS/vitis/design_1_wrapper/zynq_fsbl/zynq_fsbl_bs
TRACE::2025-06-24.14:43:49::SCWBDomain::p/ps7_cortexa9_0/libsrc/standalone_v7_2/src'

TRACE::2025-06-24.14:43:51::SCWBDomain::make[3]: Entering directory 'C:/Users/andre/Projects/IEE2463-SEP-Proyecto-2-Z8/PS/vitis/design_1_wrapper/zynq_fsbl/zynq_fsbl_bs
TRACE::2025-06-24.14:43:51::SCWBDomain::p/ps7_cortexa9_0/libsrc/standalone_v7_2/src/profile'

TRACE::2025-06-24.14:43:51::SCWBDomain::make[3]: Leaving directory 'C:/Users/andre/Projects/IEE2463-SEP-Proyecto-2-Z8/PS/vitis/design_1_wrapper/zynq_fsbl/zynq_fsbl_bsp
TRACE::2025-06-24.14:43:51::SCWBDomain::/ps7_cortexa9_0/libsrc/standalone_v7_2/src/profile'

TRACE::2025-06-24.14:43:51::SCWBDomain::make[2]: Leaving directory 'C:/Users/andre/Projects/IEE2463-SEP-Proyecto-2-Z8/PS/vitis/design_1_wrapper/zynq_fsbl/zynq_fsbl_bsp
TRACE::2025-06-24.14:43:51::SCWBDomain::/ps7_cortexa9_0/libsrc/standalone_v7_2/src'

TRACE::2025-06-24.14:43:51::SCWBDomain::"Running Make include in ps7_cortexa9_0/libsrc/uartps_v3_9/src"

TRACE::2025-06-24.14:43:51::SCWBDomain::make -C ps7_cortexa9_0/libsrc/uartps_v3_9/src -s include  "SHELL=CMD" "COMPILER=arm-none-eabi-gcc" "ASSEMBLER=arm-none-eabi-as"
TRACE::2025-06-24.14:43:51::SCWBDomain:: "ARCHIVER=arm-none-eabi-ar" "COMPILER_FLAGS=  -O2 -c" "EXTRA_COMPILER_FLAGS=-mcpu=cortex-a9 -mfpu=vfpv3 -mfloat-abi=hard -nost
TRACE::2025-06-24.14:43:51::SCWBDomain::artfiles -g -Wall -Wextra"

TRACE::2025-06-24.14:43:52::SCWBDomain::make[2]: Entering directory 'C:/Users/andre/Projects/IEE2463-SEP-Proyecto-2-Z8/PS/vitis/design_1_wrapper/zynq_fsbl/zynq_fsbl_bs
TRACE::2025-06-24.14:43:52::SCWBDomain::p/ps7_cortexa9_0/libsrc/uartps_v3_9/src'

TRACE::2025-06-24.14:43:52::SCWBDomain::make[2]: Leaving directory 'C:/Users/andre/Projects/IEE2463-SEP-Proyecto-2-Z8/PS/vitis/design_1_wrapper/zynq_fsbl/zynq_fsbl_bsp
TRACE::2025-06-24.14:43:52::SCWBDomain::/ps7_cortexa9_0/libsrc/uartps_v3_9/src'

TRACE::2025-06-24.14:43:52::SCWBDomain::"Running Make include in ps7_cortexa9_0/libsrc/usbps_v2_5/src"

TRACE::2025-06-24.14:43:52::SCWBDomain::make -C ps7_cortexa9_0/libsrc/usbps_v2_5/src -s include  "SHELL=CMD" "COMPILER=arm-none-eabi-gcc" "ASSEMBLER=arm-none-eabi-as" 
TRACE::2025-06-24.14:43:52::SCWBDomain::"ARCHIVER=arm-none-eabi-ar" "COMPILER_FLAGS=  -O2 -c" "EXTRA_COMPILER_FLAGS=-mcpu=cortex-a9 -mfpu=vfpv3 -mfloat-abi=hard -nosta
TRACE::2025-06-24.14:43:52::SCWBDomain::rtfiles -g -Wall -Wextra"

TRACE::2025-06-24.14:43:52::SCWBDomain::make[2]: Entering directory 'C:/Users/andre/Projects/IEE2463-SEP-Proyecto-2-Z8/PS/vitis/design_1_wrapper/zynq_fsbl/zynq_fsbl_bs
TRACE::2025-06-24.14:43:52::SCWBDomain::p/ps7_cortexa9_0/libsrc/usbps_v2_5/src'

TRACE::2025-06-24.14:43:53::SCWBDomain::make[2]: Leaving directory 'C:/Users/andre/Projects/IEE2463-SEP-Proyecto-2-Z8/PS/vitis/design_1_wrapper/zynq_fsbl/zynq_fsbl_bsp
TRACE::2025-06-24.14:43:53::SCWBDomain::/ps7_cortexa9_0/libsrc/usbps_v2_5/src'

TRACE::2025-06-24.14:43:54::SCWBDomain::"Running Make include in ps7_cortexa9_0/libsrc/xadcps_v2_4/src"

TRACE::2025-06-24.14:43:54::SCWBDomain::make -C ps7_cortexa9_0/libsrc/xadcps_v2_4/src -s include  "SHELL=CMD" "COMPILER=arm-none-eabi-gcc" "ASSEMBLER=arm-none-eabi-as"
TRACE::2025-06-24.14:43:54::SCWBDomain:: "ARCHIVER=arm-none-eabi-ar" "COMPILER_FLAGS=  -O2 -c" "EXTRA_COMPILER_FLAGS=-mcpu=cortex-a9 -mfpu=vfpv3 -mfloat-abi=hard -nost
TRACE::2025-06-24.14:43:54::SCWBDomain::artfiles -g -Wall -Wextra"

TRACE::2025-06-24.14:43:54::SCWBDomain::make[2]: Entering directory 'C:/Users/andre/Projects/IEE2463-SEP-Proyecto-2-Z8/PS/vitis/design_1_wrapper/zynq_fsbl/zynq_fsbl_bs
TRACE::2025-06-24.14:43:54::SCWBDomain::p/ps7_cortexa9_0/libsrc/xadcps_v2_4/src'

TRACE::2025-06-24.14:43:54::SCWBDomain::make[2]: Leaving directory 'C:/Users/andre/Projects/IEE2463-SEP-Proyecto-2-Z8/PS/vitis/design_1_wrapper/zynq_fsbl/zynq_fsbl_bsp
TRACE::2025-06-24.14:43:54::SCWBDomain::/ps7_cortexa9_0/libsrc/xadcps_v2_4/src'

TRACE::2025-06-24.14:43:54::SCWBDomain::"Running Make include in ps7_cortexa9_0/libsrc/xilffs_v4_3/src"

TRACE::2025-06-24.14:43:54::SCWBDomain::make -C ps7_cortexa9_0/libsrc/xilffs_v4_3/src -s include  "SHELL=CMD" "COMPILER=arm-none-eabi-gcc" "ASSEMBLER=arm-none-eabi-as"
TRACE::2025-06-24.14:43:54::SCWBDomain:: "ARCHIVER=arm-none-eabi-ar" "COMPILER_FLAGS=  -O2 -c" "EXTRA_COMPILER_FLAGS=-mcpu=cortex-a9 -mfpu=vfpv3 -mfloat-abi=hard -nost
TRACE::2025-06-24.14:43:54::SCWBDomain::artfiles -g -Wall -Wextra"

TRACE::2025-06-24.14:43:54::SCWBDomain::make[2]: Entering directory 'C:/Users/andre/Projects/IEE2463-SEP-Proyecto-2-Z8/PS/vitis/design_1_wrapper/zynq_fsbl/zynq_fsbl_bs
TRACE::2025-06-24.14:43:54::SCWBDomain::p/ps7_cortexa9_0/libsrc/xilffs_v4_3/src'

TRACE::2025-06-24.14:43:55::SCWBDomain::make[2]: Leaving directory 'C:/Users/andre/Projects/IEE2463-SEP-Proyecto-2-Z8/PS/vitis/design_1_wrapper/zynq_fsbl/zynq_fsbl_bsp
TRACE::2025-06-24.14:43:55::SCWBDomain::/ps7_cortexa9_0/libsrc/xilffs_v4_3/src'

TRACE::2025-06-24.14:43:55::SCWBDomain::"Running Make include in ps7_cortexa9_0/libsrc/xilrsa_v1_6/src"

TRACE::2025-06-24.14:43:55::SCWBDomain::make -C ps7_cortexa9_0/libsrc/xilrsa_v1_6/src -s include  "SHELL=CMD" "COMPILER=arm-none-eabi-gcc" "ASSEMBLER=arm-none-eabi-as"
TRACE::2025-06-24.14:43:55::SCWBDomain:: "ARCHIVER=arm-none-eabi-ar" "COMPILER_FLAGS=  -O2 -c" "EXTRA_COMPILER_FLAGS=-mcpu=cortex-a9 -mfpu=vfpv3 -mfloat-abi=hard -nost
TRACE::2025-06-24.14:43:55::SCWBDomain::artfiles -g -Wall -Wextra"

TRACE::2025-06-24.14:43:55::SCWBDomain::make[2]: Entering directory 'C:/Users/andre/Projects/IEE2463-SEP-Proyecto-2-Z8/PS/vitis/design_1_wrapper/zynq_fsbl/zynq_fsbl_bs
TRACE::2025-06-24.14:43:55::SCWBDomain::p/ps7_cortexa9_0/libsrc/xilrsa_v1_6/src'

TRACE::2025-06-24.14:43:55::SCWBDomain::make[2]: Leaving directory 'C:/Users/andre/Projects/IEE2463-SEP-Proyecto-2-Z8/PS/vitis/design_1_wrapper/zynq_fsbl/zynq_fsbl_bsp
TRACE::2025-06-24.14:43:55::SCWBDomain::/ps7_cortexa9_0/libsrc/xilrsa_v1_6/src'

TRACE::2025-06-24.14:43:55::SCWBDomain::"Running Make libs in ps7_cortexa9_0/libsrc/coresightps_dcc_v1_7/src"

TRACE::2025-06-24.14:43:55::SCWBDomain::make -C ps7_cortexa9_0/libsrc/coresightps_dcc_v1_7/src -s libs  "SHELL=CMD" "COMPILER=arm-none-eabi-gcc" "ASSEMBLER=arm-none-ea
TRACE::2025-06-24.14:43:55::SCWBDomain::bi-as" "ARCHIVER=arm-none-eabi-ar" "COMPILER_FLAGS=  -O2 -c" "EXTRA_COMPILER_FLAGS=-mcpu=cortex-a9 -mfpu=vfpv3 -mfloat-abi=hard
TRACE::2025-06-24.14:43:55::SCWBDomain:: -nostartfiles -g -Wall -Wextra"

TRACE::2025-06-24.14:43:55::SCWBDomain::make[2]: Entering directory 'C:/Users/andre/Projects/IEE2463-SEP-Proyecto-2-Z8/PS/vitis/design_1_wrapper/zynq_fsbl/zynq_fsbl_bs
TRACE::2025-06-24.14:43:55::SCWBDomain::p/ps7_cortexa9_0/libsrc/coresightps_dcc_v1_7/src'

TRACE::2025-06-24.14:43:56::SCWBDomain::"Compiling coresightps_dcc"

TRACE::2025-06-24.14:43:57::SCWBDomain::make[2]: Leaving directory 'C:/Users/andre/Projects/IEE2463-SEP-Proyecto-2-Z8/PS/vitis/design_1_wrapper/zynq_fsbl/zynq_fsbl_bsp
TRACE::2025-06-24.14:43:57::SCWBDomain::/ps7_cortexa9_0/libsrc/coresightps_dcc_v1_7/src'

TRACE::2025-06-24.14:43:57::SCWBDomain::"Running Make libs in ps7_cortexa9_0/libsrc/cpu_cortexa9_v2_9/src"

TRACE::2025-06-24.14:43:57::SCWBDomain::make -C ps7_cortexa9_0/libsrc/cpu_cortexa9_v2_9/src -s libs  "SHELL=CMD" "COMPILER=arm-none-eabi-gcc" "ASSEMBLER=arm-none-eabi-
TRACE::2025-06-24.14:43:57::SCWBDomain::as" "ARCHIVER=arm-none-eabi-ar" "COMPILER_FLAGS=  -O2 -c" "EXTRA_COMPILER_FLAGS=-mcpu=cortex-a9 -mfpu=vfpv3 -mfloat-abi=hard -n
TRACE::2025-06-24.14:43:57::SCWBDomain::ostartfiles -g -Wall -Wextra"

TRACE::2025-06-24.14:43:57::SCWBDomain::make[2]: Entering directory 'C:/Users/andre/Projects/IEE2463-SEP-Proyecto-2-Z8/PS/vitis/design_1_wrapper/zynq_fsbl/zynq_fsbl_bs
TRACE::2025-06-24.14:43:57::SCWBDomain::p/ps7_cortexa9_0/libsrc/cpu_cortexa9_v2_9/src'

TRACE::2025-06-24.14:43:57::SCWBDomain::"Compiling cpu_cortexa9"

TRACE::2025-06-24.14:43:57::SCWBDomain::make[2]: Leaving directory 'C:/Users/andre/Projects/IEE2463-SEP-Proyecto-2-Z8/PS/vitis/design_1_wrapper/zynq_fsbl/zynq_fsbl_bsp
TRACE::2025-06-24.14:43:57::SCWBDomain::/ps7_cortexa9_0/libsrc/cpu_cortexa9_v2_9/src'

TRACE::2025-06-24.14:43:58::SCWBDomain::"Running Make libs in ps7_cortexa9_0/libsrc/ddrps_v1_1/src"

TRACE::2025-06-24.14:43:58::SCWBDomain::make -C ps7_cortexa9_0/libsrc/ddrps_v1_1/src -s libs  "SHELL=CMD" "COMPILER=arm-none-eabi-gcc" "ASSEMBLER=arm-none-eabi-as" "AR
TRACE::2025-06-24.14:43:58::SCWBDomain::CHIVER=arm-none-eabi-ar" "COMPILER_FLAGS=  -O2 -c" "EXTRA_COMPILER_FLAGS=-mcpu=cortex-a9 -mfpu=vfpv3 -mfloat-abi=hard -nostartf
TRACE::2025-06-24.14:43:58::SCWBDomain::iles -g -Wall -Wextra"

TRACE::2025-06-24.14:43:58::SCWBDomain::make[2]: Entering directory 'C:/Users/andre/Projects/IEE2463-SEP-Proyecto-2-Z8/PS/vitis/design_1_wrapper/zynq_fsbl/zynq_fsbl_bs
TRACE::2025-06-24.14:43:58::SCWBDomain::p/ps7_cortexa9_0/libsrc/ddrps_v1_1/src'

TRACE::2025-06-24.14:43:58::SCWBDomain::"Compiling ddrps"

TRACE::2025-06-24.14:43:58::SCWBDomain::make[2]: Leaving directory 'C:/Users/andre/Projects/IEE2463-SEP-Proyecto-2-Z8/PS/vitis/design_1_wrapper/zynq_fsbl/zynq_fsbl_bsp
TRACE::2025-06-24.14:43:58::SCWBDomain::/ps7_cortexa9_0/libsrc/ddrps_v1_1/src'

TRACE::2025-06-24.14:43:58::SCWBDomain::"Running Make libs in ps7_cortexa9_0/libsrc/devcfg_v3_6/src"

TRACE::2025-06-24.14:43:58::SCWBDomain::make -C ps7_cortexa9_0/libsrc/devcfg_v3_6/src -s libs  "SHELL=CMD" "COMPILER=arm-none-eabi-gcc" "ASSEMBLER=arm-none-eabi-as" "A
TRACE::2025-06-24.14:43:58::SCWBDomain::RCHIVER=arm-none-eabi-ar" "COMPILER_FLAGS=  -O2 -c" "EXTRA_COMPILER_FLAGS=-mcpu=cortex-a9 -mfpu=vfpv3 -mfloat-abi=hard -nostart
TRACE::2025-06-24.14:43:58::SCWBDomain::files -g -Wall -Wextra"

TRACE::2025-06-24.14:43:58::SCWBDomain::make[2]: Entering directory 'C:/Users/andre/Projects/IEE2463-SEP-Proyecto-2-Z8/PS/vitis/design_1_wrapper/zynq_fsbl/zynq_fsbl_bs
TRACE::2025-06-24.14:43:58::SCWBDomain::p/ps7_cortexa9_0/libsrc/devcfg_v3_6/src'

TRACE::2025-06-24.14:43:59::SCWBDomain::"Compiling devcfg"

TRACE::2025-06-24.14:44:02::SCWBDomain::make[2]: Leaving directory 'C:/Users/andre/Projects/IEE2463-SEP-Proyecto-2-Z8/PS/vitis/design_1_wrapper/zynq_fsbl/zynq_fsbl_bsp
TRACE::2025-06-24.14:44:02::SCWBDomain::/ps7_cortexa9_0/libsrc/devcfg_v3_6/src'

TRACE::2025-06-24.14:44:02::SCWBDomain::"Running Make libs in ps7_cortexa9_0/libsrc/dmaps_v2_6/src"

TRACE::2025-06-24.14:44:02::SCWBDomain::make -C ps7_cortexa9_0/libsrc/dmaps_v2_6/src -s libs  "SHELL=CMD" "COMPILER=arm-none-eabi-gcc" "ASSEMBLER=arm-none-eabi-as" "AR
TRACE::2025-06-24.14:44:02::SCWBDomain::CHIVER=arm-none-eabi-ar" "COMPILER_FLAGS=  -O2 -c" "EXTRA_COMPILER_FLAGS=-mcpu=cortex-a9 -mfpu=vfpv3 -mfloat-abi=hard -nostartf
TRACE::2025-06-24.14:44:02::SCWBDomain::iles -g -Wall -Wextra"

TRACE::2025-06-24.14:44:02::SCWBDomain::make[2]: Entering directory 'C:/Users/andre/Projects/IEE2463-SEP-Proyecto-2-Z8/PS/vitis/design_1_wrapper/zynq_fsbl/zynq_fsbl_bs
TRACE::2025-06-24.14:44:02::SCWBDomain::p/ps7_cortexa9_0/libsrc/dmaps_v2_6/src'

TRACE::2025-06-24.14:44:03::SCWBDomain::"Compiling dmaps"

TRACE::2025-06-24.14:44:05::SCWBDomain::make[2]: Leaving directory 'C:/Users/andre/Projects/IEE2463-SEP-Proyecto-2-Z8/PS/vitis/design_1_wrapper/zynq_fsbl/zynq_fsbl_bsp
TRACE::2025-06-24.14:44:05::SCWBDomain::/ps7_cortexa9_0/libsrc/dmaps_v2_6/src'

TRACE::2025-06-24.14:44:06::SCWBDomain::"Running Make libs in ps7_cortexa9_0/libsrc/emacps_v3_11/src"

TRACE::2025-06-24.14:44:06::SCWBDomain::make -C ps7_cortexa9_0/libsrc/emacps_v3_11/src -s libs  "SHELL=CMD" "COMPILER=arm-none-eabi-gcc" "ASSEMBLER=arm-none-eabi-as" "
TRACE::2025-06-24.14:44:06::SCWBDomain::ARCHIVER=arm-none-eabi-ar" "COMPILER_FLAGS=  -O2 -c" "EXTRA_COMPILER_FLAGS=-mcpu=cortex-a9 -mfpu=vfpv3 -mfloat-abi=hard -nostar
TRACE::2025-06-24.14:44:06::SCWBDomain::tfiles -g -Wall -Wextra"

TRACE::2025-06-24.14:44:06::SCWBDomain::make[2]: Entering directory 'C:/Users/andre/Projects/IEE2463-SEP-Proyecto-2-Z8/PS/vitis/design_1_wrapper/zynq_fsbl/zynq_fsbl_bs
TRACE::2025-06-24.14:44:06::SCWBDomain::p/ps7_cortexa9_0/libsrc/emacps_v3_11/src'

TRACE::2025-06-24.14:44:06::SCWBDomain::"Compiling emacps"

TRACE::2025-06-24.14:44:10::SCWBDomain::make[2]: Leaving directory 'C:/Users/andre/Projects/IEE2463-SEP-Proyecto-2-Z8/PS/vitis/design_1_wrapper/zynq_fsbl/zynq_fsbl_bsp
TRACE::2025-06-24.14:44:10::SCWBDomain::/ps7_cortexa9_0/libsrc/emacps_v3_11/src'

TRACE::2025-06-24.14:44:10::SCWBDomain::"Running Make libs in ps7_cortexa9_0/libsrc/gpiops_v3_7/src"

TRACE::2025-06-24.14:44:10::SCWBDomain::make -C ps7_cortexa9_0/libsrc/gpiops_v3_7/src -s libs  "SHELL=CMD" "COMPILER=arm-none-eabi-gcc" "ASSEMBLER=arm-none-eabi-as" "A
TRACE::2025-06-24.14:44:10::SCWBDomain::RCHIVER=arm-none-eabi-ar" "COMPILER_FLAGS=  -O2 -c" "EXTRA_COMPILER_FLAGS=-mcpu=cortex-a9 -mfpu=vfpv3 -mfloat-abi=hard -nostart
TRACE::2025-06-24.14:44:10::SCWBDomain::files -g -Wall -Wextra"

TRACE::2025-06-24.14:44:11::SCWBDomain::make[2]: Entering directory 'C:/Users/andre/Projects/IEE2463-SEP-Proyecto-2-Z8/PS/vitis/design_1_wrapper/zynq_fsbl/zynq_fsbl_bs
TRACE::2025-06-24.14:44:11::SCWBDomain::p/ps7_cortexa9_0/libsrc/gpiops_v3_7/src'

TRACE::2025-06-24.14:44:12::SCWBDomain::"Compiling gpiops"

TRACE::2025-06-24.14:44:15::SCWBDomain::make[2]: Leaving directory 'C:/Users/andre/Projects/IEE2463-SEP-Proyecto-2-Z8/PS/vitis/design_1_wrapper/zynq_fsbl/zynq_fsbl_bsp
TRACE::2025-06-24.14:44:15::SCWBDomain::/ps7_cortexa9_0/libsrc/gpiops_v3_7/src'

TRACE::2025-06-24.14:44:15::SCWBDomain::"Running Make libs in ps7_cortexa9_0/libsrc/gpio_v4_6/src"

TRACE::2025-06-24.14:44:15::SCWBDomain::make -C ps7_cortexa9_0/libsrc/gpio_v4_6/src -s libs  "SHELL=CMD" "COMPILER=arm-none-eabi-gcc" "ASSEMBLER=arm-none-eabi-as" "ARC
TRACE::2025-06-24.14:44:15::SCWBDomain::HIVER=arm-none-eabi-ar" "COMPILER_FLAGS=  -O2 -c" "EXTRA_COMPILER_FLAGS=-mcpu=cortex-a9 -mfpu=vfpv3 -mfloat-abi=hard -nostartfi
TRACE::2025-06-24.14:44:15::SCWBDomain::les -g -Wall -Wextra"

TRACE::2025-06-24.14:44:16::SCWBDomain::make[2]: Entering directory 'C:/Users/andre/Projects/IEE2463-SEP-Proyecto-2-Z8/PS/vitis/design_1_wrapper/zynq_fsbl/zynq_fsbl_bs
TRACE::2025-06-24.14:44:16::SCWBDomain::p/ps7_cortexa9_0/libsrc/gpio_v4_6/src'

TRACE::2025-06-24.14:44:16::SCWBDomain::"Compiling gpio"

TRACE::2025-06-24.14:44:19::SCWBDomain::make[2]: Leaving directory 'C:/Users/andre/Projects/IEE2463-SEP-Proyecto-2-Z8/PS/vitis/design_1_wrapper/zynq_fsbl/zynq_fsbl_bsp
TRACE::2025-06-24.14:44:19::SCWBDomain::/ps7_cortexa9_0/libsrc/gpio_v4_6/src'

TRACE::2025-06-24.14:44:19::SCWBDomain::"Running Make libs in ps7_cortexa9_0/libsrc/qspips_v3_7/src"

TRACE::2025-06-24.14:44:19::SCWBDomain::make -C ps7_cortexa9_0/libsrc/qspips_v3_7/src -s libs  "SHELL=CMD" "COMPILER=arm-none-eabi-gcc" "ASSEMBLER=arm-none-eabi-as" "A
TRACE::2025-06-24.14:44:19::SCWBDomain::RCHIVER=arm-none-eabi-ar" "COMPILER_FLAGS=  -O2 -c" "EXTRA_COMPILER_FLAGS=-mcpu=cortex-a9 -mfpu=vfpv3 -mfloat-abi=hard -nostart
TRACE::2025-06-24.14:44:19::SCWBDomain::files -g -Wall -Wextra"

TRACE::2025-06-24.14:44:19::SCWBDomain::make[2]: Entering directory 'C:/Users/andre/Projects/IEE2463-SEP-Proyecto-2-Z8/PS/vitis/design_1_wrapper/zynq_fsbl/zynq_fsbl_bs
TRACE::2025-06-24.14:44:19::SCWBDomain::p/ps7_cortexa9_0/libsrc/qspips_v3_7/src'

TRACE::2025-06-24.14:44:20::SCWBDomain::"Compiling qspips"

TRACE::2025-06-24.14:44:23::SCWBDomain::make[2]: Leaving directory 'C:/Users/andre/Projects/IEE2463-SEP-Proyecto-2-Z8/PS/vitis/design_1_wrapper/zynq_fsbl/zynq_fsbl_bsp
TRACE::2025-06-24.14:44:23::SCWBDomain::/ps7_cortexa9_0/libsrc/qspips_v3_7/src'

TRACE::2025-06-24.14:44:23::SCWBDomain::"Running Make libs in ps7_cortexa9_0/libsrc/scugic_v4_2/src"

TRACE::2025-06-24.14:44:23::SCWBDomain::make -C ps7_cortexa9_0/libsrc/scugic_v4_2/src -s libs  "SHELL=CMD" "COMPILER=arm-none-eabi-gcc" "ASSEMBLER=arm-none-eabi-as" "A
TRACE::2025-06-24.14:44:23::SCWBDomain::RCHIVER=arm-none-eabi-ar" "COMPILER_FLAGS=  -O2 -c" "EXTRA_COMPILER_FLAGS=-mcpu=cortex-a9 -mfpu=vfpv3 -mfloat-abi=hard -nostart
TRACE::2025-06-24.14:44:23::SCWBDomain::files -g -Wall -Wextra"

TRACE::2025-06-24.14:44:23::SCWBDomain::make[2]: Entering directory 'C:/Users/andre/Projects/IEE2463-SEP-Proyecto-2-Z8/PS/vitis/design_1_wrapper/zynq_fsbl/zynq_fsbl_bs
TRACE::2025-06-24.14:44:23::SCWBDomain::p/ps7_cortexa9_0/libsrc/scugic_v4_2/src'

TRACE::2025-06-24.14:44:24::SCWBDomain::"Compiling scugic"

TRACE::2025-06-24.14:44:28::SCWBDomain::make[2]: Leaving directory 'C:/Users/andre/Projects/IEE2463-SEP-Proyecto-2-Z8/PS/vitis/design_1_wrapper/zynq_fsbl/zynq_fsbl_bsp
TRACE::2025-06-24.14:44:28::SCWBDomain::/ps7_cortexa9_0/libsrc/scugic_v4_2/src'

TRACE::2025-06-24.14:44:29::SCWBDomain::"Running Make libs in ps7_cortexa9_0/libsrc/scutimer_v2_2/src"

TRACE::2025-06-24.14:44:29::SCWBDomain::make -C ps7_cortexa9_0/libsrc/scutimer_v2_2/src -s libs  "SHELL=CMD" "COMPILER=arm-none-eabi-gcc" "ASSEMBLER=arm-none-eabi-as" 
TRACE::2025-06-24.14:44:29::SCWBDomain::"ARCHIVER=arm-none-eabi-ar" "COMPILER_FLAGS=  -O2 -c" "EXTRA_COMPILER_FLAGS=-mcpu=cortex-a9 -mfpu=vfpv3 -mfloat-abi=hard -nosta
TRACE::2025-06-24.14:44:29::SCWBDomain::rtfiles -g -Wall -Wextra"

TRACE::2025-06-24.14:44:29::SCWBDomain::make[2]: Entering directory 'C:/Users/andre/Projects/IEE2463-SEP-Proyecto-2-Z8/PS/vitis/design_1_wrapper/zynq_fsbl/zynq_fsbl_bs
TRACE::2025-06-24.14:44:29::SCWBDomain::p/ps7_cortexa9_0/libsrc/scutimer_v2_2/src'

TRACE::2025-06-24.14:44:29::SCWBDomain::"Compiling scutimer"

TRACE::2025-06-24.14:44:31::SCWBDomain::make[2]: Leaving directory 'C:/Users/andre/Projects/IEE2463-SEP-Proyecto-2-Z8/PS/vitis/design_1_wrapper/zynq_fsbl/zynq_fsbl_bsp
TRACE::2025-06-24.14:44:31::SCWBDomain::/ps7_cortexa9_0/libsrc/scutimer_v2_2/src'

TRACE::2025-06-24.14:44:31::SCWBDomain::"Running Make libs in ps7_cortexa9_0/libsrc/scuwdt_v2_2/src"

TRACE::2025-06-24.14:44:31::SCWBDomain::make -C ps7_cortexa9_0/libsrc/scuwdt_v2_2/src -s libs  "SHELL=CMD" "COMPILER=arm-none-eabi-gcc" "ASSEMBLER=arm-none-eabi-as" "A
TRACE::2025-06-24.14:44:31::SCWBDomain::RCHIVER=arm-none-eabi-ar" "COMPILER_FLAGS=  -O2 -c" "EXTRA_COMPILER_FLAGS=-mcpu=cortex-a9 -mfpu=vfpv3 -mfloat-abi=hard -nostart
TRACE::2025-06-24.14:44:31::SCWBDomain::files -g -Wall -Wextra"

TRACE::2025-06-24.14:44:31::SCWBDomain::make[2]: Entering directory 'C:/Users/andre/Projects/IEE2463-SEP-Proyecto-2-Z8/PS/vitis/design_1_wrapper/zynq_fsbl/zynq_fsbl_bs
TRACE::2025-06-24.14:44:31::SCWBDomain::p/ps7_cortexa9_0/libsrc/scuwdt_v2_2/src'

TRACE::2025-06-24.14:44:31::SCWBDomain::"Compiling scuwdt"

TRACE::2025-06-24.14:44:33::SCWBDomain::make[2]: Leaving directory 'C:/Users/andre/Projects/IEE2463-SEP-Proyecto-2-Z8/PS/vitis/design_1_wrapper/zynq_fsbl/zynq_fsbl_bsp
TRACE::2025-06-24.14:44:33::SCWBDomain::/ps7_cortexa9_0/libsrc/scuwdt_v2_2/src'

TRACE::2025-06-24.14:44:33::SCWBDomain::"Running Make libs in ps7_cortexa9_0/libsrc/sdps_v3_9/src"

TRACE::2025-06-24.14:44:33::SCWBDomain::make -C ps7_cortexa9_0/libsrc/sdps_v3_9/src -s libs  "SHELL=CMD" "COMPILER=arm-none-eabi-gcc" "ASSEMBLER=arm-none-eabi-as" "ARC
TRACE::2025-06-24.14:44:33::SCWBDomain::HIVER=arm-none-eabi-ar" "COMPILER_FLAGS=  -O2 -c" "EXTRA_COMPILER_FLAGS=-mcpu=cortex-a9 -mfpu=vfpv3 -mfloat-abi=hard -nostartfi
TRACE::2025-06-24.14:44:33::SCWBDomain::les -g -Wall -Wextra"

TRACE::2025-06-24.14:44:33::SCWBDomain::make[2]: Entering directory 'C:/Users/andre/Projects/IEE2463-SEP-Proyecto-2-Z8/PS/vitis/design_1_wrapper/zynq_fsbl/zynq_fsbl_bs
TRACE::2025-06-24.14:44:33::SCWBDomain::p/ps7_cortexa9_0/libsrc/sdps_v3_9/src'

TRACE::2025-06-24.14:44:33::SCWBDomain::"Compiling sdps"

TRACE::2025-06-24.14:44:37::SCWBDomain::make[2]: Leaving directory 'C:/Users/andre/Projects/IEE2463-SEP-Proyecto-2-Z8/PS/vitis/design_1_wrapper/zynq_fsbl/zynq_fsbl_bsp
TRACE::2025-06-24.14:44:37::SCWBDomain::/ps7_cortexa9_0/libsrc/sdps_v3_9/src'

TRACE::2025-06-24.14:44:37::SCWBDomain::"Running Make libs in ps7_cortexa9_0/libsrc/standalone_v7_2/src"

TRACE::2025-06-24.14:44:37::SCWBDomain::make -C ps7_cortexa9_0/libsrc/standalone_v7_2/src -s libs  "SHELL=CMD" "COMPILER=arm-none-eabi-gcc" "ASSEMBLER=arm-none-eabi-as
TRACE::2025-06-24.14:44:37::SCWBDomain::" "ARCHIVER=arm-none-eabi-ar" "COMPILER_FLAGS=  -O2 -c" "EXTRA_COMPILER_FLAGS=-mcpu=cortex-a9 -mfpu=vfpv3 -mfloat-abi=hard -nos
TRACE::2025-06-24.14:44:37::SCWBDomain::tartfiles -g -Wall -Wextra"

TRACE::2025-06-24.14:44:37::SCWBDomain::make[2]: Entering directory 'C:/Users/andre/Projects/IEE2463-SEP-Proyecto-2-Z8/PS/vitis/design_1_wrapper/zynq_fsbl/zynq_fsbl_bs
TRACE::2025-06-24.14:44:37::SCWBDomain::p/ps7_cortexa9_0/libsrc/standalone_v7_2/src'

TRACE::2025-06-24.14:44:38::SCWBDomain::"Compiling standalone"

TRACE::2025-06-24.14:44:52::SCWBDomain::make[3]: Entering directory 'C:/Users/andre/Projects/IEE2463-SEP-Proyecto-2-Z8/PS/vitis/design_1_wrapper/zynq_fsbl/zynq_fsbl_bs
TRACE::2025-06-24.14:44:52::SCWBDomain::p/ps7_cortexa9_0/libsrc/standalone_v7_2/src/profile'

TRACE::2025-06-24.14:44:52::SCWBDomain::make[3]: Leaving directory 'C:/Users/andre/Projects/IEE2463-SEP-Proyecto-2-Z8/PS/vitis/design_1_wrapper/zynq_fsbl/zynq_fsbl_bsp
TRACE::2025-06-24.14:44:52::SCWBDomain::/ps7_cortexa9_0/libsrc/standalone_v7_2/src/profile'

TRACE::2025-06-24.14:44:52::SCWBDomain::make[2]: Leaving directory 'C:/Users/andre/Projects/IEE2463-SEP-Proyecto-2-Z8/PS/vitis/design_1_wrapper/zynq_fsbl/zynq_fsbl_bsp
TRACE::2025-06-24.14:44:52::SCWBDomain::/ps7_cortexa9_0/libsrc/standalone_v7_2/src'

TRACE::2025-06-24.14:44:53::SCWBDomain::"Running Make libs in ps7_cortexa9_0/libsrc/uartps_v3_9/src"

TRACE::2025-06-24.14:44:53::SCWBDomain::make -C ps7_cortexa9_0/libsrc/uartps_v3_9/src -s libs  "SHELL=CMD" "COMPILER=arm-none-eabi-gcc" "ASSEMBLER=arm-none-eabi-as" "A
TRACE::2025-06-24.14:44:53::SCWBDomain::RCHIVER=arm-none-eabi-ar" "COMPILER_FLAGS=  -O2 -c" "EXTRA_COMPILER_FLAGS=-mcpu=cortex-a9 -mfpu=vfpv3 -mfloat-abi=hard -nostart
TRACE::2025-06-24.14:44:53::SCWBDomain::files -g -Wall -Wextra"

TRACE::2025-06-24.14:44:53::SCWBDomain::make[2]: Entering directory 'C:/Users/andre/Projects/IEE2463-SEP-Proyecto-2-Z8/PS/vitis/design_1_wrapper/zynq_fsbl/zynq_fsbl_bs
TRACE::2025-06-24.14:44:53::SCWBDomain::p/ps7_cortexa9_0/libsrc/uartps_v3_9/src'

TRACE::2025-06-24.14:44:53::SCWBDomain::"Compiling uartps"

TRACE::2025-06-24.14:44:56::SCWBDomain::make[2]: Leaving directory 'C:/Users/andre/Projects/IEE2463-SEP-Proyecto-2-Z8/PS/vitis/design_1_wrapper/zynq_fsbl/zynq_fsbl_bsp
TRACE::2025-06-24.14:44:56::SCWBDomain::/ps7_cortexa9_0/libsrc/uartps_v3_9/src'

TRACE::2025-06-24.14:44:56::SCWBDomain::"Running Make libs in ps7_cortexa9_0/libsrc/usbps_v2_5/src"

TRACE::2025-06-24.14:44:56::SCWBDomain::make -C ps7_cortexa9_0/libsrc/usbps_v2_5/src -s libs  "SHELL=CMD" "COMPILER=arm-none-eabi-gcc" "ASSEMBLER=arm-none-eabi-as" "AR
TRACE::2025-06-24.14:44:56::SCWBDomain::CHIVER=arm-none-eabi-ar" "COMPILER_FLAGS=  -O2 -c" "EXTRA_COMPILER_FLAGS=-mcpu=cortex-a9 -mfpu=vfpv3 -mfloat-abi=hard -nostartf
TRACE::2025-06-24.14:44:56::SCWBDomain::iles -g -Wall -Wextra"

TRACE::2025-06-24.14:44:56::SCWBDomain::make[2]: Entering directory 'C:/Users/andre/Projects/IEE2463-SEP-Proyecto-2-Z8/PS/vitis/design_1_wrapper/zynq_fsbl/zynq_fsbl_bs
TRACE::2025-06-24.14:44:56::SCWBDomain::p/ps7_cortexa9_0/libsrc/usbps_v2_5/src'

TRACE::2025-06-24.14:44:57::SCWBDomain::"Compiling usbps"

TRACE::2025-06-24.14:44:59::SCWBDomain::make[2]: Leaving directory 'C:/Users/andre/Projects/IEE2463-SEP-Proyecto-2-Z8/PS/vitis/design_1_wrapper/zynq_fsbl/zynq_fsbl_bsp
TRACE::2025-06-24.14:44:59::SCWBDomain::/ps7_cortexa9_0/libsrc/usbps_v2_5/src'

TRACE::2025-06-24.14:44:59::SCWBDomain::"Running Make libs in ps7_cortexa9_0/libsrc/xadcps_v2_4/src"

TRACE::2025-06-24.14:44:59::SCWBDomain::make -C ps7_cortexa9_0/libsrc/xadcps_v2_4/src -s libs  "SHELL=CMD" "COMPILER=arm-none-eabi-gcc" "ASSEMBLER=arm-none-eabi-as" "A
TRACE::2025-06-24.14:44:59::SCWBDomain::RCHIVER=arm-none-eabi-ar" "COMPILER_FLAGS=  -O2 -c" "EXTRA_COMPILER_FLAGS=-mcpu=cortex-a9 -mfpu=vfpv3 -mfloat-abi=hard -nostart
TRACE::2025-06-24.14:44:59::SCWBDomain::files -g -Wall -Wextra"

TRACE::2025-06-24.14:44:59::SCWBDomain::make[2]: Entering directory 'C:/Users/andre/Projects/IEE2463-SEP-Proyecto-2-Z8/PS/vitis/design_1_wrapper/zynq_fsbl/zynq_fsbl_bs
TRACE::2025-06-24.14:44:59::SCWBDomain::p/ps7_cortexa9_0/libsrc/xadcps_v2_4/src'

TRACE::2025-06-24.14:45:00::SCWBDomain::"Compiling xadcps"

TRACE::2025-06-24.14:45:02::SCWBDomain::make[2]: Leaving directory 'C:/Users/andre/Projects/IEE2463-SEP-Proyecto-2-Z8/PS/vitis/design_1_wrapper/zynq_fsbl/zynq_fsbl_bsp
TRACE::2025-06-24.14:45:02::SCWBDomain::/ps7_cortexa9_0/libsrc/xadcps_v2_4/src'

TRACE::2025-06-24.14:45:03::SCWBDomain::"Running Make libs in ps7_cortexa9_0/libsrc/xilffs_v4_3/src"

TRACE::2025-06-24.14:45:03::SCWBDomain::make -C ps7_cortexa9_0/libsrc/xilffs_v4_3/src -s libs  "SHELL=CMD" "COMPILER=arm-none-eabi-gcc" "ASSEMBLER=arm-none-eabi-as" "A
TRACE::2025-06-24.14:45:03::SCWBDomain::RCHIVER=arm-none-eabi-ar" "COMPILER_FLAGS=  -O2 -c" "EXTRA_COMPILER_FLAGS=-mcpu=cortex-a9 -mfpu=vfpv3 -mfloat-abi=hard -nostart
TRACE::2025-06-24.14:45:03::SCWBDomain::files -g -Wall -Wextra"

TRACE::2025-06-24.14:45:03::SCWBDomain::make[2]: Entering directory 'C:/Users/andre/Projects/IEE2463-SEP-Proyecto-2-Z8/PS/vitis/design_1_wrapper/zynq_fsbl/zynq_fsbl_bs
TRACE::2025-06-24.14:45:03::SCWBDomain::p/ps7_cortexa9_0/libsrc/xilffs_v4_3/src'

TRACE::2025-06-24.14:45:03::SCWBDomain::"Compiling XilFFs Library"

TRACE::2025-06-24.14:45:06::SCWBDomain::make[2]: Leaving directory 'C:/Users/andre/Projects/IEE2463-SEP-Proyecto-2-Z8/PS/vitis/design_1_wrapper/zynq_fsbl/zynq_fsbl_bsp
TRACE::2025-06-24.14:45:06::SCWBDomain::/ps7_cortexa9_0/libsrc/xilffs_v4_3/src'

TRACE::2025-06-24.14:45:06::SCWBDomain::"Running Make libs in ps7_cortexa9_0/libsrc/xilrsa_v1_6/src"

TRACE::2025-06-24.14:45:06::SCWBDomain::make -C ps7_cortexa9_0/libsrc/xilrsa_v1_6/src -s libs  "SHELL=CMD" "COMPILER=arm-none-eabi-gcc" "ASSEMBLER=arm-none-eabi-as" "A
TRACE::2025-06-24.14:45:06::SCWBDomain::RCHIVER=arm-none-eabi-ar" "COMPILER_FLAGS=  -O2 -c" "EXTRA_COMPILER_FLAGS=-mcpu=cortex-a9 -mfpu=vfpv3 -mfloat-abi=hard -nostart
TRACE::2025-06-24.14:45:06::SCWBDomain::files -g -Wall -Wextra"

TRACE::2025-06-24.14:45:06::SCWBDomain::make[2]: Entering directory 'C:/Users/andre/Projects/IEE2463-SEP-Proyecto-2-Z8/PS/vitis/design_1_wrapper/zynq_fsbl/zynq_fsbl_bs
TRACE::2025-06-24.14:45:06::SCWBDomain::p/ps7_cortexa9_0/libsrc/xilrsa_v1_6/src'

TRACE::2025-06-24.14:45:06::SCWBDomain::make[2]: Leaving directory 'C:/Users/andre/Projects/IEE2463-SEP-Proyecto-2-Z8/PS/vitis/design_1_wrapper/zynq_fsbl/zynq_fsbl_bsp
TRACE::2025-06-24.14:45:06::SCWBDomain::/ps7_cortexa9_0/libsrc/xilrsa_v1_6/src'

TRACE::2025-06-24.14:45:07::SCWBDomain::'Finished building libraries'

TRACE::2025-06-24.14:45:07::SCWBDomain::make[1]: Leaving directory 'C:/Users/andre/Projects/IEE2463-SEP-Proyecto-2-Z8/PS/vitis/design_1_wrapper/zynq_fsbl/zynq_fsbl_bsp
TRACE::2025-06-24.14:45:07::SCWBDomain::'

TRACE::2025-06-24.14:45:07::SCWBDomain::arm-none-eabi-gcc -MMD -MP       -mcpu=cortex-a9 -mfpu=vfpv3 -mfloat-abi=hard   -O2 -c -c sd.c -o sd.o -Izynq_fsbl_bsp/ps7_cort
TRACE::2025-06-24.14:45:07::SCWBDomain::exa9_0/include -I.

TRACE::2025-06-24.14:45:07::SCWBDomain::arm-none-eabi-gcc -MMD -MP       -mcpu=cortex-a9 -mfpu=vfpv3 -mfloat-abi=hard   -O2 -c -c nand.c -o nand.o -Izynq_fsbl_bsp/ps7_
TRACE::2025-06-24.14:45:07::SCWBDomain::cortexa9_0/include -I.

TRACE::2025-06-24.14:45:07::SCWBDomain::arm-none-eabi-gcc -MMD -MP       -mcpu=cortex-a9 -mfpu=vfpv3 -mfloat-abi=hard   -O2 -c -c nor.c -o nor.o -Izynq_fsbl_bsp/ps7_co
TRACE::2025-06-24.14:45:07::SCWBDomain::rtexa9_0/include -I.

TRACE::2025-06-24.14:45:08::SCWBDomain::arm-none-eabi-gcc -MMD -MP       -mcpu=cortex-a9 -mfpu=vfpv3 -mfloat-abi=hard   -O2 -c -c image_mover.c -o image_mover.o -Izynq
TRACE::2025-06-24.14:45:08::SCWBDomain::_fsbl_bsp/ps7_cortexa9_0/include -I.

TRACE::2025-06-24.14:45:08::SCWBDomain::arm-none-eabi-gcc -MMD -MP       -mcpu=cortex-a9 -mfpu=vfpv3 -mfloat-abi=hard   -O2 -c -c md5.c -o md5.o -Izynq_fsbl_bsp/ps7_co
TRACE::2025-06-24.14:45:08::SCWBDomain::rtexa9_0/include -I.

TRACE::2025-06-24.14:45:09::SCWBDomain::arm-none-eabi-gcc -MMD -MP       -mcpu=cortex-a9 -mfpu=vfpv3 -mfloat-abi=hard   -O2 -c -c fsbl_hooks.c -o fsbl_hooks.o -Izynq_f
TRACE::2025-06-24.14:45:09::SCWBDomain::sbl_bsp/ps7_cortexa9_0/include -I.

TRACE::2025-06-24.14:45:09::SCWBDomain::arm-none-eabi-gcc -MMD -MP       -mcpu=cortex-a9 -mfpu=vfpv3 -mfloat-abi=hard   -O2 -c -c main.c -o main.o -Izynq_fsbl_bsp/ps7_
TRACE::2025-06-24.14:45:09::SCWBDomain::cortexa9_0/include -I.

TRACE::2025-06-24.14:45:10::SCWBDomain::arm-none-eabi-gcc -MMD -MP       -mcpu=cortex-a9 -mfpu=vfpv3 -mfloat-abi=hard   -O2 -c -c rsa.c -o rsa.o -Izynq_fsbl_bsp/ps7_co
TRACE::2025-06-24.14:45:10::SCWBDomain::rtexa9_0/include -I.

TRACE::2025-06-24.14:45:10::SCWBDomain::arm-none-eabi-gcc -MMD -MP       -mcpu=cortex-a9 -mfpu=vfpv3 -mfloat-abi=hard   -O2 -c -c qspi.c -o qspi.o -Izynq_fsbl_bsp/ps7_
TRACE::2025-06-24.14:45:10::SCWBDomain::cortexa9_0/include -I.

TRACE::2025-06-24.14:45:10::SCWBDomain::arm-none-eabi-gcc -MMD -MP       -mcpu=cortex-a9 -mfpu=vfpv3 -mfloat-abi=hard   -O2 -c -c ps7_init.c -o ps7_init.o -Izynq_fsbl_
TRACE::2025-06-24.14:45:10::SCWBDomain::bsp/ps7_cortexa9_0/include -I.

TRACE::2025-06-24.14:45:11::SCWBDomain::arm-none-eabi-gcc -MMD -MP       -mcpu=cortex-a9 -mfpu=vfpv3 -mfloat-abi=hard   -O2 -c -c pcap.c -o pcap.o -Izynq_fsbl_bsp/ps7_
TRACE::2025-06-24.14:45:11::SCWBDomain::cortexa9_0/include -I.

TRACE::2025-06-24.14:45:11::SCWBDomain::arm-none-eabi-gcc -MMD -MP       -mcpu=cortex-a9 -mfpu=vfpv3 -mfloat-abi=hard   -O2 -c -c fsbl_handoff.S -o fsbl_handoff.o -Izy
TRACE::2025-06-24.14:45:11::SCWBDomain::nq_fsbl_bsp/ps7_cortexa9_0/include -I.

TRACE::2025-06-24.14:45:11::SCWBDomain::arm-none-eabi-gcc -o executable.elf  sd.o  nand.o  nor.o  image_mover.o  md5.o  fsbl_hooks.o  main.o  rsa.o  qspi.o  ps7_init.o
TRACE::2025-06-24.14:45:11::SCWBDomain::  pcap.o  fsbl_handoff.o -MMD -MP       -mcpu=cortex-a9 -mfpu=vfpv3 -mfloat-abi=hard   -mcpu=cortex-a9 -mfpu=vfpv3 -mfloat-abi=
TRACE::2025-06-24.14:45:11::SCWBDomain::hard -Wl,-build-id=none -specs=Xilinx.spec  -lrsa -Wl,--start-group,-lxil,-lgcc,-lc,--end-group -Wl,--start-group,-lxilffs,-lxi
TRACE::2025-06-24.14:45:11::SCWBDomain::l,-lgcc,-lc,--end-group -Wl,--start-group,-lrsa,-lxil,-lgcc,-lc,--end-group                                    -Wl,--gc-section
TRACE::2025-06-24.14:45:11::SCWBDomain::s -Lzynq_fsbl_bsp/ps7_cortexa9_0/lib -L./ -Tlscript.ld

LOG::2025-06-24.14:45:11::SCWSystem::Checking the domain domain_ps7_cortexa9_0
LOG::2025-06-24.14:45:11::SCWSystem::Not a boot domain 
LOG::2025-06-24.14:45:11::SCWSystem::Started Processing the domain domain_ps7_cortexa9_0
TRACE::2025-06-24.14:45:11::SCWDomain::Generating domain artifcats
TRACE::2025-06-24.14:45:11::SCWMssOS::Generating standalone artifcats
TRACE::2025-06-24.14:45:11::SCWMssOS::Copying the qemu file from  C:/Xilinx/Vitis/2020.1/data/emulation/platforms/zynq/qemu/qemu_args.txt To C:/Users/andre/Projects/IEE2463-SEP-Proyecto-2-Z8/PS/vitis/design_1_wrapper/export/design_1_wrapper/sw/design_1_wrapper/qemu/
TRACE::2025-06-24.14:45:11::SCWMssOS::Copying the qemu file from  C:/Xilinx/Vitis/2020.1/data/emulation/platforms/zynq/qemu/qemu_args.txt To C:/Users/andre/Projects/IEE2463-SEP-Proyecto-2-Z8/PS/vitis/design_1_wrapper/export/design_1_wrapper/sw/design_1_wrapper/domain_ps7_cortexa9_0/qemu/
TRACE::2025-06-24.14:45:11::SCWMssOS:: Copying the user libraries. 
TRACE::2025-06-24.14:45:11::SCWPlatform::Trying to open the hw design at C:/Users/andre/Projects/IEE2463-SEP-Proyecto-2-Z8/PS/vitis/design_1_wrapper/hw/design_1_wrapper.xsa
TRACE::2025-06-24.14:45:11::SCWPlatform::DSA given C:/Users/andre/Projects/IEE2463-SEP-Proyecto-2-Z8/PS/vitis/design_1_wrapper/hw/design_1_wrapper.xsa
TRACE::2025-06-24.14:45:11::SCWPlatform::DSA absoulate path C:/Users/andre/Projects/IEE2463-SEP-Proyecto-2-Z8/PS/vitis/design_1_wrapper/hw/design_1_wrapper.xsa
TRACE::2025-06-24.14:45:11::SCWPlatform::DSA directory C:/Users/andre/Projects/IEE2463-SEP-Proyecto-2-Z8/PS/vitis/design_1_wrapper/hw
TRACE::2025-06-24.14:45:11::SCWPlatform:: Platform Path C:/Users/andre/Projects/IEE2463-SEP-Proyecto-2-Z8/PS/vitis/design_1_wrapper/hw/design_1_wrapper.xsa
TRACE::2025-06-24.14:45:11::SCWPlatform:: Unique name xilinx:zybo-z7-10::0.0
TRACE::2025-06-24.14:45:11::SCWPlatform::Trying to set the existing hwdb with name design_1_wrapper_0
TRACE::2025-06-24.14:45:11::SCWPlatform::Opened existing hwdb design_1_wrapper_0
TRACE::2025-06-24.14:45:11::SCWPlatform::Found the Hw Db part of the input DSA
TRACE::2025-06-24.14:45:11::SCWMssOS::Checking the sw design at  C:/Users/andre/Projects/IEE2463-SEP-Proyecto-2-Z8/PS/vitis/design_1_wrapper/ps7_cortexa9_0/domain_ps7_cortexa9_0/bsp/system.mss
TRACE::2025-06-24.14:45:11::SCWMssOS::DEBUG:  swdes dump  C:/Users/andre/Projects/IEE2463-SEP-Proyecto-2-Z8/PS/vitis/design_1_wrapper/ps7_cortexa9_0/domain_ps7_cortexa9_0/bsp/system.mss|system_0||
C:/Users/andre/Projects/IEE2463-SEP-Proyecto-2-Z8/PS/vitis/design_1_wrapper/zynq_fsbl/zynq_fsbl_bsp/system.mss|system||

TRACE::2025-06-24.14:45:11::SCWMssOS::Sw design exists and opened at  C:/Users/andre/Projects/IEE2463-SEP-Proyecto-2-Z8/PS/vitis/design_1_wrapper/ps7_cortexa9_0/domain_ps7_cortexa9_0/bsp/system.mss
TRACE::2025-06-24.14:45:11::SCWMssOS::Completed writing the mss file at C:/Users/andre/Projects/IEE2463-SEP-Proyecto-2-Z8/PS/vitis/design_1_wrapper/ps7_cortexa9_0/domain_ps7_cortexa9_0/bsp
TRACE::2025-06-24.14:45:11::SCWMssOS::Mss edits present, copying mssfile into export location C:/Users/andre/Projects/IEE2463-SEP-Proyecto-2-Z8/PS/vitis/design_1_wrapper/ps7_cortexa9_0/domain_ps7_cortexa9_0/bsp/system.mss
TRACE::2025-06-24.14:45:11::SCWMssOS::bsp generated is upto date with the mss file. Skipping bsp generation.
TRACE::2025-06-24.14:45:11::SCWMssOS::BSP is already built. skipping the bsp build ... 
TRACE::2025-06-24.14:45:11::SCWDomain::Building the domain as part of full build :  domain_ps7_cortexa9_0
TRACE::2025-06-24.14:45:11::SCWMssOS::doing bsp build ... 
TRACE::2025-06-24.14:45:11::SCWMssOS::System Command Ran  C: & cd  C:/Users/andre/Projects/IEE2463-SEP-Proyecto-2-Z8/PS/vitis/design_1_wrapper/ps7_cortexa9_0/domain_ps7_cortexa9_0/bsp & make 
TRACE::2025-06-24.14:45:11::SCWMssOS::"Running Make include in ps7_cortexa9_0/libsrc/coresightps_dcc_v1_7/src"

TRACE::2025-06-24.14:45:11::SCWMssOS::make -C ps7_cortexa9_0/libsrc/coresightps_dcc_v1_7/src -s include  "SHELL=CMD" "COMPILER=arm-none-eabi-gcc" "ASSEMBLER=arm-none
TRACE::2025-06-24.14:45:11::SCWMssOS::-eabi-as" "ARCHIVER=arm-none-eabi-ar" "COMPILER_FLAGS=  -O2 -c" "EXTRA_COMPILER_FLAGS=-mcpu=cortex-a9 -mfpu=vfpv3 -mfloat-abi=h
TRACE::2025-06-24.14:45:11::SCWMssOS::ard -nostartfiles -g -Wall -Wextra"

TRACE::2025-06-24.14:45:11::SCWMssOS::"Running Make include in ps7_cortexa9_0/libsrc/cpu_cortexa9_v2_9/src"

TRACE::2025-06-24.14:45:11::SCWMssOS::make -C ps7_cortexa9_0/libsrc/cpu_cortexa9_v2_9/src -s include  "SHELL=CMD" "COMPILER=arm-none-eabi-gcc" "ASSEMBLER=arm-none-ea
TRACE::2025-06-24.14:45:11::SCWMssOS::bi-as" "ARCHIVER=arm-none-eabi-ar" "COMPILER_FLAGS=  -O2 -c" "EXTRA_COMPILER_FLAGS=-mcpu=cortex-a9 -mfpu=vfpv3 -mfloat-abi=hard
TRACE::2025-06-24.14:45:11::SCWMssOS:: -nostartfiles -g -Wall -Wextra"

TRACE::2025-06-24.14:45:11::SCWMssOS::"Running Make include in ps7_cortexa9_0/libsrc/ddrps_v1_1/src"

TRACE::2025-06-24.14:45:11::SCWMssOS::make -C ps7_cortexa9_0/libsrc/ddrps_v1_1/src -s include  "SHELL=CMD" "COMPILER=arm-none-eabi-gcc" "ASSEMBLER=arm-none-eabi-as" 
TRACE::2025-06-24.14:45:11::SCWMssOS::"ARCHIVER=arm-none-eabi-ar" "COMPILER_FLAGS=  -O2 -c" "EXTRA_COMPILER_FLAGS=-mcpu=cortex-a9 -mfpu=vfpv3 -mfloat-abi=hard -nosta
TRACE::2025-06-24.14:45:11::SCWMssOS::rtfiles -g -Wall -Wextra"

TRACE::2025-06-24.14:45:12::SCWMssOS::"Running Make include in ps7_cortexa9_0/libsrc/devcfg_v3_6/src"

TRACE::2025-06-24.14:45:12::SCWMssOS::make -C ps7_cortexa9_0/libsrc/devcfg_v3_6/src -s include  "SHELL=CMD" "COMPILER=arm-none-eabi-gcc" "ASSEMBLER=arm-none-eabi-as"
TRACE::2025-06-24.14:45:12::SCWMssOS:: "ARCHIVER=arm-none-eabi-ar" "COMPILER_FLAGS=  -O2 -c" "EXTRA_COMPILER_FLAGS=-mcpu=cortex-a9 -mfpu=vfpv3 -mfloat-abi=hard -nost
TRACE::2025-06-24.14:45:12::SCWMssOS::artfiles -g -Wall -Wextra"

TRACE::2025-06-24.14:45:12::SCWMssOS::"Running Make include in ps7_cortexa9_0/libsrc/dmaps_v2_6/src"

TRACE::2025-06-24.14:45:12::SCWMssOS::make -C ps7_cortexa9_0/libsrc/dmaps_v2_6/src -s include  "SHELL=CMD" "COMPILER=arm-none-eabi-gcc" "ASSEMBLER=arm-none-eabi-as" 
TRACE::2025-06-24.14:45:12::SCWMssOS::"ARCHIVER=arm-none-eabi-ar" "COMPILER_FLAGS=  -O2 -c" "EXTRA_COMPILER_FLAGS=-mcpu=cortex-a9 -mfpu=vfpv3 -mfloat-abi=hard -nosta
TRACE::2025-06-24.14:45:12::SCWMssOS::rtfiles -g -Wall -Wextra"

TRACE::2025-06-24.14:45:12::SCWMssOS::"Running Make include in ps7_cortexa9_0/libsrc/emacps_v3_11/src"

TRACE::2025-06-24.14:45:12::SCWMssOS::make -C ps7_cortexa9_0/libsrc/emacps_v3_11/src -s include  "SHELL=CMD" "COMPILER=arm-none-eabi-gcc" "ASSEMBLER=arm-none-eabi-as
TRACE::2025-06-24.14:45:12::SCWMssOS::" "ARCHIVER=arm-none-eabi-ar" "COMPILER_FLAGS=  -O2 -c" "EXTRA_COMPILER_FLAGS=-mcpu=cortex-a9 -mfpu=vfpv3 -mfloat-abi=hard -nos
TRACE::2025-06-24.14:45:12::SCWMssOS::tartfiles -g -Wall -Wextra"

TRACE::2025-06-24.14:45:12::SCWMssOS::"Running Make include in ps7_cortexa9_0/libsrc/gpiops_v3_7/src"

TRACE::2025-06-24.14:45:12::SCWMssOS::make -C ps7_cortexa9_0/libsrc/gpiops_v3_7/src -s include  "SHELL=CMD" "COMPILER=arm-none-eabi-gcc" "ASSEMBLER=arm-none-eabi-as"
TRACE::2025-06-24.14:45:12::SCWMssOS:: "ARCHIVER=arm-none-eabi-ar" "COMPILER_FLAGS=  -O2 -c" "EXTRA_COMPILER_FLAGS=-mcpu=cortex-a9 -mfpu=vfpv3 -mfloat-abi=hard -nost
TRACE::2025-06-24.14:45:12::SCWMssOS::artfiles -g -Wall -Wextra"

TRACE::2025-06-24.14:45:12::SCWMssOS::"Running Make include in ps7_cortexa9_0/libsrc/gpio_v4_6/src"

TRACE::2025-06-24.14:45:12::SCWMssOS::make -C ps7_cortexa9_0/libsrc/gpio_v4_6/src -s include  "SHELL=CMD" "COMPILER=arm-none-eabi-gcc" "ASSEMBLER=arm-none-eabi-as" "
TRACE::2025-06-24.14:45:12::SCWMssOS::ARCHIVER=arm-none-eabi-ar" "COMPILER_FLAGS=  -O2 -c" "EXTRA_COMPILER_FLAGS=-mcpu=cortex-a9 -mfpu=vfpv3 -mfloat-abi=hard -nostar
TRACE::2025-06-24.14:45:12::SCWMssOS::tfiles -g -Wall -Wextra"

TRACE::2025-06-24.14:45:12::SCWMssOS::"Running Make include in ps7_cortexa9_0/libsrc/qspips_v3_7/src"

TRACE::2025-06-24.14:45:12::SCWMssOS::make -C ps7_cortexa9_0/libsrc/qspips_v3_7/src -s include  "SHELL=CMD" "COMPILER=arm-none-eabi-gcc" "ASSEMBLER=arm-none-eabi-as"
TRACE::2025-06-24.14:45:12::SCWMssOS:: "ARCHIVER=arm-none-eabi-ar" "COMPILER_FLAGS=  -O2 -c" "EXTRA_COMPILER_FLAGS=-mcpu=cortex-a9 -mfpu=vfpv3 -mfloat-abi=hard -nost
TRACE::2025-06-24.14:45:12::SCWMssOS::artfiles -g -Wall -Wextra"

TRACE::2025-06-24.14:45:13::SCWMssOS::"Running Make include in ps7_cortexa9_0/libsrc/scugic_v4_2/src"

TRACE::2025-06-24.14:45:13::SCWMssOS::make -C ps7_cortexa9_0/libsrc/scugic_v4_2/src -s include  "SHELL=CMD" "COMPILER=arm-none-eabi-gcc" "ASSEMBLER=arm-none-eabi-as"
TRACE::2025-06-24.14:45:13::SCWMssOS:: "ARCHIVER=arm-none-eabi-ar" "COMPILER_FLAGS=  -O2 -c" "EXTRA_COMPILER_FLAGS=-mcpu=cortex-a9 -mfpu=vfpv3 -mfloat-abi=hard -nost
TRACE::2025-06-24.14:45:13::SCWMssOS::artfiles -g -Wall -Wextra"

TRACE::2025-06-24.14:45:13::SCWMssOS::"Running Make include in ps7_cortexa9_0/libsrc/scutimer_v2_2/src"

TRACE::2025-06-24.14:45:13::SCWMssOS::make -C ps7_cortexa9_0/libsrc/scutimer_v2_2/src -s include  "SHELL=CMD" "COMPILER=arm-none-eabi-gcc" "ASSEMBLER=arm-none-eabi-a
TRACE::2025-06-24.14:45:13::SCWMssOS::s" "ARCHIVER=arm-none-eabi-ar" "COMPILER_FLAGS=  -O2 -c" "EXTRA_COMPILER_FLAGS=-mcpu=cortex-a9 -mfpu=vfpv3 -mfloat-abi=hard -no
TRACE::2025-06-24.14:45:13::SCWMssOS::startfiles -g -Wall -Wextra"

TRACE::2025-06-24.14:45:13::SCWMssOS::"Running Make include in ps7_cortexa9_0/libsrc/scuwdt_v2_2/src"

TRACE::2025-06-24.14:45:13::SCWMssOS::make -C ps7_cortexa9_0/libsrc/scuwdt_v2_2/src -s include  "SHELL=CMD" "COMPILER=arm-none-eabi-gcc" "ASSEMBLER=arm-none-eabi-as"
TRACE::2025-06-24.14:45:13::SCWMssOS:: "ARCHIVER=arm-none-eabi-ar" "COMPILER_FLAGS=  -O2 -c" "EXTRA_COMPILER_FLAGS=-mcpu=cortex-a9 -mfpu=vfpv3 -mfloat-abi=hard -nost
TRACE::2025-06-24.14:45:13::SCWMssOS::artfiles -g -Wall -Wextra"

TRACE::2025-06-24.14:45:13::SCWMssOS::"Running Make include in ps7_cortexa9_0/libsrc/sdps_v3_9/src"

TRACE::2025-06-24.14:45:13::SCWMssOS::make -C ps7_cortexa9_0/libsrc/sdps_v3_9/src -s include  "SHELL=CMD" "COMPILER=arm-none-eabi-gcc" "ASSEMBLER=arm-none-eabi-as" "
TRACE::2025-06-24.14:45:13::SCWMssOS::ARCHIVER=arm-none-eabi-ar" "COMPILER_FLAGS=  -O2 -c" "EXTRA_COMPILER_FLAGS=-mcpu=cortex-a9 -mfpu=vfpv3 -mfloat-abi=hard -nostar
TRACE::2025-06-24.14:45:13::SCWMssOS::tfiles -g -Wall -Wextra"

TRACE::2025-06-24.14:45:14::SCWMssOS::"Running Make include in ps7_cortexa9_0/libsrc/standalone_v7_2/src"

TRACE::2025-06-24.14:45:14::SCWMssOS::make -C ps7_cortexa9_0/libsrc/standalone_v7_2/src -s include  "SHELL=CMD" "COMPILER=arm-none-eabi-gcc" "ASSEMBLER=arm-none-eabi
TRACE::2025-06-24.14:45:14::SCWMssOS::-as" "ARCHIVER=arm-none-eabi-ar" "COMPILER_FLAGS=  -O2 -c" "EXTRA_COMPILER_FLAGS=-mcpu=cortex-a9 -mfpu=vfpv3 -mfloat-abi=hard -
TRACE::2025-06-24.14:45:14::SCWMssOS::nostartfiles -g -Wall -Wextra"

TRACE::2025-06-24.14:45:14::SCWMssOS::"Running Make include in ps7_cortexa9_0/libsrc/uartps_v3_9/src"

TRACE::2025-06-24.14:45:14::SCWMssOS::make -C ps7_cortexa9_0/libsrc/uartps_v3_9/src -s include  "SHELL=CMD" "COMPILER=arm-none-eabi-gcc" "ASSEMBLER=arm-none-eabi-as"
TRACE::2025-06-24.14:45:14::SCWMssOS:: "ARCHIVER=arm-none-eabi-ar" "COMPILER_FLAGS=  -O2 -c" "EXTRA_COMPILER_FLAGS=-mcpu=cortex-a9 -mfpu=vfpv3 -mfloat-abi=hard -nost
TRACE::2025-06-24.14:45:14::SCWMssOS::artfiles -g -Wall -Wextra"

TRACE::2025-06-24.14:45:15::SCWMssOS::"Running Make include in ps7_cortexa9_0/libsrc/usbps_v2_5/src"

TRACE::2025-06-24.14:45:15::SCWMssOS::make -C ps7_cortexa9_0/libsrc/usbps_v2_5/src -s include  "SHELL=CMD" "COMPILER=arm-none-eabi-gcc" "ASSEMBLER=arm-none-eabi-as" 
TRACE::2025-06-24.14:45:15::SCWMssOS::"ARCHIVER=arm-none-eabi-ar" "COMPILER_FLAGS=  -O2 -c" "EXTRA_COMPILER_FLAGS=-mcpu=cortex-a9 -mfpu=vfpv3 -mfloat-abi=hard -nosta
TRACE::2025-06-24.14:45:15::SCWMssOS::rtfiles -g -Wall -Wextra"

TRACE::2025-06-24.14:45:15::SCWMssOS::"Running Make include in ps7_cortexa9_0/libsrc/xadcps_v2_4/src"

TRACE::2025-06-24.14:45:15::SCWMssOS::make -C ps7_cortexa9_0/libsrc/xadcps_v2_4/src -s include  "SHELL=CMD" "COMPILER=arm-none-eabi-gcc" "ASSEMBLER=arm-none-eabi-as"
TRACE::2025-06-24.14:45:15::SCWMssOS:: "ARCHIVER=arm-none-eabi-ar" "COMPILER_FLAGS=  -O2 -c" "EXTRA_COMPILER_FLAGS=-mcpu=cortex-a9 -mfpu=vfpv3 -mfloat-abi=hard -nost
TRACE::2025-06-24.14:45:15::SCWMssOS::artfiles -g -Wall -Wextra"

TRACE::2025-06-24.14:45:15::SCWMssOS::"Running Make libs in ps7_cortexa9_0/libsrc/coresightps_dcc_v1_7/src"

TRACE::2025-06-24.14:45:15::SCWMssOS::make -C ps7_cortexa9_0/libsrc/coresightps_dcc_v1_7/src -s libs  "SHELL=CMD" "COMPILER=arm-none-eabi-gcc" "ASSEMBLER=arm-none-ea
TRACE::2025-06-24.14:45:15::SCWMssOS::bi-as" "ARCHIVER=arm-none-eabi-ar" "COMPILER_FLAGS=  -O2 -c" "EXTRA_COMPILER_FLAGS=-mcpu=cortex-a9 -mfpu=vfpv3 -mfloat-abi=hard
TRACE::2025-06-24.14:45:15::SCWMssOS:: -nostartfiles -g -Wall -Wextra"

TRACE::2025-06-24.14:45:15::SCWMssOS::"Compiling coresightps_dcc"

TRACE::2025-06-24.14:45:15::SCWMssOS::"Running Make libs in ps7_cortexa9_0/libsrc/cpu_cortexa9_v2_9/src"

TRACE::2025-06-24.14:45:16::SCWMssOS::make -C ps7_cortexa9_0/libsrc/cpu_cortexa9_v2_9/src -s libs  "SHELL=CMD" "COMPILER=arm-none-eabi-gcc" "ASSEMBLER=arm-none-eabi-
TRACE::2025-06-24.14:45:16::SCWMssOS::as" "ARCHIVER=arm-none-eabi-ar" "COMPILER_FLAGS=  -O2 -c" "EXTRA_COMPILER_FLAGS=-mcpu=cortex-a9 -mfpu=vfpv3 -mfloat-abi=hard -n
TRACE::2025-06-24.14:45:16::SCWMssOS::ostartfiles -g -Wall -Wextra"

TRACE::2025-06-24.14:45:16::SCWMssOS::"Compiling cpu_cortexa9"

TRACE::2025-06-24.14:45:16::SCWMssOS::"Running Make libs in ps7_cortexa9_0/libsrc/ddrps_v1_1/src"

TRACE::2025-06-24.14:45:16::SCWMssOS::make -C ps7_cortexa9_0/libsrc/ddrps_v1_1/src -s libs  "SHELL=CMD" "COMPILER=arm-none-eabi-gcc" "ASSEMBLER=arm-none-eabi-as" "AR
TRACE::2025-06-24.14:45:16::SCWMssOS::CHIVER=arm-none-eabi-ar" "COMPILER_FLAGS=  -O2 -c" "EXTRA_COMPILER_FLAGS=-mcpu=cortex-a9 -mfpu=vfpv3 -mfloat-abi=hard -nostartf
TRACE::2025-06-24.14:45:16::SCWMssOS::iles -g -Wall -Wextra"

TRACE::2025-06-24.14:45:16::SCWMssOS::"Compiling ddrps"

TRACE::2025-06-24.14:45:16::SCWMssOS::"Running Make libs in ps7_cortexa9_0/libsrc/devcfg_v3_6/src"

TRACE::2025-06-24.14:45:16::SCWMssOS::make -C ps7_cortexa9_0/libsrc/devcfg_v3_6/src -s libs  "SHELL=CMD" "COMPILER=arm-none-eabi-gcc" "ASSEMBLER=arm-none-eabi-as" "A
TRACE::2025-06-24.14:45:16::SCWMssOS::RCHIVER=arm-none-eabi-ar" "COMPILER_FLAGS=  -O2 -c" "EXTRA_COMPILER_FLAGS=-mcpu=cortex-a9 -mfpu=vfpv3 -mfloat-abi=hard -nostart
TRACE::2025-06-24.14:45:16::SCWMssOS::files -g -Wall -Wextra"

TRACE::2025-06-24.14:45:16::SCWMssOS::"Compiling devcfg"

TRACE::2025-06-24.14:45:17::SCWMssOS::"Running Make libs in ps7_cortexa9_0/libsrc/dmaps_v2_6/src"

TRACE::2025-06-24.14:45:17::SCWMssOS::make -C ps7_cortexa9_0/libsrc/dmaps_v2_6/src -s libs  "SHELL=CMD" "COMPILER=arm-none-eabi-gcc" "ASSEMBLER=arm-none-eabi-as" "AR
TRACE::2025-06-24.14:45:17::SCWMssOS::CHIVER=arm-none-eabi-ar" "COMPILER_FLAGS=  -O2 -c" "EXTRA_COMPILER_FLAGS=-mcpu=cortex-a9 -mfpu=vfpv3 -mfloat-abi=hard -nostartf
TRACE::2025-06-24.14:45:17::SCWMssOS::iles -g -Wall -Wextra"

TRACE::2025-06-24.14:45:18::SCWMssOS::"Compiling dmaps"

TRACE::2025-06-24.14:45:19::SCWMssOS::"Running Make libs in ps7_cortexa9_0/libsrc/emacps_v3_11/src"

TRACE::2025-06-24.14:45:19::SCWMssOS::make -C ps7_cortexa9_0/libsrc/emacps_v3_11/src -s libs  "SHELL=CMD" "COMPILER=arm-none-eabi-gcc" "ASSEMBLER=arm-none-eabi-as" "
TRACE::2025-06-24.14:45:19::SCWMssOS::ARCHIVER=arm-none-eabi-ar" "COMPILER_FLAGS=  -O2 -c" "EXTRA_COMPILER_FLAGS=-mcpu=cortex-a9 -mfpu=vfpv3 -mfloat-abi=hard -nostar
TRACE::2025-06-24.14:45:19::SCWMssOS::tfiles -g -Wall -Wextra"

TRACE::2025-06-24.14:45:19::SCWMssOS::"Compiling emacps"

TRACE::2025-06-24.14:45:21::SCWMssOS::"Running Make libs in ps7_cortexa9_0/libsrc/gpiops_v3_7/src"

TRACE::2025-06-24.14:45:21::SCWMssOS::make -C ps7_cortexa9_0/libsrc/gpiops_v3_7/src -s libs  "SHELL=CMD" "COMPILER=arm-none-eabi-gcc" "ASSEMBLER=arm-none-eabi-as" "A
TRACE::2025-06-24.14:45:21::SCWMssOS::RCHIVER=arm-none-eabi-ar" "COMPILER_FLAGS=  -O2 -c" "EXTRA_COMPILER_FLAGS=-mcpu=cortex-a9 -mfpu=vfpv3 -mfloat-abi=hard -nostart
TRACE::2025-06-24.14:45:21::SCWMssOS::files -g -Wall -Wextra"

TRACE::2025-06-24.14:45:21::SCWMssOS::"Compiling gpiops"

TRACE::2025-06-24.14:45:22::SCWMssOS::"Running Make libs in ps7_cortexa9_0/libsrc/gpio_v4_6/src"

TRACE::2025-06-24.14:45:22::SCWMssOS::make -C ps7_cortexa9_0/libsrc/gpio_v4_6/src -s libs  "SHELL=CMD" "COMPILER=arm-none-eabi-gcc" "ASSEMBLER=arm-none-eabi-as" "ARC
TRACE::2025-06-24.14:45:22::SCWMssOS::HIVER=arm-none-eabi-ar" "COMPILER_FLAGS=  -O2 -c" "EXTRA_COMPILER_FLAGS=-mcpu=cortex-a9 -mfpu=vfpv3 -mfloat-abi=hard -nostartfi
TRACE::2025-06-24.14:45:22::SCWMssOS::les -g -Wall -Wextra"

TRACE::2025-06-24.14:45:23::SCWMssOS::"Compiling gpio"

TRACE::2025-06-24.14:45:24::SCWMssOS::"Running Make libs in ps7_cortexa9_0/libsrc/qspips_v3_7/src"

TRACE::2025-06-24.14:45:24::SCWMssOS::make -C ps7_cortexa9_0/libsrc/qspips_v3_7/src -s libs  "SHELL=CMD" "COMPILER=arm-none-eabi-gcc" "ASSEMBLER=arm-none-eabi-as" "A
TRACE::2025-06-24.14:45:24::SCWMssOS::RCHIVER=arm-none-eabi-ar" "COMPILER_FLAGS=  -O2 -c" "EXTRA_COMPILER_FLAGS=-mcpu=cortex-a9 -mfpu=vfpv3 -mfloat-abi=hard -nostart
TRACE::2025-06-24.14:45:24::SCWMssOS::files -g -Wall -Wextra"

TRACE::2025-06-24.14:45:24::SCWMssOS::"Compiling qspips"

TRACE::2025-06-24.14:45:26::SCWMssOS::"Running Make libs in ps7_cortexa9_0/libsrc/scugic_v4_2/src"

TRACE::2025-06-24.14:45:26::SCWMssOS::make -C ps7_cortexa9_0/libsrc/scugic_v4_2/src -s libs  "SHELL=CMD" "COMPILER=arm-none-eabi-gcc" "ASSEMBLER=arm-none-eabi-as" "A
TRACE::2025-06-24.14:45:26::SCWMssOS::RCHIVER=arm-none-eabi-ar" "COMPILER_FLAGS=  -O2 -c" "EXTRA_COMPILER_FLAGS=-mcpu=cortex-a9 -mfpu=vfpv3 -mfloat-abi=hard -nostart
TRACE::2025-06-24.14:45:26::SCWMssOS::files -g -Wall -Wextra"

TRACE::2025-06-24.14:45:26::SCWMssOS::"Compiling scugic"

TRACE::2025-06-24.14:45:27::SCWMssOS::"Running Make libs in ps7_cortexa9_0/libsrc/scutimer_v2_2/src"

TRACE::2025-06-24.14:45:27::SCWMssOS::make -C ps7_cortexa9_0/libsrc/scutimer_v2_2/src -s libs  "SHELL=CMD" "COMPILER=arm-none-eabi-gcc" "ASSEMBLER=arm-none-eabi-as" 
TRACE::2025-06-24.14:45:27::SCWMssOS::"ARCHIVER=arm-none-eabi-ar" "COMPILER_FLAGS=  -O2 -c" "EXTRA_COMPILER_FLAGS=-mcpu=cortex-a9 -mfpu=vfpv3 -mfloat-abi=hard -nosta
TRACE::2025-06-24.14:45:27::SCWMssOS::rtfiles -g -Wall -Wextra"

TRACE::2025-06-24.14:45:27::SCWMssOS::"Compiling scutimer"

TRACE::2025-06-24.14:45:28::SCWMssOS::"Running Make libs in ps7_cortexa9_0/libsrc/scuwdt_v2_2/src"

TRACE::2025-06-24.14:45:28::SCWMssOS::make -C ps7_cortexa9_0/libsrc/scuwdt_v2_2/src -s libs  "SHELL=CMD" "COMPILER=arm-none-eabi-gcc" "ASSEMBLER=arm-none-eabi-as" "A
TRACE::2025-06-24.14:45:28::SCWMssOS::RCHIVER=arm-none-eabi-ar" "COMPILER_FLAGS=  -O2 -c" "EXTRA_COMPILER_FLAGS=-mcpu=cortex-a9 -mfpu=vfpv3 -mfloat-abi=hard -nostart
TRACE::2025-06-24.14:45:28::SCWMssOS::files -g -Wall -Wextra"

TRACE::2025-06-24.14:45:28::SCWMssOS::"Compiling scuwdt"

TRACE::2025-06-24.14:45:30::SCWMssOS::"Running Make libs in ps7_cortexa9_0/libsrc/sdps_v3_9/src"

TRACE::2025-06-24.14:45:30::SCWMssOS::make -C ps7_cortexa9_0/libsrc/sdps_v3_9/src -s libs  "SHELL=CMD" "COMPILER=arm-none-eabi-gcc" "ASSEMBLER=arm-none-eabi-as" "ARC
TRACE::2025-06-24.14:45:30::SCWMssOS::HIVER=arm-none-eabi-ar" "COMPILER_FLAGS=  -O2 -c" "EXTRA_COMPILER_FLAGS=-mcpu=cortex-a9 -mfpu=vfpv3 -mfloat-abi=hard -nostartfi
TRACE::2025-06-24.14:45:30::SCWMssOS::les -g -Wall -Wextra"

TRACE::2025-06-24.14:45:30::SCWMssOS::"Compiling sdps"

TRACE::2025-06-24.14:45:32::SCWMssOS::"Running Make libs in ps7_cortexa9_0/libsrc/standalone_v7_2/src"

TRACE::2025-06-24.14:45:32::SCWMssOS::make -C ps7_cortexa9_0/libsrc/standalone_v7_2/src -s libs  "SHELL=CMD" "COMPILER=arm-none-eabi-gcc" "ASSEMBLER=arm-none-eabi-as
TRACE::2025-06-24.14:45:32::SCWMssOS::" "ARCHIVER=arm-none-eabi-ar" "COMPILER_FLAGS=  -O2 -c" "EXTRA_COMPILER_FLAGS=-mcpu=cortex-a9 -mfpu=vfpv3 -mfloat-abi=hard -nos
TRACE::2025-06-24.14:45:32::SCWMssOS::tartfiles -g -Wall -Wextra"

TRACE::2025-06-24.14:45:32::SCWMssOS::"Compiling standalone"

TRACE::2025-06-24.14:45:38::SCWMssOS::"Running Make libs in ps7_cortexa9_0/libsrc/uartps_v3_9/src"

TRACE::2025-06-24.14:45:38::SCWMssOS::make -C ps7_cortexa9_0/libsrc/uartps_v3_9/src -s libs  "SHELL=CMD" "COMPILER=arm-none-eabi-gcc" "ASSEMBLER=arm-none-eabi-as" "A
TRACE::2025-06-24.14:45:38::SCWMssOS::RCHIVER=arm-none-eabi-ar" "COMPILER_FLAGS=  -O2 -c" "EXTRA_COMPILER_FLAGS=-mcpu=cortex-a9 -mfpu=vfpv3 -mfloat-abi=hard -nostart
TRACE::2025-06-24.14:45:38::SCWMssOS::files -g -Wall -Wextra"

TRACE::2025-06-24.14:45:38::SCWMssOS::"Compiling uartps"

TRACE::2025-06-24.14:45:40::SCWMssOS::"Running Make libs in ps7_cortexa9_0/libsrc/usbps_v2_5/src"

TRACE::2025-06-24.14:45:40::SCWMssOS::make -C ps7_cortexa9_0/libsrc/usbps_v2_5/src -s libs  "SHELL=CMD" "COMPILER=arm-none-eabi-gcc" "ASSEMBLER=arm-none-eabi-as" "AR
TRACE::2025-06-24.14:45:40::SCWMssOS::CHIVER=arm-none-eabi-ar" "COMPILER_FLAGS=  -O2 -c" "EXTRA_COMPILER_FLAGS=-mcpu=cortex-a9 -mfpu=vfpv3 -mfloat-abi=hard -nostartf
TRACE::2025-06-24.14:45:40::SCWMssOS::iles -g -Wall -Wextra"

TRACE::2025-06-24.14:45:40::SCWMssOS::"Compiling usbps"

TRACE::2025-06-24.14:45:42::SCWMssOS::"Running Make libs in ps7_cortexa9_0/libsrc/xadcps_v2_4/src"

TRACE::2025-06-24.14:45:42::SCWMssOS::make -C ps7_cortexa9_0/libsrc/xadcps_v2_4/src -s libs  "SHELL=CMD" "COMPILER=arm-none-eabi-gcc" "ASSEMBLER=arm-none-eabi-as" "A
TRACE::2025-06-24.14:45:42::SCWMssOS::RCHIVER=arm-none-eabi-ar" "COMPILER_FLAGS=  -O2 -c" "EXTRA_COMPILER_FLAGS=-mcpu=cortex-a9 -mfpu=vfpv3 -mfloat-abi=hard -nostart
TRACE::2025-06-24.14:45:42::SCWMssOS::files -g -Wall -Wextra"

TRACE::2025-06-24.14:45:42::SCWMssOS::"Compiling xadcps"

TRACE::2025-06-24.14:45:44::SCWMssOS::'Finished building libraries'

TRACE::2025-06-24.14:45:44::SCWMssOS::Copying to export directory.
TRACE::2025-06-24.14:45:44::SCWMssOS:: Checking if to create the Supporting Applications
TRACE::2025-06-24.14:45:44::SCWMssOS:: No Linux domain exists, trying to generate FSBL 
LOG::2025-06-24.14:45:44::SCWSystem::Completed Processing the domain domain_ps7_cortexa9_0
LOG::2025-06-24.14:45:44::SCWSystem::Completed Processing the sysconfig design_1_wrapper
LOG::2025-06-24.14:45:44::SCWPlatform::Completed generating the artifacts for system configuration design_1_wrapper
TRACE::2025-06-24.14:45:44::SCWPlatform::Started preparing the platform 
TRACE::2025-06-24.14:45:44::SCWSystem::Writing the bif file for system config design_1_wrapper
TRACE::2025-06-24.14:45:44::SCWSystem::dir created 
TRACE::2025-06-24.14:45:44::SCWSystem::Writing the bif 
TRACE::2025-06-24.14:45:44::SCWPlatform::Started writing the spfm file 
TRACE::2025-06-24.14:45:44::SCWPlatform::Started writing the xpfm file 
TRACE::2025-06-24.14:45:44::SCWPlatform::Completed generating the platform
TRACE::2025-06-24.14:45:44::SCWMssOS::Saving the mss changes C:/Users/andre/Projects/IEE2463-SEP-Proyecto-2-Z8/PS/vitis/design_1_wrapper/zynq_fsbl/zynq_fsbl_bsp/system.mss
TRACE::2025-06-24.14:45:44::SCWMssOS::Found a swdesign opened with the mssfile.
TRACE::2025-06-24.14:45:44::SCWMssOS::Completed writemss as part of save.
TRACE::2025-06-24.14:45:44::SCWMssOS::Commit changes completed.
TRACE::2025-06-24.14:45:44::SCWMssOS::Saving the mss changes C:/Users/andre/Projects/IEE2463-SEP-Proyecto-2-Z8/PS/vitis/design_1_wrapper/ps7_cortexa9_0/domain_ps7_cortexa9_0/bsp/system.mss
TRACE::2025-06-24.14:45:44::SCWMssOS::Found a swdesign opened with the mssfile.
TRACE::2025-06-24.14:45:44::SCWMssOS::Completed writemss as part of save.
TRACE::2025-06-24.14:45:44::SCWMssOS::Commit changes completed.
TRACE::2025-06-24.14:45:44::SCWPlatform::Trying to open the hw design at C:/Users/andre/Projects/IEE2463-SEP-Proyecto-2-Z8/PS/vitis/design_1_wrapper/hw/design_1_wrapper.xsa
TRACE::2025-06-24.14:45:44::SCWPlatform::DSA given C:/Users/andre/Projects/IEE2463-SEP-Proyecto-2-Z8/PS/vitis/design_1_wrapper/hw/design_1_wrapper.xsa
TRACE::2025-06-24.14:45:44::SCWPlatform::DSA absoulate path C:/Users/andre/Projects/IEE2463-SEP-Proyecto-2-Z8/PS/vitis/design_1_wrapper/hw/design_1_wrapper.xsa
TRACE::2025-06-24.14:45:44::SCWPlatform::DSA directory C:/Users/andre/Projects/IEE2463-SEP-Proyecto-2-Z8/PS/vitis/design_1_wrapper/hw
TRACE::2025-06-24.14:45:44::SCWPlatform:: Platform Path C:/Users/andre/Projects/IEE2463-SEP-Proyecto-2-Z8/PS/vitis/design_1_wrapper/hw/design_1_wrapper.xsa
TRACE::2025-06-24.14:45:44::SCWPlatform:: Unique name xilinx:zybo-z7-10::0.0
TRACE::2025-06-24.14:45:44::SCWPlatform::Trying to set the existing hwdb with name design_1_wrapper_0
TRACE::2025-06-24.14:45:44::SCWPlatform::Opened existing hwdb design_1_wrapper_0
TRACE::2025-06-24.14:45:44::SCWPlatform::Found the Hw Db part of the input DSA
TRACE::2025-06-24.14:45:44::SCWMssOS::Checking the sw design at  C:/Users/andre/Projects/IEE2463-SEP-Proyecto-2-Z8/PS/vitis/design_1_wrapper/zynq_fsbl/zynq_fsbl_bsp/system.mss
TRACE::2025-06-24.14:45:44::SCWMssOS::DEBUG:  swdes dump  C:/Users/andre/Projects/IEE2463-SEP-Proyecto-2-Z8/PS/vitis/design_1_wrapper/ps7_cortexa9_0/domain_ps7_cortexa9_0/bsp/system.mss|system_0||
C:/Users/andre/Projects/IEE2463-SEP-Proyecto-2-Z8/PS/vitis/design_1_wrapper/zynq_fsbl/zynq_fsbl_bsp/system.mss|system||

TRACE::2025-06-24.14:45:44::SCWMssOS::Sw design exists and opened at  C:/Users/andre/Projects/IEE2463-SEP-Proyecto-2-Z8/PS/vitis/design_1_wrapper/zynq_fsbl/zynq_fsbl_bsp/system.mss
TRACE::2025-06-24.14:45:44::SCWPlatform::Trying to open the hw design at C:/Users/andre/Projects/IEE2463-SEP-Proyecto-2-Z8/PS/vitis/design_1_wrapper/hw/design_1_wrapper.xsa
TRACE::2025-06-24.14:45:44::SCWPlatform::DSA given C:/Users/andre/Projects/IEE2463-SEP-Proyecto-2-Z8/PS/vitis/design_1_wrapper/hw/design_1_wrapper.xsa
TRACE::2025-06-24.14:45:44::SCWPlatform::DSA absoulate path C:/Users/andre/Projects/IEE2463-SEP-Proyecto-2-Z8/PS/vitis/design_1_wrapper/hw/design_1_wrapper.xsa
TRACE::2025-06-24.14:45:44::SCWPlatform::DSA directory C:/Users/andre/Projects/IEE2463-SEP-Proyecto-2-Z8/PS/vitis/design_1_wrapper/hw
TRACE::2025-06-24.14:45:44::SCWPlatform:: Platform Path C:/Users/andre/Projects/IEE2463-SEP-Proyecto-2-Z8/PS/vitis/design_1_wrapper/hw/design_1_wrapper.xsa
TRACE::2025-06-24.14:45:44::SCWPlatform:: Unique name xilinx:zybo-z7-10::0.0
TRACE::2025-06-24.14:45:44::SCWPlatform::Trying to set the existing hwdb with name design_1_wrapper_0
TRACE::2025-06-24.14:45:44::SCWPlatform::Opened existing hwdb design_1_wrapper_0
TRACE::2025-06-24.14:45:44::SCWPlatform::Found the Hw Db part of the input DSA
TRACE::2025-06-24.14:45:44::SCWMssOS::Checking the sw design at  C:/Users/andre/Projects/IEE2463-SEP-Proyecto-2-Z8/PS/vitis/design_1_wrapper/zynq_fsbl/zynq_fsbl_bsp/system.mss
TRACE::2025-06-24.14:45:44::SCWMssOS::DEBUG:  swdes dump  C:/Users/andre/Projects/IEE2463-SEP-Proyecto-2-Z8/PS/vitis/design_1_wrapper/ps7_cortexa9_0/domain_ps7_cortexa9_0/bsp/system.mss|system_0||
C:/Users/andre/Projects/IEE2463-SEP-Proyecto-2-Z8/PS/vitis/design_1_wrapper/zynq_fsbl/zynq_fsbl_bsp/system.mss|system||

TRACE::2025-06-24.14:45:44::SCWMssOS::Sw design exists and opened at  C:/Users/andre/Projects/IEE2463-SEP-Proyecto-2-Z8/PS/vitis/design_1_wrapper/zynq_fsbl/zynq_fsbl_bsp/system.mss
TRACE::2025-06-24.14:45:44::SCWPlatform::Trying to open the hw design at C:/Users/andre/Projects/IEE2463-SEP-Proyecto-2-Z8/PS/vitis/design_1_wrapper/hw/design_1_wrapper.xsa
TRACE::2025-06-24.14:45:44::SCWPlatform::DSA given C:/Users/andre/Projects/IEE2463-SEP-Proyecto-2-Z8/PS/vitis/design_1_wrapper/hw/design_1_wrapper.xsa
TRACE::2025-06-24.14:45:44::SCWPlatform::DSA absoulate path C:/Users/andre/Projects/IEE2463-SEP-Proyecto-2-Z8/PS/vitis/design_1_wrapper/hw/design_1_wrapper.xsa
TRACE::2025-06-24.14:45:44::SCWPlatform::DSA directory C:/Users/andre/Projects/IEE2463-SEP-Proyecto-2-Z8/PS/vitis/design_1_wrapper/hw
TRACE::2025-06-24.14:45:44::SCWPlatform:: Platform Path C:/Users/andre/Projects/IEE2463-SEP-Proyecto-2-Z8/PS/vitis/design_1_wrapper/hw/design_1_wrapper.xsa
TRACE::2025-06-24.14:45:44::SCWPlatform:: Unique name xilinx:zybo-z7-10::0.0
TRACE::2025-06-24.14:45:44::SCWPlatform::Trying to set the existing hwdb with name design_1_wrapper_0
TRACE::2025-06-24.14:45:44::SCWPlatform::Opened existing hwdb design_1_wrapper_0
TRACE::2025-06-24.14:45:44::SCWPlatform::Found the Hw Db part of the input DSA
TRACE::2025-06-24.14:45:44::SCWMssOS::Checking the sw design at  C:/Users/andre/Projects/IEE2463-SEP-Proyecto-2-Z8/PS/vitis/design_1_wrapper/zynq_fsbl/zynq_fsbl_bsp/system.mss
TRACE::2025-06-24.14:45:44::SCWMssOS::DEBUG:  swdes dump  C:/Users/andre/Projects/IEE2463-SEP-Proyecto-2-Z8/PS/vitis/design_1_wrapper/ps7_cortexa9_0/domain_ps7_cortexa9_0/bsp/system.mss|system_0||
C:/Users/andre/Projects/IEE2463-SEP-Proyecto-2-Z8/PS/vitis/design_1_wrapper/zynq_fsbl/zynq_fsbl_bsp/system.mss|system||

TRACE::2025-06-24.14:45:44::SCWMssOS::Sw design exists and opened at  C:/Users/andre/Projects/IEE2463-SEP-Proyecto-2-Z8/PS/vitis/design_1_wrapper/zynq_fsbl/zynq_fsbl_bsp/system.mss
TRACE::2025-06-24.14:45:44::SCWPlatform::Trying to open the hw design at C:/Users/andre/Projects/IEE2463-SEP-Proyecto-2-Z8/PS/vitis/design_1_wrapper/hw/design_1_wrapper.xsa
TRACE::2025-06-24.14:45:44::SCWPlatform::DSA given C:/Users/andre/Projects/IEE2463-SEP-Proyecto-2-Z8/PS/vitis/design_1_wrapper/hw/design_1_wrapper.xsa
TRACE::2025-06-24.14:45:44::SCWPlatform::DSA absoulate path C:/Users/andre/Projects/IEE2463-SEP-Proyecto-2-Z8/PS/vitis/design_1_wrapper/hw/design_1_wrapper.xsa
TRACE::2025-06-24.14:45:44::SCWPlatform::DSA directory C:/Users/andre/Projects/IEE2463-SEP-Proyecto-2-Z8/PS/vitis/design_1_wrapper/hw
TRACE::2025-06-24.14:45:44::SCWPlatform:: Platform Path C:/Users/andre/Projects/IEE2463-SEP-Proyecto-2-Z8/PS/vitis/design_1_wrapper/hw/design_1_wrapper.xsa
TRACE::2025-06-24.14:45:44::SCWPlatform:: Unique name xilinx:zybo-z7-10::0.0
TRACE::2025-06-24.14:45:44::SCWPlatform::Trying to set the existing hwdb with name design_1_wrapper_0
TRACE::2025-06-24.14:45:44::SCWPlatform::Opened existing hwdb design_1_wrapper_0
TRACE::2025-06-24.14:45:44::SCWPlatform::Found the Hw Db part of the input DSA
TRACE::2025-06-24.14:45:44::SCWMssOS::Checking the sw design at  C:/Users/andre/Projects/IEE2463-SEP-Proyecto-2-Z8/PS/vitis/design_1_wrapper/ps7_cortexa9_0/domain_ps7_cortexa9_0/bsp/system.mss
TRACE::2025-06-24.14:45:44::SCWMssOS::DEBUG:  swdes dump  C:/Users/andre/Projects/IEE2463-SEP-Proyecto-2-Z8/PS/vitis/design_1_wrapper/ps7_cortexa9_0/domain_ps7_cortexa9_0/bsp/system.mss|system_0||
C:/Users/andre/Projects/IEE2463-SEP-Proyecto-2-Z8/PS/vitis/design_1_wrapper/zynq_fsbl/zynq_fsbl_bsp/system.mss|system||

TRACE::2025-06-24.14:45:44::SCWMssOS::Sw design exists and opened at  C:/Users/andre/Projects/IEE2463-SEP-Proyecto-2-Z8/PS/vitis/design_1_wrapper/ps7_cortexa9_0/domain_ps7_cortexa9_0/bsp/system.mss
TRACE::2025-06-24.14:45:44::SCWPlatform::Trying to open the hw design at C:/Users/andre/Projects/IEE2463-SEP-Proyecto-2-Z8/PS/vitis/design_1_wrapper/hw/design_1_wrapper.xsa
TRACE::2025-06-24.14:45:44::SCWPlatform::DSA given C:/Users/andre/Projects/IEE2463-SEP-Proyecto-2-Z8/PS/vitis/design_1_wrapper/hw/design_1_wrapper.xsa
TRACE::2025-06-24.14:45:44::SCWPlatform::DSA absoulate path C:/Users/andre/Projects/IEE2463-SEP-Proyecto-2-Z8/PS/vitis/design_1_wrapper/hw/design_1_wrapper.xsa
TRACE::2025-06-24.14:45:44::SCWPlatform::DSA directory C:/Users/andre/Projects/IEE2463-SEP-Proyecto-2-Z8/PS/vitis/design_1_wrapper/hw
TRACE::2025-06-24.14:45:44::SCWPlatform:: Platform Path C:/Users/andre/Projects/IEE2463-SEP-Proyecto-2-Z8/PS/vitis/design_1_wrapper/hw/design_1_wrapper.xsa
TRACE::2025-06-24.14:45:44::SCWPlatform:: Unique name xilinx:zybo-z7-10::0.0
TRACE::2025-06-24.14:45:44::SCWPlatform::Trying to set the existing hwdb with name design_1_wrapper_0
TRACE::2025-06-24.14:45:44::SCWPlatform::Opened existing hwdb design_1_wrapper_0
TRACE::2025-06-24.14:45:44::SCWPlatform::Found the Hw Db part of the input DSA
TRACE::2025-06-24.14:45:44::SCWMssOS::Checking the sw design at  C:/Users/andre/Projects/IEE2463-SEP-Proyecto-2-Z8/PS/vitis/design_1_wrapper/ps7_cortexa9_0/domain_ps7_cortexa9_0/bsp/system.mss
TRACE::2025-06-24.14:45:44::SCWMssOS::DEBUG:  swdes dump  C:/Users/andre/Projects/IEE2463-SEP-Proyecto-2-Z8/PS/vitis/design_1_wrapper/ps7_cortexa9_0/domain_ps7_cortexa9_0/bsp/system.mss|system_0||
C:/Users/andre/Projects/IEE2463-SEP-Proyecto-2-Z8/PS/vitis/design_1_wrapper/zynq_fsbl/zynq_fsbl_bsp/system.mss|system||

TRACE::2025-06-24.14:45:44::SCWMssOS::Sw design exists and opened at  C:/Users/andre/Projects/IEE2463-SEP-Proyecto-2-Z8/PS/vitis/design_1_wrapper/ps7_cortexa9_0/domain_ps7_cortexa9_0/bsp/system.mss
TRACE::2025-06-24.14:45:44::SCWPlatform::Trying to open the hw design at C:/Users/andre/Projects/IEE2463-SEP-Proyecto-2-Z8/PS/vitis/design_1_wrapper/hw/design_1_wrapper.xsa
TRACE::2025-06-24.14:45:44::SCWPlatform::DSA given C:/Users/andre/Projects/IEE2463-SEP-Proyecto-2-Z8/PS/vitis/design_1_wrapper/hw/design_1_wrapper.xsa
TRACE::2025-06-24.14:45:44::SCWPlatform::DSA absoulate path C:/Users/andre/Projects/IEE2463-SEP-Proyecto-2-Z8/PS/vitis/design_1_wrapper/hw/design_1_wrapper.xsa
TRACE::2025-06-24.14:45:44::SCWPlatform::DSA directory C:/Users/andre/Projects/IEE2463-SEP-Proyecto-2-Z8/PS/vitis/design_1_wrapper/hw
TRACE::2025-06-24.14:45:44::SCWPlatform:: Platform Path C:/Users/andre/Projects/IEE2463-SEP-Proyecto-2-Z8/PS/vitis/design_1_wrapper/hw/design_1_wrapper.xsa
TRACE::2025-06-24.14:45:44::SCWPlatform:: Unique name xilinx:zybo-z7-10::0.0
TRACE::2025-06-24.14:45:44::SCWPlatform::Trying to set the existing hwdb with name design_1_wrapper_0
TRACE::2025-06-24.14:45:44::SCWPlatform::Opened existing hwdb design_1_wrapper_0
TRACE::2025-06-24.14:45:44::SCWPlatform::Found the Hw Db part of the input DSA
TRACE::2025-06-24.14:45:44::SCWMssOS::Checking the sw design at  C:/Users/andre/Projects/IEE2463-SEP-Proyecto-2-Z8/PS/vitis/design_1_wrapper/ps7_cortexa9_0/domain_ps7_cortexa9_0/bsp/system.mss
TRACE::2025-06-24.14:45:44::SCWMssOS::DEBUG:  swdes dump  C:/Users/andre/Projects/IEE2463-SEP-Proyecto-2-Z8/PS/vitis/design_1_wrapper/ps7_cortexa9_0/domain_ps7_cortexa9_0/bsp/system.mss|system_0||
C:/Users/andre/Projects/IEE2463-SEP-Proyecto-2-Z8/PS/vitis/design_1_wrapper/zynq_fsbl/zynq_fsbl_bsp/system.mss|system||

TRACE::2025-06-24.14:45:44::SCWMssOS::Sw design exists and opened at  C:/Users/andre/Projects/IEE2463-SEP-Proyecto-2-Z8/PS/vitis/design_1_wrapper/ps7_cortexa9_0/domain_ps7_cortexa9_0/bsp/system.mss
TRACE::2025-06-24.14:45:44::SCWWriter::formatted JSON is {
	"platformName":	"design_1_wrapper",
	"sprVersion":	"2.0",
	"mode":	"gui",
	"dsaType":	"Fixed",
	"platformDesc":	"design_1_wrapper",
	"platHandOff":	"C:/Users/andre/Projects/IEE2463-SEP-Proyecto-2-Z8/PS/vivado/Ps/design_1_wrapper.xsa",
	"platIntHandOff":	"<platformDir>/hw/design_1_wrapper.xsa",
	"deviceType":	"zynq",
	"platIsPrebuiltAutogen":	"false",
	"platIsNoBootBsp":	"false",
	"platFsblTarget":	"ps7_cortexa9_0",
	"hasFsblMakeHasChanges":	"false",
	"hasPmufwMakeHasChanges":	"false",
	"fsblExtraCompilerFlags":	"-MMD -MP       -mcpu=cortex-a9 -mfpu=vfpv3 -mfloat-abi=hard ",
	"platPreBuiltFlag":	false,
	"platformSamplesDir":	"",
	"platActiveSys":	"design_1_wrapper",
	"systems":	[{
			"systemName":	"design_1_wrapper",
			"systemDesc":	"design_1_wrapper",
			"sysIsBootAutoGen":	"true",
			"systemDispName":	"design_1_wrapper",
			"sysActiveDom":	"domain_ps7_cortexa9_0",
			"sysDefaultDom":	"domain_ps7_cortexa9_0",
			"domains":	[{
					"domainName":	"zynq_fsbl",
					"domainDispName":	"zynq_fsbl",
					"domainDesc":	"FSBL Application BSP - Auto Generated.",
					"processors":	"ps7_cortexa9_0",
					"os":	"standalone",
					"sdxOs":	"standalone",
					"debugEnable":	"",
					"domRuntimes":	["cpp"],
					"swRepo":	"",
					"mssOsVer":	"7.2",
					"mssFile":	"",
					"md5Digest":	"e4150e6453ef70755561bfa5cb30972d",
					"compatibleApp":	"zynq_fsbl",
					"domType":	"bootDomain",
					"arch":	"32-bit",
					"appSettings":	{
						"appCompilerFlags":	"",
						"appLinkerFlags":	""
					},
					"addedLibs":	["xilffs:4.3", "xilrsa:1.6"],
					"libOptions":	{
						"libsContainingOptions":	[]
					},
					"prebuiltLibs":	{
						"prebuiltIncPath":	[],
						"prebuiltLibPath":	[]
					},
					"isolation":	{
					}
				}, {
					"domainName":	"domain_ps7_cortexa9_0",
					"domainDispName":	"domain_ps7_cortexa9_0",
					"domainDesc":	"domain_ps7_cortexa9_0",
					"processors":	"ps7_cortexa9_0",
					"os":	"standalone",
					"sdxOs":	"standalone",
					"qemuArgs":	"C:/Xilinx/Vitis/2020.1/data/emulation/platforms/zynq/qemu/qemu_args.txt",
					"qemuData":	"C:/Xilinx/Vitis/2020.1/data/emulation/platforms/zynq/qemu/",
					"debugEnable":	"False",
					"domRuntimes":	["cpp"],
					"swRepo":	"",
					"mssOsVer":	"7.2",
					"mssFile":	"",
					"md5Digest":	"7610284c8612f6d6936a9aa955cad5ea",
					"compatibleApp":	"hello_world",
					"domType":	"mssDomain",
					"arch":	"32-bit",
					"appSettings":	{
						"appCompilerFlags":	"",
						"appLinkerFlags":	""
					},
					"addedLibs":	[],
					"libOptions":	{
						"libsContainingOptions":	[]
					},
					"prebuiltLibs":	{
						"prebuiltIncPath":	[],
						"prebuiltLibPath":	[]
					},
					"isolation":	{
					}
				}]
		}]
}
KEYINFO::2025-06-24.14:45:44::SCWPlatform::updated the xpfm file.
TRACE::2025-06-24.14:45:44::SCWPlatform::Trying to open the hw design at C:/Users/andre/Projects/IEE2463-SEP-Proyecto-2-Z8/PS/vitis/design_1_wrapper/hw/design_1_wrapper.xsa
TRACE::2025-06-24.14:45:44::SCWPlatform::DSA given C:/Users/andre/Projects/IEE2463-SEP-Proyecto-2-Z8/PS/vitis/design_1_wrapper/hw/design_1_wrapper.xsa
TRACE::2025-06-24.14:45:44::SCWPlatform::DSA absoulate path C:/Users/andre/Projects/IEE2463-SEP-Proyecto-2-Z8/PS/vitis/design_1_wrapper/hw/design_1_wrapper.xsa
TRACE::2025-06-24.14:45:44::SCWPlatform::DSA directory C:/Users/andre/Projects/IEE2463-SEP-Proyecto-2-Z8/PS/vitis/design_1_wrapper/hw
TRACE::2025-06-24.14:45:44::SCWPlatform:: Platform Path C:/Users/andre/Projects/IEE2463-SEP-Proyecto-2-Z8/PS/vitis/design_1_wrapper/hw/design_1_wrapper.xsa
TRACE::2025-06-24.14:45:44::SCWPlatform:: Unique name xilinx:zybo-z7-10::0.0
TRACE::2025-06-24.14:45:44::SCWPlatform::Trying to set the existing hwdb with name design_1_wrapper_0
TRACE::2025-06-24.14:45:44::SCWPlatform::Opened existing hwdb design_1_wrapper_0
TRACE::2025-06-24.14:45:44::SCWPlatform::Found the Hw Db part of the input DSA
TRACE::2025-06-24.14:45:44::SCWMssOS::Checking the sw design at  C:/Users/andre/Projects/IEE2463-SEP-Proyecto-2-Z8/PS/vitis/design_1_wrapper/ps7_cortexa9_0/domain_ps7_cortexa9_0/bsp/system.mss
TRACE::2025-06-24.14:45:44::SCWMssOS::DEBUG:  swdes dump  C:/Users/andre/Projects/IEE2463-SEP-Proyecto-2-Z8/PS/vitis/design_1_wrapper/ps7_cortexa9_0/domain_ps7_cortexa9_0/bsp/system.mss|system_0||
C:/Users/andre/Projects/IEE2463-SEP-Proyecto-2-Z8/PS/vitis/design_1_wrapper/zynq_fsbl/zynq_fsbl_bsp/system.mss|system||

TRACE::2025-06-24.14:45:44::SCWMssOS::Sw design exists and opened at  C:/Users/andre/Projects/IEE2463-SEP-Proyecto-2-Z8/PS/vitis/design_1_wrapper/ps7_cortexa9_0/domain_ps7_cortexa9_0/bsp/system.mss
