TRACE::2025-06-25.15:45:07::SCWPlatform::Trying to open the hw design at D:/proyectosep2/IEE2463-SEP-Proyecto-2-Z8/1_core/vitis/1_core_plt/hw/DEMO_wrapper.xsa
TRACE::2025-06-25.15:45:07::SCWPlatform::DSA given D:/proyectosep2/IEE2463-SEP-Proyecto-2-Z8/1_core/vitis/1_core_plt/hw/DEMO_wrapper.xsa
TRACE::2025-06-25.15:45:07::SCWPlatform::DSA absoulate path D:/proyectosep2/IEE2463-SEP-Proyecto-2-Z8/1_core/vitis/1_core_plt/hw/DEMO_wrapper.xsa
TRACE::2025-06-25.15:45:08::SCWPlatform::DSA directory D:/proyectosep2/IEE2463-SEP-Proyecto-2-Z8/1_core/vitis/1_core_plt/hw
TRACE::2025-06-25.15:45:09::SCWPlatform:: Platform Path D:/proyectosep2/IEE2463-SEP-Proyecto-2-Z8/1_core/vitis/1_core_plt/hw/DEMO_wrapper.xsa
TRACE::2025-06-25.15:45:09::SCWPlatform:: Unique name xilinx:zybo-z7-10::0.0
TRACE::2025-06-25.15:45:09::SCWPlatform::Do not have an existing db opened. 
TRACE::2025-06-25.15:45:11::SCWPlatform::Opened new HwDB with name DEMO_wrapper_0
TRACE::2025-06-25.15:45:11::SCWWriter::formatted JSON is {
	"platformName":	"1_core_plt",
	"sprVersion":	"2.0",
	"mode":	"gui",
	"dsaType":	"Fixed",
	"platformDesc":	"1_core_plt",
	"platHandOff":	"D:/proyectosep2/IEE2463-SEP-Proyecto-2-Z8/full_hardware/vivado/DEMO_wrapper.xsa",
	"platIntHandOff":	"<platformDir>/hw/DEMO_wrapper.xsa",
	"deviceType":	"zynq",
	"platIsPrebuiltAutogen":	"false",
	"platIsNoBootBsp":	"false",
	"hasFsblMakeHasChanges":	"false",
	"hasPmufwMakeHasChanges":	"false",
	"platPreBuiltFlag":	false,
	"platformSamplesDir":	""
}
TRACE::2025-06-25.15:45:11::SCWWriter::formatted JSON is {
	"platformName":	"1_core_plt",
	"sprVersion":	"2.0",
	"mode":	"gui",
	"dsaType":	"Fixed",
	"platformDesc":	"1_core_plt",
	"platHandOff":	"D:/proyectosep2/IEE2463-SEP-Proyecto-2-Z8/full_hardware/vivado/DEMO_wrapper.xsa",
	"platIntHandOff":	"<platformDir>/hw/DEMO_wrapper.xsa",
	"deviceType":	"zynq",
	"platIsPrebuiltAutogen":	"false",
	"platIsNoBootBsp":	"false",
	"hasFsblMakeHasChanges":	"false",
	"hasPmufwMakeHasChanges":	"false",
	"platPreBuiltFlag":	false,
	"platformSamplesDir":	"",
	"platActiveSys":	"1_core_plt",
	"systems":	[{
			"systemName":	"1_core_plt",
			"systemDesc":	"1_core_plt",
			"sysIsBootAutoGen":	"true",
			"systemDispName":	"1_core_plt"
		}]
}
TRACE::2025-06-25.15:45:12::SCWPlatform::Boot application domains not present, creating them
TRACE::2025-06-25.15:45:12::SCWDomain::checking for install qemu data   : 
TRACE::2025-06-25.15:45:12::SCWDomain:: Using the QEMU Data from install at  : D:/Xilinx/Vitis/2020.1/data/emulation/platforms/zynq/qemu/
TRACE::2025-06-25.15:45:12::SCWDomain:: Using the QEMU args  from install at  : D:/Xilinx/Vitis/2020.1/data/emulation/platforms/zynq/qemu/qemu_args.txt
TRACE::2025-06-25.15:45:12::SCWPlatform::Trying to open the hw design at D:/proyectosep2/IEE2463-SEP-Proyecto-2-Z8/1_core/vitis/1_core_plt/hw/DEMO_wrapper.xsa
TRACE::2025-06-25.15:45:12::SCWPlatform::DSA given D:/proyectosep2/IEE2463-SEP-Proyecto-2-Z8/1_core/vitis/1_core_plt/hw/DEMO_wrapper.xsa
TRACE::2025-06-25.15:45:12::SCWPlatform::DSA absoulate path D:/proyectosep2/IEE2463-SEP-Proyecto-2-Z8/1_core/vitis/1_core_plt/hw/DEMO_wrapper.xsa
TRACE::2025-06-25.15:45:12::SCWPlatform::DSA directory D:/proyectosep2/IEE2463-SEP-Proyecto-2-Z8/1_core/vitis/1_core_plt/hw
TRACE::2025-06-25.15:45:12::SCWPlatform:: Platform Path D:/proyectosep2/IEE2463-SEP-Proyecto-2-Z8/1_core/vitis/1_core_plt/hw/DEMO_wrapper.xsa
TRACE::2025-06-25.15:45:12::SCWPlatform:: Unique name xilinx:zybo-z7-10::0.0
TRACE::2025-06-25.15:45:12::SCWPlatform::Trying to set the existing hwdb with name DEMO_wrapper_0
TRACE::2025-06-25.15:45:12::SCWPlatform::Opened existing hwdb DEMO_wrapper_0
TRACE::2025-06-25.15:45:12::SCWPlatform::Found the Hw Db part of the input DSA
TRACE::2025-06-25.15:45:12::SCWPlatform::Trying to open the hw design at D:/proyectosep2/IEE2463-SEP-Proyecto-2-Z8/1_core/vitis/1_core_plt/hw/DEMO_wrapper.xsa
TRACE::2025-06-25.15:45:12::SCWPlatform::DSA given D:/proyectosep2/IEE2463-SEP-Proyecto-2-Z8/1_core/vitis/1_core_plt/hw/DEMO_wrapper.xsa
TRACE::2025-06-25.15:45:12::SCWPlatform::DSA absoulate path D:/proyectosep2/IEE2463-SEP-Proyecto-2-Z8/1_core/vitis/1_core_plt/hw/DEMO_wrapper.xsa
TRACE::2025-06-25.15:45:12::SCWPlatform::DSA directory D:/proyectosep2/IEE2463-SEP-Proyecto-2-Z8/1_core/vitis/1_core_plt/hw
TRACE::2025-06-25.15:45:12::SCWPlatform:: Platform Path D:/proyectosep2/IEE2463-SEP-Proyecto-2-Z8/1_core/vitis/1_core_plt/hw/DEMO_wrapper.xsa
TRACE::2025-06-25.15:45:12::SCWPlatform:: Unique name xilinx:zybo-z7-10::0.0
TRACE::2025-06-25.15:45:12::SCWPlatform::Trying to set the existing hwdb with name DEMO_wrapper_0
TRACE::2025-06-25.15:45:12::SCWPlatform::Opened existing hwdb DEMO_wrapper_0
TRACE::2025-06-25.15:45:12::SCWPlatform::Found the Hw Db part of the input DSA
TRACE::2025-06-25.15:45:12::SCWPlatform::Trying to open the hw design at D:/proyectosep2/IEE2463-SEP-Proyecto-2-Z8/1_core/vitis/1_core_plt/hw/DEMO_wrapper.xsa
TRACE::2025-06-25.15:45:12::SCWPlatform::DSA given D:/proyectosep2/IEE2463-SEP-Proyecto-2-Z8/1_core/vitis/1_core_plt/hw/DEMO_wrapper.xsa
TRACE::2025-06-25.15:45:12::SCWPlatform::DSA absoulate path D:/proyectosep2/IEE2463-SEP-Proyecto-2-Z8/1_core/vitis/1_core_plt/hw/DEMO_wrapper.xsa
TRACE::2025-06-25.15:45:12::SCWPlatform::DSA directory D:/proyectosep2/IEE2463-SEP-Proyecto-2-Z8/1_core/vitis/1_core_plt/hw
TRACE::2025-06-25.15:45:12::SCWPlatform:: Platform Path D:/proyectosep2/IEE2463-SEP-Proyecto-2-Z8/1_core/vitis/1_core_plt/hw/DEMO_wrapper.xsa
TRACE::2025-06-25.15:45:12::SCWPlatform:: Unique name xilinx:zybo-z7-10::0.0
TRACE::2025-06-25.15:45:12::SCWPlatform::Trying to set the existing hwdb with name DEMO_wrapper_0
TRACE::2025-06-25.15:45:12::SCWPlatform::Opened existing hwdb DEMO_wrapper_0
TRACE::2025-06-25.15:45:12::SCWPlatform::Found the Hw Db part of the input DSA
TRACE::2025-06-25.15:45:12::SCWPlatform::Boot application domain added for zynq_fsbl
TRACE::2025-06-25.15:45:12::SCWPlatform::Generating the sources  .
TRACE::2025-06-25.15:45:12::SCWBDomain::Generating boot domain sources.
TRACE::2025-06-25.15:45:12::SCWBDomain:: Generating the zynq_fsbl Application.
TRACE::2025-06-25.15:45:12::SCWPlatform::Trying to open the hw design at D:/proyectosep2/IEE2463-SEP-Proyecto-2-Z8/1_core/vitis/1_core_plt/hw/DEMO_wrapper.xsa
TRACE::2025-06-25.15:45:12::SCWPlatform::DSA given D:/proyectosep2/IEE2463-SEP-Proyecto-2-Z8/1_core/vitis/1_core_plt/hw/DEMO_wrapper.xsa
TRACE::2025-06-25.15:45:12::SCWPlatform::DSA absoulate path D:/proyectosep2/IEE2463-SEP-Proyecto-2-Z8/1_core/vitis/1_core_plt/hw/DEMO_wrapper.xsa
TRACE::2025-06-25.15:45:12::SCWPlatform::DSA directory D:/proyectosep2/IEE2463-SEP-Proyecto-2-Z8/1_core/vitis/1_core_plt/hw
TRACE::2025-06-25.15:45:12::SCWPlatform:: Platform Path D:/proyectosep2/IEE2463-SEP-Proyecto-2-Z8/1_core/vitis/1_core_plt/hw/DEMO_wrapper.xsa
TRACE::2025-06-25.15:45:12::SCWPlatform:: Unique name xilinx:zybo-z7-10::0.0
TRACE::2025-06-25.15:45:12::SCWPlatform::Trying to set the existing hwdb with name DEMO_wrapper_0
TRACE::2025-06-25.15:45:12::SCWPlatform::Opened existing hwdb DEMO_wrapper_0
TRACE::2025-06-25.15:45:12::SCWPlatform::Found the Hw Db part of the input DSA
TRACE::2025-06-25.15:45:12::SCWMssOS::Checking the sw design at  D:/proyectosep2/IEE2463-SEP-Proyecto-2-Z8/1_core/vitis/1_core_plt/zynq_fsbl/zynq_fsbl_bsp/system.mss
TRACE::2025-06-25.15:45:12::SCWMssOS::DEBUG:  swdes dump  
TRACE::2025-06-25.15:45:12::SCWMssOS::No sw design opened at  D:/proyectosep2/IEE2463-SEP-Proyecto-2-Z8/1_core/vitis/1_core_plt/zynq_fsbl/zynq_fsbl_bsp/system.mss
TRACE::2025-06-25.15:45:12::SCWMssOS::mss does not exists at D:/proyectosep2/IEE2463-SEP-Proyecto-2-Z8/1_core/vitis/1_core_plt/zynq_fsbl/zynq_fsbl_bsp/system.mss
TRACE::2025-06-25.15:45:12::SCWMssOS::Creating sw design at  D:/proyectosep2/IEE2463-SEP-Proyecto-2-Z8/1_core/vitis/1_core_plt/zynq_fsbl/zynq_fsbl_bsp/system.mss
TRACE::2025-06-25.15:45:12::SCWMssOS::Adding the swdes entry, created swdb D:/proyectosep2/IEE2463-SEP-Proyecto-2-Z8/1_core/vitis/1_core_plt/zynq_fsbl/zynq_fsbl_bsp/system.mss with des name D:/proyectosep2/IEE2463-SEP-Proyecto-2-Z8/1_core/vitis/1_core_plt/zynq_fsbl/zynq_fsbl_bsp/system.mss
TRACE::2025-06-25.15:45:12::SCWMssOS::updating the scw layer changes to swdes at   D:/proyectosep2/IEE2463-SEP-Proyecto-2-Z8/1_core/vitis/1_core_plt/zynq_fsbl/zynq_fsbl_bsp/system.mss
TRACE::2025-06-25.15:45:12::SCWMssOS::Writing mss at D:/proyectosep2/IEE2463-SEP-Proyecto-2-Z8/1_core/vitis/1_core_plt/zynq_fsbl/zynq_fsbl_bsp/system.mss
TRACE::2025-06-25.15:45:12::SCWMssOS::Completed writing the mss file at D:/proyectosep2/IEE2463-SEP-Proyecto-2-Z8/1_core/vitis/1_core_plt/zynq_fsbl/zynq_fsbl_bsp
TRACE::2025-06-25.15:45:12::SCWMssOS::Picking up changes from newly written mss file into SCW Layer. 
TRACE::2025-06-25.15:45:12::SCWMssOS::Updated the changes from newly written mss file into SCW Layer. 
TRACE::2025-06-25.15:45:12::SCWBDomain::Completed writing the mss file at D:/proyectosep2/IEE2463-SEP-Proyecto-2-Z8/1_core/vitis/1_core_plt/zynq_fsbl/zynq_fsbl_bsp
TRACE::2025-06-25.15:45:44::SCWPlatform::Generating sources Done.
TRACE::2025-06-25.15:45:44::SCWPlatform::Trying to open the hw design at D:/proyectosep2/IEE2463-SEP-Proyecto-2-Z8/1_core/vitis/1_core_plt/hw/DEMO_wrapper.xsa
TRACE::2025-06-25.15:45:44::SCWPlatform::DSA given D:/proyectosep2/IEE2463-SEP-Proyecto-2-Z8/1_core/vitis/1_core_plt/hw/DEMO_wrapper.xsa
TRACE::2025-06-25.15:45:44::SCWPlatform::DSA absoulate path D:/proyectosep2/IEE2463-SEP-Proyecto-2-Z8/1_core/vitis/1_core_plt/hw/DEMO_wrapper.xsa
TRACE::2025-06-25.15:45:44::SCWPlatform::DSA directory D:/proyectosep2/IEE2463-SEP-Proyecto-2-Z8/1_core/vitis/1_core_plt/hw
TRACE::2025-06-25.15:45:44::SCWPlatform:: Platform Path D:/proyectosep2/IEE2463-SEP-Proyecto-2-Z8/1_core/vitis/1_core_plt/hw/DEMO_wrapper.xsa
TRACE::2025-06-25.15:45:44::SCWPlatform:: Unique name xilinx:zybo-z7-10::0.0
TRACE::2025-06-25.15:45:44::SCWPlatform::Trying to set the existing hwdb with name DEMO_wrapper_0
TRACE::2025-06-25.15:45:44::SCWPlatform::Opened existing hwdb DEMO_wrapper_0
TRACE::2025-06-25.15:45:44::SCWPlatform::Found the Hw Db part of the input DSA
TRACE::2025-06-25.15:45:44::SCWMssOS::Checking the sw design at  D:/proyectosep2/IEE2463-SEP-Proyecto-2-Z8/1_core/vitis/1_core_plt/zynq_fsbl/zynq_fsbl_bsp/system.mss
TRACE::2025-06-25.15:45:44::SCWMssOS::DEBUG:  swdes dump  D:/proyectosep2/IEE2463-SEP-Proyecto-2-Z8/1_core/vitis/1_core_plt/zynq_fsbl/zynq_fsbl_bsp/system.mss|D:/proyectosep2/IEE2463-SEP-Proyecto-2-Z8/1_core/vitis/1_core_plt/zynq_fsbl/zynq_fsbl_bsp/system.mss||

KEYINFO::2025-06-25.15:45:44::SCWMssOS::Could not open the swdb for D:/proyectosep2/IEE2463-SEP-Proyecto-2-Z8/1_core/vitis/1_core_plt/zynq_fsbl/zynq_fsbl_bsp/system.mss
KEYINFO::2025-06-25.15:45:44::SCWMssOS::Could not open the sw design at  D:/proyectosep2/IEE2463-SEP-Proyecto-2-Z8/1_core/vitis/1_core_plt/zynq_fsbl/zynq_fsbl_bsp/system.mss
ERROR: [Hsi 55-1558] Software Design D:/proyectosep2/IEE2463-SEP-Proyecto-2-Z8/1_core/vitis/1_core_plt/zynq_fsbl/zynq_fsbl_bsp/system.mss is not found

TRACE::2025-06-25.15:45:44::SCWMssOS::Cleared the swdb table entry
TRACE::2025-06-25.15:45:44::SCWMssOS::No sw design opened at  D:/proyectosep2/IEE2463-SEP-Proyecto-2-Z8/1_core/vitis/1_core_plt/zynq_fsbl/zynq_fsbl_bsp/system.mss
TRACE::2025-06-25.15:45:44::SCWMssOS::mss exists loading the mss file  D:/proyectosep2/IEE2463-SEP-Proyecto-2-Z8/1_core/vitis/1_core_plt/zynq_fsbl/zynq_fsbl_bsp/system.mss
TRACE::2025-06-25.15:45:44::SCWMssOS::Opened the sw design from mss  D:/proyectosep2/IEE2463-SEP-Proyecto-2-Z8/1_core/vitis/1_core_plt/zynq_fsbl/zynq_fsbl_bsp/system.mss
TRACE::2025-06-25.15:45:44::SCWMssOS::Adding the swdes entry D:/proyectosep2/IEE2463-SEP-Proyecto-2-Z8/1_core/vitis/1_core_plt/zynq_fsbl/zynq_fsbl_bsp/system.mss with des name system
TRACE::2025-06-25.15:45:44::SCWMssOS::updating the scw layer about changes
TRACE::2025-06-25.15:45:44::SCWMssOS::Opened the sw design.  D:/proyectosep2/IEE2463-SEP-Proyecto-2-Z8/1_core/vitis/1_core_plt/zynq_fsbl/zynq_fsbl_bsp/system.mss
TRACE::2025-06-25.15:45:44::SCWMssOS::Saving the mss changes D:/proyectosep2/IEE2463-SEP-Proyecto-2-Z8/1_core/vitis/1_core_plt/zynq_fsbl/zynq_fsbl_bsp/system.mss
TRACE::2025-06-25.15:45:44::SCWMssOS::Found a swdesign opened with the mssfile.
TRACE::2025-06-25.15:45:44::SCWMssOS::Completed writemss as part of save.
TRACE::2025-06-25.15:45:44::SCWMssOS::Commit changes completed.
TRACE::2025-06-25.15:45:44::SCWPlatform::Trying to open the hw design at D:/proyectosep2/IEE2463-SEP-Proyecto-2-Z8/1_core/vitis/1_core_plt/hw/DEMO_wrapper.xsa
TRACE::2025-06-25.15:45:44::SCWPlatform::DSA given D:/proyectosep2/IEE2463-SEP-Proyecto-2-Z8/1_core/vitis/1_core_plt/hw/DEMO_wrapper.xsa
TRACE::2025-06-25.15:45:44::SCWPlatform::DSA absoulate path D:/proyectosep2/IEE2463-SEP-Proyecto-2-Z8/1_core/vitis/1_core_plt/hw/DEMO_wrapper.xsa
TRACE::2025-06-25.15:45:44::SCWPlatform::DSA directory D:/proyectosep2/IEE2463-SEP-Proyecto-2-Z8/1_core/vitis/1_core_plt/hw
TRACE::2025-06-25.15:45:44::SCWPlatform:: Platform Path D:/proyectosep2/IEE2463-SEP-Proyecto-2-Z8/1_core/vitis/1_core_plt/hw/DEMO_wrapper.xsa
TRACE::2025-06-25.15:45:44::SCWPlatform:: Unique name xilinx:zybo-z7-10::0.0
TRACE::2025-06-25.15:45:44::SCWPlatform::Trying to set the existing hwdb with name DEMO_wrapper_0
TRACE::2025-06-25.15:45:44::SCWPlatform::Opened existing hwdb DEMO_wrapper_0
TRACE::2025-06-25.15:45:44::SCWPlatform::Found the Hw Db part of the input DSA
TRACE::2025-06-25.15:45:44::SCWMssOS::Checking the sw design at  D:/proyectosep2/IEE2463-SEP-Proyecto-2-Z8/1_core/vitis/1_core_plt/zynq_fsbl/zynq_fsbl_bsp/system.mss
TRACE::2025-06-25.15:45:44::SCWMssOS::DEBUG:  swdes dump  D:/proyectosep2/IEE2463-SEP-Proyecto-2-Z8/1_core/vitis/1_core_plt/zynq_fsbl/zynq_fsbl_bsp/system.mss|system||

TRACE::2025-06-25.15:45:44::SCWMssOS::Sw design exists and opened at  D:/proyectosep2/IEE2463-SEP-Proyecto-2-Z8/1_core/vitis/1_core_plt/zynq_fsbl/zynq_fsbl_bsp/system.mss
TRACE::2025-06-25.15:45:44::SCWPlatform::Trying to open the hw design at D:/proyectosep2/IEE2463-SEP-Proyecto-2-Z8/1_core/vitis/1_core_plt/hw/DEMO_wrapper.xsa
TRACE::2025-06-25.15:45:44::SCWPlatform::DSA given D:/proyectosep2/IEE2463-SEP-Proyecto-2-Z8/1_core/vitis/1_core_plt/hw/DEMO_wrapper.xsa
TRACE::2025-06-25.15:45:44::SCWPlatform::DSA absoulate path D:/proyectosep2/IEE2463-SEP-Proyecto-2-Z8/1_core/vitis/1_core_plt/hw/DEMO_wrapper.xsa
TRACE::2025-06-25.15:45:44::SCWPlatform::DSA directory D:/proyectosep2/IEE2463-SEP-Proyecto-2-Z8/1_core/vitis/1_core_plt/hw
TRACE::2025-06-25.15:45:44::SCWPlatform:: Platform Path D:/proyectosep2/IEE2463-SEP-Proyecto-2-Z8/1_core/vitis/1_core_plt/hw/DEMO_wrapper.xsa
TRACE::2025-06-25.15:45:44::SCWPlatform:: Unique name xilinx:zybo-z7-10::0.0
TRACE::2025-06-25.15:45:44::SCWPlatform::Trying to set the existing hwdb with name DEMO_wrapper_0
TRACE::2025-06-25.15:45:44::SCWPlatform::Opened existing hwdb DEMO_wrapper_0
TRACE::2025-06-25.15:45:44::SCWPlatform::Found the Hw Db part of the input DSA
TRACE::2025-06-25.15:45:44::SCWMssOS::Checking the sw design at  D:/proyectosep2/IEE2463-SEP-Proyecto-2-Z8/1_core/vitis/1_core_plt/zynq_fsbl/zynq_fsbl_bsp/system.mss
TRACE::2025-06-25.15:45:44::SCWMssOS::DEBUG:  swdes dump  D:/proyectosep2/IEE2463-SEP-Proyecto-2-Z8/1_core/vitis/1_core_plt/zynq_fsbl/zynq_fsbl_bsp/system.mss|system||

TRACE::2025-06-25.15:45:44::SCWMssOS::Sw design exists and opened at  D:/proyectosep2/IEE2463-SEP-Proyecto-2-Z8/1_core/vitis/1_core_plt/zynq_fsbl/zynq_fsbl_bsp/system.mss
TRACE::2025-06-25.15:45:44::SCWPlatform::Trying to open the hw design at D:/proyectosep2/IEE2463-SEP-Proyecto-2-Z8/1_core/vitis/1_core_plt/hw/DEMO_wrapper.xsa
TRACE::2025-06-25.15:45:44::SCWPlatform::DSA given D:/proyectosep2/IEE2463-SEP-Proyecto-2-Z8/1_core/vitis/1_core_plt/hw/DEMO_wrapper.xsa
TRACE::2025-06-25.15:45:44::SCWPlatform::DSA absoulate path D:/proyectosep2/IEE2463-SEP-Proyecto-2-Z8/1_core/vitis/1_core_plt/hw/DEMO_wrapper.xsa
TRACE::2025-06-25.15:45:44::SCWPlatform::DSA directory D:/proyectosep2/IEE2463-SEP-Proyecto-2-Z8/1_core/vitis/1_core_plt/hw
TRACE::2025-06-25.15:45:44::SCWPlatform:: Platform Path D:/proyectosep2/IEE2463-SEP-Proyecto-2-Z8/1_core/vitis/1_core_plt/hw/DEMO_wrapper.xsa
TRACE::2025-06-25.15:45:44::SCWPlatform:: Unique name xilinx:zybo-z7-10::0.0
TRACE::2025-06-25.15:45:44::SCWPlatform::Trying to set the existing hwdb with name DEMO_wrapper_0
TRACE::2025-06-25.15:45:44::SCWPlatform::Opened existing hwdb DEMO_wrapper_0
TRACE::2025-06-25.15:45:44::SCWPlatform::Found the Hw Db part of the input DSA
TRACE::2025-06-25.15:45:44::SCWMssOS::Checking the sw design at  D:/proyectosep2/IEE2463-SEP-Proyecto-2-Z8/1_core/vitis/1_core_plt/zynq_fsbl/zynq_fsbl_bsp/system.mss
TRACE::2025-06-25.15:45:44::SCWMssOS::DEBUG:  swdes dump  D:/proyectosep2/IEE2463-SEP-Proyecto-2-Z8/1_core/vitis/1_core_plt/zynq_fsbl/zynq_fsbl_bsp/system.mss|system||

TRACE::2025-06-25.15:45:44::SCWMssOS::Sw design exists and opened at  D:/proyectosep2/IEE2463-SEP-Proyecto-2-Z8/1_core/vitis/1_core_plt/zynq_fsbl/zynq_fsbl_bsp/system.mss
TRACE::2025-06-25.15:45:44::SCWWriter::formatted JSON is {
	"platformName":	"1_core_plt",
	"sprVersion":	"2.0",
	"mode":	"gui",
	"dsaType":	"Fixed",
	"platformDesc":	"1_core_plt",
	"platHandOff":	"D:/proyectosep2/IEE2463-SEP-Proyecto-2-Z8/full_hardware/vivado/DEMO_wrapper.xsa",
	"platIntHandOff":	"<platformDir>/hw/DEMO_wrapper.xsa",
	"deviceType":	"zynq",
	"platIsPrebuiltAutogen":	"false",
	"platIsNoBootBsp":	"false",
	"platFsblTarget":	"ps7_cortexa9_0",
	"hasFsblMakeHasChanges":	"false",
	"hasPmufwMakeHasChanges":	"false",
	"fsblExtraCompilerFlags":	"-MMD -MP       -mcpu=cortex-a9 -mfpu=vfpv3 -mfloat-abi=hard ",
	"platPreBuiltFlag":	false,
	"platformSamplesDir":	"",
	"platActiveSys":	"1_core_plt",
	"systems":	[{
			"systemName":	"1_core_plt",
			"systemDesc":	"1_core_plt",
			"sysIsBootAutoGen":	"true",
			"systemDispName":	"1_core_plt",
			"sysActiveDom":	"zynq_fsbl",
			"sysDefaultDom":	"",
			"domains":	[{
					"domainName":	"zynq_fsbl",
					"domainDispName":	"zynq_fsbl",
					"domainDesc":	"FSBL Application BSP - Auto Generated.",
					"processors":	"ps7_cortexa9_0",
					"os":	"standalone",
					"sdxOs":	"standalone",
					"debugEnable":	"",
					"domRuntimes":	["cpp"],
					"swRepo":	"",
					"mssOsVer":	"7.2",
					"mssFile":	"",
					"md5Digest":	"22a6aa47fd12e4eea21ee9dba4d7fcad",
					"compatibleApp":	"zynq_fsbl",
					"domType":	"bootDomain",
					"appSettings":	{
						"appCompilerFlags":	"",
						"appLinkerFlags":	""
					},
					"addedLibs":	["xilffs:4.3", "xilrsa:1.6"],
					"libOptions":	{
						"libsContainingOptions":	[]
					},
					"prebuiltLibs":	{
						"prebuiltIncPath":	[],
						"prebuiltLibPath":	[]
					},
					"isolation":	{
					}
				}]
		}]
}
TRACE::2025-06-25.15:45:44::SCWDomain::checking for install qemu data   : 
TRACE::2025-06-25.15:45:44::SCWDomain:: Using the QEMU Data from install at  : D:/Xilinx/Vitis/2020.1/data/emulation/platforms/zynq/qemu/
TRACE::2025-06-25.15:45:44::SCWDomain:: Using the QEMU args  from install at  : D:/Xilinx/Vitis/2020.1/data/emulation/platforms/zynq/qemu/qemu_args.txt
TRACE::2025-06-25.15:45:44::SCWPlatform::Trying to open the hw design at D:/proyectosep2/IEE2463-SEP-Proyecto-2-Z8/1_core/vitis/1_core_plt/hw/DEMO_wrapper.xsa
TRACE::2025-06-25.15:45:44::SCWPlatform::DSA given D:/proyectosep2/IEE2463-SEP-Proyecto-2-Z8/1_core/vitis/1_core_plt/hw/DEMO_wrapper.xsa
TRACE::2025-06-25.15:45:44::SCWPlatform::DSA absoulate path D:/proyectosep2/IEE2463-SEP-Proyecto-2-Z8/1_core/vitis/1_core_plt/hw/DEMO_wrapper.xsa
TRACE::2025-06-25.15:45:44::SCWPlatform::DSA directory D:/proyectosep2/IEE2463-SEP-Proyecto-2-Z8/1_core/vitis/1_core_plt/hw
TRACE::2025-06-25.15:45:44::SCWPlatform:: Platform Path D:/proyectosep2/IEE2463-SEP-Proyecto-2-Z8/1_core/vitis/1_core_plt/hw/DEMO_wrapper.xsa
TRACE::2025-06-25.15:45:44::SCWPlatform:: Unique name xilinx:zybo-z7-10::0.0
TRACE::2025-06-25.15:45:44::SCWPlatform::Trying to set the existing hwdb with name DEMO_wrapper_0
TRACE::2025-06-25.15:45:44::SCWPlatform::Opened existing hwdb DEMO_wrapper_0
TRACE::2025-06-25.15:45:44::SCWPlatform::Found the Hw Db part of the input DSA
TRACE::2025-06-25.15:45:44::SCWPlatform::Trying to open the hw design at D:/proyectosep2/IEE2463-SEP-Proyecto-2-Z8/1_core/vitis/1_core_plt/hw/DEMO_wrapper.xsa
TRACE::2025-06-25.15:45:44::SCWPlatform::DSA given D:/proyectosep2/IEE2463-SEP-Proyecto-2-Z8/1_core/vitis/1_core_plt/hw/DEMO_wrapper.xsa
TRACE::2025-06-25.15:45:44::SCWPlatform::DSA absoulate path D:/proyectosep2/IEE2463-SEP-Proyecto-2-Z8/1_core/vitis/1_core_plt/hw/DEMO_wrapper.xsa
TRACE::2025-06-25.15:45:44::SCWPlatform::DSA directory D:/proyectosep2/IEE2463-SEP-Proyecto-2-Z8/1_core/vitis/1_core_plt/hw
TRACE::2025-06-25.15:45:44::SCWPlatform:: Platform Path D:/proyectosep2/IEE2463-SEP-Proyecto-2-Z8/1_core/vitis/1_core_plt/hw/DEMO_wrapper.xsa
TRACE::2025-06-25.15:45:44::SCWPlatform:: Unique name xilinx:zybo-z7-10::0.0
TRACE::2025-06-25.15:45:44::SCWPlatform::Trying to set the existing hwdb with name DEMO_wrapper_0
TRACE::2025-06-25.15:45:44::SCWPlatform::Opened existing hwdb DEMO_wrapper_0
TRACE::2025-06-25.15:45:44::SCWPlatform::Found the Hw Db part of the input DSA
TRACE::2025-06-25.15:45:44::SCWPlatform::Trying to open the hw design at D:/proyectosep2/IEE2463-SEP-Proyecto-2-Z8/1_core/vitis/1_core_plt/hw/DEMO_wrapper.xsa
TRACE::2025-06-25.15:45:44::SCWPlatform::DSA given D:/proyectosep2/IEE2463-SEP-Proyecto-2-Z8/1_core/vitis/1_core_plt/hw/DEMO_wrapper.xsa
TRACE::2025-06-25.15:45:44::SCWPlatform::DSA absoulate path D:/proyectosep2/IEE2463-SEP-Proyecto-2-Z8/1_core/vitis/1_core_plt/hw/DEMO_wrapper.xsa
TRACE::2025-06-25.15:45:44::SCWPlatform::DSA directory D:/proyectosep2/IEE2463-SEP-Proyecto-2-Z8/1_core/vitis/1_core_plt/hw
TRACE::2025-06-25.15:45:44::SCWPlatform:: Platform Path D:/proyectosep2/IEE2463-SEP-Proyecto-2-Z8/1_core/vitis/1_core_plt/hw/DEMO_wrapper.xsa
TRACE::2025-06-25.15:45:44::SCWPlatform:: Unique name xilinx:zybo-z7-10::0.0
TRACE::2025-06-25.15:45:44::SCWPlatform::Trying to set the existing hwdb with name DEMO_wrapper_0
TRACE::2025-06-25.15:45:44::SCWPlatform::Opened existing hwdb DEMO_wrapper_0
TRACE::2025-06-25.15:45:44::SCWPlatform::Found the Hw Db part of the input DSA
TRACE::2025-06-25.15:45:44::SCWMssOS::Checking the sw design at  D:/proyectosep2/IEE2463-SEP-Proyecto-2-Z8/1_core/vitis/1_core_plt/ps7_cortexa9_0/standalone_domain/bsp/system.mss
TRACE::2025-06-25.15:45:44::SCWMssOS::DEBUG:  swdes dump  D:/proyectosep2/IEE2463-SEP-Proyecto-2-Z8/1_core/vitis/1_core_plt/zynq_fsbl/zynq_fsbl_bsp/system.mss|system||

TRACE::2025-06-25.15:45:44::SCWMssOS::No sw design opened at  D:/proyectosep2/IEE2463-SEP-Proyecto-2-Z8/1_core/vitis/1_core_plt/ps7_cortexa9_0/standalone_domain/bsp/system.mss
TRACE::2025-06-25.15:45:44::SCWMssOS::mss does not exists at D:/proyectosep2/IEE2463-SEP-Proyecto-2-Z8/1_core/vitis/1_core_plt/ps7_cortexa9_0/standalone_domain/bsp/system.mss
TRACE::2025-06-25.15:45:44::SCWMssOS::Creating sw design at  D:/proyectosep2/IEE2463-SEP-Proyecto-2-Z8/1_core/vitis/1_core_plt/ps7_cortexa9_0/standalone_domain/bsp/system.mss
TRACE::2025-06-25.15:45:44::SCWMssOS::Adding the swdes entry, created swdb D:/proyectosep2/IEE2463-SEP-Proyecto-2-Z8/1_core/vitis/1_core_plt/ps7_cortexa9_0/standalone_domain/bsp/system.mss with des name D:/proyectosep2/IEE2463-SEP-Proyecto-2-Z8/1_core/vitis/1_core_plt/ps7_cortexa9_0/standalone_domain/bsp/system.mss
TRACE::2025-06-25.15:45:44::SCWMssOS::updating the scw layer changes to swdes at   D:/proyectosep2/IEE2463-SEP-Proyecto-2-Z8/1_core/vitis/1_core_plt/ps7_cortexa9_0/standalone_domain/bsp/system.mss
TRACE::2025-06-25.15:45:44::SCWMssOS::Writing mss at D:/proyectosep2/IEE2463-SEP-Proyecto-2-Z8/1_core/vitis/1_core_plt/ps7_cortexa9_0/standalone_domain/bsp/system.mss
TRACE::2025-06-25.15:45:44::SCWMssOS::Completed writing the mss file at D:/proyectosep2/IEE2463-SEP-Proyecto-2-Z8/1_core/vitis/1_core_plt/ps7_cortexa9_0/standalone_domain/bsp
TRACE::2025-06-25.15:45:44::SCWMssOS::Picking up changes from newly written mss file into SCW Layer. 
TRACE::2025-06-25.15:45:44::SCWMssOS::Updated the changes from newly written mss file into SCW Layer. 
TRACE::2025-06-25.15:45:44::SCWMssOS::Completed writing the mss file at D:/proyectosep2/IEE2463-SEP-Proyecto-2-Z8/1_core/vitis/1_core_plt/ps7_cortexa9_0/standalone_domain/bsp
TRACE::2025-06-25.15:45:44::SCWMssOS::Forcing BSP Sources regeneration.
TRACE::2025-06-25.15:45:47::SCWMssOS::Saving the mss changes D:/proyectosep2/IEE2463-SEP-Proyecto-2-Z8/1_core/vitis/1_core_plt/zynq_fsbl/zynq_fsbl_bsp/system.mss
TRACE::2025-06-25.15:45:47::SCWMssOS::Found a swdesign opened with the mssfile.
TRACE::2025-06-25.15:45:47::SCWMssOS::Completed writemss as part of save.
TRACE::2025-06-25.15:45:47::SCWMssOS::Commit changes completed.
TRACE::2025-06-25.15:45:47::SCWMssOS::Saving the mss changes D:/proyectosep2/IEE2463-SEP-Proyecto-2-Z8/1_core/vitis/1_core_plt/ps7_cortexa9_0/standalone_domain/bsp/system.mss
TRACE::2025-06-25.15:45:47::SCWMssOS::Found a swdesign opened with the mssfile.
TRACE::2025-06-25.15:45:47::SCWMssOS::Running validate of swdbs.
KEYINFO::2025-06-25.15:45:47::SCWMssOS::Could not open the swdb for D:/proyectosep2/IEE2463-SEP-Proyecto-2-Z8/1_core/vitis/1_core_plt/ps7_cortexa9_0/standalone_domain/bsp/system.mss
KEYINFO::2025-06-25.15:45:47::SCWMssOS::Could not open the sw design at  D:/proyectosep2/IEE2463-SEP-Proyecto-2-Z8/1_core/vitis/1_core_plt/ps7_cortexa9_0/standalone_domain/bsp/system.mss
ERROR: [Hsi 55-1558] Software Design D:/proyectosep2/IEE2463-SEP-Proyecto-2-Z8/1_core/vitis/1_core_plt/ps7_cortexa9_0/standalone_domain/bsp/system.mss is not found

TRACE::2025-06-25.15:45:47::SCWMssOS::Cleared the swdb table entry
TRACE::2025-06-25.15:45:47::SCWMssOS::Adding the swdes entry, mss present, able to open swdb D:/proyectosep2/IEE2463-SEP-Proyecto-2-Z8/1_core/vitis/1_core_plt/ps7_cortexa9_0/standalone_domain/bsp/system.mss with des name system_0
TRACE::2025-06-25.15:45:47::SCWMssOS::Writing the mss file completed D:/proyectosep2/IEE2463-SEP-Proyecto-2-Z8/1_core/vitis/1_core_plt/ps7_cortexa9_0/standalone_domain/bsp/system.mss
TRACE::2025-06-25.15:45:47::SCWMssOS::Commit changes completed.
TRACE::2025-06-25.15:45:47::SCWPlatform::Trying to open the hw design at D:/proyectosep2/IEE2463-SEP-Proyecto-2-Z8/1_core/vitis/1_core_plt/hw/DEMO_wrapper.xsa
TRACE::2025-06-25.15:45:47::SCWPlatform::DSA given D:/proyectosep2/IEE2463-SEP-Proyecto-2-Z8/1_core/vitis/1_core_plt/hw/DEMO_wrapper.xsa
TRACE::2025-06-25.15:45:47::SCWPlatform::DSA absoulate path D:/proyectosep2/IEE2463-SEP-Proyecto-2-Z8/1_core/vitis/1_core_plt/hw/DEMO_wrapper.xsa
TRACE::2025-06-25.15:45:47::SCWPlatform::DSA directory D:/proyectosep2/IEE2463-SEP-Proyecto-2-Z8/1_core/vitis/1_core_plt/hw
TRACE::2025-06-25.15:45:47::SCWPlatform:: Platform Path D:/proyectosep2/IEE2463-SEP-Proyecto-2-Z8/1_core/vitis/1_core_plt/hw/DEMO_wrapper.xsa
TRACE::2025-06-25.15:45:47::SCWPlatform:: Unique name xilinx:zybo-z7-10::0.0
TRACE::2025-06-25.15:45:47::SCWPlatform::Trying to set the existing hwdb with name DEMO_wrapper_0
TRACE::2025-06-25.15:45:47::SCWPlatform::Opened existing hwdb DEMO_wrapper_0
TRACE::2025-06-25.15:45:47::SCWPlatform::Found the Hw Db part of the input DSA
TRACE::2025-06-25.15:45:47::SCWMssOS::Checking the sw design at  D:/proyectosep2/IEE2463-SEP-Proyecto-2-Z8/1_core/vitis/1_core_plt/zynq_fsbl/zynq_fsbl_bsp/system.mss
TRACE::2025-06-25.15:45:47::SCWMssOS::DEBUG:  swdes dump  D:/proyectosep2/IEE2463-SEP-Proyecto-2-Z8/1_core/vitis/1_core_plt/ps7_cortexa9_0/standalone_domain/bsp/system.mss|system_0||
D:/proyectosep2/IEE2463-SEP-Proyecto-2-Z8/1_core/vitis/1_core_plt/zynq_fsbl/zynq_fsbl_bsp/system.mss|system||

TRACE::2025-06-25.15:45:47::SCWMssOS::Sw design exists and opened at  D:/proyectosep2/IEE2463-SEP-Proyecto-2-Z8/1_core/vitis/1_core_plt/zynq_fsbl/zynq_fsbl_bsp/system.mss
TRACE::2025-06-25.15:45:47::SCWPlatform::Trying to open the hw design at D:/proyectosep2/IEE2463-SEP-Proyecto-2-Z8/1_core/vitis/1_core_plt/hw/DEMO_wrapper.xsa
TRACE::2025-06-25.15:45:47::SCWPlatform::DSA given D:/proyectosep2/IEE2463-SEP-Proyecto-2-Z8/1_core/vitis/1_core_plt/hw/DEMO_wrapper.xsa
TRACE::2025-06-25.15:45:47::SCWPlatform::DSA absoulate path D:/proyectosep2/IEE2463-SEP-Proyecto-2-Z8/1_core/vitis/1_core_plt/hw/DEMO_wrapper.xsa
TRACE::2025-06-25.15:45:47::SCWPlatform::DSA directory D:/proyectosep2/IEE2463-SEP-Proyecto-2-Z8/1_core/vitis/1_core_plt/hw
TRACE::2025-06-25.15:45:47::SCWPlatform:: Platform Path D:/proyectosep2/IEE2463-SEP-Proyecto-2-Z8/1_core/vitis/1_core_plt/hw/DEMO_wrapper.xsa
TRACE::2025-06-25.15:45:47::SCWPlatform:: Unique name xilinx:zybo-z7-10::0.0
TRACE::2025-06-25.15:45:47::SCWPlatform::Trying to set the existing hwdb with name DEMO_wrapper_0
TRACE::2025-06-25.15:45:47::SCWPlatform::Opened existing hwdb DEMO_wrapper_0
TRACE::2025-06-25.15:45:47::SCWPlatform::Found the Hw Db part of the input DSA
TRACE::2025-06-25.15:45:47::SCWMssOS::Checking the sw design at  D:/proyectosep2/IEE2463-SEP-Proyecto-2-Z8/1_core/vitis/1_core_plt/zynq_fsbl/zynq_fsbl_bsp/system.mss
TRACE::2025-06-25.15:45:47::SCWMssOS::DEBUG:  swdes dump  D:/proyectosep2/IEE2463-SEP-Proyecto-2-Z8/1_core/vitis/1_core_plt/ps7_cortexa9_0/standalone_domain/bsp/system.mss|system_0||
D:/proyectosep2/IEE2463-SEP-Proyecto-2-Z8/1_core/vitis/1_core_plt/zynq_fsbl/zynq_fsbl_bsp/system.mss|system||

TRACE::2025-06-25.15:45:47::SCWMssOS::Sw design exists and opened at  D:/proyectosep2/IEE2463-SEP-Proyecto-2-Z8/1_core/vitis/1_core_plt/zynq_fsbl/zynq_fsbl_bsp/system.mss
TRACE::2025-06-25.15:45:47::SCWPlatform::Trying to open the hw design at D:/proyectosep2/IEE2463-SEP-Proyecto-2-Z8/1_core/vitis/1_core_plt/hw/DEMO_wrapper.xsa
TRACE::2025-06-25.15:45:47::SCWPlatform::DSA given D:/proyectosep2/IEE2463-SEP-Proyecto-2-Z8/1_core/vitis/1_core_plt/hw/DEMO_wrapper.xsa
TRACE::2025-06-25.15:45:47::SCWPlatform::DSA absoulate path D:/proyectosep2/IEE2463-SEP-Proyecto-2-Z8/1_core/vitis/1_core_plt/hw/DEMO_wrapper.xsa
TRACE::2025-06-25.15:45:47::SCWPlatform::DSA directory D:/proyectosep2/IEE2463-SEP-Proyecto-2-Z8/1_core/vitis/1_core_plt/hw
TRACE::2025-06-25.15:45:47::SCWPlatform:: Platform Path D:/proyectosep2/IEE2463-SEP-Proyecto-2-Z8/1_core/vitis/1_core_plt/hw/DEMO_wrapper.xsa
TRACE::2025-06-25.15:45:47::SCWPlatform:: Unique name xilinx:zybo-z7-10::0.0
TRACE::2025-06-25.15:45:47::SCWPlatform::Trying to set the existing hwdb with name DEMO_wrapper_0
TRACE::2025-06-25.15:45:47::SCWPlatform::Opened existing hwdb DEMO_wrapper_0
TRACE::2025-06-25.15:45:47::SCWPlatform::Found the Hw Db part of the input DSA
TRACE::2025-06-25.15:45:47::SCWMssOS::Checking the sw design at  D:/proyectosep2/IEE2463-SEP-Proyecto-2-Z8/1_core/vitis/1_core_plt/zynq_fsbl/zynq_fsbl_bsp/system.mss
TRACE::2025-06-25.15:45:47::SCWMssOS::DEBUG:  swdes dump  D:/proyectosep2/IEE2463-SEP-Proyecto-2-Z8/1_core/vitis/1_core_plt/ps7_cortexa9_0/standalone_domain/bsp/system.mss|system_0||
D:/proyectosep2/IEE2463-SEP-Proyecto-2-Z8/1_core/vitis/1_core_plt/zynq_fsbl/zynq_fsbl_bsp/system.mss|system||

TRACE::2025-06-25.15:45:47::SCWMssOS::Sw design exists and opened at  D:/proyectosep2/IEE2463-SEP-Proyecto-2-Z8/1_core/vitis/1_core_plt/zynq_fsbl/zynq_fsbl_bsp/system.mss
TRACE::2025-06-25.15:45:47::SCWPlatform::Trying to open the hw design at D:/proyectosep2/IEE2463-SEP-Proyecto-2-Z8/1_core/vitis/1_core_plt/hw/DEMO_wrapper.xsa
TRACE::2025-06-25.15:45:47::SCWPlatform::DSA given D:/proyectosep2/IEE2463-SEP-Proyecto-2-Z8/1_core/vitis/1_core_plt/hw/DEMO_wrapper.xsa
TRACE::2025-06-25.15:45:47::SCWPlatform::DSA absoulate path D:/proyectosep2/IEE2463-SEP-Proyecto-2-Z8/1_core/vitis/1_core_plt/hw/DEMO_wrapper.xsa
TRACE::2025-06-25.15:45:47::SCWPlatform::DSA directory D:/proyectosep2/IEE2463-SEP-Proyecto-2-Z8/1_core/vitis/1_core_plt/hw
TRACE::2025-06-25.15:45:47::SCWPlatform:: Platform Path D:/proyectosep2/IEE2463-SEP-Proyecto-2-Z8/1_core/vitis/1_core_plt/hw/DEMO_wrapper.xsa
TRACE::2025-06-25.15:45:47::SCWPlatform:: Unique name xilinx:zybo-z7-10::0.0
TRACE::2025-06-25.15:45:47::SCWPlatform::Trying to set the existing hwdb with name DEMO_wrapper_0
TRACE::2025-06-25.15:45:47::SCWPlatform::Opened existing hwdb DEMO_wrapper_0
TRACE::2025-06-25.15:45:47::SCWPlatform::Found the Hw Db part of the input DSA
TRACE::2025-06-25.15:45:47::SCWMssOS::Checking the sw design at  D:/proyectosep2/IEE2463-SEP-Proyecto-2-Z8/1_core/vitis/1_core_plt/ps7_cortexa9_0/standalone_domain/bsp/system.mss
TRACE::2025-06-25.15:45:47::SCWMssOS::DEBUG:  swdes dump  D:/proyectosep2/IEE2463-SEP-Proyecto-2-Z8/1_core/vitis/1_core_plt/ps7_cortexa9_0/standalone_domain/bsp/system.mss|system_0||
D:/proyectosep2/IEE2463-SEP-Proyecto-2-Z8/1_core/vitis/1_core_plt/zynq_fsbl/zynq_fsbl_bsp/system.mss|system||

TRACE::2025-06-25.15:45:47::SCWMssOS::Sw design exists and opened at  D:/proyectosep2/IEE2463-SEP-Proyecto-2-Z8/1_core/vitis/1_core_plt/ps7_cortexa9_0/standalone_domain/bsp/system.mss
TRACE::2025-06-25.15:45:47::SCWPlatform::Trying to open the hw design at D:/proyectosep2/IEE2463-SEP-Proyecto-2-Z8/1_core/vitis/1_core_plt/hw/DEMO_wrapper.xsa
TRACE::2025-06-25.15:45:47::SCWPlatform::DSA given D:/proyectosep2/IEE2463-SEP-Proyecto-2-Z8/1_core/vitis/1_core_plt/hw/DEMO_wrapper.xsa
TRACE::2025-06-25.15:45:47::SCWPlatform::DSA absoulate path D:/proyectosep2/IEE2463-SEP-Proyecto-2-Z8/1_core/vitis/1_core_plt/hw/DEMO_wrapper.xsa
TRACE::2025-06-25.15:45:47::SCWPlatform::DSA directory D:/proyectosep2/IEE2463-SEP-Proyecto-2-Z8/1_core/vitis/1_core_plt/hw
TRACE::2025-06-25.15:45:47::SCWPlatform:: Platform Path D:/proyectosep2/IEE2463-SEP-Proyecto-2-Z8/1_core/vitis/1_core_plt/hw/DEMO_wrapper.xsa
TRACE::2025-06-25.15:45:47::SCWPlatform:: Unique name xilinx:zybo-z7-10::0.0
TRACE::2025-06-25.15:45:47::SCWPlatform::Trying to set the existing hwdb with name DEMO_wrapper_0
TRACE::2025-06-25.15:45:47::SCWPlatform::Opened existing hwdb DEMO_wrapper_0
TRACE::2025-06-25.15:45:47::SCWPlatform::Found the Hw Db part of the input DSA
TRACE::2025-06-25.15:45:47::SCWMssOS::Checking the sw design at  D:/proyectosep2/IEE2463-SEP-Proyecto-2-Z8/1_core/vitis/1_core_plt/ps7_cortexa9_0/standalone_domain/bsp/system.mss
TRACE::2025-06-25.15:45:47::SCWMssOS::DEBUG:  swdes dump  D:/proyectosep2/IEE2463-SEP-Proyecto-2-Z8/1_core/vitis/1_core_plt/ps7_cortexa9_0/standalone_domain/bsp/system.mss|system_0||
D:/proyectosep2/IEE2463-SEP-Proyecto-2-Z8/1_core/vitis/1_core_plt/zynq_fsbl/zynq_fsbl_bsp/system.mss|system||

TRACE::2025-06-25.15:45:47::SCWMssOS::Sw design exists and opened at  D:/proyectosep2/IEE2463-SEP-Proyecto-2-Z8/1_core/vitis/1_core_plt/ps7_cortexa9_0/standalone_domain/bsp/system.mss
TRACE::2025-06-25.15:45:47::SCWPlatform::Trying to open the hw design at D:/proyectosep2/IEE2463-SEP-Proyecto-2-Z8/1_core/vitis/1_core_plt/hw/DEMO_wrapper.xsa
TRACE::2025-06-25.15:45:47::SCWPlatform::DSA given D:/proyectosep2/IEE2463-SEP-Proyecto-2-Z8/1_core/vitis/1_core_plt/hw/DEMO_wrapper.xsa
TRACE::2025-06-25.15:45:47::SCWPlatform::DSA absoulate path D:/proyectosep2/IEE2463-SEP-Proyecto-2-Z8/1_core/vitis/1_core_plt/hw/DEMO_wrapper.xsa
TRACE::2025-06-25.15:45:47::SCWPlatform::DSA directory D:/proyectosep2/IEE2463-SEP-Proyecto-2-Z8/1_core/vitis/1_core_plt/hw
TRACE::2025-06-25.15:45:47::SCWPlatform:: Platform Path D:/proyectosep2/IEE2463-SEP-Proyecto-2-Z8/1_core/vitis/1_core_plt/hw/DEMO_wrapper.xsa
TRACE::2025-06-25.15:45:47::SCWPlatform:: Unique name xilinx:zybo-z7-10::0.0
TRACE::2025-06-25.15:45:47::SCWPlatform::Trying to set the existing hwdb with name DEMO_wrapper_0
TRACE::2025-06-25.15:45:47::SCWPlatform::Opened existing hwdb DEMO_wrapper_0
TRACE::2025-06-25.15:45:47::SCWPlatform::Found the Hw Db part of the input DSA
TRACE::2025-06-25.15:45:47::SCWMssOS::Checking the sw design at  D:/proyectosep2/IEE2463-SEP-Proyecto-2-Z8/1_core/vitis/1_core_plt/ps7_cortexa9_0/standalone_domain/bsp/system.mss
TRACE::2025-06-25.15:45:47::SCWMssOS::DEBUG:  swdes dump  D:/proyectosep2/IEE2463-SEP-Proyecto-2-Z8/1_core/vitis/1_core_plt/ps7_cortexa9_0/standalone_domain/bsp/system.mss|system_0||
D:/proyectosep2/IEE2463-SEP-Proyecto-2-Z8/1_core/vitis/1_core_plt/zynq_fsbl/zynq_fsbl_bsp/system.mss|system||

TRACE::2025-06-25.15:45:47::SCWMssOS::Sw design exists and opened at  D:/proyectosep2/IEE2463-SEP-Proyecto-2-Z8/1_core/vitis/1_core_plt/ps7_cortexa9_0/standalone_domain/bsp/system.mss
TRACE::2025-06-25.15:45:47::SCWWriter::formatted JSON is {
	"platformName":	"1_core_plt",
	"sprVersion":	"2.0",
	"mode":	"gui",
	"dsaType":	"Fixed",
	"platformDesc":	"1_core_plt",
	"platHandOff":	"D:/proyectosep2/IEE2463-SEP-Proyecto-2-Z8/full_hardware/vivado/DEMO_wrapper.xsa",
	"platIntHandOff":	"<platformDir>/hw/DEMO_wrapper.xsa",
	"deviceType":	"zynq",
	"platIsPrebuiltAutogen":	"false",
	"platIsNoBootBsp":	"false",
	"platFsblTarget":	"ps7_cortexa9_0",
	"hasFsblMakeHasChanges":	"false",
	"hasPmufwMakeHasChanges":	"false",
	"fsblExtraCompilerFlags":	"-MMD -MP       -mcpu=cortex-a9 -mfpu=vfpv3 -mfloat-abi=hard ",
	"platPreBuiltFlag":	false,
	"platformSamplesDir":	"",
	"platActiveSys":	"1_core_plt",
	"systems":	[{
			"systemName":	"1_core_plt",
			"systemDesc":	"1_core_plt",
			"sysIsBootAutoGen":	"true",
			"systemDispName":	"1_core_plt",
			"sysActiveDom":	"standalone_domain",
			"sysDefaultDom":	"standalone_domain",
			"domains":	[{
					"domainName":	"zynq_fsbl",
					"domainDispName":	"zynq_fsbl",
					"domainDesc":	"FSBL Application BSP - Auto Generated.",
					"processors":	"ps7_cortexa9_0",
					"os":	"standalone",
					"sdxOs":	"standalone",
					"debugEnable":	"",
					"domRuntimes":	["cpp"],
					"swRepo":	"",
					"mssOsVer":	"7.2",
					"mssFile":	"",
					"md5Digest":	"22a6aa47fd12e4eea21ee9dba4d7fcad",
					"compatibleApp":	"zynq_fsbl",
					"domType":	"bootDomain",
					"appSettings":	{
						"appCompilerFlags":	"",
						"appLinkerFlags":	""
					},
					"addedLibs":	["xilffs:4.3", "xilrsa:1.6"],
					"libOptions":	{
						"libsContainingOptions":	[]
					},
					"prebuiltLibs":	{
						"prebuiltIncPath":	[],
						"prebuiltLibPath":	[]
					},
					"isolation":	{
					}
				}, {
					"domainName":	"standalone_domain",
					"domainDispName":	"standalone_domain",
					"domainDesc":	"standalone_domain",
					"processors":	"ps7_cortexa9_0",
					"os":	"standalone",
					"sdxOs":	"standalone",
					"qemuArgs":	"D:/Xilinx/Vitis/2020.1/data/emulation/platforms/zynq/qemu/qemu_args.txt",
					"qemuData":	"D:/Xilinx/Vitis/2020.1/data/emulation/platforms/zynq/qemu/",
					"debugEnable":	"False",
					"domRuntimes":	["cpp"],
					"swRepo":	"",
					"mssOsVer":	"7.2",
					"mssFile":	"",
					"md5Digest":	"3bd73008cc19367a3826b43ea626ca85",
					"compatibleApp":	"",
					"domType":	"mssDomain",
					"appSettings":	{
						"appCompilerFlags":	"",
						"appLinkerFlags":	""
					},
					"addedLibs":	[],
					"libOptions":	{
						"libsContainingOptions":	[]
					},
					"prebuiltLibs":	{
						"prebuiltIncPath":	[],
						"prebuiltLibPath":	[]
					},
					"isolation":	{
					}
				}]
		}]
}
LOG::2025-06-25.15:45:47::SCWPlatform::Started generating the artifacts platform 1_core_plt
TRACE::2025-06-25.15:45:47::SCWPlatform::Sanity checking of platform is completed
LOG::2025-06-25.15:45:47::SCWPlatform::Started generating the artifacts for system configuration 1_core_plt
LOG::2025-06-25.15:45:47::SCWSystem::Checking the domain zynq_fsbl
LOG::2025-06-25.15:45:47::SCWSystem::Doing application build for :  zynq_fsbl
TRACE::2025-06-25.15:45:47::SCWBDomain::Not a forced makefile updation, No changes are present. 
TRACE::2025-06-25.15:45:47::SCWDomain::Skipping the build for domain :  zynq_fsbl
LOG::2025-06-25.15:45:47::SCWSystem::Checking the domain standalone_domain
LOG::2025-06-25.15:45:47::SCWSystem::Not a boot domain 
LOG::2025-06-25.15:45:47::SCWSystem::Started Processing the domain standalone_domain
TRACE::2025-06-25.15:45:47::SCWDomain::Generating domain artifcats
TRACE::2025-06-25.15:45:47::SCWMssOS::Generating standalone artifcats
TRACE::2025-06-25.15:45:47::SCWMssOS::Copying the qemu file from  D:/Xilinx/Vitis/2020.1/data/emulation/platforms/zynq/qemu/qemu_args.txt To D:/proyectosep2/IEE2463-SEP-Proyecto-2-Z8/1_core/vitis/1_core_plt/export/1_core_plt/sw/1_core_plt/qemu/
TRACE::2025-06-25.15:45:47::SCWMssOS::Copying the qemu file from  D:/Xilinx/Vitis/2020.1/data/emulation/platforms/zynq/qemu/qemu_args.txt To D:/proyectosep2/IEE2463-SEP-Proyecto-2-Z8/1_core/vitis/1_core_plt/export/1_core_plt/sw/1_core_plt/standalone_domain/qemu/
TRACE::2025-06-25.15:45:47::SCWMssOS:: Copying the user libraries. 
TRACE::2025-06-25.15:45:47::SCWPlatform::Trying to open the hw design at D:/proyectosep2/IEE2463-SEP-Proyecto-2-Z8/1_core/vitis/1_core_plt/hw/DEMO_wrapper.xsa
TRACE::2025-06-25.15:45:47::SCWPlatform::DSA given D:/proyectosep2/IEE2463-SEP-Proyecto-2-Z8/1_core/vitis/1_core_plt/hw/DEMO_wrapper.xsa
TRACE::2025-06-25.15:45:47::SCWPlatform::DSA absoulate path D:/proyectosep2/IEE2463-SEP-Proyecto-2-Z8/1_core/vitis/1_core_plt/hw/DEMO_wrapper.xsa
TRACE::2025-06-25.15:45:47::SCWPlatform::DSA directory D:/proyectosep2/IEE2463-SEP-Proyecto-2-Z8/1_core/vitis/1_core_plt/hw
TRACE::2025-06-25.15:45:47::SCWPlatform:: Platform Path D:/proyectosep2/IEE2463-SEP-Proyecto-2-Z8/1_core/vitis/1_core_plt/hw/DEMO_wrapper.xsa
TRACE::2025-06-25.15:45:47::SCWPlatform:: Unique name xilinx:zybo-z7-10::0.0
TRACE::2025-06-25.15:45:47::SCWPlatform::Trying to set the existing hwdb with name DEMO_wrapper_0
TRACE::2025-06-25.15:45:47::SCWPlatform::Opened existing hwdb DEMO_wrapper_0
TRACE::2025-06-25.15:45:47::SCWPlatform::Found the Hw Db part of the input DSA
TRACE::2025-06-25.15:45:47::SCWMssOS::Checking the sw design at  D:/proyectosep2/IEE2463-SEP-Proyecto-2-Z8/1_core/vitis/1_core_plt/ps7_cortexa9_0/standalone_domain/bsp/system.mss
TRACE::2025-06-25.15:45:47::SCWMssOS::DEBUG:  swdes dump  D:/proyectosep2/IEE2463-SEP-Proyecto-2-Z8/1_core/vitis/1_core_plt/ps7_cortexa9_0/standalone_domain/bsp/system.mss|system_0||
D:/proyectosep2/IEE2463-SEP-Proyecto-2-Z8/1_core/vitis/1_core_plt/zynq_fsbl/zynq_fsbl_bsp/system.mss|system||

TRACE::2025-06-25.15:45:47::SCWMssOS::Sw design exists and opened at  D:/proyectosep2/IEE2463-SEP-Proyecto-2-Z8/1_core/vitis/1_core_plt/ps7_cortexa9_0/standalone_domain/bsp/system.mss
TRACE::2025-06-25.15:45:47::SCWMssOS::Completed writing the mss file at D:/proyectosep2/IEE2463-SEP-Proyecto-2-Z8/1_core/vitis/1_core_plt/ps7_cortexa9_0/standalone_domain/bsp
TRACE::2025-06-25.15:45:47::SCWMssOS::Mss edits present, copying mssfile into export location D:/proyectosep2/IEE2463-SEP-Proyecto-2-Z8/1_core/vitis/1_core_plt/ps7_cortexa9_0/standalone_domain/bsp/system.mss
TRACE::2025-06-25.15:45:47::SCWMssOS::bsp generated is upto date with the mss file. Skipping bsp generation.
TRACE::2025-06-25.15:45:47::SCWMssOS::BSP is already built. skipping the bsp build ... 
TRACE::2025-06-25.15:45:47::SCWDomain::Skipping the build for domain :  standalone_domain
TRACE::2025-06-25.15:45:47::SCWMssOS::skipping the bsp build ... 
TRACE::2025-06-25.15:45:47::SCWMssOS::Copying to export directory.
TRACE::2025-06-25.15:45:47::SCWMssOS:: Checking if to create the Supporting Applications
TRACE::2025-06-25.15:45:47::SCWMssOS:: No Linux domain exists, trying to generate FSBL 
TRACE::2025-06-25.15:45:47::SCWMssOS:: Completed Standalone Artifacts creation 
LOG::2025-06-25.15:45:47::SCWSystem::Completed Processing the domain standalone_domain
LOG::2025-06-25.15:45:47::SCWSystem::Completed Processing the sysconfig 1_core_plt
LOG::2025-06-25.15:45:47::SCWPlatform::Completed generating the artifacts for system configuration 1_core_plt
TRACE::2025-06-25.15:45:47::SCWPlatform::Started preparing the platform 
TRACE::2025-06-25.15:45:47::SCWSystem::Writing the bif file for system config 1_core_plt
TRACE::2025-06-25.15:45:47::SCWSystem::dir created 
TRACE::2025-06-25.15:45:47::SCWSystem::Writing the bif 
TRACE::2025-06-25.15:45:47::SCWPlatform::Started writing the spfm file 
TRACE::2025-06-25.15:45:47::SCWPlatform::Started writing the xpfm file 
TRACE::2025-06-25.15:45:47::SCWPlatform::Completed generating the platform
TRACE::2025-06-25.15:45:47::SCWMssOS::Saving the mss changes D:/proyectosep2/IEE2463-SEP-Proyecto-2-Z8/1_core/vitis/1_core_plt/zynq_fsbl/zynq_fsbl_bsp/system.mss
TRACE::2025-06-25.15:45:47::SCWMssOS::Found a swdesign opened with the mssfile.
TRACE::2025-06-25.15:45:47::SCWMssOS::Completed writemss as part of save.
TRACE::2025-06-25.15:45:47::SCWMssOS::Commit changes completed.
TRACE::2025-06-25.15:45:47::SCWMssOS::Saving the mss changes D:/proyectosep2/IEE2463-SEP-Proyecto-2-Z8/1_core/vitis/1_core_plt/ps7_cortexa9_0/standalone_domain/bsp/system.mss
TRACE::2025-06-25.15:45:47::SCWMssOS::Found a swdesign opened with the mssfile.
TRACE::2025-06-25.15:45:47::SCWMssOS::Completed writemss as part of save.
TRACE::2025-06-25.15:45:47::SCWMssOS::Commit changes completed.
TRACE::2025-06-25.15:45:47::SCWPlatform::Trying to open the hw design at D:/proyectosep2/IEE2463-SEP-Proyecto-2-Z8/1_core/vitis/1_core_plt/hw/DEMO_wrapper.xsa
TRACE::2025-06-25.15:45:47::SCWPlatform::DSA given D:/proyectosep2/IEE2463-SEP-Proyecto-2-Z8/1_core/vitis/1_core_plt/hw/DEMO_wrapper.xsa
TRACE::2025-06-25.15:45:47::SCWPlatform::DSA absoulate path D:/proyectosep2/IEE2463-SEP-Proyecto-2-Z8/1_core/vitis/1_core_plt/hw/DEMO_wrapper.xsa
TRACE::2025-06-25.15:45:47::SCWPlatform::DSA directory D:/proyectosep2/IEE2463-SEP-Proyecto-2-Z8/1_core/vitis/1_core_plt/hw
TRACE::2025-06-25.15:45:47::SCWPlatform:: Platform Path D:/proyectosep2/IEE2463-SEP-Proyecto-2-Z8/1_core/vitis/1_core_plt/hw/DEMO_wrapper.xsa
TRACE::2025-06-25.15:45:47::SCWPlatform:: Unique name xilinx:zybo-z7-10::0.0
TRACE::2025-06-25.15:45:47::SCWPlatform::Trying to set the existing hwdb with name DEMO_wrapper_0
TRACE::2025-06-25.15:45:47::SCWPlatform::Opened existing hwdb DEMO_wrapper_0
TRACE::2025-06-25.15:45:47::SCWPlatform::Found the Hw Db part of the input DSA
TRACE::2025-06-25.15:45:47::SCWMssOS::Checking the sw design at  D:/proyectosep2/IEE2463-SEP-Proyecto-2-Z8/1_core/vitis/1_core_plt/zynq_fsbl/zynq_fsbl_bsp/system.mss
TRACE::2025-06-25.15:45:47::SCWMssOS::DEBUG:  swdes dump  D:/proyectosep2/IEE2463-SEP-Proyecto-2-Z8/1_core/vitis/1_core_plt/ps7_cortexa9_0/standalone_domain/bsp/system.mss|system_0||
D:/proyectosep2/IEE2463-SEP-Proyecto-2-Z8/1_core/vitis/1_core_plt/zynq_fsbl/zynq_fsbl_bsp/system.mss|system||

TRACE::2025-06-25.15:45:47::SCWMssOS::Sw design exists and opened at  D:/proyectosep2/IEE2463-SEP-Proyecto-2-Z8/1_core/vitis/1_core_plt/zynq_fsbl/zynq_fsbl_bsp/system.mss
TRACE::2025-06-25.15:45:47::SCWPlatform::Trying to open the hw design at D:/proyectosep2/IEE2463-SEP-Proyecto-2-Z8/1_core/vitis/1_core_plt/hw/DEMO_wrapper.xsa
TRACE::2025-06-25.15:45:47::SCWPlatform::DSA given D:/proyectosep2/IEE2463-SEP-Proyecto-2-Z8/1_core/vitis/1_core_plt/hw/DEMO_wrapper.xsa
TRACE::2025-06-25.15:45:47::SCWPlatform::DSA absoulate path D:/proyectosep2/IEE2463-SEP-Proyecto-2-Z8/1_core/vitis/1_core_plt/hw/DEMO_wrapper.xsa
TRACE::2025-06-25.15:45:47::SCWPlatform::DSA directory D:/proyectosep2/IEE2463-SEP-Proyecto-2-Z8/1_core/vitis/1_core_plt/hw
TRACE::2025-06-25.15:45:47::SCWPlatform:: Platform Path D:/proyectosep2/IEE2463-SEP-Proyecto-2-Z8/1_core/vitis/1_core_plt/hw/DEMO_wrapper.xsa
TRACE::2025-06-25.15:45:47::SCWPlatform:: Unique name xilinx:zybo-z7-10::0.0
TRACE::2025-06-25.15:45:47::SCWPlatform::Trying to set the existing hwdb with name DEMO_wrapper_0
TRACE::2025-06-25.15:45:47::SCWPlatform::Opened existing hwdb DEMO_wrapper_0
TRACE::2025-06-25.15:45:47::SCWPlatform::Found the Hw Db part of the input DSA
TRACE::2025-06-25.15:45:47::SCWMssOS::Checking the sw design at  D:/proyectosep2/IEE2463-SEP-Proyecto-2-Z8/1_core/vitis/1_core_plt/zynq_fsbl/zynq_fsbl_bsp/system.mss
TRACE::2025-06-25.15:45:47::SCWMssOS::DEBUG:  swdes dump  D:/proyectosep2/IEE2463-SEP-Proyecto-2-Z8/1_core/vitis/1_core_plt/ps7_cortexa9_0/standalone_domain/bsp/system.mss|system_0||
D:/proyectosep2/IEE2463-SEP-Proyecto-2-Z8/1_core/vitis/1_core_plt/zynq_fsbl/zynq_fsbl_bsp/system.mss|system||

TRACE::2025-06-25.15:45:47::SCWMssOS::Sw design exists and opened at  D:/proyectosep2/IEE2463-SEP-Proyecto-2-Z8/1_core/vitis/1_core_plt/zynq_fsbl/zynq_fsbl_bsp/system.mss
TRACE::2025-06-25.15:45:47::SCWPlatform::Trying to open the hw design at D:/proyectosep2/IEE2463-SEP-Proyecto-2-Z8/1_core/vitis/1_core_plt/hw/DEMO_wrapper.xsa
TRACE::2025-06-25.15:45:47::SCWPlatform::DSA given D:/proyectosep2/IEE2463-SEP-Proyecto-2-Z8/1_core/vitis/1_core_plt/hw/DEMO_wrapper.xsa
TRACE::2025-06-25.15:45:47::SCWPlatform::DSA absoulate path D:/proyectosep2/IEE2463-SEP-Proyecto-2-Z8/1_core/vitis/1_core_plt/hw/DEMO_wrapper.xsa
TRACE::2025-06-25.15:45:47::SCWPlatform::DSA directory D:/proyectosep2/IEE2463-SEP-Proyecto-2-Z8/1_core/vitis/1_core_plt/hw
TRACE::2025-06-25.15:45:47::SCWPlatform:: Platform Path D:/proyectosep2/IEE2463-SEP-Proyecto-2-Z8/1_core/vitis/1_core_plt/hw/DEMO_wrapper.xsa
TRACE::2025-06-25.15:45:47::SCWPlatform:: Unique name xilinx:zybo-z7-10::0.0
TRACE::2025-06-25.15:45:47::SCWPlatform::Trying to set the existing hwdb with name DEMO_wrapper_0
TRACE::2025-06-25.15:45:47::SCWPlatform::Opened existing hwdb DEMO_wrapper_0
TRACE::2025-06-25.15:45:47::SCWPlatform::Found the Hw Db part of the input DSA
TRACE::2025-06-25.15:45:47::SCWMssOS::Checking the sw design at  D:/proyectosep2/IEE2463-SEP-Proyecto-2-Z8/1_core/vitis/1_core_plt/zynq_fsbl/zynq_fsbl_bsp/system.mss
TRACE::2025-06-25.15:45:47::SCWMssOS::DEBUG:  swdes dump  D:/proyectosep2/IEE2463-SEP-Proyecto-2-Z8/1_core/vitis/1_core_plt/ps7_cortexa9_0/standalone_domain/bsp/system.mss|system_0||
D:/proyectosep2/IEE2463-SEP-Proyecto-2-Z8/1_core/vitis/1_core_plt/zynq_fsbl/zynq_fsbl_bsp/system.mss|system||

TRACE::2025-06-25.15:45:47::SCWMssOS::Sw design exists and opened at  D:/proyectosep2/IEE2463-SEP-Proyecto-2-Z8/1_core/vitis/1_core_plt/zynq_fsbl/zynq_fsbl_bsp/system.mss
TRACE::2025-06-25.15:45:47::SCWPlatform::Trying to open the hw design at D:/proyectosep2/IEE2463-SEP-Proyecto-2-Z8/1_core/vitis/1_core_plt/hw/DEMO_wrapper.xsa
TRACE::2025-06-25.15:45:47::SCWPlatform::DSA given D:/proyectosep2/IEE2463-SEP-Proyecto-2-Z8/1_core/vitis/1_core_plt/hw/DEMO_wrapper.xsa
TRACE::2025-06-25.15:45:47::SCWPlatform::DSA absoulate path D:/proyectosep2/IEE2463-SEP-Proyecto-2-Z8/1_core/vitis/1_core_plt/hw/DEMO_wrapper.xsa
TRACE::2025-06-25.15:45:47::SCWPlatform::DSA directory D:/proyectosep2/IEE2463-SEP-Proyecto-2-Z8/1_core/vitis/1_core_plt/hw
TRACE::2025-06-25.15:45:47::SCWPlatform:: Platform Path D:/proyectosep2/IEE2463-SEP-Proyecto-2-Z8/1_core/vitis/1_core_plt/hw/DEMO_wrapper.xsa
TRACE::2025-06-25.15:45:47::SCWPlatform:: Unique name xilinx:zybo-z7-10::0.0
TRACE::2025-06-25.15:45:47::SCWPlatform::Trying to set the existing hwdb with name DEMO_wrapper_0
TRACE::2025-06-25.15:45:47::SCWPlatform::Opened existing hwdb DEMO_wrapper_0
TRACE::2025-06-25.15:45:47::SCWPlatform::Found the Hw Db part of the input DSA
TRACE::2025-06-25.15:45:47::SCWMssOS::Checking the sw design at  D:/proyectosep2/IEE2463-SEP-Proyecto-2-Z8/1_core/vitis/1_core_plt/ps7_cortexa9_0/standalone_domain/bsp/system.mss
TRACE::2025-06-25.15:45:47::SCWMssOS::DEBUG:  swdes dump  D:/proyectosep2/IEE2463-SEP-Proyecto-2-Z8/1_core/vitis/1_core_plt/ps7_cortexa9_0/standalone_domain/bsp/system.mss|system_0||
D:/proyectosep2/IEE2463-SEP-Proyecto-2-Z8/1_core/vitis/1_core_plt/zynq_fsbl/zynq_fsbl_bsp/system.mss|system||

TRACE::2025-06-25.15:45:47::SCWMssOS::Sw design exists and opened at  D:/proyectosep2/IEE2463-SEP-Proyecto-2-Z8/1_core/vitis/1_core_plt/ps7_cortexa9_0/standalone_domain/bsp/system.mss
TRACE::2025-06-25.15:45:47::SCWPlatform::Trying to open the hw design at D:/proyectosep2/IEE2463-SEP-Proyecto-2-Z8/1_core/vitis/1_core_plt/hw/DEMO_wrapper.xsa
TRACE::2025-06-25.15:45:47::SCWPlatform::DSA given D:/proyectosep2/IEE2463-SEP-Proyecto-2-Z8/1_core/vitis/1_core_plt/hw/DEMO_wrapper.xsa
TRACE::2025-06-25.15:45:47::SCWPlatform::DSA absoulate path D:/proyectosep2/IEE2463-SEP-Proyecto-2-Z8/1_core/vitis/1_core_plt/hw/DEMO_wrapper.xsa
TRACE::2025-06-25.15:45:47::SCWPlatform::DSA directory D:/proyectosep2/IEE2463-SEP-Proyecto-2-Z8/1_core/vitis/1_core_plt/hw
TRACE::2025-06-25.15:45:47::SCWPlatform:: Platform Path D:/proyectosep2/IEE2463-SEP-Proyecto-2-Z8/1_core/vitis/1_core_plt/hw/DEMO_wrapper.xsa
TRACE::2025-06-25.15:45:47::SCWPlatform:: Unique name xilinx:zybo-z7-10::0.0
TRACE::2025-06-25.15:45:47::SCWPlatform::Trying to set the existing hwdb with name DEMO_wrapper_0
TRACE::2025-06-25.15:45:47::SCWPlatform::Opened existing hwdb DEMO_wrapper_0
TRACE::2025-06-25.15:45:47::SCWPlatform::Found the Hw Db part of the input DSA
TRACE::2025-06-25.15:45:47::SCWMssOS::Checking the sw design at  D:/proyectosep2/IEE2463-SEP-Proyecto-2-Z8/1_core/vitis/1_core_plt/ps7_cortexa9_0/standalone_domain/bsp/system.mss
TRACE::2025-06-25.15:45:47::SCWMssOS::DEBUG:  swdes dump  D:/proyectosep2/IEE2463-SEP-Proyecto-2-Z8/1_core/vitis/1_core_plt/ps7_cortexa9_0/standalone_domain/bsp/system.mss|system_0||
D:/proyectosep2/IEE2463-SEP-Proyecto-2-Z8/1_core/vitis/1_core_plt/zynq_fsbl/zynq_fsbl_bsp/system.mss|system||

TRACE::2025-06-25.15:45:47::SCWMssOS::Sw design exists and opened at  D:/proyectosep2/IEE2463-SEP-Proyecto-2-Z8/1_core/vitis/1_core_plt/ps7_cortexa9_0/standalone_domain/bsp/system.mss
TRACE::2025-06-25.15:45:47::SCWPlatform::Trying to open the hw design at D:/proyectosep2/IEE2463-SEP-Proyecto-2-Z8/1_core/vitis/1_core_plt/hw/DEMO_wrapper.xsa
TRACE::2025-06-25.15:45:47::SCWPlatform::DSA given D:/proyectosep2/IEE2463-SEP-Proyecto-2-Z8/1_core/vitis/1_core_plt/hw/DEMO_wrapper.xsa
TRACE::2025-06-25.15:45:47::SCWPlatform::DSA absoulate path D:/proyectosep2/IEE2463-SEP-Proyecto-2-Z8/1_core/vitis/1_core_plt/hw/DEMO_wrapper.xsa
TRACE::2025-06-25.15:45:47::SCWPlatform::DSA directory D:/proyectosep2/IEE2463-SEP-Proyecto-2-Z8/1_core/vitis/1_core_plt/hw
TRACE::2025-06-25.15:45:47::SCWPlatform:: Platform Path D:/proyectosep2/IEE2463-SEP-Proyecto-2-Z8/1_core/vitis/1_core_plt/hw/DEMO_wrapper.xsa
TRACE::2025-06-25.15:45:47::SCWPlatform:: Unique name xilinx:zybo-z7-10::0.0
TRACE::2025-06-25.15:45:47::SCWPlatform::Trying to set the existing hwdb with name DEMO_wrapper_0
TRACE::2025-06-25.15:45:47::SCWPlatform::Opened existing hwdb DEMO_wrapper_0
TRACE::2025-06-25.15:45:47::SCWPlatform::Found the Hw Db part of the input DSA
TRACE::2025-06-25.15:45:47::SCWMssOS::Checking the sw design at  D:/proyectosep2/IEE2463-SEP-Proyecto-2-Z8/1_core/vitis/1_core_plt/ps7_cortexa9_0/standalone_domain/bsp/system.mss
TRACE::2025-06-25.15:45:47::SCWMssOS::DEBUG:  swdes dump  D:/proyectosep2/IEE2463-SEP-Proyecto-2-Z8/1_core/vitis/1_core_plt/ps7_cortexa9_0/standalone_domain/bsp/system.mss|system_0||
D:/proyectosep2/IEE2463-SEP-Proyecto-2-Z8/1_core/vitis/1_core_plt/zynq_fsbl/zynq_fsbl_bsp/system.mss|system||

TRACE::2025-06-25.15:45:47::SCWMssOS::Sw design exists and opened at  D:/proyectosep2/IEE2463-SEP-Proyecto-2-Z8/1_core/vitis/1_core_plt/ps7_cortexa9_0/standalone_domain/bsp/system.mss
TRACE::2025-06-25.15:45:47::SCWWriter::formatted JSON is {
	"platformName":	"1_core_plt",
	"sprVersion":	"2.0",
	"mode":	"gui",
	"dsaType":	"Fixed",
	"platformDesc":	"1_core_plt",
	"platHandOff":	"D:/proyectosep2/IEE2463-SEP-Proyecto-2-Z8/full_hardware/vivado/DEMO_wrapper.xsa",
	"platIntHandOff":	"<platformDir>/hw/DEMO_wrapper.xsa",
	"deviceType":	"zynq",
	"platIsPrebuiltAutogen":	"false",
	"platIsNoBootBsp":	"false",
	"platFsblTarget":	"ps7_cortexa9_0",
	"hasFsblMakeHasChanges":	"false",
	"hasPmufwMakeHasChanges":	"false",
	"fsblExtraCompilerFlags":	"-MMD -MP       -mcpu=cortex-a9 -mfpu=vfpv3 -mfloat-abi=hard ",
	"platPreBuiltFlag":	false,
	"platformSamplesDir":	"",
	"platActiveSys":	"1_core_plt",
	"systems":	[{
			"systemName":	"1_core_plt",
			"systemDesc":	"1_core_plt",
			"sysIsBootAutoGen":	"true",
			"systemDispName":	"1_core_plt",
			"sysActiveDom":	"standalone_domain",
			"sysDefaultDom":	"standalone_domain",
			"domains":	[{
					"domainName":	"zynq_fsbl",
					"domainDispName":	"zynq_fsbl",
					"domainDesc":	"FSBL Application BSP - Auto Generated.",
					"processors":	"ps7_cortexa9_0",
					"os":	"standalone",
					"sdxOs":	"standalone",
					"debugEnable":	"",
					"domRuntimes":	["cpp"],
					"swRepo":	"",
					"mssOsVer":	"7.2",
					"mssFile":	"",
					"md5Digest":	"22a6aa47fd12e4eea21ee9dba4d7fcad",
					"compatibleApp":	"zynq_fsbl",
					"domType":	"bootDomain",
					"appSettings":	{
						"appCompilerFlags":	"",
						"appLinkerFlags":	""
					},
					"addedLibs":	["xilffs:4.3", "xilrsa:1.6"],
					"libOptions":	{
						"libsContainingOptions":	[]
					},
					"prebuiltLibs":	{
						"prebuiltIncPath":	[],
						"prebuiltLibPath":	[]
					},
					"isolation":	{
					}
				}, {
					"domainName":	"standalone_domain",
					"domainDispName":	"standalone_domain",
					"domainDesc":	"standalone_domain",
					"processors":	"ps7_cortexa9_0",
					"os":	"standalone",
					"sdxOs":	"standalone",
					"qemuArgs":	"D:/Xilinx/Vitis/2020.1/data/emulation/platforms/zynq/qemu/qemu_args.txt",
					"qemuData":	"D:/Xilinx/Vitis/2020.1/data/emulation/platforms/zynq/qemu/",
					"debugEnable":	"False",
					"domRuntimes":	["cpp"],
					"swRepo":	"",
					"mssOsVer":	"7.2",
					"mssFile":	"",
					"md5Digest":	"3bd73008cc19367a3826b43ea626ca85",
					"compatibleApp":	"",
					"domType":	"mssDomain",
					"appSettings":	{
						"appCompilerFlags":	"",
						"appLinkerFlags":	""
					},
					"addedLibs":	[],
					"libOptions":	{
						"libsContainingOptions":	[]
					},
					"prebuiltLibs":	{
						"prebuiltIncPath":	[],
						"prebuiltLibPath":	[]
					},
					"isolation":	{
					}
				}]
		}]
}
KEYINFO::2025-06-25.15:45:47::SCWPlatform::updated the xpfm file.
TRACE::2025-06-25.15:45:47::SCWPlatform::Trying to open the hw design at D:/proyectosep2/IEE2463-SEP-Proyecto-2-Z8/1_core/vitis/1_core_plt/hw/DEMO_wrapper.xsa
TRACE::2025-06-25.15:45:47::SCWPlatform::DSA given D:/proyectosep2/IEE2463-SEP-Proyecto-2-Z8/1_core/vitis/1_core_plt/hw/DEMO_wrapper.xsa
TRACE::2025-06-25.15:45:47::SCWPlatform::DSA absoulate path D:/proyectosep2/IEE2463-SEP-Proyecto-2-Z8/1_core/vitis/1_core_plt/hw/DEMO_wrapper.xsa
TRACE::2025-06-25.15:45:47::SCWPlatform::DSA directory D:/proyectosep2/IEE2463-SEP-Proyecto-2-Z8/1_core/vitis/1_core_plt/hw
TRACE::2025-06-25.15:45:47::SCWPlatform:: Platform Path D:/proyectosep2/IEE2463-SEP-Proyecto-2-Z8/1_core/vitis/1_core_plt/hw/DEMO_wrapper.xsa
TRACE::2025-06-25.15:45:47::SCWPlatform:: Unique name xilinx:zybo-z7-10::0.0
TRACE::2025-06-25.15:45:47::SCWPlatform::Trying to set the existing hwdb with name DEMO_wrapper_0
TRACE::2025-06-25.15:45:47::SCWPlatform::Opened existing hwdb DEMO_wrapper_0
TRACE::2025-06-25.15:45:47::SCWPlatform::Found the Hw Db part of the input DSA
TRACE::2025-06-25.15:45:47::SCWMssOS::Checking the sw design at  D:/proyectosep2/IEE2463-SEP-Proyecto-2-Z8/1_core/vitis/1_core_plt/ps7_cortexa9_0/standalone_domain/bsp/system.mss
TRACE::2025-06-25.15:45:47::SCWMssOS::DEBUG:  swdes dump  D:/proyectosep2/IEE2463-SEP-Proyecto-2-Z8/1_core/vitis/1_core_plt/ps7_cortexa9_0/standalone_domain/bsp/system.mss|system_0||
D:/proyectosep2/IEE2463-SEP-Proyecto-2-Z8/1_core/vitis/1_core_plt/zynq_fsbl/zynq_fsbl_bsp/system.mss|system||

TRACE::2025-06-25.15:45:47::SCWMssOS::Sw design exists and opened at  D:/proyectosep2/IEE2463-SEP-Proyecto-2-Z8/1_core/vitis/1_core_plt/ps7_cortexa9_0/standalone_domain/bsp/system.mss
TRACE::2025-06-25.15:45:47::SCWMssOS::Saving the mss changes D:/proyectosep2/IEE2463-SEP-Proyecto-2-Z8/1_core/vitis/1_core_plt/zynq_fsbl/zynq_fsbl_bsp/system.mss
TRACE::2025-06-25.15:45:47::SCWMssOS::Found a swdesign opened with the mssfile.
TRACE::2025-06-25.15:45:47::SCWMssOS::Completed writemss as part of save.
TRACE::2025-06-25.15:45:47::SCWMssOS::Commit changes completed.
TRACE::2025-06-25.15:45:47::SCWMssOS::Saving the mss changes D:/proyectosep2/IEE2463-SEP-Proyecto-2-Z8/1_core/vitis/1_core_plt/ps7_cortexa9_0/standalone_domain/bsp/system.mss
TRACE::2025-06-25.15:45:47::SCWMssOS::Found a swdesign opened with the mssfile.
TRACE::2025-06-25.15:45:47::SCWMssOS::Completed writemss as part of save.
TRACE::2025-06-25.15:45:47::SCWMssOS::Commit changes completed.
TRACE::2025-06-25.15:45:47::SCWPlatform::Trying to open the hw design at D:/proyectosep2/IEE2463-SEP-Proyecto-2-Z8/1_core/vitis/1_core_plt/hw/DEMO_wrapper.xsa
TRACE::2025-06-25.15:45:47::SCWPlatform::DSA given D:/proyectosep2/IEE2463-SEP-Proyecto-2-Z8/1_core/vitis/1_core_plt/hw/DEMO_wrapper.xsa
TRACE::2025-06-25.15:45:47::SCWPlatform::DSA absoulate path D:/proyectosep2/IEE2463-SEP-Proyecto-2-Z8/1_core/vitis/1_core_plt/hw/DEMO_wrapper.xsa
TRACE::2025-06-25.15:45:47::SCWPlatform::DSA directory D:/proyectosep2/IEE2463-SEP-Proyecto-2-Z8/1_core/vitis/1_core_plt/hw
TRACE::2025-06-25.15:45:47::SCWPlatform:: Platform Path D:/proyectosep2/IEE2463-SEP-Proyecto-2-Z8/1_core/vitis/1_core_plt/hw/DEMO_wrapper.xsa
TRACE::2025-06-25.15:45:47::SCWPlatform:: Unique name xilinx:zybo-z7-10::0.0
TRACE::2025-06-25.15:45:47::SCWPlatform::Trying to set the existing hwdb with name DEMO_wrapper_0
TRACE::2025-06-25.15:45:47::SCWPlatform::Opened existing hwdb DEMO_wrapper_0
TRACE::2025-06-25.15:45:47::SCWPlatform::Found the Hw Db part of the input DSA
TRACE::2025-06-25.15:45:47::SCWMssOS::Checking the sw design at  D:/proyectosep2/IEE2463-SEP-Proyecto-2-Z8/1_core/vitis/1_core_plt/zynq_fsbl/zynq_fsbl_bsp/system.mss
TRACE::2025-06-25.15:45:47::SCWMssOS::DEBUG:  swdes dump  D:/proyectosep2/IEE2463-SEP-Proyecto-2-Z8/1_core/vitis/1_core_plt/ps7_cortexa9_0/standalone_domain/bsp/system.mss|system_0||
D:/proyectosep2/IEE2463-SEP-Proyecto-2-Z8/1_core/vitis/1_core_plt/zynq_fsbl/zynq_fsbl_bsp/system.mss|system||

TRACE::2025-06-25.15:45:47::SCWMssOS::Sw design exists and opened at  D:/proyectosep2/IEE2463-SEP-Proyecto-2-Z8/1_core/vitis/1_core_plt/zynq_fsbl/zynq_fsbl_bsp/system.mss
TRACE::2025-06-25.15:45:47::SCWPlatform::Trying to open the hw design at D:/proyectosep2/IEE2463-SEP-Proyecto-2-Z8/1_core/vitis/1_core_plt/hw/DEMO_wrapper.xsa
TRACE::2025-06-25.15:45:47::SCWPlatform::DSA given D:/proyectosep2/IEE2463-SEP-Proyecto-2-Z8/1_core/vitis/1_core_plt/hw/DEMO_wrapper.xsa
TRACE::2025-06-25.15:45:47::SCWPlatform::DSA absoulate path D:/proyectosep2/IEE2463-SEP-Proyecto-2-Z8/1_core/vitis/1_core_plt/hw/DEMO_wrapper.xsa
TRACE::2025-06-25.15:45:47::SCWPlatform::DSA directory D:/proyectosep2/IEE2463-SEP-Proyecto-2-Z8/1_core/vitis/1_core_plt/hw
TRACE::2025-06-25.15:45:47::SCWPlatform:: Platform Path D:/proyectosep2/IEE2463-SEP-Proyecto-2-Z8/1_core/vitis/1_core_plt/hw/DEMO_wrapper.xsa
TRACE::2025-06-25.15:45:47::SCWPlatform:: Unique name xilinx:zybo-z7-10::0.0
TRACE::2025-06-25.15:45:47::SCWPlatform::Trying to set the existing hwdb with name DEMO_wrapper_0
TRACE::2025-06-25.15:45:47::SCWPlatform::Opened existing hwdb DEMO_wrapper_0
TRACE::2025-06-25.15:45:47::SCWPlatform::Found the Hw Db part of the input DSA
TRACE::2025-06-25.15:45:47::SCWMssOS::Checking the sw design at  D:/proyectosep2/IEE2463-SEP-Proyecto-2-Z8/1_core/vitis/1_core_plt/zynq_fsbl/zynq_fsbl_bsp/system.mss
TRACE::2025-06-25.15:45:47::SCWMssOS::DEBUG:  swdes dump  D:/proyectosep2/IEE2463-SEP-Proyecto-2-Z8/1_core/vitis/1_core_plt/ps7_cortexa9_0/standalone_domain/bsp/system.mss|system_0||
D:/proyectosep2/IEE2463-SEP-Proyecto-2-Z8/1_core/vitis/1_core_plt/zynq_fsbl/zynq_fsbl_bsp/system.mss|system||

TRACE::2025-06-25.15:45:47::SCWMssOS::Sw design exists and opened at  D:/proyectosep2/IEE2463-SEP-Proyecto-2-Z8/1_core/vitis/1_core_plt/zynq_fsbl/zynq_fsbl_bsp/system.mss
TRACE::2025-06-25.15:45:47::SCWPlatform::Trying to open the hw design at D:/proyectosep2/IEE2463-SEP-Proyecto-2-Z8/1_core/vitis/1_core_plt/hw/DEMO_wrapper.xsa
TRACE::2025-06-25.15:45:47::SCWPlatform::DSA given D:/proyectosep2/IEE2463-SEP-Proyecto-2-Z8/1_core/vitis/1_core_plt/hw/DEMO_wrapper.xsa
TRACE::2025-06-25.15:45:47::SCWPlatform::DSA absoulate path D:/proyectosep2/IEE2463-SEP-Proyecto-2-Z8/1_core/vitis/1_core_plt/hw/DEMO_wrapper.xsa
TRACE::2025-06-25.15:45:47::SCWPlatform::DSA directory D:/proyectosep2/IEE2463-SEP-Proyecto-2-Z8/1_core/vitis/1_core_plt/hw
TRACE::2025-06-25.15:45:47::SCWPlatform:: Platform Path D:/proyectosep2/IEE2463-SEP-Proyecto-2-Z8/1_core/vitis/1_core_plt/hw/DEMO_wrapper.xsa
TRACE::2025-06-25.15:45:47::SCWPlatform:: Unique name xilinx:zybo-z7-10::0.0
TRACE::2025-06-25.15:45:47::SCWPlatform::Trying to set the existing hwdb with name DEMO_wrapper_0
TRACE::2025-06-25.15:45:47::SCWPlatform::Opened existing hwdb DEMO_wrapper_0
TRACE::2025-06-25.15:45:47::SCWPlatform::Found the Hw Db part of the input DSA
TRACE::2025-06-25.15:45:47::SCWMssOS::Checking the sw design at  D:/proyectosep2/IEE2463-SEP-Proyecto-2-Z8/1_core/vitis/1_core_plt/zynq_fsbl/zynq_fsbl_bsp/system.mss
TRACE::2025-06-25.15:45:47::SCWMssOS::DEBUG:  swdes dump  D:/proyectosep2/IEE2463-SEP-Proyecto-2-Z8/1_core/vitis/1_core_plt/ps7_cortexa9_0/standalone_domain/bsp/system.mss|system_0||
D:/proyectosep2/IEE2463-SEP-Proyecto-2-Z8/1_core/vitis/1_core_plt/zynq_fsbl/zynq_fsbl_bsp/system.mss|system||

TRACE::2025-06-25.15:45:47::SCWMssOS::Sw design exists and opened at  D:/proyectosep2/IEE2463-SEP-Proyecto-2-Z8/1_core/vitis/1_core_plt/zynq_fsbl/zynq_fsbl_bsp/system.mss
TRACE::2025-06-25.15:45:47::SCWPlatform::Trying to open the hw design at D:/proyectosep2/IEE2463-SEP-Proyecto-2-Z8/1_core/vitis/1_core_plt/hw/DEMO_wrapper.xsa
TRACE::2025-06-25.15:45:47::SCWPlatform::DSA given D:/proyectosep2/IEE2463-SEP-Proyecto-2-Z8/1_core/vitis/1_core_plt/hw/DEMO_wrapper.xsa
TRACE::2025-06-25.15:45:47::SCWPlatform::DSA absoulate path D:/proyectosep2/IEE2463-SEP-Proyecto-2-Z8/1_core/vitis/1_core_plt/hw/DEMO_wrapper.xsa
TRACE::2025-06-25.15:45:47::SCWPlatform::DSA directory D:/proyectosep2/IEE2463-SEP-Proyecto-2-Z8/1_core/vitis/1_core_plt/hw
TRACE::2025-06-25.15:45:47::SCWPlatform:: Platform Path D:/proyectosep2/IEE2463-SEP-Proyecto-2-Z8/1_core/vitis/1_core_plt/hw/DEMO_wrapper.xsa
TRACE::2025-06-25.15:45:47::SCWPlatform:: Unique name xilinx:zybo-z7-10::0.0
TRACE::2025-06-25.15:45:47::SCWPlatform::Trying to set the existing hwdb with name DEMO_wrapper_0
TRACE::2025-06-25.15:45:47::SCWPlatform::Opened existing hwdb DEMO_wrapper_0
TRACE::2025-06-25.15:45:47::SCWPlatform::Found the Hw Db part of the input DSA
TRACE::2025-06-25.15:45:47::SCWMssOS::Checking the sw design at  D:/proyectosep2/IEE2463-SEP-Proyecto-2-Z8/1_core/vitis/1_core_plt/ps7_cortexa9_0/standalone_domain/bsp/system.mss
TRACE::2025-06-25.15:45:47::SCWMssOS::DEBUG:  swdes dump  D:/proyectosep2/IEE2463-SEP-Proyecto-2-Z8/1_core/vitis/1_core_plt/ps7_cortexa9_0/standalone_domain/bsp/system.mss|system_0||
D:/proyectosep2/IEE2463-SEP-Proyecto-2-Z8/1_core/vitis/1_core_plt/zynq_fsbl/zynq_fsbl_bsp/system.mss|system||

TRACE::2025-06-25.15:45:47::SCWMssOS::Sw design exists and opened at  D:/proyectosep2/IEE2463-SEP-Proyecto-2-Z8/1_core/vitis/1_core_plt/ps7_cortexa9_0/standalone_domain/bsp/system.mss
TRACE::2025-06-25.15:45:47::SCWPlatform::Trying to open the hw design at D:/proyectosep2/IEE2463-SEP-Proyecto-2-Z8/1_core/vitis/1_core_plt/hw/DEMO_wrapper.xsa
TRACE::2025-06-25.15:45:47::SCWPlatform::DSA given D:/proyectosep2/IEE2463-SEP-Proyecto-2-Z8/1_core/vitis/1_core_plt/hw/DEMO_wrapper.xsa
TRACE::2025-06-25.15:45:47::SCWPlatform::DSA absoulate path D:/proyectosep2/IEE2463-SEP-Proyecto-2-Z8/1_core/vitis/1_core_plt/hw/DEMO_wrapper.xsa
TRACE::2025-06-25.15:45:47::SCWPlatform::DSA directory D:/proyectosep2/IEE2463-SEP-Proyecto-2-Z8/1_core/vitis/1_core_plt/hw
TRACE::2025-06-25.15:45:47::SCWPlatform:: Platform Path D:/proyectosep2/IEE2463-SEP-Proyecto-2-Z8/1_core/vitis/1_core_plt/hw/DEMO_wrapper.xsa
TRACE::2025-06-25.15:45:47::SCWPlatform:: Unique name xilinx:zybo-z7-10::0.0
TRACE::2025-06-25.15:45:47::SCWPlatform::Trying to set the existing hwdb with name DEMO_wrapper_0
TRACE::2025-06-25.15:45:47::SCWPlatform::Opened existing hwdb DEMO_wrapper_0
TRACE::2025-06-25.15:45:47::SCWPlatform::Found the Hw Db part of the input DSA
TRACE::2025-06-25.15:45:47::SCWMssOS::Checking the sw design at  D:/proyectosep2/IEE2463-SEP-Proyecto-2-Z8/1_core/vitis/1_core_plt/ps7_cortexa9_0/standalone_domain/bsp/system.mss
TRACE::2025-06-25.15:45:47::SCWMssOS::DEBUG:  swdes dump  D:/proyectosep2/IEE2463-SEP-Proyecto-2-Z8/1_core/vitis/1_core_plt/ps7_cortexa9_0/standalone_domain/bsp/system.mss|system_0||
D:/proyectosep2/IEE2463-SEP-Proyecto-2-Z8/1_core/vitis/1_core_plt/zynq_fsbl/zynq_fsbl_bsp/system.mss|system||

TRACE::2025-06-25.15:45:47::SCWMssOS::Sw design exists and opened at  D:/proyectosep2/IEE2463-SEP-Proyecto-2-Z8/1_core/vitis/1_core_plt/ps7_cortexa9_0/standalone_domain/bsp/system.mss
TRACE::2025-06-25.15:45:47::SCWPlatform::Trying to open the hw design at D:/proyectosep2/IEE2463-SEP-Proyecto-2-Z8/1_core/vitis/1_core_plt/hw/DEMO_wrapper.xsa
TRACE::2025-06-25.15:45:47::SCWPlatform::DSA given D:/proyectosep2/IEE2463-SEP-Proyecto-2-Z8/1_core/vitis/1_core_plt/hw/DEMO_wrapper.xsa
TRACE::2025-06-25.15:45:47::SCWPlatform::DSA absoulate path D:/proyectosep2/IEE2463-SEP-Proyecto-2-Z8/1_core/vitis/1_core_plt/hw/DEMO_wrapper.xsa
TRACE::2025-06-25.15:45:47::SCWPlatform::DSA directory D:/proyectosep2/IEE2463-SEP-Proyecto-2-Z8/1_core/vitis/1_core_plt/hw
TRACE::2025-06-25.15:45:47::SCWPlatform:: Platform Path D:/proyectosep2/IEE2463-SEP-Proyecto-2-Z8/1_core/vitis/1_core_plt/hw/DEMO_wrapper.xsa
TRACE::2025-06-25.15:45:47::SCWPlatform:: Unique name xilinx:zybo-z7-10::0.0
TRACE::2025-06-25.15:45:47::SCWPlatform::Trying to set the existing hwdb with name DEMO_wrapper_0
TRACE::2025-06-25.15:45:47::SCWPlatform::Opened existing hwdb DEMO_wrapper_0
TRACE::2025-06-25.15:45:47::SCWPlatform::Found the Hw Db part of the input DSA
TRACE::2025-06-25.15:45:47::SCWMssOS::Checking the sw design at  D:/proyectosep2/IEE2463-SEP-Proyecto-2-Z8/1_core/vitis/1_core_plt/ps7_cortexa9_0/standalone_domain/bsp/system.mss
TRACE::2025-06-25.15:45:47::SCWMssOS::DEBUG:  swdes dump  D:/proyectosep2/IEE2463-SEP-Proyecto-2-Z8/1_core/vitis/1_core_plt/ps7_cortexa9_0/standalone_domain/bsp/system.mss|system_0||
D:/proyectosep2/IEE2463-SEP-Proyecto-2-Z8/1_core/vitis/1_core_plt/zynq_fsbl/zynq_fsbl_bsp/system.mss|system||

TRACE::2025-06-25.15:45:47::SCWMssOS::Sw design exists and opened at  D:/proyectosep2/IEE2463-SEP-Proyecto-2-Z8/1_core/vitis/1_core_plt/ps7_cortexa9_0/standalone_domain/bsp/system.mss
TRACE::2025-06-25.15:45:47::SCWWriter::formatted JSON is {
	"platformName":	"1_core_plt",
	"sprVersion":	"2.0",
	"mode":	"gui",
	"dsaType":	"Fixed",
	"platformDesc":	"1_core_plt",
	"platHandOff":	"D:/proyectosep2/IEE2463-SEP-Proyecto-2-Z8/full_hardware/vivado/DEMO_wrapper.xsa",
	"platIntHandOff":	"<platformDir>/hw/DEMO_wrapper.xsa",
	"deviceType":	"zynq",
	"platIsPrebuiltAutogen":	"false",
	"platIsNoBootBsp":	"false",
	"platFsblTarget":	"ps7_cortexa9_0",
	"hasFsblMakeHasChanges":	"false",
	"hasPmufwMakeHasChanges":	"false",
	"fsblExtraCompilerFlags":	"-MMD -MP       -mcpu=cortex-a9 -mfpu=vfpv3 -mfloat-abi=hard ",
	"platPreBuiltFlag":	false,
	"platformSamplesDir":	"",
	"platActiveSys":	"1_core_plt",
	"systems":	[{
			"systemName":	"1_core_plt",
			"systemDesc":	"1_core_plt",
			"sysIsBootAutoGen":	"true",
			"systemDispName":	"1_core_plt",
			"sysActiveDom":	"standalone_domain",
			"sysDefaultDom":	"standalone_domain",
			"domains":	[{
					"domainName":	"zynq_fsbl",
					"domainDispName":	"zynq_fsbl",
					"domainDesc":	"FSBL Application BSP - Auto Generated.",
					"processors":	"ps7_cortexa9_0",
					"os":	"standalone",
					"sdxOs":	"standalone",
					"debugEnable":	"",
					"domRuntimes":	["cpp"],
					"swRepo":	"",
					"mssOsVer":	"7.2",
					"mssFile":	"",
					"md5Digest":	"22a6aa47fd12e4eea21ee9dba4d7fcad",
					"compatibleApp":	"zynq_fsbl",
					"domType":	"bootDomain",
					"appSettings":	{
						"appCompilerFlags":	"",
						"appLinkerFlags":	""
					},
					"addedLibs":	["xilffs:4.3", "xilrsa:1.6"],
					"libOptions":	{
						"libsContainingOptions":	[]
					},
					"prebuiltLibs":	{
						"prebuiltIncPath":	[],
						"prebuiltLibPath":	[]
					},
					"isolation":	{
					}
				}, {
					"domainName":	"standalone_domain",
					"domainDispName":	"standalone_domain",
					"domainDesc":	"standalone_domain",
					"processors":	"ps7_cortexa9_0",
					"os":	"standalone",
					"sdxOs":	"standalone",
					"qemuArgs":	"D:/Xilinx/Vitis/2020.1/data/emulation/platforms/zynq/qemu/qemu_args.txt",
					"qemuData":	"D:/Xilinx/Vitis/2020.1/data/emulation/platforms/zynq/qemu/",
					"debugEnable":	"False",
					"domRuntimes":	["cpp"],
					"swRepo":	"",
					"mssOsVer":	"7.2",
					"mssFile":	"",
					"md5Digest":	"3bd73008cc19367a3826b43ea626ca85",
					"compatibleApp":	"",
					"domType":	"mssDomain",
					"appSettings":	{
						"appCompilerFlags":	"",
						"appLinkerFlags":	""
					},
					"addedLibs":	[],
					"libOptions":	{
						"libsContainingOptions":	[]
					},
					"prebuiltLibs":	{
						"prebuiltIncPath":	[],
						"prebuiltLibPath":	[]
					},
					"isolation":	{
					}
				}]
		}]
}
TRACE::2025-06-25.15:45:47::SCWPlatform::Trying to open the hw design at D:/proyectosep2/IEE2463-SEP-Proyecto-2-Z8/1_core/vitis/1_core_plt/hw/DEMO_wrapper.xsa
TRACE::2025-06-25.15:45:47::SCWPlatform::DSA given D:/proyectosep2/IEE2463-SEP-Proyecto-2-Z8/1_core/vitis/1_core_plt/hw/DEMO_wrapper.xsa
TRACE::2025-06-25.15:45:47::SCWPlatform::DSA absoulate path D:/proyectosep2/IEE2463-SEP-Proyecto-2-Z8/1_core/vitis/1_core_plt/hw/DEMO_wrapper.xsa
TRACE::2025-06-25.15:45:47::SCWPlatform::DSA directory D:/proyectosep2/IEE2463-SEP-Proyecto-2-Z8/1_core/vitis/1_core_plt/hw
TRACE::2025-06-25.15:45:47::SCWPlatform:: Platform Path D:/proyectosep2/IEE2463-SEP-Proyecto-2-Z8/1_core/vitis/1_core_plt/hw/DEMO_wrapper.xsa
TRACE::2025-06-25.15:45:47::SCWPlatform:: Unique name xilinx:zybo-z7-10::0.0
TRACE::2025-06-25.15:45:47::SCWPlatform::Trying to set the existing hwdb with name DEMO_wrapper_0
TRACE::2025-06-25.15:45:47::SCWPlatform::Opened existing hwdb DEMO_wrapper_0
TRACE::2025-06-25.15:45:47::SCWPlatform::Found the Hw Db part of the input DSA
TRACE::2025-06-25.15:45:47::SCWMssOS::Checking the sw design at  D:/proyectosep2/IEE2463-SEP-Proyecto-2-Z8/1_core/vitis/1_core_plt/ps7_cortexa9_0/standalone_domain/bsp/system.mss
TRACE::2025-06-25.15:45:47::SCWMssOS::DEBUG:  swdes dump  D:/proyectosep2/IEE2463-SEP-Proyecto-2-Z8/1_core/vitis/1_core_plt/ps7_cortexa9_0/standalone_domain/bsp/system.mss|system_0||
D:/proyectosep2/IEE2463-SEP-Proyecto-2-Z8/1_core/vitis/1_core_plt/zynq_fsbl/zynq_fsbl_bsp/system.mss|system||

TRACE::2025-06-25.15:45:47::SCWMssOS::Sw design exists and opened at  D:/proyectosep2/IEE2463-SEP-Proyecto-2-Z8/1_core/vitis/1_core_plt/ps7_cortexa9_0/standalone_domain/bsp/system.mss
TRACE::2025-06-25.15:45:47::SCWPlatform::Trying to open the hw design at D:/proyectosep2/IEE2463-SEP-Proyecto-2-Z8/1_core/vitis/1_core_plt/hw/DEMO_wrapper.xsa
TRACE::2025-06-25.15:45:47::SCWPlatform::DSA given D:/proyectosep2/IEE2463-SEP-Proyecto-2-Z8/1_core/vitis/1_core_plt/hw/DEMO_wrapper.xsa
TRACE::2025-06-25.15:45:47::SCWPlatform::DSA absoulate path D:/proyectosep2/IEE2463-SEP-Proyecto-2-Z8/1_core/vitis/1_core_plt/hw/DEMO_wrapper.xsa
TRACE::2025-06-25.15:45:47::SCWPlatform::DSA directory D:/proyectosep2/IEE2463-SEP-Proyecto-2-Z8/1_core/vitis/1_core_plt/hw
TRACE::2025-06-25.15:45:47::SCWPlatform:: Platform Path D:/proyectosep2/IEE2463-SEP-Proyecto-2-Z8/1_core/vitis/1_core_plt/hw/DEMO_wrapper.xsa
TRACE::2025-06-25.15:45:47::SCWPlatform:: Unique name xilinx:zybo-z7-10::0.0
TRACE::2025-06-25.15:45:47::SCWPlatform::Trying to set the existing hwdb with name DEMO_wrapper_0
TRACE::2025-06-25.15:45:47::SCWPlatform::Opened existing hwdb DEMO_wrapper_0
TRACE::2025-06-25.15:45:47::SCWPlatform::Found the Hw Db part of the input DSA
TRACE::2025-06-25.15:45:47::SCWMssOS::Checking the sw design at  D:/proyectosep2/IEE2463-SEP-Proyecto-2-Z8/1_core/vitis/1_core_plt/ps7_cortexa9_0/standalone_domain/bsp/system.mss
TRACE::2025-06-25.15:45:47::SCWMssOS::DEBUG:  swdes dump  D:/proyectosep2/IEE2463-SEP-Proyecto-2-Z8/1_core/vitis/1_core_plt/ps7_cortexa9_0/standalone_domain/bsp/system.mss|system_0||
D:/proyectosep2/IEE2463-SEP-Proyecto-2-Z8/1_core/vitis/1_core_plt/zynq_fsbl/zynq_fsbl_bsp/system.mss|system||

TRACE::2025-06-25.15:45:47::SCWMssOS::Sw design exists and opened at  D:/proyectosep2/IEE2463-SEP-Proyecto-2-Z8/1_core/vitis/1_core_plt/ps7_cortexa9_0/standalone_domain/bsp/system.mss
TRACE::2025-06-25.15:45:47::SCWPlatform::Trying to open the hw design at D:/proyectosep2/IEE2463-SEP-Proyecto-2-Z8/1_core/vitis/1_core_plt/hw/DEMO_wrapper.xsa
TRACE::2025-06-25.15:45:47::SCWPlatform::DSA given D:/proyectosep2/IEE2463-SEP-Proyecto-2-Z8/1_core/vitis/1_core_plt/hw/DEMO_wrapper.xsa
TRACE::2025-06-25.15:45:47::SCWPlatform::DSA absoulate path D:/proyectosep2/IEE2463-SEP-Proyecto-2-Z8/1_core/vitis/1_core_plt/hw/DEMO_wrapper.xsa
TRACE::2025-06-25.15:45:47::SCWPlatform::DSA directory D:/proyectosep2/IEE2463-SEP-Proyecto-2-Z8/1_core/vitis/1_core_plt/hw
TRACE::2025-06-25.15:45:47::SCWPlatform:: Platform Path D:/proyectosep2/IEE2463-SEP-Proyecto-2-Z8/1_core/vitis/1_core_plt/hw/DEMO_wrapper.xsa
TRACE::2025-06-25.15:45:47::SCWPlatform:: Unique name xilinx:zybo-z7-10::0.0
TRACE::2025-06-25.15:45:47::SCWPlatform::Trying to set the existing hwdb with name DEMO_wrapper_0
TRACE::2025-06-25.15:45:47::SCWPlatform::Opened existing hwdb DEMO_wrapper_0
TRACE::2025-06-25.15:45:47::SCWPlatform::Found the Hw Db part of the input DSA
TRACE::2025-06-25.15:45:47::SCWMssOS::Checking the sw design at  D:/proyectosep2/IEE2463-SEP-Proyecto-2-Z8/1_core/vitis/1_core_plt/ps7_cortexa9_0/standalone_domain/bsp/system.mss
TRACE::2025-06-25.15:45:47::SCWMssOS::DEBUG:  swdes dump  D:/proyectosep2/IEE2463-SEP-Proyecto-2-Z8/1_core/vitis/1_core_plt/ps7_cortexa9_0/standalone_domain/bsp/system.mss|system_0||
D:/proyectosep2/IEE2463-SEP-Proyecto-2-Z8/1_core/vitis/1_core_plt/zynq_fsbl/zynq_fsbl_bsp/system.mss|system||

TRACE::2025-06-25.15:45:47::SCWMssOS::Sw design exists and opened at  D:/proyectosep2/IEE2463-SEP-Proyecto-2-Z8/1_core/vitis/1_core_plt/ps7_cortexa9_0/standalone_domain/bsp/system.mss
TRACE::2025-06-25.15:45:47::SCWMssOS::Saving the mss changes D:/proyectosep2/IEE2463-SEP-Proyecto-2-Z8/1_core/vitis/1_core_plt/zynq_fsbl/zynq_fsbl_bsp/system.mss
TRACE::2025-06-25.15:45:47::SCWMssOS::Found a swdesign opened with the mssfile.
TRACE::2025-06-25.15:45:47::SCWMssOS::Completed writemss as part of save.
TRACE::2025-06-25.15:45:47::SCWMssOS::Commit changes completed.
TRACE::2025-06-25.15:45:47::SCWMssOS::Saving the mss changes D:/proyectosep2/IEE2463-SEP-Proyecto-2-Z8/1_core/vitis/1_core_plt/ps7_cortexa9_0/standalone_domain/bsp/system.mss
TRACE::2025-06-25.15:45:47::SCWMssOS::Found a swdesign opened with the mssfile.
TRACE::2025-06-25.15:45:47::SCWMssOS::Completed writemss as part of save.
TRACE::2025-06-25.15:45:47::SCWMssOS::Commit changes completed.
TRACE::2025-06-25.15:45:47::SCWPlatform::Trying to open the hw design at D:/proyectosep2/IEE2463-SEP-Proyecto-2-Z8/1_core/vitis/1_core_plt/hw/DEMO_wrapper.xsa
TRACE::2025-06-25.15:45:47::SCWPlatform::DSA given D:/proyectosep2/IEE2463-SEP-Proyecto-2-Z8/1_core/vitis/1_core_plt/hw/DEMO_wrapper.xsa
TRACE::2025-06-25.15:45:47::SCWPlatform::DSA absoulate path D:/proyectosep2/IEE2463-SEP-Proyecto-2-Z8/1_core/vitis/1_core_plt/hw/DEMO_wrapper.xsa
TRACE::2025-06-25.15:45:47::SCWPlatform::DSA directory D:/proyectosep2/IEE2463-SEP-Proyecto-2-Z8/1_core/vitis/1_core_plt/hw
TRACE::2025-06-25.15:45:47::SCWPlatform:: Platform Path D:/proyectosep2/IEE2463-SEP-Proyecto-2-Z8/1_core/vitis/1_core_plt/hw/DEMO_wrapper.xsa
TRACE::2025-06-25.15:45:47::SCWPlatform:: Unique name xilinx:zybo-z7-10::0.0
TRACE::2025-06-25.15:45:47::SCWPlatform::Trying to set the existing hwdb with name DEMO_wrapper_0
TRACE::2025-06-25.15:45:47::SCWPlatform::Opened existing hwdb DEMO_wrapper_0
TRACE::2025-06-25.15:45:47::SCWPlatform::Found the Hw Db part of the input DSA
TRACE::2025-06-25.15:45:47::SCWMssOS::Checking the sw design at  D:/proyectosep2/IEE2463-SEP-Proyecto-2-Z8/1_core/vitis/1_core_plt/zynq_fsbl/zynq_fsbl_bsp/system.mss
TRACE::2025-06-25.15:45:47::SCWMssOS::DEBUG:  swdes dump  D:/proyectosep2/IEE2463-SEP-Proyecto-2-Z8/1_core/vitis/1_core_plt/ps7_cortexa9_0/standalone_domain/bsp/system.mss|system_0||
D:/proyectosep2/IEE2463-SEP-Proyecto-2-Z8/1_core/vitis/1_core_plt/zynq_fsbl/zynq_fsbl_bsp/system.mss|system||

TRACE::2025-06-25.15:45:47::SCWMssOS::Sw design exists and opened at  D:/proyectosep2/IEE2463-SEP-Proyecto-2-Z8/1_core/vitis/1_core_plt/zynq_fsbl/zynq_fsbl_bsp/system.mss
TRACE::2025-06-25.15:45:47::SCWPlatform::Trying to open the hw design at D:/proyectosep2/IEE2463-SEP-Proyecto-2-Z8/1_core/vitis/1_core_plt/hw/DEMO_wrapper.xsa
TRACE::2025-06-25.15:45:47::SCWPlatform::DSA given D:/proyectosep2/IEE2463-SEP-Proyecto-2-Z8/1_core/vitis/1_core_plt/hw/DEMO_wrapper.xsa
TRACE::2025-06-25.15:45:47::SCWPlatform::DSA absoulate path D:/proyectosep2/IEE2463-SEP-Proyecto-2-Z8/1_core/vitis/1_core_plt/hw/DEMO_wrapper.xsa
TRACE::2025-06-25.15:45:47::SCWPlatform::DSA directory D:/proyectosep2/IEE2463-SEP-Proyecto-2-Z8/1_core/vitis/1_core_plt/hw
TRACE::2025-06-25.15:45:47::SCWPlatform:: Platform Path D:/proyectosep2/IEE2463-SEP-Proyecto-2-Z8/1_core/vitis/1_core_plt/hw/DEMO_wrapper.xsa
TRACE::2025-06-25.15:45:47::SCWPlatform:: Unique name xilinx:zybo-z7-10::0.0
TRACE::2025-06-25.15:45:47::SCWPlatform::Trying to set the existing hwdb with name DEMO_wrapper_0
TRACE::2025-06-25.15:45:47::SCWPlatform::Opened existing hwdb DEMO_wrapper_0
TRACE::2025-06-25.15:45:47::SCWPlatform::Found the Hw Db part of the input DSA
TRACE::2025-06-25.15:45:47::SCWMssOS::Checking the sw design at  D:/proyectosep2/IEE2463-SEP-Proyecto-2-Z8/1_core/vitis/1_core_plt/zynq_fsbl/zynq_fsbl_bsp/system.mss
TRACE::2025-06-25.15:45:47::SCWMssOS::DEBUG:  swdes dump  D:/proyectosep2/IEE2463-SEP-Proyecto-2-Z8/1_core/vitis/1_core_plt/ps7_cortexa9_0/standalone_domain/bsp/system.mss|system_0||
D:/proyectosep2/IEE2463-SEP-Proyecto-2-Z8/1_core/vitis/1_core_plt/zynq_fsbl/zynq_fsbl_bsp/system.mss|system||

TRACE::2025-06-25.15:45:47::SCWMssOS::Sw design exists and opened at  D:/proyectosep2/IEE2463-SEP-Proyecto-2-Z8/1_core/vitis/1_core_plt/zynq_fsbl/zynq_fsbl_bsp/system.mss
TRACE::2025-06-25.15:45:47::SCWPlatform::Trying to open the hw design at D:/proyectosep2/IEE2463-SEP-Proyecto-2-Z8/1_core/vitis/1_core_plt/hw/DEMO_wrapper.xsa
TRACE::2025-06-25.15:45:47::SCWPlatform::DSA given D:/proyectosep2/IEE2463-SEP-Proyecto-2-Z8/1_core/vitis/1_core_plt/hw/DEMO_wrapper.xsa
TRACE::2025-06-25.15:45:47::SCWPlatform::DSA absoulate path D:/proyectosep2/IEE2463-SEP-Proyecto-2-Z8/1_core/vitis/1_core_plt/hw/DEMO_wrapper.xsa
TRACE::2025-06-25.15:45:47::SCWPlatform::DSA directory D:/proyectosep2/IEE2463-SEP-Proyecto-2-Z8/1_core/vitis/1_core_plt/hw
TRACE::2025-06-25.15:45:47::SCWPlatform:: Platform Path D:/proyectosep2/IEE2463-SEP-Proyecto-2-Z8/1_core/vitis/1_core_plt/hw/DEMO_wrapper.xsa
TRACE::2025-06-25.15:45:47::SCWPlatform:: Unique name xilinx:zybo-z7-10::0.0
TRACE::2025-06-25.15:45:47::SCWPlatform::Trying to set the existing hwdb with name DEMO_wrapper_0
TRACE::2025-06-25.15:45:47::SCWPlatform::Opened existing hwdb DEMO_wrapper_0
TRACE::2025-06-25.15:45:47::SCWPlatform::Found the Hw Db part of the input DSA
TRACE::2025-06-25.15:45:47::SCWMssOS::Checking the sw design at  D:/proyectosep2/IEE2463-SEP-Proyecto-2-Z8/1_core/vitis/1_core_plt/zynq_fsbl/zynq_fsbl_bsp/system.mss
TRACE::2025-06-25.15:45:47::SCWMssOS::DEBUG:  swdes dump  D:/proyectosep2/IEE2463-SEP-Proyecto-2-Z8/1_core/vitis/1_core_plt/ps7_cortexa9_0/standalone_domain/bsp/system.mss|system_0||
D:/proyectosep2/IEE2463-SEP-Proyecto-2-Z8/1_core/vitis/1_core_plt/zynq_fsbl/zynq_fsbl_bsp/system.mss|system||

TRACE::2025-06-25.15:45:47::SCWMssOS::Sw design exists and opened at  D:/proyectosep2/IEE2463-SEP-Proyecto-2-Z8/1_core/vitis/1_core_plt/zynq_fsbl/zynq_fsbl_bsp/system.mss
TRACE::2025-06-25.15:45:47::SCWPlatform::Trying to open the hw design at D:/proyectosep2/IEE2463-SEP-Proyecto-2-Z8/1_core/vitis/1_core_plt/hw/DEMO_wrapper.xsa
TRACE::2025-06-25.15:45:47::SCWPlatform::DSA given D:/proyectosep2/IEE2463-SEP-Proyecto-2-Z8/1_core/vitis/1_core_plt/hw/DEMO_wrapper.xsa
TRACE::2025-06-25.15:45:47::SCWPlatform::DSA absoulate path D:/proyectosep2/IEE2463-SEP-Proyecto-2-Z8/1_core/vitis/1_core_plt/hw/DEMO_wrapper.xsa
TRACE::2025-06-25.15:45:47::SCWPlatform::DSA directory D:/proyectosep2/IEE2463-SEP-Proyecto-2-Z8/1_core/vitis/1_core_plt/hw
TRACE::2025-06-25.15:45:47::SCWPlatform:: Platform Path D:/proyectosep2/IEE2463-SEP-Proyecto-2-Z8/1_core/vitis/1_core_plt/hw/DEMO_wrapper.xsa
TRACE::2025-06-25.15:45:47::SCWPlatform:: Unique name xilinx:zybo-z7-10::0.0
TRACE::2025-06-25.15:45:47::SCWPlatform::Trying to set the existing hwdb with name DEMO_wrapper_0
TRACE::2025-06-25.15:45:47::SCWPlatform::Opened existing hwdb DEMO_wrapper_0
TRACE::2025-06-25.15:45:47::SCWPlatform::Found the Hw Db part of the input DSA
TRACE::2025-06-25.15:45:47::SCWMssOS::Checking the sw design at  D:/proyectosep2/IEE2463-SEP-Proyecto-2-Z8/1_core/vitis/1_core_plt/ps7_cortexa9_0/standalone_domain/bsp/system.mss
TRACE::2025-06-25.15:45:47::SCWMssOS::DEBUG:  swdes dump  D:/proyectosep2/IEE2463-SEP-Proyecto-2-Z8/1_core/vitis/1_core_plt/ps7_cortexa9_0/standalone_domain/bsp/system.mss|system_0||
D:/proyectosep2/IEE2463-SEP-Proyecto-2-Z8/1_core/vitis/1_core_plt/zynq_fsbl/zynq_fsbl_bsp/system.mss|system||

TRACE::2025-06-25.15:45:47::SCWMssOS::Sw design exists and opened at  D:/proyectosep2/IEE2463-SEP-Proyecto-2-Z8/1_core/vitis/1_core_plt/ps7_cortexa9_0/standalone_domain/bsp/system.mss
TRACE::2025-06-25.15:45:47::SCWPlatform::Trying to open the hw design at D:/proyectosep2/IEE2463-SEP-Proyecto-2-Z8/1_core/vitis/1_core_plt/hw/DEMO_wrapper.xsa
TRACE::2025-06-25.15:45:47::SCWPlatform::DSA given D:/proyectosep2/IEE2463-SEP-Proyecto-2-Z8/1_core/vitis/1_core_plt/hw/DEMO_wrapper.xsa
TRACE::2025-06-25.15:45:47::SCWPlatform::DSA absoulate path D:/proyectosep2/IEE2463-SEP-Proyecto-2-Z8/1_core/vitis/1_core_plt/hw/DEMO_wrapper.xsa
TRACE::2025-06-25.15:45:47::SCWPlatform::DSA directory D:/proyectosep2/IEE2463-SEP-Proyecto-2-Z8/1_core/vitis/1_core_plt/hw
TRACE::2025-06-25.15:45:47::SCWPlatform:: Platform Path D:/proyectosep2/IEE2463-SEP-Proyecto-2-Z8/1_core/vitis/1_core_plt/hw/DEMO_wrapper.xsa
TRACE::2025-06-25.15:45:47::SCWPlatform:: Unique name xilinx:zybo-z7-10::0.0
TRACE::2025-06-25.15:45:47::SCWPlatform::Trying to set the existing hwdb with name DEMO_wrapper_0
TRACE::2025-06-25.15:45:47::SCWPlatform::Opened existing hwdb DEMO_wrapper_0
TRACE::2025-06-25.15:45:47::SCWPlatform::Found the Hw Db part of the input DSA
TRACE::2025-06-25.15:45:47::SCWMssOS::Checking the sw design at  D:/proyectosep2/IEE2463-SEP-Proyecto-2-Z8/1_core/vitis/1_core_plt/ps7_cortexa9_0/standalone_domain/bsp/system.mss
TRACE::2025-06-25.15:45:47::SCWMssOS::DEBUG:  swdes dump  D:/proyectosep2/IEE2463-SEP-Proyecto-2-Z8/1_core/vitis/1_core_plt/ps7_cortexa9_0/standalone_domain/bsp/system.mss|system_0||
D:/proyectosep2/IEE2463-SEP-Proyecto-2-Z8/1_core/vitis/1_core_plt/zynq_fsbl/zynq_fsbl_bsp/system.mss|system||

TRACE::2025-06-25.15:45:47::SCWMssOS::Sw design exists and opened at  D:/proyectosep2/IEE2463-SEP-Proyecto-2-Z8/1_core/vitis/1_core_plt/ps7_cortexa9_0/standalone_domain/bsp/system.mss
TRACE::2025-06-25.15:45:47::SCWPlatform::Trying to open the hw design at D:/proyectosep2/IEE2463-SEP-Proyecto-2-Z8/1_core/vitis/1_core_plt/hw/DEMO_wrapper.xsa
TRACE::2025-06-25.15:45:47::SCWPlatform::DSA given D:/proyectosep2/IEE2463-SEP-Proyecto-2-Z8/1_core/vitis/1_core_plt/hw/DEMO_wrapper.xsa
TRACE::2025-06-25.15:45:47::SCWPlatform::DSA absoulate path D:/proyectosep2/IEE2463-SEP-Proyecto-2-Z8/1_core/vitis/1_core_plt/hw/DEMO_wrapper.xsa
TRACE::2025-06-25.15:45:47::SCWPlatform::DSA directory D:/proyectosep2/IEE2463-SEP-Proyecto-2-Z8/1_core/vitis/1_core_plt/hw
TRACE::2025-06-25.15:45:47::SCWPlatform:: Platform Path D:/proyectosep2/IEE2463-SEP-Proyecto-2-Z8/1_core/vitis/1_core_plt/hw/DEMO_wrapper.xsa
TRACE::2025-06-25.15:45:47::SCWPlatform:: Unique name xilinx:zybo-z7-10::0.0
TRACE::2025-06-25.15:45:47::SCWPlatform::Trying to set the existing hwdb with name DEMO_wrapper_0
TRACE::2025-06-25.15:45:47::SCWPlatform::Opened existing hwdb DEMO_wrapper_0
TRACE::2025-06-25.15:45:47::SCWPlatform::Found the Hw Db part of the input DSA
TRACE::2025-06-25.15:45:47::SCWMssOS::Checking the sw design at  D:/proyectosep2/IEE2463-SEP-Proyecto-2-Z8/1_core/vitis/1_core_plt/ps7_cortexa9_0/standalone_domain/bsp/system.mss
TRACE::2025-06-25.15:45:47::SCWMssOS::DEBUG:  swdes dump  D:/proyectosep2/IEE2463-SEP-Proyecto-2-Z8/1_core/vitis/1_core_plt/ps7_cortexa9_0/standalone_domain/bsp/system.mss|system_0||
D:/proyectosep2/IEE2463-SEP-Proyecto-2-Z8/1_core/vitis/1_core_plt/zynq_fsbl/zynq_fsbl_bsp/system.mss|system||

TRACE::2025-06-25.15:45:47::SCWMssOS::Sw design exists and opened at  D:/proyectosep2/IEE2463-SEP-Proyecto-2-Z8/1_core/vitis/1_core_plt/ps7_cortexa9_0/standalone_domain/bsp/system.mss
TRACE::2025-06-25.15:45:47::SCWWriter::formatted JSON is {
	"platformName":	"1_core_plt",
	"sprVersion":	"2.0",
	"mode":	"gui",
	"dsaType":	"Fixed",
	"platformDesc":	"1_core_plt",
	"platHandOff":	"D:/proyectosep2/IEE2463-SEP-Proyecto-2-Z8/full_hardware/vivado/DEMO_wrapper.xsa",
	"platIntHandOff":	"<platformDir>/hw/DEMO_wrapper.xsa",
	"deviceType":	"zynq",
	"platIsPrebuiltAutogen":	"false",
	"platIsNoBootBsp":	"false",
	"platFsblTarget":	"ps7_cortexa9_0",
	"hasFsblMakeHasChanges":	"false",
	"hasPmufwMakeHasChanges":	"false",
	"fsblExtraCompilerFlags":	"-MMD -MP       -mcpu=cortex-a9 -mfpu=vfpv3 -mfloat-abi=hard ",
	"platPreBuiltFlag":	false,
	"platformSamplesDir":	"",
	"platActiveSys":	"1_core_plt",
	"systems":	[{
			"systemName":	"1_core_plt",
			"systemDesc":	"1_core_plt",
			"sysIsBootAutoGen":	"true",
			"systemDispName":	"1_core_plt",
			"sysActiveDom":	"standalone_domain",
			"sysDefaultDom":	"standalone_domain",
			"domains":	[{
					"domainName":	"zynq_fsbl",
					"domainDispName":	"zynq_fsbl",
					"domainDesc":	"FSBL Application BSP - Auto Generated.",
					"processors":	"ps7_cortexa9_0",
					"os":	"standalone",
					"sdxOs":	"standalone",
					"debugEnable":	"",
					"domRuntimes":	["cpp"],
					"swRepo":	"",
					"mssOsVer":	"7.2",
					"mssFile":	"",
					"md5Digest":	"22a6aa47fd12e4eea21ee9dba4d7fcad",
					"compatibleApp":	"zynq_fsbl",
					"domType":	"bootDomain",
					"appSettings":	{
						"appCompilerFlags":	"",
						"appLinkerFlags":	""
					},
					"addedLibs":	["xilffs:4.3", "xilrsa:1.6"],
					"libOptions":	{
						"libsContainingOptions":	[]
					},
					"prebuiltLibs":	{
						"prebuiltIncPath":	[],
						"prebuiltLibPath":	[]
					},
					"isolation":	{
					}
				}, {
					"domainName":	"standalone_domain",
					"domainDispName":	"standalone on ps7_cortexa9_0",
					"domainDesc":	"standalone_domain",
					"processors":	"ps7_cortexa9_0",
					"os":	"standalone",
					"sdxOs":	"standalone",
					"qemuArgs":	"D:/Xilinx/Vitis/2020.1/data/emulation/platforms/zynq/qemu/qemu_args.txt",
					"qemuData":	"D:/Xilinx/Vitis/2020.1/data/emulation/platforms/zynq/qemu/",
					"debugEnable":	"False",
					"domRuntimes":	["cpp"],
					"swRepo":	"",
					"mssOsVer":	"7.2",
					"mssFile":	"",
					"md5Digest":	"3bd73008cc19367a3826b43ea626ca85",
					"compatibleApp":	"",
					"domType":	"mssDomain",
					"appSettings":	{
						"appCompilerFlags":	"",
						"appLinkerFlags":	""
					},
					"addedLibs":	[],
					"libOptions":	{
						"libsContainingOptions":	[]
					},
					"prebuiltLibs":	{
						"prebuiltIncPath":	[],
						"prebuiltLibPath":	[]
					},
					"isolation":	{
					}
				}]
		}]
}
TRACE::2025-06-25.15:45:47::SCWMssOS::Saving the mss changes D:/proyectosep2/IEE2463-SEP-Proyecto-2-Z8/1_core/vitis/1_core_plt/zynq_fsbl/zynq_fsbl_bsp/system.mss
TRACE::2025-06-25.15:45:47::SCWMssOS::Found a swdesign opened with the mssfile.
TRACE::2025-06-25.15:45:47::SCWMssOS::Completed writemss as part of save.
TRACE::2025-06-25.15:45:47::SCWMssOS::Commit changes completed.
TRACE::2025-06-25.15:45:47::SCWMssOS::Saving the mss changes D:/proyectosep2/IEE2463-SEP-Proyecto-2-Z8/1_core/vitis/1_core_plt/ps7_cortexa9_0/standalone_domain/bsp/system.mss
TRACE::2025-06-25.15:45:47::SCWMssOS::Found a swdesign opened with the mssfile.
TRACE::2025-06-25.15:45:47::SCWMssOS::Completed writemss as part of save.
TRACE::2025-06-25.15:45:47::SCWMssOS::Commit changes completed.
TRACE::2025-06-25.15:45:47::SCWPlatform::Trying to open the hw design at D:/proyectosep2/IEE2463-SEP-Proyecto-2-Z8/1_core/vitis/1_core_plt/hw/DEMO_wrapper.xsa
TRACE::2025-06-25.15:45:47::SCWPlatform::DSA given D:/proyectosep2/IEE2463-SEP-Proyecto-2-Z8/1_core/vitis/1_core_plt/hw/DEMO_wrapper.xsa
TRACE::2025-06-25.15:45:47::SCWPlatform::DSA absoulate path D:/proyectosep2/IEE2463-SEP-Proyecto-2-Z8/1_core/vitis/1_core_plt/hw/DEMO_wrapper.xsa
TRACE::2025-06-25.15:45:47::SCWPlatform::DSA directory D:/proyectosep2/IEE2463-SEP-Proyecto-2-Z8/1_core/vitis/1_core_plt/hw
TRACE::2025-06-25.15:45:47::SCWPlatform:: Platform Path D:/proyectosep2/IEE2463-SEP-Proyecto-2-Z8/1_core/vitis/1_core_plt/hw/DEMO_wrapper.xsa
TRACE::2025-06-25.15:45:47::SCWPlatform:: Unique name xilinx:zybo-z7-10::0.0
TRACE::2025-06-25.15:45:47::SCWPlatform::Trying to set the existing hwdb with name DEMO_wrapper_0
TRACE::2025-06-25.15:45:47::SCWPlatform::Opened existing hwdb DEMO_wrapper_0
TRACE::2025-06-25.15:45:47::SCWPlatform::Found the Hw Db part of the input DSA
TRACE::2025-06-25.15:45:47::SCWMssOS::Checking the sw design at  D:/proyectosep2/IEE2463-SEP-Proyecto-2-Z8/1_core/vitis/1_core_plt/zynq_fsbl/zynq_fsbl_bsp/system.mss
TRACE::2025-06-25.15:45:47::SCWMssOS::DEBUG:  swdes dump  D:/proyectosep2/IEE2463-SEP-Proyecto-2-Z8/1_core/vitis/1_core_plt/ps7_cortexa9_0/standalone_domain/bsp/system.mss|system_0||
D:/proyectosep2/IEE2463-SEP-Proyecto-2-Z8/1_core/vitis/1_core_plt/zynq_fsbl/zynq_fsbl_bsp/system.mss|system||

TRACE::2025-06-25.15:45:47::SCWMssOS::Sw design exists and opened at  D:/proyectosep2/IEE2463-SEP-Proyecto-2-Z8/1_core/vitis/1_core_plt/zynq_fsbl/zynq_fsbl_bsp/system.mss
TRACE::2025-06-25.15:45:47::SCWPlatform::Trying to open the hw design at D:/proyectosep2/IEE2463-SEP-Proyecto-2-Z8/1_core/vitis/1_core_plt/hw/DEMO_wrapper.xsa
TRACE::2025-06-25.15:45:47::SCWPlatform::DSA given D:/proyectosep2/IEE2463-SEP-Proyecto-2-Z8/1_core/vitis/1_core_plt/hw/DEMO_wrapper.xsa
TRACE::2025-06-25.15:45:47::SCWPlatform::DSA absoulate path D:/proyectosep2/IEE2463-SEP-Proyecto-2-Z8/1_core/vitis/1_core_plt/hw/DEMO_wrapper.xsa
TRACE::2025-06-25.15:45:47::SCWPlatform::DSA directory D:/proyectosep2/IEE2463-SEP-Proyecto-2-Z8/1_core/vitis/1_core_plt/hw
TRACE::2025-06-25.15:45:47::SCWPlatform:: Platform Path D:/proyectosep2/IEE2463-SEP-Proyecto-2-Z8/1_core/vitis/1_core_plt/hw/DEMO_wrapper.xsa
TRACE::2025-06-25.15:45:47::SCWPlatform:: Unique name xilinx:zybo-z7-10::0.0
TRACE::2025-06-25.15:45:47::SCWPlatform::Trying to set the existing hwdb with name DEMO_wrapper_0
TRACE::2025-06-25.15:45:47::SCWPlatform::Opened existing hwdb DEMO_wrapper_0
TRACE::2025-06-25.15:45:47::SCWPlatform::Found the Hw Db part of the input DSA
TRACE::2025-06-25.15:45:47::SCWMssOS::Checking the sw design at  D:/proyectosep2/IEE2463-SEP-Proyecto-2-Z8/1_core/vitis/1_core_plt/zynq_fsbl/zynq_fsbl_bsp/system.mss
TRACE::2025-06-25.15:45:47::SCWMssOS::DEBUG:  swdes dump  D:/proyectosep2/IEE2463-SEP-Proyecto-2-Z8/1_core/vitis/1_core_plt/ps7_cortexa9_0/standalone_domain/bsp/system.mss|system_0||
D:/proyectosep2/IEE2463-SEP-Proyecto-2-Z8/1_core/vitis/1_core_plt/zynq_fsbl/zynq_fsbl_bsp/system.mss|system||

TRACE::2025-06-25.15:45:47::SCWMssOS::Sw design exists and opened at  D:/proyectosep2/IEE2463-SEP-Proyecto-2-Z8/1_core/vitis/1_core_plt/zynq_fsbl/zynq_fsbl_bsp/system.mss
TRACE::2025-06-25.15:45:47::SCWPlatform::Trying to open the hw design at D:/proyectosep2/IEE2463-SEP-Proyecto-2-Z8/1_core/vitis/1_core_plt/hw/DEMO_wrapper.xsa
TRACE::2025-06-25.15:45:47::SCWPlatform::DSA given D:/proyectosep2/IEE2463-SEP-Proyecto-2-Z8/1_core/vitis/1_core_plt/hw/DEMO_wrapper.xsa
TRACE::2025-06-25.15:45:47::SCWPlatform::DSA absoulate path D:/proyectosep2/IEE2463-SEP-Proyecto-2-Z8/1_core/vitis/1_core_plt/hw/DEMO_wrapper.xsa
TRACE::2025-06-25.15:45:47::SCWPlatform::DSA directory D:/proyectosep2/IEE2463-SEP-Proyecto-2-Z8/1_core/vitis/1_core_plt/hw
TRACE::2025-06-25.15:45:47::SCWPlatform:: Platform Path D:/proyectosep2/IEE2463-SEP-Proyecto-2-Z8/1_core/vitis/1_core_plt/hw/DEMO_wrapper.xsa
TRACE::2025-06-25.15:45:47::SCWPlatform:: Unique name xilinx:zybo-z7-10::0.0
TRACE::2025-06-25.15:45:47::SCWPlatform::Trying to set the existing hwdb with name DEMO_wrapper_0
TRACE::2025-06-25.15:45:47::SCWPlatform::Opened existing hwdb DEMO_wrapper_0
TRACE::2025-06-25.15:45:47::SCWPlatform::Found the Hw Db part of the input DSA
TRACE::2025-06-25.15:45:47::SCWMssOS::Checking the sw design at  D:/proyectosep2/IEE2463-SEP-Proyecto-2-Z8/1_core/vitis/1_core_plt/zynq_fsbl/zynq_fsbl_bsp/system.mss
TRACE::2025-06-25.15:45:47::SCWMssOS::DEBUG:  swdes dump  D:/proyectosep2/IEE2463-SEP-Proyecto-2-Z8/1_core/vitis/1_core_plt/ps7_cortexa9_0/standalone_domain/bsp/system.mss|system_0||
D:/proyectosep2/IEE2463-SEP-Proyecto-2-Z8/1_core/vitis/1_core_plt/zynq_fsbl/zynq_fsbl_bsp/system.mss|system||

TRACE::2025-06-25.15:45:47::SCWMssOS::Sw design exists and opened at  D:/proyectosep2/IEE2463-SEP-Proyecto-2-Z8/1_core/vitis/1_core_plt/zynq_fsbl/zynq_fsbl_bsp/system.mss
TRACE::2025-06-25.15:45:47::SCWPlatform::Trying to open the hw design at D:/proyectosep2/IEE2463-SEP-Proyecto-2-Z8/1_core/vitis/1_core_plt/hw/DEMO_wrapper.xsa
TRACE::2025-06-25.15:45:47::SCWPlatform::DSA given D:/proyectosep2/IEE2463-SEP-Proyecto-2-Z8/1_core/vitis/1_core_plt/hw/DEMO_wrapper.xsa
TRACE::2025-06-25.15:45:47::SCWPlatform::DSA absoulate path D:/proyectosep2/IEE2463-SEP-Proyecto-2-Z8/1_core/vitis/1_core_plt/hw/DEMO_wrapper.xsa
TRACE::2025-06-25.15:45:47::SCWPlatform::DSA directory D:/proyectosep2/IEE2463-SEP-Proyecto-2-Z8/1_core/vitis/1_core_plt/hw
TRACE::2025-06-25.15:45:47::SCWPlatform:: Platform Path D:/proyectosep2/IEE2463-SEP-Proyecto-2-Z8/1_core/vitis/1_core_plt/hw/DEMO_wrapper.xsa
TRACE::2025-06-25.15:45:47::SCWPlatform:: Unique name xilinx:zybo-z7-10::0.0
TRACE::2025-06-25.15:45:47::SCWPlatform::Trying to set the existing hwdb with name DEMO_wrapper_0
TRACE::2025-06-25.15:45:47::SCWPlatform::Opened existing hwdb DEMO_wrapper_0
TRACE::2025-06-25.15:45:47::SCWPlatform::Found the Hw Db part of the input DSA
TRACE::2025-06-25.15:45:47::SCWMssOS::Checking the sw design at  D:/proyectosep2/IEE2463-SEP-Proyecto-2-Z8/1_core/vitis/1_core_plt/ps7_cortexa9_0/standalone_domain/bsp/system.mss
TRACE::2025-06-25.15:45:47::SCWMssOS::DEBUG:  swdes dump  D:/proyectosep2/IEE2463-SEP-Proyecto-2-Z8/1_core/vitis/1_core_plt/ps7_cortexa9_0/standalone_domain/bsp/system.mss|system_0||
D:/proyectosep2/IEE2463-SEP-Proyecto-2-Z8/1_core/vitis/1_core_plt/zynq_fsbl/zynq_fsbl_bsp/system.mss|system||

TRACE::2025-06-25.15:45:47::SCWMssOS::Sw design exists and opened at  D:/proyectosep2/IEE2463-SEP-Proyecto-2-Z8/1_core/vitis/1_core_plt/ps7_cortexa9_0/standalone_domain/bsp/system.mss
TRACE::2025-06-25.15:45:47::SCWPlatform::Trying to open the hw design at D:/proyectosep2/IEE2463-SEP-Proyecto-2-Z8/1_core/vitis/1_core_plt/hw/DEMO_wrapper.xsa
TRACE::2025-06-25.15:45:47::SCWPlatform::DSA given D:/proyectosep2/IEE2463-SEP-Proyecto-2-Z8/1_core/vitis/1_core_plt/hw/DEMO_wrapper.xsa
TRACE::2025-06-25.15:45:47::SCWPlatform::DSA absoulate path D:/proyectosep2/IEE2463-SEP-Proyecto-2-Z8/1_core/vitis/1_core_plt/hw/DEMO_wrapper.xsa
TRACE::2025-06-25.15:45:47::SCWPlatform::DSA directory D:/proyectosep2/IEE2463-SEP-Proyecto-2-Z8/1_core/vitis/1_core_plt/hw
TRACE::2025-06-25.15:45:47::SCWPlatform:: Platform Path D:/proyectosep2/IEE2463-SEP-Proyecto-2-Z8/1_core/vitis/1_core_plt/hw/DEMO_wrapper.xsa
TRACE::2025-06-25.15:45:47::SCWPlatform:: Unique name xilinx:zybo-z7-10::0.0
TRACE::2025-06-25.15:45:47::SCWPlatform::Trying to set the existing hwdb with name DEMO_wrapper_0
TRACE::2025-06-25.15:45:47::SCWPlatform::Opened existing hwdb DEMO_wrapper_0
TRACE::2025-06-25.15:45:47::SCWPlatform::Found the Hw Db part of the input DSA
TRACE::2025-06-25.15:45:47::SCWMssOS::Checking the sw design at  D:/proyectosep2/IEE2463-SEP-Proyecto-2-Z8/1_core/vitis/1_core_plt/ps7_cortexa9_0/standalone_domain/bsp/system.mss
TRACE::2025-06-25.15:45:47::SCWMssOS::DEBUG:  swdes dump  D:/proyectosep2/IEE2463-SEP-Proyecto-2-Z8/1_core/vitis/1_core_plt/ps7_cortexa9_0/standalone_domain/bsp/system.mss|system_0||
D:/proyectosep2/IEE2463-SEP-Proyecto-2-Z8/1_core/vitis/1_core_plt/zynq_fsbl/zynq_fsbl_bsp/system.mss|system||

TRACE::2025-06-25.15:45:47::SCWMssOS::Sw design exists and opened at  D:/proyectosep2/IEE2463-SEP-Proyecto-2-Z8/1_core/vitis/1_core_plt/ps7_cortexa9_0/standalone_domain/bsp/system.mss
TRACE::2025-06-25.15:45:47::SCWPlatform::Trying to open the hw design at D:/proyectosep2/IEE2463-SEP-Proyecto-2-Z8/1_core/vitis/1_core_plt/hw/DEMO_wrapper.xsa
TRACE::2025-06-25.15:45:47::SCWPlatform::DSA given D:/proyectosep2/IEE2463-SEP-Proyecto-2-Z8/1_core/vitis/1_core_plt/hw/DEMO_wrapper.xsa
TRACE::2025-06-25.15:45:47::SCWPlatform::DSA absoulate path D:/proyectosep2/IEE2463-SEP-Proyecto-2-Z8/1_core/vitis/1_core_plt/hw/DEMO_wrapper.xsa
TRACE::2025-06-25.15:45:47::SCWPlatform::DSA directory D:/proyectosep2/IEE2463-SEP-Proyecto-2-Z8/1_core/vitis/1_core_plt/hw
TRACE::2025-06-25.15:45:47::SCWPlatform:: Platform Path D:/proyectosep2/IEE2463-SEP-Proyecto-2-Z8/1_core/vitis/1_core_plt/hw/DEMO_wrapper.xsa
TRACE::2025-06-25.15:45:47::SCWPlatform:: Unique name xilinx:zybo-z7-10::0.0
TRACE::2025-06-25.15:45:47::SCWPlatform::Trying to set the existing hwdb with name DEMO_wrapper_0
TRACE::2025-06-25.15:45:47::SCWPlatform::Opened existing hwdb DEMO_wrapper_0
TRACE::2025-06-25.15:45:47::SCWPlatform::Found the Hw Db part of the input DSA
TRACE::2025-06-25.15:45:47::SCWMssOS::Checking the sw design at  D:/proyectosep2/IEE2463-SEP-Proyecto-2-Z8/1_core/vitis/1_core_plt/ps7_cortexa9_0/standalone_domain/bsp/system.mss
TRACE::2025-06-25.15:45:47::SCWMssOS::DEBUG:  swdes dump  D:/proyectosep2/IEE2463-SEP-Proyecto-2-Z8/1_core/vitis/1_core_plt/ps7_cortexa9_0/standalone_domain/bsp/system.mss|system_0||
D:/proyectosep2/IEE2463-SEP-Proyecto-2-Z8/1_core/vitis/1_core_plt/zynq_fsbl/zynq_fsbl_bsp/system.mss|system||

TRACE::2025-06-25.15:45:47::SCWMssOS::Sw design exists and opened at  D:/proyectosep2/IEE2463-SEP-Proyecto-2-Z8/1_core/vitis/1_core_plt/ps7_cortexa9_0/standalone_domain/bsp/system.mss
TRACE::2025-06-25.15:45:47::SCWWriter::formatted JSON is {
	"platformName":	"1_core_plt",
	"sprVersion":	"2.0",
	"mode":	"gui",
	"dsaType":	"Fixed",
	"platformDesc":	"1_core_plt",
	"platHandOff":	"D:/proyectosep2/IEE2463-SEP-Proyecto-2-Z8/full_hardware/vivado/DEMO_wrapper.xsa",
	"platIntHandOff":	"<platformDir>/hw/DEMO_wrapper.xsa",
	"deviceType":	"zynq",
	"platIsPrebuiltAutogen":	"false",
	"platIsNoBootBsp":	"false",
	"platFsblTarget":	"ps7_cortexa9_0",
	"hasFsblMakeHasChanges":	"false",
	"hasPmufwMakeHasChanges":	"false",
	"fsblExtraCompilerFlags":	"-MMD -MP       -mcpu=cortex-a9 -mfpu=vfpv3 -mfloat-abi=hard ",
	"platPreBuiltFlag":	false,
	"platformSamplesDir":	"",
	"platActiveSys":	"1_core_plt",
	"systems":	[{
			"systemName":	"1_core_plt",
			"systemDesc":	"1_core_plt",
			"sysIsBootAutoGen":	"true",
			"systemDispName":	"1_core_plt",
			"sysActiveDom":	"standalone_domain",
			"sysDefaultDom":	"standalone_domain",
			"domains":	[{
					"domainName":	"zynq_fsbl",
					"domainDispName":	"zynq_fsbl",
					"domainDesc":	"FSBL Application BSP - Auto Generated.",
					"processors":	"ps7_cortexa9_0",
					"os":	"standalone",
					"sdxOs":	"standalone",
					"debugEnable":	"",
					"domRuntimes":	["cpp"],
					"swRepo":	"",
					"mssOsVer":	"7.2",
					"mssFile":	"",
					"md5Digest":	"22a6aa47fd12e4eea21ee9dba4d7fcad",
					"compatibleApp":	"zynq_fsbl",
					"domType":	"bootDomain",
					"appSettings":	{
						"appCompilerFlags":	"",
						"appLinkerFlags":	""
					},
					"addedLibs":	["xilffs:4.3", "xilrsa:1.6"],
					"libOptions":	{
						"libsContainingOptions":	[]
					},
					"prebuiltLibs":	{
						"prebuiltIncPath":	[],
						"prebuiltLibPath":	[]
					},
					"isolation":	{
					}
				}, {
					"domainName":	"standalone_domain",
					"domainDispName":	"standalone on ps7_cortexa9_0",
					"domainDesc":	"standalone_domain",
					"processors":	"ps7_cortexa9_0",
					"os":	"standalone",
					"sdxOs":	"standalone",
					"qemuArgs":	"D:/Xilinx/Vitis/2020.1/data/emulation/platforms/zynq/qemu/qemu_args.txt",
					"qemuData":	"D:/Xilinx/Vitis/2020.1/data/emulation/platforms/zynq/qemu/",
					"debugEnable":	"False",
					"domRuntimes":	["cpp"],
					"swRepo":	"",
					"mssOsVer":	"7.2",
					"mssFile":	"",
					"md5Digest":	"3bd73008cc19367a3826b43ea626ca85",
					"compatibleApp":	"",
					"domType":	"mssDomain",
					"appSettings":	{
						"appCompilerFlags":	"",
						"appLinkerFlags":	""
					},
					"addedLibs":	[],
					"libOptions":	{
						"libsContainingOptions":	[]
					},
					"prebuiltLibs":	{
						"prebuiltIncPath":	[],
						"prebuiltLibPath":	[]
					},
					"isolation":	{
					}
				}]
		}]
}
TRACE::2025-06-25.15:45:48::SCWPlatform::Clearing the existing platform
TRACE::2025-06-25.15:45:48::SCWSystem::Clearing the existing sysconfig
TRACE::2025-06-25.15:45:48::SCWBDomain::clearing the fsbl build
TRACE::2025-06-25.15:45:48::SCWMssOS::Removing the swdes entry for  D:/proyectosep2/IEE2463-SEP-Proyecto-2-Z8/1_core/vitis/1_core_plt/zynq_fsbl/zynq_fsbl_bsp/system.mss
TRACE::2025-06-25.15:45:48::SCWMssOS::Removing the swdes entry for  D:/proyectosep2/IEE2463-SEP-Proyecto-2-Z8/1_core/vitis/1_core_plt/ps7_cortexa9_0/standalone_domain/bsp/system.mss
TRACE::2025-06-25.15:45:48::SCWSystem::Clearing the domains completed.
TRACE::2025-06-25.15:45:48::SCWPlatform::Clearing the opened hw db.
TRACE::2025-06-25.15:45:48::SCWPlatform::DSA given D:/proyectosep2/IEE2463-SEP-Proyecto-2-Z8/1_core/vitis/1_core_plt/hw/DEMO_wrapper.xsa
TRACE::2025-06-25.15:45:48::SCWPlatform::DSA absoulate path D:/proyectosep2/IEE2463-SEP-Proyecto-2-Z8/1_core/vitis/1_core_plt/hw/DEMO_wrapper.xsa
TRACE::2025-06-25.15:45:48::SCWPlatform:: Platform location is D:/proyectosep2/IEE2463-SEP-Proyecto-2-Z8/1_core/vitis/1_core_plt/hw
TRACE::2025-06-25.15:45:48::SCWPlatform:: Platform Path D:/proyectosep2/IEE2463-SEP-Proyecto-2-Z8/1_core/vitis/1_core_plt/hw/DEMO_wrapper.xsa
TRACE::2025-06-25.15:45:48::SCWPlatform:: Unique name xilinx:zybo-z7-10::0.0
TRACE::2025-06-25.15:45:48::SCWPlatform::Removing the HwDB with name D:/proyectosep2/IEE2463-SEP-Proyecto-2-Z8/1_core/vitis/1_core_plt/hw/DEMO_wrapper.xsa
TRACE::2025-06-25.15:45:48::SCWPlatform::Trying to open the hw design at D:/proyectosep2/IEE2463-SEP-Proyecto-2-Z8/1_core/vitis/1_core_plt/hw/DEMO_wrapper.xsa
TRACE::2025-06-25.15:45:48::SCWPlatform::DSA given D:/proyectosep2/IEE2463-SEP-Proyecto-2-Z8/1_core/vitis/1_core_plt/hw/DEMO_wrapper.xsa
TRACE::2025-06-25.15:45:48::SCWPlatform::DSA absoulate path D:/proyectosep2/IEE2463-SEP-Proyecto-2-Z8/1_core/vitis/1_core_plt/hw/DEMO_wrapper.xsa
TRACE::2025-06-25.15:45:48::SCWPlatform::DSA directory D:/proyectosep2/IEE2463-SEP-Proyecto-2-Z8/1_core/vitis/1_core_plt/hw
TRACE::2025-06-25.15:45:48::SCWPlatform:: Platform Path D:/proyectosep2/IEE2463-SEP-Proyecto-2-Z8/1_core/vitis/1_core_plt/hw/DEMO_wrapper.xsa
TRACE::2025-06-25.15:45:48::SCWPlatform:: Unique name xilinx:zybo-z7-10::0.0
TRACE::2025-06-25.15:45:48::SCWPlatform::Do not have an existing db opened. 
TRACE::2025-06-25.15:45:51::SCWPlatform::Opened new HwDB with name DEMO_wrapper_1
TRACE::2025-06-25.15:45:51::SCWReader::Active system found as  1_core_plt
TRACE::2025-06-25.15:45:51::SCWReader::Handling sysconfig 1_core_plt
TRACE::2025-06-25.15:45:51::SCWDomain::checking for install qemu data   : 
TRACE::2025-06-25.15:45:51::SCWDomain:: Using the QEMU Data from install at  : D:/Xilinx/Vitis/2020.1/data/emulation/platforms/zynq/qemu/
TRACE::2025-06-25.15:45:51::SCWDomain:: Using the QEMU args  from install at  : D:/Xilinx/Vitis/2020.1/data/emulation/platforms/zynq/qemu/qemu_args.txt
TRACE::2025-06-25.15:45:51::SCWPlatform::Trying to open the hw design at D:/proyectosep2/IEE2463-SEP-Proyecto-2-Z8/1_core/vitis/1_core_plt/hw/DEMO_wrapper.xsa
TRACE::2025-06-25.15:45:51::SCWPlatform::DSA given D:/proyectosep2/IEE2463-SEP-Proyecto-2-Z8/1_core/vitis/1_core_plt/hw/DEMO_wrapper.xsa
TRACE::2025-06-25.15:45:51::SCWPlatform::DSA absoulate path D:/proyectosep2/IEE2463-SEP-Proyecto-2-Z8/1_core/vitis/1_core_plt/hw/DEMO_wrapper.xsa
TRACE::2025-06-25.15:45:51::SCWPlatform::DSA directory D:/proyectosep2/IEE2463-SEP-Proyecto-2-Z8/1_core/vitis/1_core_plt/hw
TRACE::2025-06-25.15:45:51::SCWPlatform:: Platform Path D:/proyectosep2/IEE2463-SEP-Proyecto-2-Z8/1_core/vitis/1_core_plt/hw/DEMO_wrapper.xsa
TRACE::2025-06-25.15:45:51::SCWPlatform:: Unique name xilinx:zybo-z7-10::0.0
TRACE::2025-06-25.15:45:51::SCWPlatform::Trying to set the existing hwdb with name DEMO_wrapper_1
TRACE::2025-06-25.15:45:51::SCWPlatform::Opened existing hwdb DEMO_wrapper_1
TRACE::2025-06-25.15:45:51::SCWPlatform::Found the Hw Db part of the input DSA
TRACE::2025-06-25.15:45:51::SCWPlatform::Trying to open the hw design at D:/proyectosep2/IEE2463-SEP-Proyecto-2-Z8/1_core/vitis/1_core_plt/hw/DEMO_wrapper.xsa
TRACE::2025-06-25.15:45:51::SCWPlatform::DSA given D:/proyectosep2/IEE2463-SEP-Proyecto-2-Z8/1_core/vitis/1_core_plt/hw/DEMO_wrapper.xsa
TRACE::2025-06-25.15:45:51::SCWPlatform::DSA absoulate path D:/proyectosep2/IEE2463-SEP-Proyecto-2-Z8/1_core/vitis/1_core_plt/hw/DEMO_wrapper.xsa
TRACE::2025-06-25.15:45:51::SCWPlatform::DSA directory D:/proyectosep2/IEE2463-SEP-Proyecto-2-Z8/1_core/vitis/1_core_plt/hw
TRACE::2025-06-25.15:45:51::SCWPlatform:: Platform Path D:/proyectosep2/IEE2463-SEP-Proyecto-2-Z8/1_core/vitis/1_core_plt/hw/DEMO_wrapper.xsa
TRACE::2025-06-25.15:45:51::SCWPlatform:: Unique name xilinx:zybo-z7-10::0.0
TRACE::2025-06-25.15:45:51::SCWPlatform::Trying to set the existing hwdb with name DEMO_wrapper_1
TRACE::2025-06-25.15:45:51::SCWPlatform::Opened existing hwdb DEMO_wrapper_1
TRACE::2025-06-25.15:45:51::SCWPlatform::Found the Hw Db part of the input DSA
TRACE::2025-06-25.15:45:51::SCWPlatform::Trying to open the hw design at D:/proyectosep2/IEE2463-SEP-Proyecto-2-Z8/1_core/vitis/1_core_plt/hw/DEMO_wrapper.xsa
TRACE::2025-06-25.15:45:51::SCWPlatform::DSA given D:/proyectosep2/IEE2463-SEP-Proyecto-2-Z8/1_core/vitis/1_core_plt/hw/DEMO_wrapper.xsa
TRACE::2025-06-25.15:45:51::SCWPlatform::DSA absoulate path D:/proyectosep2/IEE2463-SEP-Proyecto-2-Z8/1_core/vitis/1_core_plt/hw/DEMO_wrapper.xsa
TRACE::2025-06-25.15:45:51::SCWPlatform::DSA directory D:/proyectosep2/IEE2463-SEP-Proyecto-2-Z8/1_core/vitis/1_core_plt/hw
TRACE::2025-06-25.15:45:51::SCWPlatform:: Platform Path D:/proyectosep2/IEE2463-SEP-Proyecto-2-Z8/1_core/vitis/1_core_plt/hw/DEMO_wrapper.xsa
TRACE::2025-06-25.15:45:51::SCWPlatform:: Unique name xilinx:zybo-z7-10::0.0
TRACE::2025-06-25.15:45:51::SCWPlatform::Trying to set the existing hwdb with name DEMO_wrapper_1
TRACE::2025-06-25.15:45:51::SCWPlatform::Opened existing hwdb DEMO_wrapper_1
TRACE::2025-06-25.15:45:51::SCWPlatform::Found the Hw Db part of the input DSA
TRACE::2025-06-25.15:45:51::SCWReader::Boot application domain added for zynq_fsbl
TRACE::2025-06-25.15:45:51::SCWPlatform::Trying to open the hw design at D:/proyectosep2/IEE2463-SEP-Proyecto-2-Z8/1_core/vitis/1_core_plt/hw/DEMO_wrapper.xsa
TRACE::2025-06-25.15:45:51::SCWPlatform::DSA given D:/proyectosep2/IEE2463-SEP-Proyecto-2-Z8/1_core/vitis/1_core_plt/hw/DEMO_wrapper.xsa
TRACE::2025-06-25.15:45:51::SCWPlatform::DSA absoulate path D:/proyectosep2/IEE2463-SEP-Proyecto-2-Z8/1_core/vitis/1_core_plt/hw/DEMO_wrapper.xsa
TRACE::2025-06-25.15:45:51::SCWPlatform::DSA directory D:/proyectosep2/IEE2463-SEP-Proyecto-2-Z8/1_core/vitis/1_core_plt/hw
TRACE::2025-06-25.15:45:51::SCWPlatform:: Platform Path D:/proyectosep2/IEE2463-SEP-Proyecto-2-Z8/1_core/vitis/1_core_plt/hw/DEMO_wrapper.xsa
TRACE::2025-06-25.15:45:51::SCWPlatform:: Unique name xilinx:zybo-z7-10::0.0
TRACE::2025-06-25.15:45:51::SCWPlatform::Trying to set the existing hwdb with name DEMO_wrapper_1
TRACE::2025-06-25.15:45:51::SCWPlatform::Opened existing hwdb DEMO_wrapper_1
TRACE::2025-06-25.15:45:51::SCWPlatform::Found the Hw Db part of the input DSA
TRACE::2025-06-25.15:45:51::SCWMssOS::Checking the sw design at  D:/proyectosep2/IEE2463-SEP-Proyecto-2-Z8/1_core/vitis/1_core_plt/zynq_fsbl/zynq_fsbl_bsp/system.mss
TRACE::2025-06-25.15:45:51::SCWMssOS::DEBUG:  swdes dump  
TRACE::2025-06-25.15:45:51::SCWMssOS::No sw design opened at  D:/proyectosep2/IEE2463-SEP-Proyecto-2-Z8/1_core/vitis/1_core_plt/zynq_fsbl/zynq_fsbl_bsp/system.mss
TRACE::2025-06-25.15:45:51::SCWMssOS::mss exists loading the mss file  D:/proyectosep2/IEE2463-SEP-Proyecto-2-Z8/1_core/vitis/1_core_plt/zynq_fsbl/zynq_fsbl_bsp/system.mss
TRACE::2025-06-25.15:45:51::SCWMssOS::Opened the sw design from mss  D:/proyectosep2/IEE2463-SEP-Proyecto-2-Z8/1_core/vitis/1_core_plt/zynq_fsbl/zynq_fsbl_bsp/system.mss
TRACE::2025-06-25.15:45:51::SCWMssOS::Adding the swdes entry D:/proyectosep2/IEE2463-SEP-Proyecto-2-Z8/1_core/vitis/1_core_plt/zynq_fsbl/zynq_fsbl_bsp/system.mss with des name system
TRACE::2025-06-25.15:45:51::SCWMssOS::updating the scw layer about changes
TRACE::2025-06-25.15:45:51::SCWMssOS::Opened the sw design.  D:/proyectosep2/IEE2463-SEP-Proyecto-2-Z8/1_core/vitis/1_core_plt/zynq_fsbl/zynq_fsbl_bsp/system.mss
TRACE::2025-06-25.15:45:51::SCWPlatform::Trying to open the hw design at D:/proyectosep2/IEE2463-SEP-Proyecto-2-Z8/1_core/vitis/1_core_plt/hw/DEMO_wrapper.xsa
TRACE::2025-06-25.15:45:51::SCWPlatform::DSA given D:/proyectosep2/IEE2463-SEP-Proyecto-2-Z8/1_core/vitis/1_core_plt/hw/DEMO_wrapper.xsa
TRACE::2025-06-25.15:45:51::SCWPlatform::DSA absoulate path D:/proyectosep2/IEE2463-SEP-Proyecto-2-Z8/1_core/vitis/1_core_plt/hw/DEMO_wrapper.xsa
TRACE::2025-06-25.15:45:51::SCWPlatform::DSA directory D:/proyectosep2/IEE2463-SEP-Proyecto-2-Z8/1_core/vitis/1_core_plt/hw
TRACE::2025-06-25.15:45:51::SCWPlatform:: Platform Path D:/proyectosep2/IEE2463-SEP-Proyecto-2-Z8/1_core/vitis/1_core_plt/hw/DEMO_wrapper.xsa
TRACE::2025-06-25.15:45:51::SCWPlatform:: Unique name xilinx:zybo-z7-10::0.0
TRACE::2025-06-25.15:45:51::SCWPlatform::Trying to set the existing hwdb with name DEMO_wrapper_1
TRACE::2025-06-25.15:45:51::SCWPlatform::Opened existing hwdb DEMO_wrapper_1
TRACE::2025-06-25.15:45:51::SCWPlatform::Found the Hw Db part of the input DSA
TRACE::2025-06-25.15:45:51::SCWMssOS::Checking the sw design at  D:/proyectosep2/IEE2463-SEP-Proyecto-2-Z8/1_core/vitis/1_core_plt/zynq_fsbl/zynq_fsbl_bsp/system.mss
TRACE::2025-06-25.15:45:51::SCWMssOS::DEBUG:  swdes dump  D:/proyectosep2/IEE2463-SEP-Proyecto-2-Z8/1_core/vitis/1_core_plt/zynq_fsbl/zynq_fsbl_bsp/system.mss|system||

TRACE::2025-06-25.15:45:51::SCWMssOS::Sw design exists and opened at  D:/proyectosep2/IEE2463-SEP-Proyecto-2-Z8/1_core/vitis/1_core_plt/zynq_fsbl/zynq_fsbl_bsp/system.mss
TRACE::2025-06-25.15:45:51::SCWMssOS:: library already available in sw design:  xilffs:4.3
TRACE::2025-06-25.15:45:51::SCWPlatform::Trying to open the hw design at D:/proyectosep2/IEE2463-SEP-Proyecto-2-Z8/1_core/vitis/1_core_plt/hw/DEMO_wrapper.xsa
TRACE::2025-06-25.15:45:51::SCWPlatform::DSA given D:/proyectosep2/IEE2463-SEP-Proyecto-2-Z8/1_core/vitis/1_core_plt/hw/DEMO_wrapper.xsa
TRACE::2025-06-25.15:45:51::SCWPlatform::DSA absoulate path D:/proyectosep2/IEE2463-SEP-Proyecto-2-Z8/1_core/vitis/1_core_plt/hw/DEMO_wrapper.xsa
TRACE::2025-06-25.15:45:51::SCWPlatform::DSA directory D:/proyectosep2/IEE2463-SEP-Proyecto-2-Z8/1_core/vitis/1_core_plt/hw
TRACE::2025-06-25.15:45:51::SCWPlatform:: Platform Path D:/proyectosep2/IEE2463-SEP-Proyecto-2-Z8/1_core/vitis/1_core_plt/hw/DEMO_wrapper.xsa
TRACE::2025-06-25.15:45:51::SCWPlatform:: Unique name xilinx:zybo-z7-10::0.0
TRACE::2025-06-25.15:45:51::SCWPlatform::Trying to set the existing hwdb with name DEMO_wrapper_1
TRACE::2025-06-25.15:45:51::SCWPlatform::Opened existing hwdb DEMO_wrapper_1
TRACE::2025-06-25.15:45:51::SCWPlatform::Found the Hw Db part of the input DSA
TRACE::2025-06-25.15:45:51::SCWMssOS::Checking the sw design at  D:/proyectosep2/IEE2463-SEP-Proyecto-2-Z8/1_core/vitis/1_core_plt/zynq_fsbl/zynq_fsbl_bsp/system.mss
TRACE::2025-06-25.15:45:51::SCWMssOS::DEBUG:  swdes dump  D:/proyectosep2/IEE2463-SEP-Proyecto-2-Z8/1_core/vitis/1_core_plt/zynq_fsbl/zynq_fsbl_bsp/system.mss|system||

TRACE::2025-06-25.15:45:51::SCWMssOS::Sw design exists and opened at  D:/proyectosep2/IEE2463-SEP-Proyecto-2-Z8/1_core/vitis/1_core_plt/zynq_fsbl/zynq_fsbl_bsp/system.mss
TRACE::2025-06-25.15:45:51::SCWMssOS:: library already available in sw design:  xilrsa:1.6
TRACE::2025-06-25.15:45:51::SCWMssOS::Saving the mss changes D:/proyectosep2/IEE2463-SEP-Proyecto-2-Z8/1_core/vitis/1_core_plt/zynq_fsbl/zynq_fsbl_bsp/system.mss
TRACE::2025-06-25.15:45:51::SCWMssOS::Found a swdesign opened with the mssfile.
TRACE::2025-06-25.15:45:51::SCWMssOS::Completed writemss as part of save.
TRACE::2025-06-25.15:45:51::SCWMssOS::Commit changes completed.
TRACE::2025-06-25.15:45:51::SCWReader::Adding prebuilt librarypaths as   
TRACE::2025-06-25.15:45:51::SCWReader::Adding prebuilt incpaths  as   
TRACE::2025-06-25.15:45:51::SCWPlatform::Trying to open the hw design at D:/proyectosep2/IEE2463-SEP-Proyecto-2-Z8/1_core/vitis/1_core_plt/hw/DEMO_wrapper.xsa
TRACE::2025-06-25.15:45:51::SCWPlatform::DSA given D:/proyectosep2/IEE2463-SEP-Proyecto-2-Z8/1_core/vitis/1_core_plt/hw/DEMO_wrapper.xsa
TRACE::2025-06-25.15:45:51::SCWPlatform::DSA absoulate path D:/proyectosep2/IEE2463-SEP-Proyecto-2-Z8/1_core/vitis/1_core_plt/hw/DEMO_wrapper.xsa
TRACE::2025-06-25.15:45:51::SCWPlatform::DSA directory D:/proyectosep2/IEE2463-SEP-Proyecto-2-Z8/1_core/vitis/1_core_plt/hw
TRACE::2025-06-25.15:45:51::SCWPlatform:: Platform Path D:/proyectosep2/IEE2463-SEP-Proyecto-2-Z8/1_core/vitis/1_core_plt/hw/DEMO_wrapper.xsa
TRACE::2025-06-25.15:45:51::SCWPlatform:: Unique name xilinx:zybo-z7-10::0.0
TRACE::2025-06-25.15:45:51::SCWPlatform::Trying to set the existing hwdb with name DEMO_wrapper_1
TRACE::2025-06-25.15:45:51::SCWPlatform::Opened existing hwdb DEMO_wrapper_1
TRACE::2025-06-25.15:45:51::SCWPlatform::Found the Hw Db part of the input DSA
TRACE::2025-06-25.15:45:51::SCWMssOS::Checking the sw design at  D:/proyectosep2/IEE2463-SEP-Proyecto-2-Z8/1_core/vitis/1_core_plt/zynq_fsbl/zynq_fsbl_bsp/system.mss
TRACE::2025-06-25.15:45:51::SCWMssOS::DEBUG:  swdes dump  D:/proyectosep2/IEE2463-SEP-Proyecto-2-Z8/1_core/vitis/1_core_plt/zynq_fsbl/zynq_fsbl_bsp/system.mss|system||

TRACE::2025-06-25.15:45:51::SCWMssOS::Sw design exists and opened at  D:/proyectosep2/IEE2463-SEP-Proyecto-2-Z8/1_core/vitis/1_core_plt/zynq_fsbl/zynq_fsbl_bsp/system.mss
TRACE::2025-06-25.15:45:51::SCWReader::No isolation master present  
TRACE::2025-06-25.15:45:51::SCWDomain::checking for install qemu data   : 
TRACE::2025-06-25.15:45:51::SCWDomain:: Using the QEMU Data from install at  : D:/Xilinx/Vitis/2020.1/data/emulation/platforms/zynq/qemu/
TRACE::2025-06-25.15:45:51::SCWDomain:: Using the QEMU args  from install at  : D:/Xilinx/Vitis/2020.1/data/emulation/platforms/zynq/qemu/qemu_args.txt
TRACE::2025-06-25.15:45:51::SCWPlatform::Trying to open the hw design at D:/proyectosep2/IEE2463-SEP-Proyecto-2-Z8/1_core/vitis/1_core_plt/hw/DEMO_wrapper.xsa
TRACE::2025-06-25.15:45:51::SCWPlatform::DSA given D:/proyectosep2/IEE2463-SEP-Proyecto-2-Z8/1_core/vitis/1_core_plt/hw/DEMO_wrapper.xsa
TRACE::2025-06-25.15:45:51::SCWPlatform::DSA absoulate path D:/proyectosep2/IEE2463-SEP-Proyecto-2-Z8/1_core/vitis/1_core_plt/hw/DEMO_wrapper.xsa
TRACE::2025-06-25.15:45:51::SCWPlatform::DSA directory D:/proyectosep2/IEE2463-SEP-Proyecto-2-Z8/1_core/vitis/1_core_plt/hw
TRACE::2025-06-25.15:45:51::SCWPlatform:: Platform Path D:/proyectosep2/IEE2463-SEP-Proyecto-2-Z8/1_core/vitis/1_core_plt/hw/DEMO_wrapper.xsa
TRACE::2025-06-25.15:45:51::SCWPlatform:: Unique name xilinx:zybo-z7-10::0.0
TRACE::2025-06-25.15:45:51::SCWPlatform::Trying to set the existing hwdb with name DEMO_wrapper_1
TRACE::2025-06-25.15:45:51::SCWPlatform::Opened existing hwdb DEMO_wrapper_1
TRACE::2025-06-25.15:45:51::SCWPlatform::Found the Hw Db part of the input DSA
TRACE::2025-06-25.15:45:51::SCWPlatform::Trying to open the hw design at D:/proyectosep2/IEE2463-SEP-Proyecto-2-Z8/1_core/vitis/1_core_plt/hw/DEMO_wrapper.xsa
TRACE::2025-06-25.15:45:51::SCWPlatform::DSA given D:/proyectosep2/IEE2463-SEP-Proyecto-2-Z8/1_core/vitis/1_core_plt/hw/DEMO_wrapper.xsa
TRACE::2025-06-25.15:45:51::SCWPlatform::DSA absoulate path D:/proyectosep2/IEE2463-SEP-Proyecto-2-Z8/1_core/vitis/1_core_plt/hw/DEMO_wrapper.xsa
TRACE::2025-06-25.15:45:51::SCWPlatform::DSA directory D:/proyectosep2/IEE2463-SEP-Proyecto-2-Z8/1_core/vitis/1_core_plt/hw
TRACE::2025-06-25.15:45:51::SCWPlatform:: Platform Path D:/proyectosep2/IEE2463-SEP-Proyecto-2-Z8/1_core/vitis/1_core_plt/hw/DEMO_wrapper.xsa
TRACE::2025-06-25.15:45:51::SCWPlatform:: Unique name xilinx:zybo-z7-10::0.0
TRACE::2025-06-25.15:45:51::SCWPlatform::Trying to set the existing hwdb with name DEMO_wrapper_1
TRACE::2025-06-25.15:45:51::SCWPlatform::Opened existing hwdb DEMO_wrapper_1
TRACE::2025-06-25.15:45:51::SCWPlatform::Found the Hw Db part of the input DSA
TRACE::2025-06-25.15:45:51::SCWPlatform::Trying to open the hw design at D:/proyectosep2/IEE2463-SEP-Proyecto-2-Z8/1_core/vitis/1_core_plt/hw/DEMO_wrapper.xsa
TRACE::2025-06-25.15:45:51::SCWPlatform::DSA given D:/proyectosep2/IEE2463-SEP-Proyecto-2-Z8/1_core/vitis/1_core_plt/hw/DEMO_wrapper.xsa
TRACE::2025-06-25.15:45:51::SCWPlatform::DSA absoulate path D:/proyectosep2/IEE2463-SEP-Proyecto-2-Z8/1_core/vitis/1_core_plt/hw/DEMO_wrapper.xsa
TRACE::2025-06-25.15:45:51::SCWPlatform::DSA directory D:/proyectosep2/IEE2463-SEP-Proyecto-2-Z8/1_core/vitis/1_core_plt/hw
TRACE::2025-06-25.15:45:51::SCWPlatform:: Platform Path D:/proyectosep2/IEE2463-SEP-Proyecto-2-Z8/1_core/vitis/1_core_plt/hw/DEMO_wrapper.xsa
TRACE::2025-06-25.15:45:51::SCWPlatform:: Unique name xilinx:zybo-z7-10::0.0
TRACE::2025-06-25.15:45:51::SCWPlatform::Trying to set the existing hwdb with name DEMO_wrapper_1
TRACE::2025-06-25.15:45:51::SCWPlatform::Opened existing hwdb DEMO_wrapper_1
TRACE::2025-06-25.15:45:51::SCWPlatform::Found the Hw Db part of the input DSA
TRACE::2025-06-25.15:45:51::SCWMssOS::Checking the sw design at  D:/proyectosep2/IEE2463-SEP-Proyecto-2-Z8/1_core/vitis/1_core_plt/ps7_cortexa9_0/standalone_domain/bsp/system.mss
TRACE::2025-06-25.15:45:51::SCWMssOS::DEBUG:  swdes dump  D:/proyectosep2/IEE2463-SEP-Proyecto-2-Z8/1_core/vitis/1_core_plt/zynq_fsbl/zynq_fsbl_bsp/system.mss|system||

TRACE::2025-06-25.15:45:51::SCWMssOS::No sw design opened at  D:/proyectosep2/IEE2463-SEP-Proyecto-2-Z8/1_core/vitis/1_core_plt/ps7_cortexa9_0/standalone_domain/bsp/system.mss
TRACE::2025-06-25.15:45:51::SCWMssOS::mss exists loading the mss file  D:/proyectosep2/IEE2463-SEP-Proyecto-2-Z8/1_core/vitis/1_core_plt/ps7_cortexa9_0/standalone_domain/bsp/system.mss
TRACE::2025-06-25.15:45:51::SCWMssOS::Opened the sw design from mss  D:/proyectosep2/IEE2463-SEP-Proyecto-2-Z8/1_core/vitis/1_core_plt/ps7_cortexa9_0/standalone_domain/bsp/system.mss
TRACE::2025-06-25.15:45:51::SCWMssOS::Adding the swdes entry D:/proyectosep2/IEE2463-SEP-Proyecto-2-Z8/1_core/vitis/1_core_plt/ps7_cortexa9_0/standalone_domain/bsp/system.mss with des name system_0
TRACE::2025-06-25.15:45:51::SCWMssOS::updating the scw layer about changes
TRACE::2025-06-25.15:45:51::SCWMssOS::Opened the sw design.  D:/proyectosep2/IEE2463-SEP-Proyecto-2-Z8/1_core/vitis/1_core_plt/ps7_cortexa9_0/standalone_domain/bsp/system.mss
TRACE::2025-06-25.15:45:51::SCWMssOS::Saving the mss changes D:/proyectosep2/IEE2463-SEP-Proyecto-2-Z8/1_core/vitis/1_core_plt/ps7_cortexa9_0/standalone_domain/bsp/system.mss
TRACE::2025-06-25.15:45:51::SCWMssOS::Found a swdesign opened with the mssfile.
TRACE::2025-06-25.15:45:51::SCWMssOS::Completed writemss as part of save.
TRACE::2025-06-25.15:45:51::SCWMssOS::Commit changes completed.
TRACE::2025-06-25.15:45:51::SCWReader::Adding prebuilt librarypaths as   
TRACE::2025-06-25.15:45:51::SCWReader::Adding prebuilt incpaths  as   
TRACE::2025-06-25.15:45:51::SCWPlatform::Trying to open the hw design at D:/proyectosep2/IEE2463-SEP-Proyecto-2-Z8/1_core/vitis/1_core_plt/hw/DEMO_wrapper.xsa
TRACE::2025-06-25.15:45:51::SCWPlatform::DSA given D:/proyectosep2/IEE2463-SEP-Proyecto-2-Z8/1_core/vitis/1_core_plt/hw/DEMO_wrapper.xsa
TRACE::2025-06-25.15:45:51::SCWPlatform::DSA absoulate path D:/proyectosep2/IEE2463-SEP-Proyecto-2-Z8/1_core/vitis/1_core_plt/hw/DEMO_wrapper.xsa
TRACE::2025-06-25.15:45:51::SCWPlatform::DSA directory D:/proyectosep2/IEE2463-SEP-Proyecto-2-Z8/1_core/vitis/1_core_plt/hw
TRACE::2025-06-25.15:45:51::SCWPlatform:: Platform Path D:/proyectosep2/IEE2463-SEP-Proyecto-2-Z8/1_core/vitis/1_core_plt/hw/DEMO_wrapper.xsa
TRACE::2025-06-25.15:45:51::SCWPlatform:: Unique name xilinx:zybo-z7-10::0.0
TRACE::2025-06-25.15:45:51::SCWPlatform::Trying to set the existing hwdb with name DEMO_wrapper_1
TRACE::2025-06-25.15:45:51::SCWPlatform::Opened existing hwdb DEMO_wrapper_1
TRACE::2025-06-25.15:45:51::SCWPlatform::Found the Hw Db part of the input DSA
TRACE::2025-06-25.15:45:51::SCWMssOS::Checking the sw design at  D:/proyectosep2/IEE2463-SEP-Proyecto-2-Z8/1_core/vitis/1_core_plt/ps7_cortexa9_0/standalone_domain/bsp/system.mss
TRACE::2025-06-25.15:45:51::SCWMssOS::DEBUG:  swdes dump  D:/proyectosep2/IEE2463-SEP-Proyecto-2-Z8/1_core/vitis/1_core_plt/ps7_cortexa9_0/standalone_domain/bsp/system.mss|system_0||
D:/proyectosep2/IEE2463-SEP-Proyecto-2-Z8/1_core/vitis/1_core_plt/zynq_fsbl/zynq_fsbl_bsp/system.mss|system||

TRACE::2025-06-25.15:45:51::SCWMssOS::Sw design exists and opened at  D:/proyectosep2/IEE2463-SEP-Proyecto-2-Z8/1_core/vitis/1_core_plt/ps7_cortexa9_0/standalone_domain/bsp/system.mss
TRACE::2025-06-25.15:45:51::SCWReader::No isolation master present  
TRACE::2025-06-25.15:46:08::SCWPlatform::Trying to open the hw design at D:/proyectosep2/IEE2463-SEP-Proyecto-2-Z8/1_core/vitis/1_core_plt/hw/DEMO_wrapper.xsa
TRACE::2025-06-25.15:46:08::SCWPlatform::DSA given D:/proyectosep2/IEE2463-SEP-Proyecto-2-Z8/1_core/vitis/1_core_plt/hw/DEMO_wrapper.xsa
TRACE::2025-06-25.15:46:08::SCWPlatform::DSA absoulate path D:/proyectosep2/IEE2463-SEP-Proyecto-2-Z8/1_core/vitis/1_core_plt/hw/DEMO_wrapper.xsa
TRACE::2025-06-25.15:46:08::SCWPlatform::DSA directory D:/proyectosep2/IEE2463-SEP-Proyecto-2-Z8/1_core/vitis/1_core_plt/hw
TRACE::2025-06-25.15:46:08::SCWPlatform:: Platform Path D:/proyectosep2/IEE2463-SEP-Proyecto-2-Z8/1_core/vitis/1_core_plt/hw/DEMO_wrapper.xsa
TRACE::2025-06-25.15:46:08::SCWPlatform:: Unique name xilinx:zybo-z7-10::0.0
TRACE::2025-06-25.15:46:08::SCWPlatform::Trying to set the existing hwdb with name DEMO_wrapper_1
TRACE::2025-06-25.15:46:08::SCWPlatform::Opened existing hwdb DEMO_wrapper_1
TRACE::2025-06-25.15:46:08::SCWPlatform::Found the Hw Db part of the input DSA
TRACE::2025-06-25.15:46:08::SCWMssOS::Checking the sw design at  D:/proyectosep2/IEE2463-SEP-Proyecto-2-Z8/1_core/vitis/1_core_plt/zynq_fsbl/zynq_fsbl_bsp/system.mss
TRACE::2025-06-25.15:46:08::SCWMssOS::DEBUG:  swdes dump  D:/proyectosep2/IEE2463-SEP-Proyecto-2-Z8/1_core/vitis/1_core_plt/ps7_cortexa9_0/standalone_domain/bsp/system.mss|system_0||
D:/proyectosep2/IEE2463-SEP-Proyecto-2-Z8/1_core/vitis/1_core_plt/zynq_fsbl/zynq_fsbl_bsp/system.mss|system||

TRACE::2025-06-25.15:46:08::SCWMssOS::Sw design exists and opened at  D:/proyectosep2/IEE2463-SEP-Proyecto-2-Z8/1_core/vitis/1_core_plt/zynq_fsbl/zynq_fsbl_bsp/system.mss
TRACE::2025-06-25.15:46:14::SCWMssOS::In reload Mss file.
TRACE::2025-06-25.15:46:14::SCWPlatform::Trying to open the hw design at D:/proyectosep2/IEE2463-SEP-Proyecto-2-Z8/1_core/vitis/1_core_plt/hw/DEMO_wrapper.xsa
TRACE::2025-06-25.15:46:14::SCWPlatform::DSA given D:/proyectosep2/IEE2463-SEP-Proyecto-2-Z8/1_core/vitis/1_core_plt/hw/DEMO_wrapper.xsa
TRACE::2025-06-25.15:46:14::SCWPlatform::DSA absoulate path D:/proyectosep2/IEE2463-SEP-Proyecto-2-Z8/1_core/vitis/1_core_plt/hw/DEMO_wrapper.xsa
TRACE::2025-06-25.15:46:14::SCWPlatform::DSA directory D:/proyectosep2/IEE2463-SEP-Proyecto-2-Z8/1_core/vitis/1_core_plt/hw
TRACE::2025-06-25.15:46:14::SCWPlatform:: Platform Path D:/proyectosep2/IEE2463-SEP-Proyecto-2-Z8/1_core/vitis/1_core_plt/hw/DEMO_wrapper.xsa
TRACE::2025-06-25.15:46:14::SCWPlatform:: Unique name xilinx:zybo-z7-10::0.0
TRACE::2025-06-25.15:46:14::SCWPlatform::Trying to set the existing hwdb with name DEMO_wrapper_1
TRACE::2025-06-25.15:46:14::SCWPlatform::Opened existing hwdb DEMO_wrapper_1
TRACE::2025-06-25.15:46:14::SCWPlatform::Found the Hw Db part of the input DSA
TRACE::2025-06-25.15:46:14::SCWMssOS::Checking the sw design at  D:/proyectosep2/IEE2463-SEP-Proyecto-2-Z8/1_core/vitis/1_core_plt/zynq_fsbl/zynq_fsbl_bsp/system.mss
TRACE::2025-06-25.15:46:14::SCWMssOS::DEBUG:  swdes dump  D:/proyectosep2/IEE2463-SEP-Proyecto-2-Z8/1_core/vitis/1_core_plt/ps7_cortexa9_0/standalone_domain/bsp/system.mss|system_0||
D:/proyectosep2/IEE2463-SEP-Proyecto-2-Z8/1_core/vitis/1_core_plt/zynq_fsbl/zynq_fsbl_bsp/system.mss|system||

KEYINFO::2025-06-25.15:46:14::SCWMssOS::Could not open the swdb for system
KEYINFO::2025-06-25.15:46:14::SCWMssOS::Could not open the sw design at  system
ERROR: [Hsi 55-1558] Software Design system is not found

TRACE::2025-06-25.15:46:14::SCWMssOS::Cleared the swdb table entry
TRACE::2025-06-25.15:46:14::SCWMssOS::No sw design opened at  D:/proyectosep2/IEE2463-SEP-Proyecto-2-Z8/1_core/vitis/1_core_plt/zynq_fsbl/zynq_fsbl_bsp/system.mss
TRACE::2025-06-25.15:46:14::SCWMssOS::mss exists loading the mss file  D:/proyectosep2/IEE2463-SEP-Proyecto-2-Z8/1_core/vitis/1_core_plt/zynq_fsbl/zynq_fsbl_bsp/system.mss
TRACE::2025-06-25.15:46:14::SCWMssOS::Opened the sw design from mss  D:/proyectosep2/IEE2463-SEP-Proyecto-2-Z8/1_core/vitis/1_core_plt/zynq_fsbl/zynq_fsbl_bsp/system.mss
TRACE::2025-06-25.15:46:14::SCWMssOS::Adding the swdes entry D:/proyectosep2/IEE2463-SEP-Proyecto-2-Z8/1_core/vitis/1_core_plt/zynq_fsbl/zynq_fsbl_bsp/system.mss with des name system
TRACE::2025-06-25.15:46:14::SCWMssOS::updating the scw layer about changes
TRACE::2025-06-25.15:46:14::SCWMssOS::Opened the sw design.  D:/proyectosep2/IEE2463-SEP-Proyecto-2-Z8/1_core/vitis/1_core_plt/zynq_fsbl/zynq_fsbl_bsp/system.mss
TRACE::2025-06-25.15:46:14::SCWPlatform::Trying to open the hw design at D:/proyectosep2/IEE2463-SEP-Proyecto-2-Z8/1_core/vitis/1_core_plt/hw/DEMO_wrapper.xsa
TRACE::2025-06-25.15:46:14::SCWPlatform::DSA given D:/proyectosep2/IEE2463-SEP-Proyecto-2-Z8/1_core/vitis/1_core_plt/hw/DEMO_wrapper.xsa
TRACE::2025-06-25.15:46:14::SCWPlatform::DSA absoulate path D:/proyectosep2/IEE2463-SEP-Proyecto-2-Z8/1_core/vitis/1_core_plt/hw/DEMO_wrapper.xsa
TRACE::2025-06-25.15:46:14::SCWPlatform::DSA directory D:/proyectosep2/IEE2463-SEP-Proyecto-2-Z8/1_core/vitis/1_core_plt/hw
TRACE::2025-06-25.15:46:14::SCWPlatform:: Platform Path D:/proyectosep2/IEE2463-SEP-Proyecto-2-Z8/1_core/vitis/1_core_plt/hw/DEMO_wrapper.xsa
TRACE::2025-06-25.15:46:14::SCWPlatform:: Unique name xilinx:zybo-z7-10::0.0
TRACE::2025-06-25.15:46:14::SCWPlatform::Trying to set the existing hwdb with name DEMO_wrapper_1
TRACE::2025-06-25.15:46:14::SCWPlatform::Opened existing hwdb DEMO_wrapper_1
TRACE::2025-06-25.15:46:14::SCWPlatform::Found the Hw Db part of the input DSA
TRACE::2025-06-25.15:46:14::SCWMssOS::Checking the sw design at  D:/proyectosep2/IEE2463-SEP-Proyecto-2-Z8/1_core/vitis/1_core_plt/zynq_fsbl/zynq_fsbl_bsp/system.mss
TRACE::2025-06-25.15:46:14::SCWMssOS::DEBUG:  swdes dump  D:/proyectosep2/IEE2463-SEP-Proyecto-2-Z8/1_core/vitis/1_core_plt/ps7_cortexa9_0/standalone_domain/bsp/system.mss|system_0||
D:/proyectosep2/IEE2463-SEP-Proyecto-2-Z8/1_core/vitis/1_core_plt/zynq_fsbl/zynq_fsbl_bsp/system.mss|system||

TRACE::2025-06-25.15:46:14::SCWMssOS::Sw design exists and opened at  D:/proyectosep2/IEE2463-SEP-Proyecto-2-Z8/1_core/vitis/1_core_plt/zynq_fsbl/zynq_fsbl_bsp/system.mss
TRACE::2025-06-25.15:46:14::SCWMssOS:: library already available in sw design:  xilffs:4.3
TRACE::2025-06-25.15:46:14::SCWPlatform::Trying to open the hw design at D:/proyectosep2/IEE2463-SEP-Proyecto-2-Z8/1_core/vitis/1_core_plt/hw/DEMO_wrapper.xsa
TRACE::2025-06-25.15:46:14::SCWPlatform::DSA given D:/proyectosep2/IEE2463-SEP-Proyecto-2-Z8/1_core/vitis/1_core_plt/hw/DEMO_wrapper.xsa
TRACE::2025-06-25.15:46:14::SCWPlatform::DSA absoulate path D:/proyectosep2/IEE2463-SEP-Proyecto-2-Z8/1_core/vitis/1_core_plt/hw/DEMO_wrapper.xsa
TRACE::2025-06-25.15:46:14::SCWPlatform::DSA directory D:/proyectosep2/IEE2463-SEP-Proyecto-2-Z8/1_core/vitis/1_core_plt/hw
TRACE::2025-06-25.15:46:14::SCWPlatform:: Platform Path D:/proyectosep2/IEE2463-SEP-Proyecto-2-Z8/1_core/vitis/1_core_plt/hw/DEMO_wrapper.xsa
TRACE::2025-06-25.15:46:14::SCWPlatform:: Unique name xilinx:zybo-z7-10::0.0
TRACE::2025-06-25.15:46:14::SCWPlatform::Trying to set the existing hwdb with name DEMO_wrapper_1
TRACE::2025-06-25.15:46:14::SCWPlatform::Opened existing hwdb DEMO_wrapper_1
TRACE::2025-06-25.15:46:14::SCWPlatform::Found the Hw Db part of the input DSA
TRACE::2025-06-25.15:46:14::SCWMssOS::Checking the sw design at  D:/proyectosep2/IEE2463-SEP-Proyecto-2-Z8/1_core/vitis/1_core_plt/zynq_fsbl/zynq_fsbl_bsp/system.mss
TRACE::2025-06-25.15:46:14::SCWMssOS::DEBUG:  swdes dump  D:/proyectosep2/IEE2463-SEP-Proyecto-2-Z8/1_core/vitis/1_core_plt/ps7_cortexa9_0/standalone_domain/bsp/system.mss|system_0||
D:/proyectosep2/IEE2463-SEP-Proyecto-2-Z8/1_core/vitis/1_core_plt/zynq_fsbl/zynq_fsbl_bsp/system.mss|system||

TRACE::2025-06-25.15:46:14::SCWMssOS::Sw design exists and opened at  D:/proyectosep2/IEE2463-SEP-Proyecto-2-Z8/1_core/vitis/1_core_plt/zynq_fsbl/zynq_fsbl_bsp/system.mss
TRACE::2025-06-25.15:46:14::SCWMssOS:: library already available in sw design:  xilrsa:1.6
TRACE::2025-06-25.15:46:14::SCWMssOS::Saving the mss changes D:/proyectosep2/IEE2463-SEP-Proyecto-2-Z8/1_core/vitis/1_core_plt/zynq_fsbl/zynq_fsbl_bsp/system.mss
TRACE::2025-06-25.15:46:14::SCWMssOS::Found a swdesign opened with the mssfile.
TRACE::2025-06-25.15:46:14::SCWMssOS::Completed writemss as part of save.
TRACE::2025-06-25.15:46:14::SCWMssOS::Commit changes completed.
TRACE::2025-06-25.15:46:14::SCWPlatform::Trying to open the hw design at D:/proyectosep2/IEE2463-SEP-Proyecto-2-Z8/1_core/vitis/1_core_plt/hw/DEMO_wrapper.xsa
TRACE::2025-06-25.15:46:14::SCWPlatform::DSA given D:/proyectosep2/IEE2463-SEP-Proyecto-2-Z8/1_core/vitis/1_core_plt/hw/DEMO_wrapper.xsa
TRACE::2025-06-25.15:46:14::SCWPlatform::DSA absoulate path D:/proyectosep2/IEE2463-SEP-Proyecto-2-Z8/1_core/vitis/1_core_plt/hw/DEMO_wrapper.xsa
TRACE::2025-06-25.15:46:14::SCWPlatform::DSA directory D:/proyectosep2/IEE2463-SEP-Proyecto-2-Z8/1_core/vitis/1_core_plt/hw
TRACE::2025-06-25.15:46:14::SCWPlatform:: Platform Path D:/proyectosep2/IEE2463-SEP-Proyecto-2-Z8/1_core/vitis/1_core_plt/hw/DEMO_wrapper.xsa
TRACE::2025-06-25.15:46:14::SCWPlatform:: Unique name xilinx:zybo-z7-10::0.0
TRACE::2025-06-25.15:46:14::SCWPlatform::Trying to set the existing hwdb with name DEMO_wrapper_1
TRACE::2025-06-25.15:46:14::SCWPlatform::Opened existing hwdb DEMO_wrapper_1
TRACE::2025-06-25.15:46:14::SCWPlatform::Found the Hw Db part of the input DSA
TRACE::2025-06-25.15:46:14::SCWMssOS::Checking the sw design at  D:/proyectosep2/IEE2463-SEP-Proyecto-2-Z8/1_core/vitis/1_core_plt/zynq_fsbl/zynq_fsbl_bsp/system.mss
TRACE::2025-06-25.15:46:14::SCWMssOS::DEBUG:  swdes dump  D:/proyectosep2/IEE2463-SEP-Proyecto-2-Z8/1_core/vitis/1_core_plt/ps7_cortexa9_0/standalone_domain/bsp/system.mss|system_0||
D:/proyectosep2/IEE2463-SEP-Proyecto-2-Z8/1_core/vitis/1_core_plt/zynq_fsbl/zynq_fsbl_bsp/system.mss|system||

TRACE::2025-06-25.15:46:14::SCWMssOS::Sw design exists and opened at  D:/proyectosep2/IEE2463-SEP-Proyecto-2-Z8/1_core/vitis/1_core_plt/zynq_fsbl/zynq_fsbl_bsp/system.mss
TRACE::2025-06-25.15:46:14::SCWMssOS::Removing the swdes entry for  D:/proyectosep2/IEE2463-SEP-Proyecto-2-Z8/1_core/vitis/1_core_plt/zynq_fsbl/zynq_fsbl_bsp/system.mss
TRACE::2025-06-25.15:46:25::SCWPlatform::Trying to open the hw design at D:/proyectosep2/IEE2463-SEP-Proyecto-2-Z8/1_core/vitis/1_core_plt/hw/DEMO_wrapper.xsa
TRACE::2025-06-25.15:46:25::SCWPlatform::DSA given D:/proyectosep2/IEE2463-SEP-Proyecto-2-Z8/1_core/vitis/1_core_plt/hw/DEMO_wrapper.xsa
TRACE::2025-06-25.15:46:25::SCWPlatform::DSA absoulate path D:/proyectosep2/IEE2463-SEP-Proyecto-2-Z8/1_core/vitis/1_core_plt/hw/DEMO_wrapper.xsa
TRACE::2025-06-25.15:46:25::SCWPlatform::DSA directory D:/proyectosep2/IEE2463-SEP-Proyecto-2-Z8/1_core/vitis/1_core_plt/hw
TRACE::2025-06-25.15:46:25::SCWPlatform:: Platform Path D:/proyectosep2/IEE2463-SEP-Proyecto-2-Z8/1_core/vitis/1_core_plt/hw/DEMO_wrapper.xsa
TRACE::2025-06-25.15:46:25::SCWPlatform:: Unique name xilinx:zybo-z7-10::0.0
TRACE::2025-06-25.15:46:25::SCWPlatform::Trying to set the existing hwdb with name DEMO_wrapper_1
TRACE::2025-06-25.15:46:25::SCWPlatform::Opened existing hwdb DEMO_wrapper_1
TRACE::2025-06-25.15:46:25::SCWPlatform::Found the Hw Db part of the input DSA
TRACE::2025-06-25.15:46:25::SCWMssOS::Checking the sw design at  D:/proyectosep2/IEE2463-SEP-Proyecto-2-Z8/1_core/vitis/1_core_plt/ps7_cortexa9_0/standalone_domain/bsp/system.mss
TRACE::2025-06-25.15:46:25::SCWMssOS::DEBUG:  swdes dump  D:/proyectosep2/IEE2463-SEP-Proyecto-2-Z8/1_core/vitis/1_core_plt/ps7_cortexa9_0/standalone_domain/bsp/system.mss|system_0||

TRACE::2025-06-25.15:46:25::SCWMssOS::Sw design exists and opened at  D:/proyectosep2/IEE2463-SEP-Proyecto-2-Z8/1_core/vitis/1_core_plt/ps7_cortexa9_0/standalone_domain/bsp/system.mss
TRACE::2025-06-25.15:46:25::SCWMssOS::In reload Mss file.
TRACE::2025-06-25.15:46:25::SCWPlatform::Trying to open the hw design at D:/proyectosep2/IEE2463-SEP-Proyecto-2-Z8/1_core/vitis/1_core_plt/hw/DEMO_wrapper.xsa
TRACE::2025-06-25.15:46:25::SCWPlatform::DSA given D:/proyectosep2/IEE2463-SEP-Proyecto-2-Z8/1_core/vitis/1_core_plt/hw/DEMO_wrapper.xsa
TRACE::2025-06-25.15:46:25::SCWPlatform::DSA absoulate path D:/proyectosep2/IEE2463-SEP-Proyecto-2-Z8/1_core/vitis/1_core_plt/hw/DEMO_wrapper.xsa
TRACE::2025-06-25.15:46:25::SCWPlatform::DSA directory D:/proyectosep2/IEE2463-SEP-Proyecto-2-Z8/1_core/vitis/1_core_plt/hw
TRACE::2025-06-25.15:46:25::SCWPlatform:: Platform Path D:/proyectosep2/IEE2463-SEP-Proyecto-2-Z8/1_core/vitis/1_core_plt/hw/DEMO_wrapper.xsa
TRACE::2025-06-25.15:46:25::SCWPlatform:: Unique name xilinx:zybo-z7-10::0.0
TRACE::2025-06-25.15:46:25::SCWPlatform::Trying to set the existing hwdb with name DEMO_wrapper_1
TRACE::2025-06-25.15:46:25::SCWPlatform::Opened existing hwdb DEMO_wrapper_1
TRACE::2025-06-25.15:46:25::SCWPlatform::Found the Hw Db part of the input DSA
TRACE::2025-06-25.15:46:25::SCWMssOS::Checking the sw design at  D:/proyectosep2/IEE2463-SEP-Proyecto-2-Z8/1_core/vitis/1_core_plt/ps7_cortexa9_0/standalone_domain/bsp/system.mss
TRACE::2025-06-25.15:46:25::SCWMssOS::DEBUG:  swdes dump  D:/proyectosep2/IEE2463-SEP-Proyecto-2-Z8/1_core/vitis/1_core_plt/ps7_cortexa9_0/standalone_domain/bsp/system.mss|system_0||

KEYINFO::2025-06-25.15:46:25::SCWMssOS::Could not open the swdb for system_0
KEYINFO::2025-06-25.15:46:25::SCWMssOS::Could not open the sw design at  system_0
ERROR: [Hsi 55-1558] Software Design system_0 is not found

TRACE::2025-06-25.15:46:25::SCWMssOS::Cleared the swdb table entry
TRACE::2025-06-25.15:46:25::SCWMssOS::No sw design opened at  D:/proyectosep2/IEE2463-SEP-Proyecto-2-Z8/1_core/vitis/1_core_plt/ps7_cortexa9_0/standalone_domain/bsp/system.mss
TRACE::2025-06-25.15:46:25::SCWMssOS::mss exists loading the mss file  D:/proyectosep2/IEE2463-SEP-Proyecto-2-Z8/1_core/vitis/1_core_plt/ps7_cortexa9_0/standalone_domain/bsp/system.mss
TRACE::2025-06-25.15:46:25::SCWMssOS::Opened the sw design from mss  D:/proyectosep2/IEE2463-SEP-Proyecto-2-Z8/1_core/vitis/1_core_plt/ps7_cortexa9_0/standalone_domain/bsp/system.mss
TRACE::2025-06-25.15:46:25::SCWMssOS::Adding the swdes entry D:/proyectosep2/IEE2463-SEP-Proyecto-2-Z8/1_core/vitis/1_core_plt/ps7_cortexa9_0/standalone_domain/bsp/system.mss with des name system
TRACE::2025-06-25.15:46:25::SCWMssOS::updating the scw layer about changes
TRACE::2025-06-25.15:46:25::SCWMssOS::Opened the sw design.  D:/proyectosep2/IEE2463-SEP-Proyecto-2-Z8/1_core/vitis/1_core_plt/ps7_cortexa9_0/standalone_domain/bsp/system.mss
TRACE::2025-06-25.15:46:25::SCWMssOS::Saving the mss changes D:/proyectosep2/IEE2463-SEP-Proyecto-2-Z8/1_core/vitis/1_core_plt/ps7_cortexa9_0/standalone_domain/bsp/system.mss
TRACE::2025-06-25.15:46:25::SCWMssOS::Found a swdesign opened with the mssfile.
TRACE::2025-06-25.15:46:25::SCWMssOS::Completed writemss as part of save.
TRACE::2025-06-25.15:46:25::SCWMssOS::Commit changes completed.
TRACE::2025-06-25.15:46:25::SCWPlatform::Trying to open the hw design at D:/proyectosep2/IEE2463-SEP-Proyecto-2-Z8/1_core/vitis/1_core_plt/hw/DEMO_wrapper.xsa
TRACE::2025-06-25.15:46:25::SCWPlatform::DSA given D:/proyectosep2/IEE2463-SEP-Proyecto-2-Z8/1_core/vitis/1_core_plt/hw/DEMO_wrapper.xsa
TRACE::2025-06-25.15:46:25::SCWPlatform::DSA absoulate path D:/proyectosep2/IEE2463-SEP-Proyecto-2-Z8/1_core/vitis/1_core_plt/hw/DEMO_wrapper.xsa
TRACE::2025-06-25.15:46:25::SCWPlatform::DSA directory D:/proyectosep2/IEE2463-SEP-Proyecto-2-Z8/1_core/vitis/1_core_plt/hw
TRACE::2025-06-25.15:46:25::SCWPlatform:: Platform Path D:/proyectosep2/IEE2463-SEP-Proyecto-2-Z8/1_core/vitis/1_core_plt/hw/DEMO_wrapper.xsa
TRACE::2025-06-25.15:46:25::SCWPlatform:: Unique name xilinx:zybo-z7-10::0.0
TRACE::2025-06-25.15:46:25::SCWPlatform::Trying to set the existing hwdb with name DEMO_wrapper_1
TRACE::2025-06-25.15:46:25::SCWPlatform::Opened existing hwdb DEMO_wrapper_1
TRACE::2025-06-25.15:46:25::SCWPlatform::Found the Hw Db part of the input DSA
TRACE::2025-06-25.15:46:25::SCWMssOS::Checking the sw design at  D:/proyectosep2/IEE2463-SEP-Proyecto-2-Z8/1_core/vitis/1_core_plt/ps7_cortexa9_0/standalone_domain/bsp/system.mss
TRACE::2025-06-25.15:46:25::SCWMssOS::DEBUG:  swdes dump  D:/proyectosep2/IEE2463-SEP-Proyecto-2-Z8/1_core/vitis/1_core_plt/ps7_cortexa9_0/standalone_domain/bsp/system.mss|system||

TRACE::2025-06-25.15:46:25::SCWMssOS::Sw design exists and opened at  D:/proyectosep2/IEE2463-SEP-Proyecto-2-Z8/1_core/vitis/1_core_plt/ps7_cortexa9_0/standalone_domain/bsp/system.mss
TRACE::2025-06-25.15:46:25::SCWMssOS::Removing the swdes entry for  D:/proyectosep2/IEE2463-SEP-Proyecto-2-Z8/1_core/vitis/1_core_plt/ps7_cortexa9_0/standalone_domain/bsp/system.mss
TRACE::2025-06-25.15:46:26::SCWPlatform::Trying to open the hw design at D:/proyectosep2/IEE2463-SEP-Proyecto-2-Z8/1_core/vitis/1_core_plt/hw/DEMO_wrapper.xsa
TRACE::2025-06-25.15:46:26::SCWPlatform::DSA given D:/proyectosep2/IEE2463-SEP-Proyecto-2-Z8/1_core/vitis/1_core_plt/hw/DEMO_wrapper.xsa
TRACE::2025-06-25.15:46:26::SCWPlatform::DSA absoulate path D:/proyectosep2/IEE2463-SEP-Proyecto-2-Z8/1_core/vitis/1_core_plt/hw/DEMO_wrapper.xsa
TRACE::2025-06-25.15:46:26::SCWPlatform::DSA directory D:/proyectosep2/IEE2463-SEP-Proyecto-2-Z8/1_core/vitis/1_core_plt/hw
TRACE::2025-06-25.15:46:26::SCWPlatform:: Platform Path D:/proyectosep2/IEE2463-SEP-Proyecto-2-Z8/1_core/vitis/1_core_plt/hw/DEMO_wrapper.xsa
TRACE::2025-06-25.15:46:26::SCWPlatform:: Unique name xilinx:zybo-z7-10::0.0
TRACE::2025-06-25.15:46:26::SCWPlatform::Trying to set the existing hwdb with name DEMO_wrapper_1
TRACE::2025-06-25.15:46:26::SCWPlatform::Opened existing hwdb DEMO_wrapper_1
TRACE::2025-06-25.15:46:26::SCWPlatform::Found the Hw Db part of the input DSA
TRACE::2025-06-25.15:46:26::SCWMssOS::Checking the sw design at  D:/proyectosep2/IEE2463-SEP-Proyecto-2-Z8/1_core/vitis/1_core_plt/ps7_cortexa9_0/standalone_domain/bsp/system.mss
TRACE::2025-06-25.15:46:26::SCWMssOS::DEBUG:  swdes dump  
TRACE::2025-06-25.15:46:26::SCWMssOS::No sw design opened at  D:/proyectosep2/IEE2463-SEP-Proyecto-2-Z8/1_core/vitis/1_core_plt/ps7_cortexa9_0/standalone_domain/bsp/system.mss
TRACE::2025-06-25.15:46:26::SCWMssOS::mss exists loading the mss file  D:/proyectosep2/IEE2463-SEP-Proyecto-2-Z8/1_core/vitis/1_core_plt/ps7_cortexa9_0/standalone_domain/bsp/system.mss
TRACE::2025-06-25.15:46:26::SCWMssOS::Opened the sw design from mss  D:/proyectosep2/IEE2463-SEP-Proyecto-2-Z8/1_core/vitis/1_core_plt/ps7_cortexa9_0/standalone_domain/bsp/system.mss
TRACE::2025-06-25.15:46:26::SCWMssOS::Adding the swdes entry D:/proyectosep2/IEE2463-SEP-Proyecto-2-Z8/1_core/vitis/1_core_plt/ps7_cortexa9_0/standalone_domain/bsp/system.mss with des name system
TRACE::2025-06-25.15:46:26::SCWMssOS::updating the scw layer about changes
TRACE::2025-06-25.15:46:26::SCWMssOS::Opened the sw design.  D:/proyectosep2/IEE2463-SEP-Proyecto-2-Z8/1_core/vitis/1_core_plt/ps7_cortexa9_0/standalone_domain/bsp/system.mss
TRACE::2025-06-25.15:46:28::SCWPlatform::Trying to open the hw design at D:/proyectosep2/IEE2463-SEP-Proyecto-2-Z8/1_core/vitis/1_core_plt/hw/DEMO_wrapper.xsa
TRACE::2025-06-25.15:46:28::SCWPlatform::DSA given D:/proyectosep2/IEE2463-SEP-Proyecto-2-Z8/1_core/vitis/1_core_plt/hw/DEMO_wrapper.xsa
TRACE::2025-06-25.15:46:28::SCWPlatform::DSA absoulate path D:/proyectosep2/IEE2463-SEP-Proyecto-2-Z8/1_core/vitis/1_core_plt/hw/DEMO_wrapper.xsa
TRACE::2025-06-25.15:46:28::SCWPlatform::DSA directory D:/proyectosep2/IEE2463-SEP-Proyecto-2-Z8/1_core/vitis/1_core_plt/hw
TRACE::2025-06-25.15:46:28::SCWPlatform:: Platform Path D:/proyectosep2/IEE2463-SEP-Proyecto-2-Z8/1_core/vitis/1_core_plt/hw/DEMO_wrapper.xsa
TRACE::2025-06-25.15:46:28::SCWPlatform:: Unique name xilinx:zybo-z7-10::0.0
TRACE::2025-06-25.15:46:28::SCWPlatform::Trying to set the existing hwdb with name DEMO_wrapper_1
TRACE::2025-06-25.15:46:28::SCWPlatform::Opened existing hwdb DEMO_wrapper_1
TRACE::2025-06-25.15:46:28::SCWPlatform::Found the Hw Db part of the input DSA
TRACE::2025-06-25.15:46:28::SCWMssOS::Checking the sw design at  D:/proyectosep2/IEE2463-SEP-Proyecto-2-Z8/1_core/vitis/1_core_plt/ps7_cortexa9_0/standalone_domain/bsp/system.mss
TRACE::2025-06-25.15:46:28::SCWMssOS::DEBUG:  swdes dump  D:/proyectosep2/IEE2463-SEP-Proyecto-2-Z8/1_core/vitis/1_core_plt/ps7_cortexa9_0/standalone_domain/bsp/system.mss|system||

TRACE::2025-06-25.15:46:28::SCWMssOS::Sw design exists and opened at  D:/proyectosep2/IEE2463-SEP-Proyecto-2-Z8/1_core/vitis/1_core_plt/ps7_cortexa9_0/standalone_domain/bsp/system.mss
TRACE::2025-06-25.15:46:28::SCWMssOS::Adding Library:  xilffs:4.3
TRACE::2025-06-25.15:46:28::SCWMssOS::Added Library:  xilffs
TRACE::2025-06-25.15:46:45::SCWMssOS::Saving the mss changes D:/proyectosep2/IEE2463-SEP-Proyecto-2-Z8/1_core/vitis/1_core_plt/zynq_fsbl/zynq_fsbl_bsp/system.mss
TRACE::2025-06-25.15:46:45::SCWMssOS::Adding the swdes entry, mss present, able to open swdb D:/proyectosep2/IEE2463-SEP-Proyecto-2-Z8/1_core/vitis/1_core_plt/zynq_fsbl/zynq_fsbl_bsp/system.mss with des name system_0
TRACE::2025-06-25.15:46:45::SCWMssOS::Writing the mss file completed D:/proyectosep2/IEE2463-SEP-Proyecto-2-Z8/1_core/vitis/1_core_plt/zynq_fsbl/zynq_fsbl_bsp/system.mss
TRACE::2025-06-25.15:46:45::SCWMssOS::Commit changes completed.
TRACE::2025-06-25.15:46:45::SCWMssOS::Saving the mss changes D:/proyectosep2/IEE2463-SEP-Proyecto-2-Z8/1_core/vitis/1_core_plt/ps7_cortexa9_0/standalone_domain/bsp/system.mss
TRACE::2025-06-25.15:46:45::SCWMssOS::Found a swdesign opened with the mssfile.
TRACE::2025-06-25.15:46:45::SCWMssOS::Completed writemss as part of save.
TRACE::2025-06-25.15:46:45::SCWMssOS::Commit changes completed.
TRACE::2025-06-25.15:46:45::SCWPlatform::Trying to open the hw design at D:/proyectosep2/IEE2463-SEP-Proyecto-2-Z8/1_core/vitis/1_core_plt/hw/DEMO_wrapper.xsa
TRACE::2025-06-25.15:46:45::SCWPlatform::DSA given D:/proyectosep2/IEE2463-SEP-Proyecto-2-Z8/1_core/vitis/1_core_plt/hw/DEMO_wrapper.xsa
TRACE::2025-06-25.15:46:45::SCWPlatform::DSA absoulate path D:/proyectosep2/IEE2463-SEP-Proyecto-2-Z8/1_core/vitis/1_core_plt/hw/DEMO_wrapper.xsa
TRACE::2025-06-25.15:46:45::SCWPlatform::DSA directory D:/proyectosep2/IEE2463-SEP-Proyecto-2-Z8/1_core/vitis/1_core_plt/hw
TRACE::2025-06-25.15:46:45::SCWPlatform:: Platform Path D:/proyectosep2/IEE2463-SEP-Proyecto-2-Z8/1_core/vitis/1_core_plt/hw/DEMO_wrapper.xsa
TRACE::2025-06-25.15:46:45::SCWPlatform:: Unique name xilinx:zybo-z7-10::0.0
TRACE::2025-06-25.15:46:45::SCWPlatform::Trying to set the existing hwdb with name DEMO_wrapper_1
TRACE::2025-06-25.15:46:45::SCWPlatform::Opened existing hwdb DEMO_wrapper_1
TRACE::2025-06-25.15:46:45::SCWPlatform::Found the Hw Db part of the input DSA
TRACE::2025-06-25.15:46:45::SCWMssOS::Checking the sw design at  D:/proyectosep2/IEE2463-SEP-Proyecto-2-Z8/1_core/vitis/1_core_plt/zynq_fsbl/zynq_fsbl_bsp/system.mss
TRACE::2025-06-25.15:46:45::SCWMssOS::DEBUG:  swdes dump  D:/proyectosep2/IEE2463-SEP-Proyecto-2-Z8/1_core/vitis/1_core_plt/ps7_cortexa9_0/standalone_domain/bsp/system.mss|system||
D:/proyectosep2/IEE2463-SEP-Proyecto-2-Z8/1_core/vitis/1_core_plt/zynq_fsbl/zynq_fsbl_bsp/system.mss|system_0||

TRACE::2025-06-25.15:46:45::SCWMssOS::Sw design exists and opened at  D:/proyectosep2/IEE2463-SEP-Proyecto-2-Z8/1_core/vitis/1_core_plt/zynq_fsbl/zynq_fsbl_bsp/system.mss
TRACE::2025-06-25.15:46:45::SCWPlatform::Trying to open the hw design at D:/proyectosep2/IEE2463-SEP-Proyecto-2-Z8/1_core/vitis/1_core_plt/hw/DEMO_wrapper.xsa
TRACE::2025-06-25.15:46:45::SCWPlatform::DSA given D:/proyectosep2/IEE2463-SEP-Proyecto-2-Z8/1_core/vitis/1_core_plt/hw/DEMO_wrapper.xsa
TRACE::2025-06-25.15:46:45::SCWPlatform::DSA absoulate path D:/proyectosep2/IEE2463-SEP-Proyecto-2-Z8/1_core/vitis/1_core_plt/hw/DEMO_wrapper.xsa
TRACE::2025-06-25.15:46:45::SCWPlatform::DSA directory D:/proyectosep2/IEE2463-SEP-Proyecto-2-Z8/1_core/vitis/1_core_plt/hw
TRACE::2025-06-25.15:46:45::SCWPlatform:: Platform Path D:/proyectosep2/IEE2463-SEP-Proyecto-2-Z8/1_core/vitis/1_core_plt/hw/DEMO_wrapper.xsa
TRACE::2025-06-25.15:46:45::SCWPlatform:: Unique name xilinx:zybo-z7-10::0.0
TRACE::2025-06-25.15:46:45::SCWPlatform::Trying to set the existing hwdb with name DEMO_wrapper_1
TRACE::2025-06-25.15:46:45::SCWPlatform::Opened existing hwdb DEMO_wrapper_1
TRACE::2025-06-25.15:46:45::SCWPlatform::Found the Hw Db part of the input DSA
TRACE::2025-06-25.15:46:45::SCWMssOS::Checking the sw design at  D:/proyectosep2/IEE2463-SEP-Proyecto-2-Z8/1_core/vitis/1_core_plt/ps7_cortexa9_0/standalone_domain/bsp/system.mss
TRACE::2025-06-25.15:46:45::SCWMssOS::DEBUG:  swdes dump  D:/proyectosep2/IEE2463-SEP-Proyecto-2-Z8/1_core/vitis/1_core_plt/ps7_cortexa9_0/standalone_domain/bsp/system.mss|system||
D:/proyectosep2/IEE2463-SEP-Proyecto-2-Z8/1_core/vitis/1_core_plt/zynq_fsbl/zynq_fsbl_bsp/system.mss|system_0||

TRACE::2025-06-25.15:46:45::SCWMssOS::Sw design exists and opened at  D:/proyectosep2/IEE2463-SEP-Proyecto-2-Z8/1_core/vitis/1_core_plt/ps7_cortexa9_0/standalone_domain/bsp/system.mss
TRACE::2025-06-25.15:46:45::SCWWriter::formatted JSON is {
	"platformName":	"1_core_plt",
	"sprVersion":	"2.0",
	"mode":	"gui",
	"dsaType":	"Fixed",
	"platformDesc":	"1_core_plt",
	"platHandOff":	"D:/proyectosep2/IEE2463-SEP-Proyecto-2-Z8/full_hardware/vivado/DEMO_wrapper.xsa",
	"platIntHandOff":	"<platformDir>/hw/DEMO_wrapper.xsa",
	"deviceType":	"zynq",
	"platIsPrebuiltAutogen":	"false",
	"platIsNoBootBsp":	"false",
	"hasFsblMakeHasChanges":	"false",
	"hasPmufwMakeHasChanges":	"false",
	"fsblExtraCompilerFlags":	"-MMD -MP       -mcpu=cortex-a9 -mfpu=vfpv3 -mfloat-abi=hard ",
	"platPreBuiltFlag":	false,
	"platformSamplesDir":	"",
	"platActiveSys":	"1_core_plt",
	"systems":	[{
			"systemName":	"1_core_plt",
			"systemDesc":	"1_core_plt",
			"sysIsBootAutoGen":	"true",
			"systemDispName":	"1_core_plt",
			"sysActiveDom":	"standalone_domain",
			"sysDefaultDom":	"standalone_domain",
			"domains":	[{
					"domainName":	"zynq_fsbl",
					"domainDispName":	"zynq_fsbl",
					"domainDesc":	"FSBL Application BSP - Auto Generated.",
					"processors":	"ps7_cortexa9_0",
					"os":	"standalone",
					"sdxOs":	"standalone",
					"debugEnable":	"",
					"domRuntimes":	["cpp"],
					"swRepo":	"",
					"mssOsVer":	"7.2",
					"mssFile":	"",
					"md5Digest":	"22a6aa47fd12e4eea21ee9dba4d7fcad",
					"compatibleApp":	"zynq_fsbl",
					"domType":	"bootDomain",
					"appSettings":	{
						"appCompilerFlags":	"",
						"appLinkerFlags":	""
					},
					"addedLibs":	["xilffs:4.3", "xilrsa:1.6"],
					"libOptions":	{
						"libsContainingOptions":	[]
					},
					"prebuiltLibs":	{
						"prebuiltIncPath":	[],
						"prebuiltLibPath":	[]
					},
					"isolation":	{
					}
				}, {
					"domainName":	"standalone_domain",
					"domainDispName":	"standalone on ps7_cortexa9_0",
					"domainDesc":	"standalone_domain",
					"processors":	"ps7_cortexa9_0",
					"os":	"standalone",
					"sdxOs":	"standalone",
					"qemuArgs":	"D:/Xilinx/Vitis/2020.1/data/emulation/platforms/zynq/qemu/qemu_args.txt",
					"qemuData":	"D:/Xilinx/Vitis/2020.1/data/emulation/platforms/zynq/qemu/",
					"debugEnable":	"False",
					"domRuntimes":	["cpp"],
					"swRepo":	"",
					"mssOsVer":	"7.2",
					"mssFile":	"",
					"md5Digest":	"3bd73008cc19367a3826b43ea626ca85",
					"compatibleApp":	"",
					"domType":	"mssDomain",
					"appSettings":	{
						"appCompilerFlags":	"",
						"appLinkerFlags":	""
					},
					"addedLibs":	["xilffs:4.3"],
					"libOptions":	{
						"libsContainingOptions":	[]
					},
					"prebuiltLibs":	{
						"prebuiltIncPath":	[],
						"prebuiltLibPath":	[]
					},
					"isolation":	{
					}
				}]
		}]
}
TRACE::2025-06-25.15:46:45::SCWMssOS::Saving the mss changes D:/proyectosep2/IEE2463-SEP-Proyecto-2-Z8/1_core/vitis/1_core_plt/ps7_cortexa9_0/standalone_domain/bsp/system.mss
TRACE::2025-06-25.15:46:45::SCWMssOS::Found a swdesign opened with the mssfile.
TRACE::2025-06-25.15:46:45::SCWMssOS::Completed writemss as part of save.
TRACE::2025-06-25.15:46:45::SCWMssOS::Commit changes completed.
TRACE::2025-06-25.15:46:45::SCWPlatform::Trying to open the hw design at D:/proyectosep2/IEE2463-SEP-Proyecto-2-Z8/1_core/vitis/1_core_plt/hw/DEMO_wrapper.xsa
TRACE::2025-06-25.15:46:45::SCWPlatform::DSA given D:/proyectosep2/IEE2463-SEP-Proyecto-2-Z8/1_core/vitis/1_core_plt/hw/DEMO_wrapper.xsa
TRACE::2025-06-25.15:46:45::SCWPlatform::DSA absoulate path D:/proyectosep2/IEE2463-SEP-Proyecto-2-Z8/1_core/vitis/1_core_plt/hw/DEMO_wrapper.xsa
TRACE::2025-06-25.15:46:45::SCWPlatform::DSA directory D:/proyectosep2/IEE2463-SEP-Proyecto-2-Z8/1_core/vitis/1_core_plt/hw
TRACE::2025-06-25.15:46:45::SCWPlatform:: Platform Path D:/proyectosep2/IEE2463-SEP-Proyecto-2-Z8/1_core/vitis/1_core_plt/hw/DEMO_wrapper.xsa
TRACE::2025-06-25.15:46:45::SCWPlatform:: Unique name xilinx:zybo-z7-10::0.0
TRACE::2025-06-25.15:46:45::SCWPlatform::Trying to set the existing hwdb with name DEMO_wrapper_1
TRACE::2025-06-25.15:46:45::SCWPlatform::Opened existing hwdb DEMO_wrapper_1
TRACE::2025-06-25.15:46:45::SCWPlatform::Found the Hw Db part of the input DSA
TRACE::2025-06-25.15:46:45::SCWMssOS::Checking the sw design at  D:/proyectosep2/IEE2463-SEP-Proyecto-2-Z8/1_core/vitis/1_core_plt/ps7_cortexa9_0/standalone_domain/bsp/system.mss
TRACE::2025-06-25.15:46:45::SCWMssOS::DEBUG:  swdes dump  D:/proyectosep2/IEE2463-SEP-Proyecto-2-Z8/1_core/vitis/1_core_plt/ps7_cortexa9_0/standalone_domain/bsp/system.mss|system||
D:/proyectosep2/IEE2463-SEP-Proyecto-2-Z8/1_core/vitis/1_core_plt/zynq_fsbl/zynq_fsbl_bsp/system.mss|system_0||

TRACE::2025-06-25.15:46:45::SCWMssOS::Sw design exists and opened at  D:/proyectosep2/IEE2463-SEP-Proyecto-2-Z8/1_core/vitis/1_core_plt/ps7_cortexa9_0/standalone_domain/bsp/system.mss
TRACE::2025-06-25.15:46:45::SCWMssOS::Removing the swdes entry for  D:/proyectosep2/IEE2463-SEP-Proyecto-2-Z8/1_core/vitis/1_core_plt/ps7_cortexa9_0/standalone_domain/bsp/system.mss
TRACE::2025-06-25.15:46:45::SCWMssOS::In reload Mss file.
TRACE::2025-06-25.15:46:45::SCWPlatform::Trying to open the hw design at D:/proyectosep2/IEE2463-SEP-Proyecto-2-Z8/1_core/vitis/1_core_plt/hw/DEMO_wrapper.xsa
TRACE::2025-06-25.15:46:45::SCWPlatform::DSA given D:/proyectosep2/IEE2463-SEP-Proyecto-2-Z8/1_core/vitis/1_core_plt/hw/DEMO_wrapper.xsa
TRACE::2025-06-25.15:46:45::SCWPlatform::DSA absoulate path D:/proyectosep2/IEE2463-SEP-Proyecto-2-Z8/1_core/vitis/1_core_plt/hw/DEMO_wrapper.xsa
TRACE::2025-06-25.15:46:45::SCWPlatform::DSA directory D:/proyectosep2/IEE2463-SEP-Proyecto-2-Z8/1_core/vitis/1_core_plt/hw
TRACE::2025-06-25.15:46:45::SCWPlatform:: Platform Path D:/proyectosep2/IEE2463-SEP-Proyecto-2-Z8/1_core/vitis/1_core_plt/hw/DEMO_wrapper.xsa
TRACE::2025-06-25.15:46:45::SCWPlatform:: Unique name xilinx:zybo-z7-10::0.0
TRACE::2025-06-25.15:46:45::SCWPlatform::Trying to set the existing hwdb with name DEMO_wrapper_1
TRACE::2025-06-25.15:46:45::SCWPlatform::Opened existing hwdb DEMO_wrapper_1
TRACE::2025-06-25.15:46:45::SCWPlatform::Found the Hw Db part of the input DSA
TRACE::2025-06-25.15:46:45::SCWMssOS::Checking the sw design at  D:/proyectosep2/IEE2463-SEP-Proyecto-2-Z8/1_core/vitis/1_core_plt/ps7_cortexa9_0/standalone_domain/bsp/system.mss
TRACE::2025-06-25.15:46:45::SCWMssOS::DEBUG:  swdes dump  D:/proyectosep2/IEE2463-SEP-Proyecto-2-Z8/1_core/vitis/1_core_plt/zynq_fsbl/zynq_fsbl_bsp/system.mss|system_0||

TRACE::2025-06-25.15:46:45::SCWMssOS::No sw design opened at  D:/proyectosep2/IEE2463-SEP-Proyecto-2-Z8/1_core/vitis/1_core_plt/ps7_cortexa9_0/standalone_domain/bsp/system.mss
TRACE::2025-06-25.15:46:45::SCWMssOS::mss exists loading the mss file  D:/proyectosep2/IEE2463-SEP-Proyecto-2-Z8/1_core/vitis/1_core_plt/ps7_cortexa9_0/standalone_domain/bsp/system.mss
TRACE::2025-06-25.15:46:45::SCWMssOS::Opened the sw design from mss  D:/proyectosep2/IEE2463-SEP-Proyecto-2-Z8/1_core/vitis/1_core_plt/ps7_cortexa9_0/standalone_domain/bsp/system.mss
TRACE::2025-06-25.15:46:45::SCWMssOS::Adding the swdes entry D:/proyectosep2/IEE2463-SEP-Proyecto-2-Z8/1_core/vitis/1_core_plt/ps7_cortexa9_0/standalone_domain/bsp/system.mss with des name system
TRACE::2025-06-25.15:46:45::SCWMssOS::updating the scw layer about changes
TRACE::2025-06-25.15:46:45::SCWMssOS::Opened the sw design.  D:/proyectosep2/IEE2463-SEP-Proyecto-2-Z8/1_core/vitis/1_core_plt/ps7_cortexa9_0/standalone_domain/bsp/system.mss
TRACE::2025-06-25.15:46:45::SCWPlatform::Trying to open the hw design at D:/proyectosep2/IEE2463-SEP-Proyecto-2-Z8/1_core/vitis/1_core_plt/hw/DEMO_wrapper.xsa
TRACE::2025-06-25.15:46:45::SCWPlatform::DSA given D:/proyectosep2/IEE2463-SEP-Proyecto-2-Z8/1_core/vitis/1_core_plt/hw/DEMO_wrapper.xsa
TRACE::2025-06-25.15:46:45::SCWPlatform::DSA absoulate path D:/proyectosep2/IEE2463-SEP-Proyecto-2-Z8/1_core/vitis/1_core_plt/hw/DEMO_wrapper.xsa
TRACE::2025-06-25.15:46:45::SCWPlatform::DSA directory D:/proyectosep2/IEE2463-SEP-Proyecto-2-Z8/1_core/vitis/1_core_plt/hw
TRACE::2025-06-25.15:46:45::SCWPlatform:: Platform Path D:/proyectosep2/IEE2463-SEP-Proyecto-2-Z8/1_core/vitis/1_core_plt/hw/DEMO_wrapper.xsa
TRACE::2025-06-25.15:46:45::SCWPlatform:: Unique name xilinx:zybo-z7-10::0.0
TRACE::2025-06-25.15:46:45::SCWPlatform::Trying to set the existing hwdb with name DEMO_wrapper_1
TRACE::2025-06-25.15:46:45::SCWPlatform::Opened existing hwdb DEMO_wrapper_1
TRACE::2025-06-25.15:46:45::SCWPlatform::Found the Hw Db part of the input DSA
TRACE::2025-06-25.15:46:45::SCWMssOS::Checking the sw design at  D:/proyectosep2/IEE2463-SEP-Proyecto-2-Z8/1_core/vitis/1_core_plt/ps7_cortexa9_0/standalone_domain/bsp/system.mss
TRACE::2025-06-25.15:46:45::SCWMssOS::DEBUG:  swdes dump  D:/proyectosep2/IEE2463-SEP-Proyecto-2-Z8/1_core/vitis/1_core_plt/ps7_cortexa9_0/standalone_domain/bsp/system.mss|system||
D:/proyectosep2/IEE2463-SEP-Proyecto-2-Z8/1_core/vitis/1_core_plt/zynq_fsbl/zynq_fsbl_bsp/system.mss|system_0||

TRACE::2025-06-25.15:46:45::SCWMssOS::Sw design exists and opened at  D:/proyectosep2/IEE2463-SEP-Proyecto-2-Z8/1_core/vitis/1_core_plt/ps7_cortexa9_0/standalone_domain/bsp/system.mss
TRACE::2025-06-25.15:46:45::SCWMssOS:: library already available in sw design:  xilffs:4.3
TRACE::2025-06-25.15:46:45::SCWMssOS::Saving the mss changes D:/proyectosep2/IEE2463-SEP-Proyecto-2-Z8/1_core/vitis/1_core_plt/ps7_cortexa9_0/standalone_domain/bsp/system.mss
TRACE::2025-06-25.15:46:45::SCWMssOS::Found a swdesign opened with the mssfile.
TRACE::2025-06-25.15:46:45::SCWMssOS::Completed writemss as part of save.
TRACE::2025-06-25.15:46:45::SCWMssOS::Commit changes completed.
TRACE::2025-06-25.15:46:45::SCWPlatform::Trying to open the hw design at D:/proyectosep2/IEE2463-SEP-Proyecto-2-Z8/1_core/vitis/1_core_plt/hw/DEMO_wrapper.xsa
TRACE::2025-06-25.15:46:45::SCWPlatform::DSA given D:/proyectosep2/IEE2463-SEP-Proyecto-2-Z8/1_core/vitis/1_core_plt/hw/DEMO_wrapper.xsa
TRACE::2025-06-25.15:46:45::SCWPlatform::DSA absoulate path D:/proyectosep2/IEE2463-SEP-Proyecto-2-Z8/1_core/vitis/1_core_plt/hw/DEMO_wrapper.xsa
TRACE::2025-06-25.15:46:45::SCWPlatform::DSA directory D:/proyectosep2/IEE2463-SEP-Proyecto-2-Z8/1_core/vitis/1_core_plt/hw
TRACE::2025-06-25.15:46:45::SCWPlatform:: Platform Path D:/proyectosep2/IEE2463-SEP-Proyecto-2-Z8/1_core/vitis/1_core_plt/hw/DEMO_wrapper.xsa
TRACE::2025-06-25.15:46:45::SCWPlatform:: Unique name xilinx:zybo-z7-10::0.0
TRACE::2025-06-25.15:46:45::SCWPlatform::Trying to set the existing hwdb with name DEMO_wrapper_1
TRACE::2025-06-25.15:46:45::SCWPlatform::Opened existing hwdb DEMO_wrapper_1
TRACE::2025-06-25.15:46:45::SCWPlatform::Found the Hw Db part of the input DSA
TRACE::2025-06-25.15:46:45::SCWMssOS::Checking the sw design at  D:/proyectosep2/IEE2463-SEP-Proyecto-2-Z8/1_core/vitis/1_core_plt/ps7_cortexa9_0/standalone_domain/bsp/system.mss
TRACE::2025-06-25.15:46:45::SCWMssOS::DEBUG:  swdes dump  D:/proyectosep2/IEE2463-SEP-Proyecto-2-Z8/1_core/vitis/1_core_plt/ps7_cortexa9_0/standalone_domain/bsp/system.mss|system||
D:/proyectosep2/IEE2463-SEP-Proyecto-2-Z8/1_core/vitis/1_core_plt/zynq_fsbl/zynq_fsbl_bsp/system.mss|system_0||

TRACE::2025-06-25.15:46:45::SCWMssOS::Sw design exists and opened at  D:/proyectosep2/IEE2463-SEP-Proyecto-2-Z8/1_core/vitis/1_core_plt/ps7_cortexa9_0/standalone_domain/bsp/system.mss
TRACE::2025-06-25.15:46:45::SCWMssOS::Removing the swdes entry for  D:/proyectosep2/IEE2463-SEP-Proyecto-2-Z8/1_core/vitis/1_core_plt/ps7_cortexa9_0/standalone_domain/bsp/system.mss
TRACE::2025-06-25.15:46:45::SCWPlatform::Trying to open the hw design at D:/proyectosep2/IEE2463-SEP-Proyecto-2-Z8/1_core/vitis/1_core_plt/hw/DEMO_wrapper.xsa
TRACE::2025-06-25.15:46:45::SCWPlatform::DSA given D:/proyectosep2/IEE2463-SEP-Proyecto-2-Z8/1_core/vitis/1_core_plt/hw/DEMO_wrapper.xsa
TRACE::2025-06-25.15:46:45::SCWPlatform::DSA absoulate path D:/proyectosep2/IEE2463-SEP-Proyecto-2-Z8/1_core/vitis/1_core_plt/hw/DEMO_wrapper.xsa
TRACE::2025-06-25.15:46:45::SCWPlatform::DSA directory D:/proyectosep2/IEE2463-SEP-Proyecto-2-Z8/1_core/vitis/1_core_plt/hw
TRACE::2025-06-25.15:46:45::SCWPlatform:: Platform Path D:/proyectosep2/IEE2463-SEP-Proyecto-2-Z8/1_core/vitis/1_core_plt/hw/DEMO_wrapper.xsa
TRACE::2025-06-25.15:46:45::SCWPlatform:: Unique name xilinx:zybo-z7-10::0.0
TRACE::2025-06-25.15:46:45::SCWPlatform::Trying to set the existing hwdb with name DEMO_wrapper_1
TRACE::2025-06-25.15:46:45::SCWPlatform::Opened existing hwdb DEMO_wrapper_1
TRACE::2025-06-25.15:46:45::SCWPlatform::Found the Hw Db part of the input DSA
TRACE::2025-06-25.15:46:45::SCWMssOS::Checking the sw design at  D:/proyectosep2/IEE2463-SEP-Proyecto-2-Z8/1_core/vitis/1_core_plt/ps7_cortexa9_0/standalone_domain/bsp/system.mss
TRACE::2025-06-25.15:46:45::SCWMssOS::DEBUG:  swdes dump  D:/proyectosep2/IEE2463-SEP-Proyecto-2-Z8/1_core/vitis/1_core_plt/zynq_fsbl/zynq_fsbl_bsp/system.mss|system_0||

TRACE::2025-06-25.15:46:45::SCWMssOS::No sw design opened at  D:/proyectosep2/IEE2463-SEP-Proyecto-2-Z8/1_core/vitis/1_core_plt/ps7_cortexa9_0/standalone_domain/bsp/system.mss
TRACE::2025-06-25.15:46:45::SCWMssOS::mss exists loading the mss file  D:/proyectosep2/IEE2463-SEP-Proyecto-2-Z8/1_core/vitis/1_core_plt/ps7_cortexa9_0/standalone_domain/bsp/system.mss
TRACE::2025-06-25.15:46:45::SCWMssOS::Opened the sw design from mss  D:/proyectosep2/IEE2463-SEP-Proyecto-2-Z8/1_core/vitis/1_core_plt/ps7_cortexa9_0/standalone_domain/bsp/system.mss
TRACE::2025-06-25.15:46:45::SCWMssOS::Adding the swdes entry D:/proyectosep2/IEE2463-SEP-Proyecto-2-Z8/1_core/vitis/1_core_plt/ps7_cortexa9_0/standalone_domain/bsp/system.mss with des name system
TRACE::2025-06-25.15:46:45::SCWMssOS::updating the scw layer about changes
TRACE::2025-06-25.15:46:45::SCWMssOS::Opened the sw design.  D:/proyectosep2/IEE2463-SEP-Proyecto-2-Z8/1_core/vitis/1_core_plt/ps7_cortexa9_0/standalone_domain/bsp/system.mss
TRACE::2025-06-25.15:46:45::SCWMssOS::Completed writing the mss file at D:/proyectosep2/IEE2463-SEP-Proyecto-2-Z8/1_core/vitis/1_core_plt/ps7_cortexa9_0/standalone_domain/bsp
TRACE::2025-06-25.15:46:46::SCWMssOS::Forcing BSP Sources regeneration.
LOG::2025-06-25.15:46:56::SCWPlatform::Started generating the artifacts platform 1_core_plt
TRACE::2025-06-25.15:46:56::SCWPlatform::Sanity checking of platform is completed
LOG::2025-06-25.15:46:56::SCWPlatform::Started generating the artifacts for system configuration 1_core_plt
LOG::2025-06-25.15:46:56::SCWSystem::Checking the domain zynq_fsbl
LOG::2025-06-25.15:46:56::SCWSystem::Doing application build for :  zynq_fsbl
TRACE::2025-06-25.15:46:56::SCWBDomain::Not a forced makefile updation, No changes are present. 
TRACE::2025-06-25.15:46:56::SCWDomain::Building the domain as part of full build :  zynq_fsbl
TRACE::2025-06-25.15:46:56::SCWPlatform::Trying to open the hw design at D:/proyectosep2/IEE2463-SEP-Proyecto-2-Z8/1_core/vitis/1_core_plt/hw/DEMO_wrapper.xsa
TRACE::2025-06-25.15:46:56::SCWPlatform::DSA given D:/proyectosep2/IEE2463-SEP-Proyecto-2-Z8/1_core/vitis/1_core_plt/hw/DEMO_wrapper.xsa
TRACE::2025-06-25.15:46:56::SCWPlatform::DSA absoulate path D:/proyectosep2/IEE2463-SEP-Proyecto-2-Z8/1_core/vitis/1_core_plt/hw/DEMO_wrapper.xsa
TRACE::2025-06-25.15:46:56::SCWPlatform::DSA directory D:/proyectosep2/IEE2463-SEP-Proyecto-2-Z8/1_core/vitis/1_core_plt/hw
TRACE::2025-06-25.15:46:56::SCWPlatform:: Platform Path D:/proyectosep2/IEE2463-SEP-Proyecto-2-Z8/1_core/vitis/1_core_plt/hw/DEMO_wrapper.xsa
TRACE::2025-06-25.15:46:56::SCWPlatform:: Unique name xilinx:zybo-z7-10::0.0
TRACE::2025-06-25.15:46:56::SCWPlatform::Trying to set the existing hwdb with name DEMO_wrapper_1
TRACE::2025-06-25.15:46:56::SCWPlatform::Opened existing hwdb DEMO_wrapper_1
TRACE::2025-06-25.15:46:56::SCWPlatform::Found the Hw Db part of the input DSA
TRACE::2025-06-25.15:46:56::SCWMssOS::Checking the sw design at  D:/proyectosep2/IEE2463-SEP-Proyecto-2-Z8/1_core/vitis/1_core_plt/zynq_fsbl/zynq_fsbl_bsp/system.mss
TRACE::2025-06-25.15:46:56::SCWMssOS::DEBUG:  swdes dump  D:/proyectosep2/IEE2463-SEP-Proyecto-2-Z8/1_core/vitis/1_core_plt/ps7_cortexa9_0/standalone_domain/bsp/system.mss|system||
D:/proyectosep2/IEE2463-SEP-Proyecto-2-Z8/1_core/vitis/1_core_plt/zynq_fsbl/zynq_fsbl_bsp/system.mss|system_0||

TRACE::2025-06-25.15:46:56::SCWMssOS::Sw design exists and opened at  D:/proyectosep2/IEE2463-SEP-Proyecto-2-Z8/1_core/vitis/1_core_plt/zynq_fsbl/zynq_fsbl_bsp/system.mss
TRACE::2025-06-25.15:46:56::SCWBDomain::Completed writing the mss file at D:/proyectosep2/IEE2463-SEP-Proyecto-2-Z8/1_core/vitis/1_core_plt/zynq_fsbl/zynq_fsbl_bsp
TRACE::2025-06-25.15:46:56::SCWBDomain::bsp generated is upto date with the mss file. Skipping bsp generation.
TRACE::2025-06-25.15:46:56::SCWBDomain::Not a forced makefile updation, No changes are present. 
TRACE::2025-06-25.15:46:56::SCWBDomain::System Command Ran  D:&  cd  D:/proyectosep2/IEE2463-SEP-Proyecto-2-Z8/1_core/vitis/1_core_plt/zynq_fsbl & make 
TRACE::2025-06-25.15:46:56::SCWBDomain::make -C zynq_fsbl_bsp

TRACE::2025-06-25.15:46:56::SCWBDomain::make[1]: Entering directory 'D:/proyectosep2/IEE2463-SEP-Proyecto-2-Z8/1_core/vitis/1_core_plt/zynq_fsbl/zynq_fsbl_bsp'

TRACE::2025-06-25.15:46:56::SCWBDomain::"Running Make include in ps7_cortexa9_0/libsrc/coresightps_dcc_v1_7/src"

TRACE::2025-06-25.15:46:56::SCWBDomain::make -C ps7_cortexa9_0/libsrc/coresightps_dcc_v1_7/src -s include  "SHELL=CMD" "COMPILER=arm-none-eabi-gcc" "ASSEMBLER=arm-none
TRACE::2025-06-25.15:46:56::SCWBDomain::-eabi-as" "ARCHIVER=arm-none-eabi-ar" "COMPILER_FLAGS=  -O2 -c" "EXTRA_COMPILER_FLAGS=-mcpu=cortex-a9 -mfpu=vfpv3 -mfloat-abi=h
TRACE::2025-06-25.15:46:56::SCWBDomain::ard -nostartfiles -g -Wall -Wextra"

TRACE::2025-06-25.15:46:56::SCWBDomain::make[2]: Entering directory 'D:/proyectosep2/IEE2463-SEP-Proyecto-2-Z8/1_core/vitis/1_core_plt/zynq_fsbl/zynq_fsbl_bsp/ps7_cort
TRACE::2025-06-25.15:46:56::SCWBDomain::exa9_0/libsrc/coresightps_dcc_v1_7/src'

TRACE::2025-06-25.15:46:57::SCWBDomain::make[2]: Leaving directory 'D:/proyectosep2/IEE2463-SEP-Proyecto-2-Z8/1_core/vitis/1_core_plt/zynq_fsbl/zynq_fsbl_bsp/ps7_corte
TRACE::2025-06-25.15:46:57::SCWBDomain::xa9_0/libsrc/coresightps_dcc_v1_7/src'

TRACE::2025-06-25.15:46:57::SCWBDomain::"Running Make include in ps7_cortexa9_0/libsrc/cpu_cortexa9_v2_9/src"

TRACE::2025-06-25.15:46:57::SCWBDomain::make -C ps7_cortexa9_0/libsrc/cpu_cortexa9_v2_9/src -s include  "SHELL=CMD" "COMPILER=arm-none-eabi-gcc" "ASSEMBLER=arm-none-ea
TRACE::2025-06-25.15:46:57::SCWBDomain::bi-as" "ARCHIVER=arm-none-eabi-ar" "COMPILER_FLAGS=  -O2 -c" "EXTRA_COMPILER_FLAGS=-mcpu=cortex-a9 -mfpu=vfpv3 -mfloat-abi=hard
TRACE::2025-06-25.15:46:57::SCWBDomain:: -nostartfiles -g -Wall -Wextra"

TRACE::2025-06-25.15:46:57::SCWBDomain::make[2]: Entering directory 'D:/proyectosep2/IEE2463-SEP-Proyecto-2-Z8/1_core/vitis/1_core_plt/zynq_fsbl/zynq_fsbl_bsp/ps7_cort
TRACE::2025-06-25.15:46:57::SCWBDomain::exa9_0/libsrc/cpu_cortexa9_v2_9/src'

TRACE::2025-06-25.15:46:57::SCWBDomain::make[2]: Leaving directory 'D:/proyectosep2/IEE2463-SEP-Proyecto-2-Z8/1_core/vitis/1_core_plt/zynq_fsbl/zynq_fsbl_bsp/ps7_corte
TRACE::2025-06-25.15:46:57::SCWBDomain::xa9_0/libsrc/cpu_cortexa9_v2_9/src'

TRACE::2025-06-25.15:46:57::SCWBDomain::"Running Make include in ps7_cortexa9_0/libsrc/ddrps_v1_1/src"

TRACE::2025-06-25.15:46:57::SCWBDomain::make -C ps7_cortexa9_0/libsrc/ddrps_v1_1/src -s include  "SHELL=CMD" "COMPILER=arm-none-eabi-gcc" "ASSEMBLER=arm-none-eabi-as" 
TRACE::2025-06-25.15:46:57::SCWBDomain::"ARCHIVER=arm-none-eabi-ar" "COMPILER_FLAGS=  -O2 -c" "EXTRA_COMPILER_FLAGS=-mcpu=cortex-a9 -mfpu=vfpv3 -mfloat-abi=hard -nosta
TRACE::2025-06-25.15:46:57::SCWBDomain::rtfiles -g -Wall -Wextra"

TRACE::2025-06-25.15:46:57::SCWBDomain::make[2]: Entering directory 'D:/proyectosep2/IEE2463-SEP-Proyecto-2-Z8/1_core/vitis/1_core_plt/zynq_fsbl/zynq_fsbl_bsp/ps7_cort
TRACE::2025-06-25.15:46:57::SCWBDomain::exa9_0/libsrc/ddrps_v1_1/src'

TRACE::2025-06-25.15:46:57::SCWBDomain::make[2]: Leaving directory 'D:/proyectosep2/IEE2463-SEP-Proyecto-2-Z8/1_core/vitis/1_core_plt/zynq_fsbl/zynq_fsbl_bsp/ps7_corte
TRACE::2025-06-25.15:46:57::SCWBDomain::xa9_0/libsrc/ddrps_v1_1/src'

TRACE::2025-06-25.15:46:57::SCWBDomain::"Running Make include in ps7_cortexa9_0/libsrc/devcfg_v3_6/src"

TRACE::2025-06-25.15:46:57::SCWBDomain::make -C ps7_cortexa9_0/libsrc/devcfg_v3_6/src -s include  "SHELL=CMD" "COMPILER=arm-none-eabi-gcc" "ASSEMBLER=arm-none-eabi-as"
TRACE::2025-06-25.15:46:57::SCWBDomain:: "ARCHIVER=arm-none-eabi-ar" "COMPILER_FLAGS=  -O2 -c" "EXTRA_COMPILER_FLAGS=-mcpu=cortex-a9 -mfpu=vfpv3 -mfloat-abi=hard -nost
TRACE::2025-06-25.15:46:57::SCWBDomain::artfiles -g -Wall -Wextra"

TRACE::2025-06-25.15:46:57::SCWBDomain::make[2]: Entering directory 'D:/proyectosep2/IEE2463-SEP-Proyecto-2-Z8/1_core/vitis/1_core_plt/zynq_fsbl/zynq_fsbl_bsp/ps7_cort
TRACE::2025-06-25.15:46:57::SCWBDomain::exa9_0/libsrc/devcfg_v3_6/src'

TRACE::2025-06-25.15:46:57::SCWBDomain::make[2]: Leaving directory 'D:/proyectosep2/IEE2463-SEP-Proyecto-2-Z8/1_core/vitis/1_core_plt/zynq_fsbl/zynq_fsbl_bsp/ps7_corte
TRACE::2025-06-25.15:46:57::SCWBDomain::xa9_0/libsrc/devcfg_v3_6/src'

TRACE::2025-06-25.15:46:57::SCWBDomain::"Running Make include in ps7_cortexa9_0/libsrc/dmaps_v2_6/src"

TRACE::2025-06-25.15:46:57::SCWBDomain::make -C ps7_cortexa9_0/libsrc/dmaps_v2_6/src -s include  "SHELL=CMD" "COMPILER=arm-none-eabi-gcc" "ASSEMBLER=arm-none-eabi-as" 
TRACE::2025-06-25.15:46:57::SCWBDomain::"ARCHIVER=arm-none-eabi-ar" "COMPILER_FLAGS=  -O2 -c" "EXTRA_COMPILER_FLAGS=-mcpu=cortex-a9 -mfpu=vfpv3 -mfloat-abi=hard -nosta
TRACE::2025-06-25.15:46:57::SCWBDomain::rtfiles -g -Wall -Wextra"

TRACE::2025-06-25.15:46:57::SCWBDomain::make[2]: Entering directory 'D:/proyectosep2/IEE2463-SEP-Proyecto-2-Z8/1_core/vitis/1_core_plt/zynq_fsbl/zynq_fsbl_bsp/ps7_cort
TRACE::2025-06-25.15:46:57::SCWBDomain::exa9_0/libsrc/dmaps_v2_6/src'

TRACE::2025-06-25.15:46:57::SCWBDomain::make[2]: Leaving directory 'D:/proyectosep2/IEE2463-SEP-Proyecto-2-Z8/1_core/vitis/1_core_plt/zynq_fsbl/zynq_fsbl_bsp/ps7_corte
TRACE::2025-06-25.15:46:57::SCWBDomain::xa9_0/libsrc/dmaps_v2_6/src'

TRACE::2025-06-25.15:46:57::SCWBDomain::"Running Make include in ps7_cortexa9_0/libsrc/emacps_v3_11/src"

TRACE::2025-06-25.15:46:57::SCWBDomain::make -C ps7_cortexa9_0/libsrc/emacps_v3_11/src -s include  "SHELL=CMD" "COMPILER=arm-none-eabi-gcc" "ASSEMBLER=arm-none-eabi-as
TRACE::2025-06-25.15:46:57::SCWBDomain::" "ARCHIVER=arm-none-eabi-ar" "COMPILER_FLAGS=  -O2 -c" "EXTRA_COMPILER_FLAGS=-mcpu=cortex-a9 -mfpu=vfpv3 -mfloat-abi=hard -nos
TRACE::2025-06-25.15:46:57::SCWBDomain::tartfiles -g -Wall -Wextra"

TRACE::2025-06-25.15:46:57::SCWBDomain::make[2]: Entering directory 'D:/proyectosep2/IEE2463-SEP-Proyecto-2-Z8/1_core/vitis/1_core_plt/zynq_fsbl/zynq_fsbl_bsp/ps7_cort
TRACE::2025-06-25.15:46:57::SCWBDomain::exa9_0/libsrc/emacps_v3_11/src'

TRACE::2025-06-25.15:46:57::SCWBDomain::make[2]: Leaving directory 'D:/proyectosep2/IEE2463-SEP-Proyecto-2-Z8/1_core/vitis/1_core_plt/zynq_fsbl/zynq_fsbl_bsp/ps7_corte
TRACE::2025-06-25.15:46:57::SCWBDomain::xa9_0/libsrc/emacps_v3_11/src'

TRACE::2025-06-25.15:46:57::SCWBDomain::"Running Make include in ps7_cortexa9_0/libsrc/gpiops_v3_7/src"

TRACE::2025-06-25.15:46:57::SCWBDomain::make -C ps7_cortexa9_0/libsrc/gpiops_v3_7/src -s include  "SHELL=CMD" "COMPILER=arm-none-eabi-gcc" "ASSEMBLER=arm-none-eabi-as"
TRACE::2025-06-25.15:46:57::SCWBDomain:: "ARCHIVER=arm-none-eabi-ar" "COMPILER_FLAGS=  -O2 -c" "EXTRA_COMPILER_FLAGS=-mcpu=cortex-a9 -mfpu=vfpv3 -mfloat-abi=hard -nost
TRACE::2025-06-25.15:46:57::SCWBDomain::artfiles -g -Wall -Wextra"

TRACE::2025-06-25.15:46:57::SCWBDomain::make[2]: Entering directory 'D:/proyectosep2/IEE2463-SEP-Proyecto-2-Z8/1_core/vitis/1_core_plt/zynq_fsbl/zynq_fsbl_bsp/ps7_cort
TRACE::2025-06-25.15:46:57::SCWBDomain::exa9_0/libsrc/gpiops_v3_7/src'

TRACE::2025-06-25.15:46:57::SCWBDomain::make[2]: Leaving directory 'D:/proyectosep2/IEE2463-SEP-Proyecto-2-Z8/1_core/vitis/1_core_plt/zynq_fsbl/zynq_fsbl_bsp/ps7_corte
TRACE::2025-06-25.15:46:57::SCWBDomain::xa9_0/libsrc/gpiops_v3_7/src'

TRACE::2025-06-25.15:46:57::SCWBDomain::"Running Make include in ps7_cortexa9_0/libsrc/gpio_v4_6/src"

TRACE::2025-06-25.15:46:57::SCWBDomain::make -C ps7_cortexa9_0/libsrc/gpio_v4_6/src -s include  "SHELL=CMD" "COMPILER=arm-none-eabi-gcc" "ASSEMBLER=arm-none-eabi-as" "
TRACE::2025-06-25.15:46:57::SCWBDomain::ARCHIVER=arm-none-eabi-ar" "COMPILER_FLAGS=  -O2 -c" "EXTRA_COMPILER_FLAGS=-mcpu=cortex-a9 -mfpu=vfpv3 -mfloat-abi=hard -nostar
TRACE::2025-06-25.15:46:57::SCWBDomain::tfiles -g -Wall -Wextra"

TRACE::2025-06-25.15:46:57::SCWBDomain::make[2]: Entering directory 'D:/proyectosep2/IEE2463-SEP-Proyecto-2-Z8/1_core/vitis/1_core_plt/zynq_fsbl/zynq_fsbl_bsp/ps7_cort
TRACE::2025-06-25.15:46:57::SCWBDomain::exa9_0/libsrc/gpio_v4_6/src'

TRACE::2025-06-25.15:46:57::SCWBDomain::make[2]: Leaving directory 'D:/proyectosep2/IEE2463-SEP-Proyecto-2-Z8/1_core/vitis/1_core_plt/zynq_fsbl/zynq_fsbl_bsp/ps7_corte
TRACE::2025-06-25.15:46:57::SCWBDomain::xa9_0/libsrc/gpio_v4_6/src'

TRACE::2025-06-25.15:46:57::SCWBDomain::"Running Make include in ps7_cortexa9_0/libsrc/iic_v3_6/src"

TRACE::2025-06-25.15:46:57::SCWBDomain::make -C ps7_cortexa9_0/libsrc/iic_v3_6/src -s include  "SHELL=CMD" "COMPILER=arm-none-eabi-gcc" "ASSEMBLER=arm-none-eabi-as" "A
TRACE::2025-06-25.15:46:57::SCWBDomain::RCHIVER=arm-none-eabi-ar" "COMPILER_FLAGS=  -O2 -c" "EXTRA_COMPILER_FLAGS=-mcpu=cortex-a9 -mfpu=vfpv3 -mfloat-abi=hard -nostart
TRACE::2025-06-25.15:46:57::SCWBDomain::files -g -Wall -Wextra"

TRACE::2025-06-25.15:46:57::SCWBDomain::make[2]: Entering directory 'D:/proyectosep2/IEE2463-SEP-Proyecto-2-Z8/1_core/vitis/1_core_plt/zynq_fsbl/zynq_fsbl_bsp/ps7_cort
TRACE::2025-06-25.15:46:57::SCWBDomain::exa9_0/libsrc/iic_v3_6/src'

TRACE::2025-06-25.15:46:57::SCWBDomain::make[2]: Leaving directory 'D:/proyectosep2/IEE2463-SEP-Proyecto-2-Z8/1_core/vitis/1_core_plt/zynq_fsbl/zynq_fsbl_bsp/ps7_corte
TRACE::2025-06-25.15:46:57::SCWBDomain::xa9_0/libsrc/iic_v3_6/src'

TRACE::2025-06-25.15:46:58::SCWBDomain::"Running Make include in ps7_cortexa9_0/libsrc/qspips_v3_7/src"

TRACE::2025-06-25.15:46:58::SCWBDomain::make -C ps7_cortexa9_0/libsrc/qspips_v3_7/src -s include  "SHELL=CMD" "COMPILER=arm-none-eabi-gcc" "ASSEMBLER=arm-none-eabi-as"
TRACE::2025-06-25.15:46:58::SCWBDomain:: "ARCHIVER=arm-none-eabi-ar" "COMPILER_FLAGS=  -O2 -c" "EXTRA_COMPILER_FLAGS=-mcpu=cortex-a9 -mfpu=vfpv3 -mfloat-abi=hard -nost
TRACE::2025-06-25.15:46:58::SCWBDomain::artfiles -g -Wall -Wextra"

TRACE::2025-06-25.15:46:58::SCWBDomain::make[2]: Entering directory 'D:/proyectosep2/IEE2463-SEP-Proyecto-2-Z8/1_core/vitis/1_core_plt/zynq_fsbl/zynq_fsbl_bsp/ps7_cort
TRACE::2025-06-25.15:46:58::SCWBDomain::exa9_0/libsrc/qspips_v3_7/src'

TRACE::2025-06-25.15:46:58::SCWBDomain::make[2]: Leaving directory 'D:/proyectosep2/IEE2463-SEP-Proyecto-2-Z8/1_core/vitis/1_core_plt/zynq_fsbl/zynq_fsbl_bsp/ps7_corte
TRACE::2025-06-25.15:46:58::SCWBDomain::xa9_0/libsrc/qspips_v3_7/src'

TRACE::2025-06-25.15:46:58::SCWBDomain::"Running Make include in ps7_cortexa9_0/libsrc/scugic_v4_2/src"

TRACE::2025-06-25.15:46:58::SCWBDomain::make -C ps7_cortexa9_0/libsrc/scugic_v4_2/src -s include  "SHELL=CMD" "COMPILER=arm-none-eabi-gcc" "ASSEMBLER=arm-none-eabi-as"
TRACE::2025-06-25.15:46:58::SCWBDomain:: "ARCHIVER=arm-none-eabi-ar" "COMPILER_FLAGS=  -O2 -c" "EXTRA_COMPILER_FLAGS=-mcpu=cortex-a9 -mfpu=vfpv3 -mfloat-abi=hard -nost
TRACE::2025-06-25.15:46:58::SCWBDomain::artfiles -g -Wall -Wextra"

TRACE::2025-06-25.15:46:58::SCWBDomain::make[2]: Entering directory 'D:/proyectosep2/IEE2463-SEP-Proyecto-2-Z8/1_core/vitis/1_core_plt/zynq_fsbl/zynq_fsbl_bsp/ps7_cort
TRACE::2025-06-25.15:46:58::SCWBDomain::exa9_0/libsrc/scugic_v4_2/src'

TRACE::2025-06-25.15:46:58::SCWBDomain::make[2]: Leaving directory 'D:/proyectosep2/IEE2463-SEP-Proyecto-2-Z8/1_core/vitis/1_core_plt/zynq_fsbl/zynq_fsbl_bsp/ps7_corte
TRACE::2025-06-25.15:46:58::SCWBDomain::xa9_0/libsrc/scugic_v4_2/src'

TRACE::2025-06-25.15:46:58::SCWBDomain::"Running Make include in ps7_cortexa9_0/libsrc/scutimer_v2_2/src"

TRACE::2025-06-25.15:46:58::SCWBDomain::make -C ps7_cortexa9_0/libsrc/scutimer_v2_2/src -s include  "SHELL=CMD" "COMPILER=arm-none-eabi-gcc" "ASSEMBLER=arm-none-eabi-a
TRACE::2025-06-25.15:46:58::SCWBDomain::s" "ARCHIVER=arm-none-eabi-ar" "COMPILER_FLAGS=  -O2 -c" "EXTRA_COMPILER_FLAGS=-mcpu=cortex-a9 -mfpu=vfpv3 -mfloat-abi=hard -no
TRACE::2025-06-25.15:46:58::SCWBDomain::startfiles -g -Wall -Wextra"

TRACE::2025-06-25.15:46:58::SCWBDomain::make[2]: Entering directory 'D:/proyectosep2/IEE2463-SEP-Proyecto-2-Z8/1_core/vitis/1_core_plt/zynq_fsbl/zynq_fsbl_bsp/ps7_cort
TRACE::2025-06-25.15:46:58::SCWBDomain::exa9_0/libsrc/scutimer_v2_2/src'

TRACE::2025-06-25.15:46:58::SCWBDomain::make[2]: Leaving directory 'D:/proyectosep2/IEE2463-SEP-Proyecto-2-Z8/1_core/vitis/1_core_plt/zynq_fsbl/zynq_fsbl_bsp/ps7_corte
TRACE::2025-06-25.15:46:58::SCWBDomain::xa9_0/libsrc/scutimer_v2_2/src'

TRACE::2025-06-25.15:46:58::SCWBDomain::"Running Make include in ps7_cortexa9_0/libsrc/scuwdt_v2_2/src"

TRACE::2025-06-25.15:46:58::SCWBDomain::make -C ps7_cortexa9_0/libsrc/scuwdt_v2_2/src -s include  "SHELL=CMD" "COMPILER=arm-none-eabi-gcc" "ASSEMBLER=arm-none-eabi-as"
TRACE::2025-06-25.15:46:58::SCWBDomain:: "ARCHIVER=arm-none-eabi-ar" "COMPILER_FLAGS=  -O2 -c" "EXTRA_COMPILER_FLAGS=-mcpu=cortex-a9 -mfpu=vfpv3 -mfloat-abi=hard -nost
TRACE::2025-06-25.15:46:58::SCWBDomain::artfiles -g -Wall -Wextra"

TRACE::2025-06-25.15:46:58::SCWBDomain::make[2]: Entering directory 'D:/proyectosep2/IEE2463-SEP-Proyecto-2-Z8/1_core/vitis/1_core_plt/zynq_fsbl/zynq_fsbl_bsp/ps7_cort
TRACE::2025-06-25.15:46:58::SCWBDomain::exa9_0/libsrc/scuwdt_v2_2/src'

TRACE::2025-06-25.15:46:58::SCWBDomain::make[2]: Leaving directory 'D:/proyectosep2/IEE2463-SEP-Proyecto-2-Z8/1_core/vitis/1_core_plt/zynq_fsbl/zynq_fsbl_bsp/ps7_corte
TRACE::2025-06-25.15:46:58::SCWBDomain::xa9_0/libsrc/scuwdt_v2_2/src'

TRACE::2025-06-25.15:46:58::SCWBDomain::"Running Make include in ps7_cortexa9_0/libsrc/sdps_v3_9/src"

TRACE::2025-06-25.15:46:58::SCWBDomain::make -C ps7_cortexa9_0/libsrc/sdps_v3_9/src -s include  "SHELL=CMD" "COMPILER=arm-none-eabi-gcc" "ASSEMBLER=arm-none-eabi-as" "
TRACE::2025-06-25.15:46:58::SCWBDomain::ARCHIVER=arm-none-eabi-ar" "COMPILER_FLAGS=  -O2 -c" "EXTRA_COMPILER_FLAGS=-mcpu=cortex-a9 -mfpu=vfpv3 -mfloat-abi=hard -nostar
TRACE::2025-06-25.15:46:58::SCWBDomain::tfiles -g -Wall -Wextra"

TRACE::2025-06-25.15:46:58::SCWBDomain::make[2]: Entering directory 'D:/proyectosep2/IEE2463-SEP-Proyecto-2-Z8/1_core/vitis/1_core_plt/zynq_fsbl/zynq_fsbl_bsp/ps7_cort
TRACE::2025-06-25.15:46:58::SCWBDomain::exa9_0/libsrc/sdps_v3_9/src'

TRACE::2025-06-25.15:46:58::SCWBDomain::make[2]: Leaving directory 'D:/proyectosep2/IEE2463-SEP-Proyecto-2-Z8/1_core/vitis/1_core_plt/zynq_fsbl/zynq_fsbl_bsp/ps7_corte
TRACE::2025-06-25.15:46:58::SCWBDomain::xa9_0/libsrc/sdps_v3_9/src'

TRACE::2025-06-25.15:46:58::SCWBDomain::"Running Make include in ps7_cortexa9_0/libsrc/spi_v4_6/src"

TRACE::2025-06-25.15:46:58::SCWBDomain::make -C ps7_cortexa9_0/libsrc/spi_v4_6/src -s include  "SHELL=CMD" "COMPILER=arm-none-eabi-gcc" "ASSEMBLER=arm-none-eabi-as" "A
TRACE::2025-06-25.15:46:58::SCWBDomain::RCHIVER=arm-none-eabi-ar" "COMPILER_FLAGS=  -O2 -c" "EXTRA_COMPILER_FLAGS=-mcpu=cortex-a9 -mfpu=vfpv3 -mfloat-abi=hard -nostart
TRACE::2025-06-25.15:46:58::SCWBDomain::files -g -Wall -Wextra"

TRACE::2025-06-25.15:46:58::SCWBDomain::make[2]: Entering directory 'D:/proyectosep2/IEE2463-SEP-Proyecto-2-Z8/1_core/vitis/1_core_plt/zynq_fsbl/zynq_fsbl_bsp/ps7_cort
TRACE::2025-06-25.15:46:58::SCWBDomain::exa9_0/libsrc/spi_v4_6/src'

TRACE::2025-06-25.15:46:58::SCWBDomain::make[2]: Leaving directory 'D:/proyectosep2/IEE2463-SEP-Proyecto-2-Z8/1_core/vitis/1_core_plt/zynq_fsbl/zynq_fsbl_bsp/ps7_corte
TRACE::2025-06-25.15:46:58::SCWBDomain::xa9_0/libsrc/spi_v4_6/src'

TRACE::2025-06-25.15:46:58::SCWBDomain::"Running Make include in ps7_cortexa9_0/libsrc/standalone_v7_2/src"

TRACE::2025-06-25.15:46:58::SCWBDomain::make -C ps7_cortexa9_0/libsrc/standalone_v7_2/src -s include  "SHELL=CMD" "COMPILER=arm-none-eabi-gcc" "ASSEMBLER=arm-none-eabi
TRACE::2025-06-25.15:46:58::SCWBDomain::-as" "ARCHIVER=arm-none-eabi-ar" "COMPILER_FLAGS=  -O2 -c" "EXTRA_COMPILER_FLAGS=-mcpu=cortex-a9 -mfpu=vfpv3 -mfloat-abi=hard -
TRACE::2025-06-25.15:46:58::SCWBDomain::nostartfiles -g -Wall -Wextra"

TRACE::2025-06-25.15:46:58::SCWBDomain::make[2]: Entering directory 'D:/proyectosep2/IEE2463-SEP-Proyecto-2-Z8/1_core/vitis/1_core_plt/zynq_fsbl/zynq_fsbl_bsp/ps7_cort
TRACE::2025-06-25.15:46:58::SCWBDomain::exa9_0/libsrc/standalone_v7_2/src'

TRACE::2025-06-25.15:46:59::SCWBDomain::make[3]: Entering directory 'D:/proyectosep2/IEE2463-SEP-Proyecto-2-Z8/1_core/vitis/1_core_plt/zynq_fsbl/zynq_fsbl_bsp/ps7_cort
TRACE::2025-06-25.15:46:59::SCWBDomain::exa9_0/libsrc/standalone_v7_2/src/profile'

TRACE::2025-06-25.15:46:59::SCWBDomain::make[3]: Leaving directory 'D:/proyectosep2/IEE2463-SEP-Proyecto-2-Z8/1_core/vitis/1_core_plt/zynq_fsbl/zynq_fsbl_bsp/ps7_corte
TRACE::2025-06-25.15:46:59::SCWBDomain::xa9_0/libsrc/standalone_v7_2/src/profile'

TRACE::2025-06-25.15:46:59::SCWBDomain::make[2]: Leaving directory 'D:/proyectosep2/IEE2463-SEP-Proyecto-2-Z8/1_core/vitis/1_core_plt/zynq_fsbl/zynq_fsbl_bsp/ps7_corte
TRACE::2025-06-25.15:46:59::SCWBDomain::xa9_0/libsrc/standalone_v7_2/src'

TRACE::2025-06-25.15:46:59::SCWBDomain::"Running Make include in ps7_cortexa9_0/libsrc/tmrctr_v4_6/src"

TRACE::2025-06-25.15:46:59::SCWBDomain::make -C ps7_cortexa9_0/libsrc/tmrctr_v4_6/src -s include  "SHELL=CMD" "COMPILER=arm-none-eabi-gcc" "ASSEMBLER=arm-none-eabi-as"
TRACE::2025-06-25.15:46:59::SCWBDomain:: "ARCHIVER=arm-none-eabi-ar" "COMPILER_FLAGS=  -O2 -c" "EXTRA_COMPILER_FLAGS=-mcpu=cortex-a9 -mfpu=vfpv3 -mfloat-abi=hard -nost
TRACE::2025-06-25.15:46:59::SCWBDomain::artfiles -g -Wall -Wextra"

TRACE::2025-06-25.15:46:59::SCWBDomain::make[2]: Entering directory 'D:/proyectosep2/IEE2463-SEP-Proyecto-2-Z8/1_core/vitis/1_core_plt/zynq_fsbl/zynq_fsbl_bsp/ps7_cort
TRACE::2025-06-25.15:46:59::SCWBDomain::exa9_0/libsrc/tmrctr_v4_6/src'

TRACE::2025-06-25.15:46:59::SCWBDomain::make[2]: Leaving directory 'D:/proyectosep2/IEE2463-SEP-Proyecto-2-Z8/1_core/vitis/1_core_plt/zynq_fsbl/zynq_fsbl_bsp/ps7_corte
TRACE::2025-06-25.15:46:59::SCWBDomain::xa9_0/libsrc/tmrctr_v4_6/src'

TRACE::2025-06-25.15:46:59::SCWBDomain::"Running Make include in ps7_cortexa9_0/libsrc/uartps_v3_9/src"

TRACE::2025-06-25.15:46:59::SCWBDomain::make -C ps7_cortexa9_0/libsrc/uartps_v3_9/src -s include  "SHELL=CMD" "COMPILER=arm-none-eabi-gcc" "ASSEMBLER=arm-none-eabi-as"
TRACE::2025-06-25.15:46:59::SCWBDomain:: "ARCHIVER=arm-none-eabi-ar" "COMPILER_FLAGS=  -O2 -c" "EXTRA_COMPILER_FLAGS=-mcpu=cortex-a9 -mfpu=vfpv3 -mfloat-abi=hard -nost
TRACE::2025-06-25.15:46:59::SCWBDomain::artfiles -g -Wall -Wextra"

TRACE::2025-06-25.15:46:59::SCWBDomain::make[2]: Entering directory 'D:/proyectosep2/IEE2463-SEP-Proyecto-2-Z8/1_core/vitis/1_core_plt/zynq_fsbl/zynq_fsbl_bsp/ps7_cort
TRACE::2025-06-25.15:46:59::SCWBDomain::exa9_0/libsrc/uartps_v3_9/src'

TRACE::2025-06-25.15:46:59::SCWBDomain::make[2]: Leaving directory 'D:/proyectosep2/IEE2463-SEP-Proyecto-2-Z8/1_core/vitis/1_core_plt/zynq_fsbl/zynq_fsbl_bsp/ps7_corte
TRACE::2025-06-25.15:46:59::SCWBDomain::xa9_0/libsrc/uartps_v3_9/src'

TRACE::2025-06-25.15:46:59::SCWBDomain::"Running Make include in ps7_cortexa9_0/libsrc/usbps_v2_5/src"

TRACE::2025-06-25.15:46:59::SCWBDomain::make -C ps7_cortexa9_0/libsrc/usbps_v2_5/src -s include  "SHELL=CMD" "COMPILER=arm-none-eabi-gcc" "ASSEMBLER=arm-none-eabi-as" 
TRACE::2025-06-25.15:46:59::SCWBDomain::"ARCHIVER=arm-none-eabi-ar" "COMPILER_FLAGS=  -O2 -c" "EXTRA_COMPILER_FLAGS=-mcpu=cortex-a9 -mfpu=vfpv3 -mfloat-abi=hard -nosta
TRACE::2025-06-25.15:46:59::SCWBDomain::rtfiles -g -Wall -Wextra"

TRACE::2025-06-25.15:46:59::SCWBDomain::make[2]: Entering directory 'D:/proyectosep2/IEE2463-SEP-Proyecto-2-Z8/1_core/vitis/1_core_plt/zynq_fsbl/zynq_fsbl_bsp/ps7_cort
TRACE::2025-06-25.15:46:59::SCWBDomain::exa9_0/libsrc/usbps_v2_5/src'

TRACE::2025-06-25.15:46:59::SCWBDomain::make[2]: Leaving directory 'D:/proyectosep2/IEE2463-SEP-Proyecto-2-Z8/1_core/vitis/1_core_plt/zynq_fsbl/zynq_fsbl_bsp/ps7_corte
TRACE::2025-06-25.15:46:59::SCWBDomain::xa9_0/libsrc/usbps_v2_5/src'

TRACE::2025-06-25.15:46:59::SCWBDomain::"Running Make include in ps7_cortexa9_0/libsrc/xadcps_v2_4/src"

TRACE::2025-06-25.15:46:59::SCWBDomain::make -C ps7_cortexa9_0/libsrc/xadcps_v2_4/src -s include  "SHELL=CMD" "COMPILER=arm-none-eabi-gcc" "ASSEMBLER=arm-none-eabi-as"
TRACE::2025-06-25.15:46:59::SCWBDomain:: "ARCHIVER=arm-none-eabi-ar" "COMPILER_FLAGS=  -O2 -c" "EXTRA_COMPILER_FLAGS=-mcpu=cortex-a9 -mfpu=vfpv3 -mfloat-abi=hard -nost
TRACE::2025-06-25.15:46:59::SCWBDomain::artfiles -g -Wall -Wextra"

TRACE::2025-06-25.15:46:59::SCWBDomain::make[2]: Entering directory 'D:/proyectosep2/IEE2463-SEP-Proyecto-2-Z8/1_core/vitis/1_core_plt/zynq_fsbl/zynq_fsbl_bsp/ps7_cort
TRACE::2025-06-25.15:46:59::SCWBDomain::exa9_0/libsrc/xadcps_v2_4/src'

TRACE::2025-06-25.15:46:59::SCWBDomain::make[2]: Leaving directory 'D:/proyectosep2/IEE2463-SEP-Proyecto-2-Z8/1_core/vitis/1_core_plt/zynq_fsbl/zynq_fsbl_bsp/ps7_corte
TRACE::2025-06-25.15:46:59::SCWBDomain::xa9_0/libsrc/xadcps_v2_4/src'

TRACE::2025-06-25.15:47:00::SCWBDomain::"Running Make include in ps7_cortexa9_0/libsrc/xilffs_v4_3/src"

TRACE::2025-06-25.15:47:00::SCWBDomain::make -C ps7_cortexa9_0/libsrc/xilffs_v4_3/src -s include  "SHELL=CMD" "COMPILER=arm-none-eabi-gcc" "ASSEMBLER=arm-none-eabi-as"
TRACE::2025-06-25.15:47:00::SCWBDomain:: "ARCHIVER=arm-none-eabi-ar" "COMPILER_FLAGS=  -O2 -c" "EXTRA_COMPILER_FLAGS=-mcpu=cortex-a9 -mfpu=vfpv3 -mfloat-abi=hard -nost
TRACE::2025-06-25.15:47:00::SCWBDomain::artfiles -g -Wall -Wextra"

TRACE::2025-06-25.15:47:00::SCWBDomain::make[2]: Entering directory 'D:/proyectosep2/IEE2463-SEP-Proyecto-2-Z8/1_core/vitis/1_core_plt/zynq_fsbl/zynq_fsbl_bsp/ps7_cort
TRACE::2025-06-25.15:47:00::SCWBDomain::exa9_0/libsrc/xilffs_v4_3/src'

TRACE::2025-06-25.15:47:00::SCWBDomain::make[2]: Leaving directory 'D:/proyectosep2/IEE2463-SEP-Proyecto-2-Z8/1_core/vitis/1_core_plt/zynq_fsbl/zynq_fsbl_bsp/ps7_corte
TRACE::2025-06-25.15:47:00::SCWBDomain::xa9_0/libsrc/xilffs_v4_3/src'

TRACE::2025-06-25.15:47:00::SCWBDomain::"Running Make include in ps7_cortexa9_0/libsrc/xilrsa_v1_6/src"

TRACE::2025-06-25.15:47:00::SCWBDomain::make -C ps7_cortexa9_0/libsrc/xilrsa_v1_6/src -s include  "SHELL=CMD" "COMPILER=arm-none-eabi-gcc" "ASSEMBLER=arm-none-eabi-as"
TRACE::2025-06-25.15:47:00::SCWBDomain:: "ARCHIVER=arm-none-eabi-ar" "COMPILER_FLAGS=  -O2 -c" "EXTRA_COMPILER_FLAGS=-mcpu=cortex-a9 -mfpu=vfpv3 -mfloat-abi=hard -nost
TRACE::2025-06-25.15:47:00::SCWBDomain::artfiles -g -Wall -Wextra"

TRACE::2025-06-25.15:47:00::SCWBDomain::make[2]: Entering directory 'D:/proyectosep2/IEE2463-SEP-Proyecto-2-Z8/1_core/vitis/1_core_plt/zynq_fsbl/zynq_fsbl_bsp/ps7_cort
TRACE::2025-06-25.15:47:00::SCWBDomain::exa9_0/libsrc/xilrsa_v1_6/src'

TRACE::2025-06-25.15:47:00::SCWBDomain::make[2]: Leaving directory 'D:/proyectosep2/IEE2463-SEP-Proyecto-2-Z8/1_core/vitis/1_core_plt/zynq_fsbl/zynq_fsbl_bsp/ps7_corte
TRACE::2025-06-25.15:47:00::SCWBDomain::xa9_0/libsrc/xilrsa_v1_6/src'

TRACE::2025-06-25.15:47:00::SCWBDomain::"Running Make libs in ps7_cortexa9_0/libsrc/coresightps_dcc_v1_7/src"

TRACE::2025-06-25.15:47:00::SCWBDomain::make -C ps7_cortexa9_0/libsrc/coresightps_dcc_v1_7/src -s libs  "SHELL=CMD" "COMPILER=arm-none-eabi-gcc" "ASSEMBLER=arm-none-ea
TRACE::2025-06-25.15:47:00::SCWBDomain::bi-as" "ARCHIVER=arm-none-eabi-ar" "COMPILER_FLAGS=  -O2 -c" "EXTRA_COMPILER_FLAGS=-mcpu=cortex-a9 -mfpu=vfpv3 -mfloat-abi=hard
TRACE::2025-06-25.15:47:00::SCWBDomain:: -nostartfiles -g -Wall -Wextra"

TRACE::2025-06-25.15:47:00::SCWBDomain::make[2]: Entering directory 'D:/proyectosep2/IEE2463-SEP-Proyecto-2-Z8/1_core/vitis/1_core_plt/zynq_fsbl/zynq_fsbl_bsp/ps7_cort
TRACE::2025-06-25.15:47:00::SCWBDomain::exa9_0/libsrc/coresightps_dcc_v1_7/src'

TRACE::2025-06-25.15:47:00::SCWBDomain::"Compiling coresightps_dcc"

TRACE::2025-06-25.15:47:03::SCWBDomain::make[2]: Leaving directory 'D:/proyectosep2/IEE2463-SEP-Proyecto-2-Z8/1_core/vitis/1_core_plt/zynq_fsbl/zynq_fsbl_bsp/ps7_corte
TRACE::2025-06-25.15:47:03::SCWBDomain::xa9_0/libsrc/coresightps_dcc_v1_7/src'

TRACE::2025-06-25.15:47:03::SCWBDomain::"Running Make libs in ps7_cortexa9_0/libsrc/cpu_cortexa9_v2_9/src"

TRACE::2025-06-25.15:47:03::SCWBDomain::make -C ps7_cortexa9_0/libsrc/cpu_cortexa9_v2_9/src -s libs  "SHELL=CMD" "COMPILER=arm-none-eabi-gcc" "ASSEMBLER=arm-none-eabi-
TRACE::2025-06-25.15:47:03::SCWBDomain::as" "ARCHIVER=arm-none-eabi-ar" "COMPILER_FLAGS=  -O2 -c" "EXTRA_COMPILER_FLAGS=-mcpu=cortex-a9 -mfpu=vfpv3 -mfloat-abi=hard -n
TRACE::2025-06-25.15:47:03::SCWBDomain::ostartfiles -g -Wall -Wextra"

TRACE::2025-06-25.15:47:03::SCWBDomain::make[2]: Entering directory 'D:/proyectosep2/IEE2463-SEP-Proyecto-2-Z8/1_core/vitis/1_core_plt/zynq_fsbl/zynq_fsbl_bsp/ps7_cort
TRACE::2025-06-25.15:47:03::SCWBDomain::exa9_0/libsrc/cpu_cortexa9_v2_9/src'

TRACE::2025-06-25.15:47:03::SCWBDomain::"Compiling cpu_cortexa9"

TRACE::2025-06-25.15:47:03::SCWBDomain::make[2]: Leaving directory 'D:/proyectosep2/IEE2463-SEP-Proyecto-2-Z8/1_core/vitis/1_core_plt/zynq_fsbl/zynq_fsbl_bsp/ps7_corte
TRACE::2025-06-25.15:47:03::SCWBDomain::xa9_0/libsrc/cpu_cortexa9_v2_9/src'

TRACE::2025-06-25.15:47:03::SCWBDomain::"Running Make libs in ps7_cortexa9_0/libsrc/ddrps_v1_1/src"

TRACE::2025-06-25.15:47:03::SCWBDomain::make -C ps7_cortexa9_0/libsrc/ddrps_v1_1/src -s libs  "SHELL=CMD" "COMPILER=arm-none-eabi-gcc" "ASSEMBLER=arm-none-eabi-as" "AR
TRACE::2025-06-25.15:47:03::SCWBDomain::CHIVER=arm-none-eabi-ar" "COMPILER_FLAGS=  -O2 -c" "EXTRA_COMPILER_FLAGS=-mcpu=cortex-a9 -mfpu=vfpv3 -mfloat-abi=hard -nostartf
TRACE::2025-06-25.15:47:03::SCWBDomain::iles -g -Wall -Wextra"

TRACE::2025-06-25.15:47:03::SCWBDomain::make[2]: Entering directory 'D:/proyectosep2/IEE2463-SEP-Proyecto-2-Z8/1_core/vitis/1_core_plt/zynq_fsbl/zynq_fsbl_bsp/ps7_cort
TRACE::2025-06-25.15:47:03::SCWBDomain::exa9_0/libsrc/ddrps_v1_1/src'

TRACE::2025-06-25.15:47:03::SCWBDomain::"Compiling ddrps"

TRACE::2025-06-25.15:47:03::SCWBDomain::make[2]: Leaving directory 'D:/proyectosep2/IEE2463-SEP-Proyecto-2-Z8/1_core/vitis/1_core_plt/zynq_fsbl/zynq_fsbl_bsp/ps7_corte
TRACE::2025-06-25.15:47:03::SCWBDomain::xa9_0/libsrc/ddrps_v1_1/src'

TRACE::2025-06-25.15:47:03::SCWBDomain::"Running Make libs in ps7_cortexa9_0/libsrc/devcfg_v3_6/src"

TRACE::2025-06-25.15:47:03::SCWBDomain::make -C ps7_cortexa9_0/libsrc/devcfg_v3_6/src -s libs  "SHELL=CMD" "COMPILER=arm-none-eabi-gcc" "ASSEMBLER=arm-none-eabi-as" "A
TRACE::2025-06-25.15:47:03::SCWBDomain::RCHIVER=arm-none-eabi-ar" "COMPILER_FLAGS=  -O2 -c" "EXTRA_COMPILER_FLAGS=-mcpu=cortex-a9 -mfpu=vfpv3 -mfloat-abi=hard -nostart
TRACE::2025-06-25.15:47:03::SCWBDomain::files -g -Wall -Wextra"

TRACE::2025-06-25.15:47:03::SCWBDomain::make[2]: Entering directory 'D:/proyectosep2/IEE2463-SEP-Proyecto-2-Z8/1_core/vitis/1_core_plt/zynq_fsbl/zynq_fsbl_bsp/ps7_cort
TRACE::2025-06-25.15:47:03::SCWBDomain::exa9_0/libsrc/devcfg_v3_6/src'

TRACE::2025-06-25.15:47:03::SCWBDomain::"Compiling devcfg"

TRACE::2025-06-25.15:47:04::SCWBDomain::make[2]: Leaving directory 'D:/proyectosep2/IEE2463-SEP-Proyecto-2-Z8/1_core/vitis/1_core_plt/zynq_fsbl/zynq_fsbl_bsp/ps7_corte
TRACE::2025-06-25.15:47:04::SCWBDomain::xa9_0/libsrc/devcfg_v3_6/src'

TRACE::2025-06-25.15:47:04::SCWBDomain::"Running Make libs in ps7_cortexa9_0/libsrc/dmaps_v2_6/src"

TRACE::2025-06-25.15:47:04::SCWBDomain::make -C ps7_cortexa9_0/libsrc/dmaps_v2_6/src -s libs  "SHELL=CMD" "COMPILER=arm-none-eabi-gcc" "ASSEMBLER=arm-none-eabi-as" "AR
TRACE::2025-06-25.15:47:04::SCWBDomain::CHIVER=arm-none-eabi-ar" "COMPILER_FLAGS=  -O2 -c" "EXTRA_COMPILER_FLAGS=-mcpu=cortex-a9 -mfpu=vfpv3 -mfloat-abi=hard -nostartf
TRACE::2025-06-25.15:47:04::SCWBDomain::iles -g -Wall -Wextra"

TRACE::2025-06-25.15:47:04::SCWBDomain::make[2]: Entering directory 'D:/proyectosep2/IEE2463-SEP-Proyecto-2-Z8/1_core/vitis/1_core_plt/zynq_fsbl/zynq_fsbl_bsp/ps7_cort
TRACE::2025-06-25.15:47:04::SCWBDomain::exa9_0/libsrc/dmaps_v2_6/src'

TRACE::2025-06-25.15:47:04::SCWBDomain::"Compiling dmaps"

TRACE::2025-06-25.15:47:05::SCWBDomain::make[2]: Leaving directory 'D:/proyectosep2/IEE2463-SEP-Proyecto-2-Z8/1_core/vitis/1_core_plt/zynq_fsbl/zynq_fsbl_bsp/ps7_corte
TRACE::2025-06-25.15:47:05::SCWBDomain::xa9_0/libsrc/dmaps_v2_6/src'

TRACE::2025-06-25.15:47:05::SCWBDomain::"Running Make libs in ps7_cortexa9_0/libsrc/emacps_v3_11/src"

TRACE::2025-06-25.15:47:05::SCWBDomain::make -C ps7_cortexa9_0/libsrc/emacps_v3_11/src -s libs  "SHELL=CMD" "COMPILER=arm-none-eabi-gcc" "ASSEMBLER=arm-none-eabi-as" "
TRACE::2025-06-25.15:47:05::SCWBDomain::ARCHIVER=arm-none-eabi-ar" "COMPILER_FLAGS=  -O2 -c" "EXTRA_COMPILER_FLAGS=-mcpu=cortex-a9 -mfpu=vfpv3 -mfloat-abi=hard -nostar
TRACE::2025-06-25.15:47:05::SCWBDomain::tfiles -g -Wall -Wextra"

TRACE::2025-06-25.15:47:05::SCWBDomain::make[2]: Entering directory 'D:/proyectosep2/IEE2463-SEP-Proyecto-2-Z8/1_core/vitis/1_core_plt/zynq_fsbl/zynq_fsbl_bsp/ps7_cort
TRACE::2025-06-25.15:47:05::SCWBDomain::exa9_0/libsrc/emacps_v3_11/src'

TRACE::2025-06-25.15:47:05::SCWBDomain::"Compiling emacps"

TRACE::2025-06-25.15:47:06::SCWBDomain::make[2]: Leaving directory 'D:/proyectosep2/IEE2463-SEP-Proyecto-2-Z8/1_core/vitis/1_core_plt/zynq_fsbl/zynq_fsbl_bsp/ps7_corte
TRACE::2025-06-25.15:47:06::SCWBDomain::xa9_0/libsrc/emacps_v3_11/src'

TRACE::2025-06-25.15:47:06::SCWBDomain::"Running Make libs in ps7_cortexa9_0/libsrc/gpiops_v3_7/src"

TRACE::2025-06-25.15:47:06::SCWBDomain::make -C ps7_cortexa9_0/libsrc/gpiops_v3_7/src -s libs  "SHELL=CMD" "COMPILER=arm-none-eabi-gcc" "ASSEMBLER=arm-none-eabi-as" "A
TRACE::2025-06-25.15:47:06::SCWBDomain::RCHIVER=arm-none-eabi-ar" "COMPILER_FLAGS=  -O2 -c" "EXTRA_COMPILER_FLAGS=-mcpu=cortex-a9 -mfpu=vfpv3 -mfloat-abi=hard -nostart
TRACE::2025-06-25.15:47:06::SCWBDomain::files -g -Wall -Wextra"

TRACE::2025-06-25.15:47:06::SCWBDomain::make[2]: Entering directory 'D:/proyectosep2/IEE2463-SEP-Proyecto-2-Z8/1_core/vitis/1_core_plt/zynq_fsbl/zynq_fsbl_bsp/ps7_cort
TRACE::2025-06-25.15:47:06::SCWBDomain::exa9_0/libsrc/gpiops_v3_7/src'

TRACE::2025-06-25.15:47:06::SCWBDomain::"Compiling gpiops"

TRACE::2025-06-25.15:47:07::SCWBDomain::make[2]: Leaving directory 'D:/proyectosep2/IEE2463-SEP-Proyecto-2-Z8/1_core/vitis/1_core_plt/zynq_fsbl/zynq_fsbl_bsp/ps7_corte
TRACE::2025-06-25.15:47:07::SCWBDomain::xa9_0/libsrc/gpiops_v3_7/src'

TRACE::2025-06-25.15:47:07::SCWBDomain::"Running Make libs in ps7_cortexa9_0/libsrc/gpio_v4_6/src"

TRACE::2025-06-25.15:47:07::SCWBDomain::make -C ps7_cortexa9_0/libsrc/gpio_v4_6/src -s libs  "SHELL=CMD" "COMPILER=arm-none-eabi-gcc" "ASSEMBLER=arm-none-eabi-as" "ARC
TRACE::2025-06-25.15:47:07::SCWBDomain::HIVER=arm-none-eabi-ar" "COMPILER_FLAGS=  -O2 -c" "EXTRA_COMPILER_FLAGS=-mcpu=cortex-a9 -mfpu=vfpv3 -mfloat-abi=hard -nostartfi
TRACE::2025-06-25.15:47:07::SCWBDomain::les -g -Wall -Wextra"

TRACE::2025-06-25.15:47:07::SCWBDomain::make[2]: Entering directory 'D:/proyectosep2/IEE2463-SEP-Proyecto-2-Z8/1_core/vitis/1_core_plt/zynq_fsbl/zynq_fsbl_bsp/ps7_cort
TRACE::2025-06-25.15:47:07::SCWBDomain::exa9_0/libsrc/gpio_v4_6/src'

TRACE::2025-06-25.15:47:07::SCWBDomain::"Compiling gpio"

TRACE::2025-06-25.15:47:07::SCWBDomain::make[2]: Leaving directory 'D:/proyectosep2/IEE2463-SEP-Proyecto-2-Z8/1_core/vitis/1_core_plt/zynq_fsbl/zynq_fsbl_bsp/ps7_corte
TRACE::2025-06-25.15:47:07::SCWBDomain::xa9_0/libsrc/gpio_v4_6/src'

TRACE::2025-06-25.15:47:07::SCWBDomain::"Running Make libs in ps7_cortexa9_0/libsrc/iic_v3_6/src"

TRACE::2025-06-25.15:47:07::SCWBDomain::make -C ps7_cortexa9_0/libsrc/iic_v3_6/src -s libs  "SHELL=CMD" "COMPILER=arm-none-eabi-gcc" "ASSEMBLER=arm-none-eabi-as" "ARCH
TRACE::2025-06-25.15:47:07::SCWBDomain::IVER=arm-none-eabi-ar" "COMPILER_FLAGS=  -O2 -c" "EXTRA_COMPILER_FLAGS=-mcpu=cortex-a9 -mfpu=vfpv3 -mfloat-abi=hard -nostartfil
TRACE::2025-06-25.15:47:07::SCWBDomain::es -g -Wall -Wextra"

TRACE::2025-06-25.15:47:07::SCWBDomain::make[2]: Entering directory 'D:/proyectosep2/IEE2463-SEP-Proyecto-2-Z8/1_core/vitis/1_core_plt/zynq_fsbl/zynq_fsbl_bsp/ps7_cort
TRACE::2025-06-25.15:47:07::SCWBDomain::exa9_0/libsrc/iic_v3_6/src'

TRACE::2025-06-25.15:47:07::SCWBDomain::"Compiling iic"

TRACE::2025-06-25.15:47:09::SCWBDomain::make[2]: Leaving directory 'D:/proyectosep2/IEE2463-SEP-Proyecto-2-Z8/1_core/vitis/1_core_plt/zynq_fsbl/zynq_fsbl_bsp/ps7_corte
TRACE::2025-06-25.15:47:09::SCWBDomain::xa9_0/libsrc/iic_v3_6/src'

TRACE::2025-06-25.15:47:09::SCWBDomain::"Running Make libs in ps7_cortexa9_0/libsrc/qspips_v3_7/src"

TRACE::2025-06-25.15:47:09::SCWBDomain::make -C ps7_cortexa9_0/libsrc/qspips_v3_7/src -s libs  "SHELL=CMD" "COMPILER=arm-none-eabi-gcc" "ASSEMBLER=arm-none-eabi-as" "A
TRACE::2025-06-25.15:47:09::SCWBDomain::RCHIVER=arm-none-eabi-ar" "COMPILER_FLAGS=  -O2 -c" "EXTRA_COMPILER_FLAGS=-mcpu=cortex-a9 -mfpu=vfpv3 -mfloat-abi=hard -nostart
TRACE::2025-06-25.15:47:09::SCWBDomain::files -g -Wall -Wextra"

TRACE::2025-06-25.15:47:09::SCWBDomain::make[2]: Entering directory 'D:/proyectosep2/IEE2463-SEP-Proyecto-2-Z8/1_core/vitis/1_core_plt/zynq_fsbl/zynq_fsbl_bsp/ps7_cort
TRACE::2025-06-25.15:47:09::SCWBDomain::exa9_0/libsrc/qspips_v3_7/src'

TRACE::2025-06-25.15:47:09::SCWBDomain::"Compiling qspips"

TRACE::2025-06-25.15:47:09::SCWBDomain::make[2]: Leaving directory 'D:/proyectosep2/IEE2463-SEP-Proyecto-2-Z8/1_core/vitis/1_core_plt/zynq_fsbl/zynq_fsbl_bsp/ps7_corte
TRACE::2025-06-25.15:47:09::SCWBDomain::xa9_0/libsrc/qspips_v3_7/src'

TRACE::2025-06-25.15:47:10::SCWBDomain::"Running Make libs in ps7_cortexa9_0/libsrc/scugic_v4_2/src"

TRACE::2025-06-25.15:47:10::SCWBDomain::make -C ps7_cortexa9_0/libsrc/scugic_v4_2/src -s libs  "SHELL=CMD" "COMPILER=arm-none-eabi-gcc" "ASSEMBLER=arm-none-eabi-as" "A
TRACE::2025-06-25.15:47:10::SCWBDomain::RCHIVER=arm-none-eabi-ar" "COMPILER_FLAGS=  -O2 -c" "EXTRA_COMPILER_FLAGS=-mcpu=cortex-a9 -mfpu=vfpv3 -mfloat-abi=hard -nostart
TRACE::2025-06-25.15:47:10::SCWBDomain::files -g -Wall -Wextra"

TRACE::2025-06-25.15:47:10::SCWBDomain::make[2]: Entering directory 'D:/proyectosep2/IEE2463-SEP-Proyecto-2-Z8/1_core/vitis/1_core_plt/zynq_fsbl/zynq_fsbl_bsp/ps7_cort
TRACE::2025-06-25.15:47:10::SCWBDomain::exa9_0/libsrc/scugic_v4_2/src'

TRACE::2025-06-25.15:47:10::SCWBDomain::"Compiling scugic"

TRACE::2025-06-25.15:47:10::SCWBDomain::make[2]: Leaving directory 'D:/proyectosep2/IEE2463-SEP-Proyecto-2-Z8/1_core/vitis/1_core_plt/zynq_fsbl/zynq_fsbl_bsp/ps7_corte
TRACE::2025-06-25.15:47:10::SCWBDomain::xa9_0/libsrc/scugic_v4_2/src'

TRACE::2025-06-25.15:47:10::SCWBDomain::"Running Make libs in ps7_cortexa9_0/libsrc/scutimer_v2_2/src"

TRACE::2025-06-25.15:47:10::SCWBDomain::make -C ps7_cortexa9_0/libsrc/scutimer_v2_2/src -s libs  "SHELL=CMD" "COMPILER=arm-none-eabi-gcc" "ASSEMBLER=arm-none-eabi-as" 
TRACE::2025-06-25.15:47:10::SCWBDomain::"ARCHIVER=arm-none-eabi-ar" "COMPILER_FLAGS=  -O2 -c" "EXTRA_COMPILER_FLAGS=-mcpu=cortex-a9 -mfpu=vfpv3 -mfloat-abi=hard -nosta
TRACE::2025-06-25.15:47:10::SCWBDomain::rtfiles -g -Wall -Wextra"

TRACE::2025-06-25.15:47:10::SCWBDomain::make[2]: Entering directory 'D:/proyectosep2/IEE2463-SEP-Proyecto-2-Z8/1_core/vitis/1_core_plt/zynq_fsbl/zynq_fsbl_bsp/ps7_cort
TRACE::2025-06-25.15:47:10::SCWBDomain::exa9_0/libsrc/scutimer_v2_2/src'

TRACE::2025-06-25.15:47:10::SCWBDomain::"Compiling scutimer"

TRACE::2025-06-25.15:47:11::SCWBDomain::make[2]: Leaving directory 'D:/proyectosep2/IEE2463-SEP-Proyecto-2-Z8/1_core/vitis/1_core_plt/zynq_fsbl/zynq_fsbl_bsp/ps7_corte
TRACE::2025-06-25.15:47:11::SCWBDomain::xa9_0/libsrc/scutimer_v2_2/src'

TRACE::2025-06-25.15:47:11::SCWBDomain::"Running Make libs in ps7_cortexa9_0/libsrc/scuwdt_v2_2/src"

TRACE::2025-06-25.15:47:11::SCWBDomain::make -C ps7_cortexa9_0/libsrc/scuwdt_v2_2/src -s libs  "SHELL=CMD" "COMPILER=arm-none-eabi-gcc" "ASSEMBLER=arm-none-eabi-as" "A
TRACE::2025-06-25.15:47:11::SCWBDomain::RCHIVER=arm-none-eabi-ar" "COMPILER_FLAGS=  -O2 -c" "EXTRA_COMPILER_FLAGS=-mcpu=cortex-a9 -mfpu=vfpv3 -mfloat-abi=hard -nostart
TRACE::2025-06-25.15:47:11::SCWBDomain::files -g -Wall -Wextra"

TRACE::2025-06-25.15:47:11::SCWBDomain::make[2]: Entering directory 'D:/proyectosep2/IEE2463-SEP-Proyecto-2-Z8/1_core/vitis/1_core_plt/zynq_fsbl/zynq_fsbl_bsp/ps7_cort
TRACE::2025-06-25.15:47:11::SCWBDomain::exa9_0/libsrc/scuwdt_v2_2/src'

TRACE::2025-06-25.15:47:11::SCWBDomain::"Compiling scuwdt"

TRACE::2025-06-25.15:47:11::SCWBDomain::make[2]: Leaving directory 'D:/proyectosep2/IEE2463-SEP-Proyecto-2-Z8/1_core/vitis/1_core_plt/zynq_fsbl/zynq_fsbl_bsp/ps7_corte
TRACE::2025-06-25.15:47:11::SCWBDomain::xa9_0/libsrc/scuwdt_v2_2/src'

TRACE::2025-06-25.15:47:11::SCWBDomain::"Running Make libs in ps7_cortexa9_0/libsrc/sdps_v3_9/src"

TRACE::2025-06-25.15:47:11::SCWBDomain::make -C ps7_cortexa9_0/libsrc/sdps_v3_9/src -s libs  "SHELL=CMD" "COMPILER=arm-none-eabi-gcc" "ASSEMBLER=arm-none-eabi-as" "ARC
TRACE::2025-06-25.15:47:11::SCWBDomain::HIVER=arm-none-eabi-ar" "COMPILER_FLAGS=  -O2 -c" "EXTRA_COMPILER_FLAGS=-mcpu=cortex-a9 -mfpu=vfpv3 -mfloat-abi=hard -nostartfi
TRACE::2025-06-25.15:47:11::SCWBDomain::les -g -Wall -Wextra"

TRACE::2025-06-25.15:47:11::SCWBDomain::make[2]: Entering directory 'D:/proyectosep2/IEE2463-SEP-Proyecto-2-Z8/1_core/vitis/1_core_plt/zynq_fsbl/zynq_fsbl_bsp/ps7_cort
TRACE::2025-06-25.15:47:11::SCWBDomain::exa9_0/libsrc/sdps_v3_9/src'

TRACE::2025-06-25.15:47:11::SCWBDomain::"Compiling sdps"

TRACE::2025-06-25.15:47:12::SCWBDomain::make[2]: Leaving directory 'D:/proyectosep2/IEE2463-SEP-Proyecto-2-Z8/1_core/vitis/1_core_plt/zynq_fsbl/zynq_fsbl_bsp/ps7_corte
TRACE::2025-06-25.15:47:12::SCWBDomain::xa9_0/libsrc/sdps_v3_9/src'

TRACE::2025-06-25.15:47:12::SCWBDomain::"Running Make libs in ps7_cortexa9_0/libsrc/spi_v4_6/src"

TRACE::2025-06-25.15:47:12::SCWBDomain::make -C ps7_cortexa9_0/libsrc/spi_v4_6/src -s libs  "SHELL=CMD" "COMPILER=arm-none-eabi-gcc" "ASSEMBLER=arm-none-eabi-as" "ARCH
TRACE::2025-06-25.15:47:12::SCWBDomain::IVER=arm-none-eabi-ar" "COMPILER_FLAGS=  -O2 -c" "EXTRA_COMPILER_FLAGS=-mcpu=cortex-a9 -mfpu=vfpv3 -mfloat-abi=hard -nostartfil
TRACE::2025-06-25.15:47:12::SCWBDomain::es -g -Wall -Wextra"

TRACE::2025-06-25.15:47:12::SCWBDomain::make[2]: Entering directory 'D:/proyectosep2/IEE2463-SEP-Proyecto-2-Z8/1_core/vitis/1_core_plt/zynq_fsbl/zynq_fsbl_bsp/ps7_cort
TRACE::2025-06-25.15:47:12::SCWBDomain::exa9_0/libsrc/spi_v4_6/src'

TRACE::2025-06-25.15:47:12::SCWBDomain::"Compiling spi"

TRACE::2025-06-25.15:47:13::SCWBDomain::make[2]: Leaving directory 'D:/proyectosep2/IEE2463-SEP-Proyecto-2-Z8/1_core/vitis/1_core_plt/zynq_fsbl/zynq_fsbl_bsp/ps7_corte
TRACE::2025-06-25.15:47:13::SCWBDomain::xa9_0/libsrc/spi_v4_6/src'

TRACE::2025-06-25.15:47:13::SCWBDomain::"Running Make libs in ps7_cortexa9_0/libsrc/standalone_v7_2/src"

TRACE::2025-06-25.15:47:13::SCWBDomain::make -C ps7_cortexa9_0/libsrc/standalone_v7_2/src -s libs  "SHELL=CMD" "COMPILER=arm-none-eabi-gcc" "ASSEMBLER=arm-none-eabi-as
TRACE::2025-06-25.15:47:13::SCWBDomain::" "ARCHIVER=arm-none-eabi-ar" "COMPILER_FLAGS=  -O2 -c" "EXTRA_COMPILER_FLAGS=-mcpu=cortex-a9 -mfpu=vfpv3 -mfloat-abi=hard -nos
TRACE::2025-06-25.15:47:13::SCWBDomain::tartfiles -g -Wall -Wextra"

TRACE::2025-06-25.15:47:13::SCWBDomain::make[2]: Entering directory 'D:/proyectosep2/IEE2463-SEP-Proyecto-2-Z8/1_core/vitis/1_core_plt/zynq_fsbl/zynq_fsbl_bsp/ps7_cort
TRACE::2025-06-25.15:47:13::SCWBDomain::exa9_0/libsrc/standalone_v7_2/src'

TRACE::2025-06-25.15:47:13::SCWBDomain::"Compiling standalone"

TRACE::2025-06-25.15:47:16::SCWBDomain::make[3]: Entering directory 'D:/proyectosep2/IEE2463-SEP-Proyecto-2-Z8/1_core/vitis/1_core_plt/zynq_fsbl/zynq_fsbl_bsp/ps7_cort
TRACE::2025-06-25.15:47:16::SCWBDomain::exa9_0/libsrc/standalone_v7_2/src/profile'

TRACE::2025-06-25.15:47:16::SCWBDomain::make[3]: Leaving directory 'D:/proyectosep2/IEE2463-SEP-Proyecto-2-Z8/1_core/vitis/1_core_plt/zynq_fsbl/zynq_fsbl_bsp/ps7_corte
TRACE::2025-06-25.15:47:16::SCWBDomain::xa9_0/libsrc/standalone_v7_2/src/profile'

TRACE::2025-06-25.15:47:16::SCWBDomain::make[2]: Leaving directory 'D:/proyectosep2/IEE2463-SEP-Proyecto-2-Z8/1_core/vitis/1_core_plt/zynq_fsbl/zynq_fsbl_bsp/ps7_corte
TRACE::2025-06-25.15:47:16::SCWBDomain::xa9_0/libsrc/standalone_v7_2/src'

TRACE::2025-06-25.15:47:16::SCWBDomain::"Running Make libs in ps7_cortexa9_0/libsrc/tmrctr_v4_6/src"

TRACE::2025-06-25.15:47:16::SCWBDomain::make -C ps7_cortexa9_0/libsrc/tmrctr_v4_6/src -s libs  "SHELL=CMD" "COMPILER=arm-none-eabi-gcc" "ASSEMBLER=arm-none-eabi-as" "A
TRACE::2025-06-25.15:47:16::SCWBDomain::RCHIVER=arm-none-eabi-ar" "COMPILER_FLAGS=  -O2 -c" "EXTRA_COMPILER_FLAGS=-mcpu=cortex-a9 -mfpu=vfpv3 -mfloat-abi=hard -nostart
TRACE::2025-06-25.15:47:16::SCWBDomain::files -g -Wall -Wextra"

TRACE::2025-06-25.15:47:16::SCWBDomain::make[2]: Entering directory 'D:/proyectosep2/IEE2463-SEP-Proyecto-2-Z8/1_core/vitis/1_core_plt/zynq_fsbl/zynq_fsbl_bsp/ps7_cort
TRACE::2025-06-25.15:47:16::SCWBDomain::exa9_0/libsrc/tmrctr_v4_6/src'

TRACE::2025-06-25.15:47:16::SCWBDomain::"Compiling tmrctr"

TRACE::2025-06-25.15:47:17::SCWBDomain::make[2]: Leaving directory 'D:/proyectosep2/IEE2463-SEP-Proyecto-2-Z8/1_core/vitis/1_core_plt/zynq_fsbl/zynq_fsbl_bsp/ps7_corte
TRACE::2025-06-25.15:47:17::SCWBDomain::xa9_0/libsrc/tmrctr_v4_6/src'

TRACE::2025-06-25.15:47:17::SCWBDomain::"Running Make libs in ps7_cortexa9_0/libsrc/uartps_v3_9/src"

TRACE::2025-06-25.15:47:17::SCWBDomain::make -C ps7_cortexa9_0/libsrc/uartps_v3_9/src -s libs  "SHELL=CMD" "COMPILER=arm-none-eabi-gcc" "ASSEMBLER=arm-none-eabi-as" "A
TRACE::2025-06-25.15:47:17::SCWBDomain::RCHIVER=arm-none-eabi-ar" "COMPILER_FLAGS=  -O2 -c" "EXTRA_COMPILER_FLAGS=-mcpu=cortex-a9 -mfpu=vfpv3 -mfloat-abi=hard -nostart
TRACE::2025-06-25.15:47:17::SCWBDomain::files -g -Wall -Wextra"

TRACE::2025-06-25.15:47:17::SCWBDomain::make[2]: Entering directory 'D:/proyectosep2/IEE2463-SEP-Proyecto-2-Z8/1_core/vitis/1_core_plt/zynq_fsbl/zynq_fsbl_bsp/ps7_cort
TRACE::2025-06-25.15:47:17::SCWBDomain::exa9_0/libsrc/uartps_v3_9/src'

TRACE::2025-06-25.15:47:17::SCWBDomain::"Compiling uartps"

TRACE::2025-06-25.15:47:18::SCWBDomain::make[2]: Leaving directory 'D:/proyectosep2/IEE2463-SEP-Proyecto-2-Z8/1_core/vitis/1_core_plt/zynq_fsbl/zynq_fsbl_bsp/ps7_corte
TRACE::2025-06-25.15:47:18::SCWBDomain::xa9_0/libsrc/uartps_v3_9/src'

TRACE::2025-06-25.15:47:18::SCWBDomain::"Running Make libs in ps7_cortexa9_0/libsrc/usbps_v2_5/src"

TRACE::2025-06-25.15:47:18::SCWBDomain::make -C ps7_cortexa9_0/libsrc/usbps_v2_5/src -s libs  "SHELL=CMD" "COMPILER=arm-none-eabi-gcc" "ASSEMBLER=arm-none-eabi-as" "AR
TRACE::2025-06-25.15:47:18::SCWBDomain::CHIVER=arm-none-eabi-ar" "COMPILER_FLAGS=  -O2 -c" "EXTRA_COMPILER_FLAGS=-mcpu=cortex-a9 -mfpu=vfpv3 -mfloat-abi=hard -nostartf
TRACE::2025-06-25.15:47:18::SCWBDomain::iles -g -Wall -Wextra"

TRACE::2025-06-25.15:47:18::SCWBDomain::make[2]: Entering directory 'D:/proyectosep2/IEE2463-SEP-Proyecto-2-Z8/1_core/vitis/1_core_plt/zynq_fsbl/zynq_fsbl_bsp/ps7_cort
TRACE::2025-06-25.15:47:18::SCWBDomain::exa9_0/libsrc/usbps_v2_5/src'

TRACE::2025-06-25.15:47:18::SCWBDomain::"Compiling usbps"

TRACE::2025-06-25.15:47:19::SCWBDomain::make[2]: Leaving directory 'D:/proyectosep2/IEE2463-SEP-Proyecto-2-Z8/1_core/vitis/1_core_plt/zynq_fsbl/zynq_fsbl_bsp/ps7_corte
TRACE::2025-06-25.15:47:19::SCWBDomain::xa9_0/libsrc/usbps_v2_5/src'

TRACE::2025-06-25.15:47:19::SCWBDomain::"Running Make libs in ps7_cortexa9_0/libsrc/xadcps_v2_4/src"

TRACE::2025-06-25.15:47:19::SCWBDomain::make -C ps7_cortexa9_0/libsrc/xadcps_v2_4/src -s libs  "SHELL=CMD" "COMPILER=arm-none-eabi-gcc" "ASSEMBLER=arm-none-eabi-as" "A
TRACE::2025-06-25.15:47:19::SCWBDomain::RCHIVER=arm-none-eabi-ar" "COMPILER_FLAGS=  -O2 -c" "EXTRA_COMPILER_FLAGS=-mcpu=cortex-a9 -mfpu=vfpv3 -mfloat-abi=hard -nostart
TRACE::2025-06-25.15:47:19::SCWBDomain::files -g -Wall -Wextra"

TRACE::2025-06-25.15:47:19::SCWBDomain::make[2]: Entering directory 'D:/proyectosep2/IEE2463-SEP-Proyecto-2-Z8/1_core/vitis/1_core_plt/zynq_fsbl/zynq_fsbl_bsp/ps7_cort
TRACE::2025-06-25.15:47:19::SCWBDomain::exa9_0/libsrc/xadcps_v2_4/src'

TRACE::2025-06-25.15:47:19::SCWBDomain::"Compiling xadcps"

TRACE::2025-06-25.15:47:20::SCWBDomain::make[2]: Leaving directory 'D:/proyectosep2/IEE2463-SEP-Proyecto-2-Z8/1_core/vitis/1_core_plt/zynq_fsbl/zynq_fsbl_bsp/ps7_corte
TRACE::2025-06-25.15:47:20::SCWBDomain::xa9_0/libsrc/xadcps_v2_4/src'

TRACE::2025-06-25.15:47:20::SCWBDomain::"Running Make libs in ps7_cortexa9_0/libsrc/xilffs_v4_3/src"

TRACE::2025-06-25.15:47:20::SCWBDomain::make -C ps7_cortexa9_0/libsrc/xilffs_v4_3/src -s libs  "SHELL=CMD" "COMPILER=arm-none-eabi-gcc" "ASSEMBLER=arm-none-eabi-as" "A
TRACE::2025-06-25.15:47:20::SCWBDomain::RCHIVER=arm-none-eabi-ar" "COMPILER_FLAGS=  -O2 -c" "EXTRA_COMPILER_FLAGS=-mcpu=cortex-a9 -mfpu=vfpv3 -mfloat-abi=hard -nostart
TRACE::2025-06-25.15:47:20::SCWBDomain::files -g -Wall -Wextra"

TRACE::2025-06-25.15:47:20::SCWBDomain::make[2]: Entering directory 'D:/proyectosep2/IEE2463-SEP-Proyecto-2-Z8/1_core/vitis/1_core_plt/zynq_fsbl/zynq_fsbl_bsp/ps7_cort
TRACE::2025-06-25.15:47:20::SCWBDomain::exa9_0/libsrc/xilffs_v4_3/src'

TRACE::2025-06-25.15:47:20::SCWBDomain::"Compiling XilFFs Library"

TRACE::2025-06-25.15:47:21::SCWBDomain::make[2]: Leaving directory 'D:/proyectosep2/IEE2463-SEP-Proyecto-2-Z8/1_core/vitis/1_core_plt/zynq_fsbl/zynq_fsbl_bsp/ps7_corte
TRACE::2025-06-25.15:47:21::SCWBDomain::xa9_0/libsrc/xilffs_v4_3/src'

TRACE::2025-06-25.15:47:21::SCWBDomain::"Running Make libs in ps7_cortexa9_0/libsrc/xilrsa_v1_6/src"

TRACE::2025-06-25.15:47:21::SCWBDomain::make -C ps7_cortexa9_0/libsrc/xilrsa_v1_6/src -s libs  "SHELL=CMD" "COMPILER=arm-none-eabi-gcc" "ASSEMBLER=arm-none-eabi-as" "A
TRACE::2025-06-25.15:47:21::SCWBDomain::RCHIVER=arm-none-eabi-ar" "COMPILER_FLAGS=  -O2 -c" "EXTRA_COMPILER_FLAGS=-mcpu=cortex-a9 -mfpu=vfpv3 -mfloat-abi=hard -nostart
TRACE::2025-06-25.15:47:21::SCWBDomain::files -g -Wall -Wextra"

TRACE::2025-06-25.15:47:21::SCWBDomain::make[2]: Entering directory 'D:/proyectosep2/IEE2463-SEP-Proyecto-2-Z8/1_core/vitis/1_core_plt/zynq_fsbl/zynq_fsbl_bsp/ps7_cort
TRACE::2025-06-25.15:47:21::SCWBDomain::exa9_0/libsrc/xilrsa_v1_6/src'

TRACE::2025-06-25.15:47:21::SCWBDomain::make[2]: Leaving directory 'D:/proyectosep2/IEE2463-SEP-Proyecto-2-Z8/1_core/vitis/1_core_plt/zynq_fsbl/zynq_fsbl_bsp/ps7_corte
TRACE::2025-06-25.15:47:21::SCWBDomain::xa9_0/libsrc/xilrsa_v1_6/src'

TRACE::2025-06-25.15:47:21::SCWBDomain::'Finished building libraries'

TRACE::2025-06-25.15:47:21::SCWBDomain::make[1]: Leaving directory 'D:/proyectosep2/IEE2463-SEP-Proyecto-2-Z8/1_core/vitis/1_core_plt/zynq_fsbl/zynq_fsbl_bsp'

TRACE::2025-06-25.15:47:21::SCWBDomain::arm-none-eabi-gcc -MMD -MP       -mcpu=cortex-a9 -mfpu=vfpv3 -mfloat-abi=hard   -O2 -c -c sd.c -o sd.o -Izynq_fsbl_bsp/ps7_cort
TRACE::2025-06-25.15:47:21::SCWBDomain::exa9_0/include -I.

TRACE::2025-06-25.15:47:21::SCWBDomain::arm-none-eabi-gcc -MMD -MP       -mcpu=cortex-a9 -mfpu=vfpv3 -mfloat-abi=hard   -O2 -c -c nand.c -o nand.o -Izynq_fsbl_bsp/ps7_
TRACE::2025-06-25.15:47:21::SCWBDomain::cortexa9_0/include -I.

TRACE::2025-06-25.15:47:21::SCWBDomain::arm-none-eabi-gcc -MMD -MP       -mcpu=cortex-a9 -mfpu=vfpv3 -mfloat-abi=hard   -O2 -c -c nor.c -o nor.o -Izynq_fsbl_bsp/ps7_co
TRACE::2025-06-25.15:47:21::SCWBDomain::rtexa9_0/include -I.

TRACE::2025-06-25.15:47:21::SCWBDomain::arm-none-eabi-gcc -MMD -MP       -mcpu=cortex-a9 -mfpu=vfpv3 -mfloat-abi=hard   -O2 -c -c image_mover.c -o image_mover.o -Izynq
TRACE::2025-06-25.15:47:21::SCWBDomain::_fsbl_bsp/ps7_cortexa9_0/include -I.

TRACE::2025-06-25.15:47:21::SCWBDomain::arm-none-eabi-gcc -MMD -MP       -mcpu=cortex-a9 -mfpu=vfpv3 -mfloat-abi=hard   -O2 -c -c md5.c -o md5.o -Izynq_fsbl_bsp/ps7_co
TRACE::2025-06-25.15:47:21::SCWBDomain::rtexa9_0/include -I.

TRACE::2025-06-25.15:47:21::SCWBDomain::arm-none-eabi-gcc -MMD -MP       -mcpu=cortex-a9 -mfpu=vfpv3 -mfloat-abi=hard   -O2 -c -c fsbl_hooks.c -o fsbl_hooks.o -Izynq_f
TRACE::2025-06-25.15:47:21::SCWBDomain::sbl_bsp/ps7_cortexa9_0/include -I.

TRACE::2025-06-25.15:47:22::SCWBDomain::arm-none-eabi-gcc -MMD -MP       -mcpu=cortex-a9 -mfpu=vfpv3 -mfloat-abi=hard   -O2 -c -c main.c -o main.o -Izynq_fsbl_bsp/ps7_
TRACE::2025-06-25.15:47:22::SCWBDomain::cortexa9_0/include -I.

TRACE::2025-06-25.15:47:22::SCWBDomain::arm-none-eabi-gcc -MMD -MP       -mcpu=cortex-a9 -mfpu=vfpv3 -mfloat-abi=hard   -O2 -c -c rsa.c -o rsa.o -Izynq_fsbl_bsp/ps7_co
TRACE::2025-06-25.15:47:22::SCWBDomain::rtexa9_0/include -I.

TRACE::2025-06-25.15:47:22::SCWBDomain::arm-none-eabi-gcc -MMD -MP       -mcpu=cortex-a9 -mfpu=vfpv3 -mfloat-abi=hard   -O2 -c -c qspi.c -o qspi.o -Izynq_fsbl_bsp/ps7_
TRACE::2025-06-25.15:47:22::SCWBDomain::cortexa9_0/include -I.

TRACE::2025-06-25.15:47:22::SCWBDomain::arm-none-eabi-gcc -MMD -MP       -mcpu=cortex-a9 -mfpu=vfpv3 -mfloat-abi=hard   -O2 -c -c ps7_init.c -o ps7_init.o -Izynq_fsbl_
TRACE::2025-06-25.15:47:22::SCWBDomain::bsp/ps7_cortexa9_0/include -I.

TRACE::2025-06-25.15:47:22::SCWBDomain::arm-none-eabi-gcc -MMD -MP       -mcpu=cortex-a9 -mfpu=vfpv3 -mfloat-abi=hard   -O2 -c -c pcap.c -o pcap.o -Izynq_fsbl_bsp/ps7_
TRACE::2025-06-25.15:47:22::SCWBDomain::cortexa9_0/include -I.

TRACE::2025-06-25.15:47:22::SCWBDomain::arm-none-eabi-gcc -MMD -MP       -mcpu=cortex-a9 -mfpu=vfpv3 -mfloat-abi=hard   -O2 -c -c fsbl_handoff.S -o fsbl_handoff.o -Izy
TRACE::2025-06-25.15:47:22::SCWBDomain::nq_fsbl_bsp/ps7_cortexa9_0/include -I.

TRACE::2025-06-25.15:47:22::SCWBDomain::arm-none-eabi-gcc -o executable.elf  sd.o  nand.o  nor.o  image_mover.o  md5.o  fsbl_hooks.o  main.o  rsa.o  qspi.o  ps7_init.o
TRACE::2025-06-25.15:47:22::SCWBDomain::  pcap.o  fsbl_handoff.o -MMD -MP       -mcpu=cortex-a9 -mfpu=vfpv3 -mfloat-abi=hard   -mcpu=cortex-a9 -mfpu=vfpv3 -mfloat-abi=
TRACE::2025-06-25.15:47:22::SCWBDomain::hard -Wl,-build-id=none -specs=Xilinx.spec  -lrsa -Wl,--start-group,-lxil,-lgcc,-lc,--end-group -Wl,--start-group,-lxilffs,-lxi
TRACE::2025-06-25.15:47:22::SCWBDomain::l,-lgcc,-lc,--end-group -Wl,--start-group,-lrsa,-lxil,-lgcc,-lc,--end-group                                            -Wl,--gc
TRACE::2025-06-25.15:47:22::SCWBDomain::-sections -Lzynq_fsbl_bsp/ps7_cortexa9_0/lib -L./ -Tlscript.ld

LOG::2025-06-25.15:47:23::SCWSystem::Checking the domain standalone_domain
LOG::2025-06-25.15:47:23::SCWSystem::Not a boot domain 
LOG::2025-06-25.15:47:23::SCWSystem::Started Processing the domain standalone_domain
TRACE::2025-06-25.15:47:23::SCWDomain::Generating domain artifcats
TRACE::2025-06-25.15:47:23::SCWMssOS::Generating standalone artifcats
TRACE::2025-06-25.15:47:23::SCWMssOS::Copying the qemu file from  D:/Xilinx/Vitis/2020.1/data/emulation/platforms/zynq/qemu/qemu_args.txt To D:/proyectosep2/IEE2463-SEP-Proyecto-2-Z8/1_core/vitis/1_core_plt/export/1_core_plt/sw/1_core_plt/qemu/
TRACE::2025-06-25.15:47:23::SCWMssOS::Copying the qemu file from  D:/Xilinx/Vitis/2020.1/data/emulation/platforms/zynq/qemu/qemu_args.txt To D:/proyectosep2/IEE2463-SEP-Proyecto-2-Z8/1_core/vitis/1_core_plt/export/1_core_plt/sw/1_core_plt/standalone_domain/qemu/
TRACE::2025-06-25.15:47:23::SCWMssOS:: Copying the user libraries. 
TRACE::2025-06-25.15:47:23::SCWPlatform::Trying to open the hw design at D:/proyectosep2/IEE2463-SEP-Proyecto-2-Z8/1_core/vitis/1_core_plt/hw/DEMO_wrapper.xsa
TRACE::2025-06-25.15:47:23::SCWPlatform::DSA given D:/proyectosep2/IEE2463-SEP-Proyecto-2-Z8/1_core/vitis/1_core_plt/hw/DEMO_wrapper.xsa
TRACE::2025-06-25.15:47:23::SCWPlatform::DSA absoulate path D:/proyectosep2/IEE2463-SEP-Proyecto-2-Z8/1_core/vitis/1_core_plt/hw/DEMO_wrapper.xsa
TRACE::2025-06-25.15:47:23::SCWPlatform::DSA directory D:/proyectosep2/IEE2463-SEP-Proyecto-2-Z8/1_core/vitis/1_core_plt/hw
TRACE::2025-06-25.15:47:23::SCWPlatform:: Platform Path D:/proyectosep2/IEE2463-SEP-Proyecto-2-Z8/1_core/vitis/1_core_plt/hw/DEMO_wrapper.xsa
TRACE::2025-06-25.15:47:23::SCWPlatform:: Unique name xilinx:zybo-z7-10::0.0
TRACE::2025-06-25.15:47:23::SCWPlatform::Trying to set the existing hwdb with name DEMO_wrapper_1
TRACE::2025-06-25.15:47:23::SCWPlatform::Opened existing hwdb DEMO_wrapper_1
TRACE::2025-06-25.15:47:23::SCWPlatform::Found the Hw Db part of the input DSA
TRACE::2025-06-25.15:47:23::SCWMssOS::Checking the sw design at  D:/proyectosep2/IEE2463-SEP-Proyecto-2-Z8/1_core/vitis/1_core_plt/ps7_cortexa9_0/standalone_domain/bsp/system.mss
TRACE::2025-06-25.15:47:23::SCWMssOS::DEBUG:  swdes dump  D:/proyectosep2/IEE2463-SEP-Proyecto-2-Z8/1_core/vitis/1_core_plt/ps7_cortexa9_0/standalone_domain/bsp/system.mss|system||
D:/proyectosep2/IEE2463-SEP-Proyecto-2-Z8/1_core/vitis/1_core_plt/zynq_fsbl/zynq_fsbl_bsp/system.mss|system_0||

KEYINFO::2025-06-25.15:47:23::SCWMssOS::Could not open the swdb for system
KEYINFO::2025-06-25.15:47:23::SCWMssOS::Could not open the sw design at  system
ERROR: [Hsi 55-1558] Software Design system is not found

TRACE::2025-06-25.15:47:23::SCWMssOS::Cleared the swdb table entry
TRACE::2025-06-25.15:47:23::SCWMssOS::No sw design opened at  D:/proyectosep2/IEE2463-SEP-Proyecto-2-Z8/1_core/vitis/1_core_plt/ps7_cortexa9_0/standalone_domain/bsp/system.mss
TRACE::2025-06-25.15:47:23::SCWMssOS::mss exists loading the mss file  D:/proyectosep2/IEE2463-SEP-Proyecto-2-Z8/1_core/vitis/1_core_plt/ps7_cortexa9_0/standalone_domain/bsp/system.mss
TRACE::2025-06-25.15:47:23::SCWMssOS::Opened the sw design from mss  D:/proyectosep2/IEE2463-SEP-Proyecto-2-Z8/1_core/vitis/1_core_plt/ps7_cortexa9_0/standalone_domain/bsp/system.mss
TRACE::2025-06-25.15:47:23::SCWMssOS::Adding the swdes entry D:/proyectosep2/IEE2463-SEP-Proyecto-2-Z8/1_core/vitis/1_core_plt/ps7_cortexa9_0/standalone_domain/bsp/system.mss with des name system
TRACE::2025-06-25.15:47:23::SCWMssOS::updating the scw layer about changes
TRACE::2025-06-25.15:47:23::SCWMssOS::Opened the sw design.  D:/proyectosep2/IEE2463-SEP-Proyecto-2-Z8/1_core/vitis/1_core_plt/ps7_cortexa9_0/standalone_domain/bsp/system.mss
TRACE::2025-06-25.15:47:23::SCWMssOS::Completed writing the mss file at D:/proyectosep2/IEE2463-SEP-Proyecto-2-Z8/1_core/vitis/1_core_plt/ps7_cortexa9_0/standalone_domain/bsp
TRACE::2025-06-25.15:47:23::SCWMssOS::Mss edits present, copying mssfile into export location D:/proyectosep2/IEE2463-SEP-Proyecto-2-Z8/1_core/vitis/1_core_plt/ps7_cortexa9_0/standalone_domain/bsp/system.mss
TRACE::2025-06-25.15:47:23::SCWMssOS::bsp generated is upto date with the mss file. Skipping bsp generation.
TRACE::2025-06-25.15:47:23::SCWMssOS::BSP is already built. skipping the bsp build ... 
TRACE::2025-06-25.15:47:23::SCWDomain::Building the domain as part of full build :  standalone_domain
TRACE::2025-06-25.15:47:23::SCWMssOS::doing bsp build ... 
TRACE::2025-06-25.15:47:23::SCWMssOS::System Command Ran  D: & cd  D:/proyectosep2/IEE2463-SEP-Proyecto-2-Z8/1_core/vitis/1_core_plt/ps7_cortexa9_0/standalone_domain/bsp & make 
TRACE::2025-06-25.15:47:23::SCWMssOS::"Running Make include in ps7_cortexa9_0/libsrc/coresightps_dcc_v1_7/src"

TRACE::2025-06-25.15:47:23::SCWMssOS::make -C ps7_cortexa9_0/libsrc/coresightps_dcc_v1_7/src -s include  "SHELL=CMD" "COMPILER=arm-none-eabi-gcc" "ASSEMBLER=arm-none
TRACE::2025-06-25.15:47:23::SCWMssOS::-eabi-as" "ARCHIVER=arm-none-eabi-ar" "COMPILER_FLAGS=  -O2 -c" "EXTRA_COMPILER_FLAGS=-mcpu=cortex-a9 -mfpu=vfpv3 -mfloat-abi=h
TRACE::2025-06-25.15:47:23::SCWMssOS::ard -nostartfiles -g -Wall -Wextra"

TRACE::2025-06-25.15:47:23::SCWMssOS::"Running Make include in ps7_cortexa9_0/libsrc/cpu_cortexa9_v2_9/src"

TRACE::2025-06-25.15:47:23::SCWMssOS::make -C ps7_cortexa9_0/libsrc/cpu_cortexa9_v2_9/src -s include  "SHELL=CMD" "COMPILER=arm-none-eabi-gcc" "ASSEMBLER=arm-none-ea
TRACE::2025-06-25.15:47:23::SCWMssOS::bi-as" "ARCHIVER=arm-none-eabi-ar" "COMPILER_FLAGS=  -O2 -c" "EXTRA_COMPILER_FLAGS=-mcpu=cortex-a9 -mfpu=vfpv3 -mfloat-abi=hard
TRACE::2025-06-25.15:47:23::SCWMssOS:: -nostartfiles -g -Wall -Wextra"

TRACE::2025-06-25.15:47:23::SCWMssOS::"Running Make include in ps7_cortexa9_0/libsrc/ddrps_v1_1/src"

TRACE::2025-06-25.15:47:23::SCWMssOS::make -C ps7_cortexa9_0/libsrc/ddrps_v1_1/src -s include  "SHELL=CMD" "COMPILER=arm-none-eabi-gcc" "ASSEMBLER=arm-none-eabi-as" 
TRACE::2025-06-25.15:47:23::SCWMssOS::"ARCHIVER=arm-none-eabi-ar" "COMPILER_FLAGS=  -O2 -c" "EXTRA_COMPILER_FLAGS=-mcpu=cortex-a9 -mfpu=vfpv3 -mfloat-abi=hard -nosta
TRACE::2025-06-25.15:47:23::SCWMssOS::rtfiles -g -Wall -Wextra"

TRACE::2025-06-25.15:47:23::SCWMssOS::"Running Make include in ps7_cortexa9_0/libsrc/devcfg_v3_6/src"

TRACE::2025-06-25.15:47:23::SCWMssOS::make -C ps7_cortexa9_0/libsrc/devcfg_v3_6/src -s include  "SHELL=CMD" "COMPILER=arm-none-eabi-gcc" "ASSEMBLER=arm-none-eabi-as"
TRACE::2025-06-25.15:47:23::SCWMssOS:: "ARCHIVER=arm-none-eabi-ar" "COMPILER_FLAGS=  -O2 -c" "EXTRA_COMPILER_FLAGS=-mcpu=cortex-a9 -mfpu=vfpv3 -mfloat-abi=hard -nost
TRACE::2025-06-25.15:47:23::SCWMssOS::artfiles -g -Wall -Wextra"

TRACE::2025-06-25.15:47:23::SCWMssOS::"Running Make include in ps7_cortexa9_0/libsrc/dmaps_v2_6/src"

TRACE::2025-06-25.15:47:23::SCWMssOS::make -C ps7_cortexa9_0/libsrc/dmaps_v2_6/src -s include  "SHELL=CMD" "COMPILER=arm-none-eabi-gcc" "ASSEMBLER=arm-none-eabi-as" 
TRACE::2025-06-25.15:47:23::SCWMssOS::"ARCHIVER=arm-none-eabi-ar" "COMPILER_FLAGS=  -O2 -c" "EXTRA_COMPILER_FLAGS=-mcpu=cortex-a9 -mfpu=vfpv3 -mfloat-abi=hard -nosta
TRACE::2025-06-25.15:47:23::SCWMssOS::rtfiles -g -Wall -Wextra"

TRACE::2025-06-25.15:47:24::SCWMssOS::"Running Make include in ps7_cortexa9_0/libsrc/emacps_v3_11/src"

TRACE::2025-06-25.15:47:24::SCWMssOS::make -C ps7_cortexa9_0/libsrc/emacps_v3_11/src -s include  "SHELL=CMD" "COMPILER=arm-none-eabi-gcc" "ASSEMBLER=arm-none-eabi-as
TRACE::2025-06-25.15:47:24::SCWMssOS::" "ARCHIVER=arm-none-eabi-ar" "COMPILER_FLAGS=  -O2 -c" "EXTRA_COMPILER_FLAGS=-mcpu=cortex-a9 -mfpu=vfpv3 -mfloat-abi=hard -nos
TRACE::2025-06-25.15:47:24::SCWMssOS::tartfiles -g -Wall -Wextra"

TRACE::2025-06-25.15:47:24::SCWMssOS::"Running Make include in ps7_cortexa9_0/libsrc/gpiops_v3_7/src"

TRACE::2025-06-25.15:47:24::SCWMssOS::make -C ps7_cortexa9_0/libsrc/gpiops_v3_7/src -s include  "SHELL=CMD" "COMPILER=arm-none-eabi-gcc" "ASSEMBLER=arm-none-eabi-as"
TRACE::2025-06-25.15:47:24::SCWMssOS:: "ARCHIVER=arm-none-eabi-ar" "COMPILER_FLAGS=  -O2 -c" "EXTRA_COMPILER_FLAGS=-mcpu=cortex-a9 -mfpu=vfpv3 -mfloat-abi=hard -nost
TRACE::2025-06-25.15:47:24::SCWMssOS::artfiles -g -Wall -Wextra"

TRACE::2025-06-25.15:47:24::SCWMssOS::"Running Make include in ps7_cortexa9_0/libsrc/gpio_v4_6/src"

TRACE::2025-06-25.15:47:24::SCWMssOS::make -C ps7_cortexa9_0/libsrc/gpio_v4_6/src -s include  "SHELL=CMD" "COMPILER=arm-none-eabi-gcc" "ASSEMBLER=arm-none-eabi-as" "
TRACE::2025-06-25.15:47:24::SCWMssOS::ARCHIVER=arm-none-eabi-ar" "COMPILER_FLAGS=  -O2 -c" "EXTRA_COMPILER_FLAGS=-mcpu=cortex-a9 -mfpu=vfpv3 -mfloat-abi=hard -nostar
TRACE::2025-06-25.15:47:24::SCWMssOS::tfiles -g -Wall -Wextra"

TRACE::2025-06-25.15:47:24::SCWMssOS::"Running Make include in ps7_cortexa9_0/libsrc/iic_v3_6/src"

TRACE::2025-06-25.15:47:24::SCWMssOS::make -C ps7_cortexa9_0/libsrc/iic_v3_6/src -s include  "SHELL=CMD" "COMPILER=arm-none-eabi-gcc" "ASSEMBLER=arm-none-eabi-as" "A
TRACE::2025-06-25.15:47:24::SCWMssOS::RCHIVER=arm-none-eabi-ar" "COMPILER_FLAGS=  -O2 -c" "EXTRA_COMPILER_FLAGS=-mcpu=cortex-a9 -mfpu=vfpv3 -mfloat-abi=hard -nostart
TRACE::2025-06-25.15:47:24::SCWMssOS::files -g -Wall -Wextra"

TRACE::2025-06-25.15:47:24::SCWMssOS::"Running Make include in ps7_cortexa9_0/libsrc/qspips_v3_7/src"

TRACE::2025-06-25.15:47:24::SCWMssOS::make -C ps7_cortexa9_0/libsrc/qspips_v3_7/src -s include  "SHELL=CMD" "COMPILER=arm-none-eabi-gcc" "ASSEMBLER=arm-none-eabi-as"
TRACE::2025-06-25.15:47:24::SCWMssOS:: "ARCHIVER=arm-none-eabi-ar" "COMPILER_FLAGS=  -O2 -c" "EXTRA_COMPILER_FLAGS=-mcpu=cortex-a9 -mfpu=vfpv3 -mfloat-abi=hard -nost
TRACE::2025-06-25.15:47:24::SCWMssOS::artfiles -g -Wall -Wextra"

TRACE::2025-06-25.15:47:24::SCWMssOS::"Running Make include in ps7_cortexa9_0/libsrc/scugic_v4_2/src"

TRACE::2025-06-25.15:47:24::SCWMssOS::make -C ps7_cortexa9_0/libsrc/scugic_v4_2/src -s include  "SHELL=CMD" "COMPILER=arm-none-eabi-gcc" "ASSEMBLER=arm-none-eabi-as"
TRACE::2025-06-25.15:47:24::SCWMssOS:: "ARCHIVER=arm-none-eabi-ar" "COMPILER_FLAGS=  -O2 -c" "EXTRA_COMPILER_FLAGS=-mcpu=cortex-a9 -mfpu=vfpv3 -mfloat-abi=hard -nost
TRACE::2025-06-25.15:47:24::SCWMssOS::artfiles -g -Wall -Wextra"

TRACE::2025-06-25.15:47:24::SCWMssOS::"Running Make include in ps7_cortexa9_0/libsrc/scutimer_v2_2/src"

TRACE::2025-06-25.15:47:24::SCWMssOS::make -C ps7_cortexa9_0/libsrc/scutimer_v2_2/src -s include  "SHELL=CMD" "COMPILER=arm-none-eabi-gcc" "ASSEMBLER=arm-none-eabi-a
TRACE::2025-06-25.15:47:24::SCWMssOS::s" "ARCHIVER=arm-none-eabi-ar" "COMPILER_FLAGS=  -O2 -c" "EXTRA_COMPILER_FLAGS=-mcpu=cortex-a9 -mfpu=vfpv3 -mfloat-abi=hard -no
TRACE::2025-06-25.15:47:24::SCWMssOS::startfiles -g -Wall -Wextra"

TRACE::2025-06-25.15:47:25::SCWMssOS::"Running Make include in ps7_cortexa9_0/libsrc/scuwdt_v2_2/src"

TRACE::2025-06-25.15:47:25::SCWMssOS::make -C ps7_cortexa9_0/libsrc/scuwdt_v2_2/src -s include  "SHELL=CMD" "COMPILER=arm-none-eabi-gcc" "ASSEMBLER=arm-none-eabi-as"
TRACE::2025-06-25.15:47:25::SCWMssOS:: "ARCHIVER=arm-none-eabi-ar" "COMPILER_FLAGS=  -O2 -c" "EXTRA_COMPILER_FLAGS=-mcpu=cortex-a9 -mfpu=vfpv3 -mfloat-abi=hard -nost
TRACE::2025-06-25.15:47:25::SCWMssOS::artfiles -g -Wall -Wextra"

TRACE::2025-06-25.15:47:25::SCWMssOS::"Running Make include in ps7_cortexa9_0/libsrc/sdps_v3_9/src"

TRACE::2025-06-25.15:47:25::SCWMssOS::make -C ps7_cortexa9_0/libsrc/sdps_v3_9/src -s include  "SHELL=CMD" "COMPILER=arm-none-eabi-gcc" "ASSEMBLER=arm-none-eabi-as" "
TRACE::2025-06-25.15:47:25::SCWMssOS::ARCHIVER=arm-none-eabi-ar" "COMPILER_FLAGS=  -O2 -c" "EXTRA_COMPILER_FLAGS=-mcpu=cortex-a9 -mfpu=vfpv3 -mfloat-abi=hard -nostar
TRACE::2025-06-25.15:47:25::SCWMssOS::tfiles -g -Wall -Wextra"

TRACE::2025-06-25.15:47:25::SCWMssOS::"Running Make include in ps7_cortexa9_0/libsrc/spi_v4_6/src"

TRACE::2025-06-25.15:47:25::SCWMssOS::make -C ps7_cortexa9_0/libsrc/spi_v4_6/src -s include  "SHELL=CMD" "COMPILER=arm-none-eabi-gcc" "ASSEMBLER=arm-none-eabi-as" "A
TRACE::2025-06-25.15:47:25::SCWMssOS::RCHIVER=arm-none-eabi-ar" "COMPILER_FLAGS=  -O2 -c" "EXTRA_COMPILER_FLAGS=-mcpu=cortex-a9 -mfpu=vfpv3 -mfloat-abi=hard -nostart
TRACE::2025-06-25.15:47:25::SCWMssOS::files -g -Wall -Wextra"

TRACE::2025-06-25.15:47:25::SCWMssOS::"Running Make include in ps7_cortexa9_0/libsrc/standalone_v7_2/src"

TRACE::2025-06-25.15:47:25::SCWMssOS::make -C ps7_cortexa9_0/libsrc/standalone_v7_2/src -s include  "SHELL=CMD" "COMPILER=arm-none-eabi-gcc" "ASSEMBLER=arm-none-eabi
TRACE::2025-06-25.15:47:25::SCWMssOS::-as" "ARCHIVER=arm-none-eabi-ar" "COMPILER_FLAGS=  -O2 -c" "EXTRA_COMPILER_FLAGS=-mcpu=cortex-a9 -mfpu=vfpv3 -mfloat-abi=hard -
TRACE::2025-06-25.15:47:25::SCWMssOS::nostartfiles -g -Wall -Wextra"

TRACE::2025-06-25.15:47:26::SCWMssOS::"Running Make include in ps7_cortexa9_0/libsrc/tmrctr_v4_6/src"

TRACE::2025-06-25.15:47:26::SCWMssOS::make -C ps7_cortexa9_0/libsrc/tmrctr_v4_6/src -s include  "SHELL=CMD" "COMPILER=arm-none-eabi-gcc" "ASSEMBLER=arm-none-eabi-as"
TRACE::2025-06-25.15:47:26::SCWMssOS:: "ARCHIVER=arm-none-eabi-ar" "COMPILER_FLAGS=  -O2 -c" "EXTRA_COMPILER_FLAGS=-mcpu=cortex-a9 -mfpu=vfpv3 -mfloat-abi=hard -nost
TRACE::2025-06-25.15:47:26::SCWMssOS::artfiles -g -Wall -Wextra"

TRACE::2025-06-25.15:47:26::SCWMssOS::"Running Make include in ps7_cortexa9_0/libsrc/uartps_v3_9/src"

TRACE::2025-06-25.15:47:26::SCWMssOS::make -C ps7_cortexa9_0/libsrc/uartps_v3_9/src -s include  "SHELL=CMD" "COMPILER=arm-none-eabi-gcc" "ASSEMBLER=arm-none-eabi-as"
TRACE::2025-06-25.15:47:26::SCWMssOS:: "ARCHIVER=arm-none-eabi-ar" "COMPILER_FLAGS=  -O2 -c" "EXTRA_COMPILER_FLAGS=-mcpu=cortex-a9 -mfpu=vfpv3 -mfloat-abi=hard -nost
TRACE::2025-06-25.15:47:26::SCWMssOS::artfiles -g -Wall -Wextra"

TRACE::2025-06-25.15:47:26::SCWMssOS::"Running Make include in ps7_cortexa9_0/libsrc/usbps_v2_5/src"

TRACE::2025-06-25.15:47:26::SCWMssOS::make -C ps7_cortexa9_0/libsrc/usbps_v2_5/src -s include  "SHELL=CMD" "COMPILER=arm-none-eabi-gcc" "ASSEMBLER=arm-none-eabi-as" 
TRACE::2025-06-25.15:47:26::SCWMssOS::"ARCHIVER=arm-none-eabi-ar" "COMPILER_FLAGS=  -O2 -c" "EXTRA_COMPILER_FLAGS=-mcpu=cortex-a9 -mfpu=vfpv3 -mfloat-abi=hard -nosta
TRACE::2025-06-25.15:47:26::SCWMssOS::rtfiles -g -Wall -Wextra"

TRACE::2025-06-25.15:47:26::SCWMssOS::"Running Make include in ps7_cortexa9_0/libsrc/xadcps_v2_4/src"

TRACE::2025-06-25.15:47:26::SCWMssOS::make -C ps7_cortexa9_0/libsrc/xadcps_v2_4/src -s include  "SHELL=CMD" "COMPILER=arm-none-eabi-gcc" "ASSEMBLER=arm-none-eabi-as"
TRACE::2025-06-25.15:47:26::SCWMssOS:: "ARCHIVER=arm-none-eabi-ar" "COMPILER_FLAGS=  -O2 -c" "EXTRA_COMPILER_FLAGS=-mcpu=cortex-a9 -mfpu=vfpv3 -mfloat-abi=hard -nost
TRACE::2025-06-25.15:47:26::SCWMssOS::artfiles -g -Wall -Wextra"

TRACE::2025-06-25.15:47:26::SCWMssOS::"Running Make include in ps7_cortexa9_0/libsrc/xilffs_v4_3/src"

TRACE::2025-06-25.15:47:26::SCWMssOS::make -C ps7_cortexa9_0/libsrc/xilffs_v4_3/src -s include  "SHELL=CMD" "COMPILER=arm-none-eabi-gcc" "ASSEMBLER=arm-none-eabi-as"
TRACE::2025-06-25.15:47:26::SCWMssOS:: "ARCHIVER=arm-none-eabi-ar" "COMPILER_FLAGS=  -O2 -c" "EXTRA_COMPILER_FLAGS=-mcpu=cortex-a9 -mfpu=vfpv3 -mfloat-abi=hard -nost
TRACE::2025-06-25.15:47:26::SCWMssOS::artfiles -g -Wall -Wextra"

TRACE::2025-06-25.15:47:26::SCWMssOS::"Running Make libs in ps7_cortexa9_0/libsrc/coresightps_dcc_v1_7/src"

TRACE::2025-06-25.15:47:26::SCWMssOS::make -C ps7_cortexa9_0/libsrc/coresightps_dcc_v1_7/src -s libs  "SHELL=CMD" "COMPILER=arm-none-eabi-gcc" "ASSEMBLER=arm-none-ea
TRACE::2025-06-25.15:47:26::SCWMssOS::bi-as" "ARCHIVER=arm-none-eabi-ar" "COMPILER_FLAGS=  -O2 -c" "EXTRA_COMPILER_FLAGS=-mcpu=cortex-a9 -mfpu=vfpv3 -mfloat-abi=hard
TRACE::2025-06-25.15:47:26::SCWMssOS:: -nostartfiles -g -Wall -Wextra"

TRACE::2025-06-25.15:47:26::SCWMssOS::"Compiling coresightps_dcc"

TRACE::2025-06-25.15:47:26::SCWMssOS::"Running Make libs in ps7_cortexa9_0/libsrc/cpu_cortexa9_v2_9/src"

TRACE::2025-06-25.15:47:26::SCWMssOS::make -C ps7_cortexa9_0/libsrc/cpu_cortexa9_v2_9/src -s libs  "SHELL=CMD" "COMPILER=arm-none-eabi-gcc" "ASSEMBLER=arm-none-eabi-
TRACE::2025-06-25.15:47:26::SCWMssOS::as" "ARCHIVER=arm-none-eabi-ar" "COMPILER_FLAGS=  -O2 -c" "EXTRA_COMPILER_FLAGS=-mcpu=cortex-a9 -mfpu=vfpv3 -mfloat-abi=hard -n
TRACE::2025-06-25.15:47:26::SCWMssOS::ostartfiles -g -Wall -Wextra"

TRACE::2025-06-25.15:47:26::SCWMssOS::"Compiling cpu_cortexa9"

TRACE::2025-06-25.15:47:26::SCWMssOS::"Running Make libs in ps7_cortexa9_0/libsrc/ddrps_v1_1/src"

TRACE::2025-06-25.15:47:26::SCWMssOS::make -C ps7_cortexa9_0/libsrc/ddrps_v1_1/src -s libs  "SHELL=CMD" "COMPILER=arm-none-eabi-gcc" "ASSEMBLER=arm-none-eabi-as" "AR
TRACE::2025-06-25.15:47:26::SCWMssOS::CHIVER=arm-none-eabi-ar" "COMPILER_FLAGS=  -O2 -c" "EXTRA_COMPILER_FLAGS=-mcpu=cortex-a9 -mfpu=vfpv3 -mfloat-abi=hard -nostartf
TRACE::2025-06-25.15:47:26::SCWMssOS::iles -g -Wall -Wextra"

TRACE::2025-06-25.15:47:27::SCWMssOS::"Compiling ddrps"

TRACE::2025-06-25.15:47:27::SCWMssOS::"Running Make libs in ps7_cortexa9_0/libsrc/devcfg_v3_6/src"

TRACE::2025-06-25.15:47:27::SCWMssOS::make -C ps7_cortexa9_0/libsrc/devcfg_v3_6/src -s libs  "SHELL=CMD" "COMPILER=arm-none-eabi-gcc" "ASSEMBLER=arm-none-eabi-as" "A
TRACE::2025-06-25.15:47:27::SCWMssOS::RCHIVER=arm-none-eabi-ar" "COMPILER_FLAGS=  -O2 -c" "EXTRA_COMPILER_FLAGS=-mcpu=cortex-a9 -mfpu=vfpv3 -mfloat-abi=hard -nostart
TRACE::2025-06-25.15:47:27::SCWMssOS::files -g -Wall -Wextra"

TRACE::2025-06-25.15:47:27::SCWMssOS::"Compiling devcfg"

TRACE::2025-06-25.15:47:27::SCWMssOS::"Running Make libs in ps7_cortexa9_0/libsrc/dmaps_v2_6/src"

TRACE::2025-06-25.15:47:27::SCWMssOS::make -C ps7_cortexa9_0/libsrc/dmaps_v2_6/src -s libs  "SHELL=CMD" "COMPILER=arm-none-eabi-gcc" "ASSEMBLER=arm-none-eabi-as" "AR
TRACE::2025-06-25.15:47:27::SCWMssOS::CHIVER=arm-none-eabi-ar" "COMPILER_FLAGS=  -O2 -c" "EXTRA_COMPILER_FLAGS=-mcpu=cortex-a9 -mfpu=vfpv3 -mfloat-abi=hard -nostartf
TRACE::2025-06-25.15:47:27::SCWMssOS::iles -g -Wall -Wextra"

TRACE::2025-06-25.15:47:27::SCWMssOS::"Compiling dmaps"

TRACE::2025-06-25.15:47:28::SCWMssOS::"Running Make libs in ps7_cortexa9_0/libsrc/emacps_v3_11/src"

TRACE::2025-06-25.15:47:28::SCWMssOS::make -C ps7_cortexa9_0/libsrc/emacps_v3_11/src -s libs  "SHELL=CMD" "COMPILER=arm-none-eabi-gcc" "ASSEMBLER=arm-none-eabi-as" "
TRACE::2025-06-25.15:47:28::SCWMssOS::ARCHIVER=arm-none-eabi-ar" "COMPILER_FLAGS=  -O2 -c" "EXTRA_COMPILER_FLAGS=-mcpu=cortex-a9 -mfpu=vfpv3 -mfloat-abi=hard -nostar
TRACE::2025-06-25.15:47:28::SCWMssOS::tfiles -g -Wall -Wextra"

TRACE::2025-06-25.15:47:28::SCWMssOS::"Compiling emacps"

TRACE::2025-06-25.15:47:29::SCWMssOS::"Running Make libs in ps7_cortexa9_0/libsrc/gpiops_v3_7/src"

TRACE::2025-06-25.15:47:29::SCWMssOS::make -C ps7_cortexa9_0/libsrc/gpiops_v3_7/src -s libs  "SHELL=CMD" "COMPILER=arm-none-eabi-gcc" "ASSEMBLER=arm-none-eabi-as" "A
TRACE::2025-06-25.15:47:29::SCWMssOS::RCHIVER=arm-none-eabi-ar" "COMPILER_FLAGS=  -O2 -c" "EXTRA_COMPILER_FLAGS=-mcpu=cortex-a9 -mfpu=vfpv3 -mfloat-abi=hard -nostart
TRACE::2025-06-25.15:47:29::SCWMssOS::files -g -Wall -Wextra"

TRACE::2025-06-25.15:47:29::SCWMssOS::"Compiling gpiops"

TRACE::2025-06-25.15:47:30::SCWMssOS::"Running Make libs in ps7_cortexa9_0/libsrc/gpio_v4_6/src"

TRACE::2025-06-25.15:47:30::SCWMssOS::make -C ps7_cortexa9_0/libsrc/gpio_v4_6/src -s libs  "SHELL=CMD" "COMPILER=arm-none-eabi-gcc" "ASSEMBLER=arm-none-eabi-as" "ARC
TRACE::2025-06-25.15:47:30::SCWMssOS::HIVER=arm-none-eabi-ar" "COMPILER_FLAGS=  -O2 -c" "EXTRA_COMPILER_FLAGS=-mcpu=cortex-a9 -mfpu=vfpv3 -mfloat-abi=hard -nostartfi
TRACE::2025-06-25.15:47:30::SCWMssOS::les -g -Wall -Wextra"

TRACE::2025-06-25.15:47:30::SCWMssOS::"Compiling gpio"

TRACE::2025-06-25.15:47:31::SCWMssOS::"Running Make libs in ps7_cortexa9_0/libsrc/iic_v3_6/src"

TRACE::2025-06-25.15:47:31::SCWMssOS::make -C ps7_cortexa9_0/libsrc/iic_v3_6/src -s libs  "SHELL=CMD" "COMPILER=arm-none-eabi-gcc" "ASSEMBLER=arm-none-eabi-as" "ARCH
TRACE::2025-06-25.15:47:31::SCWMssOS::IVER=arm-none-eabi-ar" "COMPILER_FLAGS=  -O2 -c" "EXTRA_COMPILER_FLAGS=-mcpu=cortex-a9 -mfpu=vfpv3 -mfloat-abi=hard -nostartfil
TRACE::2025-06-25.15:47:31::SCWMssOS::es -g -Wall -Wextra"

TRACE::2025-06-25.15:47:31::SCWMssOS::"Compiling iic"

TRACE::2025-06-25.15:47:32::SCWMssOS::"Running Make libs in ps7_cortexa9_0/libsrc/qspips_v3_7/src"

TRACE::2025-06-25.15:47:32::SCWMssOS::make -C ps7_cortexa9_0/libsrc/qspips_v3_7/src -s libs  "SHELL=CMD" "COMPILER=arm-none-eabi-gcc" "ASSEMBLER=arm-none-eabi-as" "A
TRACE::2025-06-25.15:47:32::SCWMssOS::RCHIVER=arm-none-eabi-ar" "COMPILER_FLAGS=  -O2 -c" "EXTRA_COMPILER_FLAGS=-mcpu=cortex-a9 -mfpu=vfpv3 -mfloat-abi=hard -nostart
TRACE::2025-06-25.15:47:32::SCWMssOS::files -g -Wall -Wextra"

TRACE::2025-06-25.15:47:32::SCWMssOS::"Compiling qspips"

TRACE::2025-06-25.15:47:33::SCWMssOS::"Running Make libs in ps7_cortexa9_0/libsrc/scugic_v4_2/src"

TRACE::2025-06-25.15:47:33::SCWMssOS::make -C ps7_cortexa9_0/libsrc/scugic_v4_2/src -s libs  "SHELL=CMD" "COMPILER=arm-none-eabi-gcc" "ASSEMBLER=arm-none-eabi-as" "A
TRACE::2025-06-25.15:47:33::SCWMssOS::RCHIVER=arm-none-eabi-ar" "COMPILER_FLAGS=  -O2 -c" "EXTRA_COMPILER_FLAGS=-mcpu=cortex-a9 -mfpu=vfpv3 -mfloat-abi=hard -nostart
TRACE::2025-06-25.15:47:33::SCWMssOS::files -g -Wall -Wextra"

TRACE::2025-06-25.15:47:33::SCWMssOS::"Compiling scugic"

TRACE::2025-06-25.15:47:34::SCWMssOS::"Running Make libs in ps7_cortexa9_0/libsrc/scutimer_v2_2/src"

TRACE::2025-06-25.15:47:34::SCWMssOS::make -C ps7_cortexa9_0/libsrc/scutimer_v2_2/src -s libs  "SHELL=CMD" "COMPILER=arm-none-eabi-gcc" "ASSEMBLER=arm-none-eabi-as" 
TRACE::2025-06-25.15:47:34::SCWMssOS::"ARCHIVER=arm-none-eabi-ar" "COMPILER_FLAGS=  -O2 -c" "EXTRA_COMPILER_FLAGS=-mcpu=cortex-a9 -mfpu=vfpv3 -mfloat-abi=hard -nosta
TRACE::2025-06-25.15:47:34::SCWMssOS::rtfiles -g -Wall -Wextra"

TRACE::2025-06-25.15:47:34::SCWMssOS::"Compiling scutimer"

TRACE::2025-06-25.15:47:34::SCWMssOS::"Running Make libs in ps7_cortexa9_0/libsrc/scuwdt_v2_2/src"

TRACE::2025-06-25.15:47:34::SCWMssOS::make -C ps7_cortexa9_0/libsrc/scuwdt_v2_2/src -s libs  "SHELL=CMD" "COMPILER=arm-none-eabi-gcc" "ASSEMBLER=arm-none-eabi-as" "A
TRACE::2025-06-25.15:47:34::SCWMssOS::RCHIVER=arm-none-eabi-ar" "COMPILER_FLAGS=  -O2 -c" "EXTRA_COMPILER_FLAGS=-mcpu=cortex-a9 -mfpu=vfpv3 -mfloat-abi=hard -nostart
TRACE::2025-06-25.15:47:34::SCWMssOS::files -g -Wall -Wextra"

TRACE::2025-06-25.15:47:34::SCWMssOS::"Compiling scuwdt"

TRACE::2025-06-25.15:47:35::SCWMssOS::"Running Make libs in ps7_cortexa9_0/libsrc/sdps_v3_9/src"

TRACE::2025-06-25.15:47:35::SCWMssOS::make -C ps7_cortexa9_0/libsrc/sdps_v3_9/src -s libs  "SHELL=CMD" "COMPILER=arm-none-eabi-gcc" "ASSEMBLER=arm-none-eabi-as" "ARC
TRACE::2025-06-25.15:47:35::SCWMssOS::HIVER=arm-none-eabi-ar" "COMPILER_FLAGS=  -O2 -c" "EXTRA_COMPILER_FLAGS=-mcpu=cortex-a9 -mfpu=vfpv3 -mfloat-abi=hard -nostartfi
TRACE::2025-06-25.15:47:35::SCWMssOS::les -g -Wall -Wextra"

TRACE::2025-06-25.15:47:35::SCWMssOS::"Compiling sdps"

TRACE::2025-06-25.15:47:36::SCWMssOS::"Running Make libs in ps7_cortexa9_0/libsrc/spi_v4_6/src"

TRACE::2025-06-25.15:47:36::SCWMssOS::make -C ps7_cortexa9_0/libsrc/spi_v4_6/src -s libs  "SHELL=CMD" "COMPILER=arm-none-eabi-gcc" "ASSEMBLER=arm-none-eabi-as" "ARCH
TRACE::2025-06-25.15:47:36::SCWMssOS::IVER=arm-none-eabi-ar" "COMPILER_FLAGS=  -O2 -c" "EXTRA_COMPILER_FLAGS=-mcpu=cortex-a9 -mfpu=vfpv3 -mfloat-abi=hard -nostartfil
TRACE::2025-06-25.15:47:36::SCWMssOS::es -g -Wall -Wextra"

TRACE::2025-06-25.15:47:36::SCWMssOS::"Compiling spi"

TRACE::2025-06-25.15:47:36::SCWMssOS::"Running Make libs in ps7_cortexa9_0/libsrc/standalone_v7_2/src"

TRACE::2025-06-25.15:47:36::SCWMssOS::make -C ps7_cortexa9_0/libsrc/standalone_v7_2/src -s libs  "SHELL=CMD" "COMPILER=arm-none-eabi-gcc" "ASSEMBLER=arm-none-eabi-as
TRACE::2025-06-25.15:47:36::SCWMssOS::" "ARCHIVER=arm-none-eabi-ar" "COMPILER_FLAGS=  -O2 -c" "EXTRA_COMPILER_FLAGS=-mcpu=cortex-a9 -mfpu=vfpv3 -mfloat-abi=hard -nos
TRACE::2025-06-25.15:47:36::SCWMssOS::tartfiles -g -Wall -Wextra"

TRACE::2025-06-25.15:47:37::SCWMssOS::"Compiling standalone"

TRACE::2025-06-25.15:47:39::SCWMssOS::"Running Make libs in ps7_cortexa9_0/libsrc/tmrctr_v4_6/src"

TRACE::2025-06-25.15:47:39::SCWMssOS::make -C ps7_cortexa9_0/libsrc/tmrctr_v4_6/src -s libs  "SHELL=CMD" "COMPILER=arm-none-eabi-gcc" "ASSEMBLER=arm-none-eabi-as" "A
TRACE::2025-06-25.15:47:39::SCWMssOS::RCHIVER=arm-none-eabi-ar" "COMPILER_FLAGS=  -O2 -c" "EXTRA_COMPILER_FLAGS=-mcpu=cortex-a9 -mfpu=vfpv3 -mfloat-abi=hard -nostart
TRACE::2025-06-25.15:47:39::SCWMssOS::files -g -Wall -Wextra"

TRACE::2025-06-25.15:47:39::SCWMssOS::"Compiling tmrctr"

TRACE::2025-06-25.15:47:40::SCWMssOS::"Running Make libs in ps7_cortexa9_0/libsrc/uartps_v3_9/src"

TRACE::2025-06-25.15:47:40::SCWMssOS::make -C ps7_cortexa9_0/libsrc/uartps_v3_9/src -s libs  "SHELL=CMD" "COMPILER=arm-none-eabi-gcc" "ASSEMBLER=arm-none-eabi-as" "A
TRACE::2025-06-25.15:47:40::SCWMssOS::RCHIVER=arm-none-eabi-ar" "COMPILER_FLAGS=  -O2 -c" "EXTRA_COMPILER_FLAGS=-mcpu=cortex-a9 -mfpu=vfpv3 -mfloat-abi=hard -nostart
TRACE::2025-06-25.15:47:40::SCWMssOS::files -g -Wall -Wextra"

TRACE::2025-06-25.15:47:40::SCWMssOS::"Compiling uartps"

TRACE::2025-06-25.15:47:41::SCWMssOS::"Running Make libs in ps7_cortexa9_0/libsrc/usbps_v2_5/src"

TRACE::2025-06-25.15:47:41::SCWMssOS::make -C ps7_cortexa9_0/libsrc/usbps_v2_5/src -s libs  "SHELL=CMD" "COMPILER=arm-none-eabi-gcc" "ASSEMBLER=arm-none-eabi-as" "AR
TRACE::2025-06-25.15:47:41::SCWMssOS::CHIVER=arm-none-eabi-ar" "COMPILER_FLAGS=  -O2 -c" "EXTRA_COMPILER_FLAGS=-mcpu=cortex-a9 -mfpu=vfpv3 -mfloat-abi=hard -nostartf
TRACE::2025-06-25.15:47:41::SCWMssOS::iles -g -Wall -Wextra"

TRACE::2025-06-25.15:47:41::SCWMssOS::"Compiling usbps"

TRACE::2025-06-25.15:47:42::SCWMssOS::"Running Make libs in ps7_cortexa9_0/libsrc/xadcps_v2_4/src"

TRACE::2025-06-25.15:47:42::SCWMssOS::make -C ps7_cortexa9_0/libsrc/xadcps_v2_4/src -s libs  "SHELL=CMD" "COMPILER=arm-none-eabi-gcc" "ASSEMBLER=arm-none-eabi-as" "A
TRACE::2025-06-25.15:47:42::SCWMssOS::RCHIVER=arm-none-eabi-ar" "COMPILER_FLAGS=  -O2 -c" "EXTRA_COMPILER_FLAGS=-mcpu=cortex-a9 -mfpu=vfpv3 -mfloat-abi=hard -nostart
TRACE::2025-06-25.15:47:42::SCWMssOS::files -g -Wall -Wextra"

TRACE::2025-06-25.15:47:42::SCWMssOS::"Compiling xadcps"

TRACE::2025-06-25.15:47:43::SCWMssOS::"Running Make libs in ps7_cortexa9_0/libsrc/xilffs_v4_3/src"

TRACE::2025-06-25.15:47:43::SCWMssOS::make -C ps7_cortexa9_0/libsrc/xilffs_v4_3/src -s libs  "SHELL=CMD" "COMPILER=arm-none-eabi-gcc" "ASSEMBLER=arm-none-eabi-as" "A
TRACE::2025-06-25.15:47:43::SCWMssOS::RCHIVER=arm-none-eabi-ar" "COMPILER_FLAGS=  -O2 -c" "EXTRA_COMPILER_FLAGS=-mcpu=cortex-a9 -mfpu=vfpv3 -mfloat-abi=hard -nostart
TRACE::2025-06-25.15:47:43::SCWMssOS::files -g -Wall -Wextra"

TRACE::2025-06-25.15:47:43::SCWMssOS::"Compiling XilFFs Library"

TRACE::2025-06-25.15:47:44::SCWMssOS::'Finished building libraries'

TRACE::2025-06-25.15:47:44::SCWMssOS::Copying to export directory.
TRACE::2025-06-25.15:47:44::SCWMssOS:: Checking if to create the Supporting Applications
TRACE::2025-06-25.15:47:44::SCWMssOS:: No Linux domain exists, trying to generate FSBL 
LOG::2025-06-25.15:47:44::SCWSystem::Completed Processing the domain standalone_domain
LOG::2025-06-25.15:47:44::SCWSystem::Completed Processing the sysconfig 1_core_plt
LOG::2025-06-25.15:47:44::SCWPlatform::Completed generating the artifacts for system configuration 1_core_plt
TRACE::2025-06-25.15:47:44::SCWPlatform::Started preparing the platform 
TRACE::2025-06-25.15:47:44::SCWSystem::Writing the bif file for system config 1_core_plt
TRACE::2025-06-25.15:47:44::SCWSystem::dir created 
TRACE::2025-06-25.15:47:44::SCWSystem::Writing the bif 
TRACE::2025-06-25.15:47:44::SCWPlatform::Started writing the spfm file 
TRACE::2025-06-25.15:47:44::SCWPlatform::Started writing the xpfm file 
TRACE::2025-06-25.15:47:44::SCWPlatform::Completed generating the platform
TRACE::2025-06-25.15:47:44::SCWMssOS::Saving the mss changes D:/proyectosep2/IEE2463-SEP-Proyecto-2-Z8/1_core/vitis/1_core_plt/zynq_fsbl/zynq_fsbl_bsp/system.mss
TRACE::2025-06-25.15:47:44::SCWMssOS::Found a swdesign opened with the mssfile.
TRACE::2025-06-25.15:47:44::SCWMssOS::Completed writemss as part of save.
TRACE::2025-06-25.15:47:44::SCWMssOS::Commit changes completed.
TRACE::2025-06-25.15:47:44::SCWMssOS::Saving the mss changes D:/proyectosep2/IEE2463-SEP-Proyecto-2-Z8/1_core/vitis/1_core_plt/ps7_cortexa9_0/standalone_domain/bsp/system.mss
TRACE::2025-06-25.15:47:44::SCWMssOS::Found a swdesign opened with the mssfile.
TRACE::2025-06-25.15:47:44::SCWMssOS::Completed writemss as part of save.
TRACE::2025-06-25.15:47:44::SCWMssOS::Commit changes completed.
TRACE::2025-06-25.15:47:44::SCWPlatform::Trying to open the hw design at D:/proyectosep2/IEE2463-SEP-Proyecto-2-Z8/1_core/vitis/1_core_plt/hw/DEMO_wrapper.xsa
TRACE::2025-06-25.15:47:44::SCWPlatform::DSA given D:/proyectosep2/IEE2463-SEP-Proyecto-2-Z8/1_core/vitis/1_core_plt/hw/DEMO_wrapper.xsa
TRACE::2025-06-25.15:47:44::SCWPlatform::DSA absoulate path D:/proyectosep2/IEE2463-SEP-Proyecto-2-Z8/1_core/vitis/1_core_plt/hw/DEMO_wrapper.xsa
TRACE::2025-06-25.15:47:44::SCWPlatform::DSA directory D:/proyectosep2/IEE2463-SEP-Proyecto-2-Z8/1_core/vitis/1_core_plt/hw
TRACE::2025-06-25.15:47:44::SCWPlatform:: Platform Path D:/proyectosep2/IEE2463-SEP-Proyecto-2-Z8/1_core/vitis/1_core_plt/hw/DEMO_wrapper.xsa
TRACE::2025-06-25.15:47:44::SCWPlatform:: Unique name xilinx:zybo-z7-10::0.0
TRACE::2025-06-25.15:47:44::SCWPlatform::Trying to set the existing hwdb with name DEMO_wrapper_1
TRACE::2025-06-25.15:47:44::SCWPlatform::Opened existing hwdb DEMO_wrapper_1
TRACE::2025-06-25.15:47:44::SCWPlatform::Found the Hw Db part of the input DSA
TRACE::2025-06-25.15:47:44::SCWMssOS::Checking the sw design at  D:/proyectosep2/IEE2463-SEP-Proyecto-2-Z8/1_core/vitis/1_core_plt/zynq_fsbl/zynq_fsbl_bsp/system.mss
TRACE::2025-06-25.15:47:44::SCWMssOS::DEBUG:  swdes dump  D:/proyectosep2/IEE2463-SEP-Proyecto-2-Z8/1_core/vitis/1_core_plt/ps7_cortexa9_0/standalone_domain/bsp/system.mss|system||
D:/proyectosep2/IEE2463-SEP-Proyecto-2-Z8/1_core/vitis/1_core_plt/zynq_fsbl/zynq_fsbl_bsp/system.mss|system_0||

TRACE::2025-06-25.15:47:44::SCWMssOS::Sw design exists and opened at  D:/proyectosep2/IEE2463-SEP-Proyecto-2-Z8/1_core/vitis/1_core_plt/zynq_fsbl/zynq_fsbl_bsp/system.mss
TRACE::2025-06-25.15:47:44::SCWPlatform::Trying to open the hw design at D:/proyectosep2/IEE2463-SEP-Proyecto-2-Z8/1_core/vitis/1_core_plt/hw/DEMO_wrapper.xsa
TRACE::2025-06-25.15:47:44::SCWPlatform::DSA given D:/proyectosep2/IEE2463-SEP-Proyecto-2-Z8/1_core/vitis/1_core_plt/hw/DEMO_wrapper.xsa
TRACE::2025-06-25.15:47:44::SCWPlatform::DSA absoulate path D:/proyectosep2/IEE2463-SEP-Proyecto-2-Z8/1_core/vitis/1_core_plt/hw/DEMO_wrapper.xsa
TRACE::2025-06-25.15:47:44::SCWPlatform::DSA directory D:/proyectosep2/IEE2463-SEP-Proyecto-2-Z8/1_core/vitis/1_core_plt/hw
TRACE::2025-06-25.15:47:44::SCWPlatform:: Platform Path D:/proyectosep2/IEE2463-SEP-Proyecto-2-Z8/1_core/vitis/1_core_plt/hw/DEMO_wrapper.xsa
TRACE::2025-06-25.15:47:44::SCWPlatform:: Unique name xilinx:zybo-z7-10::0.0
TRACE::2025-06-25.15:47:44::SCWPlatform::Trying to set the existing hwdb with name DEMO_wrapper_1
TRACE::2025-06-25.15:47:44::SCWPlatform::Opened existing hwdb DEMO_wrapper_1
TRACE::2025-06-25.15:47:44::SCWPlatform::Found the Hw Db part of the input DSA
TRACE::2025-06-25.15:47:44::SCWMssOS::Checking the sw design at  D:/proyectosep2/IEE2463-SEP-Proyecto-2-Z8/1_core/vitis/1_core_plt/ps7_cortexa9_0/standalone_domain/bsp/system.mss
TRACE::2025-06-25.15:47:44::SCWMssOS::DEBUG:  swdes dump  D:/proyectosep2/IEE2463-SEP-Proyecto-2-Z8/1_core/vitis/1_core_plt/ps7_cortexa9_0/standalone_domain/bsp/system.mss|system||
D:/proyectosep2/IEE2463-SEP-Proyecto-2-Z8/1_core/vitis/1_core_plt/zynq_fsbl/zynq_fsbl_bsp/system.mss|system_0||

TRACE::2025-06-25.15:47:44::SCWMssOS::Sw design exists and opened at  D:/proyectosep2/IEE2463-SEP-Proyecto-2-Z8/1_core/vitis/1_core_plt/ps7_cortexa9_0/standalone_domain/bsp/system.mss
TRACE::2025-06-25.15:47:44::SCWWriter::formatted JSON is {
	"platformName":	"1_core_plt",
	"sprVersion":	"2.0",
	"mode":	"gui",
	"dsaType":	"Fixed",
	"platformDesc":	"1_core_plt",
	"platHandOff":	"D:/proyectosep2/IEE2463-SEP-Proyecto-2-Z8/full_hardware/vivado/DEMO_wrapper.xsa",
	"platIntHandOff":	"<platformDir>/hw/DEMO_wrapper.xsa",
	"deviceType":	"zynq",
	"platIsPrebuiltAutogen":	"false",
	"platIsNoBootBsp":	"false",
	"hasFsblMakeHasChanges":	"false",
	"hasPmufwMakeHasChanges":	"false",
	"fsblExtraCompilerFlags":	"-MMD -MP       -mcpu=cortex-a9 -mfpu=vfpv3 -mfloat-abi=hard ",
	"platPreBuiltFlag":	false,
	"platformSamplesDir":	"",
	"platActiveSys":	"1_core_plt",
	"systems":	[{
			"systemName":	"1_core_plt",
			"systemDesc":	"1_core_plt",
			"sysIsBootAutoGen":	"true",
			"systemDispName":	"1_core_plt",
			"sysActiveDom":	"standalone_domain",
			"sysDefaultDom":	"standalone_domain",
			"domains":	[{
					"domainName":	"zynq_fsbl",
					"domainDispName":	"zynq_fsbl",
					"domainDesc":	"FSBL Application BSP - Auto Generated.",
					"processors":	"ps7_cortexa9_0",
					"os":	"standalone",
					"sdxOs":	"standalone",
					"debugEnable":	"",
					"domRuntimes":	["cpp"],
					"swRepo":	"",
					"mssOsVer":	"7.2",
					"mssFile":	"",
					"md5Digest":	"22a6aa47fd12e4eea21ee9dba4d7fcad",
					"compatibleApp":	"zynq_fsbl",
					"domType":	"bootDomain",
					"appSettings":	{
						"appCompilerFlags":	"",
						"appLinkerFlags":	""
					},
					"addedLibs":	["xilffs:4.3", "xilrsa:1.6"],
					"libOptions":	{
						"libsContainingOptions":	[]
					},
					"prebuiltLibs":	{
						"prebuiltIncPath":	[],
						"prebuiltLibPath":	[]
					},
					"isolation":	{
					}
				}, {
					"domainName":	"standalone_domain",
					"domainDispName":	"standalone on ps7_cortexa9_0",
					"domainDesc":	"standalone_domain",
					"processors":	"ps7_cortexa9_0",
					"os":	"standalone",
					"sdxOs":	"standalone",
					"qemuArgs":	"D:/Xilinx/Vitis/2020.1/data/emulation/platforms/zynq/qemu/qemu_args.txt",
					"qemuData":	"D:/Xilinx/Vitis/2020.1/data/emulation/platforms/zynq/qemu/",
					"debugEnable":	"False",
					"domRuntimes":	["cpp"],
					"swRepo":	"",
					"mssOsVer":	"7.2",
					"mssFile":	"",
					"md5Digest":	"b1137bc453858b5f6e22cb6fc1a9c462",
					"compatibleApp":	"",
					"domType":	"mssDomain",
					"appSettings":	{
						"appCompilerFlags":	"",
						"appLinkerFlags":	""
					},
					"addedLibs":	["xilffs:4.3"],
					"libOptions":	{
						"libsContainingOptions":	[]
					},
					"prebuiltLibs":	{
						"prebuiltIncPath":	[],
						"prebuiltLibPath":	[]
					},
					"isolation":	{
					}
				}]
		}]
}
KEYINFO::2025-06-25.15:47:44::SCWPlatform::updated the xpfm file.
TRACE::2025-06-25.15:47:44::SCWPlatform::Trying to open the hw design at D:/proyectosep2/IEE2463-SEP-Proyecto-2-Z8/1_core/vitis/1_core_plt/hw/DEMO_wrapper.xsa
TRACE::2025-06-25.15:47:44::SCWPlatform::DSA given D:/proyectosep2/IEE2463-SEP-Proyecto-2-Z8/1_core/vitis/1_core_plt/hw/DEMO_wrapper.xsa
TRACE::2025-06-25.15:47:44::SCWPlatform::DSA absoulate path D:/proyectosep2/IEE2463-SEP-Proyecto-2-Z8/1_core/vitis/1_core_plt/hw/DEMO_wrapper.xsa
TRACE::2025-06-25.15:47:44::SCWPlatform::DSA directory D:/proyectosep2/IEE2463-SEP-Proyecto-2-Z8/1_core/vitis/1_core_plt/hw
TRACE::2025-06-25.15:47:44::SCWPlatform:: Platform Path D:/proyectosep2/IEE2463-SEP-Proyecto-2-Z8/1_core/vitis/1_core_plt/hw/DEMO_wrapper.xsa
TRACE::2025-06-25.15:47:44::SCWPlatform:: Unique name xilinx:zybo-z7-10::0.0
TRACE::2025-06-25.15:47:44::SCWPlatform::Trying to set the existing hwdb with name DEMO_wrapper_1
TRACE::2025-06-25.15:47:44::SCWPlatform::Opened existing hwdb DEMO_wrapper_1
TRACE::2025-06-25.15:47:44::SCWPlatform::Found the Hw Db part of the input DSA
TRACE::2025-06-25.15:47:44::SCWMssOS::Checking the sw design at  D:/proyectosep2/IEE2463-SEP-Proyecto-2-Z8/1_core/vitis/1_core_plt/ps7_cortexa9_0/standalone_domain/bsp/system.mss
TRACE::2025-06-25.15:47:44::SCWMssOS::DEBUG:  swdes dump  D:/proyectosep2/IEE2463-SEP-Proyecto-2-Z8/1_core/vitis/1_core_plt/ps7_cortexa9_0/standalone_domain/bsp/system.mss|system||
D:/proyectosep2/IEE2463-SEP-Proyecto-2-Z8/1_core/vitis/1_core_plt/zynq_fsbl/zynq_fsbl_bsp/system.mss|system_0||

TRACE::2025-06-25.15:47:44::SCWMssOS::Sw design exists and opened at  D:/proyectosep2/IEE2463-SEP-Proyecto-2-Z8/1_core/vitis/1_core_plt/ps7_cortexa9_0/standalone_domain/bsp/system.mss
