15:46:24 INFO  : Launching XSCT server: xsct.bat -n  -interactive D:\proyectosep2\IEE2463-SEP-Proyecto-2-Z8\full_hardware\vitis\temp_xsdb_launch_script.tcl
15:46:24 INFO  : Registering command handlers for Vitis TCF services
15:46:26 INFO  : XSCT server has started successfully.
15:46:26 INFO  : plnx-install-location is set to ''
15:46:26 INFO  : Successfully done setting XSCT server connection channel  
15:46:26 INFO  : Successfully done query RDI_DATADIR 
15:46:26 INFO  : Successfully done setting workspace for the tool. 
15:46:26 INFO  : Platform repository initialization has completed.
15:47:24 INFO  : Result from executing command 'getProjects': full_hardware_plt
15:47:24 INFO  : Result from executing command 'getPlatforms': 
15:48:05 INFO  : Successfully done sdx_reload_mss "D:/proyectosep2/IEE2463-SEP-Proyecto-2-Z8/full_hardware/vitis/full_hardware_plt/zynq_fsbl/zynq_fsbl_bsp/system.mss"
15:48:08 INFO  : (SwPlatform) Successfully done update_mss 
15:48:08 INFO  : No changes in MSS file content so sources will not be generated.
15:48:09 INFO  : Successfully done sdx_reload_mss "D:/proyectosep2/IEE2463-SEP-Proyecto-2-Z8/full_hardware/vitis/full_hardware_plt/ps7_cortexa9_0/standalone_domain/bsp/system.mss"
15:48:11 INFO  : (SwPlatform)  Successfully done add_library 
15:48:13 INFO  : (SwPlatform) Successfully done update_mss 
15:48:14 INFO  : Successfully done sdx_reload_mss "D:/proyectosep2/IEE2463-SEP-Proyecto-2-Z8/full_hardware/vitis/full_hardware_plt/ps7_cortexa9_0/standalone_domain/bsp/system.mss"
15:49:05 INFO  : Result from executing command 'getProjects': full_hardware_plt
15:49:05 INFO  : Result from executing command 'getPlatforms': full_hardware_plt|D:/proyectosep2/IEE2463-SEP-Proyecto-2-Z8/full_hardware/vitis/full_hardware_plt/export/full_hardware_plt/full_hardware_plt.xpfm
16:16:08 INFO  : Checking for BSP changes to sync application flags for project 'full_hardware_sw'...
16:18:12 INFO  : Checking for BSP changes to sync application flags for project 'full_hardware_sw'...
16:18:23 INFO  : Checking for BSP changes to sync application flags for project 'full_hardware_sw'...
16:18:39 INFO  : Connected to target on host '127.0.0.1' and port '3121'.
16:18:40 INFO  : Jtag cable 'Digilent Zybo Z7 210351B3FC8DA' is selected.
16:18:40 INFO  : 'jtag frequency' command is executed.
16:18:40 INFO  : Context for 'APU' is selected.
16:18:40 INFO  : System reset is completed.
16:18:43 INFO  : 'after 3000' command is executed.
16:18:43 INFO  : 'targets -set -filter {jtag_cable_name =~ "Digilent Zybo Z7 210351B3FC8DA" && level==0 && jtag_device_ctx=="jsn-Zybo Z7-210351B3FC8DA-13722093-0"}' command is executed.
16:18:44 INFO  : FPGA configured successfully with bitstream "D:/proyectosep2/IEE2463-SEP-Proyecto-2-Z8/full_hardware/vitis/full_hardware_sw/_ide/bitstream/DEMO_wrapper.bit"
16:18:44 INFO  : Context for 'APU' is selected.
16:18:45 INFO  : Hardware design and registers information is loaded from 'D:/proyectosep2/IEE2463-SEP-Proyecto-2-Z8/full_hardware/vitis/full_hardware_plt/export/full_hardware_plt/hw/DEMO_wrapper.xsa'.
16:18:45 INFO  : 'configparams force-mem-access 1' command is executed.
16:18:45 INFO  : Context for 'APU' is selected.
16:18:45 INFO  : Sourcing of 'D:/proyectosep2/IEE2463-SEP-Proyecto-2-Z8/full_hardware/vitis/full_hardware_sw/_ide/psinit/ps7_init.tcl' is done.
16:18:45 INFO  : 'ps7_init' command is executed.
16:18:45 INFO  : 'ps7_post_config' command is executed.
16:18:45 INFO  : Context for processor 'ps7_cortexa9_0' is selected.
16:18:46 INFO  : The application 'D:/proyectosep2/IEE2463-SEP-Proyecto-2-Z8/full_hardware/vitis/full_hardware_sw/Debug/full_hardware_sw.elf' is downloaded to processor 'ps7_cortexa9_0'.
16:18:46 INFO  : 'configparams force-mem-access 0' command is executed.
16:18:46 INFO  : ----------------XSDB Script----------------
connect -url tcp:127.0.0.1:3121
targets -set -nocase -filter {name =~"APU*"}
rst -system
after 3000
targets -set -filter {jtag_cable_name =~ "Digilent Zybo Z7 210351B3FC8DA" && level==0 && jtag_device_ctx=="jsn-Zybo Z7-210351B3FC8DA-13722093-0"}
fpga -file D:/proyectosep2/IEE2463-SEP-Proyecto-2-Z8/full_hardware/vitis/full_hardware_sw/_ide/bitstream/DEMO_wrapper.bit
targets -set -nocase -filter {name =~"APU*"}
loadhw -hw D:/proyectosep2/IEE2463-SEP-Proyecto-2-Z8/full_hardware/vitis/full_hardware_plt/export/full_hardware_plt/hw/DEMO_wrapper.xsa -mem-ranges [list {0x40000000 0xbfffffff}] -regs
configparams force-mem-access 1
targets -set -nocase -filter {name =~"APU*"}
source D:/proyectosep2/IEE2463-SEP-Proyecto-2-Z8/full_hardware/vitis/full_hardware_sw/_ide/psinit/ps7_init.tcl
ps7_init
ps7_post_config
targets -set -nocase -filter {name =~ "*A9*#0"}
dow D:/proyectosep2/IEE2463-SEP-Proyecto-2-Z8/full_hardware/vitis/full_hardware_sw/Debug/full_hardware_sw.elf
configparams force-mem-access 0
----------------End of Script----------------

16:18:46 INFO  : Context for processor 'ps7_cortexa9_0' is selected.
16:18:46 INFO  : 'con' command is executed.
16:18:46 INFO  : ----------------XSDB Script (After Launch)----------------
targets -set -nocase -filter {name =~ "*A9*#0"}
con
----------------End of Script----------------

16:18:46 INFO  : Launch script is exported to file 'D:\proyectosep2\IEE2463-SEP-Proyecto-2-Z8\full_hardware\vitis\.sdk\launch_scripts\single_application_debug\systemdebugger_full_hardware_sw_system_standalone.tcl'
16:20:17 INFO  : Checking for BSP changes to sync application flags for project 'full_hardware_sw'...
16:20:38 INFO  : Checking for BSP changes to sync application flags for project 'full_hardware_sw'...
16:20:46 INFO  : Disconnected from the channel tcfchan#5.
16:20:46 INFO  : Connected to target on host '127.0.0.1' and port '3121'.
16:20:46 INFO  : Jtag cable 'Digilent Zybo Z7 210351B3FC8DA' is selected.
16:20:47 INFO  : 'jtag frequency' command is executed.
16:20:47 INFO  : Context for 'APU' is selected.
16:20:47 INFO  : System reset is completed.
16:20:50 INFO  : 'after 3000' command is executed.
16:20:50 INFO  : 'targets -set -filter {jtag_cable_name =~ "Digilent Zybo Z7 210351B3FC8DA" && level==0 && jtag_device_ctx=="jsn-Zybo Z7-210351B3FC8DA-13722093-0"}' command is executed.
16:20:51 INFO  : FPGA configured successfully with bitstream "D:/proyectosep2/IEE2463-SEP-Proyecto-2-Z8/full_hardware/vitis/full_hardware_sw/_ide/bitstream/DEMO_wrapper.bit"
16:20:51 INFO  : Context for 'APU' is selected.
16:20:51 INFO  : Hardware design and registers information is loaded from 'D:/proyectosep2/IEE2463-SEP-Proyecto-2-Z8/full_hardware/vitis/full_hardware_plt/export/full_hardware_plt/hw/DEMO_wrapper.xsa'.
16:20:51 INFO  : 'configparams force-mem-access 1' command is executed.
16:20:51 INFO  : Context for 'APU' is selected.
16:20:51 INFO  : Sourcing of 'D:/proyectosep2/IEE2463-SEP-Proyecto-2-Z8/full_hardware/vitis/full_hardware_sw/_ide/psinit/ps7_init.tcl' is done.
16:20:51 INFO  : 'ps7_init' command is executed.
16:20:51 INFO  : 'ps7_post_config' command is executed.
16:20:51 INFO  : Context for processor 'ps7_cortexa9_0' is selected.
16:20:52 INFO  : The application 'D:/proyectosep2/IEE2463-SEP-Proyecto-2-Z8/full_hardware/vitis/full_hardware_sw/Debug/full_hardware_sw.elf' is downloaded to processor 'ps7_cortexa9_0'.
16:20:52 INFO  : 'configparams force-mem-access 0' command is executed.
16:20:52 INFO  : ----------------XSDB Script----------------
connect -url tcp:127.0.0.1:3121
targets -set -nocase -filter {name =~"APU*"}
rst -system
after 3000
targets -set -filter {jtag_cable_name =~ "Digilent Zybo Z7 210351B3FC8DA" && level==0 && jtag_device_ctx=="jsn-Zybo Z7-210351B3FC8DA-13722093-0"}
fpga -file D:/proyectosep2/IEE2463-SEP-Proyecto-2-Z8/full_hardware/vitis/full_hardware_sw/_ide/bitstream/DEMO_wrapper.bit
targets -set -nocase -filter {name =~"APU*"}
loadhw -hw D:/proyectosep2/IEE2463-SEP-Proyecto-2-Z8/full_hardware/vitis/full_hardware_plt/export/full_hardware_plt/hw/DEMO_wrapper.xsa -mem-ranges [list {0x40000000 0xbfffffff}] -regs
configparams force-mem-access 1
targets -set -nocase -filter {name =~"APU*"}
source D:/proyectosep2/IEE2463-SEP-Proyecto-2-Z8/full_hardware/vitis/full_hardware_sw/_ide/psinit/ps7_init.tcl
ps7_init
ps7_post_config
targets -set -nocase -filter {name =~ "*A9*#0"}
dow D:/proyectosep2/IEE2463-SEP-Proyecto-2-Z8/full_hardware/vitis/full_hardware_sw/Debug/full_hardware_sw.elf
configparams force-mem-access 0
----------------End of Script----------------

16:20:52 INFO  : Context for processor 'ps7_cortexa9_0' is selected.
16:20:52 INFO  : 'con' command is executed.
16:20:52 INFO  : ----------------XSDB Script (After Launch)----------------
targets -set -nocase -filter {name =~ "*A9*#0"}
con
----------------End of Script----------------

16:20:52 INFO  : Launch script is exported to file 'D:\proyectosep2\IEE2463-SEP-Proyecto-2-Z8\full_hardware\vitis\.sdk\launch_scripts\single_application_debug\systemdebugger_full_hardware_sw_system_standalone.tcl'
16:28:01 INFO  : Checking for BSP changes to sync application flags for project 'full_hardware_sw'...
16:33:19 INFO  : Checking for BSP changes to sync application flags for project 'full_hardware_sw'...
16:34:10 INFO  : Disconnected from the channel tcfchan#8.
16:34:10 INFO  : Connected to target on host '127.0.0.1' and port '3121'.
16:34:10 INFO  : Jtag cable 'Digilent Zybo Z7 210351B3FC8DA' is selected.
16:34:10 INFO  : 'jtag frequency' command is executed.
16:34:10 INFO  : Context for 'APU' is selected.
16:34:10 INFO  : System reset is completed.
16:34:13 INFO  : 'after 3000' command is executed.
16:34:13 INFO  : 'targets -set -filter {jtag_cable_name =~ "Digilent Zybo Z7 210351B3FC8DA" && level==0 && jtag_device_ctx=="jsn-Zybo Z7-210351B3FC8DA-13722093-0"}' command is executed.
16:34:15 INFO  : FPGA configured successfully with bitstream "D:/proyectosep2/IEE2463-SEP-Proyecto-2-Z8/full_hardware/vitis/full_hardware_sw/_ide/bitstream/DEMO_wrapper.bit"
16:34:15 INFO  : Context for 'APU' is selected.
16:34:15 INFO  : Hardware design and registers information is loaded from 'D:/proyectosep2/IEE2463-SEP-Proyecto-2-Z8/full_hardware/vitis/full_hardware_plt/export/full_hardware_plt/hw/DEMO_wrapper.xsa'.
16:34:15 INFO  : 'configparams force-mem-access 1' command is executed.
16:34:15 INFO  : Context for 'APU' is selected.
16:34:15 INFO  : Sourcing of 'D:/proyectosep2/IEE2463-SEP-Proyecto-2-Z8/full_hardware/vitis/full_hardware_sw/_ide/psinit/ps7_init.tcl' is done.
16:34:15 INFO  : 'ps7_init' command is executed.
16:34:15 INFO  : 'ps7_post_config' command is executed.
16:34:15 INFO  : Context for processor 'ps7_cortexa9_0' is selected.
16:34:16 INFO  : The application 'D:/proyectosep2/IEE2463-SEP-Proyecto-2-Z8/full_hardware/vitis/full_hardware_sw/Debug/full_hardware_sw.elf' is downloaded to processor 'ps7_cortexa9_0'.
16:34:16 INFO  : 'configparams force-mem-access 0' command is executed.
16:34:16 INFO  : ----------------XSDB Script----------------
connect -url tcp:127.0.0.1:3121
targets -set -nocase -filter {name =~"APU*"}
rst -system
after 3000
targets -set -filter {jtag_cable_name =~ "Digilent Zybo Z7 210351B3FC8DA" && level==0 && jtag_device_ctx=="jsn-Zybo Z7-210351B3FC8DA-13722093-0"}
fpga -file D:/proyectosep2/IEE2463-SEP-Proyecto-2-Z8/full_hardware/vitis/full_hardware_sw/_ide/bitstream/DEMO_wrapper.bit
targets -set -nocase -filter {name =~"APU*"}
loadhw -hw D:/proyectosep2/IEE2463-SEP-Proyecto-2-Z8/full_hardware/vitis/full_hardware_plt/export/full_hardware_plt/hw/DEMO_wrapper.xsa -mem-ranges [list {0x40000000 0xbfffffff}] -regs
configparams force-mem-access 1
targets -set -nocase -filter {name =~"APU*"}
source D:/proyectosep2/IEE2463-SEP-Proyecto-2-Z8/full_hardware/vitis/full_hardware_sw/_ide/psinit/ps7_init.tcl
ps7_init
ps7_post_config
targets -set -nocase -filter {name =~ "*A9*#0"}
dow D:/proyectosep2/IEE2463-SEP-Proyecto-2-Z8/full_hardware/vitis/full_hardware_sw/Debug/full_hardware_sw.elf
configparams force-mem-access 0
----------------End of Script----------------

16:34:16 INFO  : Context for processor 'ps7_cortexa9_0' is selected.
16:34:16 INFO  : 'con' command is executed.
16:34:16 INFO  : ----------------XSDB Script (After Launch)----------------
targets -set -nocase -filter {name =~ "*A9*#0"}
con
----------------End of Script----------------

16:34:16 INFO  : Launch script is exported to file 'D:\proyectosep2\IEE2463-SEP-Proyecto-2-Z8\full_hardware\vitis\.sdk\launch_scripts\single_application_debug\systemdebugger_full_hardware_sw_system_standalone.tcl'
16:35:41 INFO  : Checking for BSP changes to sync application flags for project 'full_hardware_sw'...
16:35:48 INFO  : Disconnected from the channel tcfchan#11.
16:35:48 INFO  : Connected to target on host '127.0.0.1' and port '3121'.
16:35:49 INFO  : Jtag cable 'Digilent Zybo Z7 210351B3FC8DA' is selected.
16:35:49 INFO  : 'jtag frequency' command is executed.
16:35:49 INFO  : Context for 'APU' is selected.
16:35:49 INFO  : System reset is completed.
16:35:52 INFO  : 'after 3000' command is executed.
16:35:52 INFO  : 'targets -set -filter {jtag_cable_name =~ "Digilent Zybo Z7 210351B3FC8DA" && level==0 && jtag_device_ctx=="jsn-Zybo Z7-210351B3FC8DA-13722093-0"}' command is executed.
16:35:53 INFO  : FPGA configured successfully with bitstream "D:/proyectosep2/IEE2463-SEP-Proyecto-2-Z8/full_hardware/vitis/full_hardware_sw/_ide/bitstream/DEMO_wrapper.bit"
16:35:53 INFO  : Context for 'APU' is selected.
16:35:53 INFO  : Hardware design and registers information is loaded from 'D:/proyectosep2/IEE2463-SEP-Proyecto-2-Z8/full_hardware/vitis/full_hardware_plt/export/full_hardware_plt/hw/DEMO_wrapper.xsa'.
16:35:53 INFO  : 'configparams force-mem-access 1' command is executed.
16:35:53 INFO  : Context for 'APU' is selected.
16:35:53 INFO  : Sourcing of 'D:/proyectosep2/IEE2463-SEP-Proyecto-2-Z8/full_hardware/vitis/full_hardware_sw/_ide/psinit/ps7_init.tcl' is done.
16:35:53 INFO  : 'ps7_init' command is executed.
16:35:53 INFO  : 'ps7_post_config' command is executed.
16:35:53 INFO  : Context for processor 'ps7_cortexa9_0' is selected.
16:35:54 INFO  : The application 'D:/proyectosep2/IEE2463-SEP-Proyecto-2-Z8/full_hardware/vitis/full_hardware_sw/Debug/full_hardware_sw.elf' is downloaded to processor 'ps7_cortexa9_0'.
16:35:54 INFO  : 'configparams force-mem-access 0' command is executed.
16:35:54 INFO  : ----------------XSDB Script----------------
connect -url tcp:127.0.0.1:3121
targets -set -nocase -filter {name =~"APU*"}
rst -system
after 3000
targets -set -filter {jtag_cable_name =~ "Digilent Zybo Z7 210351B3FC8DA" && level==0 && jtag_device_ctx=="jsn-Zybo Z7-210351B3FC8DA-13722093-0"}
fpga -file D:/proyectosep2/IEE2463-SEP-Proyecto-2-Z8/full_hardware/vitis/full_hardware_sw/_ide/bitstream/DEMO_wrapper.bit
targets -set -nocase -filter {name =~"APU*"}
loadhw -hw D:/proyectosep2/IEE2463-SEP-Proyecto-2-Z8/full_hardware/vitis/full_hardware_plt/export/full_hardware_plt/hw/DEMO_wrapper.xsa -mem-ranges [list {0x40000000 0xbfffffff}] -regs
configparams force-mem-access 1
targets -set -nocase -filter {name =~"APU*"}
source D:/proyectosep2/IEE2463-SEP-Proyecto-2-Z8/full_hardware/vitis/full_hardware_sw/_ide/psinit/ps7_init.tcl
ps7_init
ps7_post_config
targets -set -nocase -filter {name =~ "*A9*#0"}
dow D:/proyectosep2/IEE2463-SEP-Proyecto-2-Z8/full_hardware/vitis/full_hardware_sw/Debug/full_hardware_sw.elf
configparams force-mem-access 0
----------------End of Script----------------

16:35:54 INFO  : Context for processor 'ps7_cortexa9_0' is selected.
16:35:54 INFO  : 'con' command is executed.
16:35:54 INFO  : ----------------XSDB Script (After Launch)----------------
targets -set -nocase -filter {name =~ "*A9*#0"}
con
----------------End of Script----------------

16:35:54 INFO  : Launch script is exported to file 'D:\proyectosep2\IEE2463-SEP-Proyecto-2-Z8\full_hardware\vitis\.sdk\launch_scripts\single_application_debug\systemdebugger_full_hardware_sw_system_standalone.tcl'
16:38:27 INFO  : Disconnected from the channel tcfchan#13.
16:38:27 INFO  : Connected to target on host '127.0.0.1' and port '3121'.
16:38:28 INFO  : Jtag cable 'Digilent Zybo Z7 210351B3FC8DA' is selected.
16:38:28 INFO  : 'jtag frequency' command is executed.
16:38:28 INFO  : Context for 'APU' is selected.
16:38:28 INFO  : System reset is completed.
16:38:31 INFO  : 'after 3000' command is executed.
16:38:31 INFO  : 'targets -set -filter {jtag_cable_name =~ "Digilent Zybo Z7 210351B3FC8DA" && level==0 && jtag_device_ctx=="jsn-Zybo Z7-210351B3FC8DA-13722093-0"}' command is executed.
16:38:32 INFO  : FPGA configured successfully with bitstream "D:/proyectosep2/IEE2463-SEP-Proyecto-2-Z8/full_hardware/vitis/full_hardware_sw/_ide/bitstream/DEMO_wrapper.bit"
16:38:32 INFO  : Context for 'APU' is selected.
16:38:32 INFO  : Hardware design and registers information is loaded from 'D:/proyectosep2/IEE2463-SEP-Proyecto-2-Z8/full_hardware/vitis/full_hardware_plt/export/full_hardware_plt/hw/DEMO_wrapper.xsa'.
16:38:32 INFO  : 'configparams force-mem-access 1' command is executed.
16:38:32 INFO  : Context for 'APU' is selected.
16:38:32 INFO  : Sourcing of 'D:/proyectosep2/IEE2463-SEP-Proyecto-2-Z8/full_hardware/vitis/full_hardware_sw/_ide/psinit/ps7_init.tcl' is done.
16:38:32 INFO  : 'ps7_init' command is executed.
16:38:32 INFO  : 'ps7_post_config' command is executed.
16:38:32 INFO  : Context for processor 'ps7_cortexa9_0' is selected.
16:38:33 INFO  : The application 'D:/proyectosep2/IEE2463-SEP-Proyecto-2-Z8/full_hardware/vitis/full_hardware_sw/Debug/full_hardware_sw.elf' is downloaded to processor 'ps7_cortexa9_0'.
16:38:33 INFO  : 'configparams force-mem-access 0' command is executed.
16:38:33 INFO  : ----------------XSDB Script----------------
connect -url tcp:127.0.0.1:3121
targets -set -nocase -filter {name =~"APU*"}
rst -system
after 3000
targets -set -filter {jtag_cable_name =~ "Digilent Zybo Z7 210351B3FC8DA" && level==0 && jtag_device_ctx=="jsn-Zybo Z7-210351B3FC8DA-13722093-0"}
fpga -file D:/proyectosep2/IEE2463-SEP-Proyecto-2-Z8/full_hardware/vitis/full_hardware_sw/_ide/bitstream/DEMO_wrapper.bit
targets -set -nocase -filter {name =~"APU*"}
loadhw -hw D:/proyectosep2/IEE2463-SEP-Proyecto-2-Z8/full_hardware/vitis/full_hardware_plt/export/full_hardware_plt/hw/DEMO_wrapper.xsa -mem-ranges [list {0x40000000 0xbfffffff}] -regs
configparams force-mem-access 1
targets -set -nocase -filter {name =~"APU*"}
source D:/proyectosep2/IEE2463-SEP-Proyecto-2-Z8/full_hardware/vitis/full_hardware_sw/_ide/psinit/ps7_init.tcl
ps7_init
ps7_post_config
targets -set -nocase -filter {name =~ "*A9*#0"}
dow D:/proyectosep2/IEE2463-SEP-Proyecto-2-Z8/full_hardware/vitis/full_hardware_sw/Debug/full_hardware_sw.elf
configparams force-mem-access 0
----------------End of Script----------------

16:38:33 INFO  : Context for processor 'ps7_cortexa9_0' is selected.
16:38:33 INFO  : 'con' command is executed.
16:38:33 INFO  : ----------------XSDB Script (After Launch)----------------
targets -set -nocase -filter {name =~ "*A9*#0"}
con
----------------End of Script----------------

16:38:33 INFO  : Launch script is exported to file 'D:\proyectosep2\IEE2463-SEP-Proyecto-2-Z8\full_hardware\vitis\.sdk\launch_scripts\single_application_debug\systemdebugger_full_hardware_sw_system_standalone.tcl'
16:41:37 INFO  : Disconnected from the channel tcfchan#14.
16:41:37 INFO  : Connected to target on host '127.0.0.1' and port '3121'.
16:41:37 INFO  : Jtag cable 'Digilent Zybo Z7 210351B3FC8DA' is selected.
16:41:37 INFO  : 'jtag frequency' command is executed.
16:41:37 INFO  : Context for 'APU' is selected.
16:41:37 INFO  : System reset is completed.
16:41:40 INFO  : 'after 3000' command is executed.
16:41:40 INFO  : 'targets -set -filter {jtag_cable_name =~ "Digilent Zybo Z7 210351B3FC8DA" && level==0 && jtag_device_ctx=="jsn-Zybo Z7-210351B3FC8DA-13722093-0"}' command is executed.
16:41:41 INFO  : FPGA configured successfully with bitstream "D:/proyectosep2/IEE2463-SEP-Proyecto-2-Z8/full_hardware/vitis/full_hardware_sw/_ide/bitstream/DEMO_wrapper.bit"
16:41:41 INFO  : Context for 'APU' is selected.
16:41:41 INFO  : Hardware design and registers information is loaded from 'D:/proyectosep2/IEE2463-SEP-Proyecto-2-Z8/full_hardware/vitis/full_hardware_plt/export/full_hardware_plt/hw/DEMO_wrapper.xsa'.
16:41:41 INFO  : 'configparams force-mem-access 1' command is executed.
16:41:41 INFO  : Context for 'APU' is selected.
16:41:41 INFO  : Sourcing of 'D:/proyectosep2/IEE2463-SEP-Proyecto-2-Z8/full_hardware/vitis/full_hardware_sw/_ide/psinit/ps7_init.tcl' is done.
16:41:42 INFO  : 'ps7_init' command is executed.
16:41:42 INFO  : 'ps7_post_config' command is executed.
16:41:42 INFO  : Context for processor 'ps7_cortexa9_0' is selected.
16:41:43 INFO  : The application 'D:/proyectosep2/IEE2463-SEP-Proyecto-2-Z8/full_hardware/vitis/full_hardware_sw/Debug/full_hardware_sw.elf' is downloaded to processor 'ps7_cortexa9_0'.
16:41:43 INFO  : 'configparams force-mem-access 0' command is executed.
16:41:43 INFO  : ----------------XSDB Script----------------
connect -url tcp:127.0.0.1:3121
targets -set -nocase -filter {name =~"APU*"}
rst -system
after 3000
targets -set -filter {jtag_cable_name =~ "Digilent Zybo Z7 210351B3FC8DA" && level==0 && jtag_device_ctx=="jsn-Zybo Z7-210351B3FC8DA-13722093-0"}
fpga -file D:/proyectosep2/IEE2463-SEP-Proyecto-2-Z8/full_hardware/vitis/full_hardware_sw/_ide/bitstream/DEMO_wrapper.bit
targets -set -nocase -filter {name =~"APU*"}
loadhw -hw D:/proyectosep2/IEE2463-SEP-Proyecto-2-Z8/full_hardware/vitis/full_hardware_plt/export/full_hardware_plt/hw/DEMO_wrapper.xsa -mem-ranges [list {0x40000000 0xbfffffff}] -regs
configparams force-mem-access 1
targets -set -nocase -filter {name =~"APU*"}
source D:/proyectosep2/IEE2463-SEP-Proyecto-2-Z8/full_hardware/vitis/full_hardware_sw/_ide/psinit/ps7_init.tcl
ps7_init
ps7_post_config
targets -set -nocase -filter {name =~ "*A9*#0"}
dow D:/proyectosep2/IEE2463-SEP-Proyecto-2-Z8/full_hardware/vitis/full_hardware_sw/Debug/full_hardware_sw.elf
configparams force-mem-access 0
----------------End of Script----------------

16:41:43 INFO  : Context for processor 'ps7_cortexa9_0' is selected.
16:41:43 INFO  : 'con' command is executed.
16:41:43 INFO  : ----------------XSDB Script (After Launch)----------------
targets -set -nocase -filter {name =~ "*A9*#0"}
con
----------------End of Script----------------

16:41:43 INFO  : Launch script is exported to file 'D:\proyectosep2\IEE2463-SEP-Proyecto-2-Z8\full_hardware\vitis\.sdk\launch_scripts\single_application_debug\systemdebugger_full_hardware_sw_system_standalone.tcl'
16:43:24 INFO  : Disconnected from the channel tcfchan#15.
16:43:35 INFO  : Checking for BSP changes to sync application flags for project 'full_hardware_sw'...
16:44:15 INFO  : Connected to target on host '127.0.0.1' and port '3121'.
16:44:15 INFO  : Jtag cable 'Digilent Zybo Z7 210351B3FC8DA' is selected.
16:44:15 INFO  : 'jtag frequency' command is executed.
16:44:15 INFO  : Context for 'APU' is selected.
16:44:15 INFO  : System reset is completed.
16:44:18 INFO  : 'after 3000' command is executed.
16:44:18 INFO  : 'targets -set -filter {jtag_cable_name =~ "Digilent Zybo Z7 210351B3FC8DA" && level==0 && jtag_device_ctx=="jsn-Zybo Z7-210351B3FC8DA-13722093-0"}' command is executed.
16:44:19 INFO  : FPGA configured successfully with bitstream "D:/proyectosep2/IEE2463-SEP-Proyecto-2-Z8/full_hardware/vitis/full_hardware_sw/_ide/bitstream/DEMO_wrapper.bit"
16:44:20 INFO  : Context for 'APU' is selected.
16:44:20 INFO  : Hardware design and registers information is loaded from 'D:/proyectosep2/IEE2463-SEP-Proyecto-2-Z8/full_hardware/vitis/full_hardware_plt/export/full_hardware_plt/hw/DEMO_wrapper.xsa'.
16:44:20 INFO  : 'configparams force-mem-access 1' command is executed.
16:44:20 INFO  : Context for 'APU' is selected.
16:44:20 INFO  : Sourcing of 'D:/proyectosep2/IEE2463-SEP-Proyecto-2-Z8/full_hardware/vitis/full_hardware_sw/_ide/psinit/ps7_init.tcl' is done.
16:44:20 INFO  : 'ps7_init' command is executed.
16:44:20 INFO  : 'ps7_post_config' command is executed.
16:44:20 INFO  : Context for processor 'ps7_cortexa9_0' is selected.
16:44:21 INFO  : The application 'D:/proyectosep2/IEE2463-SEP-Proyecto-2-Z8/full_hardware/vitis/full_hardware_sw/Debug/full_hardware_sw.elf' is downloaded to processor 'ps7_cortexa9_0'.
16:44:21 INFO  : 'configparams force-mem-access 0' command is executed.
16:44:21 INFO  : ----------------XSDB Script----------------
connect -url tcp:127.0.0.1:3121
targets -set -nocase -filter {name =~"APU*"}
rst -system
after 3000
targets -set -filter {jtag_cable_name =~ "Digilent Zybo Z7 210351B3FC8DA" && level==0 && jtag_device_ctx=="jsn-Zybo Z7-210351B3FC8DA-13722093-0"}
fpga -file D:/proyectosep2/IEE2463-SEP-Proyecto-2-Z8/full_hardware/vitis/full_hardware_sw/_ide/bitstream/DEMO_wrapper.bit
targets -set -nocase -filter {name =~"APU*"}
loadhw -hw D:/proyectosep2/IEE2463-SEP-Proyecto-2-Z8/full_hardware/vitis/full_hardware_plt/export/full_hardware_plt/hw/DEMO_wrapper.xsa -mem-ranges [list {0x40000000 0xbfffffff}] -regs
configparams force-mem-access 1
targets -set -nocase -filter {name =~"APU*"}
source D:/proyectosep2/IEE2463-SEP-Proyecto-2-Z8/full_hardware/vitis/full_hardware_sw/_ide/psinit/ps7_init.tcl
ps7_init
ps7_post_config
targets -set -nocase -filter {name =~ "*A9*#0"}
dow D:/proyectosep2/IEE2463-SEP-Proyecto-2-Z8/full_hardware/vitis/full_hardware_sw/Debug/full_hardware_sw.elf
configparams force-mem-access 0
----------------End of Script----------------

16:44:21 INFO  : Context for processor 'ps7_cortexa9_0' is selected.
16:44:21 INFO  : 'con' command is executed.
16:44:21 INFO  : ----------------XSDB Script (After Launch)----------------
targets -set -nocase -filter {name =~ "*A9*#0"}
con
----------------End of Script----------------

16:44:21 INFO  : Launch script is exported to file 'D:\proyectosep2\IEE2463-SEP-Proyecto-2-Z8\full_hardware\vitis\.sdk\launch_scripts\single_application_debug\systemdebugger_full_hardware_sw_system_standalone.tcl'
16:46:39 INFO  : Checking for BSP changes to sync application flags for project 'full_hardware_sw'...
16:46:48 INFO  : Disconnected from the channel tcfchan#17.
16:46:48 INFO  : Connected to target on host '127.0.0.1' and port '3121'.
16:46:48 INFO  : Jtag cable 'Digilent Zybo Z7 210351B3FC8DA' is selected.
16:46:48 INFO  : 'jtag frequency' command is executed.
16:46:48 INFO  : Context for 'APU' is selected.
16:46:48 INFO  : System reset is completed.
16:46:51 INFO  : 'after 3000' command is executed.
16:46:51 INFO  : 'targets -set -filter {jtag_cable_name =~ "Digilent Zybo Z7 210351B3FC8DA" && level==0 && jtag_device_ctx=="jsn-Zybo Z7-210351B3FC8DA-13722093-0"}' command is executed.
16:46:52 INFO  : FPGA configured successfully with bitstream "D:/proyectosep2/IEE2463-SEP-Proyecto-2-Z8/full_hardware/vitis/full_hardware_sw/_ide/bitstream/DEMO_wrapper.bit"
16:46:52 INFO  : Context for 'APU' is selected.
16:46:52 INFO  : Hardware design and registers information is loaded from 'D:/proyectosep2/IEE2463-SEP-Proyecto-2-Z8/full_hardware/vitis/full_hardware_plt/export/full_hardware_plt/hw/DEMO_wrapper.xsa'.
16:46:52 INFO  : 'configparams force-mem-access 1' command is executed.
16:46:52 INFO  : Context for 'APU' is selected.
16:46:52 INFO  : Sourcing of 'D:/proyectosep2/IEE2463-SEP-Proyecto-2-Z8/full_hardware/vitis/full_hardware_sw/_ide/psinit/ps7_init.tcl' is done.
16:46:53 INFO  : 'ps7_init' command is executed.
16:46:53 INFO  : 'ps7_post_config' command is executed.
16:46:53 INFO  : Context for processor 'ps7_cortexa9_0' is selected.
16:46:53 INFO  : The application 'D:/proyectosep2/IEE2463-SEP-Proyecto-2-Z8/full_hardware/vitis/full_hardware_sw/Debug/full_hardware_sw.elf' is downloaded to processor 'ps7_cortexa9_0'.
16:46:53 INFO  : 'configparams force-mem-access 0' command is executed.
16:46:53 INFO  : ----------------XSDB Script----------------
connect -url tcp:127.0.0.1:3121
targets -set -nocase -filter {name =~"APU*"}
rst -system
after 3000
targets -set -filter {jtag_cable_name =~ "Digilent Zybo Z7 210351B3FC8DA" && level==0 && jtag_device_ctx=="jsn-Zybo Z7-210351B3FC8DA-13722093-0"}
fpga -file D:/proyectosep2/IEE2463-SEP-Proyecto-2-Z8/full_hardware/vitis/full_hardware_sw/_ide/bitstream/DEMO_wrapper.bit
targets -set -nocase -filter {name =~"APU*"}
loadhw -hw D:/proyectosep2/IEE2463-SEP-Proyecto-2-Z8/full_hardware/vitis/full_hardware_plt/export/full_hardware_plt/hw/DEMO_wrapper.xsa -mem-ranges [list {0x40000000 0xbfffffff}] -regs
configparams force-mem-access 1
targets -set -nocase -filter {name =~"APU*"}
source D:/proyectosep2/IEE2463-SEP-Proyecto-2-Z8/full_hardware/vitis/full_hardware_sw/_ide/psinit/ps7_init.tcl
ps7_init
ps7_post_config
targets -set -nocase -filter {name =~ "*A9*#0"}
dow D:/proyectosep2/IEE2463-SEP-Proyecto-2-Z8/full_hardware/vitis/full_hardware_sw/Debug/full_hardware_sw.elf
configparams force-mem-access 0
----------------End of Script----------------

16:46:54 INFO  : Context for processor 'ps7_cortexa9_0' is selected.
16:46:54 INFO  : 'con' command is executed.
16:46:54 INFO  : ----------------XSDB Script (After Launch)----------------
targets -set -nocase -filter {name =~ "*A9*#0"}
con
----------------End of Script----------------

16:46:54 INFO  : Launch script is exported to file 'D:\proyectosep2\IEE2463-SEP-Proyecto-2-Z8\full_hardware\vitis\.sdk\launch_scripts\single_application_debug\systemdebugger_full_hardware_sw_system_standalone.tcl'
16:49:05 INFO  : Checking for BSP changes to sync application flags for project 'full_hardware_sw'...
16:49:14 INFO  : Disconnected from the channel tcfchan#19.
16:49:14 INFO  : Connected to target on host '127.0.0.1' and port '3121'.
16:49:15 INFO  : Jtag cable 'Digilent Zybo Z7 210351B3FC8DA' is selected.
16:49:15 INFO  : 'jtag frequency' command is executed.
16:49:15 INFO  : Context for 'APU' is selected.
16:49:15 INFO  : System reset is completed.
16:49:18 INFO  : 'after 3000' command is executed.
16:49:18 INFO  : 'targets -set -filter {jtag_cable_name =~ "Digilent Zybo Z7 210351B3FC8DA" && level==0 && jtag_device_ctx=="jsn-Zybo Z7-210351B3FC8DA-13722093-0"}' command is executed.
16:49:19 INFO  : FPGA configured successfully with bitstream "D:/proyectosep2/IEE2463-SEP-Proyecto-2-Z8/full_hardware/vitis/full_hardware_sw/_ide/bitstream/DEMO_wrapper.bit"
16:49:19 INFO  : Context for 'APU' is selected.
16:49:19 INFO  : Hardware design and registers information is loaded from 'D:/proyectosep2/IEE2463-SEP-Proyecto-2-Z8/full_hardware/vitis/full_hardware_plt/export/full_hardware_plt/hw/DEMO_wrapper.xsa'.
16:49:19 INFO  : 'configparams force-mem-access 1' command is executed.
16:49:19 INFO  : Context for 'APU' is selected.
16:49:19 INFO  : Sourcing of 'D:/proyectosep2/IEE2463-SEP-Proyecto-2-Z8/full_hardware/vitis/full_hardware_sw/_ide/psinit/ps7_init.tcl' is done.
16:49:19 INFO  : 'ps7_init' command is executed.
16:49:19 INFO  : 'ps7_post_config' command is executed.
16:49:19 INFO  : Context for processor 'ps7_cortexa9_0' is selected.
16:49:20 INFO  : The application 'D:/proyectosep2/IEE2463-SEP-Proyecto-2-Z8/full_hardware/vitis/full_hardware_sw/Debug/full_hardware_sw.elf' is downloaded to processor 'ps7_cortexa9_0'.
16:49:20 INFO  : 'configparams force-mem-access 0' command is executed.
16:49:20 INFO  : ----------------XSDB Script----------------
connect -url tcp:127.0.0.1:3121
targets -set -nocase -filter {name =~"APU*"}
rst -system
after 3000
targets -set -filter {jtag_cable_name =~ "Digilent Zybo Z7 210351B3FC8DA" && level==0 && jtag_device_ctx=="jsn-Zybo Z7-210351B3FC8DA-13722093-0"}
fpga -file D:/proyectosep2/IEE2463-SEP-Proyecto-2-Z8/full_hardware/vitis/full_hardware_sw/_ide/bitstream/DEMO_wrapper.bit
targets -set -nocase -filter {name =~"APU*"}
loadhw -hw D:/proyectosep2/IEE2463-SEP-Proyecto-2-Z8/full_hardware/vitis/full_hardware_plt/export/full_hardware_plt/hw/DEMO_wrapper.xsa -mem-ranges [list {0x40000000 0xbfffffff}] -regs
configparams force-mem-access 1
targets -set -nocase -filter {name =~"APU*"}
source D:/proyectosep2/IEE2463-SEP-Proyecto-2-Z8/full_hardware/vitis/full_hardware_sw/_ide/psinit/ps7_init.tcl
ps7_init
ps7_post_config
targets -set -nocase -filter {name =~ "*A9*#0"}
dow D:/proyectosep2/IEE2463-SEP-Proyecto-2-Z8/full_hardware/vitis/full_hardware_sw/Debug/full_hardware_sw.elf
configparams force-mem-access 0
----------------End of Script----------------

16:49:20 INFO  : Context for processor 'ps7_cortexa9_0' is selected.
16:49:20 INFO  : 'con' command is executed.
16:49:20 INFO  : ----------------XSDB Script (After Launch)----------------
targets -set -nocase -filter {name =~ "*A9*#0"}
con
----------------End of Script----------------

16:49:20 INFO  : Launch script is exported to file 'D:\proyectosep2\IEE2463-SEP-Proyecto-2-Z8\full_hardware\vitis\.sdk\launch_scripts\single_application_debug\systemdebugger_full_hardware_sw_system_standalone.tcl'
16:51:08 INFO  : Checking for BSP changes to sync application flags for project 'full_hardware_sw'...
16:51:18 INFO  : Disconnected from the channel tcfchan#21.
16:51:18 INFO  : Connected to target on host '127.0.0.1' and port '3121'.
16:51:18 INFO  : Jtag cable 'Digilent Zybo Z7 210351B3FC8DA' is selected.
16:51:18 INFO  : 'jtag frequency' command is executed.
16:51:18 INFO  : Context for 'APU' is selected.
16:51:18 INFO  : System reset is completed.
16:51:21 INFO  : 'after 3000' command is executed.
16:51:21 INFO  : 'targets -set -filter {jtag_cable_name =~ "Digilent Zybo Z7 210351B3FC8DA" && level==0 && jtag_device_ctx=="jsn-Zybo Z7-210351B3FC8DA-13722093-0"}' command is executed.
16:51:22 INFO  : FPGA configured successfully with bitstream "D:/proyectosep2/IEE2463-SEP-Proyecto-2-Z8/full_hardware/vitis/full_hardware_sw/_ide/bitstream/DEMO_wrapper.bit"
16:51:22 INFO  : Context for 'APU' is selected.
16:51:22 INFO  : Hardware design and registers information is loaded from 'D:/proyectosep2/IEE2463-SEP-Proyecto-2-Z8/full_hardware/vitis/full_hardware_plt/export/full_hardware_plt/hw/DEMO_wrapper.xsa'.
16:51:22 INFO  : 'configparams force-mem-access 1' command is executed.
16:51:22 INFO  : Context for 'APU' is selected.
16:51:22 INFO  : Sourcing of 'D:/proyectosep2/IEE2463-SEP-Proyecto-2-Z8/full_hardware/vitis/full_hardware_sw/_ide/psinit/ps7_init.tcl' is done.
16:51:22 INFO  : 'ps7_init' command is executed.
16:51:22 INFO  : 'ps7_post_config' command is executed.
16:51:22 INFO  : Context for processor 'ps7_cortexa9_0' is selected.
16:51:23 INFO  : The application 'D:/proyectosep2/IEE2463-SEP-Proyecto-2-Z8/full_hardware/vitis/full_hardware_sw/Debug/full_hardware_sw.elf' is downloaded to processor 'ps7_cortexa9_0'.
16:51:23 INFO  : 'configparams force-mem-access 0' command is executed.
16:51:23 INFO  : ----------------XSDB Script----------------
connect -url tcp:127.0.0.1:3121
targets -set -nocase -filter {name =~"APU*"}
rst -system
after 3000
targets -set -filter {jtag_cable_name =~ "Digilent Zybo Z7 210351B3FC8DA" && level==0 && jtag_device_ctx=="jsn-Zybo Z7-210351B3FC8DA-13722093-0"}
fpga -file D:/proyectosep2/IEE2463-SEP-Proyecto-2-Z8/full_hardware/vitis/full_hardware_sw/_ide/bitstream/DEMO_wrapper.bit
targets -set -nocase -filter {name =~"APU*"}
loadhw -hw D:/proyectosep2/IEE2463-SEP-Proyecto-2-Z8/full_hardware/vitis/full_hardware_plt/export/full_hardware_plt/hw/DEMO_wrapper.xsa -mem-ranges [list {0x40000000 0xbfffffff}] -regs
configparams force-mem-access 1
targets -set -nocase -filter {name =~"APU*"}
source D:/proyectosep2/IEE2463-SEP-Proyecto-2-Z8/full_hardware/vitis/full_hardware_sw/_ide/psinit/ps7_init.tcl
ps7_init
ps7_post_config
targets -set -nocase -filter {name =~ "*A9*#0"}
dow D:/proyectosep2/IEE2463-SEP-Proyecto-2-Z8/full_hardware/vitis/full_hardware_sw/Debug/full_hardware_sw.elf
configparams force-mem-access 0
----------------End of Script----------------

16:51:23 INFO  : Context for processor 'ps7_cortexa9_0' is selected.
16:51:23 INFO  : 'con' command is executed.
16:51:23 INFO  : ----------------XSDB Script (After Launch)----------------
targets -set -nocase -filter {name =~ "*A9*#0"}
con
----------------End of Script----------------

16:51:23 INFO  : Launch script is exported to file 'D:\proyectosep2\IEE2463-SEP-Proyecto-2-Z8\full_hardware\vitis\.sdk\launch_scripts\single_application_debug\systemdebugger_full_hardware_sw_system_standalone.tcl'
16:51:56 INFO  : Checking for BSP changes to sync application flags for project 'full_hardware_sw'...
16:52:08 INFO  : Disconnected from the channel tcfchan#23.
16:52:08 INFO  : Connected to target on host '127.0.0.1' and port '3121'.
16:52:08 INFO  : Jtag cable 'Digilent Zybo Z7 210351B3FC8DA' is selected.
16:52:08 INFO  : 'jtag frequency' command is executed.
16:52:08 INFO  : Context for 'APU' is selected.
16:52:08 INFO  : System reset is completed.
16:52:11 INFO  : 'after 3000' command is executed.
16:52:11 INFO  : 'targets -set -filter {jtag_cable_name =~ "Digilent Zybo Z7 210351B3FC8DA" && level==0 && jtag_device_ctx=="jsn-Zybo Z7-210351B3FC8DA-13722093-0"}' command is executed.
16:52:12 INFO  : FPGA configured successfully with bitstream "D:/proyectosep2/IEE2463-SEP-Proyecto-2-Z8/full_hardware/vitis/full_hardware_sw/_ide/bitstream/DEMO_wrapper.bit"
16:52:12 INFO  : Context for 'APU' is selected.
16:52:12 INFO  : Hardware design and registers information is loaded from 'D:/proyectosep2/IEE2463-SEP-Proyecto-2-Z8/full_hardware/vitis/full_hardware_plt/export/full_hardware_plt/hw/DEMO_wrapper.xsa'.
16:52:12 INFO  : 'configparams force-mem-access 1' command is executed.
16:52:12 INFO  : Context for 'APU' is selected.
16:52:12 INFO  : Sourcing of 'D:/proyectosep2/IEE2463-SEP-Proyecto-2-Z8/full_hardware/vitis/full_hardware_sw/_ide/psinit/ps7_init.tcl' is done.
16:52:13 INFO  : 'ps7_init' command is executed.
16:52:13 INFO  : 'ps7_post_config' command is executed.
16:52:13 INFO  : Context for processor 'ps7_cortexa9_0' is selected.
16:52:13 INFO  : The application 'D:/proyectosep2/IEE2463-SEP-Proyecto-2-Z8/full_hardware/vitis/full_hardware_sw/Debug/full_hardware_sw.elf' is downloaded to processor 'ps7_cortexa9_0'.
16:52:13 INFO  : 'configparams force-mem-access 0' command is executed.
16:52:13 INFO  : ----------------XSDB Script----------------
connect -url tcp:127.0.0.1:3121
targets -set -nocase -filter {name =~"APU*"}
rst -system
after 3000
targets -set -filter {jtag_cable_name =~ "Digilent Zybo Z7 210351B3FC8DA" && level==0 && jtag_device_ctx=="jsn-Zybo Z7-210351B3FC8DA-13722093-0"}
fpga -file D:/proyectosep2/IEE2463-SEP-Proyecto-2-Z8/full_hardware/vitis/full_hardware_sw/_ide/bitstream/DEMO_wrapper.bit
targets -set -nocase -filter {name =~"APU*"}
loadhw -hw D:/proyectosep2/IEE2463-SEP-Proyecto-2-Z8/full_hardware/vitis/full_hardware_plt/export/full_hardware_plt/hw/DEMO_wrapper.xsa -mem-ranges [list {0x40000000 0xbfffffff}] -regs
configparams force-mem-access 1
targets -set -nocase -filter {name =~"APU*"}
source D:/proyectosep2/IEE2463-SEP-Proyecto-2-Z8/full_hardware/vitis/full_hardware_sw/_ide/psinit/ps7_init.tcl
ps7_init
ps7_post_config
targets -set -nocase -filter {name =~ "*A9*#0"}
dow D:/proyectosep2/IEE2463-SEP-Proyecto-2-Z8/full_hardware/vitis/full_hardware_sw/Debug/full_hardware_sw.elf
configparams force-mem-access 0
----------------End of Script----------------

16:52:13 INFO  : Context for processor 'ps7_cortexa9_0' is selected.
16:52:14 INFO  : 'con' command is executed.
16:52:14 INFO  : ----------------XSDB Script (After Launch)----------------
targets -set -nocase -filter {name =~ "*A9*#0"}
con
----------------End of Script----------------

16:52:14 INFO  : Launch script is exported to file 'D:\proyectosep2\IEE2463-SEP-Proyecto-2-Z8\full_hardware\vitis\.sdk\launch_scripts\single_application_debug\systemdebugger_full_hardware_sw_system_standalone.tcl'
16:52:29 INFO  : Checking for BSP changes to sync application flags for project 'full_hardware_sw'...
16:52:42 INFO  : Disconnected from the channel tcfchan#25.
16:52:43 INFO  : Connected to target on host '127.0.0.1' and port '3121'.
16:53:00 INFO  : Jtag cable 'Digilent Zybo Z7 210351B3FC8DA' is selected.
16:53:00 INFO  : 'jtag frequency' command is executed.
16:53:00 INFO  : Context for 'APU' is selected.
16:53:00 INFO  : System reset is completed.
16:53:03 INFO  : 'after 3000' command is executed.
16:53:04 INFO  : 'targets -set -filter {jtag_cable_name =~ "Digilent Zybo Z7 210351B3FC8DA" && level==0 && jtag_device_ctx=="jsn-Zybo Z7-210351B3FC8DA-13722093-0"}' command is executed.
16:53:05 INFO  : FPGA configured successfully with bitstream "D:/proyectosep2/IEE2463-SEP-Proyecto-2-Z8/full_hardware/vitis/full_hardware_sw/_ide/bitstream/DEMO_wrapper.bit"
16:53:05 INFO  : Context for 'APU' is selected.
16:53:05 INFO  : Hardware design and registers information is loaded from 'D:/proyectosep2/IEE2463-SEP-Proyecto-2-Z8/full_hardware/vitis/full_hardware_plt/export/full_hardware_plt/hw/DEMO_wrapper.xsa'.
16:53:05 INFO  : 'configparams force-mem-access 1' command is executed.
16:53:05 INFO  : Context for 'APU' is selected.
16:53:05 INFO  : Sourcing of 'D:/proyectosep2/IEE2463-SEP-Proyecto-2-Z8/full_hardware/vitis/full_hardware_sw/_ide/psinit/ps7_init.tcl' is done.
16:53:05 INFO  : 'ps7_init' command is executed.
16:53:05 INFO  : 'ps7_post_config' command is executed.
16:53:05 INFO  : Context for processor 'ps7_cortexa9_0' is selected.
16:53:06 INFO  : The application 'D:/proyectosep2/IEE2463-SEP-Proyecto-2-Z8/full_hardware/vitis/full_hardware_sw/Debug/full_hardware_sw.elf' is downloaded to processor 'ps7_cortexa9_0'.
16:53:06 INFO  : 'configparams force-mem-access 0' command is executed.
16:53:06 INFO  : ----------------XSDB Script----------------
connect -url tcp:127.0.0.1:3121
targets -set -nocase -filter {name =~"APU*"}
rst -system
after 3000
targets -set -filter {jtag_cable_name =~ "Digilent Zybo Z7 210351B3FC8DA" && level==0 && jtag_device_ctx=="jsn-Zybo Z7-210351B3FC8DA-13722093-0"}
fpga -file D:/proyectosep2/IEE2463-SEP-Proyecto-2-Z8/full_hardware/vitis/full_hardware_sw/_ide/bitstream/DEMO_wrapper.bit
targets -set -nocase -filter {name =~"APU*"}
loadhw -hw D:/proyectosep2/IEE2463-SEP-Proyecto-2-Z8/full_hardware/vitis/full_hardware_plt/export/full_hardware_plt/hw/DEMO_wrapper.xsa -mem-ranges [list {0x40000000 0xbfffffff}] -regs
configparams force-mem-access 1
targets -set -nocase -filter {name =~"APU*"}
source D:/proyectosep2/IEE2463-SEP-Proyecto-2-Z8/full_hardware/vitis/full_hardware_sw/_ide/psinit/ps7_init.tcl
ps7_init
ps7_post_config
targets -set -nocase -filter {name =~ "*A9*#0"}
dow D:/proyectosep2/IEE2463-SEP-Proyecto-2-Z8/full_hardware/vitis/full_hardware_sw/Debug/full_hardware_sw.elf
configparams force-mem-access 0
----------------End of Script----------------

16:53:06 INFO  : Context for processor 'ps7_cortexa9_0' is selected.
16:53:06 INFO  : 'con' command is executed.
16:53:06 INFO  : ----------------XSDB Script (After Launch)----------------
targets -set -nocase -filter {name =~ "*A9*#0"}
con
----------------End of Script----------------

16:53:06 INFO  : Launch script is exported to file 'D:\proyectosep2\IEE2463-SEP-Proyecto-2-Z8\full_hardware\vitis\.sdk\launch_scripts\single_application_debug\systemdebugger_full_hardware_sw_system_standalone.tcl'
17:09:50 INFO  : Checking for BSP changes to sync application flags for project 'full_hardware_sw'...
17:10:05 INFO  : Disconnected from the channel tcfchan#27.
17:10:05 INFO  : Connected to target on host '127.0.0.1' and port '3121'.
17:10:05 INFO  : Jtag cable 'Digilent Zybo Z7 210351B3FC8DA' is selected.
17:10:05 INFO  : 'jtag frequency' command is executed.
17:10:05 INFO  : Context for 'APU' is selected.
17:10:05 INFO  : System reset is completed.
17:10:08 INFO  : 'after 3000' command is executed.
17:10:08 INFO  : 'targets -set -filter {jtag_cable_name =~ "Digilent Zybo Z7 210351B3FC8DA" && level==0 && jtag_device_ctx=="jsn-Zybo Z7-210351B3FC8DA-13722093-0"}' command is executed.
17:10:10 INFO  : FPGA configured successfully with bitstream "D:/proyectosep2/IEE2463-SEP-Proyecto-2-Z8/full_hardware/vitis/full_hardware_sw/_ide/bitstream/DEMO_wrapper.bit"
17:10:10 INFO  : Context for 'APU' is selected.
17:10:10 INFO  : Hardware design and registers information is loaded from 'D:/proyectosep2/IEE2463-SEP-Proyecto-2-Z8/full_hardware/vitis/full_hardware_plt/export/full_hardware_plt/hw/DEMO_wrapper.xsa'.
17:10:10 INFO  : 'configparams force-mem-access 1' command is executed.
17:10:10 INFO  : Context for 'APU' is selected.
17:10:10 INFO  : Sourcing of 'D:/proyectosep2/IEE2463-SEP-Proyecto-2-Z8/full_hardware/vitis/full_hardware_sw/_ide/psinit/ps7_init.tcl' is done.
17:10:10 INFO  : 'ps7_init' command is executed.
17:10:10 INFO  : 'ps7_post_config' command is executed.
17:10:10 INFO  : Context for processor 'ps7_cortexa9_0' is selected.
17:10:11 INFO  : The application 'D:/proyectosep2/IEE2463-SEP-Proyecto-2-Z8/full_hardware/vitis/full_hardware_sw/Debug/full_hardware_sw.elf' is downloaded to processor 'ps7_cortexa9_0'.
17:10:11 INFO  : 'configparams force-mem-access 0' command is executed.
17:10:11 INFO  : ----------------XSDB Script----------------
connect -url tcp:127.0.0.1:3121
targets -set -nocase -filter {name =~"APU*"}
rst -system
after 3000
targets -set -filter {jtag_cable_name =~ "Digilent Zybo Z7 210351B3FC8DA" && level==0 && jtag_device_ctx=="jsn-Zybo Z7-210351B3FC8DA-13722093-0"}
fpga -file D:/proyectosep2/IEE2463-SEP-Proyecto-2-Z8/full_hardware/vitis/full_hardware_sw/_ide/bitstream/DEMO_wrapper.bit
targets -set -nocase -filter {name =~"APU*"}
loadhw -hw D:/proyectosep2/IEE2463-SEP-Proyecto-2-Z8/full_hardware/vitis/full_hardware_plt/export/full_hardware_plt/hw/DEMO_wrapper.xsa -mem-ranges [list {0x40000000 0xbfffffff}] -regs
configparams force-mem-access 1
targets -set -nocase -filter {name =~"APU*"}
source D:/proyectosep2/IEE2463-SEP-Proyecto-2-Z8/full_hardware/vitis/full_hardware_sw/_ide/psinit/ps7_init.tcl
ps7_init
ps7_post_config
targets -set -nocase -filter {name =~ "*A9*#0"}
dow D:/proyectosep2/IEE2463-SEP-Proyecto-2-Z8/full_hardware/vitis/full_hardware_sw/Debug/full_hardware_sw.elf
configparams force-mem-access 0
----------------End of Script----------------

17:10:11 INFO  : Context for processor 'ps7_cortexa9_0' is selected.
17:10:11 INFO  : 'con' command is executed.
17:10:11 INFO  : ----------------XSDB Script (After Launch)----------------
targets -set -nocase -filter {name =~ "*A9*#0"}
con
----------------End of Script----------------

17:10:11 INFO  : Launch script is exported to file 'D:\proyectosep2\IEE2463-SEP-Proyecto-2-Z8\full_hardware\vitis\.sdk\launch_scripts\single_application_debug\systemdebugger_full_hardware_sw_system_standalone.tcl'
17:11:10 INFO  : Result from executing command 'getProjects': full_hardware_plt
17:11:10 INFO  : Result from executing command 'getPlatforms': full_hardware_plt|D:/proyectosep2/IEE2463-SEP-Proyecto-2-Z8/full_hardware/vitis/full_hardware_plt/export/full_hardware_plt/full_hardware_plt.xpfm
17:11:14 INFO  : Successfully done sdx_reload_mss "D:/proyectosep2/IEE2463-SEP-Proyecto-2-Z8/full_hardware/vitis/full_hardware_plt/ps7_cortexa9_1/music_domain/bsp/system.mss"
17:11:17 INFO  : (SwPlatform)  Successfully done add_library 
17:11:18 INFO  : (SwPlatform) Successfully done update_mss 
17:11:18 INFO  : Successfully done sdx_reload_mss "D:/proyectosep2/IEE2463-SEP-Proyecto-2-Z8/full_hardware/vitis/full_hardware_plt/ps7_cortexa9_1/music_domain/bsp/system.mss"
17:11:49 INFO  : Result from executing command 'getProjects': full_hardware_plt
17:11:49 INFO  : Result from executing command 'getPlatforms': full_hardware_plt|D:/proyectosep2/IEE2463-SEP-Proyecto-2-Z8/full_hardware/vitis/full_hardware_plt/export/full_hardware_plt/full_hardware_plt.xpfm
17:17:02 INFO  : Checking for BSP changes to sync application flags for project 'full_hardware_sw'...
17:17:19 INFO  : Checking for BSP changes to sync application flags for project 'music_player_sw'...
17:17:32 INFO  : Checking for BSP changes to sync application flags for project 'full_hardware_sw'...
17:17:37 INFO  : Checking for BSP changes to sync application flags for project 'music_player_sw'...
17:18:46 INFO  : Disconnected from the channel tcfchan#29.
17:18:46 INFO  : Connected to target on host '127.0.0.1' and port '3121'.
17:18:46 INFO  : Jtag cable 'Digilent Zybo Z7 210351B3FC8DA' is selected.
17:18:46 INFO  : 'jtag frequency' command is executed.
17:18:46 INFO  : Context for 'APU' is selected.
17:18:46 INFO  : System reset is completed.
17:18:49 INFO  : 'after 3000' command is executed.
17:18:49 INFO  : 'targets -set -filter {jtag_cable_name =~ "Digilent Zybo Z7 210351B3FC8DA" && level==0 && jtag_device_ctx=="jsn-Zybo Z7-210351B3FC8DA-13722093-0"}' command is executed.
17:18:51 INFO  : FPGA configured successfully with bitstream "D:/proyectosep2/IEE2463-SEP-Proyecto-2-Z8/full_hardware/vitis/full_hardware_sw/_ide/bitstream/DEMO_wrapper.bit"
17:18:51 INFO  : Context for 'APU' is selected.
17:18:51 INFO  : Hardware design and registers information is loaded from 'D:/proyectosep2/IEE2463-SEP-Proyecto-2-Z8/full_hardware/vitis/full_hardware_plt/export/full_hardware_plt/hw/DEMO_wrapper.xsa'.
17:18:51 INFO  : 'configparams force-mem-access 1' command is executed.
17:18:51 INFO  : Context for 'APU' is selected.
17:18:51 INFO  : Sourcing of 'D:/proyectosep2/IEE2463-SEP-Proyecto-2-Z8/full_hardware/vitis/full_hardware_sw/_ide/psinit/ps7_init.tcl' is done.
17:18:51 INFO  : 'ps7_init' command is executed.
17:18:51 INFO  : 'ps7_post_config' command is executed.
17:18:51 INFO  : Context for processor 'ps7_cortexa9_0' is selected.
17:18:52 INFO  : The application 'D:/proyectosep2/IEE2463-SEP-Proyecto-2-Z8/full_hardware/vitis/full_hardware_sw/Debug/full_hardware_sw.elf' is downloaded to processor 'ps7_cortexa9_0'.
17:18:52 INFO  : 'configparams force-mem-access 0' command is executed.
17:18:52 INFO  : ----------------XSDB Script----------------
connect -url tcp:127.0.0.1:3121
targets -set -nocase -filter {name =~"APU*"}
rst -system
after 3000
targets -set -filter {jtag_cable_name =~ "Digilent Zybo Z7 210351B3FC8DA" && level==0 && jtag_device_ctx=="jsn-Zybo Z7-210351B3FC8DA-13722093-0"}
fpga -file D:/proyectosep2/IEE2463-SEP-Proyecto-2-Z8/full_hardware/vitis/full_hardware_sw/_ide/bitstream/DEMO_wrapper.bit
targets -set -nocase -filter {name =~"APU*"}
loadhw -hw D:/proyectosep2/IEE2463-SEP-Proyecto-2-Z8/full_hardware/vitis/full_hardware_plt/export/full_hardware_plt/hw/DEMO_wrapper.xsa -mem-ranges [list {0x40000000 0xbfffffff}] -regs
configparams force-mem-access 1
targets -set -nocase -filter {name =~"APU*"}
source D:/proyectosep2/IEE2463-SEP-Proyecto-2-Z8/full_hardware/vitis/full_hardware_sw/_ide/psinit/ps7_init.tcl
ps7_init
ps7_post_config
targets -set -nocase -filter {name =~ "*A9*#0"}
dow D:/proyectosep2/IEE2463-SEP-Proyecto-2-Z8/full_hardware/vitis/full_hardware_sw/Debug/full_hardware_sw.elf
configparams force-mem-access 0
----------------End of Script----------------

17:18:52 INFO  : Context for processor 'ps7_cortexa9_0' is selected.
17:18:52 INFO  : 'con' command is executed.
17:18:52 INFO  : ----------------XSDB Script (After Launch)----------------
targets -set -nocase -filter {name =~ "*A9*#0"}
con
----------------End of Script----------------

17:18:52 INFO  : Launch script is exported to file 'D:\proyectosep2\IEE2463-SEP-Proyecto-2-Z8\full_hardware\vitis\.sdk\launch_scripts\single_application_debug\systemdebugger_full_hardware_sw_system_standalone.tcl'
17:19:08 INFO  : Disconnected from the channel tcfchan#35.
17:19:09 INFO  : Connected to target on host '127.0.0.1' and port '3121'.
17:19:09 INFO  : Jtag cable 'Digilent Zybo Z7 210351B3FC8DA' is selected.
17:19:09 INFO  : 'jtag frequency' command is executed.
17:19:09 INFO  : Context for 'APU' is selected.
17:19:09 INFO  : System reset is completed.
17:19:12 INFO  : 'after 3000' command is executed.
17:19:12 INFO  : 'targets -set -filter {jtag_cable_name =~ "Digilent Zybo Z7 210351B3FC8DA" && level==0 && jtag_device_ctx=="jsn-Zybo Z7-210351B3FC8DA-13722093-0"}' command is executed.
17:19:13 INFO  : FPGA configured successfully with bitstream "D:/proyectosep2/IEE2463-SEP-Proyecto-2-Z8/full_hardware/vitis/music_player_sw/_ide/bitstream/DEMO_wrapper.bit"
17:19:13 INFO  : Context for 'APU' is selected.
17:19:13 INFO  : Hardware design and registers information is loaded from 'D:/proyectosep2/IEE2463-SEP-Proyecto-2-Z8/full_hardware/vitis/full_hardware_plt/export/full_hardware_plt/hw/DEMO_wrapper.xsa'.
17:19:13 INFO  : 'configparams force-mem-access 1' command is executed.
17:19:13 INFO  : Context for 'APU' is selected.
17:19:13 INFO  : Sourcing of 'D:/proyectosep2/IEE2463-SEP-Proyecto-2-Z8/full_hardware/vitis/music_player_sw/_ide/psinit/ps7_init.tcl' is done.
17:19:14 INFO  : 'ps7_init' command is executed.
17:19:14 INFO  : 'ps7_post_config' command is executed.
17:19:14 INFO  : Context for processor 'ps7_cortexa9_1' is selected.
17:19:14 INFO  : The application 'D:/proyectosep2/IEE2463-SEP-Proyecto-2-Z8/full_hardware/vitis/music_player_sw/Debug/music_player_sw.elf' is downloaded to processor 'ps7_cortexa9_1'.
17:19:14 INFO  : 'configparams force-mem-access 0' command is executed.
17:19:14 INFO  : ----------------XSDB Script----------------
connect -url tcp:127.0.0.1:3121
targets -set -nocase -filter {name =~"APU*"}
rst -system
after 3000
targets -set -filter {jtag_cable_name =~ "Digilent Zybo Z7 210351B3FC8DA" && level==0 && jtag_device_ctx=="jsn-Zybo Z7-210351B3FC8DA-13722093-0"}
fpga -file D:/proyectosep2/IEE2463-SEP-Proyecto-2-Z8/full_hardware/vitis/music_player_sw/_ide/bitstream/DEMO_wrapper.bit
targets -set -nocase -filter {name =~"APU*"}
loadhw -hw D:/proyectosep2/IEE2463-SEP-Proyecto-2-Z8/full_hardware/vitis/full_hardware_plt/export/full_hardware_plt/hw/DEMO_wrapper.xsa -mem-ranges [list {0x40000000 0xbfffffff}] -regs
configparams force-mem-access 1
targets -set -nocase -filter {name =~"APU*"}
source D:/proyectosep2/IEE2463-SEP-Proyecto-2-Z8/full_hardware/vitis/music_player_sw/_ide/psinit/ps7_init.tcl
ps7_init
ps7_post_config
targets -set -nocase -filter {name =~ "*A9*#1"}
dow D:/proyectosep2/IEE2463-SEP-Proyecto-2-Z8/full_hardware/vitis/music_player_sw/Debug/music_player_sw.elf
configparams force-mem-access 0
----------------End of Script----------------

17:19:14 INFO  : Context for processor 'ps7_cortexa9_1' is selected.
17:19:14 INFO  : 'con' command is executed.
17:19:14 INFO  : ----------------XSDB Script (After Launch)----------------
targets -set -nocase -filter {name =~ "*A9*#1"}
con
----------------End of Script----------------

17:19:14 INFO  : Launch script is exported to file 'D:\proyectosep2\IEE2463-SEP-Proyecto-2-Z8\full_hardware\vitis\.sdk\launch_scripts\single_application_debug\systemdebugger_music_player_sw_system_standalone.tcl'
17:22:57 INFO  : Checking for BSP changes to sync application flags for project 'full_hardware_sw'...
17:22:58 INFO  : Checking for BSP changes to sync application flags for project 'music_player_sw'...
17:23:25 INFO  : Checking for BSP changes to sync application flags for project 'full_hardware_sw'...
17:23:26 INFO  : Checking for BSP changes to sync application flags for project 'music_player_sw'...
17:23:44 INFO  : Disconnected from the channel tcfchan#36.
17:23:45 INFO  : Connected to target on host '127.0.0.1' and port '3121'.
17:23:51 INFO  : Jtag cable 'Digilent Zybo Z7 210351B3FC8DA' is selected.
17:23:51 INFO  : 'jtag frequency' command is executed.
17:23:51 INFO  : Context for 'APU' is selected.
17:23:51 INFO  : System reset is completed.
17:23:54 INFO  : 'after 3000' command is executed.
17:23:54 INFO  : 'targets -set -filter {jtag_cable_name =~ "Digilent Zybo Z7 210351B3FC8DA" && level==0 && jtag_device_ctx=="jsn-Zybo Z7-210351B3FC8DA-13722093-0"}' command is executed.
17:23:55 INFO  : FPGA configured successfully with bitstream "D:/proyectosep2/IEE2463-SEP-Proyecto-2-Z8/full_hardware/vitis/full_hardware_sw/_ide/bitstream/DEMO_wrapper.bit"
17:23:55 INFO  : Context for 'APU' is selected.
17:23:55 INFO  : Hardware design and registers information is loaded from 'D:/proyectosep2/IEE2463-SEP-Proyecto-2-Z8/full_hardware/vitis/full_hardware_plt/export/full_hardware_plt/hw/DEMO_wrapper.xsa'.
17:23:55 INFO  : 'configparams force-mem-access 1' command is executed.
17:23:55 INFO  : Context for 'APU' is selected.
17:23:55 INFO  : Sourcing of 'D:/proyectosep2/IEE2463-SEP-Proyecto-2-Z8/full_hardware/vitis/full_hardware_sw/_ide/psinit/ps7_init.tcl' is done.
17:23:56 INFO  : 'ps7_init' command is executed.
17:23:56 INFO  : 'ps7_post_config' command is executed.
17:23:56 INFO  : Context for processor 'ps7_cortexa9_0' is selected.
17:23:57 INFO  : The application 'D:/proyectosep2/IEE2463-SEP-Proyecto-2-Z8/full_hardware/vitis/full_hardware_sw/Debug/full_hardware_sw.elf' is downloaded to processor 'ps7_cortexa9_0'.
17:23:57 INFO  : Context for processor 'ps7_cortexa9_1' is selected.
17:23:57 INFO  : The application 'D:/proyectosep2/IEE2463-SEP-Proyecto-2-Z8/full_hardware/vitis/music_player_sw/Debug/music_player_sw.elf' is downloaded to processor 'ps7_cortexa9_1'.
17:23:57 INFO  : 'configparams force-mem-access 0' command is executed.
17:23:57 INFO  : ----------------XSDB Script----------------
connect -url tcp:127.0.0.1:3121
targets -set -nocase -filter {name =~"APU*"}
rst -system
after 3000
targets -set -filter {jtag_cable_name =~ "Digilent Zybo Z7 210351B3FC8DA" && level==0 && jtag_device_ctx=="jsn-Zybo Z7-210351B3FC8DA-13722093-0"}
fpga -file D:/proyectosep2/IEE2463-SEP-Proyecto-2-Z8/full_hardware/vitis/full_hardware_sw/_ide/bitstream/DEMO_wrapper.bit
targets -set -nocase -filter {name =~"APU*"}
loadhw -hw D:/proyectosep2/IEE2463-SEP-Proyecto-2-Z8/full_hardware/vitis/full_hardware_plt/export/full_hardware_plt/hw/DEMO_wrapper.xsa -mem-ranges [list {0x40000000 0xbfffffff}] -regs
configparams force-mem-access 1
targets -set -nocase -filter {name =~"APU*"}
source D:/proyectosep2/IEE2463-SEP-Proyecto-2-Z8/full_hardware/vitis/full_hardware_sw/_ide/psinit/ps7_init.tcl
ps7_init
ps7_post_config
targets -set -nocase -filter {name =~ "*A9*#0"}
dow D:/proyectosep2/IEE2463-SEP-Proyecto-2-Z8/full_hardware/vitis/full_hardware_sw/Debug/full_hardware_sw.elf
targets -set -nocase -filter {name =~ "*A9*#1"}
dow D:/proyectosep2/IEE2463-SEP-Proyecto-2-Z8/full_hardware/vitis/music_player_sw/Debug/music_player_sw.elf
configparams force-mem-access 0
----------------End of Script----------------

17:23:57 INFO  : Context for processor 'ps7_cortexa9_0' is selected.
17:23:57 INFO  : 'con' command is executed.
17:23:57 INFO  : Context for processor 'ps7_cortexa9_1' is selected.
17:23:57 INFO  : 'con' command is executed.
17:23:57 INFO  : ----------------XSDB Script (After Launch)----------------
targets -set -nocase -filter {name =~ "*A9*#0"}
con
targets -set -nocase -filter {name =~ "*A9*#1"}
con
----------------End of Script----------------

17:23:57 INFO  : Launch script is exported to file 'D:\proyectosep2\IEE2463-SEP-Proyecto-2-Z8\full_hardware\vitis\.sdk\launch_scripts\single_application_debug\systemdebugger_full_hardware_sw_system_standalone.tcl'
17:24:24 INFO  : Checking for BSP changes to sync application flags for project 'full_hardware_sw'...
17:26:10 INFO  : Disconnected from the channel tcfchan#39.
17:26:10 INFO  : Connected to target on host '127.0.0.1' and port '3121'.
17:26:10 INFO  : Jtag cable 'Digilent Zybo Z7 210351B3FC8DA' is selected.
17:26:10 INFO  : 'jtag frequency' command is executed.
17:26:10 INFO  : Context for 'APU' is selected.
17:26:10 INFO  : System reset is completed.
17:26:13 INFO  : 'after 3000' command is executed.
17:26:13 INFO  : 'targets -set -filter {jtag_cable_name =~ "Digilent Zybo Z7 210351B3FC8DA" && level==0 && jtag_device_ctx=="jsn-Zybo Z7-210351B3FC8DA-13722093-0"}' command is executed.
17:26:14 INFO  : FPGA configured successfully with bitstream "D:/proyectosep2/IEE2463-SEP-Proyecto-2-Z8/full_hardware/vitis/full_hardware_sw/_ide/bitstream/DEMO_wrapper.bit"
17:26:14 INFO  : Context for 'APU' is selected.
17:26:14 INFO  : Hardware design and registers information is loaded from 'D:/proyectosep2/IEE2463-SEP-Proyecto-2-Z8/full_hardware/vitis/full_hardware_plt/export/full_hardware_plt/hw/DEMO_wrapper.xsa'.
17:26:14 INFO  : 'configparams force-mem-access 1' command is executed.
17:26:15 INFO  : Context for 'APU' is selected.
17:26:15 INFO  : Sourcing of 'D:/proyectosep2/IEE2463-SEP-Proyecto-2-Z8/full_hardware/vitis/full_hardware_sw/_ide/psinit/ps7_init.tcl' is done.
17:26:15 INFO  : 'ps7_init' command is executed.
17:26:15 INFO  : 'ps7_post_config' command is executed.
17:26:15 INFO  : Context for processor 'ps7_cortexa9_0' is selected.
17:26:16 INFO  : The application 'D:/proyectosep2/IEE2463-SEP-Proyecto-2-Z8/full_hardware/vitis/full_hardware_sw/Debug/full_hardware_sw.elf' is downloaded to processor 'ps7_cortexa9_0'.
17:26:16 INFO  : Context for processor 'ps7_cortexa9_1' is selected.
17:26:16 INFO  : The application 'D:/proyectosep2/IEE2463-SEP-Proyecto-2-Z8/full_hardware/vitis/music_player_sw/Debug/music_player_sw.elf' is downloaded to processor 'ps7_cortexa9_1'.
17:26:16 INFO  : 'configparams force-mem-access 0' command is executed.
17:26:16 INFO  : ----------------XSDB Script----------------
connect -url tcp:127.0.0.1:3121
targets -set -nocase -filter {name =~"APU*"}
rst -system
after 3000
targets -set -filter {jtag_cable_name =~ "Digilent Zybo Z7 210351B3FC8DA" && level==0 && jtag_device_ctx=="jsn-Zybo Z7-210351B3FC8DA-13722093-0"}
fpga -file D:/proyectosep2/IEE2463-SEP-Proyecto-2-Z8/full_hardware/vitis/full_hardware_sw/_ide/bitstream/DEMO_wrapper.bit
targets -set -nocase -filter {name =~"APU*"}
loadhw -hw D:/proyectosep2/IEE2463-SEP-Proyecto-2-Z8/full_hardware/vitis/full_hardware_plt/export/full_hardware_plt/hw/DEMO_wrapper.xsa -mem-ranges [list {0x40000000 0xbfffffff}] -regs
configparams force-mem-access 1
targets -set -nocase -filter {name =~"APU*"}
source D:/proyectosep2/IEE2463-SEP-Proyecto-2-Z8/full_hardware/vitis/full_hardware_sw/_ide/psinit/ps7_init.tcl
ps7_init
ps7_post_config
targets -set -nocase -filter {name =~ "*A9*#0"}
dow D:/proyectosep2/IEE2463-SEP-Proyecto-2-Z8/full_hardware/vitis/full_hardware_sw/Debug/full_hardware_sw.elf
targets -set -nocase -filter {name =~ "*A9*#1"}
dow D:/proyectosep2/IEE2463-SEP-Proyecto-2-Z8/full_hardware/vitis/music_player_sw/Debug/music_player_sw.elf
configparams force-mem-access 0
----------------End of Script----------------

17:26:16 INFO  : Context for processor 'ps7_cortexa9_0' is selected.
17:26:16 INFO  : 'con' command is executed.
17:26:16 INFO  : Context for processor 'ps7_cortexa9_1' is selected.
17:26:16 INFO  : 'con' command is executed.
17:26:16 INFO  : ----------------XSDB Script (After Launch)----------------
targets -set -nocase -filter {name =~ "*A9*#0"}
con
targets -set -nocase -filter {name =~ "*A9*#1"}
con
----------------End of Script----------------

17:26:16 INFO  : Launch script is exported to file 'D:\proyectosep2\IEE2463-SEP-Proyecto-2-Z8\full_hardware\vitis\.sdk\launch_scripts\single_application_debug\systemdebugger_full_hardware_sw_system_standalone.tcl'
17:26:32 INFO  : Checking for BSP changes to sync application flags for project 'music_player_sw'...
17:28:06 INFO  : Checking for BSP changes to sync application flags for project 'music_player_sw'...
17:28:12 INFO  : Checking for BSP changes to sync application flags for project 'full_hardware_sw'...
17:28:25 INFO  : Disconnected from the channel tcfchan#40.
17:28:25 INFO  : Connected to target on host '127.0.0.1' and port '3121'.
17:28:25 INFO  : Jtag cable 'Digilent Zybo Z7 210351B3FC8DA' is selected.
17:28:25 INFO  : 'jtag frequency' command is executed.
17:28:25 INFO  : Context for 'APU' is selected.
17:28:25 INFO  : System reset is completed.
17:28:28 INFO  : 'after 3000' command is executed.
17:28:29 INFO  : 'targets -set -filter {jtag_cable_name =~ "Digilent Zybo Z7 210351B3FC8DA" && level==0 && jtag_device_ctx=="jsn-Zybo Z7-210351B3FC8DA-13722093-0"}' command is executed.
17:28:30 INFO  : FPGA configured successfully with bitstream "D:/proyectosep2/IEE2463-SEP-Proyecto-2-Z8/full_hardware/vitis/full_hardware_sw/_ide/bitstream/DEMO_wrapper.bit"
17:28:30 INFO  : Context for 'APU' is selected.
17:28:30 INFO  : Hardware design and registers information is loaded from 'D:/proyectosep2/IEE2463-SEP-Proyecto-2-Z8/full_hardware/vitis/full_hardware_plt/export/full_hardware_plt/hw/DEMO_wrapper.xsa'.
17:28:30 INFO  : 'configparams force-mem-access 1' command is executed.
17:28:30 INFO  : Context for 'APU' is selected.
17:28:30 INFO  : Sourcing of 'D:/proyectosep2/IEE2463-SEP-Proyecto-2-Z8/full_hardware/vitis/full_hardware_sw/_ide/psinit/ps7_init.tcl' is done.
17:28:30 INFO  : 'ps7_init' command is executed.
17:28:30 INFO  : 'ps7_post_config' command is executed.
17:28:30 INFO  : Context for processor 'ps7_cortexa9_0' is selected.
17:28:31 INFO  : The application 'D:/proyectosep2/IEE2463-SEP-Proyecto-2-Z8/full_hardware/vitis/full_hardware_sw/Debug/full_hardware_sw.elf' is downloaded to processor 'ps7_cortexa9_0'.
17:28:31 INFO  : Context for processor 'ps7_cortexa9_1' is selected.
17:28:31 INFO  : The application 'D:/proyectosep2/IEE2463-SEP-Proyecto-2-Z8/full_hardware/vitis/music_player_sw/Debug/music_player_sw.elf' is downloaded to processor 'ps7_cortexa9_1'.
17:28:31 INFO  : 'configparams force-mem-access 0' command is executed.
17:28:31 INFO  : ----------------XSDB Script----------------
connect -url tcp:127.0.0.1:3121
targets -set -nocase -filter {name =~"APU*"}
rst -system
after 3000
targets -set -filter {jtag_cable_name =~ "Digilent Zybo Z7 210351B3FC8DA" && level==0 && jtag_device_ctx=="jsn-Zybo Z7-210351B3FC8DA-13722093-0"}
fpga -file D:/proyectosep2/IEE2463-SEP-Proyecto-2-Z8/full_hardware/vitis/full_hardware_sw/_ide/bitstream/DEMO_wrapper.bit
targets -set -nocase -filter {name =~"APU*"}
loadhw -hw D:/proyectosep2/IEE2463-SEP-Proyecto-2-Z8/full_hardware/vitis/full_hardware_plt/export/full_hardware_plt/hw/DEMO_wrapper.xsa -mem-ranges [list {0x40000000 0xbfffffff}] -regs
configparams force-mem-access 1
targets -set -nocase -filter {name =~"APU*"}
source D:/proyectosep2/IEE2463-SEP-Proyecto-2-Z8/full_hardware/vitis/full_hardware_sw/_ide/psinit/ps7_init.tcl
ps7_init
ps7_post_config
targets -set -nocase -filter {name =~ "*A9*#0"}
dow D:/proyectosep2/IEE2463-SEP-Proyecto-2-Z8/full_hardware/vitis/full_hardware_sw/Debug/full_hardware_sw.elf
targets -set -nocase -filter {name =~ "*A9*#1"}
dow D:/proyectosep2/IEE2463-SEP-Proyecto-2-Z8/full_hardware/vitis/music_player_sw/Debug/music_player_sw.elf
configparams force-mem-access 0
----------------End of Script----------------

17:28:31 INFO  : Context for processor 'ps7_cortexa9_0' is selected.
17:28:31 INFO  : 'con' command is executed.
17:28:32 INFO  : Context for processor 'ps7_cortexa9_1' is selected.
17:28:32 INFO  : 'con' command is executed.
17:28:32 INFO  : ----------------XSDB Script (After Launch)----------------
targets -set -nocase -filter {name =~ "*A9*#0"}
con
targets -set -nocase -filter {name =~ "*A9*#1"}
con
----------------End of Script----------------

17:28:32 INFO  : Launch script is exported to file 'D:\proyectosep2\IEE2463-SEP-Proyecto-2-Z8\full_hardware\vitis\.sdk\launch_scripts\single_application_debug\systemdebugger_full_hardware_sw_system_standalone.tcl'
17:35:51 INFO  : Checking for BSP changes to sync application flags for project 'music_player_sw'...
17:35:54 INFO  : Checking for BSP changes to sync application flags for project 'full_hardware_sw'...
17:35:55 INFO  : Checking for BSP changes to sync application flags for project 'music_player_sw'...
17:36:06 INFO  : Disconnected from the channel tcfchan#41.
17:36:06 INFO  : Connected to target on host '127.0.0.1' and port '3121'.
17:36:06 INFO  : Jtag cable 'Digilent Zybo Z7 210351B3FC8DA' is selected.
17:36:06 INFO  : 'jtag frequency' command is executed.
17:36:06 INFO  : Context for 'APU' is selected.
17:36:06 INFO  : System reset is completed.
17:36:09 INFO  : 'after 3000' command is executed.
17:36:09 INFO  : 'targets -set -filter {jtag_cable_name =~ "Digilent Zybo Z7 210351B3FC8DA" && level==0 && jtag_device_ctx=="jsn-Zybo Z7-210351B3FC8DA-13722093-0"}' command is executed.
17:36:10 INFO  : FPGA configured successfully with bitstream "D:/proyectosep2/IEE2463-SEP-Proyecto-2-Z8/full_hardware/vitis/full_hardware_sw/_ide/bitstream/DEMO_wrapper.bit"
17:36:10 INFO  : Context for 'APU' is selected.
17:36:10 INFO  : Hardware design and registers information is loaded from 'D:/proyectosep2/IEE2463-SEP-Proyecto-2-Z8/full_hardware/vitis/full_hardware_plt/export/full_hardware_plt/hw/DEMO_wrapper.xsa'.
17:36:10 INFO  : 'configparams force-mem-access 1' command is executed.
17:36:10 INFO  : Context for 'APU' is selected.
17:36:10 INFO  : Sourcing of 'D:/proyectosep2/IEE2463-SEP-Proyecto-2-Z8/full_hardware/vitis/full_hardware_sw/_ide/psinit/ps7_init.tcl' is done.
17:36:11 INFO  : 'ps7_init' command is executed.
17:36:11 INFO  : 'ps7_post_config' command is executed.
17:36:11 INFO  : Context for processor 'ps7_cortexa9_0' is selected.
17:36:11 INFO  : The application 'D:/proyectosep2/IEE2463-SEP-Proyecto-2-Z8/full_hardware/vitis/full_hardware_sw/Debug/full_hardware_sw.elf' is downloaded to processor 'ps7_cortexa9_0'.
17:36:11 INFO  : Context for processor 'ps7_cortexa9_1' is selected.
17:36:12 INFO  : The application 'D:/proyectosep2/IEE2463-SEP-Proyecto-2-Z8/full_hardware/vitis/music_player_sw/Debug/music_player_sw.elf' is downloaded to processor 'ps7_cortexa9_1'.
17:36:12 INFO  : 'configparams force-mem-access 0' command is executed.
17:36:12 INFO  : ----------------XSDB Script----------------
connect -url tcp:127.0.0.1:3121
targets -set -nocase -filter {name =~"APU*"}
rst -system
after 3000
targets -set -filter {jtag_cable_name =~ "Digilent Zybo Z7 210351B3FC8DA" && level==0 && jtag_device_ctx=="jsn-Zybo Z7-210351B3FC8DA-13722093-0"}
fpga -file D:/proyectosep2/IEE2463-SEP-Proyecto-2-Z8/full_hardware/vitis/full_hardware_sw/_ide/bitstream/DEMO_wrapper.bit
targets -set -nocase -filter {name =~"APU*"}
loadhw -hw D:/proyectosep2/IEE2463-SEP-Proyecto-2-Z8/full_hardware/vitis/full_hardware_plt/export/full_hardware_plt/hw/DEMO_wrapper.xsa -mem-ranges [list {0x40000000 0xbfffffff}] -regs
configparams force-mem-access 1
targets -set -nocase -filter {name =~"APU*"}
source D:/proyectosep2/IEE2463-SEP-Proyecto-2-Z8/full_hardware/vitis/full_hardware_sw/_ide/psinit/ps7_init.tcl
ps7_init
ps7_post_config
targets -set -nocase -filter {name =~ "*A9*#0"}
dow D:/proyectosep2/IEE2463-SEP-Proyecto-2-Z8/full_hardware/vitis/full_hardware_sw/Debug/full_hardware_sw.elf
targets -set -nocase -filter {name =~ "*A9*#1"}
dow D:/proyectosep2/IEE2463-SEP-Proyecto-2-Z8/full_hardware/vitis/music_player_sw/Debug/music_player_sw.elf
configparams force-mem-access 0
----------------End of Script----------------

17:36:12 INFO  : Context for processor 'ps7_cortexa9_0' is selected.
17:36:12 INFO  : 'con' command is executed.
17:36:12 INFO  : Context for processor 'ps7_cortexa9_1' is selected.
17:36:12 INFO  : 'con' command is executed.
17:36:12 INFO  : ----------------XSDB Script (After Launch)----------------
targets -set -nocase -filter {name =~ "*A9*#0"}
con
targets -set -nocase -filter {name =~ "*A9*#1"}
con
----------------End of Script----------------

17:36:12 INFO  : Launch script is exported to file 'D:\proyectosep2\IEE2463-SEP-Proyecto-2-Z8\full_hardware\vitis\.sdk\launch_scripts\single_application_debug\systemdebugger_full_hardware_sw_system_standalone.tcl'
17:40:44 INFO  : Disconnected from the channel tcfchan#43.
17:40:45 INFO  : Connected to target on host '127.0.0.1' and port '3121'.
17:40:45 INFO  : Jtag cable 'Digilent Zybo Z7 210351B3FC8DA' is selected.
17:40:45 INFO  : 'jtag frequency' command is executed.
17:40:45 INFO  : Context for 'APU' is selected.
17:40:45 INFO  : System reset is completed.
17:40:48 INFO  : 'after 3000' command is executed.
17:40:48 INFO  : 'targets -set -filter {jtag_cable_name =~ "Digilent Zybo Z7 210351B3FC8DA" && level==0 && jtag_device_ctx=="jsn-Zybo Z7-210351B3FC8DA-13722093-0"}' command is executed.
17:40:50 INFO  : FPGA configured successfully with bitstream "D:/proyectosep2/IEE2463-SEP-Proyecto-2-Z8/full_hardware/vitis/full_hardware_sw/_ide/bitstream/DEMO_wrapper.bit"
17:40:50 INFO  : Context for 'APU' is selected.
17:40:50 INFO  : Hardware design and registers information is loaded from 'D:/proyectosep2/IEE2463-SEP-Proyecto-2-Z8/full_hardware/vitis/full_hardware_plt/export/full_hardware_plt/hw/DEMO_wrapper.xsa'.
17:40:50 INFO  : 'configparams force-mem-access 1' command is executed.
17:40:50 INFO  : Context for 'APU' is selected.
17:40:50 INFO  : Sourcing of 'D:/proyectosep2/IEE2463-SEP-Proyecto-2-Z8/full_hardware/vitis/full_hardware_sw/_ide/psinit/ps7_init.tcl' is done.
17:40:50 INFO  : 'ps7_init' command is executed.
17:40:50 INFO  : 'ps7_post_config' command is executed.
17:40:50 INFO  : Context for processor 'ps7_cortexa9_0' is selected.
17:40:51 INFO  : The application 'D:/proyectosep2/IEE2463-SEP-Proyecto-2-Z8/full_hardware/vitis/full_hardware_sw/Debug/full_hardware_sw.elf' is downloaded to processor 'ps7_cortexa9_0'.
17:40:51 INFO  : 'configparams force-mem-access 0' command is executed.
17:40:51 INFO  : ----------------XSDB Script----------------
connect -url tcp:127.0.0.1:3121
targets -set -nocase -filter {name =~"APU*"}
rst -system
after 3000
targets -set -filter {jtag_cable_name =~ "Digilent Zybo Z7 210351B3FC8DA" && level==0 && jtag_device_ctx=="jsn-Zybo Z7-210351B3FC8DA-13722093-0"}
fpga -file D:/proyectosep2/IEE2463-SEP-Proyecto-2-Z8/full_hardware/vitis/full_hardware_sw/_ide/bitstream/DEMO_wrapper.bit
targets -set -nocase -filter {name =~"APU*"}
loadhw -hw D:/proyectosep2/IEE2463-SEP-Proyecto-2-Z8/full_hardware/vitis/full_hardware_plt/export/full_hardware_plt/hw/DEMO_wrapper.xsa -mem-ranges [list {0x40000000 0xbfffffff}] -regs
configparams force-mem-access 1
targets -set -nocase -filter {name =~"APU*"}
source D:/proyectosep2/IEE2463-SEP-Proyecto-2-Z8/full_hardware/vitis/full_hardware_sw/_ide/psinit/ps7_init.tcl
ps7_init
ps7_post_config
targets -set -nocase -filter {name =~ "*A9*#0"}
dow D:/proyectosep2/IEE2463-SEP-Proyecto-2-Z8/full_hardware/vitis/full_hardware_sw/Debug/full_hardware_sw.elf
configparams force-mem-access 0
----------------End of Script----------------

17:40:51 INFO  : Context for processor 'ps7_cortexa9_0' is selected.
17:40:51 INFO  : 'con' command is executed.
17:40:51 INFO  : ----------------XSDB Script (After Launch)----------------
targets -set -nocase -filter {name =~ "*A9*#0"}
con
----------------End of Script----------------

17:40:51 INFO  : Launch script is exported to file 'D:\proyectosep2\IEE2463-SEP-Proyecto-2-Z8\full_hardware\vitis\.sdk\launch_scripts\single_application_debug\debugger_full_hardware_sw-default.tcl'
17:41:22 INFO  : Disconnected from the channel tcfchan#44.
17:41:23 INFO  : Connected to target on host '127.0.0.1' and port '3121'.
17:41:23 INFO  : Jtag cable 'Digilent Zybo Z7 210351B3FC8DA' is selected.
17:41:23 INFO  : 'jtag frequency' command is executed.
17:41:23 INFO  : Context for 'APU' is selected.
17:41:23 INFO  : System reset is completed.
17:41:26 INFO  : 'after 3000' command is executed.
17:41:26 INFO  : 'targets -set -filter {jtag_cable_name =~ "Digilent Zybo Z7 210351B3FC8DA" && level==0 && jtag_device_ctx=="jsn-Zybo Z7-210351B3FC8DA-13722093-0"}' command is executed.
17:41:27 INFO  : FPGA configured successfully with bitstream "D:/proyectosep2/IEE2463-SEP-Proyecto-2-Z8/full_hardware/vitis/full_hardware_sw/_ide/bitstream/DEMO_wrapper.bit"
17:41:27 INFO  : Context for 'APU' is selected.
17:41:27 INFO  : Hardware design and registers information is loaded from 'D:/proyectosep2/IEE2463-SEP-Proyecto-2-Z8/full_hardware/vitis/full_hardware_plt/export/full_hardware_plt/hw/DEMO_wrapper.xsa'.
17:41:27 INFO  : 'configparams force-mem-access 1' command is executed.
17:41:27 INFO  : Context for 'APU' is selected.
17:41:27 INFO  : Sourcing of 'D:/proyectosep2/IEE2463-SEP-Proyecto-2-Z8/full_hardware/vitis/full_hardware_sw/_ide/psinit/ps7_init.tcl' is done.
17:41:28 INFO  : 'ps7_init' command is executed.
17:41:28 INFO  : 'ps7_post_config' command is executed.
17:41:28 INFO  : Context for processor 'ps7_cortexa9_0' is selected.
17:41:28 INFO  : The application 'D:/proyectosep2/IEE2463-SEP-Proyecto-2-Z8/full_hardware/vitis/full_hardware_sw/Debug/full_hardware_sw.elf' is downloaded to processor 'ps7_cortexa9_0'.
17:41:28 INFO  : Context for processor 'ps7_cortexa9_1' is selected.
17:41:29 INFO  : The application 'D:/proyectosep2/IEE2463-SEP-Proyecto-2-Z8/full_hardware/vitis/music_player_sw/Debug/music_player_sw.elf' is downloaded to processor 'ps7_cortexa9_1'.
17:41:29 INFO  : 'configparams force-mem-access 0' command is executed.
17:41:29 INFO  : ----------------XSDB Script----------------
connect -url tcp:127.0.0.1:3121
targets -set -nocase -filter {name =~"APU*"}
rst -system
after 3000
targets -set -filter {jtag_cable_name =~ "Digilent Zybo Z7 210351B3FC8DA" && level==0 && jtag_device_ctx=="jsn-Zybo Z7-210351B3FC8DA-13722093-0"}
fpga -file D:/proyectosep2/IEE2463-SEP-Proyecto-2-Z8/full_hardware/vitis/full_hardware_sw/_ide/bitstream/DEMO_wrapper.bit
targets -set -nocase -filter {name =~"APU*"}
loadhw -hw D:/proyectosep2/IEE2463-SEP-Proyecto-2-Z8/full_hardware/vitis/full_hardware_plt/export/full_hardware_plt/hw/DEMO_wrapper.xsa -mem-ranges [list {0x40000000 0xbfffffff}] -regs
configparams force-mem-access 1
targets -set -nocase -filter {name =~"APU*"}
source D:/proyectosep2/IEE2463-SEP-Proyecto-2-Z8/full_hardware/vitis/full_hardware_sw/_ide/psinit/ps7_init.tcl
ps7_init
ps7_post_config
targets -set -nocase -filter {name =~ "*A9*#0"}
dow D:/proyectosep2/IEE2463-SEP-Proyecto-2-Z8/full_hardware/vitis/full_hardware_sw/Debug/full_hardware_sw.elf
targets -set -nocase -filter {name =~ "*A9*#1"}
dow D:/proyectosep2/IEE2463-SEP-Proyecto-2-Z8/full_hardware/vitis/music_player_sw/Debug/music_player_sw.elf
configparams force-mem-access 0
----------------End of Script----------------

17:41:29 INFO  : Context for processor 'ps7_cortexa9_0' is selected.
17:41:29 INFO  : 'con' command is executed.
17:41:29 INFO  : Context for processor 'ps7_cortexa9_1' is selected.
17:41:29 INFO  : 'con' command is executed.
17:41:29 INFO  : ----------------XSDB Script (After Launch)----------------
targets -set -nocase -filter {name =~ "*A9*#0"}
con
targets -set -nocase -filter {name =~ "*A9*#1"}
con
----------------End of Script----------------

17:41:29 INFO  : Launch script is exported to file 'D:\proyectosep2\IEE2463-SEP-Proyecto-2-Z8\full_hardware\vitis\.sdk\launch_scripts\single_application_debug\systemdebugger_full_hardware_sw_system_standalone.tcl'
17:42:25 INFO  : Checking for BSP changes to sync application flags for project 'music_player_sw'...
17:42:31 INFO  : Checking for BSP changes to sync application flags for project 'full_hardware_sw'...
17:42:32 INFO  : Checking for BSP changes to sync application flags for project 'music_player_sw'...
17:42:41 INFO  : Disconnected from the channel tcfchan#45.
17:42:41 INFO  : Connected to target on host '127.0.0.1' and port '3121'.
17:42:41 INFO  : Jtag cable 'Digilent Zybo Z7 210351B3FC8DA' is selected.
17:42:41 INFO  : 'jtag frequency' command is executed.
17:42:41 INFO  : Context for 'APU' is selected.
17:42:41 INFO  : System reset is completed.
17:42:44 INFO  : 'after 3000' command is executed.
17:42:44 INFO  : 'targets -set -filter {jtag_cable_name =~ "Digilent Zybo Z7 210351B3FC8DA" && level==0 && jtag_device_ctx=="jsn-Zybo Z7-210351B3FC8DA-13722093-0"}' command is executed.
17:42:45 INFO  : FPGA configured successfully with bitstream "D:/proyectosep2/IEE2463-SEP-Proyecto-2-Z8/full_hardware/vitis/full_hardware_sw/_ide/bitstream/DEMO_wrapper.bit"
17:42:45 INFO  : Context for 'APU' is selected.
17:42:45 INFO  : Hardware design and registers information is loaded from 'D:/proyectosep2/IEE2463-SEP-Proyecto-2-Z8/full_hardware/vitis/full_hardware_plt/export/full_hardware_plt/hw/DEMO_wrapper.xsa'.
17:42:45 INFO  : 'configparams force-mem-access 1' command is executed.
17:42:45 INFO  : Context for 'APU' is selected.
17:42:45 INFO  : Sourcing of 'D:/proyectosep2/IEE2463-SEP-Proyecto-2-Z8/full_hardware/vitis/full_hardware_sw/_ide/psinit/ps7_init.tcl' is done.
17:42:46 INFO  : 'ps7_init' command is executed.
17:42:46 INFO  : 'ps7_post_config' command is executed.
17:42:46 INFO  : Context for processor 'ps7_cortexa9_0' is selected.
17:42:47 INFO  : The application 'D:/proyectosep2/IEE2463-SEP-Proyecto-2-Z8/full_hardware/vitis/full_hardware_sw/Debug/full_hardware_sw.elf' is downloaded to processor 'ps7_cortexa9_0'.
17:42:47 INFO  : Context for processor 'ps7_cortexa9_1' is selected.
17:42:47 INFO  : The application 'D:/proyectosep2/IEE2463-SEP-Proyecto-2-Z8/full_hardware/vitis/music_player_sw/Debug/music_player_sw.elf' is downloaded to processor 'ps7_cortexa9_1'.
17:42:47 INFO  : 'configparams force-mem-access 0' command is executed.
17:42:47 INFO  : ----------------XSDB Script----------------
connect -url tcp:127.0.0.1:3121
targets -set -nocase -filter {name =~"APU*"}
rst -system
after 3000
targets -set -filter {jtag_cable_name =~ "Digilent Zybo Z7 210351B3FC8DA" && level==0 && jtag_device_ctx=="jsn-Zybo Z7-210351B3FC8DA-13722093-0"}
fpga -file D:/proyectosep2/IEE2463-SEP-Proyecto-2-Z8/full_hardware/vitis/full_hardware_sw/_ide/bitstream/DEMO_wrapper.bit
targets -set -nocase -filter {name =~"APU*"}
loadhw -hw D:/proyectosep2/IEE2463-SEP-Proyecto-2-Z8/full_hardware/vitis/full_hardware_plt/export/full_hardware_plt/hw/DEMO_wrapper.xsa -mem-ranges [list {0x40000000 0xbfffffff}] -regs
configparams force-mem-access 1
targets -set -nocase -filter {name =~"APU*"}
source D:/proyectosep2/IEE2463-SEP-Proyecto-2-Z8/full_hardware/vitis/full_hardware_sw/_ide/psinit/ps7_init.tcl
ps7_init
ps7_post_config
targets -set -nocase -filter {name =~ "*A9*#0"}
dow D:/proyectosep2/IEE2463-SEP-Proyecto-2-Z8/full_hardware/vitis/full_hardware_sw/Debug/full_hardware_sw.elf
targets -set -nocase -filter {name =~ "*A9*#1"}
dow D:/proyectosep2/IEE2463-SEP-Proyecto-2-Z8/full_hardware/vitis/music_player_sw/Debug/music_player_sw.elf
configparams force-mem-access 0
----------------End of Script----------------

17:42:47 INFO  : Context for processor 'ps7_cortexa9_0' is selected.
17:42:47 INFO  : 'con' command is executed.
17:42:47 INFO  : Context for processor 'ps7_cortexa9_1' is selected.
17:42:47 INFO  : 'con' command is executed.
17:42:47 INFO  : ----------------XSDB Script (After Launch)----------------
targets -set -nocase -filter {name =~ "*A9*#0"}
con
targets -set -nocase -filter {name =~ "*A9*#1"}
con
----------------End of Script----------------

17:42:47 INFO  : Launch script is exported to file 'D:\proyectosep2\IEE2463-SEP-Proyecto-2-Z8\full_hardware\vitis\.sdk\launch_scripts\single_application_debug\systemdebugger_full_hardware_sw_system_standalone.tcl'
17:43:13 INFO  : Checking for BSP changes to sync application flags for project 'music_player_sw'...
17:43:18 INFO  : Checking for BSP changes to sync application flags for project 'full_hardware_sw'...
17:43:19 INFO  : Checking for BSP changes to sync application flags for project 'music_player_sw'...
17:43:27 INFO  : Checking for BSP changes to sync application flags for project 'full_hardware_sw'...
17:43:27 INFO  : Checking for BSP changes to sync application flags for project 'music_player_sw'...
17:43:37 INFO  : Disconnected from the channel tcfchan#47.
17:43:37 INFO  : Connected to target on host '127.0.0.1' and port '3121'.
17:43:37 INFO  : Jtag cable 'Digilent Zybo Z7 210351B3FC8DA' is selected.
17:43:37 INFO  : 'jtag frequency' command is executed.
17:43:37 INFO  : Context for 'APU' is selected.
17:43:38 INFO  : System reset is completed.
17:43:41 INFO  : 'after 3000' command is executed.
17:43:41 INFO  : 'targets -set -filter {jtag_cable_name =~ "Digilent Zybo Z7 210351B3FC8DA" && level==0 && jtag_device_ctx=="jsn-Zybo Z7-210351B3FC8DA-13722093-0"}' command is executed.
17:43:42 INFO  : FPGA configured successfully with bitstream "D:/proyectosep2/IEE2463-SEP-Proyecto-2-Z8/full_hardware/vitis/full_hardware_sw/_ide/bitstream/DEMO_wrapper.bit"
17:43:42 INFO  : Context for 'APU' is selected.
17:43:42 INFO  : Hardware design and registers information is loaded from 'D:/proyectosep2/IEE2463-SEP-Proyecto-2-Z8/full_hardware/vitis/full_hardware_plt/export/full_hardware_plt/hw/DEMO_wrapper.xsa'.
17:43:42 INFO  : 'configparams force-mem-access 1' command is executed.
17:43:42 INFO  : Context for 'APU' is selected.
17:43:42 INFO  : Sourcing of 'D:/proyectosep2/IEE2463-SEP-Proyecto-2-Z8/full_hardware/vitis/full_hardware_sw/_ide/psinit/ps7_init.tcl' is done.
17:43:42 INFO  : 'ps7_init' command is executed.
17:43:42 INFO  : 'ps7_post_config' command is executed.
17:43:42 INFO  : Context for processor 'ps7_cortexa9_0' is selected.
17:43:43 INFO  : The application 'D:/proyectosep2/IEE2463-SEP-Proyecto-2-Z8/full_hardware/vitis/full_hardware_sw/Debug/full_hardware_sw.elf' is downloaded to processor 'ps7_cortexa9_0'.
17:43:43 INFO  : Context for processor 'ps7_cortexa9_1' is selected.
17:43:43 INFO  : The application 'D:/proyectosep2/IEE2463-SEP-Proyecto-2-Z8/full_hardware/vitis/music_player_sw/Debug/music_player_sw.elf' is downloaded to processor 'ps7_cortexa9_1'.
17:43:43 INFO  : 'configparams force-mem-access 0' command is executed.
17:43:43 INFO  : ----------------XSDB Script----------------
connect -url tcp:127.0.0.1:3121
targets -set -nocase -filter {name =~"APU*"}
rst -system
after 3000
targets -set -filter {jtag_cable_name =~ "Digilent Zybo Z7 210351B3FC8DA" && level==0 && jtag_device_ctx=="jsn-Zybo Z7-210351B3FC8DA-13722093-0"}
fpga -file D:/proyectosep2/IEE2463-SEP-Proyecto-2-Z8/full_hardware/vitis/full_hardware_sw/_ide/bitstream/DEMO_wrapper.bit
targets -set -nocase -filter {name =~"APU*"}
loadhw -hw D:/proyectosep2/IEE2463-SEP-Proyecto-2-Z8/full_hardware/vitis/full_hardware_plt/export/full_hardware_plt/hw/DEMO_wrapper.xsa -mem-ranges [list {0x40000000 0xbfffffff}] -regs
configparams force-mem-access 1
targets -set -nocase -filter {name =~"APU*"}
source D:/proyectosep2/IEE2463-SEP-Proyecto-2-Z8/full_hardware/vitis/full_hardware_sw/_ide/psinit/ps7_init.tcl
ps7_init
ps7_post_config
targets -set -nocase -filter {name =~ "*A9*#0"}
dow D:/proyectosep2/IEE2463-SEP-Proyecto-2-Z8/full_hardware/vitis/full_hardware_sw/Debug/full_hardware_sw.elf
targets -set -nocase -filter {name =~ "*A9*#1"}
dow D:/proyectosep2/IEE2463-SEP-Proyecto-2-Z8/full_hardware/vitis/music_player_sw/Debug/music_player_sw.elf
configparams force-mem-access 0
----------------End of Script----------------

17:43:43 INFO  : Context for processor 'ps7_cortexa9_0' is selected.
17:43:43 INFO  : 'con' command is executed.
17:43:43 INFO  : Context for processor 'ps7_cortexa9_1' is selected.
17:43:43 INFO  : 'con' command is executed.
17:43:43 INFO  : ----------------XSDB Script (After Launch)----------------
targets -set -nocase -filter {name =~ "*A9*#0"}
con
targets -set -nocase -filter {name =~ "*A9*#1"}
con
----------------End of Script----------------

17:43:43 INFO  : Launch script is exported to file 'D:\proyectosep2\IEE2463-SEP-Proyecto-2-Z8\full_hardware\vitis\.sdk\launch_scripts\single_application_debug\systemdebugger_full_hardware_sw_system_standalone.tcl'
17:44:35 INFO  : Checking for BSP changes to sync application flags for project 'music_player_sw'...
17:44:53 INFO  : Checking for BSP changes to sync application flags for project 'music_player_sw'...
17:44:58 INFO  : Checking for BSP changes to sync application flags for project 'full_hardware_sw'...
17:44:59 INFO  : Checking for BSP changes to sync application flags for project 'music_player_sw'...
17:45:12 INFO  : Disconnected from the channel tcfchan#50.
17:45:12 INFO  : Connected to target on host '127.0.0.1' and port '3121'.
17:45:12 INFO  : Jtag cable 'Digilent Zybo Z7 210351B3FC8DA' is selected.
17:45:12 INFO  : 'jtag frequency' command is executed.
17:45:12 INFO  : Context for 'APU' is selected.
17:45:12 INFO  : System reset is completed.
17:45:15 INFO  : 'after 3000' command is executed.
17:45:15 INFO  : 'targets -set -filter {jtag_cable_name =~ "Digilent Zybo Z7 210351B3FC8DA" && level==0 && jtag_device_ctx=="jsn-Zybo Z7-210351B3FC8DA-13722093-0"}' command is executed.
17:45:16 INFO  : FPGA configured successfully with bitstream "D:/proyectosep2/IEE2463-SEP-Proyecto-2-Z8/full_hardware/vitis/full_hardware_sw/_ide/bitstream/DEMO_wrapper.bit"
17:45:16 INFO  : Context for 'APU' is selected.
17:45:16 INFO  : Hardware design and registers information is loaded from 'D:/proyectosep2/IEE2463-SEP-Proyecto-2-Z8/full_hardware/vitis/full_hardware_plt/export/full_hardware_plt/hw/DEMO_wrapper.xsa'.
17:45:16 INFO  : 'configparams force-mem-access 1' command is executed.
17:45:16 INFO  : Context for 'APU' is selected.
17:45:16 INFO  : Sourcing of 'D:/proyectosep2/IEE2463-SEP-Proyecto-2-Z8/full_hardware/vitis/full_hardware_sw/_ide/psinit/ps7_init.tcl' is done.
17:45:16 INFO  : 'ps7_init' command is executed.
17:45:16 INFO  : 'ps7_post_config' command is executed.
17:45:16 INFO  : Context for processor 'ps7_cortexa9_0' is selected.
17:45:17 INFO  : The application 'D:/proyectosep2/IEE2463-SEP-Proyecto-2-Z8/full_hardware/vitis/full_hardware_sw/Debug/full_hardware_sw.elf' is downloaded to processor 'ps7_cortexa9_0'.
17:45:17 INFO  : Context for processor 'ps7_cortexa9_1' is selected.
17:45:18 INFO  : The application 'D:/proyectosep2/IEE2463-SEP-Proyecto-2-Z8/full_hardware/vitis/music_player_sw/Debug/music_player_sw.elf' is downloaded to processor 'ps7_cortexa9_1'.
17:45:18 INFO  : 'configparams force-mem-access 0' command is executed.
17:45:18 INFO  : ----------------XSDB Script----------------
connect -url tcp:127.0.0.1:3121
targets -set -nocase -filter {name =~"APU*"}
rst -system
after 3000
targets -set -filter {jtag_cable_name =~ "Digilent Zybo Z7 210351B3FC8DA" && level==0 && jtag_device_ctx=="jsn-Zybo Z7-210351B3FC8DA-13722093-0"}
fpga -file D:/proyectosep2/IEE2463-SEP-Proyecto-2-Z8/full_hardware/vitis/full_hardware_sw/_ide/bitstream/DEMO_wrapper.bit
targets -set -nocase -filter {name =~"APU*"}
loadhw -hw D:/proyectosep2/IEE2463-SEP-Proyecto-2-Z8/full_hardware/vitis/full_hardware_plt/export/full_hardware_plt/hw/DEMO_wrapper.xsa -mem-ranges [list {0x40000000 0xbfffffff}] -regs
configparams force-mem-access 1
targets -set -nocase -filter {name =~"APU*"}
source D:/proyectosep2/IEE2463-SEP-Proyecto-2-Z8/full_hardware/vitis/full_hardware_sw/_ide/psinit/ps7_init.tcl
ps7_init
ps7_post_config
targets -set -nocase -filter {name =~ "*A9*#0"}
dow D:/proyectosep2/IEE2463-SEP-Proyecto-2-Z8/full_hardware/vitis/full_hardware_sw/Debug/full_hardware_sw.elf
targets -set -nocase -filter {name =~ "*A9*#1"}
dow D:/proyectosep2/IEE2463-SEP-Proyecto-2-Z8/full_hardware/vitis/music_player_sw/Debug/music_player_sw.elf
configparams force-mem-access 0
----------------End of Script----------------

17:45:18 INFO  : Context for processor 'ps7_cortexa9_0' is selected.
17:45:18 INFO  : 'con' command is executed.
17:45:18 INFO  : Context for processor 'ps7_cortexa9_1' is selected.
17:45:18 INFO  : 'con' command is executed.
17:45:18 INFO  : ----------------XSDB Script (After Launch)----------------
targets -set -nocase -filter {name =~ "*A9*#0"}
con
targets -set -nocase -filter {name =~ "*A9*#1"}
con
----------------End of Script----------------

17:45:18 INFO  : Launch script is exported to file 'D:\proyectosep2\IEE2463-SEP-Proyecto-2-Z8\full_hardware\vitis\.sdk\launch_scripts\single_application_debug\systemdebugger_full_hardware_sw_system_standalone.tcl'
17:45:54 INFO  : Disconnected from the channel tcfchan#52.
17:45:55 INFO  : Connected to target on host '127.0.0.1' and port '3121'.
17:45:55 INFO  : Jtag cable 'Digilent Zybo Z7 210351B3FC8DA' is selected.
17:45:55 INFO  : 'jtag frequency' command is executed.
17:45:55 INFO  : Context for 'APU' is selected.
17:45:55 INFO  : System reset is completed.
17:45:58 INFO  : 'after 3000' command is executed.
17:45:58 INFO  : 'targets -set -filter {jtag_cable_name =~ "Digilent Zybo Z7 210351B3FC8DA" && level==0 && jtag_device_ctx=="jsn-Zybo Z7-210351B3FC8DA-13722093-0"}' command is executed.
17:45:59 INFO  : FPGA configured successfully with bitstream "D:/proyectosep2/IEE2463-SEP-Proyecto-2-Z8/full_hardware/vitis/full_hardware_sw/_ide/bitstream/DEMO_wrapper.bit"
17:45:59 INFO  : Context for 'APU' is selected.
17:45:59 INFO  : Hardware design and registers information is loaded from 'D:/proyectosep2/IEE2463-SEP-Proyecto-2-Z8/full_hardware/vitis/full_hardware_plt/export/full_hardware_plt/hw/DEMO_wrapper.xsa'.
17:45:59 INFO  : 'configparams force-mem-access 1' command is executed.
17:45:59 INFO  : Context for 'APU' is selected.
17:45:59 INFO  : Sourcing of 'D:/proyectosep2/IEE2463-SEP-Proyecto-2-Z8/full_hardware/vitis/full_hardware_sw/_ide/psinit/ps7_init.tcl' is done.
17:45:59 INFO  : 'ps7_init' command is executed.
17:45:59 INFO  : 'ps7_post_config' command is executed.
17:45:59 INFO  : Context for processor 'ps7_cortexa9_0' is selected.
17:46:00 INFO  : The application 'D:/proyectosep2/IEE2463-SEP-Proyecto-2-Z8/full_hardware/vitis/full_hardware_sw/Debug/full_hardware_sw.elf' is downloaded to processor 'ps7_cortexa9_0'.
17:46:00 INFO  : 'configparams force-mem-access 0' command is executed.
17:46:00 INFO  : ----------------XSDB Script----------------
connect -url tcp:127.0.0.1:3121
targets -set -nocase -filter {name =~"APU*"}
rst -system
after 3000
targets -set -filter {jtag_cable_name =~ "Digilent Zybo Z7 210351B3FC8DA" && level==0 && jtag_device_ctx=="jsn-Zybo Z7-210351B3FC8DA-13722093-0"}
fpga -file D:/proyectosep2/IEE2463-SEP-Proyecto-2-Z8/full_hardware/vitis/full_hardware_sw/_ide/bitstream/DEMO_wrapper.bit
targets -set -nocase -filter {name =~"APU*"}
loadhw -hw D:/proyectosep2/IEE2463-SEP-Proyecto-2-Z8/full_hardware/vitis/full_hardware_plt/export/full_hardware_plt/hw/DEMO_wrapper.xsa -mem-ranges [list {0x40000000 0xbfffffff}] -regs
configparams force-mem-access 1
targets -set -nocase -filter {name =~"APU*"}
source D:/proyectosep2/IEE2463-SEP-Proyecto-2-Z8/full_hardware/vitis/full_hardware_sw/_ide/psinit/ps7_init.tcl
ps7_init
ps7_post_config
targets -set -nocase -filter {name =~ "*A9*#0"}
dow D:/proyectosep2/IEE2463-SEP-Proyecto-2-Z8/full_hardware/vitis/full_hardware_sw/Debug/full_hardware_sw.elf
configparams force-mem-access 0
----------------End of Script----------------

17:46:00 INFO  : Context for processor 'ps7_cortexa9_0' is selected.
17:46:00 INFO  : 'con' command is executed.
17:46:00 INFO  : ----------------XSDB Script (After Launch)----------------
targets -set -nocase -filter {name =~ "*A9*#0"}
con
----------------End of Script----------------

17:46:00 INFO  : Launch script is exported to file 'D:\proyectosep2\IEE2463-SEP-Proyecto-2-Z8\full_hardware\vitis\.sdk\launch_scripts\single_application_debug\debugger_full_hardware_sw-default.tcl'
17:46:55 INFO  : Checking for BSP changes to sync application flags for project 'full_hardware_sw'...
17:46:56 INFO  : Checking for BSP changes to sync application flags for project 'music_player_sw'...
17:47:10 INFO  : Disconnected from the channel tcfchan#53.
17:47:11 INFO  : Connected to target on host '127.0.0.1' and port '3121'.
17:47:11 INFO  : Jtag cable 'Digilent Zybo Z7 210351B3FC8DA' is selected.
17:47:11 INFO  : 'jtag frequency' command is executed.
17:47:11 INFO  : Context for 'APU' is selected.
17:47:11 INFO  : System reset is completed.
17:47:14 INFO  : 'after 3000' command is executed.
17:47:14 INFO  : 'targets -set -filter {jtag_cable_name =~ "Digilent Zybo Z7 210351B3FC8DA" && level==0 && jtag_device_ctx=="jsn-Zybo Z7-210351B3FC8DA-13722093-0"}' command is executed.
17:47:15 INFO  : FPGA configured successfully with bitstream "D:/proyectosep2/IEE2463-SEP-Proyecto-2-Z8/full_hardware/vitis/full_hardware_sw/_ide/bitstream/DEMO_wrapper.bit"
17:47:15 INFO  : Context for 'APU' is selected.
17:47:15 INFO  : Hardware design and registers information is loaded from 'D:/proyectosep2/IEE2463-SEP-Proyecto-2-Z8/full_hardware/vitis/full_hardware_plt/export/full_hardware_plt/hw/DEMO_wrapper.xsa'.
17:47:15 INFO  : 'configparams force-mem-access 1' command is executed.
17:47:15 INFO  : Context for 'APU' is selected.
17:47:15 INFO  : Sourcing of 'D:/proyectosep2/IEE2463-SEP-Proyecto-2-Z8/full_hardware/vitis/full_hardware_sw/_ide/psinit/ps7_init.tcl' is done.
17:47:15 INFO  : 'ps7_init' command is executed.
17:47:15 INFO  : 'ps7_post_config' command is executed.
17:47:15 INFO  : Context for processor 'ps7_cortexa9_0' is selected.
17:47:16 INFO  : The application 'D:/proyectosep2/IEE2463-SEP-Proyecto-2-Z8/full_hardware/vitis/full_hardware_sw/Debug/full_hardware_sw.elf' is downloaded to processor 'ps7_cortexa9_0'.
17:47:16 INFO  : Context for processor 'ps7_cortexa9_1' is selected.
17:47:17 INFO  : The application 'D:/proyectosep2/IEE2463-SEP-Proyecto-2-Z8/full_hardware/vitis/music_player_sw/Debug/music_player_sw.elf' is downloaded to processor 'ps7_cortexa9_1'.
17:47:17 INFO  : 'configparams force-mem-access 0' command is executed.
17:47:17 INFO  : ----------------XSDB Script----------------
connect -url tcp:127.0.0.1:3121
targets -set -nocase -filter {name =~"APU*"}
rst -system
after 3000
targets -set -filter {jtag_cable_name =~ "Digilent Zybo Z7 210351B3FC8DA" && level==0 && jtag_device_ctx=="jsn-Zybo Z7-210351B3FC8DA-13722093-0"}
fpga -file D:/proyectosep2/IEE2463-SEP-Proyecto-2-Z8/full_hardware/vitis/full_hardware_sw/_ide/bitstream/DEMO_wrapper.bit
targets -set -nocase -filter {name =~"APU*"}
loadhw -hw D:/proyectosep2/IEE2463-SEP-Proyecto-2-Z8/full_hardware/vitis/full_hardware_plt/export/full_hardware_plt/hw/DEMO_wrapper.xsa -mem-ranges [list {0x40000000 0xbfffffff}] -regs
configparams force-mem-access 1
targets -set -nocase -filter {name =~"APU*"}
source D:/proyectosep2/IEE2463-SEP-Proyecto-2-Z8/full_hardware/vitis/full_hardware_sw/_ide/psinit/ps7_init.tcl
ps7_init
ps7_post_config
targets -set -nocase -filter {name =~ "*A9*#0"}
dow D:/proyectosep2/IEE2463-SEP-Proyecto-2-Z8/full_hardware/vitis/full_hardware_sw/Debug/full_hardware_sw.elf
targets -set -nocase -filter {name =~ "*A9*#1"}
dow D:/proyectosep2/IEE2463-SEP-Proyecto-2-Z8/full_hardware/vitis/music_player_sw/Debug/music_player_sw.elf
configparams force-mem-access 0
----------------End of Script----------------

17:47:17 INFO  : Context for processor 'ps7_cortexa9_0' is selected.
17:47:17 INFO  : 'con' command is executed.
17:47:17 INFO  : Context for processor 'ps7_cortexa9_1' is selected.
17:47:17 INFO  : 'con' command is executed.
17:47:17 INFO  : ----------------XSDB Script (After Launch)----------------
targets -set -nocase -filter {name =~ "*A9*#0"}
con
targets -set -nocase -filter {name =~ "*A9*#1"}
con
----------------End of Script----------------

17:47:17 INFO  : Launch script is exported to file 'D:\proyectosep2\IEE2463-SEP-Proyecto-2-Z8\full_hardware\vitis\.sdk\launch_scripts\single_application_debug\systemdebugger_full_hardware_sw_system_standalone.tcl'
17:47:38 INFO  : Checking for BSP changes to sync application flags for project 'music_player_sw'...
17:47:41 INFO  : Checking for BSP changes to sync application flags for project 'full_hardware_sw'...
17:47:41 INFO  : Checking for BSP changes to sync application flags for project 'music_player_sw'...
17:47:50 INFO  : Disconnected from the channel tcfchan#55.
17:47:50 INFO  : Connected to target on host '127.0.0.1' and port '3121'.
17:47:50 INFO  : Jtag cable 'Digilent Zybo Z7 210351B3FC8DA' is selected.
17:47:50 INFO  : 'jtag frequency' command is executed.
17:47:50 INFO  : Context for 'APU' is selected.
17:47:50 INFO  : System reset is completed.
17:47:53 INFO  : 'after 3000' command is executed.
17:47:53 INFO  : 'targets -set -filter {jtag_cable_name =~ "Digilent Zybo Z7 210351B3FC8DA" && level==0 && jtag_device_ctx=="jsn-Zybo Z7-210351B3FC8DA-13722093-0"}' command is executed.
17:47:55 INFO  : FPGA configured successfully with bitstream "D:/proyectosep2/IEE2463-SEP-Proyecto-2-Z8/full_hardware/vitis/full_hardware_sw/_ide/bitstream/DEMO_wrapper.bit"
17:47:55 INFO  : Context for 'APU' is selected.
17:47:55 INFO  : Hardware design and registers information is loaded from 'D:/proyectosep2/IEE2463-SEP-Proyecto-2-Z8/full_hardware/vitis/full_hardware_plt/export/full_hardware_plt/hw/DEMO_wrapper.xsa'.
17:47:55 INFO  : 'configparams force-mem-access 1' command is executed.
17:47:55 INFO  : Context for 'APU' is selected.
17:47:55 INFO  : Sourcing of 'D:/proyectosep2/IEE2463-SEP-Proyecto-2-Z8/full_hardware/vitis/full_hardware_sw/_ide/psinit/ps7_init.tcl' is done.
17:47:55 INFO  : 'ps7_init' command is executed.
17:47:55 INFO  : 'ps7_post_config' command is executed.
17:47:55 INFO  : Context for processor 'ps7_cortexa9_0' is selected.
17:47:56 INFO  : The application 'D:/proyectosep2/IEE2463-SEP-Proyecto-2-Z8/full_hardware/vitis/full_hardware_sw/Debug/full_hardware_sw.elf' is downloaded to processor 'ps7_cortexa9_0'.
17:47:56 INFO  : Context for processor 'ps7_cortexa9_1' is selected.
17:47:56 INFO  : The application 'D:/proyectosep2/IEE2463-SEP-Proyecto-2-Z8/full_hardware/vitis/music_player_sw/Debug/music_player_sw.elf' is downloaded to processor 'ps7_cortexa9_1'.
17:47:56 INFO  : 'configparams force-mem-access 0' command is executed.
17:47:56 INFO  : ----------------XSDB Script----------------
connect -url tcp:127.0.0.1:3121
targets -set -nocase -filter {name =~"APU*"}
rst -system
after 3000
targets -set -filter {jtag_cable_name =~ "Digilent Zybo Z7 210351B3FC8DA" && level==0 && jtag_device_ctx=="jsn-Zybo Z7-210351B3FC8DA-13722093-0"}
fpga -file D:/proyectosep2/IEE2463-SEP-Proyecto-2-Z8/full_hardware/vitis/full_hardware_sw/_ide/bitstream/DEMO_wrapper.bit
targets -set -nocase -filter {name =~"APU*"}
loadhw -hw D:/proyectosep2/IEE2463-SEP-Proyecto-2-Z8/full_hardware/vitis/full_hardware_plt/export/full_hardware_plt/hw/DEMO_wrapper.xsa -mem-ranges [list {0x40000000 0xbfffffff}] -regs
configparams force-mem-access 1
targets -set -nocase -filter {name =~"APU*"}
source D:/proyectosep2/IEE2463-SEP-Proyecto-2-Z8/full_hardware/vitis/full_hardware_sw/_ide/psinit/ps7_init.tcl
ps7_init
ps7_post_config
targets -set -nocase -filter {name =~ "*A9*#0"}
dow D:/proyectosep2/IEE2463-SEP-Proyecto-2-Z8/full_hardware/vitis/full_hardware_sw/Debug/full_hardware_sw.elf
targets -set -nocase -filter {name =~ "*A9*#1"}
dow D:/proyectosep2/IEE2463-SEP-Proyecto-2-Z8/full_hardware/vitis/music_player_sw/Debug/music_player_sw.elf
configparams force-mem-access 0
----------------End of Script----------------

17:47:56 INFO  : Context for processor 'ps7_cortexa9_0' is selected.
17:47:56 INFO  : 'con' command is executed.
17:47:56 INFO  : Context for processor 'ps7_cortexa9_1' is selected.
17:47:56 INFO  : 'con' command is executed.
17:47:56 INFO  : ----------------XSDB Script (After Launch)----------------
targets -set -nocase -filter {name =~ "*A9*#0"}
con
targets -set -nocase -filter {name =~ "*A9*#1"}
con
----------------End of Script----------------

17:47:56 INFO  : Launch script is exported to file 'D:\proyectosep2\IEE2463-SEP-Proyecto-2-Z8\full_hardware\vitis\.sdk\launch_scripts\single_application_debug\systemdebugger_full_hardware_sw_system_standalone.tcl'
17:49:31 INFO  : Checking for BSP changes to sync application flags for project 'full_hardware_sw'...
17:49:31 INFO  : Checking for BSP changes to sync application flags for project 'music_player_sw'...
17:49:40 INFO  : Disconnected from the channel tcfchan#57.
17:49:40 INFO  : Connected to target on host '127.0.0.1' and port '3121'.
17:49:40 INFO  : Jtag cable 'Digilent Zybo Z7 210351B3FC8DA' is selected.
17:49:40 INFO  : 'jtag frequency' command is executed.
17:49:40 INFO  : Context for 'APU' is selected.
17:49:40 INFO  : System reset is completed.
17:49:43 INFO  : 'after 3000' command is executed.
17:49:43 INFO  : 'targets -set -filter {jtag_cable_name =~ "Digilent Zybo Z7 210351B3FC8DA" && level==0 && jtag_device_ctx=="jsn-Zybo Z7-210351B3FC8DA-13722093-0"}' command is executed.
17:49:45 INFO  : FPGA configured successfully with bitstream "D:/proyectosep2/IEE2463-SEP-Proyecto-2-Z8/full_hardware/vitis/full_hardware_sw/_ide/bitstream/DEMO_wrapper.bit"
17:49:45 INFO  : Context for 'APU' is selected.
17:49:45 INFO  : Hardware design and registers information is loaded from 'D:/proyectosep2/IEE2463-SEP-Proyecto-2-Z8/full_hardware/vitis/full_hardware_plt/export/full_hardware_plt/hw/DEMO_wrapper.xsa'.
17:49:45 INFO  : 'configparams force-mem-access 1' command is executed.
17:49:45 INFO  : Context for 'APU' is selected.
17:49:45 INFO  : Sourcing of 'D:/proyectosep2/IEE2463-SEP-Proyecto-2-Z8/full_hardware/vitis/full_hardware_sw/_ide/psinit/ps7_init.tcl' is done.
17:49:45 INFO  : 'ps7_init' command is executed.
17:49:45 INFO  : 'ps7_post_config' command is executed.
17:49:45 INFO  : Context for processor 'ps7_cortexa9_0' is selected.
17:49:46 INFO  : The application 'D:/proyectosep2/IEE2463-SEP-Proyecto-2-Z8/full_hardware/vitis/full_hardware_sw/Debug/full_hardware_sw.elf' is downloaded to processor 'ps7_cortexa9_0'.
17:49:46 INFO  : Context for processor 'ps7_cortexa9_1' is selected.
17:49:46 INFO  : The application 'D:/proyectosep2/IEE2463-SEP-Proyecto-2-Z8/full_hardware/vitis/music_player_sw/Debug/music_player_sw.elf' is downloaded to processor 'ps7_cortexa9_1'.
17:49:46 INFO  : 'configparams force-mem-access 0' command is executed.
17:49:46 INFO  : ----------------XSDB Script----------------
connect -url tcp:127.0.0.1:3121
targets -set -nocase -filter {name =~"APU*"}
rst -system
after 3000
targets -set -filter {jtag_cable_name =~ "Digilent Zybo Z7 210351B3FC8DA" && level==0 && jtag_device_ctx=="jsn-Zybo Z7-210351B3FC8DA-13722093-0"}
fpga -file D:/proyectosep2/IEE2463-SEP-Proyecto-2-Z8/full_hardware/vitis/full_hardware_sw/_ide/bitstream/DEMO_wrapper.bit
targets -set -nocase -filter {name =~"APU*"}
loadhw -hw D:/proyectosep2/IEE2463-SEP-Proyecto-2-Z8/full_hardware/vitis/full_hardware_plt/export/full_hardware_plt/hw/DEMO_wrapper.xsa -mem-ranges [list {0x40000000 0xbfffffff}] -regs
configparams force-mem-access 1
targets -set -nocase -filter {name =~"APU*"}
source D:/proyectosep2/IEE2463-SEP-Proyecto-2-Z8/full_hardware/vitis/full_hardware_sw/_ide/psinit/ps7_init.tcl
ps7_init
ps7_post_config
targets -set -nocase -filter {name =~ "*A9*#0"}
dow D:/proyectosep2/IEE2463-SEP-Proyecto-2-Z8/full_hardware/vitis/full_hardware_sw/Debug/full_hardware_sw.elf
targets -set -nocase -filter {name =~ "*A9*#1"}
dow D:/proyectosep2/IEE2463-SEP-Proyecto-2-Z8/full_hardware/vitis/music_player_sw/Debug/music_player_sw.elf
configparams force-mem-access 0
----------------End of Script----------------

17:49:46 INFO  : Context for processor 'ps7_cortexa9_0' is selected.
17:49:46 INFO  : 'con' command is executed.
17:49:46 INFO  : Context for processor 'ps7_cortexa9_1' is selected.
17:49:46 INFO  : 'con' command is executed.
17:49:46 INFO  : ----------------XSDB Script (After Launch)----------------
targets -set -nocase -filter {name =~ "*A9*#0"}
con
targets -set -nocase -filter {name =~ "*A9*#1"}
con
----------------End of Script----------------

17:49:46 INFO  : Launch script is exported to file 'D:\proyectosep2\IEE2463-SEP-Proyecto-2-Z8\full_hardware\vitis\.sdk\launch_scripts\single_application_debug\systemdebugger_full_hardware_sw_system_standalone.tcl'
17:51:34 INFO  : Checking for BSP changes to sync application flags for project 'full_hardware_sw'...
17:51:34 INFO  : Checking for BSP changes to sync application flags for project 'music_player_sw'...
17:51:42 INFO  : Disconnected from the channel tcfchan#59.
17:51:42 INFO  : Connected to target on host '127.0.0.1' and port '3121'.
17:51:42 INFO  : Jtag cable 'Digilent Zybo Z7 210351B3FC8DA' is selected.
17:51:42 INFO  : 'jtag frequency' command is executed.
17:51:42 INFO  : Context for 'APU' is selected.
17:51:42 INFO  : System reset is completed.
17:51:45 INFO  : 'after 3000' command is executed.
17:51:45 INFO  : 'targets -set -filter {jtag_cable_name =~ "Digilent Zybo Z7 210351B3FC8DA" && level==0 && jtag_device_ctx=="jsn-Zybo Z7-210351B3FC8DA-13722093-0"}' command is executed.
17:51:47 INFO  : FPGA configured successfully with bitstream "D:/proyectosep2/IEE2463-SEP-Proyecto-2-Z8/full_hardware/vitis/full_hardware_sw/_ide/bitstream/DEMO_wrapper.bit"
17:51:47 INFO  : Context for 'APU' is selected.
17:51:47 INFO  : Hardware design and registers information is loaded from 'D:/proyectosep2/IEE2463-SEP-Proyecto-2-Z8/full_hardware/vitis/full_hardware_plt/export/full_hardware_plt/hw/DEMO_wrapper.xsa'.
17:51:47 INFO  : 'configparams force-mem-access 1' command is executed.
17:51:47 INFO  : Context for 'APU' is selected.
17:51:47 INFO  : Sourcing of 'D:/proyectosep2/IEE2463-SEP-Proyecto-2-Z8/full_hardware/vitis/full_hardware_sw/_ide/psinit/ps7_init.tcl' is done.
17:51:47 INFO  : 'ps7_init' command is executed.
17:51:47 INFO  : 'ps7_post_config' command is executed.
17:51:47 INFO  : Context for processor 'ps7_cortexa9_0' is selected.
17:51:48 INFO  : The application 'D:/proyectosep2/IEE2463-SEP-Proyecto-2-Z8/full_hardware/vitis/full_hardware_sw/Debug/full_hardware_sw.elf' is downloaded to processor 'ps7_cortexa9_0'.
17:51:48 INFO  : Context for processor 'ps7_cortexa9_1' is selected.
17:51:48 INFO  : The application 'D:/proyectosep2/IEE2463-SEP-Proyecto-2-Z8/full_hardware/vitis/music_player_sw/Debug/music_player_sw.elf' is downloaded to processor 'ps7_cortexa9_1'.
17:51:48 INFO  : 'configparams force-mem-access 0' command is executed.
17:51:48 INFO  : ----------------XSDB Script----------------
connect -url tcp:127.0.0.1:3121
targets -set -nocase -filter {name =~"APU*"}
rst -system
after 3000
targets -set -filter {jtag_cable_name =~ "Digilent Zybo Z7 210351B3FC8DA" && level==0 && jtag_device_ctx=="jsn-Zybo Z7-210351B3FC8DA-13722093-0"}
fpga -file D:/proyectosep2/IEE2463-SEP-Proyecto-2-Z8/full_hardware/vitis/full_hardware_sw/_ide/bitstream/DEMO_wrapper.bit
targets -set -nocase -filter {name =~"APU*"}
loadhw -hw D:/proyectosep2/IEE2463-SEP-Proyecto-2-Z8/full_hardware/vitis/full_hardware_plt/export/full_hardware_plt/hw/DEMO_wrapper.xsa -mem-ranges [list {0x40000000 0xbfffffff}] -regs
configparams force-mem-access 1
targets -set -nocase -filter {name =~"APU*"}
source D:/proyectosep2/IEE2463-SEP-Proyecto-2-Z8/full_hardware/vitis/full_hardware_sw/_ide/psinit/ps7_init.tcl
ps7_init
ps7_post_config
targets -set -nocase -filter {name =~ "*A9*#0"}
dow D:/proyectosep2/IEE2463-SEP-Proyecto-2-Z8/full_hardware/vitis/full_hardware_sw/Debug/full_hardware_sw.elf
targets -set -nocase -filter {name =~ "*A9*#1"}
dow D:/proyectosep2/IEE2463-SEP-Proyecto-2-Z8/full_hardware/vitis/music_player_sw/Debug/music_player_sw.elf
configparams force-mem-access 0
----------------End of Script----------------

17:51:48 INFO  : Context for processor 'ps7_cortexa9_0' is selected.
17:51:48 INFO  : 'con' command is executed.
17:51:48 INFO  : Context for processor 'ps7_cortexa9_1' is selected.
17:51:48 INFO  : 'con' command is executed.
17:51:48 INFO  : ----------------XSDB Script (After Launch)----------------
targets -set -nocase -filter {name =~ "*A9*#0"}
con
targets -set -nocase -filter {name =~ "*A9*#1"}
con
----------------End of Script----------------

17:51:48 INFO  : Launch script is exported to file 'D:\proyectosep2\IEE2463-SEP-Proyecto-2-Z8\full_hardware\vitis\.sdk\launch_scripts\single_application_debug\systemdebugger_full_hardware_sw_system_standalone.tcl'
17:56:34 INFO  : Checking for BSP changes to sync application flags for project 'full_hardware_sw'...
17:56:35 INFO  : Checking for BSP changes to sync application flags for project 'music_player_sw'...
17:57:29 INFO  : Disconnected from the channel tcfchan#61.
17:57:29 INFO  : Connected to target on host '127.0.0.1' and port '3121'.
17:57:29 INFO  : Jtag cable 'Digilent Zybo Z7 210351B3FC8DA' is selected.
17:57:29 INFO  : 'jtag frequency' command is executed.
17:57:29 INFO  : Context for 'APU' is selected.
17:57:29 INFO  : System reset is completed.
17:57:32 INFO  : 'after 3000' command is executed.
17:57:32 INFO  : 'targets -set -filter {jtag_cable_name =~ "Digilent Zybo Z7 210351B3FC8DA" && level==0 && jtag_device_ctx=="jsn-Zybo Z7-210351B3FC8DA-13722093-0"}' command is executed.
17:57:34 INFO  : FPGA configured successfully with bitstream "D:/proyectosep2/IEE2463-SEP-Proyecto-2-Z8/full_hardware/vitis/full_hardware_sw/_ide/bitstream/DEMO_wrapper.bit"
17:57:34 INFO  : Context for 'APU' is selected.
17:57:34 INFO  : Hardware design and registers information is loaded from 'D:/proyectosep2/IEE2463-SEP-Proyecto-2-Z8/full_hardware/vitis/full_hardware_plt/export/full_hardware_plt/hw/DEMO_wrapper.xsa'.
17:57:34 INFO  : 'configparams force-mem-access 1' command is executed.
17:57:34 INFO  : Context for 'APU' is selected.
17:57:34 INFO  : Sourcing of 'D:/proyectosep2/IEE2463-SEP-Proyecto-2-Z8/full_hardware/vitis/full_hardware_sw/_ide/psinit/ps7_init.tcl' is done.
17:57:34 INFO  : 'ps7_init' command is executed.
17:57:34 INFO  : 'ps7_post_config' command is executed.
17:57:34 INFO  : Context for processor 'ps7_cortexa9_0' is selected.
17:57:35 INFO  : The application 'D:/proyectosep2/IEE2463-SEP-Proyecto-2-Z8/full_hardware/vitis/full_hardware_sw/Debug/full_hardware_sw.elf' is downloaded to processor 'ps7_cortexa9_0'.
17:57:35 INFO  : Context for processor 'ps7_cortexa9_1' is selected.
17:57:35 INFO  : The application 'D:/proyectosep2/IEE2463-SEP-Proyecto-2-Z8/full_hardware/vitis/music_player_sw/Debug/music_player_sw.elf' is downloaded to processor 'ps7_cortexa9_1'.
17:57:35 INFO  : 'configparams force-mem-access 0' command is executed.
17:57:35 INFO  : ----------------XSDB Script----------------
connect -url tcp:127.0.0.1:3121
targets -set -nocase -filter {name =~"APU*"}
rst -system
after 3000
targets -set -filter {jtag_cable_name =~ "Digilent Zybo Z7 210351B3FC8DA" && level==0 && jtag_device_ctx=="jsn-Zybo Z7-210351B3FC8DA-13722093-0"}
fpga -file D:/proyectosep2/IEE2463-SEP-Proyecto-2-Z8/full_hardware/vitis/full_hardware_sw/_ide/bitstream/DEMO_wrapper.bit
targets -set -nocase -filter {name =~"APU*"}
loadhw -hw D:/proyectosep2/IEE2463-SEP-Proyecto-2-Z8/full_hardware/vitis/full_hardware_plt/export/full_hardware_plt/hw/DEMO_wrapper.xsa -mem-ranges [list {0x40000000 0xbfffffff}] -regs
configparams force-mem-access 1
targets -set -nocase -filter {name =~"APU*"}
source D:/proyectosep2/IEE2463-SEP-Proyecto-2-Z8/full_hardware/vitis/full_hardware_sw/_ide/psinit/ps7_init.tcl
ps7_init
ps7_post_config
targets -set -nocase -filter {name =~ "*A9*#0"}
dow D:/proyectosep2/IEE2463-SEP-Proyecto-2-Z8/full_hardware/vitis/full_hardware_sw/Debug/full_hardware_sw.elf
targets -set -nocase -filter {name =~ "*A9*#1"}
dow D:/proyectosep2/IEE2463-SEP-Proyecto-2-Z8/full_hardware/vitis/music_player_sw/Debug/music_player_sw.elf
configparams force-mem-access 0
----------------End of Script----------------

17:57:35 INFO  : Context for processor 'ps7_cortexa9_0' is selected.
17:57:35 INFO  : 'con' command is executed.
17:57:35 INFO  : Context for processor 'ps7_cortexa9_1' is selected.
17:57:35 INFO  : 'con' command is executed.
17:57:35 INFO  : ----------------XSDB Script (After Launch)----------------
targets -set -nocase -filter {name =~ "*A9*#0"}
con
targets -set -nocase -filter {name =~ "*A9*#1"}
con
----------------End of Script----------------

17:57:35 INFO  : Launch script is exported to file 'D:\proyectosep2\IEE2463-SEP-Proyecto-2-Z8\full_hardware\vitis\.sdk\launch_scripts\single_application_debug\systemdebugger_full_hardware_sw_system_standalone.tcl'
18:00:38 INFO  : Checking for BSP changes to sync application flags for project 'music_player_sw'...
18:00:53 INFO  : Disconnected from the channel tcfchan#63.
18:00:53 INFO  : Connected to target on host '127.0.0.1' and port '3121'.
18:00:53 INFO  : Jtag cable 'Digilent Zybo Z7 210351B3FC8DA' is selected.
18:00:53 INFO  : 'jtag frequency' command is executed.
18:00:53 INFO  : Context for 'APU' is selected.
18:00:54 INFO  : System reset is completed.
18:00:57 INFO  : 'after 3000' command is executed.
18:00:57 INFO  : 'targets -set -filter {jtag_cable_name =~ "Digilent Zybo Z7 210351B3FC8DA" && level==0 && jtag_device_ctx=="jsn-Zybo Z7-210351B3FC8DA-13722093-0"}' command is executed.
18:00:58 INFO  : FPGA configured successfully with bitstream "D:/proyectosep2/IEE2463-SEP-Proyecto-2-Z8/full_hardware/vitis/full_hardware_sw/_ide/bitstream/DEMO_wrapper.bit"
18:00:58 INFO  : Context for 'APU' is selected.
18:00:58 INFO  : Hardware design and registers information is loaded from 'D:/proyectosep2/IEE2463-SEP-Proyecto-2-Z8/full_hardware/vitis/full_hardware_plt/export/full_hardware_plt/hw/DEMO_wrapper.xsa'.
18:00:58 INFO  : 'configparams force-mem-access 1' command is executed.
18:00:58 INFO  : Context for 'APU' is selected.
18:00:58 INFO  : Sourcing of 'D:/proyectosep2/IEE2463-SEP-Proyecto-2-Z8/full_hardware/vitis/full_hardware_sw/_ide/psinit/ps7_init.tcl' is done.
18:00:58 INFO  : 'ps7_init' command is executed.
18:00:58 INFO  : 'ps7_post_config' command is executed.
18:00:58 INFO  : Context for processor 'ps7_cortexa9_0' is selected.
18:00:59 INFO  : The application 'D:/proyectosep2/IEE2463-SEP-Proyecto-2-Z8/full_hardware/vitis/full_hardware_sw/Debug/full_hardware_sw.elf' is downloaded to processor 'ps7_cortexa9_0'.
18:00:59 INFO  : Context for processor 'ps7_cortexa9_1' is selected.
18:00:59 INFO  : The application 'D:/proyectosep2/IEE2463-SEP-Proyecto-2-Z8/full_hardware/vitis/music_player_sw/Debug/music_player_sw.elf' is downloaded to processor 'ps7_cortexa9_1'.
18:00:59 INFO  : 'configparams force-mem-access 0' command is executed.
18:00:59 INFO  : ----------------XSDB Script----------------
connect -url tcp:127.0.0.1:3121
targets -set -nocase -filter {name =~"APU*"}
rst -system
after 3000
targets -set -filter {jtag_cable_name =~ "Digilent Zybo Z7 210351B3FC8DA" && level==0 && jtag_device_ctx=="jsn-Zybo Z7-210351B3FC8DA-13722093-0"}
fpga -file D:/proyectosep2/IEE2463-SEP-Proyecto-2-Z8/full_hardware/vitis/full_hardware_sw/_ide/bitstream/DEMO_wrapper.bit
targets -set -nocase -filter {name =~"APU*"}
loadhw -hw D:/proyectosep2/IEE2463-SEP-Proyecto-2-Z8/full_hardware/vitis/full_hardware_plt/export/full_hardware_plt/hw/DEMO_wrapper.xsa -mem-ranges [list {0x40000000 0xbfffffff}] -regs
configparams force-mem-access 1
targets -set -nocase -filter {name =~"APU*"}
source D:/proyectosep2/IEE2463-SEP-Proyecto-2-Z8/full_hardware/vitis/full_hardware_sw/_ide/psinit/ps7_init.tcl
ps7_init
ps7_post_config
targets -set -nocase -filter {name =~ "*A9*#0"}
dow D:/proyectosep2/IEE2463-SEP-Proyecto-2-Z8/full_hardware/vitis/full_hardware_sw/Debug/full_hardware_sw.elf
targets -set -nocase -filter {name =~ "*A9*#1"}
dow D:/proyectosep2/IEE2463-SEP-Proyecto-2-Z8/full_hardware/vitis/music_player_sw/Debug/music_player_sw.elf
configparams force-mem-access 0
----------------End of Script----------------

18:00:59 INFO  : Context for processor 'ps7_cortexa9_0' is selected.
18:00:59 INFO  : 'con' command is executed.
18:00:59 INFO  : Context for processor 'ps7_cortexa9_1' is selected.
18:00:59 INFO  : 'con' command is executed.
18:00:59 INFO  : ----------------XSDB Script (After Launch)----------------
targets -set -nocase -filter {name =~ "*A9*#0"}
con
targets -set -nocase -filter {name =~ "*A9*#1"}
con
----------------End of Script----------------

18:00:59 INFO  : Launch script is exported to file 'D:\proyectosep2\IEE2463-SEP-Proyecto-2-Z8\full_hardware\vitis\.sdk\launch_scripts\single_application_debug\systemdebugger_full_hardware_sw_system_standalone.tcl'
18:01:43 INFO  : Disconnected from the channel tcfchan#64.
18:01:44 INFO  : Connected to target on host '127.0.0.1' and port '3121'.
18:01:44 INFO  : Jtag cable 'Digilent Zybo Z7 210351B3FC8DA' is selected.
18:01:44 INFO  : 'jtag frequency' command is executed.
18:01:44 INFO  : Context for 'APU' is selected.
18:01:44 INFO  : System reset is completed.
18:01:47 INFO  : 'after 3000' command is executed.
18:01:47 INFO  : 'targets -set -filter {jtag_cable_name =~ "Digilent Zybo Z7 210351B3FC8DA" && level==0 && jtag_device_ctx=="jsn-Zybo Z7-210351B3FC8DA-13722093-0"}' command is executed.
18:01:48 INFO  : FPGA configured successfully with bitstream "D:/proyectosep2/IEE2463-SEP-Proyecto-2-Z8/full_hardware/vitis/full_hardware_sw/_ide/bitstream/DEMO_wrapper.bit"
18:01:48 INFO  : Context for 'APU' is selected.
18:01:48 INFO  : Hardware design and registers information is loaded from 'D:/proyectosep2/IEE2463-SEP-Proyecto-2-Z8/full_hardware/vitis/full_hardware_plt/export/full_hardware_plt/hw/DEMO_wrapper.xsa'.
18:01:48 INFO  : 'configparams force-mem-access 1' command is executed.
18:01:48 INFO  : Context for 'APU' is selected.
18:01:48 INFO  : Sourcing of 'D:/proyectosep2/IEE2463-SEP-Proyecto-2-Z8/full_hardware/vitis/full_hardware_sw/_ide/psinit/ps7_init.tcl' is done.
18:01:49 INFO  : 'ps7_init' command is executed.
18:01:49 INFO  : 'ps7_post_config' command is executed.
18:01:49 INFO  : Context for processor 'ps7_cortexa9_0' is selected.
18:01:49 INFO  : The application 'D:/proyectosep2/IEE2463-SEP-Proyecto-2-Z8/full_hardware/vitis/full_hardware_sw/Debug/full_hardware_sw.elf' is downloaded to processor 'ps7_cortexa9_0'.
18:01:49 INFO  : 'configparams force-mem-access 0' command is executed.
18:01:49 INFO  : ----------------XSDB Script----------------
connect -url tcp:127.0.0.1:3121
targets -set -nocase -filter {name =~"APU*"}
rst -system
after 3000
targets -set -filter {jtag_cable_name =~ "Digilent Zybo Z7 210351B3FC8DA" && level==0 && jtag_device_ctx=="jsn-Zybo Z7-210351B3FC8DA-13722093-0"}
fpga -file D:/proyectosep2/IEE2463-SEP-Proyecto-2-Z8/full_hardware/vitis/full_hardware_sw/_ide/bitstream/DEMO_wrapper.bit
targets -set -nocase -filter {name =~"APU*"}
loadhw -hw D:/proyectosep2/IEE2463-SEP-Proyecto-2-Z8/full_hardware/vitis/full_hardware_plt/export/full_hardware_plt/hw/DEMO_wrapper.xsa -mem-ranges [list {0x40000000 0xbfffffff}] -regs
configparams force-mem-access 1
targets -set -nocase -filter {name =~"APU*"}
source D:/proyectosep2/IEE2463-SEP-Proyecto-2-Z8/full_hardware/vitis/full_hardware_sw/_ide/psinit/ps7_init.tcl
ps7_init
ps7_post_config
targets -set -nocase -filter {name =~ "*A9*#0"}
dow D:/proyectosep2/IEE2463-SEP-Proyecto-2-Z8/full_hardware/vitis/full_hardware_sw/Debug/full_hardware_sw.elf
configparams force-mem-access 0
----------------End of Script----------------

18:01:49 INFO  : Context for processor 'ps7_cortexa9_0' is selected.
18:01:49 INFO  : 'con' command is executed.
18:01:49 INFO  : ----------------XSDB Script (After Launch)----------------
targets -set -nocase -filter {name =~ "*A9*#0"}
con
----------------End of Script----------------

18:01:49 INFO  : Launch script is exported to file 'D:\proyectosep2\IEE2463-SEP-Proyecto-2-Z8\full_hardware\vitis\.sdk\launch_scripts\single_application_debug\debugger_full_hardware_sw-default_1.tcl'
18:32:50 INFO  : Checking for BSP changes to sync application flags for project 'full_hardware_sw'...
18:33:01 INFO  : Disconnected from the channel tcfchan#65.
18:33:02 INFO  : Connected to target on host '127.0.0.1' and port '3121'.
18:33:02 INFO  : Jtag cable 'Digilent Zybo Z7 210351B3FC8DA' is selected.
18:33:02 INFO  : 'jtag frequency' command is executed.
18:33:02 INFO  : Context for 'APU' is selected.
18:33:02 INFO  : System reset is completed.
18:33:05 INFO  : 'after 3000' command is executed.
18:33:05 INFO  : 'targets -set -filter {jtag_cable_name =~ "Digilent Zybo Z7 210351B3FC8DA" && level==0 && jtag_device_ctx=="jsn-Zybo Z7-210351B3FC8DA-13722093-0"}' command is executed.
18:33:06 INFO  : FPGA configured successfully with bitstream "D:/proyectosep2/IEE2463-SEP-Proyecto-2-Z8/full_hardware/vitis/full_hardware_sw/_ide/bitstream/DEMO_wrapper.bit"
18:33:07 INFO  : Context for 'APU' is selected.
18:33:07 INFO  : Hardware design and registers information is loaded from 'D:/proyectosep2/IEE2463-SEP-Proyecto-2-Z8/full_hardware/vitis/full_hardware_plt/export/full_hardware_plt/hw/DEMO_wrapper.xsa'.
18:33:07 INFO  : 'configparams force-mem-access 1' command is executed.
18:33:07 INFO  : Context for 'APU' is selected.
18:33:07 INFO  : Sourcing of 'D:/proyectosep2/IEE2463-SEP-Proyecto-2-Z8/full_hardware/vitis/full_hardware_sw/_ide/psinit/ps7_init.tcl' is done.
18:33:07 INFO  : 'ps7_init' command is executed.
18:33:07 INFO  : 'ps7_post_config' command is executed.
18:33:07 INFO  : Context for processor 'ps7_cortexa9_0' is selected.
18:33:08 INFO  : The application 'D:/proyectosep2/IEE2463-SEP-Proyecto-2-Z8/full_hardware/vitis/full_hardware_sw/Debug/full_hardware_sw.elf' is downloaded to processor 'ps7_cortexa9_0'.
18:33:08 INFO  : 'configparams force-mem-access 0' command is executed.
18:33:08 INFO  : ----------------XSDB Script----------------
connect -url tcp:127.0.0.1:3121
targets -set -nocase -filter {name =~"APU*"}
rst -system
after 3000
targets -set -filter {jtag_cable_name =~ "Digilent Zybo Z7 210351B3FC8DA" && level==0 && jtag_device_ctx=="jsn-Zybo Z7-210351B3FC8DA-13722093-0"}
fpga -file D:/proyectosep2/IEE2463-SEP-Proyecto-2-Z8/full_hardware/vitis/full_hardware_sw/_ide/bitstream/DEMO_wrapper.bit
targets -set -nocase -filter {name =~"APU*"}
loadhw -hw D:/proyectosep2/IEE2463-SEP-Proyecto-2-Z8/full_hardware/vitis/full_hardware_plt/export/full_hardware_plt/hw/DEMO_wrapper.xsa -mem-ranges [list {0x40000000 0xbfffffff}] -regs
configparams force-mem-access 1
targets -set -nocase -filter {name =~"APU*"}
source D:/proyectosep2/IEE2463-SEP-Proyecto-2-Z8/full_hardware/vitis/full_hardware_sw/_ide/psinit/ps7_init.tcl
ps7_init
ps7_post_config
targets -set -nocase -filter {name =~ "*A9*#0"}
dow D:/proyectosep2/IEE2463-SEP-Proyecto-2-Z8/full_hardware/vitis/full_hardware_sw/Debug/full_hardware_sw.elf
configparams force-mem-access 0
----------------End of Script----------------

18:33:08 INFO  : Context for processor 'ps7_cortexa9_0' is selected.
18:33:08 INFO  : 'con' command is executed.
18:33:08 INFO  : ----------------XSDB Script (After Launch)----------------
targets -set -nocase -filter {name =~ "*A9*#0"}
con
----------------End of Script----------------

18:33:08 INFO  : Launch script is exported to file 'D:\proyectosep2\IEE2463-SEP-Proyecto-2-Z8\full_hardware\vitis\.sdk\launch_scripts\single_application_debug\debugger_full_hardware_sw-default_2.tcl'
19:03:30 INFO  : Checking for BSP changes to sync application flags for project 'full_hardware_sw'...
19:04:51 INFO  : Checking for BSP changes to sync application flags for project 'full_hardware_sw'...
19:04:53 INFO  : Checking for BSP changes to sync application flags for project 'music_player_sw'...
19:07:34 INFO  : Checking for BSP changes to sync application flags for project 'full_hardware_sw'...
19:07:36 INFO  : Checking for BSP changes to sync application flags for project 'music_player_sw'...
19:08:04 INFO  : Disconnected from the channel tcfchan#66.
19:08:05 INFO  : Connected to target on host '127.0.0.1' and port '3121'.
19:08:05 INFO  : Jtag cable 'Digilent Zybo Z7 210351B3FC8DA' is selected.
19:08:05 INFO  : 'jtag frequency' command is executed.
19:08:05 INFO  : Context for 'APU' is selected.
19:08:05 INFO  : System reset is completed.
19:08:08 INFO  : 'after 3000' command is executed.
19:08:09 INFO  : 'targets -set -filter {jtag_cable_name =~ "Digilent Zybo Z7 210351B3FC8DA" && level==0 && jtag_device_ctx=="jsn-Zybo Z7-210351B3FC8DA-13722093-0"}' command is executed.
19:08:10 INFO  : FPGA configured successfully with bitstream "D:/proyectosep2/IEE2463-SEP-Proyecto-2-Z8/full_hardware/vitis/full_hardware_sw/_ide/bitstream/DEMO_wrapper.bit"
19:08:10 INFO  : Context for 'APU' is selected.
19:08:10 INFO  : Hardware design and registers information is loaded from 'D:/proyectosep2/IEE2463-SEP-Proyecto-2-Z8/full_hardware/vitis/full_hardware_plt/export/full_hardware_plt/hw/DEMO_wrapper.xsa'.
19:08:10 INFO  : 'configparams force-mem-access 1' command is executed.
19:08:10 INFO  : Context for 'APU' is selected.
19:08:10 INFO  : Sourcing of 'D:/proyectosep2/IEE2463-SEP-Proyecto-2-Z8/full_hardware/vitis/full_hardware_sw/_ide/psinit/ps7_init.tcl' is done.
19:08:10 INFO  : 'ps7_init' command is executed.
19:08:10 INFO  : 'ps7_post_config' command is executed.
19:08:10 INFO  : Context for processor 'ps7_cortexa9_0' is selected.
19:08:11 INFO  : The application 'D:/proyectosep2/IEE2463-SEP-Proyecto-2-Z8/full_hardware/vitis/full_hardware_sw/Debug/full_hardware_sw.elf' is downloaded to processor 'ps7_cortexa9_0'.
19:08:11 INFO  : 'configparams force-mem-access 0' command is executed.
19:08:11 INFO  : ----------------XSDB Script----------------
connect -url tcp:127.0.0.1:3121
targets -set -nocase -filter {name =~"APU*"}
rst -system
after 3000
targets -set -filter {jtag_cable_name =~ "Digilent Zybo Z7 210351B3FC8DA" && level==0 && jtag_device_ctx=="jsn-Zybo Z7-210351B3FC8DA-13722093-0"}
fpga -file D:/proyectosep2/IEE2463-SEP-Proyecto-2-Z8/full_hardware/vitis/full_hardware_sw/_ide/bitstream/DEMO_wrapper.bit
targets -set -nocase -filter {name =~"APU*"}
loadhw -hw D:/proyectosep2/IEE2463-SEP-Proyecto-2-Z8/full_hardware/vitis/full_hardware_plt/export/full_hardware_plt/hw/DEMO_wrapper.xsa -mem-ranges [list {0x40000000 0xbfffffff}] -regs
configparams force-mem-access 1
targets -set -nocase -filter {name =~"APU*"}
source D:/proyectosep2/IEE2463-SEP-Proyecto-2-Z8/full_hardware/vitis/full_hardware_sw/_ide/psinit/ps7_init.tcl
ps7_init
ps7_post_config
targets -set -nocase -filter {name =~ "*A9*#0"}
dow D:/proyectosep2/IEE2463-SEP-Proyecto-2-Z8/full_hardware/vitis/full_hardware_sw/Debug/full_hardware_sw.elf
configparams force-mem-access 0
----------------End of Script----------------

19:08:11 INFO  : Context for processor 'ps7_cortexa9_0' is selected.
19:08:11 INFO  : 'con' command is executed.
19:08:11 INFO  : ----------------XSDB Script (After Launch)----------------
targets -set -nocase -filter {name =~ "*A9*#0"}
con
----------------End of Script----------------

19:08:11 INFO  : Launch script is exported to file 'D:\proyectosep2\IEE2463-SEP-Proyecto-2-Z8\full_hardware\vitis\.sdk\launch_scripts\single_application_debug\debugger_full_hardware_sw-default_2.tcl'
19:09:04 INFO  : Checking for BSP changes to sync application flags for project 'music_player_sw'...
19:09:12 INFO  : Disconnected from the channel tcfchan#69.
19:09:13 INFO  : Connected to target on host '127.0.0.1' and port '3121'.
19:09:13 INFO  : Jtag cable 'Digilent Zybo Z7 210351B3FC8DA' is selected.
19:09:13 INFO  : 'jtag frequency' command is executed.
19:09:13 INFO  : Context for 'APU' is selected.
19:09:13 INFO  : System reset is completed.
19:09:16 INFO  : 'after 3000' command is executed.
19:09:16 INFO  : 'targets -set -filter {jtag_cable_name =~ "Digilent Zybo Z7 210351B3FC8DA" && level==0 && jtag_device_ctx=="jsn-Zybo Z7-210351B3FC8DA-13722093-0"}' command is executed.
19:09:17 INFO  : FPGA configured successfully with bitstream "D:/proyectosep2/IEE2463-SEP-Proyecto-2-Z8/full_hardware/vitis/full_hardware_sw/_ide/bitstream/DEMO_wrapper.bit"
19:09:17 INFO  : Context for 'APU' is selected.
19:09:17 INFO  : Hardware design and registers information is loaded from 'D:/proyectosep2/IEE2463-SEP-Proyecto-2-Z8/full_hardware/vitis/full_hardware_plt/export/full_hardware_plt/hw/DEMO_wrapper.xsa'.
19:09:17 INFO  : 'configparams force-mem-access 1' command is executed.
19:09:17 INFO  : Context for 'APU' is selected.
19:09:17 INFO  : Sourcing of 'D:/proyectosep2/IEE2463-SEP-Proyecto-2-Z8/full_hardware/vitis/full_hardware_sw/_ide/psinit/ps7_init.tcl' is done.
19:09:18 INFO  : 'ps7_init' command is executed.
19:09:18 INFO  : 'ps7_post_config' command is executed.
19:09:18 INFO  : Context for processor 'ps7_cortexa9_0' is selected.
19:09:18 INFO  : The application 'D:/proyectosep2/IEE2463-SEP-Proyecto-2-Z8/full_hardware/vitis/full_hardware_sw/Debug/full_hardware_sw.elf' is downloaded to processor 'ps7_cortexa9_0'.
19:09:18 INFO  : 'configparams force-mem-access 0' command is executed.
19:09:18 INFO  : ----------------XSDB Script----------------
connect -url tcp:127.0.0.1:3121
targets -set -nocase -filter {name =~"APU*"}
rst -system
after 3000
targets -set -filter {jtag_cable_name =~ "Digilent Zybo Z7 210351B3FC8DA" && level==0 && jtag_device_ctx=="jsn-Zybo Z7-210351B3FC8DA-13722093-0"}
fpga -file D:/proyectosep2/IEE2463-SEP-Proyecto-2-Z8/full_hardware/vitis/full_hardware_sw/_ide/bitstream/DEMO_wrapper.bit
targets -set -nocase -filter {name =~"APU*"}
loadhw -hw D:/proyectosep2/IEE2463-SEP-Proyecto-2-Z8/full_hardware/vitis/full_hardware_plt/export/full_hardware_plt/hw/DEMO_wrapper.xsa -mem-ranges [list {0x40000000 0xbfffffff}] -regs
configparams force-mem-access 1
targets -set -nocase -filter {name =~"APU*"}
source D:/proyectosep2/IEE2463-SEP-Proyecto-2-Z8/full_hardware/vitis/full_hardware_sw/_ide/psinit/ps7_init.tcl
ps7_init
ps7_post_config
targets -set -nocase -filter {name =~ "*A9*#0"}
dow D:/proyectosep2/IEE2463-SEP-Proyecto-2-Z8/full_hardware/vitis/full_hardware_sw/Debug/full_hardware_sw.elf
configparams force-mem-access 0
----------------End of Script----------------

19:09:18 INFO  : Context for processor 'ps7_cortexa9_0' is selected.
19:09:18 INFO  : 'con' command is executed.
19:09:18 INFO  : ----------------XSDB Script (After Launch)----------------
targets -set -nocase -filter {name =~ "*A9*#0"}
con
----------------End of Script----------------

19:09:18 INFO  : Launch script is exported to file 'D:\proyectosep2\IEE2463-SEP-Proyecto-2-Z8\full_hardware\vitis\.sdk\launch_scripts\single_application_debug\debugger_full_hardware_sw-default_3.tcl'
19:10:44 INFO  : Checking for BSP changes to sync application flags for project 'full_hardware_sw'...
19:10:50 INFO  : Connected to target on host '127.0.0.1' and port '3121'.
19:10:51 INFO  : Jtag cable 'Digilent Zybo Z7 210351B3FC8DA' is selected.
19:10:51 INFO  : 'jtag frequency' command is executed.
19:10:51 INFO  : Context for 'APU' is selected.
19:10:51 INFO  : System reset is completed.
19:10:54 INFO  : 'after 3000' command is executed.
19:10:54 INFO  : 'targets -set -filter {jtag_cable_name =~ "Digilent Zybo Z7 210351B3FC8DA" && level==0 && jtag_device_ctx=="jsn-Zybo Z7-210351B3FC8DA-13722093-0"}' command is executed.
19:10:55 INFO  : FPGA configured successfully with bitstream "D:/proyectosep2/IEE2463-SEP-Proyecto-2-Z8/full_hardware/vitis/full_hardware_sw/_ide/bitstream/DEMO_wrapper.bit"
19:10:55 INFO  : Context for 'APU' is selected.
19:10:55 INFO  : Hardware design and registers information is loaded from 'D:/proyectosep2/IEE2463-SEP-Proyecto-2-Z8/full_hardware/vitis/full_hardware_plt/export/full_hardware_plt/hw/DEMO_wrapper.xsa'.
19:10:55 INFO  : 'configparams force-mem-access 1' command is executed.
19:10:55 INFO  : Context for 'APU' is selected.
19:10:55 INFO  : Sourcing of 'D:/proyectosep2/IEE2463-SEP-Proyecto-2-Z8/full_hardware/vitis/full_hardware_sw/_ide/psinit/ps7_init.tcl' is done.
19:10:55 INFO  : 'ps7_init' command is executed.
19:10:55 INFO  : 'ps7_post_config' command is executed.
19:10:55 INFO  : Context for processor 'ps7_cortexa9_0' is selected.
19:10:56 INFO  : The application 'D:/proyectosep2/IEE2463-SEP-Proyecto-2-Z8/full_hardware/vitis/full_hardware_sw/Debug/full_hardware_sw.elf' is downloaded to processor 'ps7_cortexa9_0'.
19:10:56 INFO  : 'configparams force-mem-access 0' command is executed.
19:10:56 INFO  : ----------------XSDB Script----------------
connect -url tcp:127.0.0.1:3121
targets -set -nocase -filter {name =~"APU*"}
rst -system
after 3000
targets -set -filter {jtag_cable_name =~ "Digilent Zybo Z7 210351B3FC8DA" && level==0 && jtag_device_ctx=="jsn-Zybo Z7-210351B3FC8DA-13722093-0"}
fpga -file D:/proyectosep2/IEE2463-SEP-Proyecto-2-Z8/full_hardware/vitis/full_hardware_sw/_ide/bitstream/DEMO_wrapper.bit
targets -set -nocase -filter {name =~"APU*"}
loadhw -hw D:/proyectosep2/IEE2463-SEP-Proyecto-2-Z8/full_hardware/vitis/full_hardware_plt/export/full_hardware_plt/hw/DEMO_wrapper.xsa -mem-ranges [list {0x40000000 0xbfffffff}] -regs
configparams force-mem-access 1
targets -set -nocase -filter {name =~"APU*"}
source D:/proyectosep2/IEE2463-SEP-Proyecto-2-Z8/full_hardware/vitis/full_hardware_sw/_ide/psinit/ps7_init.tcl
ps7_init
ps7_post_config
targets -set -nocase -filter {name =~ "*A9*#0"}
dow D:/proyectosep2/IEE2463-SEP-Proyecto-2-Z8/full_hardware/vitis/full_hardware_sw/Debug/full_hardware_sw.elf
configparams force-mem-access 0
----------------End of Script----------------

19:10:56 INFO  : Context for processor 'ps7_cortexa9_0' is selected.
19:10:56 INFO  : 'con' command is executed.
19:10:56 INFO  : ----------------XSDB Script (After Launch)----------------
targets -set -nocase -filter {name =~ "*A9*#0"}
con
----------------End of Script----------------

19:10:56 INFO  : Launch script is exported to file 'D:\proyectosep2\IEE2463-SEP-Proyecto-2-Z8\full_hardware\vitis\.sdk\launch_scripts\single_application_debug\debugger_full_hardware_sw-default_4.tcl'
19:11:41 INFO  : Disconnected from the channel tcfchan#70.
19:11:42 INFO  : Connected to target on host '127.0.0.1' and port '3121'.
19:11:48 INFO  : Jtag cable 'Digilent Zybo Z7 210351B3FC8DA' is selected.
19:11:48 INFO  : 'jtag frequency' command is executed.
19:11:48 INFO  : Context for 'APU' is selected.
19:11:48 INFO  : System reset is completed.
19:11:51 INFO  : 'after 3000' command is executed.
19:11:51 INFO  : 'targets -set -filter {jtag_cable_name =~ "Digilent Zybo Z7 210351B3FC8DA" && level==0 && jtag_device_ctx=="jsn-Zybo Z7-210351B3FC8DA-13722093-0"}' command is executed.
19:11:53 INFO  : FPGA configured successfully with bitstream "D:/proyectosep2/IEE2463-SEP-Proyecto-2-Z8/full_hardware/vitis/music_player_sw/_ide/bitstream/DEMO_wrapper.bit"
19:11:53 INFO  : Context for 'APU' is selected.
19:11:53 INFO  : Hardware design and registers information is loaded from 'D:/proyectosep2/IEE2463-SEP-Proyecto-2-Z8/full_hardware/vitis/full_hardware_plt/export/full_hardware_plt/hw/DEMO_wrapper.xsa'.
19:11:53 INFO  : 'configparams force-mem-access 1' command is executed.
19:11:53 INFO  : Context for 'APU' is selected.
19:11:53 INFO  : Sourcing of 'D:/proyectosep2/IEE2463-SEP-Proyecto-2-Z8/full_hardware/vitis/music_player_sw/_ide/psinit/ps7_init.tcl' is done.
19:11:53 INFO  : 'ps7_init' command is executed.
19:11:53 INFO  : 'ps7_post_config' command is executed.
19:11:53 INFO  : Context for processor 'ps7_cortexa9_1' is selected.
19:11:54 INFO  : The application 'D:/proyectosep2/IEE2463-SEP-Proyecto-2-Z8/full_hardware/vitis/music_player_sw/Debug/music_player_sw.elf' is downloaded to processor 'ps7_cortexa9_1'.
19:11:54 INFO  : 'configparams force-mem-access 0' command is executed.
19:11:54 INFO  : ----------------XSDB Script----------------
connect -url tcp:127.0.0.1:3121
targets -set -nocase -filter {name =~"APU*"}
rst -system
after 3000
targets -set -filter {jtag_cable_name =~ "Digilent Zybo Z7 210351B3FC8DA" && level==0 && jtag_device_ctx=="jsn-Zybo Z7-210351B3FC8DA-13722093-0"}
fpga -file D:/proyectosep2/IEE2463-SEP-Proyecto-2-Z8/full_hardware/vitis/music_player_sw/_ide/bitstream/DEMO_wrapper.bit
targets -set -nocase -filter {name =~"APU*"}
loadhw -hw D:/proyectosep2/IEE2463-SEP-Proyecto-2-Z8/full_hardware/vitis/full_hardware_plt/export/full_hardware_plt/hw/DEMO_wrapper.xsa -mem-ranges [list {0x40000000 0xbfffffff}] -regs
configparams force-mem-access 1
targets -set -nocase -filter {name =~"APU*"}
source D:/proyectosep2/IEE2463-SEP-Proyecto-2-Z8/full_hardware/vitis/music_player_sw/_ide/psinit/ps7_init.tcl
ps7_init
ps7_post_config
targets -set -nocase -filter {name =~ "*A9*#1"}
dow D:/proyectosep2/IEE2463-SEP-Proyecto-2-Z8/full_hardware/vitis/music_player_sw/Debug/music_player_sw.elf
configparams force-mem-access 0
----------------End of Script----------------

19:11:54 INFO  : Context for processor 'ps7_cortexa9_1' is selected.
19:11:54 INFO  : 'con' command is executed.
19:11:54 INFO  : ----------------XSDB Script (After Launch)----------------
targets -set -nocase -filter {name =~ "*A9*#1"}
con
----------------End of Script----------------

19:11:54 INFO  : Launch script is exported to file 'D:\proyectosep2\IEE2463-SEP-Proyecto-2-Z8\full_hardware\vitis\.sdk\launch_scripts\single_application_debug\debugger_music_player_sw-default.tcl'
19:12:17 WARN  : channel "tcfchan#70" closed
19:12:18 INFO  : Connected to target on host '127.0.0.1' and port '3121'.
19:12:18 INFO  : Jtag cable 'Digilent Zybo Z7 210351B3FC8DA' is selected.
19:12:18 INFO  : 'jtag frequency' command is executed.
19:12:18 INFO  : Context for 'APU' is selected.
19:12:19 INFO  : System reset is completed.
19:12:22 INFO  : 'after 3000' command is executed.
19:12:22 INFO  : 'targets -set -filter {jtag_cable_name =~ "Digilent Zybo Z7 210351B3FC8DA" && level==0 && jtag_device_ctx=="jsn-Zybo Z7-210351B3FC8DA-13722093-0"}' command is executed.
19:12:23 INFO  : FPGA configured successfully with bitstream "D:/proyectosep2/IEE2463-SEP-Proyecto-2-Z8/full_hardware/vitis/full_hardware_sw/_ide/bitstream/DEMO_wrapper.bit"
19:12:23 INFO  : Context for 'APU' is selected.
19:12:23 INFO  : Hardware design and registers information is loaded from 'D:/proyectosep2/IEE2463-SEP-Proyecto-2-Z8/full_hardware/vitis/full_hardware_plt/export/full_hardware_plt/hw/DEMO_wrapper.xsa'.
19:12:23 INFO  : 'configparams force-mem-access 1' command is executed.
19:12:23 INFO  : Context for 'APU' is selected.
19:12:23 INFO  : Sourcing of 'D:/proyectosep2/IEE2463-SEP-Proyecto-2-Z8/full_hardware/vitis/full_hardware_sw/_ide/psinit/ps7_init.tcl' is done.
19:12:23 INFO  : 'ps7_init' command is executed.
19:12:23 INFO  : 'ps7_post_config' command is executed.
19:12:23 INFO  : Context for processor 'ps7_cortexa9_0' is selected.
19:12:24 INFO  : The application 'D:/proyectosep2/IEE2463-SEP-Proyecto-2-Z8/full_hardware/vitis/full_hardware_sw/Debug/full_hardware_sw.elf' is downloaded to processor 'ps7_cortexa9_0'.
19:12:24 INFO  : Context for processor 'ps7_cortexa9_1' is selected.
19:12:25 INFO  : The application 'D:/proyectosep2/IEE2463-SEP-Proyecto-2-Z8/full_hardware/vitis/music_player_sw/Debug/music_player_sw.elf' is downloaded to processor 'ps7_cortexa9_1'.
19:12:25 INFO  : 'configparams force-mem-access 0' command is executed.
19:12:25 INFO  : ----------------XSDB Script----------------
connect -url tcp:127.0.0.1:3121
targets -set -nocase -filter {name =~"APU*"}
rst -system
after 3000
targets -set -filter {jtag_cable_name =~ "Digilent Zybo Z7 210351B3FC8DA" && level==0 && jtag_device_ctx=="jsn-Zybo Z7-210351B3FC8DA-13722093-0"}
fpga -file D:/proyectosep2/IEE2463-SEP-Proyecto-2-Z8/full_hardware/vitis/full_hardware_sw/_ide/bitstream/DEMO_wrapper.bit
targets -set -nocase -filter {name =~"APU*"}
loadhw -hw D:/proyectosep2/IEE2463-SEP-Proyecto-2-Z8/full_hardware/vitis/full_hardware_plt/export/full_hardware_plt/hw/DEMO_wrapper.xsa -mem-ranges [list {0x40000000 0xbfffffff}] -regs
configparams force-mem-access 1
targets -set -nocase -filter {name =~"APU*"}
source D:/proyectosep2/IEE2463-SEP-Proyecto-2-Z8/full_hardware/vitis/full_hardware_sw/_ide/psinit/ps7_init.tcl
ps7_init
ps7_post_config
targets -set -nocase -filter {name =~ "*A9*#0"}
dow D:/proyectosep2/IEE2463-SEP-Proyecto-2-Z8/full_hardware/vitis/full_hardware_sw/Debug/full_hardware_sw.elf
targets -set -nocase -filter {name =~ "*A9*#1"}
dow D:/proyectosep2/IEE2463-SEP-Proyecto-2-Z8/full_hardware/vitis/music_player_sw/Debug/music_player_sw.elf
configparams force-mem-access 0
----------------End of Script----------------

19:12:25 INFO  : Context for processor 'ps7_cortexa9_0' is selected.
19:12:25 INFO  : 'con' command is executed.
19:12:25 INFO  : Context for processor 'ps7_cortexa9_1' is selected.
19:12:25 INFO  : 'con' command is executed.
19:12:25 INFO  : ----------------XSDB Script (After Launch)----------------
targets -set -nocase -filter {name =~ "*A9*#0"}
con
targets -set -nocase -filter {name =~ "*A9*#1"}
con
----------------End of Script----------------

19:12:25 INFO  : Launch script is exported to file 'D:\proyectosep2\IEE2463-SEP-Proyecto-2-Z8\full_hardware\vitis\.sdk\launch_scripts\single_application_debug\systemdebugger_full_hardware_sw_system_1_standalone.tcl'
19:14:35 INFO  : Checking for BSP changes to sync application flags for project 'full_hardware_sw'...
19:14:36 INFO  : Checking for BSP changes to sync application flags for project 'music_player_sw'...
19:14:56 INFO  : Disconnected from the channel tcfchan#71.
19:14:57 INFO  : Connected to target on host '127.0.0.1' and port '3121'.
19:14:57 INFO  : Jtag cable 'Digilent Zybo Z7 210351B3FC8DA' is selected.
19:14:57 INFO  : 'jtag frequency' command is executed.
19:14:57 INFO  : Context for 'APU' is selected.
19:14:57 INFO  : System reset is completed.
19:15:00 INFO  : 'after 3000' command is executed.
19:15:00 INFO  : 'targets -set -filter {jtag_cable_name =~ "Digilent Zybo Z7 210351B3FC8DA" && level==0 && jtag_device_ctx=="jsn-Zybo Z7-210351B3FC8DA-13722093-0"}' command is executed.
19:15:02 INFO  : FPGA configured successfully with bitstream "D:/proyectosep2/IEE2463-SEP-Proyecto-2-Z8/full_hardware/vitis/full_hardware_sw/_ide/bitstream/DEMO_wrapper.bit"
19:15:02 INFO  : Context for 'APU' is selected.
19:15:02 INFO  : Hardware design and registers information is loaded from 'D:/proyectosep2/IEE2463-SEP-Proyecto-2-Z8/full_hardware/vitis/full_hardware_plt/export/full_hardware_plt/hw/DEMO_wrapper.xsa'.
19:15:02 INFO  : 'configparams force-mem-access 1' command is executed.
19:15:02 INFO  : Context for 'APU' is selected.
19:15:02 INFO  : Sourcing of 'D:/proyectosep2/IEE2463-SEP-Proyecto-2-Z8/full_hardware/vitis/full_hardware_sw/_ide/psinit/ps7_init.tcl' is done.
19:15:02 INFO  : 'ps7_init' command is executed.
19:15:02 INFO  : 'ps7_post_config' command is executed.
19:15:02 INFO  : Context for processor 'ps7_cortexa9_0' is selected.
19:15:03 INFO  : The application 'D:/proyectosep2/IEE2463-SEP-Proyecto-2-Z8/full_hardware/vitis/full_hardware_sw/Debug/full_hardware_sw.elf' is downloaded to processor 'ps7_cortexa9_0'.
19:15:03 INFO  : Context for processor 'ps7_cortexa9_1' is selected.
19:15:04 INFO  : The application 'D:/proyectosep2/IEE2463-SEP-Proyecto-2-Z8/full_hardware/vitis/music_player_sw/Debug/music_player_sw.elf' is downloaded to processor 'ps7_cortexa9_1'.
19:15:04 INFO  : 'configparams force-mem-access 0' command is executed.
19:15:04 INFO  : ----------------XSDB Script----------------
connect -url tcp:127.0.0.1:3121
targets -set -nocase -filter {name =~"APU*"}
rst -system
after 3000
targets -set -filter {jtag_cable_name =~ "Digilent Zybo Z7 210351B3FC8DA" && level==0 && jtag_device_ctx=="jsn-Zybo Z7-210351B3FC8DA-13722093-0"}
fpga -file D:/proyectosep2/IEE2463-SEP-Proyecto-2-Z8/full_hardware/vitis/full_hardware_sw/_ide/bitstream/DEMO_wrapper.bit
targets -set -nocase -filter {name =~"APU*"}
loadhw -hw D:/proyectosep2/IEE2463-SEP-Proyecto-2-Z8/full_hardware/vitis/full_hardware_plt/export/full_hardware_plt/hw/DEMO_wrapper.xsa -mem-ranges [list {0x40000000 0xbfffffff}] -regs
configparams force-mem-access 1
targets -set -nocase -filter {name =~"APU*"}
source D:/proyectosep2/IEE2463-SEP-Proyecto-2-Z8/full_hardware/vitis/full_hardware_sw/_ide/psinit/ps7_init.tcl
ps7_init
ps7_post_config
targets -set -nocase -filter {name =~ "*A9*#0"}
dow D:/proyectosep2/IEE2463-SEP-Proyecto-2-Z8/full_hardware/vitis/full_hardware_sw/Debug/full_hardware_sw.elf
targets -set -nocase -filter {name =~ "*A9*#1"}
dow D:/proyectosep2/IEE2463-SEP-Proyecto-2-Z8/full_hardware/vitis/music_player_sw/Debug/music_player_sw.elf
configparams force-mem-access 0
----------------End of Script----------------

19:15:04 INFO  : Context for processor 'ps7_cortexa9_0' is selected.
19:15:04 INFO  : 'con' command is executed.
19:15:04 INFO  : Context for processor 'ps7_cortexa9_1' is selected.
19:15:04 INFO  : 'con' command is executed.
19:15:04 INFO  : ----------------XSDB Script (After Launch)----------------
targets -set -nocase -filter {name =~ "*A9*#0"}
con
targets -set -nocase -filter {name =~ "*A9*#1"}
con
----------------End of Script----------------

19:15:04 INFO  : Launch script is exported to file 'D:\proyectosep2\IEE2463-SEP-Proyecto-2-Z8\full_hardware\vitis\.sdk\launch_scripts\single_application_debug\systemdebugger_full_hardware_sw_system_standalone.tcl'
19:15:26 WARN  : channel "tcfchan#71" closed
19:15:28 INFO  : Connected to target on host '127.0.0.1' and port '3121'.
19:15:28 INFO  : Jtag cable 'Digilent Zybo Z7 210351B3FC8DA' is selected.
19:15:28 INFO  : 'jtag frequency' command is executed.
19:15:28 INFO  : Context for 'APU' is selected.
19:15:28 INFO  : System reset is completed.
19:15:31 INFO  : 'after 3000' command is executed.
19:15:31 INFO  : 'targets -set -filter {jtag_cable_name =~ "Digilent Zybo Z7 210351B3FC8DA" && level==0 && jtag_device_ctx=="jsn-Zybo Z7-210351B3FC8DA-13722093-0"}' command is executed.
19:15:32 INFO  : FPGA configured successfully with bitstream "D:/proyectosep2/IEE2463-SEP-Proyecto-2-Z8/full_hardware/vitis/full_hardware_sw/_ide/bitstream/DEMO_wrapper.bit"
19:15:32 INFO  : Context for 'APU' is selected.
19:15:32 INFO  : Hardware design and registers information is loaded from 'D:/proyectosep2/IEE2463-SEP-Proyecto-2-Z8/full_hardware/vitis/full_hardware_plt/export/full_hardware_plt/hw/DEMO_wrapper.xsa'.
19:15:32 INFO  : 'configparams force-mem-access 1' command is executed.
19:15:32 INFO  : Context for 'APU' is selected.
19:15:32 INFO  : Sourcing of 'D:/proyectosep2/IEE2463-SEP-Proyecto-2-Z8/full_hardware/vitis/full_hardware_sw/_ide/psinit/ps7_init.tcl' is done.
19:15:32 INFO  : 'ps7_init' command is executed.
19:15:32 INFO  : 'ps7_post_config' command is executed.
19:15:32 INFO  : Context for processor 'ps7_cortexa9_0' is selected.
19:15:33 INFO  : The application 'D:/proyectosep2/IEE2463-SEP-Proyecto-2-Z8/full_hardware/vitis/full_hardware_sw/Debug/full_hardware_sw.elf' is downloaded to processor 'ps7_cortexa9_0'.
19:15:33 INFO  : 'configparams force-mem-access 0' command is executed.
19:15:33 INFO  : ----------------XSDB Script----------------
connect -url tcp:127.0.0.1:3121
targets -set -nocase -filter {name =~"APU*"}
rst -system
after 3000
targets -set -filter {jtag_cable_name =~ "Digilent Zybo Z7 210351B3FC8DA" && level==0 && jtag_device_ctx=="jsn-Zybo Z7-210351B3FC8DA-13722093-0"}
fpga -file D:/proyectosep2/IEE2463-SEP-Proyecto-2-Z8/full_hardware/vitis/full_hardware_sw/_ide/bitstream/DEMO_wrapper.bit
targets -set -nocase -filter {name =~"APU*"}
loadhw -hw D:/proyectosep2/IEE2463-SEP-Proyecto-2-Z8/full_hardware/vitis/full_hardware_plt/export/full_hardware_plt/hw/DEMO_wrapper.xsa -mem-ranges [list {0x40000000 0xbfffffff}] -regs
configparams force-mem-access 1
targets -set -nocase -filter {name =~"APU*"}
source D:/proyectosep2/IEE2463-SEP-Proyecto-2-Z8/full_hardware/vitis/full_hardware_sw/_ide/psinit/ps7_init.tcl
ps7_init
ps7_post_config
targets -set -nocase -filter {name =~ "*A9*#0"}
dow D:/proyectosep2/IEE2463-SEP-Proyecto-2-Z8/full_hardware/vitis/full_hardware_sw/Debug/full_hardware_sw.elf
configparams force-mem-access 0
----------------End of Script----------------

19:15:33 INFO  : Context for processor 'ps7_cortexa9_0' is selected.
19:15:33 INFO  : 'con' command is executed.
19:15:33 INFO  : ----------------XSDB Script (After Launch)----------------
targets -set -nocase -filter {name =~ "*A9*#0"}
con
----------------End of Script----------------

19:15:33 INFO  : Launch script is exported to file 'D:\proyectosep2\IEE2463-SEP-Proyecto-2-Z8\full_hardware\vitis\.sdk\launch_scripts\single_application_debug\debugger_full_hardware_sw-default.tcl'
19:19:44 INFO  : Checking for BSP changes to sync application flags for project 'full_hardware_sw'...
19:19:52 INFO  : Checking for BSP changes to sync application flags for project 'full_hardware_sw'...
19:19:52 INFO  : Checking for BSP changes to sync application flags for project 'music_player_sw'...
19:20:00 INFO  : Disconnected from the channel tcfchan#73.
19:20:01 WARN  : channel "tcfchan#73" closed
19:20:02 INFO  : Connected to target on host '127.0.0.1' and port '3121'.
19:20:02 INFO  : Jtag cable 'Digilent Zybo Z7 210351B3FC8DA' is selected.
19:20:02 INFO  : 'jtag frequency' command is executed.
19:20:02 INFO  : Context for 'APU' is selected.
19:20:02 INFO  : System reset is completed.
19:20:05 INFO  : 'after 3000' command is executed.
19:20:05 INFO  : 'targets -set -filter {jtag_cable_name =~ "Digilent Zybo Z7 210351B3FC8DA" && level==0 && jtag_device_ctx=="jsn-Zybo Z7-210351B3FC8DA-13722093-0"}' command is executed.
19:20:06 INFO  : FPGA configured successfully with bitstream "D:/proyectosep2/IEE2463-SEP-Proyecto-2-Z8/full_hardware/vitis/full_hardware_sw/_ide/bitstream/DEMO_wrapper.bit"
19:20:06 INFO  : Context for 'APU' is selected.
19:20:06 INFO  : Hardware design and registers information is loaded from 'D:/proyectosep2/IEE2463-SEP-Proyecto-2-Z8/full_hardware/vitis/full_hardware_plt/export/full_hardware_plt/hw/DEMO_wrapper.xsa'.
19:20:06 INFO  : 'configparams force-mem-access 1' command is executed.
19:20:06 INFO  : Context for 'APU' is selected.
19:20:06 INFO  : Sourcing of 'D:/proyectosep2/IEE2463-SEP-Proyecto-2-Z8/full_hardware/vitis/full_hardware_sw/_ide/psinit/ps7_init.tcl' is done.
19:20:07 INFO  : 'ps7_init' command is executed.
19:20:07 INFO  : 'ps7_post_config' command is executed.
19:20:07 INFO  : Context for processor 'ps7_cortexa9_0' is selected.
19:20:07 INFO  : The application 'D:/proyectosep2/IEE2463-SEP-Proyecto-2-Z8/full_hardware/vitis/full_hardware_sw/Debug/full_hardware_sw.elf' is downloaded to processor 'ps7_cortexa9_0'.
19:20:07 INFO  : Context for processor 'ps7_cortexa9_1' is selected.
19:20:08 INFO  : The application 'D:/proyectosep2/IEE2463-SEP-Proyecto-2-Z8/full_hardware/vitis/music_player_sw/Debug/music_player_sw.elf' is downloaded to processor 'ps7_cortexa9_1'.
19:20:08 INFO  : 'configparams force-mem-access 0' command is executed.
19:20:08 INFO  : ----------------XSDB Script----------------
connect -url tcp:127.0.0.1:3121
targets -set -nocase -filter {name =~"APU*"}
rst -system
after 3000
targets -set -filter {jtag_cable_name =~ "Digilent Zybo Z7 210351B3FC8DA" && level==0 && jtag_device_ctx=="jsn-Zybo Z7-210351B3FC8DA-13722093-0"}
fpga -file D:/proyectosep2/IEE2463-SEP-Proyecto-2-Z8/full_hardware/vitis/full_hardware_sw/_ide/bitstream/DEMO_wrapper.bit
targets -set -nocase -filter {name =~"APU*"}
loadhw -hw D:/proyectosep2/IEE2463-SEP-Proyecto-2-Z8/full_hardware/vitis/full_hardware_plt/export/full_hardware_plt/hw/DEMO_wrapper.xsa -mem-ranges [list {0x40000000 0xbfffffff}] -regs
configparams force-mem-access 1
targets -set -nocase -filter {name =~"APU*"}
source D:/proyectosep2/IEE2463-SEP-Proyecto-2-Z8/full_hardware/vitis/full_hardware_sw/_ide/psinit/ps7_init.tcl
ps7_init
ps7_post_config
targets -set -nocase -filter {name =~ "*A9*#0"}
dow D:/proyectosep2/IEE2463-SEP-Proyecto-2-Z8/full_hardware/vitis/full_hardware_sw/Debug/full_hardware_sw.elf
targets -set -nocase -filter {name =~ "*A9*#1"}
dow D:/proyectosep2/IEE2463-SEP-Proyecto-2-Z8/full_hardware/vitis/music_player_sw/Debug/music_player_sw.elf
configparams force-mem-access 0
----------------End of Script----------------

19:20:08 INFO  : Context for processor 'ps7_cortexa9_0' is selected.
19:20:08 INFO  : 'con' command is executed.
19:20:08 INFO  : Context for processor 'ps7_cortexa9_1' is selected.
19:20:08 INFO  : 'con' command is executed.
19:20:08 INFO  : ----------------XSDB Script (After Launch)----------------
targets -set -nocase -filter {name =~ "*A9*#0"}
con
targets -set -nocase -filter {name =~ "*A9*#1"}
con
----------------End of Script----------------

19:20:08 INFO  : Launch script is exported to file 'D:\proyectosep2\IEE2463-SEP-Proyecto-2-Z8\full_hardware\vitis\.sdk\launch_scripts\single_application_debug\systemdebugger_full_hardware_sw_system_standalone.tcl'
19:22:10 INFO  : Disconnected from the channel tcfchan#75.
19:22:10 INFO  : Connected to target on host '127.0.0.1' and port '3121'.
19:22:10 INFO  : Jtag cable 'Digilent Zybo Z7 210351B3FC8DA' is selected.
19:22:10 INFO  : 'jtag frequency' command is executed.
19:22:10 INFO  : Context for 'APU' is selected.
19:22:10 INFO  : System reset is completed.
19:22:13 INFO  : 'after 3000' command is executed.
19:22:13 INFO  : 'targets -set -filter {jtag_cable_name =~ "Digilent Zybo Z7 210351B3FC8DA" && level==0 && jtag_device_ctx=="jsn-Zybo Z7-210351B3FC8DA-13722093-0"}' command is executed.
19:22:15 INFO  : FPGA configured successfully with bitstream "D:/proyectosep2/IEE2463-SEP-Proyecto-2-Z8/full_hardware/vitis/full_hardware_sw/_ide/bitstream/DEMO_wrapper.bit"
19:22:15 INFO  : Context for 'APU' is selected.
19:22:15 INFO  : Hardware design and registers information is loaded from 'D:/proyectosep2/IEE2463-SEP-Proyecto-2-Z8/full_hardware/vitis/full_hardware_plt/export/full_hardware_plt/hw/DEMO_wrapper.xsa'.
19:22:15 INFO  : 'configparams force-mem-access 1' command is executed.
19:22:15 INFO  : Context for 'APU' is selected.
19:22:15 INFO  : Sourcing of 'D:/proyectosep2/IEE2463-SEP-Proyecto-2-Z8/full_hardware/vitis/full_hardware_sw/_ide/psinit/ps7_init.tcl' is done.
19:22:15 INFO  : 'ps7_init' command is executed.
19:22:15 INFO  : 'ps7_post_config' command is executed.
19:22:15 INFO  : Context for processor 'ps7_cortexa9_0' is selected.
19:22:16 INFO  : The application 'D:/proyectosep2/IEE2463-SEP-Proyecto-2-Z8/full_hardware/vitis/full_hardware_sw/Debug/full_hardware_sw.elf' is downloaded to processor 'ps7_cortexa9_0'.
19:22:16 INFO  : Context for processor 'ps7_cortexa9_1' is selected.
19:22:16 INFO  : The application 'D:/proyectosep2/IEE2463-SEP-Proyecto-2-Z8/full_hardware/vitis/music_player_sw/Debug/music_player_sw.elf' is downloaded to processor 'ps7_cortexa9_1'.
19:22:16 INFO  : 'configparams force-mem-access 0' command is executed.
19:22:16 INFO  : ----------------XSDB Script----------------
connect -url tcp:127.0.0.1:3121
targets -set -nocase -filter {name =~"APU*"}
rst -system
after 3000
targets -set -filter {jtag_cable_name =~ "Digilent Zybo Z7 210351B3FC8DA" && level==0 && jtag_device_ctx=="jsn-Zybo Z7-210351B3FC8DA-13722093-0"}
fpga -file D:/proyectosep2/IEE2463-SEP-Proyecto-2-Z8/full_hardware/vitis/full_hardware_sw/_ide/bitstream/DEMO_wrapper.bit
targets -set -nocase -filter {name =~"APU*"}
loadhw -hw D:/proyectosep2/IEE2463-SEP-Proyecto-2-Z8/full_hardware/vitis/full_hardware_plt/export/full_hardware_plt/hw/DEMO_wrapper.xsa -mem-ranges [list {0x40000000 0xbfffffff}] -regs
configparams force-mem-access 1
targets -set -nocase -filter {name =~"APU*"}
source D:/proyectosep2/IEE2463-SEP-Proyecto-2-Z8/full_hardware/vitis/full_hardware_sw/_ide/psinit/ps7_init.tcl
ps7_init
ps7_post_config
targets -set -nocase -filter {name =~ "*A9*#0"}
dow D:/proyectosep2/IEE2463-SEP-Proyecto-2-Z8/full_hardware/vitis/full_hardware_sw/Debug/full_hardware_sw.elf
targets -set -nocase -filter {name =~ "*A9*#1"}
dow D:/proyectosep2/IEE2463-SEP-Proyecto-2-Z8/full_hardware/vitis/music_player_sw/Debug/music_player_sw.elf
configparams force-mem-access 0
----------------End of Script----------------

19:22:16 INFO  : Context for processor 'ps7_cortexa9_0' is selected.
19:22:16 INFO  : 'con' command is executed.
19:22:16 INFO  : Context for processor 'ps7_cortexa9_1' is selected.
19:22:17 INFO  : 'con' command is executed.
19:22:17 INFO  : ----------------XSDB Script (After Launch)----------------
targets -set -nocase -filter {name =~ "*A9*#0"}
con
targets -set -nocase -filter {name =~ "*A9*#1"}
con
----------------End of Script----------------

19:22:17 INFO  : Launch script is exported to file 'D:\proyectosep2\IEE2463-SEP-Proyecto-2-Z8\full_hardware\vitis\.sdk\launch_scripts\single_application_debug\systemdebugger_full_hardware_sw_system_standalone.tcl'
19:24:50 INFO  : Disconnected from the channel tcfchan#76.
19:25:22 INFO  : Checking for BSP changes to sync application flags for project 'full_hardware_sw'...
19:25:40 INFO  : Connected to target on host '127.0.0.1' and port '3121'.
19:25:41 INFO  : Jtag cable 'Digilent Zybo Z7 210351B3FC8DA' is selected.
19:25:41 INFO  : 'jtag frequency' command is executed.
19:25:41 INFO  : Context for 'APU' is selected.
19:25:41 INFO  : System reset is completed.
19:25:44 INFO  : 'after 3000' command is executed.
19:25:44 INFO  : 'targets -set -filter {jtag_cable_name =~ "Digilent Zybo Z7 210351B3FC8DA" && level==0 && jtag_device_ctx=="jsn-Zybo Z7-210351B3FC8DA-13722093-0"}' command is executed.
19:25:45 INFO  : FPGA configured successfully with bitstream "D:/proyectosep2/IEE2463-SEP-Proyecto-2-Z8/full_hardware/vitis/full_hardware_sw/_ide/bitstream/DEMO_wrapper.bit"
19:25:45 INFO  : Context for 'APU' is selected.
19:25:45 INFO  : Hardware design and registers information is loaded from 'D:/proyectosep2/IEE2463-SEP-Proyecto-2-Z8/full_hardware/vitis/full_hardware_plt/export/full_hardware_plt/hw/DEMO_wrapper.xsa'.
19:25:45 INFO  : 'configparams force-mem-access 1' command is executed.
19:25:45 INFO  : Context for 'APU' is selected.
19:25:45 INFO  : Sourcing of 'D:/proyectosep2/IEE2463-SEP-Proyecto-2-Z8/full_hardware/vitis/full_hardware_sw/_ide/psinit/ps7_init.tcl' is done.
19:25:46 INFO  : 'ps7_init' command is executed.
19:25:46 INFO  : 'ps7_post_config' command is executed.
19:25:46 INFO  : Context for processor 'ps7_cortexa9_0' is selected.
19:25:47 INFO  : The application 'D:/proyectosep2/IEE2463-SEP-Proyecto-2-Z8/full_hardware/vitis/full_hardware_sw/Debug/full_hardware_sw.elf' is downloaded to processor 'ps7_cortexa9_0'.
19:25:47 INFO  : Context for processor 'ps7_cortexa9_1' is selected.
19:25:48 INFO  : The application 'D:/proyectosep2/IEE2463-SEP-Proyecto-2-Z8/full_hardware/vitis/music_player_sw/Debug/music_player_sw.elf' is downloaded to processor 'ps7_cortexa9_1'.
19:25:48 INFO  : 'configparams force-mem-access 0' command is executed.
19:25:48 INFO  : ----------------XSDB Script----------------
connect -url tcp:127.0.0.1:3121
targets -set -nocase -filter {name =~"APU*"}
rst -system
after 3000
targets -set -filter {jtag_cable_name =~ "Digilent Zybo Z7 210351B3FC8DA" && level==0 && jtag_device_ctx=="jsn-Zybo Z7-210351B3FC8DA-13722093-0"}
fpga -file D:/proyectosep2/IEE2463-SEP-Proyecto-2-Z8/full_hardware/vitis/full_hardware_sw/_ide/bitstream/DEMO_wrapper.bit
targets -set -nocase -filter {name =~"APU*"}
loadhw -hw D:/proyectosep2/IEE2463-SEP-Proyecto-2-Z8/full_hardware/vitis/full_hardware_plt/export/full_hardware_plt/hw/DEMO_wrapper.xsa -mem-ranges [list {0x40000000 0xbfffffff}] -regs
configparams force-mem-access 1
targets -set -nocase -filter {name =~"APU*"}
source D:/proyectosep2/IEE2463-SEP-Proyecto-2-Z8/full_hardware/vitis/full_hardware_sw/_ide/psinit/ps7_init.tcl
ps7_init
ps7_post_config
targets -set -nocase -filter {name =~ "*A9*#0"}
dow D:/proyectosep2/IEE2463-SEP-Proyecto-2-Z8/full_hardware/vitis/full_hardware_sw/Debug/full_hardware_sw.elf
targets -set -nocase -filter {name =~ "*A9*#1"}
dow D:/proyectosep2/IEE2463-SEP-Proyecto-2-Z8/full_hardware/vitis/music_player_sw/Debug/music_player_sw.elf
configparams force-mem-access 0
----------------End of Script----------------

19:25:48 INFO  : Context for processor 'ps7_cortexa9_0' is selected.
19:25:48 INFO  : 'con' command is executed.
19:25:48 INFO  : Context for processor 'ps7_cortexa9_1' is selected.
19:25:48 INFO  : 'con' command is executed.
19:25:48 INFO  : ----------------XSDB Script (After Launch)----------------
targets -set -nocase -filter {name =~ "*A9*#0"}
con
targets -set -nocase -filter {name =~ "*A9*#1"}
con
----------------End of Script----------------

19:25:48 INFO  : Launch script is exported to file 'D:\proyectosep2\IEE2463-SEP-Proyecto-2-Z8\full_hardware\vitis\.sdk\launch_scripts\single_application_debug\systemdebugger_full_hardware_sw_system_standalone.tcl'
19:28:50 INFO  : Checking for BSP changes to sync application flags for project 'full_hardware_sw'...
19:28:56 INFO  : Disconnected from the channel tcfchan#77.
19:28:56 INFO  : Connected to target on host '127.0.0.1' and port '3121'.
19:28:56 INFO  : Jtag cable 'Digilent Zybo Z7 210351B3FC8DA' is selected.
19:28:56 INFO  : 'jtag frequency' command is executed.
19:28:56 INFO  : Context for 'APU' is selected.
19:28:56 INFO  : System reset is completed.
19:28:59 INFO  : 'after 3000' command is executed.
19:28:59 INFO  : 'targets -set -filter {jtag_cable_name =~ "Digilent Zybo Z7 210351B3FC8DA" && level==0 && jtag_device_ctx=="jsn-Zybo Z7-210351B3FC8DA-13722093-0"}' command is executed.
19:29:00 INFO  : FPGA configured successfully with bitstream "D:/proyectosep2/IEE2463-SEP-Proyecto-2-Z8/full_hardware/vitis/full_hardware_sw/_ide/bitstream/DEMO_wrapper.bit"
19:29:00 INFO  : Context for 'APU' is selected.
19:29:00 INFO  : Hardware design and registers information is loaded from 'D:/proyectosep2/IEE2463-SEP-Proyecto-2-Z8/full_hardware/vitis/full_hardware_plt/export/full_hardware_plt/hw/DEMO_wrapper.xsa'.
19:29:00 INFO  : 'configparams force-mem-access 1' command is executed.
19:29:00 INFO  : Context for 'APU' is selected.
19:29:00 INFO  : Sourcing of 'D:/proyectosep2/IEE2463-SEP-Proyecto-2-Z8/full_hardware/vitis/full_hardware_sw/_ide/psinit/ps7_init.tcl' is done.
19:29:01 INFO  : 'ps7_init' command is executed.
19:29:01 INFO  : 'ps7_post_config' command is executed.
19:29:01 INFO  : Context for processor 'ps7_cortexa9_0' is selected.
19:29:01 INFO  : The application 'D:/proyectosep2/IEE2463-SEP-Proyecto-2-Z8/full_hardware/vitis/full_hardware_sw/Debug/full_hardware_sw.elf' is downloaded to processor 'ps7_cortexa9_0'.
19:29:01 INFO  : Context for processor 'ps7_cortexa9_1' is selected.
19:29:02 INFO  : The application 'D:/proyectosep2/IEE2463-SEP-Proyecto-2-Z8/full_hardware/vitis/music_player_sw/Debug/music_player_sw.elf' is downloaded to processor 'ps7_cortexa9_1'.
19:29:02 INFO  : 'configparams force-mem-access 0' command is executed.
19:29:02 INFO  : ----------------XSDB Script----------------
connect -url tcp:127.0.0.1:3121
targets -set -nocase -filter {name =~"APU*"}
rst -system
after 3000
targets -set -filter {jtag_cable_name =~ "Digilent Zybo Z7 210351B3FC8DA" && level==0 && jtag_device_ctx=="jsn-Zybo Z7-210351B3FC8DA-13722093-0"}
fpga -file D:/proyectosep2/IEE2463-SEP-Proyecto-2-Z8/full_hardware/vitis/full_hardware_sw/_ide/bitstream/DEMO_wrapper.bit
targets -set -nocase -filter {name =~"APU*"}
loadhw -hw D:/proyectosep2/IEE2463-SEP-Proyecto-2-Z8/full_hardware/vitis/full_hardware_plt/export/full_hardware_plt/hw/DEMO_wrapper.xsa -mem-ranges [list {0x40000000 0xbfffffff}] -regs
configparams force-mem-access 1
targets -set -nocase -filter {name =~"APU*"}
source D:/proyectosep2/IEE2463-SEP-Proyecto-2-Z8/full_hardware/vitis/full_hardware_sw/_ide/psinit/ps7_init.tcl
ps7_init
ps7_post_config
targets -set -nocase -filter {name =~ "*A9*#0"}
dow D:/proyectosep2/IEE2463-SEP-Proyecto-2-Z8/full_hardware/vitis/full_hardware_sw/Debug/full_hardware_sw.elf
targets -set -nocase -filter {name =~ "*A9*#1"}
dow D:/proyectosep2/IEE2463-SEP-Proyecto-2-Z8/full_hardware/vitis/music_player_sw/Debug/music_player_sw.elf
configparams force-mem-access 0
----------------End of Script----------------

19:29:02 INFO  : Context for processor 'ps7_cortexa9_0' is selected.
19:29:02 INFO  : 'con' command is executed.
19:29:02 INFO  : Context for processor 'ps7_cortexa9_1' is selected.
19:29:02 INFO  : 'con' command is executed.
19:29:02 INFO  : ----------------XSDB Script (After Launch)----------------
targets -set -nocase -filter {name =~ "*A9*#0"}
con
targets -set -nocase -filter {name =~ "*A9*#1"}
con
----------------End of Script----------------

19:29:02 INFO  : Launch script is exported to file 'D:\proyectosep2\IEE2463-SEP-Proyecto-2-Z8\full_hardware\vitis\.sdk\launch_scripts\single_application_debug\systemdebugger_full_hardware_sw_system_standalone.tcl'
19:30:19 INFO  : Checking for BSP changes to sync application flags for project 'full_hardware_sw'...
19:30:20 INFO  : Checking for BSP changes to sync application flags for project 'music_player_sw'...
19:30:27 INFO  : Disconnected from the channel tcfchan#78.
19:30:27 INFO  : Connected to target on host '127.0.0.1' and port '3121'.
19:30:28 INFO  : Jtag cable 'Digilent Zybo Z7 210351B3FC8DA' is selected.
19:30:28 INFO  : 'jtag frequency' command is executed.
19:30:28 INFO  : Context for 'APU' is selected.
19:30:28 INFO  : System reset is completed.
19:30:31 INFO  : 'after 3000' command is executed.
19:30:31 INFO  : 'targets -set -filter {jtag_cable_name =~ "Digilent Zybo Z7 210351B3FC8DA" && level==0 && jtag_device_ctx=="jsn-Zybo Z7-210351B3FC8DA-13722093-0"}' command is executed.
19:30:32 INFO  : FPGA configured successfully with bitstream "D:/proyectosep2/IEE2463-SEP-Proyecto-2-Z8/full_hardware/vitis/full_hardware_sw/_ide/bitstream/DEMO_wrapper.bit"
19:30:32 INFO  : Context for 'APU' is selected.
19:30:32 INFO  : Hardware design and registers information is loaded from 'D:/proyectosep2/IEE2463-SEP-Proyecto-2-Z8/full_hardware/vitis/full_hardware_plt/export/full_hardware_plt/hw/DEMO_wrapper.xsa'.
19:30:32 INFO  : 'configparams force-mem-access 1' command is executed.
19:30:32 INFO  : Context for 'APU' is selected.
19:30:32 INFO  : Sourcing of 'D:/proyectosep2/IEE2463-SEP-Proyecto-2-Z8/full_hardware/vitis/full_hardware_sw/_ide/psinit/ps7_init.tcl' is done.
19:30:32 INFO  : 'ps7_init' command is executed.
19:30:32 INFO  : 'ps7_post_config' command is executed.
19:30:32 INFO  : Context for processor 'ps7_cortexa9_0' is selected.
19:30:33 INFO  : The application 'D:/proyectosep2/IEE2463-SEP-Proyecto-2-Z8/full_hardware/vitis/full_hardware_sw/Debug/full_hardware_sw.elf' is downloaded to processor 'ps7_cortexa9_0'.
19:30:33 INFO  : Context for processor 'ps7_cortexa9_1' is selected.
19:30:34 INFO  : The application 'D:/proyectosep2/IEE2463-SEP-Proyecto-2-Z8/full_hardware/vitis/music_player_sw/Debug/music_player_sw.elf' is downloaded to processor 'ps7_cortexa9_1'.
19:30:34 INFO  : 'configparams force-mem-access 0' command is executed.
19:30:34 INFO  : ----------------XSDB Script----------------
connect -url tcp:127.0.0.1:3121
targets -set -nocase -filter {name =~"APU*"}
rst -system
after 3000
targets -set -filter {jtag_cable_name =~ "Digilent Zybo Z7 210351B3FC8DA" && level==0 && jtag_device_ctx=="jsn-Zybo Z7-210351B3FC8DA-13722093-0"}
fpga -file D:/proyectosep2/IEE2463-SEP-Proyecto-2-Z8/full_hardware/vitis/full_hardware_sw/_ide/bitstream/DEMO_wrapper.bit
targets -set -nocase -filter {name =~"APU*"}
loadhw -hw D:/proyectosep2/IEE2463-SEP-Proyecto-2-Z8/full_hardware/vitis/full_hardware_plt/export/full_hardware_plt/hw/DEMO_wrapper.xsa -mem-ranges [list {0x40000000 0xbfffffff}] -regs
configparams force-mem-access 1
targets -set -nocase -filter {name =~"APU*"}
source D:/proyectosep2/IEE2463-SEP-Proyecto-2-Z8/full_hardware/vitis/full_hardware_sw/_ide/psinit/ps7_init.tcl
ps7_init
ps7_post_config
targets -set -nocase -filter {name =~ "*A9*#0"}
dow D:/proyectosep2/IEE2463-SEP-Proyecto-2-Z8/full_hardware/vitis/full_hardware_sw/Debug/full_hardware_sw.elf
targets -set -nocase -filter {name =~ "*A9*#1"}
dow D:/proyectosep2/IEE2463-SEP-Proyecto-2-Z8/full_hardware/vitis/music_player_sw/Debug/music_player_sw.elf
configparams force-mem-access 0
----------------End of Script----------------

19:30:34 INFO  : Context for processor 'ps7_cortexa9_0' is selected.
19:30:34 INFO  : 'con' command is executed.
19:30:34 INFO  : Context for processor 'ps7_cortexa9_1' is selected.
19:30:34 INFO  : 'con' command is executed.
19:30:34 INFO  : ----------------XSDB Script (After Launch)----------------
targets -set -nocase -filter {name =~ "*A9*#0"}
con
targets -set -nocase -filter {name =~ "*A9*#1"}
con
----------------End of Script----------------

19:30:34 INFO  : Launch script is exported to file 'D:\proyectosep2\IEE2463-SEP-Proyecto-2-Z8\full_hardware\vitis\.sdk\launch_scripts\single_application_debug\systemdebugger_full_hardware_sw_system_standalone.tcl'
19:31:36 INFO  : Checking for BSP changes to sync application flags for project 'full_hardware_sw'...
19:31:37 INFO  : Checking for BSP changes to sync application flags for project 'music_player_sw'...
19:31:49 INFO  : Checking for BSP changes to sync application flags for project 'full_hardware_sw'...
19:32:03 INFO  : Disconnected from the channel tcfchan#80.
19:32:03 INFO  : Connected to target on host '127.0.0.1' and port '3121'.
19:32:03 INFO  : Jtag cable 'Digilent Zybo Z7 210351B3FC8DA' is selected.
19:32:03 INFO  : 'jtag frequency' command is executed.
19:32:03 INFO  : Context for 'APU' is selected.
19:32:03 INFO  : System reset is completed.
19:32:06 INFO  : 'after 3000' command is executed.
19:32:06 INFO  : 'targets -set -filter {jtag_cable_name =~ "Digilent Zybo Z7 210351B3FC8DA" && level==0 && jtag_device_ctx=="jsn-Zybo Z7-210351B3FC8DA-13722093-0"}' command is executed.
19:32:08 INFO  : FPGA configured successfully with bitstream "D:/proyectosep2/IEE2463-SEP-Proyecto-2-Z8/full_hardware/vitis/full_hardware_sw/_ide/bitstream/DEMO_wrapper.bit"
19:32:08 INFO  : Context for 'APU' is selected.
19:32:08 INFO  : Hardware design and registers information is loaded from 'D:/proyectosep2/IEE2463-SEP-Proyecto-2-Z8/full_hardware/vitis/full_hardware_plt/export/full_hardware_plt/hw/DEMO_wrapper.xsa'.
19:32:08 INFO  : 'configparams force-mem-access 1' command is executed.
19:32:08 INFO  : Context for 'APU' is selected.
19:32:08 INFO  : Sourcing of 'D:/proyectosep2/IEE2463-SEP-Proyecto-2-Z8/full_hardware/vitis/full_hardware_sw/_ide/psinit/ps7_init.tcl' is done.
19:32:08 INFO  : 'ps7_init' command is executed.
19:32:08 INFO  : 'ps7_post_config' command is executed.
19:32:08 INFO  : Context for processor 'ps7_cortexa9_0' is selected.
19:32:09 INFO  : The application 'D:/proyectosep2/IEE2463-SEP-Proyecto-2-Z8/full_hardware/vitis/full_hardware_sw/Debug/full_hardware_sw.elf' is downloaded to processor 'ps7_cortexa9_0'.
19:32:09 INFO  : Context for processor 'ps7_cortexa9_1' is selected.
19:32:10 INFO  : The application 'D:/proyectosep2/IEE2463-SEP-Proyecto-2-Z8/full_hardware/vitis/music_player_sw/Debug/music_player_sw.elf' is downloaded to processor 'ps7_cortexa9_1'.
19:32:10 INFO  : 'configparams force-mem-access 0' command is executed.
19:32:10 INFO  : ----------------XSDB Script----------------
connect -url tcp:127.0.0.1:3121
targets -set -nocase -filter {name =~"APU*"}
rst -system
after 3000
targets -set -filter {jtag_cable_name =~ "Digilent Zybo Z7 210351B3FC8DA" && level==0 && jtag_device_ctx=="jsn-Zybo Z7-210351B3FC8DA-13722093-0"}
fpga -file D:/proyectosep2/IEE2463-SEP-Proyecto-2-Z8/full_hardware/vitis/full_hardware_sw/_ide/bitstream/DEMO_wrapper.bit
targets -set -nocase -filter {name =~"APU*"}
loadhw -hw D:/proyectosep2/IEE2463-SEP-Proyecto-2-Z8/full_hardware/vitis/full_hardware_plt/export/full_hardware_plt/hw/DEMO_wrapper.xsa -mem-ranges [list {0x40000000 0xbfffffff}] -regs
configparams force-mem-access 1
targets -set -nocase -filter {name =~"APU*"}
source D:/proyectosep2/IEE2463-SEP-Proyecto-2-Z8/full_hardware/vitis/full_hardware_sw/_ide/psinit/ps7_init.tcl
ps7_init
ps7_post_config
targets -set -nocase -filter {name =~ "*A9*#0"}
dow D:/proyectosep2/IEE2463-SEP-Proyecto-2-Z8/full_hardware/vitis/full_hardware_sw/Debug/full_hardware_sw.elf
targets -set -nocase -filter {name =~ "*A9*#1"}
dow D:/proyectosep2/IEE2463-SEP-Proyecto-2-Z8/full_hardware/vitis/music_player_sw/Debug/music_player_sw.elf
configparams force-mem-access 0
----------------End of Script----------------

19:32:10 INFO  : Context for processor 'ps7_cortexa9_0' is selected.
19:32:10 INFO  : 'con' command is executed.
19:32:10 INFO  : Context for processor 'ps7_cortexa9_1' is selected.
19:32:10 INFO  : 'con' command is executed.
19:32:10 INFO  : ----------------XSDB Script (After Launch)----------------
targets -set -nocase -filter {name =~ "*A9*#0"}
con
targets -set -nocase -filter {name =~ "*A9*#1"}
con
----------------End of Script----------------

19:32:10 INFO  : Launch script is exported to file 'D:\proyectosep2\IEE2463-SEP-Proyecto-2-Z8\full_hardware\vitis\.sdk\launch_scripts\single_application_debug\systemdebugger_full_hardware_sw_system_standalone.tcl'
19:32:39 INFO  : Checking for BSP changes to sync application flags for project 'full_hardware_sw'...
19:32:41 INFO  : Checking for BSP changes to sync application flags for project 'music_player_sw'...
19:32:48 INFO  : Disconnected from the channel tcfchan#82.
19:32:48 INFO  : Connected to target on host '127.0.0.1' and port '3121'.
19:32:49 INFO  : Jtag cable 'Digilent Zybo Z7 210351B3FC8DA' is selected.
19:32:49 INFO  : 'jtag frequency' command is executed.
19:32:49 INFO  : Context for 'APU' is selected.
19:32:49 INFO  : System reset is completed.
19:32:52 INFO  : 'after 3000' command is executed.
19:32:52 INFO  : 'targets -set -filter {jtag_cable_name =~ "Digilent Zybo Z7 210351B3FC8DA" && level==0 && jtag_device_ctx=="jsn-Zybo Z7-210351B3FC8DA-13722093-0"}' command is executed.
19:32:53 INFO  : FPGA configured successfully with bitstream "D:/proyectosep2/IEE2463-SEP-Proyecto-2-Z8/full_hardware/vitis/full_hardware_sw/_ide/bitstream/DEMO_wrapper.bit"
19:32:53 INFO  : Context for 'APU' is selected.
19:32:53 INFO  : Hardware design and registers information is loaded from 'D:/proyectosep2/IEE2463-SEP-Proyecto-2-Z8/full_hardware/vitis/full_hardware_plt/export/full_hardware_plt/hw/DEMO_wrapper.xsa'.
19:32:53 INFO  : 'configparams force-mem-access 1' command is executed.
19:32:53 INFO  : Context for 'APU' is selected.
19:32:53 INFO  : Sourcing of 'D:/proyectosep2/IEE2463-SEP-Proyecto-2-Z8/full_hardware/vitis/full_hardware_sw/_ide/psinit/ps7_init.tcl' is done.
19:32:53 INFO  : 'ps7_init' command is executed.
19:32:53 INFO  : 'ps7_post_config' command is executed.
19:32:53 INFO  : Context for processor 'ps7_cortexa9_0' is selected.
19:32:54 INFO  : The application 'D:/proyectosep2/IEE2463-SEP-Proyecto-2-Z8/full_hardware/vitis/full_hardware_sw/Debug/full_hardware_sw.elf' is downloaded to processor 'ps7_cortexa9_0'.
19:32:54 INFO  : Context for processor 'ps7_cortexa9_1' is selected.
19:32:55 INFO  : The application 'D:/proyectosep2/IEE2463-SEP-Proyecto-2-Z8/full_hardware/vitis/music_player_sw/Debug/music_player_sw.elf' is downloaded to processor 'ps7_cortexa9_1'.
19:32:55 INFO  : 'configparams force-mem-access 0' command is executed.
19:32:55 INFO  : ----------------XSDB Script----------------
connect -url tcp:127.0.0.1:3121
targets -set -nocase -filter {name =~"APU*"}
rst -system
after 3000
targets -set -filter {jtag_cable_name =~ "Digilent Zybo Z7 210351B3FC8DA" && level==0 && jtag_device_ctx=="jsn-Zybo Z7-210351B3FC8DA-13722093-0"}
fpga -file D:/proyectosep2/IEE2463-SEP-Proyecto-2-Z8/full_hardware/vitis/full_hardware_sw/_ide/bitstream/DEMO_wrapper.bit
targets -set -nocase -filter {name =~"APU*"}
loadhw -hw D:/proyectosep2/IEE2463-SEP-Proyecto-2-Z8/full_hardware/vitis/full_hardware_plt/export/full_hardware_plt/hw/DEMO_wrapper.xsa -mem-ranges [list {0x40000000 0xbfffffff}] -regs
configparams force-mem-access 1
targets -set -nocase -filter {name =~"APU*"}
source D:/proyectosep2/IEE2463-SEP-Proyecto-2-Z8/full_hardware/vitis/full_hardware_sw/_ide/psinit/ps7_init.tcl
ps7_init
ps7_post_config
targets -set -nocase -filter {name =~ "*A9*#0"}
dow D:/proyectosep2/IEE2463-SEP-Proyecto-2-Z8/full_hardware/vitis/full_hardware_sw/Debug/full_hardware_sw.elf
targets -set -nocase -filter {name =~ "*A9*#1"}
dow D:/proyectosep2/IEE2463-SEP-Proyecto-2-Z8/full_hardware/vitis/music_player_sw/Debug/music_player_sw.elf
configparams force-mem-access 0
----------------End of Script----------------

19:32:55 INFO  : Context for processor 'ps7_cortexa9_0' is selected.
19:32:55 INFO  : 'con' command is executed.
19:32:55 INFO  : Context for processor 'ps7_cortexa9_1' is selected.
19:32:55 INFO  : 'con' command is executed.
19:32:55 INFO  : ----------------XSDB Script (After Launch)----------------
targets -set -nocase -filter {name =~ "*A9*#0"}
con
targets -set -nocase -filter {name =~ "*A9*#1"}
con
----------------End of Script----------------

19:32:55 INFO  : Launch script is exported to file 'D:\proyectosep2\IEE2463-SEP-Proyecto-2-Z8\full_hardware\vitis\.sdk\launch_scripts\single_application_debug\systemdebugger_full_hardware_sw_system_standalone.tcl'
19:34:29 INFO  : Checking for BSP changes to sync application flags for project 'full_hardware_sw'...
19:34:31 INFO  : Checking for BSP changes to sync application flags for project 'music_player_sw'...
19:34:37 INFO  : Disconnected from the channel tcfchan#84.
19:34:37 INFO  : Connected to target on host '127.0.0.1' and port '3121'.
19:34:37 INFO  : Jtag cable 'Digilent Zybo Z7 210351B3FC8DA' is selected.
19:34:37 INFO  : 'jtag frequency' command is executed.
19:34:37 INFO  : Context for 'APU' is selected.
19:34:38 INFO  : System reset is completed.
19:34:41 INFO  : 'after 3000' command is executed.
19:34:41 INFO  : 'targets -set -filter {jtag_cable_name =~ "Digilent Zybo Z7 210351B3FC8DA" && level==0 && jtag_device_ctx=="jsn-Zybo Z7-210351B3FC8DA-13722093-0"}' command is executed.
19:34:42 INFO  : FPGA configured successfully with bitstream "D:/proyectosep2/IEE2463-SEP-Proyecto-2-Z8/full_hardware/vitis/full_hardware_sw/_ide/bitstream/DEMO_wrapper.bit"
19:34:42 INFO  : Context for 'APU' is selected.
19:34:42 INFO  : Hardware design and registers information is loaded from 'D:/proyectosep2/IEE2463-SEP-Proyecto-2-Z8/full_hardware/vitis/full_hardware_plt/export/full_hardware_plt/hw/DEMO_wrapper.xsa'.
19:34:42 INFO  : 'configparams force-mem-access 1' command is executed.
19:34:42 INFO  : Context for 'APU' is selected.
19:34:42 INFO  : Sourcing of 'D:/proyectosep2/IEE2463-SEP-Proyecto-2-Z8/full_hardware/vitis/full_hardware_sw/_ide/psinit/ps7_init.tcl' is done.
19:34:42 INFO  : 'ps7_init' command is executed.
19:34:42 INFO  : 'ps7_post_config' command is executed.
19:34:42 INFO  : Context for processor 'ps7_cortexa9_0' is selected.
19:34:43 INFO  : The application 'D:/proyectosep2/IEE2463-SEP-Proyecto-2-Z8/full_hardware/vitis/full_hardware_sw/Debug/full_hardware_sw.elf' is downloaded to processor 'ps7_cortexa9_0'.
19:34:43 INFO  : Context for processor 'ps7_cortexa9_1' is selected.
19:34:44 INFO  : The application 'D:/proyectosep2/IEE2463-SEP-Proyecto-2-Z8/full_hardware/vitis/music_player_sw/Debug/music_player_sw.elf' is downloaded to processor 'ps7_cortexa9_1'.
19:34:44 INFO  : 'configparams force-mem-access 0' command is executed.
19:34:44 INFO  : ----------------XSDB Script----------------
connect -url tcp:127.0.0.1:3121
targets -set -nocase -filter {name =~"APU*"}
rst -system
after 3000
targets -set -filter {jtag_cable_name =~ "Digilent Zybo Z7 210351B3FC8DA" && level==0 && jtag_device_ctx=="jsn-Zybo Z7-210351B3FC8DA-13722093-0"}
fpga -file D:/proyectosep2/IEE2463-SEP-Proyecto-2-Z8/full_hardware/vitis/full_hardware_sw/_ide/bitstream/DEMO_wrapper.bit
targets -set -nocase -filter {name =~"APU*"}
loadhw -hw D:/proyectosep2/IEE2463-SEP-Proyecto-2-Z8/full_hardware/vitis/full_hardware_plt/export/full_hardware_plt/hw/DEMO_wrapper.xsa -mem-ranges [list {0x40000000 0xbfffffff}] -regs
configparams force-mem-access 1
targets -set -nocase -filter {name =~"APU*"}
source D:/proyectosep2/IEE2463-SEP-Proyecto-2-Z8/full_hardware/vitis/full_hardware_sw/_ide/psinit/ps7_init.tcl
ps7_init
ps7_post_config
targets -set -nocase -filter {name =~ "*A9*#0"}
dow D:/proyectosep2/IEE2463-SEP-Proyecto-2-Z8/full_hardware/vitis/full_hardware_sw/Debug/full_hardware_sw.elf
targets -set -nocase -filter {name =~ "*A9*#1"}
dow D:/proyectosep2/IEE2463-SEP-Proyecto-2-Z8/full_hardware/vitis/music_player_sw/Debug/music_player_sw.elf
configparams force-mem-access 0
----------------End of Script----------------

19:34:44 INFO  : Context for processor 'ps7_cortexa9_0' is selected.
19:34:44 INFO  : 'con' command is executed.
19:34:44 INFO  : Context for processor 'ps7_cortexa9_1' is selected.
19:34:44 INFO  : 'con' command is executed.
19:34:44 INFO  : ----------------XSDB Script (After Launch)----------------
targets -set -nocase -filter {name =~ "*A9*#0"}
con
targets -set -nocase -filter {name =~ "*A9*#1"}
con
----------------End of Script----------------

19:34:44 INFO  : Launch script is exported to file 'D:\proyectosep2\IEE2463-SEP-Proyecto-2-Z8\full_hardware\vitis\.sdk\launch_scripts\single_application_debug\systemdebugger_full_hardware_sw_system_standalone.tcl'
19:36:06 INFO  : Checking for BSP changes to sync application flags for project 'full_hardware_sw'...
19:36:12 INFO  : Checking for BSP changes to sync application flags for project 'full_hardware_sw'...
19:36:13 INFO  : Checking for BSP changes to sync application flags for project 'music_player_sw'...
19:36:19 INFO  : Disconnected from the channel tcfchan#86.
19:36:19 INFO  : Connected to target on host '127.0.0.1' and port '3121'.
19:36:19 INFO  : Jtag cable 'Digilent Zybo Z7 210351B3FC8DA' is selected.
19:36:19 INFO  : 'jtag frequency' command is executed.
19:36:19 INFO  : Context for 'APU' is selected.
19:36:19 INFO  : System reset is completed.
19:36:22 INFO  : 'after 3000' command is executed.
19:36:22 INFO  : 'targets -set -filter {jtag_cable_name =~ "Digilent Zybo Z7 210351B3FC8DA" && level==0 && jtag_device_ctx=="jsn-Zybo Z7-210351B3FC8DA-13722093-0"}' command is executed.
19:36:23 INFO  : FPGA configured successfully with bitstream "D:/proyectosep2/IEE2463-SEP-Proyecto-2-Z8/full_hardware/vitis/full_hardware_sw/_ide/bitstream/DEMO_wrapper.bit"
19:36:23 INFO  : Context for 'APU' is selected.
19:36:23 INFO  : Hardware design and registers information is loaded from 'D:/proyectosep2/IEE2463-SEP-Proyecto-2-Z8/full_hardware/vitis/full_hardware_plt/export/full_hardware_plt/hw/DEMO_wrapper.xsa'.
19:36:23 INFO  : 'configparams force-mem-access 1' command is executed.
19:36:23 INFO  : Context for 'APU' is selected.
19:36:23 INFO  : Sourcing of 'D:/proyectosep2/IEE2463-SEP-Proyecto-2-Z8/full_hardware/vitis/full_hardware_sw/_ide/psinit/ps7_init.tcl' is done.
19:36:23 INFO  : 'ps7_init' command is executed.
19:36:23 INFO  : 'ps7_post_config' command is executed.
19:36:23 INFO  : Context for processor 'ps7_cortexa9_0' is selected.
19:36:24 INFO  : The application 'D:/proyectosep2/IEE2463-SEP-Proyecto-2-Z8/full_hardware/vitis/full_hardware_sw/Debug/full_hardware_sw.elf' is downloaded to processor 'ps7_cortexa9_0'.
19:36:24 INFO  : Context for processor 'ps7_cortexa9_1' is selected.
19:36:25 INFO  : The application 'D:/proyectosep2/IEE2463-SEP-Proyecto-2-Z8/full_hardware/vitis/music_player_sw/Debug/music_player_sw.elf' is downloaded to processor 'ps7_cortexa9_1'.
19:36:25 INFO  : 'configparams force-mem-access 0' command is executed.
19:36:25 INFO  : ----------------XSDB Script----------------
connect -url tcp:127.0.0.1:3121
targets -set -nocase -filter {name =~"APU*"}
rst -system
after 3000
targets -set -filter {jtag_cable_name =~ "Digilent Zybo Z7 210351B3FC8DA" && level==0 && jtag_device_ctx=="jsn-Zybo Z7-210351B3FC8DA-13722093-0"}
fpga -file D:/proyectosep2/IEE2463-SEP-Proyecto-2-Z8/full_hardware/vitis/full_hardware_sw/_ide/bitstream/DEMO_wrapper.bit
targets -set -nocase -filter {name =~"APU*"}
loadhw -hw D:/proyectosep2/IEE2463-SEP-Proyecto-2-Z8/full_hardware/vitis/full_hardware_plt/export/full_hardware_plt/hw/DEMO_wrapper.xsa -mem-ranges [list {0x40000000 0xbfffffff}] -regs
configparams force-mem-access 1
targets -set -nocase -filter {name =~"APU*"}
source D:/proyectosep2/IEE2463-SEP-Proyecto-2-Z8/full_hardware/vitis/full_hardware_sw/_ide/psinit/ps7_init.tcl
ps7_init
ps7_post_config
targets -set -nocase -filter {name =~ "*A9*#0"}
dow D:/proyectosep2/IEE2463-SEP-Proyecto-2-Z8/full_hardware/vitis/full_hardware_sw/Debug/full_hardware_sw.elf
targets -set -nocase -filter {name =~ "*A9*#1"}
dow D:/proyectosep2/IEE2463-SEP-Proyecto-2-Z8/full_hardware/vitis/music_player_sw/Debug/music_player_sw.elf
configparams force-mem-access 0
----------------End of Script----------------

19:36:25 INFO  : Context for processor 'ps7_cortexa9_0' is selected.
19:36:25 INFO  : 'con' command is executed.
19:36:25 INFO  : Context for processor 'ps7_cortexa9_1' is selected.
19:36:25 INFO  : 'con' command is executed.
19:36:25 INFO  : ----------------XSDB Script (After Launch)----------------
targets -set -nocase -filter {name =~ "*A9*#0"}
con
targets -set -nocase -filter {name =~ "*A9*#1"}
con
----------------End of Script----------------

19:36:25 INFO  : Launch script is exported to file 'D:\proyectosep2\IEE2463-SEP-Proyecto-2-Z8\full_hardware\vitis\.sdk\launch_scripts\single_application_debug\systemdebugger_full_hardware_sw_system_standalone.tcl'
19:41:27 INFO  : Disconnected from the channel tcfchan#88.
19:41:27 INFO  : Connected to target on host '127.0.0.1' and port '3121'.
19:41:28 INFO  : Jtag cable 'Digilent Zybo Z7 210351B3FC8DA' is selected.
19:41:28 INFO  : 'jtag frequency' command is executed.
19:41:28 INFO  : Context for 'APU' is selected.
19:41:28 INFO  : System reset is completed.
19:41:31 INFO  : 'after 3000' command is executed.
19:41:31 INFO  : 'targets -set -filter {jtag_cable_name =~ "Digilent Zybo Z7 210351B3FC8DA" && level==0 && jtag_device_ctx=="jsn-Zybo Z7-210351B3FC8DA-13722093-0"}' command is executed.
19:41:32 INFO  : FPGA configured successfully with bitstream "D:/proyectosep2/IEE2463-SEP-Proyecto-2-Z8/full_hardware/vitis/full_hardware_sw/_ide/bitstream/DEMO_wrapper.bit"
19:41:32 INFO  : Context for 'APU' is selected.
19:41:32 INFO  : Hardware design and registers information is loaded from 'D:/proyectosep2/IEE2463-SEP-Proyecto-2-Z8/full_hardware/vitis/full_hardware_plt/export/full_hardware_plt/hw/DEMO_wrapper.xsa'.
19:41:32 INFO  : 'configparams force-mem-access 1' command is executed.
19:41:32 INFO  : Context for 'APU' is selected.
19:41:32 INFO  : Sourcing of 'D:/proyectosep2/IEE2463-SEP-Proyecto-2-Z8/full_hardware/vitis/full_hardware_sw/_ide/psinit/ps7_init.tcl' is done.
19:41:33 INFO  : 'ps7_init' command is executed.
19:41:33 INFO  : 'ps7_post_config' command is executed.
19:41:33 INFO  : Context for processor 'ps7_cortexa9_0' is selected.
19:41:33 INFO  : The application 'D:/proyectosep2/IEE2463-SEP-Proyecto-2-Z8/full_hardware/vitis/full_hardware_sw/Debug/full_hardware_sw.elf' is downloaded to processor 'ps7_cortexa9_0'.
19:41:34 INFO  : Context for processor 'ps7_cortexa9_1' is selected.
19:41:34 INFO  : The application 'D:/proyectosep2/IEE2463-SEP-Proyecto-2-Z8/full_hardware/vitis/music_player_sw/Debug/music_player_sw.elf' is downloaded to processor 'ps7_cortexa9_1'.
19:41:34 INFO  : 'configparams force-mem-access 0' command is executed.
19:41:34 INFO  : ----------------XSDB Script----------------
connect -url tcp:127.0.0.1:3121
targets -set -nocase -filter {name =~"APU*"}
rst -system
after 3000
targets -set -filter {jtag_cable_name =~ "Digilent Zybo Z7 210351B3FC8DA" && level==0 && jtag_device_ctx=="jsn-Zybo Z7-210351B3FC8DA-13722093-0"}
fpga -file D:/proyectosep2/IEE2463-SEP-Proyecto-2-Z8/full_hardware/vitis/full_hardware_sw/_ide/bitstream/DEMO_wrapper.bit
targets -set -nocase -filter {name =~"APU*"}
loadhw -hw D:/proyectosep2/IEE2463-SEP-Proyecto-2-Z8/full_hardware/vitis/full_hardware_plt/export/full_hardware_plt/hw/DEMO_wrapper.xsa -mem-ranges [list {0x40000000 0xbfffffff}] -regs
configparams force-mem-access 1
targets -set -nocase -filter {name =~"APU*"}
source D:/proyectosep2/IEE2463-SEP-Proyecto-2-Z8/full_hardware/vitis/full_hardware_sw/_ide/psinit/ps7_init.tcl
ps7_init
ps7_post_config
targets -set -nocase -filter {name =~ "*A9*#0"}
dow D:/proyectosep2/IEE2463-SEP-Proyecto-2-Z8/full_hardware/vitis/full_hardware_sw/Debug/full_hardware_sw.elf
targets -set -nocase -filter {name =~ "*A9*#1"}
dow D:/proyectosep2/IEE2463-SEP-Proyecto-2-Z8/full_hardware/vitis/music_player_sw/Debug/music_player_sw.elf
configparams force-mem-access 0
----------------End of Script----------------

19:41:34 INFO  : Context for processor 'ps7_cortexa9_0' is selected.
19:41:34 INFO  : 'con' command is executed.
19:41:34 INFO  : Context for processor 'ps7_cortexa9_1' is selected.
19:41:35 INFO  : 'con' command is executed.
19:41:35 INFO  : ----------------XSDB Script (After Launch)----------------
targets -set -nocase -filter {name =~ "*A9*#0"}
con
targets -set -nocase -filter {name =~ "*A9*#1"}
con
----------------End of Script----------------

19:41:35 INFO  : Launch script is exported to file 'D:\proyectosep2\IEE2463-SEP-Proyecto-2-Z8\full_hardware\vitis\.sdk\launch_scripts\single_application_debug\systemdebugger_full_hardware_sw_system_standalone.tcl'
19:41:52 INFO  : Disconnected from the channel tcfchan#89.
19:42:14 INFO  : Connected to target on host '127.0.0.1' and port '3121'.
19:42:14 INFO  : Jtag cable 'Digilent Zybo Z7 210351B3FC8DA' is selected.
19:42:14 INFO  : 'jtag frequency' command is executed.
19:42:14 INFO  : Context for 'APU' is selected.
19:42:14 INFO  : System reset is completed.
19:42:17 INFO  : 'after 3000' command is executed.
19:42:17 INFO  : 'targets -set -filter {jtag_cable_name =~ "Digilent Zybo Z7 210351B3FC8DA" && level==0 && jtag_device_ctx=="jsn-Zybo Z7-210351B3FC8DA-13722093-0"}' command is executed.
19:42:19 INFO  : FPGA configured successfully with bitstream "D:/proyectosep2/IEE2463-SEP-Proyecto-2-Z8/full_hardware/vitis/full_hardware_sw/_ide/bitstream/DEMO_wrapper.bit"
19:42:19 INFO  : Context for 'APU' is selected.
19:42:19 INFO  : Hardware design and registers information is loaded from 'D:/proyectosep2/IEE2463-SEP-Proyecto-2-Z8/full_hardware/vitis/full_hardware_plt/export/full_hardware_plt/hw/DEMO_wrapper.xsa'.
19:42:19 INFO  : 'configparams force-mem-access 1' command is executed.
19:42:19 INFO  : Context for 'APU' is selected.
19:42:19 INFO  : Sourcing of 'D:/proyectosep2/IEE2463-SEP-Proyecto-2-Z8/full_hardware/vitis/full_hardware_sw/_ide/psinit/ps7_init.tcl' is done.
19:42:19 INFO  : 'ps7_init' command is executed.
19:42:19 INFO  : 'ps7_post_config' command is executed.
19:42:19 INFO  : Context for processor 'ps7_cortexa9_0' is selected.
19:42:20 INFO  : The application 'D:/proyectosep2/IEE2463-SEP-Proyecto-2-Z8/full_hardware/vitis/full_hardware_sw/Debug/full_hardware_sw.elf' is downloaded to processor 'ps7_cortexa9_0'.
19:42:20 INFO  : Context for processor 'ps7_cortexa9_1' is selected.
19:42:21 INFO  : The application 'D:/proyectosep2/IEE2463-SEP-Proyecto-2-Z8/full_hardware/vitis/music_player_sw/Debug/music_player_sw.elf' is downloaded to processor 'ps7_cortexa9_1'.
19:42:21 INFO  : 'configparams force-mem-access 0' command is executed.
19:42:21 INFO  : ----------------XSDB Script----------------
connect -url tcp:127.0.0.1:3121
targets -set -nocase -filter {name =~"APU*"}
rst -system
after 3000
targets -set -filter {jtag_cable_name =~ "Digilent Zybo Z7 210351B3FC8DA" && level==0 && jtag_device_ctx=="jsn-Zybo Z7-210351B3FC8DA-13722093-0"}
fpga -file D:/proyectosep2/IEE2463-SEP-Proyecto-2-Z8/full_hardware/vitis/full_hardware_sw/_ide/bitstream/DEMO_wrapper.bit
targets -set -nocase -filter {name =~"APU*"}
loadhw -hw D:/proyectosep2/IEE2463-SEP-Proyecto-2-Z8/full_hardware/vitis/full_hardware_plt/export/full_hardware_plt/hw/DEMO_wrapper.xsa -mem-ranges [list {0x40000000 0xbfffffff}] -regs
configparams force-mem-access 1
targets -set -nocase -filter {name =~"APU*"}
source D:/proyectosep2/IEE2463-SEP-Proyecto-2-Z8/full_hardware/vitis/full_hardware_sw/_ide/psinit/ps7_init.tcl
ps7_init
ps7_post_config
targets -set -nocase -filter {name =~ "*A9*#0"}
dow D:/proyectosep2/IEE2463-SEP-Proyecto-2-Z8/full_hardware/vitis/full_hardware_sw/Debug/full_hardware_sw.elf
targets -set -nocase -filter {name =~ "*A9*#1"}
dow D:/proyectosep2/IEE2463-SEP-Proyecto-2-Z8/full_hardware/vitis/music_player_sw/Debug/music_player_sw.elf
configparams force-mem-access 0
----------------End of Script----------------

19:42:21 INFO  : Context for processor 'ps7_cortexa9_0' is selected.
19:42:21 INFO  : 'con' command is executed.
19:42:21 INFO  : Context for processor 'ps7_cortexa9_1' is selected.
19:42:21 INFO  : 'con' command is executed.
19:42:21 INFO  : ----------------XSDB Script (After Launch)----------------
targets -set -nocase -filter {name =~ "*A9*#0"}
con
targets -set -nocase -filter {name =~ "*A9*#1"}
con
----------------End of Script----------------

19:42:21 INFO  : Launch script is exported to file 'D:\proyectosep2\IEE2463-SEP-Proyecto-2-Z8\full_hardware\vitis\.sdk\launch_scripts\single_application_debug\systemdebugger_full_hardware_sw_system_standalone.tcl'
19:43:15 INFO  : Disconnected from the channel tcfchan#90.
19:43:38 INFO  : Connected to target on host '127.0.0.1' and port '3121'.
19:43:38 INFO  : Jtag cable 'Digilent Zybo Z7 210351B3FC8DA' is selected.
19:43:38 INFO  : 'jtag frequency' command is executed.
19:43:38 INFO  : Context for 'APU' is selected.
19:43:38 INFO  : System reset is completed.
19:43:41 INFO  : 'after 3000' command is executed.
19:43:41 INFO  : 'targets -set -filter {jtag_cable_name =~ "Digilent Zybo Z7 210351B3FC8DA" && level==0 && jtag_device_ctx=="jsn-Zybo Z7-210351B3FC8DA-13722093-0"}' command is executed.
19:43:43 INFO  : FPGA configured successfully with bitstream "D:/proyectosep2/IEE2463-SEP-Proyecto-2-Z8/full_hardware/vitis/full_hardware_sw/_ide/bitstream/DEMO_wrapper.bit"
19:43:43 INFO  : Context for 'APU' is selected.
19:43:43 INFO  : Hardware design and registers information is loaded from 'D:/proyectosep2/IEE2463-SEP-Proyecto-2-Z8/full_hardware/vitis/full_hardware_plt/export/full_hardware_plt/hw/DEMO_wrapper.xsa'.
19:43:43 INFO  : 'configparams force-mem-access 1' command is executed.
19:43:43 INFO  : Context for 'APU' is selected.
19:43:43 INFO  : Sourcing of 'D:/proyectosep2/IEE2463-SEP-Proyecto-2-Z8/full_hardware/vitis/full_hardware_sw/_ide/psinit/ps7_init.tcl' is done.
19:43:43 INFO  : 'ps7_init' command is executed.
19:43:43 INFO  : 'ps7_post_config' command is executed.
19:43:43 INFO  : Context for processor 'ps7_cortexa9_0' is selected.
19:43:44 INFO  : The application 'D:/proyectosep2/IEE2463-SEP-Proyecto-2-Z8/full_hardware/vitis/full_hardware_sw/Debug/full_hardware_sw.elf' is downloaded to processor 'ps7_cortexa9_0'.
19:43:44 INFO  : Context for processor 'ps7_cortexa9_1' is selected.
19:43:45 INFO  : The application 'D:/proyectosep2/IEE2463-SEP-Proyecto-2-Z8/full_hardware/vitis/music_player_sw/Debug/music_player_sw.elf' is downloaded to processor 'ps7_cortexa9_1'.
19:43:45 INFO  : 'configparams force-mem-access 0' command is executed.
19:43:45 INFO  : ----------------XSDB Script----------------
connect -url tcp:127.0.0.1:3121
targets -set -nocase -filter {name =~"APU*"}
rst -system
after 3000
targets -set -filter {jtag_cable_name =~ "Digilent Zybo Z7 210351B3FC8DA" && level==0 && jtag_device_ctx=="jsn-Zybo Z7-210351B3FC8DA-13722093-0"}
fpga -file D:/proyectosep2/IEE2463-SEP-Proyecto-2-Z8/full_hardware/vitis/full_hardware_sw/_ide/bitstream/DEMO_wrapper.bit
targets -set -nocase -filter {name =~"APU*"}
loadhw -hw D:/proyectosep2/IEE2463-SEP-Proyecto-2-Z8/full_hardware/vitis/full_hardware_plt/export/full_hardware_plt/hw/DEMO_wrapper.xsa -mem-ranges [list {0x40000000 0xbfffffff}] -regs
configparams force-mem-access 1
targets -set -nocase -filter {name =~"APU*"}
source D:/proyectosep2/IEE2463-SEP-Proyecto-2-Z8/full_hardware/vitis/full_hardware_sw/_ide/psinit/ps7_init.tcl
ps7_init
ps7_post_config
targets -set -nocase -filter {name =~ "*A9*#0"}
dow D:/proyectosep2/IEE2463-SEP-Proyecto-2-Z8/full_hardware/vitis/full_hardware_sw/Debug/full_hardware_sw.elf
targets -set -nocase -filter {name =~ "*A9*#1"}
dow D:/proyectosep2/IEE2463-SEP-Proyecto-2-Z8/full_hardware/vitis/music_player_sw/Debug/music_player_sw.elf
configparams force-mem-access 0
----------------End of Script----------------

19:43:45 INFO  : Context for processor 'ps7_cortexa9_0' is selected.
19:43:45 INFO  : 'con' command is executed.
19:43:45 INFO  : Context for processor 'ps7_cortexa9_1' is selected.
19:43:45 INFO  : 'con' command is executed.
19:43:45 INFO  : ----------------XSDB Script (After Launch)----------------
targets -set -nocase -filter {name =~ "*A9*#0"}
con
targets -set -nocase -filter {name =~ "*A9*#1"}
con
----------------End of Script----------------

19:43:45 INFO  : Launch script is exported to file 'D:\proyectosep2\IEE2463-SEP-Proyecto-2-Z8\full_hardware\vitis\.sdk\launch_scripts\single_application_debug\systemdebugger_full_hardware_sw_system_standalone.tcl'
19:44:09 INFO  : Disconnected from the channel tcfchan#91.
19:44:09 INFO  : Connected to target on host '127.0.0.1' and port '3121'.
19:44:09 INFO  : Jtag cable 'Digilent Zybo Z7 210351B3FC8DA' is selected.
19:44:09 INFO  : 'jtag frequency' command is executed.
19:44:09 INFO  : Context for 'APU' is selected.
19:44:09 INFO  : System reset is completed.
19:44:12 INFO  : 'after 3000' command is executed.
19:44:12 INFO  : 'targets -set -filter {jtag_cable_name =~ "Digilent Zybo Z7 210351B3FC8DA" && level==0 && jtag_device_ctx=="jsn-Zybo Z7-210351B3FC8DA-13722093-0"}' command is executed.
19:44:13 INFO  : FPGA configured successfully with bitstream "D:/proyectosep2/IEE2463-SEP-Proyecto-2-Z8/full_hardware/vitis/full_hardware_sw/_ide/bitstream/DEMO_wrapper.bit"
19:44:13 INFO  : Context for 'APU' is selected.
19:44:14 INFO  : Hardware design and registers information is loaded from 'D:/proyectosep2/IEE2463-SEP-Proyecto-2-Z8/full_hardware/vitis/full_hardware_plt/export/full_hardware_plt/hw/DEMO_wrapper.xsa'.
19:44:14 INFO  : 'configparams force-mem-access 1' command is executed.
19:44:14 INFO  : Context for 'APU' is selected.
19:44:14 INFO  : Sourcing of 'D:/proyectosep2/IEE2463-SEP-Proyecto-2-Z8/full_hardware/vitis/full_hardware_sw/_ide/psinit/ps7_init.tcl' is done.
19:44:14 INFO  : 'ps7_init' command is executed.
19:44:14 INFO  : 'ps7_post_config' command is executed.
19:44:14 INFO  : Context for processor 'ps7_cortexa9_0' is selected.
19:44:15 INFO  : The application 'D:/proyectosep2/IEE2463-SEP-Proyecto-2-Z8/full_hardware/vitis/full_hardware_sw/Debug/full_hardware_sw.elf' is downloaded to processor 'ps7_cortexa9_0'.
19:44:15 INFO  : Context for processor 'ps7_cortexa9_1' is selected.
19:44:15 INFO  : The application 'D:/proyectosep2/IEE2463-SEP-Proyecto-2-Z8/full_hardware/vitis/music_player_sw/Debug/music_player_sw.elf' is downloaded to processor 'ps7_cortexa9_1'.
19:44:15 INFO  : 'configparams force-mem-access 0' command is executed.
19:44:15 INFO  : ----------------XSDB Script----------------
connect -url tcp:127.0.0.1:3121
targets -set -nocase -filter {name =~"APU*"}
rst -system
after 3000
targets -set -filter {jtag_cable_name =~ "Digilent Zybo Z7 210351B3FC8DA" && level==0 && jtag_device_ctx=="jsn-Zybo Z7-210351B3FC8DA-13722093-0"}
fpga -file D:/proyectosep2/IEE2463-SEP-Proyecto-2-Z8/full_hardware/vitis/full_hardware_sw/_ide/bitstream/DEMO_wrapper.bit
targets -set -nocase -filter {name =~"APU*"}
loadhw -hw D:/proyectosep2/IEE2463-SEP-Proyecto-2-Z8/full_hardware/vitis/full_hardware_plt/export/full_hardware_plt/hw/DEMO_wrapper.xsa -mem-ranges [list {0x40000000 0xbfffffff}] -regs
configparams force-mem-access 1
targets -set -nocase -filter {name =~"APU*"}
source D:/proyectosep2/IEE2463-SEP-Proyecto-2-Z8/full_hardware/vitis/full_hardware_sw/_ide/psinit/ps7_init.tcl
ps7_init
ps7_post_config
targets -set -nocase -filter {name =~ "*A9*#0"}
dow D:/proyectosep2/IEE2463-SEP-Proyecto-2-Z8/full_hardware/vitis/full_hardware_sw/Debug/full_hardware_sw.elf
targets -set -nocase -filter {name =~ "*A9*#1"}
dow D:/proyectosep2/IEE2463-SEP-Proyecto-2-Z8/full_hardware/vitis/music_player_sw/Debug/music_player_sw.elf
configparams force-mem-access 0
----------------End of Script----------------

19:44:15 INFO  : Context for processor 'ps7_cortexa9_0' is selected.
19:44:16 INFO  : 'con' command is executed.
19:44:16 INFO  : Context for processor 'ps7_cortexa9_1' is selected.
19:44:16 INFO  : 'con' command is executed.
19:44:16 INFO  : ----------------XSDB Script (After Launch)----------------
targets -set -nocase -filter {name =~ "*A9*#0"}
con
targets -set -nocase -filter {name =~ "*A9*#1"}
con
----------------End of Script----------------

19:44:16 INFO  : Launch script is exported to file 'D:\proyectosep2\IEE2463-SEP-Proyecto-2-Z8\full_hardware\vitis\.sdk\launch_scripts\single_application_debug\systemdebugger_full_hardware_sw_system_standalone.tcl'
19:45:26 INFO  : Checking for BSP changes to sync application flags for project 'full_hardware_sw'...
19:45:56 INFO  : Disconnected from the channel tcfchan#92.
19:46:11 INFO  : Connected to target on host '127.0.0.1' and port '3121'.
19:46:11 INFO  : Jtag cable 'Digilent Zybo Z7 210351B3FC8DA' is selected.
19:46:11 INFO  : 'jtag frequency' command is executed.
19:46:11 INFO  : Context for 'APU' is selected.
19:46:11 INFO  : System reset is completed.
19:46:14 INFO  : 'after 3000' command is executed.
19:46:14 INFO  : 'targets -set -filter {jtag_cable_name =~ "Digilent Zybo Z7 210351B3FC8DA" && level==0 && jtag_device_ctx=="jsn-Zybo Z7-210351B3FC8DA-13722093-0"}' command is executed.
19:46:16 INFO  : FPGA configured successfully with bitstream "D:/proyectosep2/IEE2463-SEP-Proyecto-2-Z8/full_hardware/vitis/full_hardware_sw/_ide/bitstream/DEMO_wrapper.bit"
19:46:16 INFO  : Context for 'APU' is selected.
19:46:16 INFO  : Hardware design and registers information is loaded from 'D:/proyectosep2/IEE2463-SEP-Proyecto-2-Z8/full_hardware/vitis/full_hardware_plt/export/full_hardware_plt/hw/DEMO_wrapper.xsa'.
19:46:16 INFO  : 'configparams force-mem-access 1' command is executed.
19:46:16 INFO  : Context for 'APU' is selected.
19:46:16 INFO  : Sourcing of 'D:/proyectosep2/IEE2463-SEP-Proyecto-2-Z8/full_hardware/vitis/full_hardware_sw/_ide/psinit/ps7_init.tcl' is done.
19:46:16 INFO  : 'ps7_init' command is executed.
19:46:16 INFO  : 'ps7_post_config' command is executed.
19:46:16 INFO  : Context for processor 'ps7_cortexa9_0' is selected.
19:46:17 INFO  : The application 'D:/proyectosep2/IEE2463-SEP-Proyecto-2-Z8/full_hardware/vitis/full_hardware_sw/Debug/full_hardware_sw.elf' is downloaded to processor 'ps7_cortexa9_0'.
19:46:17 INFO  : Context for processor 'ps7_cortexa9_1' is selected.
19:46:18 INFO  : The application 'D:/proyectosep2/IEE2463-SEP-Proyecto-2-Z8/full_hardware/vitis/music_player_sw/Debug/music_player_sw.elf' is downloaded to processor 'ps7_cortexa9_1'.
19:46:18 INFO  : 'configparams force-mem-access 0' command is executed.
19:46:18 INFO  : ----------------XSDB Script----------------
connect -url tcp:127.0.0.1:3121
targets -set -nocase -filter {name =~"APU*"}
rst -system
after 3000
targets -set -filter {jtag_cable_name =~ "Digilent Zybo Z7 210351B3FC8DA" && level==0 && jtag_device_ctx=="jsn-Zybo Z7-210351B3FC8DA-13722093-0"}
fpga -file D:/proyectosep2/IEE2463-SEP-Proyecto-2-Z8/full_hardware/vitis/full_hardware_sw/_ide/bitstream/DEMO_wrapper.bit
targets -set -nocase -filter {name =~"APU*"}
loadhw -hw D:/proyectosep2/IEE2463-SEP-Proyecto-2-Z8/full_hardware/vitis/full_hardware_plt/export/full_hardware_plt/hw/DEMO_wrapper.xsa -mem-ranges [list {0x40000000 0xbfffffff}] -regs
configparams force-mem-access 1
targets -set -nocase -filter {name =~"APU*"}
source D:/proyectosep2/IEE2463-SEP-Proyecto-2-Z8/full_hardware/vitis/full_hardware_sw/_ide/psinit/ps7_init.tcl
ps7_init
ps7_post_config
targets -set -nocase -filter {name =~ "*A9*#0"}
dow D:/proyectosep2/IEE2463-SEP-Proyecto-2-Z8/full_hardware/vitis/full_hardware_sw/Debug/full_hardware_sw.elf
targets -set -nocase -filter {name =~ "*A9*#1"}
dow D:/proyectosep2/IEE2463-SEP-Proyecto-2-Z8/full_hardware/vitis/music_player_sw/Debug/music_player_sw.elf
configparams force-mem-access 0
----------------End of Script----------------

19:46:18 INFO  : Context for processor 'ps7_cortexa9_0' is selected.
19:46:18 INFO  : 'con' command is executed.
19:46:18 INFO  : Context for processor 'ps7_cortexa9_1' is selected.
19:46:18 INFO  : 'con' command is executed.
19:46:18 INFO  : ----------------XSDB Script (After Launch)----------------
targets -set -nocase -filter {name =~ "*A9*#0"}
con
targets -set -nocase -filter {name =~ "*A9*#1"}
con
----------------End of Script----------------

19:46:18 INFO  : Launch script is exported to file 'D:\proyectosep2\IEE2463-SEP-Proyecto-2-Z8\full_hardware\vitis\.sdk\launch_scripts\single_application_debug\systemdebugger_full_hardware_sw_system_1_standalone.tcl'
19:48:20 INFO  : Checking for BSP changes to sync application flags for project 'full_hardware_sw'...
19:48:21 INFO  : Checking for BSP changes to sync application flags for project 'music_player_sw'...
19:48:27 INFO  : Checking for BSP changes to sync application flags for project 'full_hardware_sw'...
19:48:27 INFO  : Checking for BSP changes to sync application flags for project 'music_player_sw'...
19:48:46 INFO  : Disconnected from the channel tcfchan#93.
19:48:47 INFO  : Connected to target on host '127.0.0.1' and port '3121'.
19:48:47 INFO  : Jtag cable 'Digilent Zybo Z7 210351B3FC8DA' is selected.
19:48:47 INFO  : 'jtag frequency' command is executed.
19:48:47 INFO  : Context for 'APU' is selected.
19:48:47 INFO  : System reset is completed.
19:48:50 INFO  : 'after 3000' command is executed.
19:48:50 INFO  : 'targets -set -filter {jtag_cable_name =~ "Digilent Zybo Z7 210351B3FC8DA" && level==0 && jtag_device_ctx=="jsn-Zybo Z7-210351B3FC8DA-13722093-0"}' command is executed.
19:48:51 INFO  : FPGA configured successfully with bitstream "D:/proyectosep2/IEE2463-SEP-Proyecto-2-Z8/full_hardware/vitis/full_hardware_sw/_ide/bitstream/DEMO_wrapper.bit"
19:48:51 INFO  : Context for 'APU' is selected.
19:48:51 INFO  : Hardware design and registers information is loaded from 'D:/proyectosep2/IEE2463-SEP-Proyecto-2-Z8/full_hardware/vitis/full_hardware_plt/export/full_hardware_plt/hw/DEMO_wrapper.xsa'.
19:48:51 INFO  : 'configparams force-mem-access 1' command is executed.
19:48:51 INFO  : Context for 'APU' is selected.
19:48:51 INFO  : Sourcing of 'D:/proyectosep2/IEE2463-SEP-Proyecto-2-Z8/full_hardware/vitis/full_hardware_sw/_ide/psinit/ps7_init.tcl' is done.
19:48:52 INFO  : 'ps7_init' command is executed.
19:48:52 INFO  : 'ps7_post_config' command is executed.
19:48:52 INFO  : Context for processor 'ps7_cortexa9_0' is selected.
19:48:52 INFO  : The application 'D:/proyectosep2/IEE2463-SEP-Proyecto-2-Z8/full_hardware/vitis/full_hardware_sw/Debug/full_hardware_sw.elf' is downloaded to processor 'ps7_cortexa9_0'.
19:48:52 INFO  : Context for processor 'ps7_cortexa9_1' is selected.
19:48:53 INFO  : The application 'D:/proyectosep2/IEE2463-SEP-Proyecto-2-Z8/full_hardware/vitis/music_player_sw/Debug/music_player_sw.elf' is downloaded to processor 'ps7_cortexa9_1'.
19:48:53 INFO  : 'configparams force-mem-access 0' command is executed.
19:48:53 INFO  : ----------------XSDB Script----------------
connect -url tcp:127.0.0.1:3121
targets -set -nocase -filter {name =~"APU*"}
rst -system
after 3000
targets -set -filter {jtag_cable_name =~ "Digilent Zybo Z7 210351B3FC8DA" && level==0 && jtag_device_ctx=="jsn-Zybo Z7-210351B3FC8DA-13722093-0"}
fpga -file D:/proyectosep2/IEE2463-SEP-Proyecto-2-Z8/full_hardware/vitis/full_hardware_sw/_ide/bitstream/DEMO_wrapper.bit
targets -set -nocase -filter {name =~"APU*"}
loadhw -hw D:/proyectosep2/IEE2463-SEP-Proyecto-2-Z8/full_hardware/vitis/full_hardware_plt/export/full_hardware_plt/hw/DEMO_wrapper.xsa -mem-ranges [list {0x40000000 0xbfffffff}] -regs
configparams force-mem-access 1
targets -set -nocase -filter {name =~"APU*"}
source D:/proyectosep2/IEE2463-SEP-Proyecto-2-Z8/full_hardware/vitis/full_hardware_sw/_ide/psinit/ps7_init.tcl
ps7_init
ps7_post_config
targets -set -nocase -filter {name =~ "*A9*#0"}
dow D:/proyectosep2/IEE2463-SEP-Proyecto-2-Z8/full_hardware/vitis/full_hardware_sw/Debug/full_hardware_sw.elf
targets -set -nocase -filter {name =~ "*A9*#1"}
dow D:/proyectosep2/IEE2463-SEP-Proyecto-2-Z8/full_hardware/vitis/music_player_sw/Debug/music_player_sw.elf
configparams force-mem-access 0
----------------End of Script----------------

19:48:53 INFO  : Context for processor 'ps7_cortexa9_0' is selected.
19:48:53 INFO  : 'con' command is executed.
19:48:53 INFO  : Context for processor 'ps7_cortexa9_1' is selected.
19:48:53 INFO  : 'con' command is executed.
19:48:53 INFO  : ----------------XSDB Script (After Launch)----------------
targets -set -nocase -filter {name =~ "*A9*#0"}
con
targets -set -nocase -filter {name =~ "*A9*#1"}
con
----------------End of Script----------------

19:48:53 INFO  : Launch script is exported to file 'D:\proyectosep2\IEE2463-SEP-Proyecto-2-Z8\full_hardware\vitis\.sdk\launch_scripts\single_application_debug\systemdebugger_full_hardware_sw_system_standalone.tcl'
19:50:06 INFO  : Disconnected from the channel tcfchan#96.
19:50:19 INFO  : Connected to target on host '127.0.0.1' and port '3121'.
19:50:19 INFO  : Jtag cable 'Digilent Zybo Z7 210351B3FC8DA' is selected.
19:50:19 INFO  : 'jtag frequency' command is executed.
19:50:19 INFO  : Context for 'APU' is selected.
19:50:19 INFO  : System reset is completed.
19:50:22 INFO  : 'after 3000' command is executed.
19:50:22 INFO  : 'targets -set -filter {jtag_cable_name =~ "Digilent Zybo Z7 210351B3FC8DA" && level==0 && jtag_device_ctx=="jsn-Zybo Z7-210351B3FC8DA-13722093-0"}' command is executed.
19:50:24 INFO  : FPGA configured successfully with bitstream "D:/proyectosep2/IEE2463-SEP-Proyecto-2-Z8/full_hardware/vitis/full_hardware_sw/_ide/bitstream/DEMO_wrapper.bit"
19:50:24 INFO  : Context for 'APU' is selected.
19:50:24 INFO  : Hardware design and registers information is loaded from 'D:/proyectosep2/IEE2463-SEP-Proyecto-2-Z8/full_hardware/vitis/full_hardware_plt/export/full_hardware_plt/hw/DEMO_wrapper.xsa'.
19:50:24 INFO  : 'configparams force-mem-access 1' command is executed.
19:50:24 INFO  : Context for 'APU' is selected.
19:50:24 INFO  : Sourcing of 'D:/proyectosep2/IEE2463-SEP-Proyecto-2-Z8/full_hardware/vitis/full_hardware_sw/_ide/psinit/ps7_init.tcl' is done.
19:50:24 INFO  : 'ps7_init' command is executed.
19:50:24 INFO  : 'ps7_post_config' command is executed.
19:50:24 INFO  : Context for processor 'ps7_cortexa9_0' is selected.
19:50:25 INFO  : The application 'D:/proyectosep2/IEE2463-SEP-Proyecto-2-Z8/full_hardware/vitis/full_hardware_sw/Debug/full_hardware_sw.elf' is downloaded to processor 'ps7_cortexa9_0'.
19:50:25 INFO  : Context for processor 'ps7_cortexa9_1' is selected.
19:50:26 INFO  : The application 'D:/proyectosep2/IEE2463-SEP-Proyecto-2-Z8/full_hardware/vitis/music_player_sw/Debug/music_player_sw.elf' is downloaded to processor 'ps7_cortexa9_1'.
19:50:26 INFO  : 'configparams force-mem-access 0' command is executed.
19:50:26 INFO  : ----------------XSDB Script----------------
connect -url tcp:127.0.0.1:3121
targets -set -nocase -filter {name =~"APU*"}
rst -system
after 3000
targets -set -filter {jtag_cable_name =~ "Digilent Zybo Z7 210351B3FC8DA" && level==0 && jtag_device_ctx=="jsn-Zybo Z7-210351B3FC8DA-13722093-0"}
fpga -file D:/proyectosep2/IEE2463-SEP-Proyecto-2-Z8/full_hardware/vitis/full_hardware_sw/_ide/bitstream/DEMO_wrapper.bit
targets -set -nocase -filter {name =~"APU*"}
loadhw -hw D:/proyectosep2/IEE2463-SEP-Proyecto-2-Z8/full_hardware/vitis/full_hardware_plt/export/full_hardware_plt/hw/DEMO_wrapper.xsa -mem-ranges [list {0x40000000 0xbfffffff}] -regs
configparams force-mem-access 1
targets -set -nocase -filter {name =~"APU*"}
source D:/proyectosep2/IEE2463-SEP-Proyecto-2-Z8/full_hardware/vitis/full_hardware_sw/_ide/psinit/ps7_init.tcl
ps7_init
ps7_post_config
targets -set -nocase -filter {name =~ "*A9*#0"}
dow D:/proyectosep2/IEE2463-SEP-Proyecto-2-Z8/full_hardware/vitis/full_hardware_sw/Debug/full_hardware_sw.elf
targets -set -nocase -filter {name =~ "*A9*#1"}
dow D:/proyectosep2/IEE2463-SEP-Proyecto-2-Z8/full_hardware/vitis/music_player_sw/Debug/music_player_sw.elf
configparams force-mem-access 0
----------------End of Script----------------

19:50:26 INFO  : Context for processor 'ps7_cortexa9_0' is selected.
19:50:26 INFO  : 'con' command is executed.
19:50:26 INFO  : Context for processor 'ps7_cortexa9_1' is selected.
19:50:26 INFO  : 'con' command is executed.
19:50:26 INFO  : ----------------XSDB Script (After Launch)----------------
targets -set -nocase -filter {name =~ "*A9*#0"}
con
targets -set -nocase -filter {name =~ "*A9*#1"}
con
----------------End of Script----------------

19:50:26 INFO  : Launch script is exported to file 'D:\proyectosep2\IEE2463-SEP-Proyecto-2-Z8\full_hardware\vitis\.sdk\launch_scripts\single_application_debug\systemdebugger_full_hardware_sw_system_standalone.tcl'
19:53:58 INFO  : Disconnected from the channel tcfchan#97.
19:54:24 INFO  : Checking for BSP changes to sync application flags for project 'full_hardware_sw'...
19:54:24 INFO  : Checking for BSP changes to sync application flags for project 'music_player_sw'...
19:54:41 INFO  : Checking for BSP changes to sync application flags for project 'full_hardware_sw'...
19:55:19 INFO  : Checking for BSP changes to sync application flags for project 'full_hardware_sw'...
19:55:20 INFO  : Checking for BSP changes to sync application flags for project 'music_player_sw'...
19:55:52 INFO  : Checking for BSP changes to sync application flags for project 'full_hardware_sw'...
19:55:53 INFO  : Checking for BSP changes to sync application flags for project 'music_player_sw'...
19:56:11 INFO  : Connected to target on host '127.0.0.1' and port '3121'.
19:56:12 INFO  : Jtag cable 'Digilent Zybo Z7 210351B3FC8DA' is selected.
19:56:12 INFO  : 'jtag frequency' command is executed.
19:56:12 INFO  : Context for 'APU' is selected.
19:56:12 INFO  : System reset is completed.
19:56:15 INFO  : 'after 3000' command is executed.
19:56:15 INFO  : 'targets -set -filter {jtag_cable_name =~ "Digilent Zybo Z7 210351B3FC8DA" && level==0 && jtag_device_ctx=="jsn-Zybo Z7-210351B3FC8DA-13722093-0"}' command is executed.
19:56:16 INFO  : FPGA configured successfully with bitstream "D:/proyectosep2/IEE2463-SEP-Proyecto-2-Z8/full_hardware/vitis/full_hardware_sw/_ide/bitstream/DEMO_wrapper.bit"
19:56:16 INFO  : Context for 'APU' is selected.
19:56:16 INFO  : Hardware design and registers information is loaded from 'D:/proyectosep2/IEE2463-SEP-Proyecto-2-Z8/full_hardware/vitis/full_hardware_plt/export/full_hardware_plt/hw/DEMO_wrapper.xsa'.
19:56:16 INFO  : 'configparams force-mem-access 1' command is executed.
19:56:16 INFO  : Context for 'APU' is selected.
19:56:16 INFO  : Sourcing of 'D:/proyectosep2/IEE2463-SEP-Proyecto-2-Z8/full_hardware/vitis/full_hardware_sw/_ide/psinit/ps7_init.tcl' is done.
19:56:17 INFO  : 'ps7_init' command is executed.
19:56:17 INFO  : 'ps7_post_config' command is executed.
19:56:17 INFO  : Context for processor 'ps7_cortexa9_0' is selected.
19:56:18 INFO  : The application 'D:/proyectosep2/IEE2463-SEP-Proyecto-2-Z8/full_hardware/vitis/full_hardware_sw/Debug/full_hardware_sw.elf' is downloaded to processor 'ps7_cortexa9_0'.
19:56:18 INFO  : Context for processor 'ps7_cortexa9_1' is selected.
19:56:18 INFO  : The application 'D:/proyectosep2/IEE2463-SEP-Proyecto-2-Z8/full_hardware/vitis/music_player_sw/Debug/music_player_sw.elf' is downloaded to processor 'ps7_cortexa9_1'.
19:56:18 INFO  : 'configparams force-mem-access 0' command is executed.
19:56:18 INFO  : ----------------XSDB Script----------------
connect -url tcp:127.0.0.1:3121
targets -set -nocase -filter {name =~"APU*"}
rst -system
after 3000
targets -set -filter {jtag_cable_name =~ "Digilent Zybo Z7 210351B3FC8DA" && level==0 && jtag_device_ctx=="jsn-Zybo Z7-210351B3FC8DA-13722093-0"}
fpga -file D:/proyectosep2/IEE2463-SEP-Proyecto-2-Z8/full_hardware/vitis/full_hardware_sw/_ide/bitstream/DEMO_wrapper.bit
targets -set -nocase -filter {name =~"APU*"}
loadhw -hw D:/proyectosep2/IEE2463-SEP-Proyecto-2-Z8/full_hardware/vitis/full_hardware_plt/export/full_hardware_plt/hw/DEMO_wrapper.xsa -mem-ranges [list {0x40000000 0xbfffffff}] -regs
configparams force-mem-access 1
targets -set -nocase -filter {name =~"APU*"}
source D:/proyectosep2/IEE2463-SEP-Proyecto-2-Z8/full_hardware/vitis/full_hardware_sw/_ide/psinit/ps7_init.tcl
ps7_init
ps7_post_config
targets -set -nocase -filter {name =~ "*A9*#0"}
dow D:/proyectosep2/IEE2463-SEP-Proyecto-2-Z8/full_hardware/vitis/full_hardware_sw/Debug/full_hardware_sw.elf
targets -set -nocase -filter {name =~ "*A9*#1"}
dow D:/proyectosep2/IEE2463-SEP-Proyecto-2-Z8/full_hardware/vitis/music_player_sw/Debug/music_player_sw.elf
configparams force-mem-access 0
----------------End of Script----------------

19:56:18 INFO  : Context for processor 'ps7_cortexa9_0' is selected.
19:56:18 INFO  : 'con' command is executed.
19:56:18 INFO  : Context for processor 'ps7_cortexa9_1' is selected.
19:56:18 INFO  : 'con' command is executed.
19:56:18 INFO  : ----------------XSDB Script (After Launch)----------------
targets -set -nocase -filter {name =~ "*A9*#0"}
con
targets -set -nocase -filter {name =~ "*A9*#1"}
con
----------------End of Script----------------

19:56:18 INFO  : Launch script is exported to file 'D:\proyectosep2\IEE2463-SEP-Proyecto-2-Z8\full_hardware\vitis\.sdk\launch_scripts\single_application_debug\systemdebugger_full_hardware_sw_system_standalone.tcl'
19:57:33 INFO  : Checking for BSP changes to sync application flags for project 'full_hardware_sw'...
19:57:34 INFO  : Checking for BSP changes to sync application flags for project 'music_player_sw'...
19:58:20 INFO  : Disconnected from the channel tcfchan#101.
19:58:20 INFO  : Connected to target on host '127.0.0.1' and port '3121'.
19:58:20 INFO  : Jtag cable 'Digilent Zybo Z7 210351B3FC8DA' is selected.
19:58:20 INFO  : 'jtag frequency' command is executed.
19:58:20 INFO  : Context for 'APU' is selected.
19:58:20 INFO  : System reset is completed.
19:58:23 INFO  : 'after 3000' command is executed.
19:58:23 INFO  : 'targets -set -filter {jtag_cable_name =~ "Digilent Zybo Z7 210351B3FC8DA" && level==0 && jtag_device_ctx=="jsn-Zybo Z7-210351B3FC8DA-13722093-0"}' command is executed.
19:58:24 INFO  : FPGA configured successfully with bitstream "D:/proyectosep2/IEE2463-SEP-Proyecto-2-Z8/full_hardware/vitis/full_hardware_sw/_ide/bitstream/DEMO_wrapper.bit"
19:58:24 INFO  : Context for 'APU' is selected.
19:58:24 INFO  : Hardware design and registers information is loaded from 'D:/proyectosep2/IEE2463-SEP-Proyecto-2-Z8/full_hardware/vitis/full_hardware_plt/export/full_hardware_plt/hw/DEMO_wrapper.xsa'.
19:58:24 INFO  : 'configparams force-mem-access 1' command is executed.
19:58:24 INFO  : Context for 'APU' is selected.
19:58:24 INFO  : Sourcing of 'D:/proyectosep2/IEE2463-SEP-Proyecto-2-Z8/full_hardware/vitis/full_hardware_sw/_ide/psinit/ps7_init.tcl' is done.
19:58:25 INFO  : 'ps7_init' command is executed.
19:58:25 INFO  : 'ps7_post_config' command is executed.
19:58:25 INFO  : Context for processor 'ps7_cortexa9_0' is selected.
19:58:26 INFO  : The application 'D:/proyectosep2/IEE2463-SEP-Proyecto-2-Z8/full_hardware/vitis/full_hardware_sw/Debug/full_hardware_sw.elf' is downloaded to processor 'ps7_cortexa9_0'.
19:58:26 INFO  : Context for processor 'ps7_cortexa9_1' is selected.
19:58:26 INFO  : The application 'D:/proyectosep2/IEE2463-SEP-Proyecto-2-Z8/full_hardware/vitis/music_player_sw/Debug/music_player_sw.elf' is downloaded to processor 'ps7_cortexa9_1'.
19:58:26 INFO  : 'configparams force-mem-access 0' command is executed.
19:58:26 INFO  : ----------------XSDB Script----------------
connect -url tcp:127.0.0.1:3121
targets -set -nocase -filter {name =~"APU*"}
rst -system
after 3000
targets -set -filter {jtag_cable_name =~ "Digilent Zybo Z7 210351B3FC8DA" && level==0 && jtag_device_ctx=="jsn-Zybo Z7-210351B3FC8DA-13722093-0"}
fpga -file D:/proyectosep2/IEE2463-SEP-Proyecto-2-Z8/full_hardware/vitis/full_hardware_sw/_ide/bitstream/DEMO_wrapper.bit
targets -set -nocase -filter {name =~"APU*"}
loadhw -hw D:/proyectosep2/IEE2463-SEP-Proyecto-2-Z8/full_hardware/vitis/full_hardware_plt/export/full_hardware_plt/hw/DEMO_wrapper.xsa -mem-ranges [list {0x40000000 0xbfffffff}] -regs
configparams force-mem-access 1
targets -set -nocase -filter {name =~"APU*"}
source D:/proyectosep2/IEE2463-SEP-Proyecto-2-Z8/full_hardware/vitis/full_hardware_sw/_ide/psinit/ps7_init.tcl
ps7_init
ps7_post_config
targets -set -nocase -filter {name =~ "*A9*#0"}
dow D:/proyectosep2/IEE2463-SEP-Proyecto-2-Z8/full_hardware/vitis/full_hardware_sw/Debug/full_hardware_sw.elf
targets -set -nocase -filter {name =~ "*A9*#1"}
dow D:/proyectosep2/IEE2463-SEP-Proyecto-2-Z8/full_hardware/vitis/music_player_sw/Debug/music_player_sw.elf
configparams force-mem-access 0
----------------End of Script----------------

19:58:26 INFO  : Context for processor 'ps7_cortexa9_0' is selected.
19:58:26 INFO  : 'con' command is executed.
19:58:26 INFO  : Context for processor 'ps7_cortexa9_1' is selected.
19:58:26 INFO  : 'con' command is executed.
19:58:26 INFO  : ----------------XSDB Script (After Launch)----------------
targets -set -nocase -filter {name =~ "*A9*#0"}
con
targets -set -nocase -filter {name =~ "*A9*#1"}
con
----------------End of Script----------------

19:58:26 INFO  : Launch script is exported to file 'D:\proyectosep2\IEE2463-SEP-Proyecto-2-Z8\full_hardware\vitis\.sdk\launch_scripts\single_application_debug\systemdebugger_full_hardware_sw_system_standalone.tcl'
19:59:59 INFO  : Checking for BSP changes to sync application flags for project 'full_hardware_sw'...
20:00:00 INFO  : Checking for BSP changes to sync application flags for project 'music_player_sw'...
20:00:13 INFO  : Disconnected from the channel tcfchan#103.
20:00:13 INFO  : Connected to target on host '127.0.0.1' and port '3121'.
20:00:13 INFO  : Jtag cable 'Digilent Zybo Z7 210351B3FC8DA' is selected.
20:00:13 INFO  : 'jtag frequency' command is executed.
20:00:13 INFO  : Context for 'APU' is selected.
20:00:13 INFO  : System reset is completed.
20:00:16 INFO  : 'after 3000' command is executed.
20:00:16 INFO  : 'targets -set -filter {jtag_cable_name =~ "Digilent Zybo Z7 210351B3FC8DA" && level==0 && jtag_device_ctx=="jsn-Zybo Z7-210351B3FC8DA-13722093-0"}' command is executed.
20:00:17 INFO  : FPGA configured successfully with bitstream "D:/proyectosep2/IEE2463-SEP-Proyecto-2-Z8/full_hardware/vitis/full_hardware_sw/_ide/bitstream/DEMO_wrapper.bit"
20:00:17 INFO  : Context for 'APU' is selected.
20:00:17 INFO  : Hardware design and registers information is loaded from 'D:/proyectosep2/IEE2463-SEP-Proyecto-2-Z8/full_hardware/vitis/full_hardware_plt/export/full_hardware_plt/hw/DEMO_wrapper.xsa'.
20:00:17 INFO  : 'configparams force-mem-access 1' command is executed.
20:00:17 INFO  : Context for 'APU' is selected.
20:00:17 INFO  : Sourcing of 'D:/proyectosep2/IEE2463-SEP-Proyecto-2-Z8/full_hardware/vitis/full_hardware_sw/_ide/psinit/ps7_init.tcl' is done.
20:00:17 INFO  : 'ps7_init' command is executed.
20:00:17 INFO  : 'ps7_post_config' command is executed.
20:00:17 INFO  : Context for processor 'ps7_cortexa9_0' is selected.
20:00:18 INFO  : The application 'D:/proyectosep2/IEE2463-SEP-Proyecto-2-Z8/full_hardware/vitis/full_hardware_sw/Debug/full_hardware_sw.elf' is downloaded to processor 'ps7_cortexa9_0'.
20:00:18 INFO  : Context for processor 'ps7_cortexa9_1' is selected.
20:00:19 INFO  : The application 'D:/proyectosep2/IEE2463-SEP-Proyecto-2-Z8/full_hardware/vitis/music_player_sw/Debug/music_player_sw.elf' is downloaded to processor 'ps7_cortexa9_1'.
20:00:19 INFO  : 'configparams force-mem-access 0' command is executed.
20:00:19 INFO  : ----------------XSDB Script----------------
connect -url tcp:127.0.0.1:3121
targets -set -nocase -filter {name =~"APU*"}
rst -system
after 3000
targets -set -filter {jtag_cable_name =~ "Digilent Zybo Z7 210351B3FC8DA" && level==0 && jtag_device_ctx=="jsn-Zybo Z7-210351B3FC8DA-13722093-0"}
fpga -file D:/proyectosep2/IEE2463-SEP-Proyecto-2-Z8/full_hardware/vitis/full_hardware_sw/_ide/bitstream/DEMO_wrapper.bit
targets -set -nocase -filter {name =~"APU*"}
loadhw -hw D:/proyectosep2/IEE2463-SEP-Proyecto-2-Z8/full_hardware/vitis/full_hardware_plt/export/full_hardware_plt/hw/DEMO_wrapper.xsa -mem-ranges [list {0x40000000 0xbfffffff}] -regs
configparams force-mem-access 1
targets -set -nocase -filter {name =~"APU*"}
source D:/proyectosep2/IEE2463-SEP-Proyecto-2-Z8/full_hardware/vitis/full_hardware_sw/_ide/psinit/ps7_init.tcl
ps7_init
ps7_post_config
targets -set -nocase -filter {name =~ "*A9*#0"}
dow D:/proyectosep2/IEE2463-SEP-Proyecto-2-Z8/full_hardware/vitis/full_hardware_sw/Debug/full_hardware_sw.elf
targets -set -nocase -filter {name =~ "*A9*#1"}
dow D:/proyectosep2/IEE2463-SEP-Proyecto-2-Z8/full_hardware/vitis/music_player_sw/Debug/music_player_sw.elf
configparams force-mem-access 0
----------------End of Script----------------

20:00:19 INFO  : Context for processor 'ps7_cortexa9_0' is selected.
20:00:19 INFO  : 'con' command is executed.
20:00:19 INFO  : Context for processor 'ps7_cortexa9_1' is selected.
20:00:19 INFO  : 'con' command is executed.
20:00:19 INFO  : ----------------XSDB Script (After Launch)----------------
targets -set -nocase -filter {name =~ "*A9*#0"}
con
targets -set -nocase -filter {name =~ "*A9*#1"}
con
----------------End of Script----------------

20:00:19 INFO  : Launch script is exported to file 'D:\proyectosep2\IEE2463-SEP-Proyecto-2-Z8\full_hardware\vitis\.sdk\launch_scripts\single_application_debug\systemdebugger_full_hardware_sw_system_standalone.tcl'
20:00:49 INFO  : Disconnected from the channel tcfchan#105.
20:01:23 INFO  : Connected to target on host '127.0.0.1' and port '3121'.
20:01:23 INFO  : Jtag cable 'Digilent Zybo Z7 210351B3FC8DA' is selected.
20:01:23 INFO  : 'jtag frequency' command is executed.
20:01:23 INFO  : Context for 'APU' is selected.
20:01:23 INFO  : System reset is completed.
20:01:26 INFO  : 'after 3000' command is executed.
20:01:26 INFO  : 'targets -set -filter {jtag_cable_name =~ "Digilent Zybo Z7 210351B3FC8DA" && level==0 && jtag_device_ctx=="jsn-Zybo Z7-210351B3FC8DA-13722093-0"}' command is executed.
20:01:28 INFO  : FPGA configured successfully with bitstream "D:/proyectosep2/IEE2463-SEP-Proyecto-2-Z8/full_hardware/vitis/full_hardware_sw/_ide/bitstream/DEMO_wrapper.bit"
20:01:28 INFO  : Context for 'APU' is selected.
20:01:28 INFO  : Hardware design and registers information is loaded from 'D:/proyectosep2/IEE2463-SEP-Proyecto-2-Z8/full_hardware/vitis/full_hardware_plt/export/full_hardware_plt/hw/DEMO_wrapper.xsa'.
20:01:28 INFO  : 'configparams force-mem-access 1' command is executed.
20:01:28 INFO  : Context for 'APU' is selected.
20:01:28 INFO  : Sourcing of 'D:/proyectosep2/IEE2463-SEP-Proyecto-2-Z8/full_hardware/vitis/full_hardware_sw/_ide/psinit/ps7_init.tcl' is done.
20:01:28 INFO  : 'ps7_init' command is executed.
20:01:28 INFO  : 'ps7_post_config' command is executed.
20:01:28 INFO  : Context for processor 'ps7_cortexa9_0' is selected.
20:01:29 INFO  : The application 'D:/proyectosep2/IEE2463-SEP-Proyecto-2-Z8/full_hardware/vitis/full_hardware_sw/Debug/full_hardware_sw.elf' is downloaded to processor 'ps7_cortexa9_0'.
20:01:29 INFO  : Context for processor 'ps7_cortexa9_1' is selected.
20:01:30 INFO  : The application 'D:/proyectosep2/IEE2463-SEP-Proyecto-2-Z8/full_hardware/vitis/music_player_sw/Debug/music_player_sw.elf' is downloaded to processor 'ps7_cortexa9_1'.
20:01:30 INFO  : 'configparams force-mem-access 0' command is executed.
20:01:30 INFO  : ----------------XSDB Script----------------
connect -url tcp:127.0.0.1:3121
targets -set -nocase -filter {name =~"APU*"}
rst -system
after 3000
targets -set -filter {jtag_cable_name =~ "Digilent Zybo Z7 210351B3FC8DA" && level==0 && jtag_device_ctx=="jsn-Zybo Z7-210351B3FC8DA-13722093-0"}
fpga -file D:/proyectosep2/IEE2463-SEP-Proyecto-2-Z8/full_hardware/vitis/full_hardware_sw/_ide/bitstream/DEMO_wrapper.bit
targets -set -nocase -filter {name =~"APU*"}
loadhw -hw D:/proyectosep2/IEE2463-SEP-Proyecto-2-Z8/full_hardware/vitis/full_hardware_plt/export/full_hardware_plt/hw/DEMO_wrapper.xsa -mem-ranges [list {0x40000000 0xbfffffff}] -regs
configparams force-mem-access 1
targets -set -nocase -filter {name =~"APU*"}
source D:/proyectosep2/IEE2463-SEP-Proyecto-2-Z8/full_hardware/vitis/full_hardware_sw/_ide/psinit/ps7_init.tcl
ps7_init
ps7_post_config
targets -set -nocase -filter {name =~ "*A9*#0"}
dow D:/proyectosep2/IEE2463-SEP-Proyecto-2-Z8/full_hardware/vitis/full_hardware_sw/Debug/full_hardware_sw.elf
targets -set -nocase -filter {name =~ "*A9*#1"}
dow D:/proyectosep2/IEE2463-SEP-Proyecto-2-Z8/full_hardware/vitis/music_player_sw/Debug/music_player_sw.elf
configparams force-mem-access 0
----------------End of Script----------------

20:01:30 INFO  : Context for processor 'ps7_cortexa9_0' is selected.
20:01:30 INFO  : 'con' command is executed.
20:01:30 INFO  : Context for processor 'ps7_cortexa9_1' is selected.
20:01:30 INFO  : 'con' command is executed.
20:01:30 INFO  : ----------------XSDB Script (After Launch)----------------
targets -set -nocase -filter {name =~ "*A9*#0"}
con
targets -set -nocase -filter {name =~ "*A9*#1"}
con
----------------End of Script----------------

20:01:30 INFO  : Launch script is exported to file 'D:\proyectosep2\IEE2463-SEP-Proyecto-2-Z8\full_hardware\vitis\.sdk\launch_scripts\single_application_debug\systemdebugger_full_hardware_sw_system_standalone.tcl'
20:01:54 INFO  : Disconnected from the channel tcfchan#106.
20:02:13 INFO  : Connected to target on host '127.0.0.1' and port '3121'.
20:02:14 INFO  : Jtag cable 'Digilent Zybo Z7 210351B3FC8DA' is selected.
20:02:14 INFO  : 'jtag frequency' command is executed.
20:02:14 INFO  : Context for 'APU' is selected.
20:02:14 INFO  : System reset is completed.
20:02:17 INFO  : 'after 3000' command is executed.
20:02:17 INFO  : 'targets -set -filter {jtag_cable_name =~ "Digilent Zybo Z7 210351B3FC8DA" && level==0 && jtag_device_ctx=="jsn-Zybo Z7-210351B3FC8DA-13722093-0"}' command is executed.
20:02:18 INFO  : FPGA configured successfully with bitstream "D:/proyectosep2/IEE2463-SEP-Proyecto-2-Z8/full_hardware/vitis/full_hardware_sw/_ide/bitstream/DEMO_wrapper.bit"
20:02:19 INFO  : Context for 'APU' is selected.
20:02:19 INFO  : Hardware design and registers information is loaded from 'D:/proyectosep2/IEE2463-SEP-Proyecto-2-Z8/full_hardware/vitis/full_hardware_plt/export/full_hardware_plt/hw/DEMO_wrapper.xsa'.
20:02:19 INFO  : 'configparams force-mem-access 1' command is executed.
20:02:19 INFO  : Context for 'APU' is selected.
20:02:19 INFO  : Sourcing of 'D:/proyectosep2/IEE2463-SEP-Proyecto-2-Z8/full_hardware/vitis/full_hardware_sw/_ide/psinit/ps7_init.tcl' is done.
20:02:19 INFO  : 'ps7_init' command is executed.
20:02:19 INFO  : 'ps7_post_config' command is executed.
20:02:19 INFO  : Context for processor 'ps7_cortexa9_0' is selected.
20:02:20 INFO  : The application 'D:/proyectosep2/IEE2463-SEP-Proyecto-2-Z8/full_hardware/vitis/full_hardware_sw/Debug/full_hardware_sw.elf' is downloaded to processor 'ps7_cortexa9_0'.
20:02:20 INFO  : 'configparams force-mem-access 0' command is executed.
20:02:20 INFO  : ----------------XSDB Script----------------
connect -url tcp:127.0.0.1:3121
targets -set -nocase -filter {name =~"APU*"}
rst -system
after 3000
targets -set -filter {jtag_cable_name =~ "Digilent Zybo Z7 210351B3FC8DA" && level==0 && jtag_device_ctx=="jsn-Zybo Z7-210351B3FC8DA-13722093-0"}
fpga -file D:/proyectosep2/IEE2463-SEP-Proyecto-2-Z8/full_hardware/vitis/full_hardware_sw/_ide/bitstream/DEMO_wrapper.bit
targets -set -nocase -filter {name =~"APU*"}
loadhw -hw D:/proyectosep2/IEE2463-SEP-Proyecto-2-Z8/full_hardware/vitis/full_hardware_plt/export/full_hardware_plt/hw/DEMO_wrapper.xsa -mem-ranges [list {0x40000000 0xbfffffff}] -regs
configparams force-mem-access 1
targets -set -nocase -filter {name =~"APU*"}
source D:/proyectosep2/IEE2463-SEP-Proyecto-2-Z8/full_hardware/vitis/full_hardware_sw/_ide/psinit/ps7_init.tcl
ps7_init
ps7_post_config
targets -set -nocase -filter {name =~ "*A9*#0"}
dow D:/proyectosep2/IEE2463-SEP-Proyecto-2-Z8/full_hardware/vitis/full_hardware_sw/Debug/full_hardware_sw.elf
configparams force-mem-access 0
----------------End of Script----------------

20:02:20 INFO  : Context for processor 'ps7_cortexa9_0' is selected.
20:02:20 INFO  : 'con' command is executed.
20:02:20 INFO  : ----------------XSDB Script (After Launch)----------------
targets -set -nocase -filter {name =~ "*A9*#0"}
con
----------------End of Script----------------

20:02:20 INFO  : Launch script is exported to file 'D:\proyectosep2\IEE2463-SEP-Proyecto-2-Z8\full_hardware\vitis\.sdk\launch_scripts\single_application_debug\debugger_full_hardware_sw-default.tcl'
20:04:35 INFO  : Disconnected from the channel tcfchan#107.
20:04:36 INFO  : Connected to target on host '127.0.0.1' and port '3121'.
20:04:54 INFO  : ----------------XSDB Script----------------
connect -url tcp:127.0.0.1:3121
----------------End of Script----------------

20:04:54 ERROR : Could not find ARM device on the board for connection 'Local'.
Check if the target is in:
1. Split JTAG - No operations are possible with ARM DAP.
2. Non JTAG bootmode - Bootrom may need time to enable DAP.
Please try again.


Troubleshooting hints:
1. Check whether board is connected to system properly.
2. In case of zynq board, check whether Digilent/Xilinx cable switch settings are correct.
3. If you are using Xilinx Platform Cable USB, ensure that status LED is green.
20:05:00 INFO  : Connected to target on host '127.0.0.1' and port '3121'.
20:05:00 INFO  : Jtag cable 'Digilent Zybo Z7 210351B3FC8DA' is selected.
20:05:00 INFO  : 'jtag frequency' command is executed.
20:05:01 INFO  : Context for 'APU' is selected.
20:05:01 INFO  : System reset is completed.
20:05:04 INFO  : 'after 3000' command is executed.
20:05:04 INFO  : 'targets -set -filter {jtag_cable_name =~ "Digilent Zybo Z7 210351B3FC8DA" && level==0 && jtag_device_ctx=="jsn-Zybo Z7-210351B3FC8DA-13722093-0"}' command is executed.
20:05:05 INFO  : FPGA configured successfully with bitstream "D:/proyectosep2/IEE2463-SEP-Proyecto-2-Z8/full_hardware/vitis/full_hardware_sw/_ide/bitstream/DEMO_wrapper.bit"
20:05:05 INFO  : Context for 'APU' is selected.
20:05:05 INFO  : Hardware design and registers information is loaded from 'D:/proyectosep2/IEE2463-SEP-Proyecto-2-Z8/full_hardware/vitis/full_hardware_plt/export/full_hardware_plt/hw/DEMO_wrapper.xsa'.
20:05:05 INFO  : 'configparams force-mem-access 1' command is executed.
20:05:05 INFO  : Context for 'APU' is selected.
20:05:05 INFO  : Sourcing of 'D:/proyectosep2/IEE2463-SEP-Proyecto-2-Z8/full_hardware/vitis/full_hardware_sw/_ide/psinit/ps7_init.tcl' is done.
20:05:05 INFO  : 'ps7_init' command is executed.
20:05:05 INFO  : 'ps7_post_config' command is executed.
20:05:05 INFO  : Context for processor 'ps7_cortexa9_0' is selected.
20:05:06 INFO  : The application 'D:/proyectosep2/IEE2463-SEP-Proyecto-2-Z8/full_hardware/vitis/full_hardware_sw/Debug/full_hardware_sw.elf' is downloaded to processor 'ps7_cortexa9_0'.
20:05:06 INFO  : 'configparams force-mem-access 0' command is executed.
20:05:06 INFO  : ----------------XSDB Script----------------
connect -url tcp:127.0.0.1:3121
targets -set -nocase -filter {name =~"APU*"}
rst -system
after 3000
targets -set -filter {jtag_cable_name =~ "Digilent Zybo Z7 210351B3FC8DA" && level==0 && jtag_device_ctx=="jsn-Zybo Z7-210351B3FC8DA-13722093-0"}
fpga -file D:/proyectosep2/IEE2463-SEP-Proyecto-2-Z8/full_hardware/vitis/full_hardware_sw/_ide/bitstream/DEMO_wrapper.bit
targets -set -nocase -filter {name =~"APU*"}
loadhw -hw D:/proyectosep2/IEE2463-SEP-Proyecto-2-Z8/full_hardware/vitis/full_hardware_plt/export/full_hardware_plt/hw/DEMO_wrapper.xsa -mem-ranges [list {0x40000000 0xbfffffff}] -regs
configparams force-mem-access 1
targets -set -nocase -filter {name =~"APU*"}
source D:/proyectosep2/IEE2463-SEP-Proyecto-2-Z8/full_hardware/vitis/full_hardware_sw/_ide/psinit/ps7_init.tcl
ps7_init
ps7_post_config
targets -set -nocase -filter {name =~ "*A9*#0"}
dow D:/proyectosep2/IEE2463-SEP-Proyecto-2-Z8/full_hardware/vitis/full_hardware_sw/Debug/full_hardware_sw.elf
configparams force-mem-access 0
----------------End of Script----------------

20:05:06 INFO  : Context for processor 'ps7_cortexa9_0' is selected.
20:05:06 INFO  : 'con' command is executed.
20:05:06 INFO  : ----------------XSDB Script (After Launch)----------------
targets -set -nocase -filter {name =~ "*A9*#0"}
con
----------------End of Script----------------

20:05:06 INFO  : Launch script is exported to file 'D:\proyectosep2\IEE2463-SEP-Proyecto-2-Z8\full_hardware\vitis\.sdk\launch_scripts\single_application_debug\debugger_full_hardware_sw-default.tcl'
20:06:41 INFO  : Checking for BSP changes to sync application flags for project 'full_hardware_sw'...
20:06:42 INFO  : Checking for BSP changes to sync application flags for project 'music_player_sw'...
20:07:10 INFO  : Disconnected from the channel tcfchan#108.
20:07:11 INFO  : Connected to target on host '127.0.0.1' and port '3121'.
20:07:14 INFO  : Jtag cable 'Digilent Zybo Z7 210351B3FC8DA' is selected.
20:07:14 INFO  : 'jtag frequency' command is executed.
20:07:14 INFO  : Context for 'APU' is selected.
20:07:14 INFO  : System reset is completed.
20:07:17 INFO  : 'after 3000' command is executed.
20:07:17 INFO  : 'targets -set -filter {jtag_cable_name =~ "Digilent Zybo Z7 210351B3FC8DA" && level==0 && jtag_device_ctx=="jsn-Zybo Z7-210351B3FC8DA-13722093-0"}' command is executed.
20:07:19 INFO  : FPGA configured successfully with bitstream "D:/proyectosep2/IEE2463-SEP-Proyecto-2-Z8/full_hardware/vitis/full_hardware_sw/_ide/bitstream/DEMO_wrapper.bit"
20:07:19 INFO  : Context for 'APU' is selected.
20:07:19 INFO  : Hardware design and registers information is loaded from 'D:/proyectosep2/IEE2463-SEP-Proyecto-2-Z8/full_hardware/vitis/full_hardware_plt/export/full_hardware_plt/hw/DEMO_wrapper.xsa'.
20:07:19 INFO  : 'configparams force-mem-access 1' command is executed.
20:07:19 INFO  : Context for 'APU' is selected.
20:07:19 INFO  : Sourcing of 'D:/proyectosep2/IEE2463-SEP-Proyecto-2-Z8/full_hardware/vitis/full_hardware_sw/_ide/psinit/ps7_init.tcl' is done.
20:07:19 INFO  : 'ps7_init' command is executed.
20:07:19 INFO  : 'ps7_post_config' command is executed.
20:07:19 INFO  : Context for processor 'ps7_cortexa9_0' is selected.
20:07:20 INFO  : The application 'D:/proyectosep2/IEE2463-SEP-Proyecto-2-Z8/full_hardware/vitis/full_hardware_sw/Debug/full_hardware_sw.elf' is downloaded to processor 'ps7_cortexa9_0'.
20:07:20 INFO  : 'configparams force-mem-access 0' command is executed.
20:07:20 INFO  : ----------------XSDB Script----------------
connect -url tcp:127.0.0.1:3121
targets -set -nocase -filter {name =~"APU*"}
rst -system
after 3000
targets -set -filter {jtag_cable_name =~ "Digilent Zybo Z7 210351B3FC8DA" && level==0 && jtag_device_ctx=="jsn-Zybo Z7-210351B3FC8DA-13722093-0"}
fpga -file D:/proyectosep2/IEE2463-SEP-Proyecto-2-Z8/full_hardware/vitis/full_hardware_sw/_ide/bitstream/DEMO_wrapper.bit
targets -set -nocase -filter {name =~"APU*"}
loadhw -hw D:/proyectosep2/IEE2463-SEP-Proyecto-2-Z8/full_hardware/vitis/full_hardware_plt/export/full_hardware_plt/hw/DEMO_wrapper.xsa -mem-ranges [list {0x40000000 0xbfffffff}] -regs
configparams force-mem-access 1
targets -set -nocase -filter {name =~"APU*"}
source D:/proyectosep2/IEE2463-SEP-Proyecto-2-Z8/full_hardware/vitis/full_hardware_sw/_ide/psinit/ps7_init.tcl
ps7_init
ps7_post_config
targets -set -nocase -filter {name =~ "*A9*#0"}
dow D:/proyectosep2/IEE2463-SEP-Proyecto-2-Z8/full_hardware/vitis/full_hardware_sw/Debug/full_hardware_sw.elf
configparams force-mem-access 0
----------------End of Script----------------

20:07:20 INFO  : Context for processor 'ps7_cortexa9_0' is selected.
20:07:20 INFO  : 'con' command is executed.
20:07:20 INFO  : ----------------XSDB Script (After Launch)----------------
targets -set -nocase -filter {name =~ "*A9*#0"}
con
----------------End of Script----------------

20:07:20 INFO  : Launch script is exported to file 'D:\proyectosep2\IEE2463-SEP-Proyecto-2-Z8\full_hardware\vitis\.sdk\launch_scripts\single_application_debug\debugger_full_hardware_sw-default.tcl'
20:09:35 INFO  : Disconnected from the channel tcfchan#110.
20:09:36 INFO  : Connected to target on host '127.0.0.1' and port '3121'.
20:09:37 INFO  : Jtag cable 'Digilent Zybo Z7 210351B3FC8DA' is selected.
20:09:37 INFO  : 'jtag frequency' command is executed.
20:09:37 INFO  : Context for 'APU' is selected.
20:09:37 INFO  : System reset is completed.
20:09:40 INFO  : 'after 3000' command is executed.
20:09:40 INFO  : 'targets -set -filter {jtag_cable_name =~ "Digilent Zybo Z7 210351B3FC8DA" && level==0 && jtag_device_ctx=="jsn-Zybo Z7-210351B3FC8DA-13722093-0"}' command is executed.
20:09:42 INFO  : FPGA configured successfully with bitstream "D:/proyectosep2/IEE2463-SEP-Proyecto-2-Z8/full_hardware/vitis/full_hardware_sw/_ide/bitstream/DEMO_wrapper.bit"
20:09:42 INFO  : Context for 'APU' is selected.
20:09:42 INFO  : Hardware design and registers information is loaded from 'D:/proyectosep2/IEE2463-SEP-Proyecto-2-Z8/full_hardware/vitis/full_hardware_plt/export/full_hardware_plt/hw/DEMO_wrapper.xsa'.
20:09:42 INFO  : 'configparams force-mem-access 1' command is executed.
20:09:42 INFO  : Context for 'APU' is selected.
20:09:42 INFO  : Sourcing of 'D:/proyectosep2/IEE2463-SEP-Proyecto-2-Z8/full_hardware/vitis/full_hardware_sw/_ide/psinit/ps7_init.tcl' is done.
20:09:42 INFO  : 'ps7_init' command is executed.
20:09:42 INFO  : 'ps7_post_config' command is executed.
20:09:42 INFO  : Context for processor 'ps7_cortexa9_0' is selected.
20:09:43 INFO  : The application 'D:/proyectosep2/IEE2463-SEP-Proyecto-2-Z8/full_hardware/vitis/full_hardware_sw/Debug/full_hardware_sw.elf' is downloaded to processor 'ps7_cortexa9_0'.
20:09:43 INFO  : 'configparams force-mem-access 0' command is executed.
20:09:43 INFO  : ----------------XSDB Script----------------
connect -url tcp:127.0.0.1:3121
targets -set -nocase -filter {name =~"APU*"}
rst -system
after 3000
targets -set -filter {jtag_cable_name =~ "Digilent Zybo Z7 210351B3FC8DA" && level==0 && jtag_device_ctx=="jsn-Zybo Z7-210351B3FC8DA-13722093-0"}
fpga -file D:/proyectosep2/IEE2463-SEP-Proyecto-2-Z8/full_hardware/vitis/full_hardware_sw/_ide/bitstream/DEMO_wrapper.bit
targets -set -nocase -filter {name =~"APU*"}
loadhw -hw D:/proyectosep2/IEE2463-SEP-Proyecto-2-Z8/full_hardware/vitis/full_hardware_plt/export/full_hardware_plt/hw/DEMO_wrapper.xsa -mem-ranges [list {0x40000000 0xbfffffff}] -regs
configparams force-mem-access 1
targets -set -nocase -filter {name =~"APU*"}
source D:/proyectosep2/IEE2463-SEP-Proyecto-2-Z8/full_hardware/vitis/full_hardware_sw/_ide/psinit/ps7_init.tcl
ps7_init
ps7_post_config
targets -set -nocase -filter {name =~ "*A9*#0"}
dow D:/proyectosep2/IEE2463-SEP-Proyecto-2-Z8/full_hardware/vitis/full_hardware_sw/Debug/full_hardware_sw.elf
configparams force-mem-access 0
----------------End of Script----------------

20:09:43 INFO  : Context for processor 'ps7_cortexa9_0' is selected.
20:09:43 INFO  : 'con' command is executed.
20:09:43 INFO  : ----------------XSDB Script (After Launch)----------------
targets -set -nocase -filter {name =~ "*A9*#0"}
con
----------------End of Script----------------

20:09:43 INFO  : Launch script is exported to file 'D:\proyectosep2\IEE2463-SEP-Proyecto-2-Z8\full_hardware\vitis\.sdk\launch_scripts\single_application_debug\debugger_full_hardware_sw-default.tcl'
20:12:44 INFO  : Disconnected from the channel tcfchan#111.
20:12:45 INFO  : Connected to target on host '127.0.0.1' and port '3121'.
20:12:46 INFO  : Jtag cable 'Digilent Zybo Z7 210351B3FC8DA' is selected.
20:12:46 INFO  : 'jtag frequency' command is executed.
20:12:46 INFO  : Context for 'APU' is selected.
20:12:46 INFO  : System reset is completed.
20:12:49 INFO  : 'after 3000' command is executed.
20:12:49 INFO  : 'targets -set -filter {jtag_cable_name =~ "Digilent Zybo Z7 210351B3FC8DA" && level==0 && jtag_device_ctx=="jsn-Zybo Z7-210351B3FC8DA-13722093-0"}' command is executed.
20:12:50 INFO  : FPGA configured successfully with bitstream "D:/proyectosep2/IEE2463-SEP-Proyecto-2-Z8/full_hardware/vitis/full_hardware_sw/_ide/bitstream/DEMO_wrapper.bit"
20:12:50 INFO  : Context for 'APU' is selected.
20:12:50 INFO  : Hardware design and registers information is loaded from 'D:/proyectosep2/IEE2463-SEP-Proyecto-2-Z8/full_hardware/vitis/full_hardware_plt/export/full_hardware_plt/hw/DEMO_wrapper.xsa'.
20:12:50 INFO  : 'configparams force-mem-access 1' command is executed.
20:12:50 INFO  : Context for 'APU' is selected.
20:12:50 INFO  : Sourcing of 'D:/proyectosep2/IEE2463-SEP-Proyecto-2-Z8/full_hardware/vitis/full_hardware_sw/_ide/psinit/ps7_init.tcl' is done.
20:12:50 INFO  : 'ps7_init' command is executed.
20:12:50 INFO  : 'ps7_post_config' command is executed.
20:12:50 INFO  : Context for processor 'ps7_cortexa9_0' is selected.
20:12:51 INFO  : The application 'D:/proyectosep2/IEE2463-SEP-Proyecto-2-Z8/full_hardware/vitis/full_hardware_sw/Debug/full_hardware_sw.elf' is downloaded to processor 'ps7_cortexa9_0'.
20:12:51 INFO  : Context for processor 'ps7_cortexa9_1' is selected.
20:12:52 INFO  : The application 'D:/proyectosep2/IEE2463-SEP-Proyecto-2-Z8/full_hardware/vitis/music_player_sw/Debug/music_player_sw.elf' is downloaded to processor 'ps7_cortexa9_1'.
20:12:52 INFO  : 'configparams force-mem-access 0' command is executed.
20:12:52 INFO  : ----------------XSDB Script----------------
connect -url tcp:127.0.0.1:3121
targets -set -nocase -filter {name =~"APU*"}
rst -system
after 3000
targets -set -filter {jtag_cable_name =~ "Digilent Zybo Z7 210351B3FC8DA" && level==0 && jtag_device_ctx=="jsn-Zybo Z7-210351B3FC8DA-13722093-0"}
fpga -file D:/proyectosep2/IEE2463-SEP-Proyecto-2-Z8/full_hardware/vitis/full_hardware_sw/_ide/bitstream/DEMO_wrapper.bit
targets -set -nocase -filter {name =~"APU*"}
loadhw -hw D:/proyectosep2/IEE2463-SEP-Proyecto-2-Z8/full_hardware/vitis/full_hardware_plt/export/full_hardware_plt/hw/DEMO_wrapper.xsa -mem-ranges [list {0x40000000 0xbfffffff}] -regs
configparams force-mem-access 1
targets -set -nocase -filter {name =~"APU*"}
source D:/proyectosep2/IEE2463-SEP-Proyecto-2-Z8/full_hardware/vitis/full_hardware_sw/_ide/psinit/ps7_init.tcl
ps7_init
ps7_post_config
targets -set -nocase -filter {name =~ "*A9*#0"}
dow D:/proyectosep2/IEE2463-SEP-Proyecto-2-Z8/full_hardware/vitis/full_hardware_sw/Debug/full_hardware_sw.elf
targets -set -nocase -filter {name =~ "*A9*#1"}
dow D:/proyectosep2/IEE2463-SEP-Proyecto-2-Z8/full_hardware/vitis/music_player_sw/Debug/music_player_sw.elf
configparams force-mem-access 0
----------------End of Script----------------

20:12:52 INFO  : Context for processor 'ps7_cortexa9_0' is selected.
20:12:52 INFO  : 'con' command is executed.
20:12:52 INFO  : Context for processor 'ps7_cortexa9_1' is selected.
20:12:52 INFO  : 'con' command is executed.
20:12:52 INFO  : ----------------XSDB Script (After Launch)----------------
targets -set -nocase -filter {name =~ "*A9*#0"}
con
targets -set -nocase -filter {name =~ "*A9*#1"}
con
----------------End of Script----------------

20:12:52 INFO  : Launch script is exported to file 'D:\proyectosep2\IEE2463-SEP-Proyecto-2-Z8\full_hardware\vitis\.sdk\launch_scripts\single_application_debug\systemdebugger_full_hardware_sw_system_standalone.tcl'
20:14:56 INFO  : Disconnected from the channel tcfchan#112.
20:14:56 INFO  : Connected to target on host '127.0.0.1' and port '3121'.
20:14:57 INFO  : Jtag cable 'Digilent Zybo Z7 210351B3FC8DA' is selected.
20:14:57 INFO  : 'jtag frequency' command is executed.
20:14:57 INFO  : Context for 'APU' is selected.
20:14:57 INFO  : System reset is completed.
20:15:00 INFO  : 'after 3000' command is executed.
20:15:00 INFO  : 'targets -set -filter {jtag_cable_name =~ "Digilent Zybo Z7 210351B3FC8DA" && level==0 && jtag_device_ctx=="jsn-Zybo Z7-210351B3FC8DA-13722093-0"}' command is executed.
20:15:01 INFO  : FPGA configured successfully with bitstream "D:/proyectosep2/IEE2463-SEP-Proyecto-2-Z8/full_hardware/vitis/full_hardware_sw/_ide/bitstream/DEMO_wrapper.bit"
20:15:01 INFO  : Context for 'APU' is selected.
20:15:01 INFO  : Hardware design and registers information is loaded from 'D:/proyectosep2/IEE2463-SEP-Proyecto-2-Z8/full_hardware/vitis/full_hardware_plt/export/full_hardware_plt/hw/DEMO_wrapper.xsa'.
20:15:01 INFO  : 'configparams force-mem-access 1' command is executed.
20:15:01 INFO  : Context for 'APU' is selected.
20:15:01 INFO  : Sourcing of 'D:/proyectosep2/IEE2463-SEP-Proyecto-2-Z8/full_hardware/vitis/full_hardware_sw/_ide/psinit/ps7_init.tcl' is done.
20:15:02 INFO  : 'ps7_init' command is executed.
20:15:02 INFO  : 'ps7_post_config' command is executed.
20:15:02 INFO  : Context for processor 'ps7_cortexa9_0' is selected.
20:15:02 INFO  : The application 'D:/proyectosep2/IEE2463-SEP-Proyecto-2-Z8/full_hardware/vitis/full_hardware_sw/Debug/full_hardware_sw.elf' is downloaded to processor 'ps7_cortexa9_0'.
20:15:02 INFO  : Context for processor 'ps7_cortexa9_1' is selected.
20:15:03 INFO  : The application 'D:/proyectosep2/IEE2463-SEP-Proyecto-2-Z8/full_hardware/vitis/music_player_sw/Debug/music_player_sw.elf' is downloaded to processor 'ps7_cortexa9_1'.
20:15:03 INFO  : 'configparams force-mem-access 0' command is executed.
20:15:03 INFO  : ----------------XSDB Script----------------
connect -url tcp:127.0.0.1:3121
targets -set -nocase -filter {name =~"APU*"}
rst -system
after 3000
targets -set -filter {jtag_cable_name =~ "Digilent Zybo Z7 210351B3FC8DA" && level==0 && jtag_device_ctx=="jsn-Zybo Z7-210351B3FC8DA-13722093-0"}
fpga -file D:/proyectosep2/IEE2463-SEP-Proyecto-2-Z8/full_hardware/vitis/full_hardware_sw/_ide/bitstream/DEMO_wrapper.bit
targets -set -nocase -filter {name =~"APU*"}
loadhw -hw D:/proyectosep2/IEE2463-SEP-Proyecto-2-Z8/full_hardware/vitis/full_hardware_plt/export/full_hardware_plt/hw/DEMO_wrapper.xsa -mem-ranges [list {0x40000000 0xbfffffff}] -regs
configparams force-mem-access 1
targets -set -nocase -filter {name =~"APU*"}
source D:/proyectosep2/IEE2463-SEP-Proyecto-2-Z8/full_hardware/vitis/full_hardware_sw/_ide/psinit/ps7_init.tcl
ps7_init
ps7_post_config
targets -set -nocase -filter {name =~ "*A9*#0"}
dow D:/proyectosep2/IEE2463-SEP-Proyecto-2-Z8/full_hardware/vitis/full_hardware_sw/Debug/full_hardware_sw.elf
targets -set -nocase -filter {name =~ "*A9*#1"}
dow D:/proyectosep2/IEE2463-SEP-Proyecto-2-Z8/full_hardware/vitis/music_player_sw/Debug/music_player_sw.elf
configparams force-mem-access 0
----------------End of Script----------------

20:15:03 INFO  : Context for processor 'ps7_cortexa9_0' is selected.
20:15:03 INFO  : 'con' command is executed.
20:15:03 INFO  : Context for processor 'ps7_cortexa9_1' is selected.
20:15:03 INFO  : 'con' command is executed.
20:15:03 INFO  : ----------------XSDB Script (After Launch)----------------
targets -set -nocase -filter {name =~ "*A9*#0"}
con
targets -set -nocase -filter {name =~ "*A9*#1"}
con
----------------End of Script----------------

20:15:03 INFO  : Launch script is exported to file 'D:\proyectosep2\IEE2463-SEP-Proyecto-2-Z8\full_hardware\vitis\.sdk\launch_scripts\single_application_debug\systemdebugger_full_hardware_sw_system_standalone.tcl'
20:16:51 INFO  : Disconnected from the channel tcfchan#113.
20:16:51 INFO  : Connected to target on host '127.0.0.1' and port '3121'.
20:16:51 INFO  : Jtag cable 'Digilent Zybo Z7 210351B3FC8DA' is selected.
20:16:51 INFO  : 'jtag frequency' command is executed.
20:16:51 INFO  : Context for 'APU' is selected.
20:16:51 INFO  : System reset is completed.
20:16:54 INFO  : 'after 3000' command is executed.
20:16:54 INFO  : 'targets -set -filter {jtag_cable_name =~ "Digilent Zybo Z7 210351B3FC8DA" && level==0 && jtag_device_ctx=="jsn-Zybo Z7-210351B3FC8DA-13722093-0"}' command is executed.
20:16:56 INFO  : FPGA configured successfully with bitstream "D:/proyectosep2/IEE2463-SEP-Proyecto-2-Z8/full_hardware/vitis/full_hardware_sw/_ide/bitstream/DEMO_wrapper.bit"
20:16:56 INFO  : Context for 'APU' is selected.
20:16:56 INFO  : Hardware design and registers information is loaded from 'D:/proyectosep2/IEE2463-SEP-Proyecto-2-Z8/full_hardware/vitis/full_hardware_plt/export/full_hardware_plt/hw/DEMO_wrapper.xsa'.
20:16:56 INFO  : 'configparams force-mem-access 1' command is executed.
20:16:56 INFO  : Context for 'APU' is selected.
20:16:56 INFO  : Sourcing of 'D:/proyectosep2/IEE2463-SEP-Proyecto-2-Z8/full_hardware/vitis/full_hardware_sw/_ide/psinit/ps7_init.tcl' is done.
20:16:56 INFO  : 'ps7_init' command is executed.
20:16:56 INFO  : 'ps7_post_config' command is executed.
20:16:56 INFO  : Context for processor 'ps7_cortexa9_0' is selected.
20:16:57 INFO  : The application 'D:/proyectosep2/IEE2463-SEP-Proyecto-2-Z8/full_hardware/vitis/full_hardware_sw/Debug/full_hardware_sw.elf' is downloaded to processor 'ps7_cortexa9_0'.
20:16:57 INFO  : Context for processor 'ps7_cortexa9_1' is selected.
20:16:57 INFO  : The application 'D:/proyectosep2/IEE2463-SEP-Proyecto-2-Z8/full_hardware/vitis/music_player_sw/Debug/music_player_sw.elf' is downloaded to processor 'ps7_cortexa9_1'.
20:16:57 INFO  : 'configparams force-mem-access 0' command is executed.
20:16:57 INFO  : ----------------XSDB Script----------------
connect -url tcp:127.0.0.1:3121
targets -set -nocase -filter {name =~"APU*"}
rst -system
after 3000
targets -set -filter {jtag_cable_name =~ "Digilent Zybo Z7 210351B3FC8DA" && level==0 && jtag_device_ctx=="jsn-Zybo Z7-210351B3FC8DA-13722093-0"}
fpga -file D:/proyectosep2/IEE2463-SEP-Proyecto-2-Z8/full_hardware/vitis/full_hardware_sw/_ide/bitstream/DEMO_wrapper.bit
targets -set -nocase -filter {name =~"APU*"}
loadhw -hw D:/proyectosep2/IEE2463-SEP-Proyecto-2-Z8/full_hardware/vitis/full_hardware_plt/export/full_hardware_plt/hw/DEMO_wrapper.xsa -mem-ranges [list {0x40000000 0xbfffffff}] -regs
configparams force-mem-access 1
targets -set -nocase -filter {name =~"APU*"}
source D:/proyectosep2/IEE2463-SEP-Proyecto-2-Z8/full_hardware/vitis/full_hardware_sw/_ide/psinit/ps7_init.tcl
ps7_init
ps7_post_config
targets -set -nocase -filter {name =~ "*A9*#0"}
dow D:/proyectosep2/IEE2463-SEP-Proyecto-2-Z8/full_hardware/vitis/full_hardware_sw/Debug/full_hardware_sw.elf
targets -set -nocase -filter {name =~ "*A9*#1"}
dow D:/proyectosep2/IEE2463-SEP-Proyecto-2-Z8/full_hardware/vitis/music_player_sw/Debug/music_player_sw.elf
configparams force-mem-access 0
----------------End of Script----------------

20:16:58 INFO  : Context for processor 'ps7_cortexa9_0' is selected.
20:16:58 INFO  : 'con' command is executed.
20:16:58 INFO  : Context for processor 'ps7_cortexa9_1' is selected.
20:16:58 INFO  : 'con' command is executed.
20:16:58 INFO  : ----------------XSDB Script (After Launch)----------------
targets -set -nocase -filter {name =~ "*A9*#0"}
con
targets -set -nocase -filter {name =~ "*A9*#1"}
con
----------------End of Script----------------

20:16:58 INFO  : Launch script is exported to file 'D:\proyectosep2\IEE2463-SEP-Proyecto-2-Z8\full_hardware\vitis\.sdk\launch_scripts\single_application_debug\systemdebugger_full_hardware_sw_system_standalone.tcl'
20:17:26 INFO  : Disconnected from the channel tcfchan#114.
20:17:41 INFO  : Connected to target on host '127.0.0.1' and port '3121'.
20:17:42 INFO  : Jtag cable 'Digilent Zybo Z7 210351B3FC8DA' is selected.
20:17:42 INFO  : 'jtag frequency' command is executed.
20:17:42 INFO  : Context for 'APU' is selected.
20:17:42 INFO  : System reset is completed.
20:17:45 INFO  : 'after 3000' command is executed.
20:17:45 INFO  : 'targets -set -filter {jtag_cable_name =~ "Digilent Zybo Z7 210351B3FC8DA" && level==0 && jtag_device_ctx=="jsn-Zybo Z7-210351B3FC8DA-13722093-0"}' command is executed.
20:17:46 INFO  : FPGA configured successfully with bitstream "D:/proyectosep2/IEE2463-SEP-Proyecto-2-Z8/full_hardware/vitis/full_hardware_sw/_ide/bitstream/DEMO_wrapper.bit"
20:17:46 INFO  : Context for 'APU' is selected.
20:17:46 INFO  : Hardware design and registers information is loaded from 'D:/proyectosep2/IEE2463-SEP-Proyecto-2-Z8/full_hardware/vitis/full_hardware_plt/export/full_hardware_plt/hw/DEMO_wrapper.xsa'.
20:17:46 INFO  : 'configparams force-mem-access 1' command is executed.
20:17:46 INFO  : Context for 'APU' is selected.
20:17:46 INFO  : Sourcing of 'D:/proyectosep2/IEE2463-SEP-Proyecto-2-Z8/full_hardware/vitis/full_hardware_sw/_ide/psinit/ps7_init.tcl' is done.
20:17:46 INFO  : 'ps7_init' command is executed.
20:17:46 INFO  : 'ps7_post_config' command is executed.
20:17:46 INFO  : Context for processor 'ps7_cortexa9_0' is selected.
20:17:47 INFO  : The application 'D:/proyectosep2/IEE2463-SEP-Proyecto-2-Z8/full_hardware/vitis/full_hardware_sw/Debug/full_hardware_sw.elf' is downloaded to processor 'ps7_cortexa9_0'.
20:17:47 INFO  : Context for processor 'ps7_cortexa9_1' is selected.
20:17:48 INFO  : The application 'D:/proyectosep2/IEE2463-SEP-Proyecto-2-Z8/full_hardware/vitis/music_player_sw/Debug/music_player_sw.elf' is downloaded to processor 'ps7_cortexa9_1'.
20:17:48 INFO  : 'configparams force-mem-access 0' command is executed.
20:17:48 INFO  : ----------------XSDB Script----------------
connect -url tcp:127.0.0.1:3121
targets -set -nocase -filter {name =~"APU*"}
rst -system
after 3000
targets -set -filter {jtag_cable_name =~ "Digilent Zybo Z7 210351B3FC8DA" && level==0 && jtag_device_ctx=="jsn-Zybo Z7-210351B3FC8DA-13722093-0"}
fpga -file D:/proyectosep2/IEE2463-SEP-Proyecto-2-Z8/full_hardware/vitis/full_hardware_sw/_ide/bitstream/DEMO_wrapper.bit
targets -set -nocase -filter {name =~"APU*"}
loadhw -hw D:/proyectosep2/IEE2463-SEP-Proyecto-2-Z8/full_hardware/vitis/full_hardware_plt/export/full_hardware_plt/hw/DEMO_wrapper.xsa -mem-ranges [list {0x40000000 0xbfffffff}] -regs
configparams force-mem-access 1
targets -set -nocase -filter {name =~"APU*"}
source D:/proyectosep2/IEE2463-SEP-Proyecto-2-Z8/full_hardware/vitis/full_hardware_sw/_ide/psinit/ps7_init.tcl
ps7_init
ps7_post_config
targets -set -nocase -filter {name =~ "*A9*#0"}
dow D:/proyectosep2/IEE2463-SEP-Proyecto-2-Z8/full_hardware/vitis/full_hardware_sw/Debug/full_hardware_sw.elf
targets -set -nocase -filter {name =~ "*A9*#1"}
dow D:/proyectosep2/IEE2463-SEP-Proyecto-2-Z8/full_hardware/vitis/music_player_sw/Debug/music_player_sw.elf
configparams force-mem-access 0
----------------End of Script----------------

20:17:48 INFO  : Context for processor 'ps7_cortexa9_0' is selected.
20:17:48 INFO  : 'con' command is executed.
20:17:48 INFO  : Context for processor 'ps7_cortexa9_1' is selected.
20:17:48 INFO  : 'con' command is executed.
20:17:48 INFO  : ----------------XSDB Script (After Launch)----------------
targets -set -nocase -filter {name =~ "*A9*#0"}
con
targets -set -nocase -filter {name =~ "*A9*#1"}
con
----------------End of Script----------------

20:17:48 INFO  : Launch script is exported to file 'D:\proyectosep2\IEE2463-SEP-Proyecto-2-Z8\full_hardware\vitis\.sdk\launch_scripts\single_application_debug\systemdebugger_full_hardware_sw_system_standalone.tcl'
20:18:50 INFO  : Disconnected from the channel tcfchan#115.
20:18:50 INFO  : Connected to target on host '127.0.0.1' and port '3121'.
20:18:50 INFO  : Jtag cable 'Digilent Zybo Z7 210351B3FC8DA' is selected.
20:18:50 INFO  : 'jtag frequency' command is executed.
20:18:50 INFO  : Context for 'APU' is selected.
20:18:50 INFO  : System reset is completed.
20:18:53 INFO  : 'after 3000' command is executed.
20:18:53 INFO  : 'targets -set -filter {jtag_cable_name =~ "Digilent Zybo Z7 210351B3FC8DA" && level==0 && jtag_device_ctx=="jsn-Zybo Z7-210351B3FC8DA-13722093-0"}' command is executed.
20:18:54 INFO  : FPGA configured successfully with bitstream "D:/proyectosep2/IEE2463-SEP-Proyecto-2-Z8/full_hardware/vitis/full_hardware_sw/_ide/bitstream/DEMO_wrapper.bit"
20:18:54 INFO  : Context for 'APU' is selected.
20:18:55 INFO  : Hardware design and registers information is loaded from 'D:/proyectosep2/IEE2463-SEP-Proyecto-2-Z8/full_hardware/vitis/full_hardware_plt/export/full_hardware_plt/hw/DEMO_wrapper.xsa'.
20:18:55 INFO  : 'configparams force-mem-access 1' command is executed.
20:18:55 INFO  : Context for 'APU' is selected.
20:18:55 INFO  : Sourcing of 'D:/proyectosep2/IEE2463-SEP-Proyecto-2-Z8/full_hardware/vitis/full_hardware_sw/_ide/psinit/ps7_init.tcl' is done.
20:18:55 INFO  : 'ps7_init' command is executed.
20:18:55 INFO  : 'ps7_post_config' command is executed.
20:18:55 INFO  : Context for processor 'ps7_cortexa9_0' is selected.
20:18:56 INFO  : The application 'D:/proyectosep2/IEE2463-SEP-Proyecto-2-Z8/full_hardware/vitis/full_hardware_sw/Debug/full_hardware_sw.elf' is downloaded to processor 'ps7_cortexa9_0'.
20:18:56 INFO  : Context for processor 'ps7_cortexa9_1' is selected.
20:18:56 INFO  : The application 'D:/proyectosep2/IEE2463-SEP-Proyecto-2-Z8/full_hardware/vitis/music_player_sw/Debug/music_player_sw.elf' is downloaded to processor 'ps7_cortexa9_1'.
20:18:56 INFO  : 'configparams force-mem-access 0' command is executed.
20:18:56 INFO  : ----------------XSDB Script----------------
connect -url tcp:127.0.0.1:3121
targets -set -nocase -filter {name =~"APU*"}
rst -system
after 3000
targets -set -filter {jtag_cable_name =~ "Digilent Zybo Z7 210351B3FC8DA" && level==0 && jtag_device_ctx=="jsn-Zybo Z7-210351B3FC8DA-13722093-0"}
fpga -file D:/proyectosep2/IEE2463-SEP-Proyecto-2-Z8/full_hardware/vitis/full_hardware_sw/_ide/bitstream/DEMO_wrapper.bit
targets -set -nocase -filter {name =~"APU*"}
loadhw -hw D:/proyectosep2/IEE2463-SEP-Proyecto-2-Z8/full_hardware/vitis/full_hardware_plt/export/full_hardware_plt/hw/DEMO_wrapper.xsa -mem-ranges [list {0x40000000 0xbfffffff}] -regs
configparams force-mem-access 1
targets -set -nocase -filter {name =~"APU*"}
source D:/proyectosep2/IEE2463-SEP-Proyecto-2-Z8/full_hardware/vitis/full_hardware_sw/_ide/psinit/ps7_init.tcl
ps7_init
ps7_post_config
targets -set -nocase -filter {name =~ "*A9*#0"}
dow D:/proyectosep2/IEE2463-SEP-Proyecto-2-Z8/full_hardware/vitis/full_hardware_sw/Debug/full_hardware_sw.elf
targets -set -nocase -filter {name =~ "*A9*#1"}
dow D:/proyectosep2/IEE2463-SEP-Proyecto-2-Z8/full_hardware/vitis/music_player_sw/Debug/music_player_sw.elf
configparams force-mem-access 0
----------------End of Script----------------

20:18:56 INFO  : Context for processor 'ps7_cortexa9_0' is selected.
20:18:56 INFO  : 'con' command is executed.
20:18:56 INFO  : Context for processor 'ps7_cortexa9_1' is selected.
20:18:56 INFO  : 'con' command is executed.
20:18:56 INFO  : ----------------XSDB Script (After Launch)----------------
targets -set -nocase -filter {name =~ "*A9*#0"}
con
targets -set -nocase -filter {name =~ "*A9*#1"}
con
----------------End of Script----------------

20:18:56 INFO  : Launch script is exported to file 'D:\proyectosep2\IEE2463-SEP-Proyecto-2-Z8\full_hardware\vitis\.sdk\launch_scripts\single_application_debug\systemdebugger_full_hardware_sw_system_standalone.tcl'
20:30:06 INFO  : Checking for BSP changes to sync application flags for project 'full_hardware_sw'...
20:30:19 INFO  : Disconnected from the channel tcfchan#116.
20:30:19 INFO  : Connected to target on host '127.0.0.1' and port '3121'.
20:30:20 INFO  : Jtag cable 'Digilent Zybo Z7 210351B3FC8DA' is selected.
20:30:20 INFO  : 'jtag frequency' command is executed.
20:30:20 INFO  : Context for 'APU' is selected.
20:30:20 INFO  : System reset is completed.
20:30:23 INFO  : 'after 3000' command is executed.
20:30:23 INFO  : 'targets -set -filter {jtag_cable_name =~ "Digilent Zybo Z7 210351B3FC8DA" && level==0 && jtag_device_ctx=="jsn-Zybo Z7-210351B3FC8DA-13722093-0"}' command is executed.
20:30:24 INFO  : FPGA configured successfully with bitstream "D:/proyectosep2/IEE2463-SEP-Proyecto-2-Z8/full_hardware/vitis/full_hardware_sw/_ide/bitstream/DEMO_wrapper.bit"
20:30:24 INFO  : Context for 'APU' is selected.
20:30:24 INFO  : Hardware design and registers information is loaded from 'D:/proyectosep2/IEE2463-SEP-Proyecto-2-Z8/full_hardware/vitis/full_hardware_plt/export/full_hardware_plt/hw/DEMO_wrapper.xsa'.
20:30:24 INFO  : 'configparams force-mem-access 1' command is executed.
20:30:24 INFO  : Context for 'APU' is selected.
20:30:24 INFO  : Sourcing of 'D:/proyectosep2/IEE2463-SEP-Proyecto-2-Z8/full_hardware/vitis/full_hardware_sw/_ide/psinit/ps7_init.tcl' is done.
20:30:24 INFO  : 'ps7_init' command is executed.
20:30:24 INFO  : 'ps7_post_config' command is executed.
20:30:24 INFO  : Context for processor 'ps7_cortexa9_0' is selected.
20:30:25 INFO  : The application 'D:/proyectosep2/IEE2463-SEP-Proyecto-2-Z8/full_hardware/vitis/full_hardware_sw/Debug/full_hardware_sw.elf' is downloaded to processor 'ps7_cortexa9_0'.
20:30:25 INFO  : Context for processor 'ps7_cortexa9_1' is selected.
20:30:26 INFO  : The application 'D:/proyectosep2/IEE2463-SEP-Proyecto-2-Z8/full_hardware/vitis/music_player_sw/Debug/music_player_sw.elf' is downloaded to processor 'ps7_cortexa9_1'.
20:30:26 INFO  : 'configparams force-mem-access 0' command is executed.
20:30:26 INFO  : ----------------XSDB Script----------------
connect -url tcp:127.0.0.1:3121
targets -set -nocase -filter {name =~"APU*"}
rst -system
after 3000
targets -set -filter {jtag_cable_name =~ "Digilent Zybo Z7 210351B3FC8DA" && level==0 && jtag_device_ctx=="jsn-Zybo Z7-210351B3FC8DA-13722093-0"}
fpga -file D:/proyectosep2/IEE2463-SEP-Proyecto-2-Z8/full_hardware/vitis/full_hardware_sw/_ide/bitstream/DEMO_wrapper.bit
targets -set -nocase -filter {name =~"APU*"}
loadhw -hw D:/proyectosep2/IEE2463-SEP-Proyecto-2-Z8/full_hardware/vitis/full_hardware_plt/export/full_hardware_plt/hw/DEMO_wrapper.xsa -mem-ranges [list {0x40000000 0xbfffffff}] -regs
configparams force-mem-access 1
targets -set -nocase -filter {name =~"APU*"}
source D:/proyectosep2/IEE2463-SEP-Proyecto-2-Z8/full_hardware/vitis/full_hardware_sw/_ide/psinit/ps7_init.tcl
ps7_init
ps7_post_config
targets -set -nocase -filter {name =~ "*A9*#0"}
dow D:/proyectosep2/IEE2463-SEP-Proyecto-2-Z8/full_hardware/vitis/full_hardware_sw/Debug/full_hardware_sw.elf
targets -set -nocase -filter {name =~ "*A9*#1"}
dow D:/proyectosep2/IEE2463-SEP-Proyecto-2-Z8/full_hardware/vitis/music_player_sw/Debug/music_player_sw.elf
configparams force-mem-access 0
----------------End of Script----------------

20:30:26 INFO  : Context for processor 'ps7_cortexa9_0' is selected.
20:30:26 INFO  : 'con' command is executed.
20:30:26 INFO  : Context for processor 'ps7_cortexa9_1' is selected.
20:30:26 INFO  : 'con' command is executed.
20:30:26 INFO  : ----------------XSDB Script (After Launch)----------------
targets -set -nocase -filter {name =~ "*A9*#0"}
con
targets -set -nocase -filter {name =~ "*A9*#1"}
con
----------------End of Script----------------

20:30:26 INFO  : Launch script is exported to file 'D:\proyectosep2\IEE2463-SEP-Proyecto-2-Z8\full_hardware\vitis\.sdk\launch_scripts\single_application_debug\systemdebugger_full_hardware_sw_system_standalone.tcl'
20:32:36 INFO  : Checking for BSP changes to sync application flags for project 'full_hardware_sw'...
20:32:37 INFO  : Checking for BSP changes to sync application flags for project 'music_player_sw'...
20:32:56 INFO  : Disconnected from the channel tcfchan#117.
20:32:56 INFO  : Connected to target on host '127.0.0.1' and port '3121'.
20:32:56 INFO  : Jtag cable 'Digilent Zybo Z7 210351B3FC8DA' is selected.
20:32:56 INFO  : 'jtag frequency' command is executed.
20:32:56 INFO  : Context for 'APU' is selected.
20:32:56 INFO  : System reset is completed.
20:32:59 INFO  : 'after 3000' command is executed.
20:32:59 INFO  : 'targets -set -filter {jtag_cable_name =~ "Digilent Zybo Z7 210351B3FC8DA" && level==0 && jtag_device_ctx=="jsn-Zybo Z7-210351B3FC8DA-13722093-0"}' command is executed.
20:33:01 INFO  : FPGA configured successfully with bitstream "D:/proyectosep2/IEE2463-SEP-Proyecto-2-Z8/full_hardware/vitis/full_hardware_sw/_ide/bitstream/DEMO_wrapper.bit"
20:33:01 INFO  : Context for 'APU' is selected.
20:33:01 INFO  : Hardware design and registers information is loaded from 'D:/proyectosep2/IEE2463-SEP-Proyecto-2-Z8/full_hardware/vitis/full_hardware_plt/export/full_hardware_plt/hw/DEMO_wrapper.xsa'.
20:33:01 INFO  : 'configparams force-mem-access 1' command is executed.
20:33:01 INFO  : Context for 'APU' is selected.
20:33:01 INFO  : Sourcing of 'D:/proyectosep2/IEE2463-SEP-Proyecto-2-Z8/full_hardware/vitis/full_hardware_sw/_ide/psinit/ps7_init.tcl' is done.
20:33:01 INFO  : 'ps7_init' command is executed.
20:33:01 INFO  : 'ps7_post_config' command is executed.
20:33:01 INFO  : Context for processor 'ps7_cortexa9_0' is selected.
20:33:02 INFO  : The application 'D:/proyectosep2/IEE2463-SEP-Proyecto-2-Z8/full_hardware/vitis/full_hardware_sw/Debug/full_hardware_sw.elf' is downloaded to processor 'ps7_cortexa9_0'.
20:33:02 INFO  : Context for processor 'ps7_cortexa9_1' is selected.
20:33:03 INFO  : The application 'D:/proyectosep2/IEE2463-SEP-Proyecto-2-Z8/full_hardware/vitis/music_player_sw/Debug/music_player_sw.elf' is downloaded to processor 'ps7_cortexa9_1'.
20:33:03 INFO  : 'configparams force-mem-access 0' command is executed.
20:33:03 INFO  : ----------------XSDB Script----------------
connect -url tcp:127.0.0.1:3121
targets -set -nocase -filter {name =~"APU*"}
rst -system
after 3000
targets -set -filter {jtag_cable_name =~ "Digilent Zybo Z7 210351B3FC8DA" && level==0 && jtag_device_ctx=="jsn-Zybo Z7-210351B3FC8DA-13722093-0"}
fpga -file D:/proyectosep2/IEE2463-SEP-Proyecto-2-Z8/full_hardware/vitis/full_hardware_sw/_ide/bitstream/DEMO_wrapper.bit
targets -set -nocase -filter {name =~"APU*"}
loadhw -hw D:/proyectosep2/IEE2463-SEP-Proyecto-2-Z8/full_hardware/vitis/full_hardware_plt/export/full_hardware_plt/hw/DEMO_wrapper.xsa -mem-ranges [list {0x40000000 0xbfffffff}] -regs
configparams force-mem-access 1
targets -set -nocase -filter {name =~"APU*"}
source D:/proyectosep2/IEE2463-SEP-Proyecto-2-Z8/full_hardware/vitis/full_hardware_sw/_ide/psinit/ps7_init.tcl
ps7_init
ps7_post_config
targets -set -nocase -filter {name =~ "*A9*#0"}
dow D:/proyectosep2/IEE2463-SEP-Proyecto-2-Z8/full_hardware/vitis/full_hardware_sw/Debug/full_hardware_sw.elf
targets -set -nocase -filter {name =~ "*A9*#1"}
dow D:/proyectosep2/IEE2463-SEP-Proyecto-2-Z8/full_hardware/vitis/music_player_sw/Debug/music_player_sw.elf
configparams force-mem-access 0
----------------End of Script----------------

20:33:03 INFO  : Context for processor 'ps7_cortexa9_0' is selected.
20:33:03 INFO  : 'con' command is executed.
20:33:03 INFO  : Context for processor 'ps7_cortexa9_1' is selected.
20:33:03 INFO  : 'con' command is executed.
20:33:03 INFO  : ----------------XSDB Script (After Launch)----------------
targets -set -nocase -filter {name =~ "*A9*#0"}
con
targets -set -nocase -filter {name =~ "*A9*#1"}
con
----------------End of Script----------------

20:33:03 INFO  : Launch script is exported to file 'D:\proyectosep2\IEE2463-SEP-Proyecto-2-Z8\full_hardware\vitis\.sdk\launch_scripts\single_application_debug\systemdebugger_full_hardware_sw_system_standalone.tcl'
20:33:29 INFO  : Disconnected from the channel tcfchan#119.
20:35:38 INFO  : Checking for BSP changes to sync application flags for project 'full_hardware_sw'...
20:36:14 INFO  : Checking for BSP changes to sync application flags for project 'full_hardware_sw'...
22:43:51 INFO  : Launching XSCT server: xsct.bat -n  -interactive D:\proyectosep2\IEE2463-SEP-Proyecto-2-Z8\full_hardware\vitis\temp_xsdb_launch_script.tcl
22:43:54 INFO  : XSCT server has started successfully.
22:43:54 INFO  : Successfully done setting XSCT server connection channel  
22:43:54 INFO  : plnx-install-location is set to ''
22:43:54 INFO  : Successfully done setting workspace for the tool. 
22:43:59 INFO  : Platform repository initialization has completed.
22:43:59 INFO  : Registering command handlers for Vitis TCF services
22:44:04 INFO  : Successfully done query RDI_DATADIR 
22:45:30 INFO  : Checking for BSP changes to sync application flags for project 'full_hardware_sw'...
22:45:34 INFO  : Checking for BSP changes to sync application flags for project 'music_player_sw'...
22:45:38 ERROR : (XSDB Server)ERROR: [Hsi 55-1571] The design file D:/proyectosep2/IEE2463-SEP-Proyecto-2-Z8/full_hardware/vitis/full_hardware_plt/export/full_hardware_plt/hw/DEMO_wrapper.xsa is already opened

22:45:51 INFO  : Connected to target on host '127.0.0.1' and port '3121'.
22:45:52 INFO  : Jtag cable 'Digilent Zybo Z7 210351B3FC8DA' is selected.
22:45:52 INFO  : 'jtag frequency' command is executed.
22:45:52 INFO  : Context for 'APU' is selected.
22:45:52 INFO  : System reset is completed.
22:45:55 INFO  : 'after 3000' command is executed.
22:45:55 INFO  : 'targets -set -filter {jtag_cable_name =~ "Digilent Zybo Z7 210351B3FC8DA" && level==0 && jtag_device_ctx=="jsn-Zybo Z7-210351B3FC8DA-13722093-0"}' command is executed.
22:45:56 INFO  : FPGA configured successfully with bitstream "D:/proyectosep2/IEE2463-SEP-Proyecto-2-Z8/full_hardware/vitis/full_hardware_sw/_ide/bitstream/DEMO_wrapper.bit"
22:45:57 INFO  : Context for 'APU' is selected.
22:45:57 INFO  : Hardware design and registers information is loaded from 'D:/proyectosep2/IEE2463-SEP-Proyecto-2-Z8/full_hardware/vitis/full_hardware_plt/export/full_hardware_plt/hw/DEMO_wrapper.xsa'.
22:45:57 INFO  : 'configparams force-mem-access 1' command is executed.
22:45:57 INFO  : Context for 'APU' is selected.
22:45:57 INFO  : Sourcing of 'D:/proyectosep2/IEE2463-SEP-Proyecto-2-Z8/full_hardware/vitis/full_hardware_sw/_ide/psinit/ps7_init.tcl' is done.
22:45:57 INFO  : 'ps7_init' command is executed.
22:45:57 INFO  : 'ps7_post_config' command is executed.
22:45:57 INFO  : Context for processor 'ps7_cortexa9_0' is selected.
22:45:58 INFO  : The application 'D:/proyectosep2/IEE2463-SEP-Proyecto-2-Z8/full_hardware/vitis/full_hardware_sw/Debug/full_hardware_sw.elf' is downloaded to processor 'ps7_cortexa9_0'.
22:45:58 INFO  : Context for processor 'ps7_cortexa9_1' is selected.
22:45:59 INFO  : The application 'D:/proyectosep2/IEE2463-SEP-Proyecto-2-Z8/full_hardware/vitis/music_player_sw/Debug/music_player_sw.elf' is downloaded to processor 'ps7_cortexa9_1'.
22:45:59 INFO  : 'configparams force-mem-access 0' command is executed.
22:45:59 INFO  : ----------------XSDB Script----------------
connect -url tcp:127.0.0.1:3121
targets -set -nocase -filter {name =~"APU*"}
rst -system
after 3000
targets -set -filter {jtag_cable_name =~ "Digilent Zybo Z7 210351B3FC8DA" && level==0 && jtag_device_ctx=="jsn-Zybo Z7-210351B3FC8DA-13722093-0"}
fpga -file D:/proyectosep2/IEE2463-SEP-Proyecto-2-Z8/full_hardware/vitis/full_hardware_sw/_ide/bitstream/DEMO_wrapper.bit
targets -set -nocase -filter {name =~"APU*"}
loadhw -hw D:/proyectosep2/IEE2463-SEP-Proyecto-2-Z8/full_hardware/vitis/full_hardware_plt/export/full_hardware_plt/hw/DEMO_wrapper.xsa -mem-ranges [list {0x40000000 0xbfffffff}] -regs
configparams force-mem-access 1
targets -set -nocase -filter {name =~"APU*"}
source D:/proyectosep2/IEE2463-SEP-Proyecto-2-Z8/full_hardware/vitis/full_hardware_sw/_ide/psinit/ps7_init.tcl
ps7_init
ps7_post_config
targets -set -nocase -filter {name =~ "*A9*#0"}
dow D:/proyectosep2/IEE2463-SEP-Proyecto-2-Z8/full_hardware/vitis/full_hardware_sw/Debug/full_hardware_sw.elf
targets -set -nocase -filter {name =~ "*A9*#1"}
dow D:/proyectosep2/IEE2463-SEP-Proyecto-2-Z8/full_hardware/vitis/music_player_sw/Debug/music_player_sw.elf
configparams force-mem-access 0
----------------End of Script----------------

22:45:59 INFO  : Context for processor 'ps7_cortexa9_0' is selected.
22:46:00 INFO  : 'con' command is executed.
22:46:00 INFO  : Context for processor 'ps7_cortexa9_1' is selected.
22:46:00 INFO  : 'con' command is executed.
22:46:00 INFO  : ----------------XSDB Script (After Launch)----------------
targets -set -nocase -filter {name =~ "*A9*#0"}
con
targets -set -nocase -filter {name =~ "*A9*#1"}
con
----------------End of Script----------------

22:46:00 INFO  : Launch script is exported to file 'D:\proyectosep2\IEE2463-SEP-Proyecto-2-Z8\full_hardware\vitis\.sdk\launch_scripts\single_application_debug\systemdebugger_full_hardware_sw_system_standalone.tcl'
22:46:28 INFO  : Disconnected from the channel tcfchan#2.
22:51:24 INFO  : Checking for BSP changes to sync application flags for project 'full_hardware_sw'...
22:51:28 INFO  : Checking for BSP changes to sync application flags for project 'music_player_sw'...
22:51:29 ERROR : (XSDB Server)ERROR: [Hsi 55-1571] The design file D:/proyectosep2/IEE2463-SEP-Proyecto-2-Z8/full_hardware/vitis/full_hardware_plt/export/full_hardware_plt/hw/DEMO_wrapper.xsa is already opened

22:51:52 INFO  : Connected to target on host '127.0.0.1' and port '3121'.
22:51:53 INFO  : Jtag cable 'Digilent Zybo Z7 210351B3FC8DA' is selected.
22:51:53 INFO  : 'jtag frequency' command is executed.
22:51:53 INFO  : Context for 'APU' is selected.
22:51:53 INFO  : System reset is completed.
22:51:56 INFO  : 'after 3000' command is executed.
22:51:56 INFO  : 'targets -set -filter {jtag_cable_name =~ "Digilent Zybo Z7 210351B3FC8DA" && level==0 && jtag_device_ctx=="jsn-Zybo Z7-210351B3FC8DA-13722093-0"}' command is executed.
22:51:57 INFO  : FPGA configured successfully with bitstream "D:/proyectosep2/IEE2463-SEP-Proyecto-2-Z8/full_hardware/vitis/full_hardware_sw/_ide/bitstream/DEMO_wrapper.bit"
22:51:57 INFO  : Context for 'APU' is selected.
22:51:58 INFO  : Hardware design and registers information is loaded from 'D:/proyectosep2/IEE2463-SEP-Proyecto-2-Z8/full_hardware/vitis/full_hardware_plt/export/full_hardware_plt/hw/DEMO_wrapper.xsa'.
22:51:58 INFO  : 'configparams force-mem-access 1' command is executed.
22:51:58 INFO  : Context for 'APU' is selected.
22:51:58 INFO  : Sourcing of 'D:/proyectosep2/IEE2463-SEP-Proyecto-2-Z8/full_hardware/vitis/full_hardware_sw/_ide/psinit/ps7_init.tcl' is done.
22:51:58 INFO  : 'ps7_init' command is executed.
22:51:58 INFO  : 'ps7_post_config' command is executed.
22:51:58 INFO  : Context for processor 'ps7_cortexa9_0' is selected.
22:51:59 INFO  : The application 'D:/proyectosep2/IEE2463-SEP-Proyecto-2-Z8/full_hardware/vitis/full_hardware_sw/Debug/full_hardware_sw.elf' is downloaded to processor 'ps7_cortexa9_0'.
22:51:59 INFO  : Context for processor 'ps7_cortexa9_1' is selected.
22:51:59 INFO  : The application 'D:/proyectosep2/IEE2463-SEP-Proyecto-2-Z8/full_hardware/vitis/music_player_sw/Debug/music_player_sw.elf' is downloaded to processor 'ps7_cortexa9_1'.
22:51:59 INFO  : 'configparams force-mem-access 0' command is executed.
22:51:59 INFO  : ----------------XSDB Script----------------
connect -url tcp:127.0.0.1:3121
targets -set -nocase -filter {name =~"APU*"}
rst -system
after 3000
targets -set -filter {jtag_cable_name =~ "Digilent Zybo Z7 210351B3FC8DA" && level==0 && jtag_device_ctx=="jsn-Zybo Z7-210351B3FC8DA-13722093-0"}
fpga -file D:/proyectosep2/IEE2463-SEP-Proyecto-2-Z8/full_hardware/vitis/full_hardware_sw/_ide/bitstream/DEMO_wrapper.bit
targets -set -nocase -filter {name =~"APU*"}
loadhw -hw D:/proyectosep2/IEE2463-SEP-Proyecto-2-Z8/full_hardware/vitis/full_hardware_plt/export/full_hardware_plt/hw/DEMO_wrapper.xsa -mem-ranges [list {0x40000000 0xbfffffff}] -regs
configparams force-mem-access 1
targets -set -nocase -filter {name =~"APU*"}
source D:/proyectosep2/IEE2463-SEP-Proyecto-2-Z8/full_hardware/vitis/full_hardware_sw/_ide/psinit/ps7_init.tcl
ps7_init
ps7_post_config
targets -set -nocase -filter {name =~ "*A9*#0"}
dow D:/proyectosep2/IEE2463-SEP-Proyecto-2-Z8/full_hardware/vitis/full_hardware_sw/Debug/full_hardware_sw.elf
targets -set -nocase -filter {name =~ "*A9*#1"}
dow D:/proyectosep2/IEE2463-SEP-Proyecto-2-Z8/full_hardware/vitis/music_player_sw/Debug/music_player_sw.elf
configparams force-mem-access 0
----------------End of Script----------------

22:52:00 INFO  : Context for processor 'ps7_cortexa9_0' is selected.
22:52:00 INFO  : 'con' command is executed.
22:52:00 INFO  : Context for processor 'ps7_cortexa9_1' is selected.
22:52:00 INFO  : 'con' command is executed.
22:52:00 INFO  : ----------------XSDB Script (After Launch)----------------
targets -set -nocase -filter {name =~ "*A9*#0"}
con
targets -set -nocase -filter {name =~ "*A9*#1"}
con
----------------End of Script----------------

22:52:00 INFO  : Launch script is exported to file 'D:\proyectosep2\IEE2463-SEP-Proyecto-2-Z8\full_hardware\vitis\.sdk\launch_scripts\single_application_debug\systemdebugger_full_hardware_sw_system_standalone.tcl'
22:53:00 INFO  : Disconnected from the channel tcfchan#4.
22:53:06 INFO  : Checking for BSP changes to sync application flags for project 'full_hardware_sw'...
22:53:08 INFO  : Checking for BSP changes to sync application flags for project 'music_player_sw'...
22:53:10 ERROR : (XSDB Server)ERROR: [Hsi 55-1571] The design file D:/proyectosep2/IEE2463-SEP-Proyecto-2-Z8/full_hardware/vitis/full_hardware_plt/export/full_hardware_plt/hw/DEMO_wrapper.xsa is already opened

22:53:21 INFO  : Connected to target on host '127.0.0.1' and port '3121'.
22:53:21 INFO  : Jtag cable 'Digilent Zybo Z7 210351B3FC8DA' is selected.
22:53:21 INFO  : 'jtag frequency' command is executed.
22:53:21 INFO  : Context for 'APU' is selected.
22:53:21 INFO  : System reset is completed.
22:53:24 INFO  : 'after 3000' command is executed.
22:53:24 INFO  : 'targets -set -filter {jtag_cable_name =~ "Digilent Zybo Z7 210351B3FC8DA" && level==0 && jtag_device_ctx=="jsn-Zybo Z7-210351B3FC8DA-13722093-0"}' command is executed.
22:53:25 INFO  : FPGA configured successfully with bitstream "D:/proyectosep2/IEE2463-SEP-Proyecto-2-Z8/full_hardware/vitis/full_hardware_sw/_ide/bitstream/DEMO_wrapper.bit"
22:53:26 INFO  : Context for 'APU' is selected.
22:53:26 INFO  : Hardware design and registers information is loaded from 'D:/proyectosep2/IEE2463-SEP-Proyecto-2-Z8/full_hardware/vitis/full_hardware_plt/export/full_hardware_plt/hw/DEMO_wrapper.xsa'.
22:53:26 INFO  : 'configparams force-mem-access 1' command is executed.
22:53:26 INFO  : Context for 'APU' is selected.
22:53:26 INFO  : Sourcing of 'D:/proyectosep2/IEE2463-SEP-Proyecto-2-Z8/full_hardware/vitis/full_hardware_sw/_ide/psinit/ps7_init.tcl' is done.
22:53:26 INFO  : 'ps7_init' command is executed.
22:53:26 INFO  : 'ps7_post_config' command is executed.
22:53:26 INFO  : Context for processor 'ps7_cortexa9_0' is selected.
22:53:27 INFO  : The application 'D:/proyectosep2/IEE2463-SEP-Proyecto-2-Z8/full_hardware/vitis/full_hardware_sw/Debug/full_hardware_sw.elf' is downloaded to processor 'ps7_cortexa9_0'.
22:53:27 INFO  : Context for processor 'ps7_cortexa9_1' is selected.
22:53:27 INFO  : The application 'D:/proyectosep2/IEE2463-SEP-Proyecto-2-Z8/full_hardware/vitis/music_player_sw/Debug/music_player_sw.elf' is downloaded to processor 'ps7_cortexa9_1'.
22:53:28 INFO  : 'configparams force-mem-access 0' command is executed.
22:53:28 INFO  : ----------------XSDB Script----------------
connect -url tcp:127.0.0.1:3121
targets -set -nocase -filter {name =~"APU*"}
rst -system
after 3000
targets -set -filter {jtag_cable_name =~ "Digilent Zybo Z7 210351B3FC8DA" && level==0 && jtag_device_ctx=="jsn-Zybo Z7-210351B3FC8DA-13722093-0"}
fpga -file D:/proyectosep2/IEE2463-SEP-Proyecto-2-Z8/full_hardware/vitis/full_hardware_sw/_ide/bitstream/DEMO_wrapper.bit
targets -set -nocase -filter {name =~"APU*"}
loadhw -hw D:/proyectosep2/IEE2463-SEP-Proyecto-2-Z8/full_hardware/vitis/full_hardware_plt/export/full_hardware_plt/hw/DEMO_wrapper.xsa -mem-ranges [list {0x40000000 0xbfffffff}] -regs
configparams force-mem-access 1
targets -set -nocase -filter {name =~"APU*"}
source D:/proyectosep2/IEE2463-SEP-Proyecto-2-Z8/full_hardware/vitis/full_hardware_sw/_ide/psinit/ps7_init.tcl
ps7_init
ps7_post_config
targets -set -nocase -filter {name =~ "*A9*#0"}
dow D:/proyectosep2/IEE2463-SEP-Proyecto-2-Z8/full_hardware/vitis/full_hardware_sw/Debug/full_hardware_sw.elf
targets -set -nocase -filter {name =~ "*A9*#1"}
dow D:/proyectosep2/IEE2463-SEP-Proyecto-2-Z8/full_hardware/vitis/music_player_sw/Debug/music_player_sw.elf
configparams force-mem-access 0
----------------End of Script----------------

22:53:28 INFO  : Context for processor 'ps7_cortexa9_0' is selected.
22:53:28 INFO  : 'con' command is executed.
22:53:28 INFO  : Context for processor 'ps7_cortexa9_1' is selected.
22:53:28 INFO  : 'con' command is executed.
22:53:28 INFO  : ----------------XSDB Script (After Launch)----------------
targets -set -nocase -filter {name =~ "*A9*#0"}
con
targets -set -nocase -filter {name =~ "*A9*#1"}
con
----------------End of Script----------------

22:53:28 INFO  : Launch script is exported to file 'D:\proyectosep2\IEE2463-SEP-Proyecto-2-Z8\full_hardware\vitis\.sdk\launch_scripts\single_application_debug\systemdebugger_full_hardware_sw_system_standalone.tcl'
22:55:17 INFO  : Checking for BSP changes to sync application flags for project 'full_hardware_sw'...
22:55:19 INFO  : Checking for BSP changes to sync application flags for project 'music_player_sw'...
22:55:21 ERROR : (XSDB Server)ERROR: [Hsi 55-1571] The design file D:/proyectosep2/IEE2463-SEP-Proyecto-2-Z8/full_hardware/vitis/full_hardware_plt/export/full_hardware_plt/hw/DEMO_wrapper.xsa is already opened

22:55:24 INFO  : Disconnected from the channel tcfchan#6.
22:55:24 INFO  : Connected to target on host '127.0.0.1' and port '3121'.
22:55:25 INFO  : Jtag cable 'Digilent Zybo Z7 210351B3FC8DA' is selected.
22:55:25 INFO  : 'jtag frequency' command is executed.
22:55:25 INFO  : Context for 'APU' is selected.
22:55:25 INFO  : System reset is completed.
22:55:28 INFO  : 'after 3000' command is executed.
22:55:28 INFO  : 'targets -set -filter {jtag_cable_name =~ "Digilent Zybo Z7 210351B3FC8DA" && level==0 && jtag_device_ctx=="jsn-Zybo Z7-210351B3FC8DA-13722093-0"}' command is executed.
22:55:29 INFO  : FPGA configured successfully with bitstream "D:/proyectosep2/IEE2463-SEP-Proyecto-2-Z8/full_hardware/vitis/full_hardware_sw/_ide/bitstream/DEMO_wrapper.bit"
22:55:29 INFO  : Context for 'APU' is selected.
22:55:31 INFO  : Hardware design and registers information is loaded from 'D:/proyectosep2/IEE2463-SEP-Proyecto-2-Z8/full_hardware/vitis/full_hardware_plt/export/full_hardware_plt/hw/DEMO_wrapper.xsa'.
22:55:31 INFO  : 'configparams force-mem-access 1' command is executed.
22:55:31 INFO  : Context for 'APU' is selected.
22:55:31 INFO  : Sourcing of 'D:/proyectosep2/IEE2463-SEP-Proyecto-2-Z8/full_hardware/vitis/full_hardware_sw/_ide/psinit/ps7_init.tcl' is done.
22:55:31 INFO  : 'ps7_init' command is executed.
22:55:31 INFO  : 'ps7_post_config' command is executed.
22:55:31 INFO  : Context for processor 'ps7_cortexa9_0' is selected.
22:55:32 INFO  : The application 'D:/proyectosep2/IEE2463-SEP-Proyecto-2-Z8/full_hardware/vitis/full_hardware_sw/Debug/full_hardware_sw.elf' is downloaded to processor 'ps7_cortexa9_0'.
22:55:32 INFO  : Context for processor 'ps7_cortexa9_1' is selected.
22:55:33 INFO  : The application 'D:/proyectosep2/IEE2463-SEP-Proyecto-2-Z8/full_hardware/vitis/music_player_sw/Debug/music_player_sw.elf' is downloaded to processor 'ps7_cortexa9_1'.
22:55:33 INFO  : 'configparams force-mem-access 0' command is executed.
22:55:33 INFO  : ----------------XSDB Script----------------
connect -url tcp:127.0.0.1:3121
targets -set -nocase -filter {name =~"APU*"}
rst -system
after 3000
targets -set -filter {jtag_cable_name =~ "Digilent Zybo Z7 210351B3FC8DA" && level==0 && jtag_device_ctx=="jsn-Zybo Z7-210351B3FC8DA-13722093-0"}
fpga -file D:/proyectosep2/IEE2463-SEP-Proyecto-2-Z8/full_hardware/vitis/full_hardware_sw/_ide/bitstream/DEMO_wrapper.bit
targets -set -nocase -filter {name =~"APU*"}
loadhw -hw D:/proyectosep2/IEE2463-SEP-Proyecto-2-Z8/full_hardware/vitis/full_hardware_plt/export/full_hardware_plt/hw/DEMO_wrapper.xsa -mem-ranges [list {0x40000000 0xbfffffff}] -regs
configparams force-mem-access 1
targets -set -nocase -filter {name =~"APU*"}
source D:/proyectosep2/IEE2463-SEP-Proyecto-2-Z8/full_hardware/vitis/full_hardware_sw/_ide/psinit/ps7_init.tcl
ps7_init
ps7_post_config
targets -set -nocase -filter {name =~ "*A9*#0"}
dow D:/proyectosep2/IEE2463-SEP-Proyecto-2-Z8/full_hardware/vitis/full_hardware_sw/Debug/full_hardware_sw.elf
targets -set -nocase -filter {name =~ "*A9*#1"}
dow D:/proyectosep2/IEE2463-SEP-Proyecto-2-Z8/full_hardware/vitis/music_player_sw/Debug/music_player_sw.elf
configparams force-mem-access 0
----------------End of Script----------------

22:55:33 INFO  : Context for processor 'ps7_cortexa9_0' is selected.
22:55:33 INFO  : 'con' command is executed.
22:55:33 INFO  : Context for processor 'ps7_cortexa9_1' is selected.
22:55:33 INFO  : 'con' command is executed.
22:55:33 INFO  : ----------------XSDB Script (After Launch)----------------
targets -set -nocase -filter {name =~ "*A9*#0"}
con
targets -set -nocase -filter {name =~ "*A9*#1"}
con
----------------End of Script----------------

22:55:33 INFO  : Launch script is exported to file 'D:\proyectosep2\IEE2463-SEP-Proyecto-2-Z8\full_hardware\vitis\.sdk\launch_scripts\single_application_debug\systemdebugger_full_hardware_sw_system_standalone.tcl'
22:55:38 INFO  : Disconnected from the channel tcfchan#8.
22:55:42 INFO  : Connected to target on host '127.0.0.1' and port '3121'.
22:55:42 INFO  : Jtag cable 'Digilent Zybo Z7 210351B3FC8DA' is selected.
22:55:42 INFO  : 'jtag frequency' command is executed.
22:55:42 INFO  : Context for 'APU' is selected.
22:55:42 INFO  : System reset is completed.
22:55:45 INFO  : 'after 3000' command is executed.
22:55:45 INFO  : 'targets -set -filter {jtag_cable_name =~ "Digilent Zybo Z7 210351B3FC8DA" && level==0 && jtag_device_ctx=="jsn-Zybo Z7-210351B3FC8DA-13722093-0"}' command is executed.
22:55:46 INFO  : FPGA configured successfully with bitstream "D:/proyectosep2/IEE2463-SEP-Proyecto-2-Z8/full_hardware/vitis/full_hardware_sw/_ide/bitstream/DEMO_wrapper.bit"
22:55:46 INFO  : Context for 'APU' is selected.
22:55:48 INFO  : Hardware design and registers information is loaded from 'D:/proyectosep2/IEE2463-SEP-Proyecto-2-Z8/full_hardware/vitis/full_hardware_plt/export/full_hardware_plt/hw/DEMO_wrapper.xsa'.
22:55:48 INFO  : 'configparams force-mem-access 1' command is executed.
22:55:48 INFO  : Context for 'APU' is selected.
22:55:48 INFO  : Sourcing of 'D:/proyectosep2/IEE2463-SEP-Proyecto-2-Z8/full_hardware/vitis/full_hardware_sw/_ide/psinit/ps7_init.tcl' is done.
22:55:48 INFO  : 'ps7_init' command is executed.
22:55:48 INFO  : 'ps7_post_config' command is executed.
22:55:48 INFO  : Context for processor 'ps7_cortexa9_0' is selected.
22:55:49 INFO  : The application 'D:/proyectosep2/IEE2463-SEP-Proyecto-2-Z8/full_hardware/vitis/full_hardware_sw/Debug/full_hardware_sw.elf' is downloaded to processor 'ps7_cortexa9_0'.
22:55:49 INFO  : Context for processor 'ps7_cortexa9_1' is selected.
22:55:50 INFO  : The application 'D:/proyectosep2/IEE2463-SEP-Proyecto-2-Z8/full_hardware/vitis/music_player_sw/Debug/music_player_sw.elf' is downloaded to processor 'ps7_cortexa9_1'.
22:55:50 INFO  : 'configparams force-mem-access 0' command is executed.
22:55:50 INFO  : ----------------XSDB Script----------------
connect -url tcp:127.0.0.1:3121
targets -set -nocase -filter {name =~"APU*"}
rst -system
after 3000
targets -set -filter {jtag_cable_name =~ "Digilent Zybo Z7 210351B3FC8DA" && level==0 && jtag_device_ctx=="jsn-Zybo Z7-210351B3FC8DA-13722093-0"}
fpga -file D:/proyectosep2/IEE2463-SEP-Proyecto-2-Z8/full_hardware/vitis/full_hardware_sw/_ide/bitstream/DEMO_wrapper.bit
targets -set -nocase -filter {name =~"APU*"}
loadhw -hw D:/proyectosep2/IEE2463-SEP-Proyecto-2-Z8/full_hardware/vitis/full_hardware_plt/export/full_hardware_plt/hw/DEMO_wrapper.xsa -mem-ranges [list {0x40000000 0xbfffffff}] -regs
configparams force-mem-access 1
targets -set -nocase -filter {name =~"APU*"}
source D:/proyectosep2/IEE2463-SEP-Proyecto-2-Z8/full_hardware/vitis/full_hardware_sw/_ide/psinit/ps7_init.tcl
ps7_init
ps7_post_config
targets -set -nocase -filter {name =~ "*A9*#0"}
dow D:/proyectosep2/IEE2463-SEP-Proyecto-2-Z8/full_hardware/vitis/full_hardware_sw/Debug/full_hardware_sw.elf
targets -set -nocase -filter {name =~ "*A9*#1"}
dow D:/proyectosep2/IEE2463-SEP-Proyecto-2-Z8/full_hardware/vitis/music_player_sw/Debug/music_player_sw.elf
configparams force-mem-access 0
----------------End of Script----------------

22:55:50 INFO  : Context for processor 'ps7_cortexa9_0' is selected.
22:55:50 INFO  : 'con' command is executed.
22:55:50 INFO  : Context for processor 'ps7_cortexa9_1' is selected.
22:55:50 INFO  : 'con' command is executed.
22:55:50 INFO  : ----------------XSDB Script (After Launch)----------------
targets -set -nocase -filter {name =~ "*A9*#0"}
con
targets -set -nocase -filter {name =~ "*A9*#1"}
con
----------------End of Script----------------

22:55:50 INFO  : Launch script is exported to file 'D:\proyectosep2\IEE2463-SEP-Proyecto-2-Z8\full_hardware\vitis\.sdk\launch_scripts\single_application_debug\systemdebugger_full_hardware_sw_system_standalone.tcl'
22:55:57 INFO  : Checking for BSP changes to sync application flags for project 'full_hardware_sw'...
22:55:58 INFO  : Checking for BSP changes to sync application flags for project 'music_player_sw'...
22:56:00 ERROR : (XSDB Server)ERROR: [Hsi 55-1571] The design file D:/proyectosep2/IEE2463-SEP-Proyecto-2-Z8/full_hardware/vitis/full_hardware_plt/export/full_hardware_plt/hw/DEMO_wrapper.xsa is already opened

22:56:36 INFO  : Disconnected from the channel tcfchan#9.
22:56:36 INFO  : Connected to target on host '127.0.0.1' and port '3121'.
22:56:37 INFO  : Jtag cable 'Digilent Zybo Z7 210351B3FC8DA' is selected.
22:56:37 INFO  : 'jtag frequency' command is executed.
22:56:37 INFO  : Context for 'APU' is selected.
22:56:37 INFO  : System reset is completed.
22:56:40 INFO  : 'after 3000' command is executed.
22:56:40 INFO  : 'targets -set -filter {jtag_cable_name =~ "Digilent Zybo Z7 210351B3FC8DA" && level==0 && jtag_device_ctx=="jsn-Zybo Z7-210351B3FC8DA-13722093-0"}' command is executed.
22:56:41 INFO  : FPGA configured successfully with bitstream "D:/proyectosep2/IEE2463-SEP-Proyecto-2-Z8/full_hardware/vitis/full_hardware_sw/_ide/bitstream/DEMO_wrapper.bit"
22:56:41 INFO  : Context for 'APU' is selected.
22:56:43 INFO  : Hardware design and registers information is loaded from 'D:/proyectosep2/IEE2463-SEP-Proyecto-2-Z8/full_hardware/vitis/full_hardware_plt/export/full_hardware_plt/hw/DEMO_wrapper.xsa'.
22:56:43 INFO  : 'configparams force-mem-access 1' command is executed.
22:56:43 INFO  : Context for 'APU' is selected.
22:56:43 INFO  : Sourcing of 'D:/proyectosep2/IEE2463-SEP-Proyecto-2-Z8/full_hardware/vitis/full_hardware_sw/_ide/psinit/ps7_init.tcl' is done.
22:56:43 INFO  : 'ps7_init' command is executed.
22:56:43 INFO  : 'ps7_post_config' command is executed.
22:56:43 INFO  : Context for processor 'ps7_cortexa9_0' is selected.
22:56:44 INFO  : The application 'D:/proyectosep2/IEE2463-SEP-Proyecto-2-Z8/full_hardware/vitis/full_hardware_sw/Debug/full_hardware_sw.elf' is downloaded to processor 'ps7_cortexa9_0'.
22:56:44 INFO  : Context for processor 'ps7_cortexa9_1' is selected.
22:56:44 INFO  : The application 'D:/proyectosep2/IEE2463-SEP-Proyecto-2-Z8/full_hardware/vitis/music_player_sw/Debug/music_player_sw.elf' is downloaded to processor 'ps7_cortexa9_1'.
22:56:44 INFO  : 'configparams force-mem-access 0' command is executed.
22:56:44 INFO  : ----------------XSDB Script----------------
connect -url tcp:127.0.0.1:3121
targets -set -nocase -filter {name =~"APU*"}
rst -system
after 3000
targets -set -filter {jtag_cable_name =~ "Digilent Zybo Z7 210351B3FC8DA" && level==0 && jtag_device_ctx=="jsn-Zybo Z7-210351B3FC8DA-13722093-0"}
fpga -file D:/proyectosep2/IEE2463-SEP-Proyecto-2-Z8/full_hardware/vitis/full_hardware_sw/_ide/bitstream/DEMO_wrapper.bit
targets -set -nocase -filter {name =~"APU*"}
loadhw -hw D:/proyectosep2/IEE2463-SEP-Proyecto-2-Z8/full_hardware/vitis/full_hardware_plt/export/full_hardware_plt/hw/DEMO_wrapper.xsa -mem-ranges [list {0x40000000 0xbfffffff}] -regs
configparams force-mem-access 1
targets -set -nocase -filter {name =~"APU*"}
source D:/proyectosep2/IEE2463-SEP-Proyecto-2-Z8/full_hardware/vitis/full_hardware_sw/_ide/psinit/ps7_init.tcl
ps7_init
ps7_post_config
targets -set -nocase -filter {name =~ "*A9*#0"}
dow D:/proyectosep2/IEE2463-SEP-Proyecto-2-Z8/full_hardware/vitis/full_hardware_sw/Debug/full_hardware_sw.elf
targets -set -nocase -filter {name =~ "*A9*#1"}
dow D:/proyectosep2/IEE2463-SEP-Proyecto-2-Z8/full_hardware/vitis/music_player_sw/Debug/music_player_sw.elf
configparams force-mem-access 0
----------------End of Script----------------

22:56:44 INFO  : Context for processor 'ps7_cortexa9_0' is selected.
22:56:44 INFO  : 'con' command is executed.
22:56:44 INFO  : Context for processor 'ps7_cortexa9_1' is selected.
22:56:44 INFO  : 'con' command is executed.
22:56:44 INFO  : ----------------XSDB Script (After Launch)----------------
targets -set -nocase -filter {name =~ "*A9*#0"}
con
targets -set -nocase -filter {name =~ "*A9*#1"}
con
----------------End of Script----------------

22:56:44 INFO  : Launch script is exported to file 'D:\proyectosep2\IEE2463-SEP-Proyecto-2-Z8\full_hardware\vitis\.sdk\launch_scripts\single_application_debug\systemdebugger_full_hardware_sw_system_standalone.tcl'
22:57:12 INFO  : Checking for BSP changes to sync application flags for project 'full_hardware_sw'...
22:57:13 INFO  : Checking for BSP changes to sync application flags for project 'music_player_sw'...
22:57:14 INFO  : Disconnected from the channel tcfchan#11.
22:57:34 INFO  : Connected to target on host '127.0.0.1' and port '3121'.
22:57:35 INFO  : Jtag cable 'Digilent Zybo Z7 210351B3FC8DA' is selected.
22:57:35 INFO  : 'jtag frequency' command is executed.
22:57:35 INFO  : Context for 'APU' is selected.
22:57:35 INFO  : System reset is completed.
22:57:38 INFO  : 'after 3000' command is executed.
22:57:38 INFO  : 'targets -set -filter {jtag_cable_name =~ "Digilent Zybo Z7 210351B3FC8DA" && level==0 && jtag_device_ctx=="jsn-Zybo Z7-210351B3FC8DA-13722093-0"}' command is executed.
22:57:39 INFO  : FPGA configured successfully with bitstream "D:/proyectosep2/IEE2463-SEP-Proyecto-2-Z8/full_hardware/vitis/full_hardware_sw/_ide/bitstream/DEMO_wrapper.bit"
22:57:40 INFO  : Context for 'APU' is selected.
22:57:40 INFO  : Hardware design and registers information is loaded from 'D:/proyectosep2/IEE2463-SEP-Proyecto-2-Z8/full_hardware/vitis/full_hardware_plt/export/full_hardware_plt/hw/DEMO_wrapper.xsa'.
22:57:40 INFO  : 'configparams force-mem-access 1' command is executed.
22:57:40 INFO  : Context for 'APU' is selected.
22:57:40 INFO  : Sourcing of 'D:/proyectosep2/IEE2463-SEP-Proyecto-2-Z8/full_hardware/vitis/full_hardware_sw/_ide/psinit/ps7_init.tcl' is done.
22:57:40 INFO  : 'ps7_init' command is executed.
22:57:40 INFO  : 'ps7_post_config' command is executed.
22:57:40 INFO  : Context for processor 'ps7_cortexa9_0' is selected.
22:57:41 INFO  : The application 'D:/proyectosep2/IEE2463-SEP-Proyecto-2-Z8/full_hardware/vitis/full_hardware_sw/Debug/full_hardware_sw.elf' is downloaded to processor 'ps7_cortexa9_0'.
22:57:41 INFO  : Context for processor 'ps7_cortexa9_1' is selected.
22:57:42 INFO  : The application 'D:/proyectosep2/IEE2463-SEP-Proyecto-2-Z8/full_hardware/vitis/music_player_sw/Debug/music_player_sw.elf' is downloaded to processor 'ps7_cortexa9_1'.
22:57:42 INFO  : 'configparams force-mem-access 0' command is executed.
22:57:42 INFO  : ----------------XSDB Script----------------
connect -url tcp:127.0.0.1:3121
targets -set -nocase -filter {name =~"APU*"}
rst -system
after 3000
targets -set -filter {jtag_cable_name =~ "Digilent Zybo Z7 210351B3FC8DA" && level==0 && jtag_device_ctx=="jsn-Zybo Z7-210351B3FC8DA-13722093-0"}
fpga -file D:/proyectosep2/IEE2463-SEP-Proyecto-2-Z8/full_hardware/vitis/full_hardware_sw/_ide/bitstream/DEMO_wrapper.bit
targets -set -nocase -filter {name =~"APU*"}
loadhw -hw D:/proyectosep2/IEE2463-SEP-Proyecto-2-Z8/full_hardware/vitis/full_hardware_plt/export/full_hardware_plt/hw/DEMO_wrapper.xsa -mem-ranges [list {0x40000000 0xbfffffff}] -regs
configparams force-mem-access 1
targets -set -nocase -filter {name =~"APU*"}
source D:/proyectosep2/IEE2463-SEP-Proyecto-2-Z8/full_hardware/vitis/full_hardware_sw/_ide/psinit/ps7_init.tcl
ps7_init
ps7_post_config
targets -set -nocase -filter {name =~ "*A9*#0"}
dow D:/proyectosep2/IEE2463-SEP-Proyecto-2-Z8/full_hardware/vitis/full_hardware_sw/Debug/full_hardware_sw.elf
targets -set -nocase -filter {name =~ "*A9*#1"}
dow D:/proyectosep2/IEE2463-SEP-Proyecto-2-Z8/full_hardware/vitis/music_player_sw/Debug/music_player_sw.elf
configparams force-mem-access 0
----------------End of Script----------------

22:57:42 INFO  : Context for processor 'ps7_cortexa9_0' is selected.
22:57:42 INFO  : 'con' command is executed.
22:57:42 INFO  : Context for processor 'ps7_cortexa9_1' is selected.
22:57:42 INFO  : 'con' command is executed.
22:57:42 INFO  : ----------------XSDB Script (After Launch)----------------
targets -set -nocase -filter {name =~ "*A9*#0"}
con
targets -set -nocase -filter {name =~ "*A9*#1"}
con
----------------End of Script----------------

22:57:42 INFO  : Launch script is exported to file 'D:\proyectosep2\IEE2463-SEP-Proyecto-2-Z8\full_hardware\vitis\.sdk\launch_scripts\single_application_debug\systemdebugger_full_hardware_sw_system_standalone.tcl'
22:59:49 INFO  : Checking for BSP changes to sync application flags for project 'full_hardware_sw'...
22:59:51 INFO  : Checking for BSP changes to sync application flags for project 'music_player_sw'...
22:59:55 ERROR : (XSDB Server)ERROR: [Hsi 55-1571] The design file D:/proyectosep2/IEE2463-SEP-Proyecto-2-Z8/full_hardware/vitis/full_hardware_plt/export/full_hardware_plt/hw/DEMO_wrapper.xsa is already opened

23:00:01 INFO  : Disconnected from the channel tcfchan#13.
23:00:04 INFO  : Connected to target on host '127.0.0.1' and port '3121'.
23:00:04 INFO  : Jtag cable 'Digilent Zybo Z7 210351B3FC8DA' is selected.
23:00:04 INFO  : 'jtag frequency' command is executed.
23:00:04 INFO  : Context for 'APU' is selected.
23:00:04 INFO  : System reset is completed.
23:00:07 INFO  : 'after 3000' command is executed.
23:00:07 INFO  : 'targets -set -filter {jtag_cable_name =~ "Digilent Zybo Z7 210351B3FC8DA" && level==0 && jtag_device_ctx=="jsn-Zybo Z7-210351B3FC8DA-13722093-0"}' command is executed.
23:00:08 INFO  : FPGA configured successfully with bitstream "D:/proyectosep2/IEE2463-SEP-Proyecto-2-Z8/full_hardware/vitis/full_hardware_sw/_ide/bitstream/DEMO_wrapper.bit"
23:00:08 INFO  : Context for 'APU' is selected.
23:00:10 INFO  : Hardware design and registers information is loaded from 'D:/proyectosep2/IEE2463-SEP-Proyecto-2-Z8/full_hardware/vitis/full_hardware_plt/export/full_hardware_plt/hw/DEMO_wrapper.xsa'.
23:00:10 INFO  : 'configparams force-mem-access 1' command is executed.
23:00:10 INFO  : Context for 'APU' is selected.
23:00:10 INFO  : Sourcing of 'D:/proyectosep2/IEE2463-SEP-Proyecto-2-Z8/full_hardware/vitis/full_hardware_sw/_ide/psinit/ps7_init.tcl' is done.
23:00:11 INFO  : 'ps7_init' command is executed.
23:00:11 INFO  : 'ps7_post_config' command is executed.
23:00:11 INFO  : Context for processor 'ps7_cortexa9_0' is selected.
23:00:12 INFO  : The application 'D:/proyectosep2/IEE2463-SEP-Proyecto-2-Z8/full_hardware/vitis/full_hardware_sw/Debug/full_hardware_sw.elf' is downloaded to processor 'ps7_cortexa9_0'.
23:00:12 INFO  : Context for processor 'ps7_cortexa9_1' is selected.
23:00:12 INFO  : The application 'D:/proyectosep2/IEE2463-SEP-Proyecto-2-Z8/full_hardware/vitis/music_player_sw/Debug/music_player_sw.elf' is downloaded to processor 'ps7_cortexa9_1'.
23:00:12 INFO  : 'configparams force-mem-access 0' command is executed.
23:00:12 INFO  : ----------------XSDB Script----------------
connect -url tcp:127.0.0.1:3121
targets -set -nocase -filter {name =~"APU*"}
rst -system
after 3000
targets -set -filter {jtag_cable_name =~ "Digilent Zybo Z7 210351B3FC8DA" && level==0 && jtag_device_ctx=="jsn-Zybo Z7-210351B3FC8DA-13722093-0"}
fpga -file D:/proyectosep2/IEE2463-SEP-Proyecto-2-Z8/full_hardware/vitis/full_hardware_sw/_ide/bitstream/DEMO_wrapper.bit
targets -set -nocase -filter {name =~"APU*"}
loadhw -hw D:/proyectosep2/IEE2463-SEP-Proyecto-2-Z8/full_hardware/vitis/full_hardware_plt/export/full_hardware_plt/hw/DEMO_wrapper.xsa -mem-ranges [list {0x40000000 0xbfffffff}] -regs
configparams force-mem-access 1
targets -set -nocase -filter {name =~"APU*"}
source D:/proyectosep2/IEE2463-SEP-Proyecto-2-Z8/full_hardware/vitis/full_hardware_sw/_ide/psinit/ps7_init.tcl
ps7_init
ps7_post_config
targets -set -nocase -filter {name =~ "*A9*#0"}
dow D:/proyectosep2/IEE2463-SEP-Proyecto-2-Z8/full_hardware/vitis/full_hardware_sw/Debug/full_hardware_sw.elf
targets -set -nocase -filter {name =~ "*A9*#1"}
dow D:/proyectosep2/IEE2463-SEP-Proyecto-2-Z8/full_hardware/vitis/music_player_sw/Debug/music_player_sw.elf
configparams force-mem-access 0
----------------End of Script----------------

23:00:12 INFO  : Context for processor 'ps7_cortexa9_0' is selected.
23:00:12 INFO  : 'con' command is executed.
23:00:12 INFO  : Context for processor 'ps7_cortexa9_1' is selected.
23:00:12 INFO  : 'con' command is executed.
23:00:12 INFO  : ----------------XSDB Script (After Launch)----------------
targets -set -nocase -filter {name =~ "*A9*#0"}
con
targets -set -nocase -filter {name =~ "*A9*#1"}
con
----------------End of Script----------------

23:00:12 INFO  : Launch script is exported to file 'D:\proyectosep2\IEE2463-SEP-Proyecto-2-Z8\full_hardware\vitis\.sdk\launch_scripts\single_application_debug\systemdebugger_full_hardware_sw_system_standalone.tcl'
23:01:28 INFO  : Disconnected from the channel tcfchan#15.
23:01:34 INFO  : Checking for BSP changes to sync application flags for project 'full_hardware_sw'...
23:01:37 INFO  : Checking for BSP changes to sync application flags for project 'music_player_sw'...
23:01:39 ERROR : (XSDB Server)ERROR: [Hsi 55-1571] The design file D:/proyectosep2/IEE2463-SEP-Proyecto-2-Z8/full_hardware/vitis/full_hardware_plt/export/full_hardware_plt/hw/DEMO_wrapper.xsa is already opened

23:01:49 INFO  : Connected to target on host '127.0.0.1' and port '3121'.
23:01:50 INFO  : Jtag cable 'Digilent Zybo Z7 210351B3FC8DA' is selected.
23:01:50 INFO  : 'jtag frequency' command is executed.
23:01:50 INFO  : Context for 'APU' is selected.
23:01:50 INFO  : System reset is completed.
23:01:53 INFO  : 'after 3000' command is executed.
23:01:53 INFO  : 'targets -set -filter {jtag_cable_name =~ "Digilent Zybo Z7 210351B3FC8DA" && level==0 && jtag_device_ctx=="jsn-Zybo Z7-210351B3FC8DA-13722093-0"}' command is executed.
23:01:54 INFO  : FPGA configured successfully with bitstream "D:/proyectosep2/IEE2463-SEP-Proyecto-2-Z8/full_hardware/vitis/full_hardware_sw/_ide/bitstream/DEMO_wrapper.bit"
23:01:54 INFO  : Context for 'APU' is selected.
23:01:55 INFO  : Hardware design and registers information is loaded from 'D:/proyectosep2/IEE2463-SEP-Proyecto-2-Z8/full_hardware/vitis/full_hardware_plt/export/full_hardware_plt/hw/DEMO_wrapper.xsa'.
23:01:55 INFO  : 'configparams force-mem-access 1' command is executed.
23:01:55 INFO  : Context for 'APU' is selected.
23:01:55 INFO  : Sourcing of 'D:/proyectosep2/IEE2463-SEP-Proyecto-2-Z8/full_hardware/vitis/full_hardware_sw/_ide/psinit/ps7_init.tcl' is done.
23:01:55 INFO  : 'ps7_init' command is executed.
23:01:55 INFO  : 'ps7_post_config' command is executed.
23:01:55 INFO  : Context for processor 'ps7_cortexa9_0' is selected.
23:01:56 INFO  : The application 'D:/proyectosep2/IEE2463-SEP-Proyecto-2-Z8/full_hardware/vitis/full_hardware_sw/Debug/full_hardware_sw.elf' is downloaded to processor 'ps7_cortexa9_0'.
23:01:56 INFO  : Context for processor 'ps7_cortexa9_1' is selected.
23:01:56 INFO  : The application 'D:/proyectosep2/IEE2463-SEP-Proyecto-2-Z8/full_hardware/vitis/music_player_sw/Debug/music_player_sw.elf' is downloaded to processor 'ps7_cortexa9_1'.
23:01:56 INFO  : 'configparams force-mem-access 0' command is executed.
23:01:56 INFO  : ----------------XSDB Script----------------
connect -url tcp:127.0.0.1:3121
targets -set -nocase -filter {name =~"APU*"}
rst -system
after 3000
targets -set -filter {jtag_cable_name =~ "Digilent Zybo Z7 210351B3FC8DA" && level==0 && jtag_device_ctx=="jsn-Zybo Z7-210351B3FC8DA-13722093-0"}
fpga -file D:/proyectosep2/IEE2463-SEP-Proyecto-2-Z8/full_hardware/vitis/full_hardware_sw/_ide/bitstream/DEMO_wrapper.bit
targets -set -nocase -filter {name =~"APU*"}
loadhw -hw D:/proyectosep2/IEE2463-SEP-Proyecto-2-Z8/full_hardware/vitis/full_hardware_plt/export/full_hardware_plt/hw/DEMO_wrapper.xsa -mem-ranges [list {0x40000000 0xbfffffff}] -regs
configparams force-mem-access 1
targets -set -nocase -filter {name =~"APU*"}
source D:/proyectosep2/IEE2463-SEP-Proyecto-2-Z8/full_hardware/vitis/full_hardware_sw/_ide/psinit/ps7_init.tcl
ps7_init
ps7_post_config
targets -set -nocase -filter {name =~ "*A9*#0"}
dow D:/proyectosep2/IEE2463-SEP-Proyecto-2-Z8/full_hardware/vitis/full_hardware_sw/Debug/full_hardware_sw.elf
targets -set -nocase -filter {name =~ "*A9*#1"}
dow D:/proyectosep2/IEE2463-SEP-Proyecto-2-Z8/full_hardware/vitis/music_player_sw/Debug/music_player_sw.elf
configparams force-mem-access 0
----------------End of Script----------------

23:01:56 INFO  : Context for processor 'ps7_cortexa9_0' is selected.
23:01:57 INFO  : 'con' command is executed.
23:01:57 INFO  : Context for processor 'ps7_cortexa9_1' is selected.
23:01:57 INFO  : 'con' command is executed.
23:01:57 INFO  : ----------------XSDB Script (After Launch)----------------
targets -set -nocase -filter {name =~ "*A9*#0"}
con
targets -set -nocase -filter {name =~ "*A9*#1"}
con
----------------End of Script----------------

23:01:57 INFO  : Launch script is exported to file 'D:\proyectosep2\IEE2463-SEP-Proyecto-2-Z8\full_hardware\vitis\.sdk\launch_scripts\single_application_debug\systemdebugger_full_hardware_sw_system_standalone.tcl'
23:02:03 INFO  : Disconnected from the channel tcfchan#17.
23:02:03 INFO  : Connected to target on host '127.0.0.1' and port '3121'.
23:02:03 INFO  : Jtag cable 'Digilent Zybo Z7 210351B3FC8DA' is selected.
23:02:03 INFO  : 'jtag frequency' command is executed.
23:02:03 INFO  : Context for 'APU' is selected.
23:02:03 INFO  : System reset is completed.
23:02:06 INFO  : 'after 3000' command is executed.
23:02:06 INFO  : 'targets -set -filter {jtag_cable_name =~ "Digilent Zybo Z7 210351B3FC8DA" && level==0 && jtag_device_ctx=="jsn-Zybo Z7-210351B3FC8DA-13722093-0"}' command is executed.
23:02:08 INFO  : FPGA configured successfully with bitstream "D:/proyectosep2/IEE2463-SEP-Proyecto-2-Z8/full_hardware/vitis/full_hardware_sw/_ide/bitstream/DEMO_wrapper.bit"
23:02:08 INFO  : Context for 'APU' is selected.
23:02:09 INFO  : Hardware design and registers information is loaded from 'D:/proyectosep2/IEE2463-SEP-Proyecto-2-Z8/full_hardware/vitis/full_hardware_plt/export/full_hardware_plt/hw/DEMO_wrapper.xsa'.
23:02:09 INFO  : 'configparams force-mem-access 1' command is executed.
23:02:09 INFO  : Context for 'APU' is selected.
23:02:09 INFO  : Sourcing of 'D:/proyectosep2/IEE2463-SEP-Proyecto-2-Z8/full_hardware/vitis/full_hardware_sw/_ide/psinit/ps7_init.tcl' is done.
23:02:10 INFO  : 'ps7_init' command is executed.
23:02:10 INFO  : 'ps7_post_config' command is executed.
23:02:10 INFO  : Context for processor 'ps7_cortexa9_0' is selected.
23:02:11 INFO  : The application 'D:/proyectosep2/IEE2463-SEP-Proyecto-2-Z8/full_hardware/vitis/full_hardware_sw/Debug/full_hardware_sw.elf' is downloaded to processor 'ps7_cortexa9_0'.
23:02:11 INFO  : Context for processor 'ps7_cortexa9_1' is selected.
23:02:11 INFO  : The application 'D:/proyectosep2/IEE2463-SEP-Proyecto-2-Z8/full_hardware/vitis/music_player_sw/Debug/music_player_sw.elf' is downloaded to processor 'ps7_cortexa9_1'.
23:02:11 INFO  : 'configparams force-mem-access 0' command is executed.
23:02:11 INFO  : ----------------XSDB Script----------------
connect -url tcp:127.0.0.1:3121
targets -set -nocase -filter {name =~"APU*"}
rst -system
after 3000
targets -set -filter {jtag_cable_name =~ "Digilent Zybo Z7 210351B3FC8DA" && level==0 && jtag_device_ctx=="jsn-Zybo Z7-210351B3FC8DA-13722093-0"}
fpga -file D:/proyectosep2/IEE2463-SEP-Proyecto-2-Z8/full_hardware/vitis/full_hardware_sw/_ide/bitstream/DEMO_wrapper.bit
targets -set -nocase -filter {name =~"APU*"}
loadhw -hw D:/proyectosep2/IEE2463-SEP-Proyecto-2-Z8/full_hardware/vitis/full_hardware_plt/export/full_hardware_plt/hw/DEMO_wrapper.xsa -mem-ranges [list {0x40000000 0xbfffffff}] -regs
configparams force-mem-access 1
targets -set -nocase -filter {name =~"APU*"}
source D:/proyectosep2/IEE2463-SEP-Proyecto-2-Z8/full_hardware/vitis/full_hardware_sw/_ide/psinit/ps7_init.tcl
ps7_init
ps7_post_config
targets -set -nocase -filter {name =~ "*A9*#0"}
dow D:/proyectosep2/IEE2463-SEP-Proyecto-2-Z8/full_hardware/vitis/full_hardware_sw/Debug/full_hardware_sw.elf
targets -set -nocase -filter {name =~ "*A9*#1"}
dow D:/proyectosep2/IEE2463-SEP-Proyecto-2-Z8/full_hardware/vitis/music_player_sw/Debug/music_player_sw.elf
configparams force-mem-access 0
----------------End of Script----------------

23:02:11 INFO  : Context for processor 'ps7_cortexa9_0' is selected.
23:02:11 INFO  : 'con' command is executed.
23:02:11 INFO  : Context for processor 'ps7_cortexa9_1' is selected.
23:02:11 INFO  : 'con' command is executed.
23:02:11 INFO  : ----------------XSDB Script (After Launch)----------------
targets -set -nocase -filter {name =~ "*A9*#0"}
con
targets -set -nocase -filter {name =~ "*A9*#1"}
con
----------------End of Script----------------

23:02:11 INFO  : Launch script is exported to file 'D:\proyectosep2\IEE2463-SEP-Proyecto-2-Z8\full_hardware\vitis\.sdk\launch_scripts\single_application_debug\systemdebugger_full_hardware_sw_system_standalone.tcl'
23:02:37 INFO  : Checking for BSP changes to sync application flags for project 'full_hardware_sw'...
23:02:38 INFO  : Checking for BSP changes to sync application flags for project 'music_player_sw'...
23:02:40 ERROR : (XSDB Server)ERROR: [Hsi 55-1571] The design file D:/proyectosep2/IEE2463-SEP-Proyecto-2-Z8/full_hardware/vitis/full_hardware_plt/export/full_hardware_plt/hw/DEMO_wrapper.xsa is already opened

23:02:55 INFO  : Disconnected from the channel tcfchan#18.
23:02:55 INFO  : Connected to target on host '127.0.0.1' and port '3121'.
23:02:55 INFO  : Jtag cable 'Digilent Zybo Z7 210351B3FC8DA' is selected.
23:02:55 INFO  : 'jtag frequency' command is executed.
23:02:55 INFO  : Context for 'APU' is selected.
23:02:55 INFO  : System reset is completed.
23:02:58 INFO  : 'after 3000' command is executed.
23:02:58 INFO  : 'targets -set -filter {jtag_cable_name =~ "Digilent Zybo Z7 210351B3FC8DA" && level==0 && jtag_device_ctx=="jsn-Zybo Z7-210351B3FC8DA-13722093-0"}' command is executed.
23:03:00 INFO  : FPGA configured successfully with bitstream "D:/proyectosep2/IEE2463-SEP-Proyecto-2-Z8/full_hardware/vitis/full_hardware_sw/_ide/bitstream/DEMO_wrapper.bit"
23:03:00 INFO  : Context for 'APU' is selected.
23:03:02 INFO  : Hardware design and registers information is loaded from 'D:/proyectosep2/IEE2463-SEP-Proyecto-2-Z8/full_hardware/vitis/full_hardware_plt/export/full_hardware_plt/hw/DEMO_wrapper.xsa'.
23:03:02 INFO  : 'configparams force-mem-access 1' command is executed.
23:03:02 INFO  : Context for 'APU' is selected.
23:03:02 INFO  : Sourcing of 'D:/proyectosep2/IEE2463-SEP-Proyecto-2-Z8/full_hardware/vitis/full_hardware_sw/_ide/psinit/ps7_init.tcl' is done.
23:03:02 INFO  : 'ps7_init' command is executed.
23:03:02 INFO  : 'ps7_post_config' command is executed.
23:03:02 INFO  : Context for processor 'ps7_cortexa9_0' is selected.
23:03:03 INFO  : The application 'D:/proyectosep2/IEE2463-SEP-Proyecto-2-Z8/full_hardware/vitis/full_hardware_sw/Debug/full_hardware_sw.elf' is downloaded to processor 'ps7_cortexa9_0'.
23:03:03 INFO  : Context for processor 'ps7_cortexa9_1' is selected.
23:03:03 INFO  : The application 'D:/proyectosep2/IEE2463-SEP-Proyecto-2-Z8/full_hardware/vitis/music_player_sw/Debug/music_player_sw.elf' is downloaded to processor 'ps7_cortexa9_1'.
23:03:03 INFO  : 'configparams force-mem-access 0' command is executed.
23:03:03 INFO  : ----------------XSDB Script----------------
connect -url tcp:127.0.0.1:3121
targets -set -nocase -filter {name =~"APU*"}
rst -system
after 3000
targets -set -filter {jtag_cable_name =~ "Digilent Zybo Z7 210351B3FC8DA" && level==0 && jtag_device_ctx=="jsn-Zybo Z7-210351B3FC8DA-13722093-0"}
fpga -file D:/proyectosep2/IEE2463-SEP-Proyecto-2-Z8/full_hardware/vitis/full_hardware_sw/_ide/bitstream/DEMO_wrapper.bit
targets -set -nocase -filter {name =~"APU*"}
loadhw -hw D:/proyectosep2/IEE2463-SEP-Proyecto-2-Z8/full_hardware/vitis/full_hardware_plt/export/full_hardware_plt/hw/DEMO_wrapper.xsa -mem-ranges [list {0x40000000 0xbfffffff}] -regs
configparams force-mem-access 1
targets -set -nocase -filter {name =~"APU*"}
source D:/proyectosep2/IEE2463-SEP-Proyecto-2-Z8/full_hardware/vitis/full_hardware_sw/_ide/psinit/ps7_init.tcl
ps7_init
ps7_post_config
targets -set -nocase -filter {name =~ "*A9*#0"}
dow D:/proyectosep2/IEE2463-SEP-Proyecto-2-Z8/full_hardware/vitis/full_hardware_sw/Debug/full_hardware_sw.elf
targets -set -nocase -filter {name =~ "*A9*#1"}
dow D:/proyectosep2/IEE2463-SEP-Proyecto-2-Z8/full_hardware/vitis/music_player_sw/Debug/music_player_sw.elf
configparams force-mem-access 0
----------------End of Script----------------

23:03:03 INFO  : Context for processor 'ps7_cortexa9_0' is selected.
23:03:03 INFO  : 'con' command is executed.
23:03:03 INFO  : Context for processor 'ps7_cortexa9_1' is selected.
23:03:03 INFO  : 'con' command is executed.
23:03:03 INFO  : ----------------XSDB Script (After Launch)----------------
targets -set -nocase -filter {name =~ "*A9*#0"}
con
targets -set -nocase -filter {name =~ "*A9*#1"}
con
----------------End of Script----------------

23:03:03 INFO  : Launch script is exported to file 'D:\proyectosep2\IEE2463-SEP-Proyecto-2-Z8\full_hardware\vitis\.sdk\launch_scripts\single_application_debug\systemdebugger_full_hardware_sw_system_standalone.tcl'
23:04:20 INFO  : Disconnected from the channel tcfchan#20.
23:05:24 INFO  : Connected to target on host '127.0.0.1' and port '3121'.
23:05:24 INFO  : Jtag cable 'Digilent Zybo Z7 210351B3FC8DA' is selected.
23:05:24 INFO  : 'jtag frequency' command is executed.
23:05:24 INFO  : Context for 'APU' is selected.
23:05:24 INFO  : System reset is completed.
23:05:27 INFO  : 'after 3000' command is executed.
23:05:27 INFO  : 'targets -set -filter {jtag_cable_name =~ "Digilent Zybo Z7 210351B3FC8DA" && level==0 && jtag_device_ctx=="jsn-Zybo Z7-210351B3FC8DA-13722093-0"}' command is executed.
23:05:29 INFO  : FPGA configured successfully with bitstream "D:/proyectosep2/IEE2463-SEP-Proyecto-2-Z8/full_hardware/vitis/full_hardware_sw/_ide/bitstream/DEMO_wrapper.bit"
23:05:29 INFO  : Context for 'APU' is selected.
23:05:30 INFO  : Hardware design and registers information is loaded from 'D:/proyectosep2/IEE2463-SEP-Proyecto-2-Z8/full_hardware/vitis/full_hardware_plt/export/full_hardware_plt/hw/DEMO_wrapper.xsa'.
23:05:30 INFO  : 'configparams force-mem-access 1' command is executed.
23:05:31 INFO  : Context for 'APU' is selected.
23:05:31 INFO  : Sourcing of 'D:/proyectosep2/IEE2463-SEP-Proyecto-2-Z8/full_hardware/vitis/full_hardware_sw/_ide/psinit/ps7_init.tcl' is done.
23:05:31 INFO  : 'ps7_init' command is executed.
23:05:31 INFO  : 'ps7_post_config' command is executed.
23:05:31 INFO  : Context for processor 'ps7_cortexa9_0' is selected.
23:05:32 INFO  : The application 'D:/proyectosep2/IEE2463-SEP-Proyecto-2-Z8/full_hardware/vitis/full_hardware_sw/Debug/full_hardware_sw.elf' is downloaded to processor 'ps7_cortexa9_0'.
23:05:32 INFO  : Context for processor 'ps7_cortexa9_1' is selected.
23:05:32 INFO  : The application 'D:/proyectosep2/IEE2463-SEP-Proyecto-2-Z8/full_hardware/vitis/music_player_sw/Debug/music_player_sw.elf' is downloaded to processor 'ps7_cortexa9_1'.
23:05:32 INFO  : 'configparams force-mem-access 0' command is executed.
23:05:32 INFO  : ----------------XSDB Script----------------
connect -url tcp:127.0.0.1:3121
targets -set -nocase -filter {name =~"APU*"}
rst -system
after 3000
targets -set -filter {jtag_cable_name =~ "Digilent Zybo Z7 210351B3FC8DA" && level==0 && jtag_device_ctx=="jsn-Zybo Z7-210351B3FC8DA-13722093-0"}
fpga -file D:/proyectosep2/IEE2463-SEP-Proyecto-2-Z8/full_hardware/vitis/full_hardware_sw/_ide/bitstream/DEMO_wrapper.bit
targets -set -nocase -filter {name =~"APU*"}
loadhw -hw D:/proyectosep2/IEE2463-SEP-Proyecto-2-Z8/full_hardware/vitis/full_hardware_plt/export/full_hardware_plt/hw/DEMO_wrapper.xsa -mem-ranges [list {0x40000000 0xbfffffff}] -regs
configparams force-mem-access 1
targets -set -nocase -filter {name =~"APU*"}
source D:/proyectosep2/IEE2463-SEP-Proyecto-2-Z8/full_hardware/vitis/full_hardware_sw/_ide/psinit/ps7_init.tcl
ps7_init
ps7_post_config
targets -set -nocase -filter {name =~ "*A9*#0"}
dow D:/proyectosep2/IEE2463-SEP-Proyecto-2-Z8/full_hardware/vitis/full_hardware_sw/Debug/full_hardware_sw.elf
targets -set -nocase -filter {name =~ "*A9*#1"}
dow D:/proyectosep2/IEE2463-SEP-Proyecto-2-Z8/full_hardware/vitis/music_player_sw/Debug/music_player_sw.elf
configparams force-mem-access 0
----------------End of Script----------------

23:05:32 INFO  : Context for processor 'ps7_cortexa9_0' is selected.
23:05:32 INFO  : 'con' command is executed.
23:05:32 INFO  : Context for processor 'ps7_cortexa9_1' is selected.
23:05:32 INFO  : 'con' command is executed.
23:05:32 INFO  : ----------------XSDB Script (After Launch)----------------
targets -set -nocase -filter {name =~ "*A9*#0"}
con
targets -set -nocase -filter {name =~ "*A9*#1"}
con
----------------End of Script----------------

23:05:32 INFO  : Launch script is exported to file 'D:\proyectosep2\IEE2463-SEP-Proyecto-2-Z8\full_hardware\vitis\.sdk\launch_scripts\single_application_debug\systemdebugger_full_hardware_sw_system_standalone.tcl'
23:08:08 INFO  : Disconnected from the channel tcfchan#21.
23:08:08 INFO  : Connected to target on host '127.0.0.1' and port '3121'.
23:08:08 INFO  : Jtag cable 'Digilent Zybo Z7 210351B3FC8DA' is selected.
23:08:08 INFO  : 'jtag frequency' command is executed.
23:08:08 INFO  : Context for 'APU' is selected.
23:08:08 INFO  : System reset is completed.
23:08:11 INFO  : 'after 3000' command is executed.
23:08:12 INFO  : 'targets -set -filter {jtag_cable_name =~ "Digilent Zybo Z7 210351B3FC8DA" && level==0 && jtag_device_ctx=="jsn-Zybo Z7-210351B3FC8DA-13722093-0"}' command is executed.
23:08:13 INFO  : FPGA configured successfully with bitstream "D:/proyectosep2/IEE2463-SEP-Proyecto-2-Z8/full_hardware/vitis/full_hardware_sw/_ide/bitstream/DEMO_wrapper.bit"
23:08:13 INFO  : Context for 'APU' is selected.
23:08:15 INFO  : Hardware design and registers information is loaded from 'D:/proyectosep2/IEE2463-SEP-Proyecto-2-Z8/full_hardware/vitis/full_hardware_plt/export/full_hardware_plt/hw/DEMO_wrapper.xsa'.
23:08:15 INFO  : 'configparams force-mem-access 1' command is executed.
23:08:15 INFO  : Context for 'APU' is selected.
23:08:15 INFO  : Sourcing of 'D:/proyectosep2/IEE2463-SEP-Proyecto-2-Z8/full_hardware/vitis/full_hardware_sw/_ide/psinit/ps7_init.tcl' is done.
23:08:15 INFO  : 'ps7_init' command is executed.
23:08:15 INFO  : 'ps7_post_config' command is executed.
23:08:15 INFO  : Context for processor 'ps7_cortexa9_0' is selected.
23:08:16 INFO  : The application 'D:/proyectosep2/IEE2463-SEP-Proyecto-2-Z8/full_hardware/vitis/full_hardware_sw/Debug/full_hardware_sw.elf' is downloaded to processor 'ps7_cortexa9_0'.
23:08:16 INFO  : Context for processor 'ps7_cortexa9_1' is selected.
23:08:16 INFO  : The application 'D:/proyectosep2/IEE2463-SEP-Proyecto-2-Z8/full_hardware/vitis/music_player_sw/Debug/music_player_sw.elf' is downloaded to processor 'ps7_cortexa9_1'.
23:08:16 INFO  : 'configparams force-mem-access 0' command is executed.
23:08:16 INFO  : ----------------XSDB Script----------------
connect -url tcp:127.0.0.1:3121
targets -set -nocase -filter {name =~"APU*"}
rst -system
after 3000
targets -set -filter {jtag_cable_name =~ "Digilent Zybo Z7 210351B3FC8DA" && level==0 && jtag_device_ctx=="jsn-Zybo Z7-210351B3FC8DA-13722093-0"}
fpga -file D:/proyectosep2/IEE2463-SEP-Proyecto-2-Z8/full_hardware/vitis/full_hardware_sw/_ide/bitstream/DEMO_wrapper.bit
targets -set -nocase -filter {name =~"APU*"}
loadhw -hw D:/proyectosep2/IEE2463-SEP-Proyecto-2-Z8/full_hardware/vitis/full_hardware_plt/export/full_hardware_plt/hw/DEMO_wrapper.xsa -mem-ranges [list {0x40000000 0xbfffffff}] -regs
configparams force-mem-access 1
targets -set -nocase -filter {name =~"APU*"}
source D:/proyectosep2/IEE2463-SEP-Proyecto-2-Z8/full_hardware/vitis/full_hardware_sw/_ide/psinit/ps7_init.tcl
ps7_init
ps7_post_config
targets -set -nocase -filter {name =~ "*A9*#0"}
dow D:/proyectosep2/IEE2463-SEP-Proyecto-2-Z8/full_hardware/vitis/full_hardware_sw/Debug/full_hardware_sw.elf
targets -set -nocase -filter {name =~ "*A9*#1"}
dow D:/proyectosep2/IEE2463-SEP-Proyecto-2-Z8/full_hardware/vitis/music_player_sw/Debug/music_player_sw.elf
configparams force-mem-access 0
----------------End of Script----------------

23:08:16 INFO  : Context for processor 'ps7_cortexa9_0' is selected.
23:08:16 INFO  : 'con' command is executed.
23:08:16 INFO  : Context for processor 'ps7_cortexa9_1' is selected.
23:08:16 INFO  : 'con' command is executed.
23:08:16 INFO  : ----------------XSDB Script (After Launch)----------------
targets -set -nocase -filter {name =~ "*A9*#0"}
con
targets -set -nocase -filter {name =~ "*A9*#1"}
con
----------------End of Script----------------

23:08:16 INFO  : Launch script is exported to file 'D:\proyectosep2\IEE2463-SEP-Proyecto-2-Z8\full_hardware\vitis\.sdk\launch_scripts\single_application_debug\systemdebugger_full_hardware_sw_system_standalone.tcl'
23:08:42 INFO  : Disconnected from the channel tcfchan#22.
23:08:42 INFO  : Connected to target on host '127.0.0.1' and port '3121'.
23:08:42 INFO  : Jtag cable 'Digilent Zybo Z7 210351B3FC8DA' is selected.
23:08:42 INFO  : 'jtag frequency' command is executed.
23:08:42 INFO  : Context for 'APU' is selected.
23:08:42 INFO  : System reset is completed.
23:08:45 INFO  : 'after 3000' command is executed.
23:08:45 INFO  : 'targets -set -filter {jtag_cable_name =~ "Digilent Zybo Z7 210351B3FC8DA" && level==0 && jtag_device_ctx=="jsn-Zybo Z7-210351B3FC8DA-13722093-0"}' command is executed.
23:08:47 INFO  : FPGA configured successfully with bitstream "D:/proyectosep2/IEE2463-SEP-Proyecto-2-Z8/full_hardware/vitis/full_hardware_sw/_ide/bitstream/DEMO_wrapper.bit"
23:08:47 INFO  : Context for 'APU' is selected.
23:08:48 INFO  : Hardware design and registers information is loaded from 'D:/proyectosep2/IEE2463-SEP-Proyecto-2-Z8/full_hardware/vitis/full_hardware_plt/export/full_hardware_plt/hw/DEMO_wrapper.xsa'.
23:08:48 INFO  : 'configparams force-mem-access 1' command is executed.
23:08:48 INFO  : Context for 'APU' is selected.
23:08:48 INFO  : Sourcing of 'D:/proyectosep2/IEE2463-SEP-Proyecto-2-Z8/full_hardware/vitis/full_hardware_sw/_ide/psinit/ps7_init.tcl' is done.
23:08:49 INFO  : 'ps7_init' command is executed.
23:08:49 INFO  : 'ps7_post_config' command is executed.
23:08:49 INFO  : Context for processor 'ps7_cortexa9_0' is selected.
23:08:50 INFO  : The application 'D:/proyectosep2/IEE2463-SEP-Proyecto-2-Z8/full_hardware/vitis/full_hardware_sw/Debug/full_hardware_sw.elf' is downloaded to processor 'ps7_cortexa9_0'.
23:08:50 INFO  : Context for processor 'ps7_cortexa9_1' is selected.
23:08:50 INFO  : The application 'D:/proyectosep2/IEE2463-SEP-Proyecto-2-Z8/full_hardware/vitis/music_player_sw/Debug/music_player_sw.elf' is downloaded to processor 'ps7_cortexa9_1'.
23:08:50 INFO  : 'configparams force-mem-access 0' command is executed.
23:08:50 INFO  : ----------------XSDB Script----------------
connect -url tcp:127.0.0.1:3121
targets -set -nocase -filter {name =~"APU*"}
rst -system
after 3000
targets -set -filter {jtag_cable_name =~ "Digilent Zybo Z7 210351B3FC8DA" && level==0 && jtag_device_ctx=="jsn-Zybo Z7-210351B3FC8DA-13722093-0"}
fpga -file D:/proyectosep2/IEE2463-SEP-Proyecto-2-Z8/full_hardware/vitis/full_hardware_sw/_ide/bitstream/DEMO_wrapper.bit
targets -set -nocase -filter {name =~"APU*"}
loadhw -hw D:/proyectosep2/IEE2463-SEP-Proyecto-2-Z8/full_hardware/vitis/full_hardware_plt/export/full_hardware_plt/hw/DEMO_wrapper.xsa -mem-ranges [list {0x40000000 0xbfffffff}] -regs
configparams force-mem-access 1
targets -set -nocase -filter {name =~"APU*"}
source D:/proyectosep2/IEE2463-SEP-Proyecto-2-Z8/full_hardware/vitis/full_hardware_sw/_ide/psinit/ps7_init.tcl
ps7_init
ps7_post_config
targets -set -nocase -filter {name =~ "*A9*#0"}
dow D:/proyectosep2/IEE2463-SEP-Proyecto-2-Z8/full_hardware/vitis/full_hardware_sw/Debug/full_hardware_sw.elf
targets -set -nocase -filter {name =~ "*A9*#1"}
dow D:/proyectosep2/IEE2463-SEP-Proyecto-2-Z8/full_hardware/vitis/music_player_sw/Debug/music_player_sw.elf
configparams force-mem-access 0
----------------End of Script----------------

23:08:50 INFO  : Context for processor 'ps7_cortexa9_0' is selected.
23:08:50 INFO  : 'con' command is executed.
23:08:50 INFO  : Context for processor 'ps7_cortexa9_1' is selected.
23:08:50 INFO  : 'con' command is executed.
23:08:50 INFO  : ----------------XSDB Script (After Launch)----------------
targets -set -nocase -filter {name =~ "*A9*#0"}
con
targets -set -nocase -filter {name =~ "*A9*#1"}
con
----------------End of Script----------------

23:08:50 INFO  : Launch script is exported to file 'D:\proyectosep2\IEE2463-SEP-Proyecto-2-Z8\full_hardware\vitis\.sdk\launch_scripts\single_application_debug\systemdebugger_full_hardware_sw_system_standalone.tcl'
23:12:06 INFO  : Checking for BSP changes to sync application flags for project 'full_hardware_sw'...
23:12:07 INFO  : Checking for BSP changes to sync application flags for project 'music_player_sw'...
23:12:09 ERROR : (XSDB Server)ERROR: [Hsi 55-1571] The design file D:/proyectosep2/IEE2463-SEP-Proyecto-2-Z8/full_hardware/vitis/full_hardware_plt/export/full_hardware_plt/hw/DEMO_wrapper.xsa is already opened

23:12:15 INFO  : Disconnected from the channel tcfchan#23.
23:12:15 INFO  : Connected to target on host '127.0.0.1' and port '3121'.
23:12:15 INFO  : Jtag cable 'Digilent Zybo Z7 210351B3FC8DA' is selected.
23:12:15 INFO  : 'jtag frequency' command is executed.
23:12:15 INFO  : Context for 'APU' is selected.
23:12:15 INFO  : System reset is completed.
23:12:18 INFO  : 'after 3000' command is executed.
23:12:19 INFO  : 'targets -set -filter {jtag_cable_name =~ "Digilent Zybo Z7 210351B3FC8DA" && level==0 && jtag_device_ctx=="jsn-Zybo Z7-210351B3FC8DA-13722093-0"}' command is executed.
23:12:20 INFO  : FPGA configured successfully with bitstream "D:/proyectosep2/IEE2463-SEP-Proyecto-2-Z8/full_hardware/vitis/full_hardware_sw/_ide/bitstream/DEMO_wrapper.bit"
23:12:20 INFO  : Context for 'APU' is selected.
23:12:22 INFO  : Hardware design and registers information is loaded from 'D:/proyectosep2/IEE2463-SEP-Proyecto-2-Z8/full_hardware/vitis/full_hardware_plt/export/full_hardware_plt/hw/DEMO_wrapper.xsa'.
23:12:22 INFO  : 'configparams force-mem-access 1' command is executed.
23:12:22 INFO  : Context for 'APU' is selected.
23:12:22 INFO  : Sourcing of 'D:/proyectosep2/IEE2463-SEP-Proyecto-2-Z8/full_hardware/vitis/full_hardware_sw/_ide/psinit/ps7_init.tcl' is done.
23:12:22 INFO  : 'ps7_init' command is executed.
23:12:22 INFO  : 'ps7_post_config' command is executed.
23:12:22 INFO  : Context for processor 'ps7_cortexa9_0' is selected.
23:12:23 INFO  : The application 'D:/proyectosep2/IEE2463-SEP-Proyecto-2-Z8/full_hardware/vitis/full_hardware_sw/Debug/full_hardware_sw.elf' is downloaded to processor 'ps7_cortexa9_0'.
23:12:23 INFO  : Context for processor 'ps7_cortexa9_1' is selected.
23:12:24 INFO  : The application 'D:/proyectosep2/IEE2463-SEP-Proyecto-2-Z8/full_hardware/vitis/music_player_sw/Debug/music_player_sw.elf' is downloaded to processor 'ps7_cortexa9_1'.
23:12:24 INFO  : 'configparams force-mem-access 0' command is executed.
23:12:24 INFO  : ----------------XSDB Script----------------
connect -url tcp:127.0.0.1:3121
targets -set -nocase -filter {name =~"APU*"}
rst -system
after 3000
targets -set -filter {jtag_cable_name =~ "Digilent Zybo Z7 210351B3FC8DA" && level==0 && jtag_device_ctx=="jsn-Zybo Z7-210351B3FC8DA-13722093-0"}
fpga -file D:/proyectosep2/IEE2463-SEP-Proyecto-2-Z8/full_hardware/vitis/full_hardware_sw/_ide/bitstream/DEMO_wrapper.bit
targets -set -nocase -filter {name =~"APU*"}
loadhw -hw D:/proyectosep2/IEE2463-SEP-Proyecto-2-Z8/full_hardware/vitis/full_hardware_plt/export/full_hardware_plt/hw/DEMO_wrapper.xsa -mem-ranges [list {0x40000000 0xbfffffff}] -regs
configparams force-mem-access 1
targets -set -nocase -filter {name =~"APU*"}
source D:/proyectosep2/IEE2463-SEP-Proyecto-2-Z8/full_hardware/vitis/full_hardware_sw/_ide/psinit/ps7_init.tcl
ps7_init
ps7_post_config
targets -set -nocase -filter {name =~ "*A9*#0"}
dow D:/proyectosep2/IEE2463-SEP-Proyecto-2-Z8/full_hardware/vitis/full_hardware_sw/Debug/full_hardware_sw.elf
targets -set -nocase -filter {name =~ "*A9*#1"}
dow D:/proyectosep2/IEE2463-SEP-Proyecto-2-Z8/full_hardware/vitis/music_player_sw/Debug/music_player_sw.elf
configparams force-mem-access 0
----------------End of Script----------------

23:12:24 INFO  : Context for processor 'ps7_cortexa9_0' is selected.
23:12:24 INFO  : 'con' command is executed.
23:12:24 INFO  : Context for processor 'ps7_cortexa9_1' is selected.
23:12:24 INFO  : 'con' command is executed.
23:12:24 INFO  : ----------------XSDB Script (After Launch)----------------
targets -set -nocase -filter {name =~ "*A9*#0"}
con
targets -set -nocase -filter {name =~ "*A9*#1"}
con
----------------End of Script----------------

23:12:24 INFO  : Launch script is exported to file 'D:\proyectosep2\IEE2463-SEP-Proyecto-2-Z8\full_hardware\vitis\.sdk\launch_scripts\single_application_debug\systemdebugger_full_hardware_sw_system_standalone.tcl'
23:13:13 INFO  : Checking for BSP changes to sync application flags for project 'full_hardware_sw'...
23:13:14 INFO  : Checking for BSP changes to sync application flags for project 'music_player_sw'...
23:13:16 ERROR : (XSDB Server)ERROR: [Hsi 55-1571] The design file D:/proyectosep2/IEE2463-SEP-Proyecto-2-Z8/full_hardware/vitis/full_hardware_plt/export/full_hardware_plt/hw/DEMO_wrapper.xsa is already opened

23:13:22 INFO  : Disconnected from the channel tcfchan#25.
23:13:22 INFO  : Connected to target on host '127.0.0.1' and port '3121'.
23:13:28 INFO  : Jtag cable 'Digilent Zybo Z7 210351B3FC8DA' is selected.
23:13:28 INFO  : 'jtag frequency' command is executed.
23:13:28 INFO  : Context for 'APU' is selected.
23:13:28 INFO  : System reset is completed.
23:13:31 INFO  : 'after 3000' command is executed.
23:13:31 INFO  : 'targets -set -filter {jtag_cable_name =~ "Digilent Zybo Z7 210351B3FC8DA" && level==0 && jtag_device_ctx=="jsn-Zybo Z7-210351B3FC8DA-13722093-0"}' command is executed.
23:13:32 INFO  : FPGA configured successfully with bitstream "D:/proyectosep2/IEE2463-SEP-Proyecto-2-Z8/full_hardware/vitis/full_hardware_sw/_ide/bitstream/DEMO_wrapper.bit"
23:13:32 INFO  : Context for 'APU' is selected.
23:13:34 INFO  : Hardware design and registers information is loaded from 'D:/proyectosep2/IEE2463-SEP-Proyecto-2-Z8/full_hardware/vitis/full_hardware_plt/export/full_hardware_plt/hw/DEMO_wrapper.xsa'.
23:13:34 INFO  : 'configparams force-mem-access 1' command is executed.
23:13:34 INFO  : Context for 'APU' is selected.
23:13:34 INFO  : Sourcing of 'D:/proyectosep2/IEE2463-SEP-Proyecto-2-Z8/full_hardware/vitis/full_hardware_sw/_ide/psinit/ps7_init.tcl' is done.
23:13:34 INFO  : 'ps7_init' command is executed.
23:13:34 INFO  : 'ps7_post_config' command is executed.
23:13:34 INFO  : Context for processor 'ps7_cortexa9_0' is selected.
23:13:35 INFO  : The application 'D:/proyectosep2/IEE2463-SEP-Proyecto-2-Z8/full_hardware/vitis/full_hardware_sw/Debug/full_hardware_sw.elf' is downloaded to processor 'ps7_cortexa9_0'.
23:13:35 INFO  : Context for processor 'ps7_cortexa9_1' is selected.
23:13:35 INFO  : The application 'D:/proyectosep2/IEE2463-SEP-Proyecto-2-Z8/full_hardware/vitis/music_player_sw/Debug/music_player_sw.elf' is downloaded to processor 'ps7_cortexa9_1'.
23:13:35 INFO  : 'configparams force-mem-access 0' command is executed.
23:13:35 INFO  : ----------------XSDB Script----------------
connect -url tcp:127.0.0.1:3121
targets -set -nocase -filter {name =~"APU*"}
rst -system
after 3000
targets -set -filter {jtag_cable_name =~ "Digilent Zybo Z7 210351B3FC8DA" && level==0 && jtag_device_ctx=="jsn-Zybo Z7-210351B3FC8DA-13722093-0"}
fpga -file D:/proyectosep2/IEE2463-SEP-Proyecto-2-Z8/full_hardware/vitis/full_hardware_sw/_ide/bitstream/DEMO_wrapper.bit
targets -set -nocase -filter {name =~"APU*"}
loadhw -hw D:/proyectosep2/IEE2463-SEP-Proyecto-2-Z8/full_hardware/vitis/full_hardware_plt/export/full_hardware_plt/hw/DEMO_wrapper.xsa -mem-ranges [list {0x40000000 0xbfffffff}] -regs
configparams force-mem-access 1
targets -set -nocase -filter {name =~"APU*"}
source D:/proyectosep2/IEE2463-SEP-Proyecto-2-Z8/full_hardware/vitis/full_hardware_sw/_ide/psinit/ps7_init.tcl
ps7_init
ps7_post_config
targets -set -nocase -filter {name =~ "*A9*#0"}
dow D:/proyectosep2/IEE2463-SEP-Proyecto-2-Z8/full_hardware/vitis/full_hardware_sw/Debug/full_hardware_sw.elf
targets -set -nocase -filter {name =~ "*A9*#1"}
dow D:/proyectosep2/IEE2463-SEP-Proyecto-2-Z8/full_hardware/vitis/music_player_sw/Debug/music_player_sw.elf
configparams force-mem-access 0
----------------End of Script----------------

23:13:36 INFO  : Context for processor 'ps7_cortexa9_0' is selected.
23:13:36 INFO  : 'con' command is executed.
23:13:36 INFO  : Context for processor 'ps7_cortexa9_1' is selected.
23:13:36 INFO  : 'con' command is executed.
23:13:36 INFO  : ----------------XSDB Script (After Launch)----------------
targets -set -nocase -filter {name =~ "*A9*#0"}
con
targets -set -nocase -filter {name =~ "*A9*#1"}
con
----------------End of Script----------------

23:13:36 INFO  : Launch script is exported to file 'D:\proyectosep2\IEE2463-SEP-Proyecto-2-Z8\full_hardware\vitis\.sdk\launch_scripts\single_application_debug\systemdebugger_full_hardware_sw_system_standalone.tcl'
23:23:28 INFO  : Disconnected from the channel tcfchan#27.
23:23:29 INFO  : Connected to target on host '127.0.0.1' and port '3121'.
23:23:29 INFO  : Jtag cable 'Digilent Zybo Z7 210351B3FC8DA' is selected.
23:23:29 INFO  : 'jtag frequency' command is executed.
23:23:29 INFO  : Context for 'APU' is selected.
23:23:29 INFO  : System reset is completed.
23:23:32 INFO  : 'after 3000' command is executed.
23:23:33 INFO  : 'targets -set -filter {jtag_cable_name =~ "Digilent Zybo Z7 210351B3FC8DA" && level==0 && jtag_device_ctx=="jsn-Zybo Z7-210351B3FC8DA-13722093-0"}' command is executed.
23:23:34 INFO  : FPGA configured successfully with bitstream "D:/proyectosep2/IEE2463-SEP-Proyecto-2-Z8/full_hardware/vitis/full_hardware_sw/_ide/bitstream/DEMO_wrapper.bit"
23:23:34 INFO  : Context for 'APU' is selected.
23:23:36 INFO  : Hardware design and registers information is loaded from 'D:/proyectosep2/IEE2463-SEP-Proyecto-2-Z8/full_hardware/vitis/full_hardware_plt/export/full_hardware_plt/hw/DEMO_wrapper.xsa'.
23:23:36 INFO  : 'configparams force-mem-access 1' command is executed.
23:23:36 INFO  : Context for 'APU' is selected.
23:23:36 INFO  : Sourcing of 'D:/proyectosep2/IEE2463-SEP-Proyecto-2-Z8/full_hardware/vitis/full_hardware_sw/_ide/psinit/ps7_init.tcl' is done.
23:23:36 INFO  : 'ps7_init' command is executed.
23:23:36 INFO  : 'ps7_post_config' command is executed.
23:23:36 INFO  : Context for processor 'ps7_cortexa9_0' is selected.
23:23:37 INFO  : The application 'D:/proyectosep2/IEE2463-SEP-Proyecto-2-Z8/full_hardware/vitis/full_hardware_sw/Debug/full_hardware_sw.elf' is downloaded to processor 'ps7_cortexa9_0'.
23:23:37 INFO  : 'configparams force-mem-access 0' command is executed.
23:23:37 INFO  : ----------------XSDB Script----------------
connect -url tcp:127.0.0.1:3121
targets -set -nocase -filter {name =~"APU*"}
rst -system
after 3000
targets -set -filter {jtag_cable_name =~ "Digilent Zybo Z7 210351B3FC8DA" && level==0 && jtag_device_ctx=="jsn-Zybo Z7-210351B3FC8DA-13722093-0"}
fpga -file D:/proyectosep2/IEE2463-SEP-Proyecto-2-Z8/full_hardware/vitis/full_hardware_sw/_ide/bitstream/DEMO_wrapper.bit
targets -set -nocase -filter {name =~"APU*"}
loadhw -hw D:/proyectosep2/IEE2463-SEP-Proyecto-2-Z8/full_hardware/vitis/full_hardware_plt/export/full_hardware_plt/hw/DEMO_wrapper.xsa -mem-ranges [list {0x40000000 0xbfffffff}] -regs
configparams force-mem-access 1
targets -set -nocase -filter {name =~"APU*"}
source D:/proyectosep2/IEE2463-SEP-Proyecto-2-Z8/full_hardware/vitis/full_hardware_sw/_ide/psinit/ps7_init.tcl
ps7_init
ps7_post_config
targets -set -nocase -filter {name =~ "*A9*#0"}
dow D:/proyectosep2/IEE2463-SEP-Proyecto-2-Z8/full_hardware/vitis/full_hardware_sw/Debug/full_hardware_sw.elf
configparams force-mem-access 0
----------------End of Script----------------

23:23:37 INFO  : Context for processor 'ps7_cortexa9_0' is selected.
23:23:37 INFO  : 'con' command is executed.
23:23:37 INFO  : ----------------XSDB Script (After Launch)----------------
targets -set -nocase -filter {name =~ "*A9*#0"}
con
----------------End of Script----------------

23:23:37 INFO  : Launch script is exported to file 'D:\proyectosep2\IEE2463-SEP-Proyecto-2-Z8\full_hardware\vitis\.sdk\launch_scripts\single_application_debug\debugger_full_hardware_sw-default.tcl'
23:24:03 INFO  : Disconnected from the channel tcfchan#28.
23:24:04 INFO  : Connected to target on host '127.0.0.1' and port '3121'.
23:24:04 INFO  : Jtag cable 'Digilent Zybo Z7 210351B3FC8DA' is selected.
23:24:04 INFO  : 'jtag frequency' command is executed.
23:24:04 INFO  : Context for 'APU' is selected.
23:24:05 INFO  : System reset is completed.
23:24:08 INFO  : 'after 3000' command is executed.
23:24:08 INFO  : 'targets -set -filter {jtag_cable_name =~ "Digilent Zybo Z7 210351B3FC8DA" && level==0 && jtag_device_ctx=="jsn-Zybo Z7-210351B3FC8DA-13722093-0"}' command is executed.
23:24:09 INFO  : FPGA configured successfully with bitstream "D:/proyectosep2/IEE2463-SEP-Proyecto-2-Z8/full_hardware/vitis/full_hardware_sw/_ide/bitstream/DEMO_wrapper.bit"
23:24:09 INFO  : Context for 'APU' is selected.
23:24:11 INFO  : Hardware design and registers information is loaded from 'D:/proyectosep2/IEE2463-SEP-Proyecto-2-Z8/full_hardware/vitis/full_hardware_plt/export/full_hardware_plt/hw/DEMO_wrapper.xsa'.
23:24:11 INFO  : 'configparams force-mem-access 1' command is executed.
23:24:11 INFO  : Context for 'APU' is selected.
23:24:11 INFO  : Sourcing of 'D:/proyectosep2/IEE2463-SEP-Proyecto-2-Z8/full_hardware/vitis/full_hardware_sw/_ide/psinit/ps7_init.tcl' is done.
23:24:11 INFO  : 'ps7_init' command is executed.
23:24:11 INFO  : 'ps7_post_config' command is executed.
23:24:11 INFO  : Context for processor 'ps7_cortexa9_0' is selected.
23:24:12 INFO  : The application 'D:/proyectosep2/IEE2463-SEP-Proyecto-2-Z8/full_hardware/vitis/full_hardware_sw/Debug/full_hardware_sw.elf' is downloaded to processor 'ps7_cortexa9_0'.
23:24:12 INFO  : 'configparams force-mem-access 0' command is executed.
23:24:12 INFO  : ----------------XSDB Script----------------
connect -url tcp:127.0.0.1:3121
targets -set -nocase -filter {name =~"APU*"}
rst -system
after 3000
targets -set -filter {jtag_cable_name =~ "Digilent Zybo Z7 210351B3FC8DA" && level==0 && jtag_device_ctx=="jsn-Zybo Z7-210351B3FC8DA-13722093-0"}
fpga -file D:/proyectosep2/IEE2463-SEP-Proyecto-2-Z8/full_hardware/vitis/full_hardware_sw/_ide/bitstream/DEMO_wrapper.bit
targets -set -nocase -filter {name =~"APU*"}
loadhw -hw D:/proyectosep2/IEE2463-SEP-Proyecto-2-Z8/full_hardware/vitis/full_hardware_plt/export/full_hardware_plt/hw/DEMO_wrapper.xsa -mem-ranges [list {0x40000000 0xbfffffff}] -regs
configparams force-mem-access 1
targets -set -nocase -filter {name =~"APU*"}
source D:/proyectosep2/IEE2463-SEP-Proyecto-2-Z8/full_hardware/vitis/full_hardware_sw/_ide/psinit/ps7_init.tcl
ps7_init
ps7_post_config
targets -set -nocase -filter {name =~ "*A9*#0"}
dow D:/proyectosep2/IEE2463-SEP-Proyecto-2-Z8/full_hardware/vitis/full_hardware_sw/Debug/full_hardware_sw.elf
configparams force-mem-access 0
----------------End of Script----------------

23:24:12 INFO  : Context for processor 'ps7_cortexa9_0' is selected.
23:24:12 INFO  : 'con' command is executed.
23:24:12 INFO  : ----------------XSDB Script (After Launch)----------------
targets -set -nocase -filter {name =~ "*A9*#0"}
con
----------------End of Script----------------

23:24:12 INFO  : Launch script is exported to file 'D:\proyectosep2\IEE2463-SEP-Proyecto-2-Z8\full_hardware\vitis\.sdk\launch_scripts\single_application_debug\debugger_full_hardware_sw-default.tcl'
23:25:00 INFO  : Disconnected from the channel tcfchan#29.
23:25:01 INFO  : Connected to target on host '127.0.0.1' and port '3121'.
23:25:02 INFO  : Jtag cable 'Digilent Zybo Z7 210351B3FC8DA' is selected.
23:25:02 INFO  : 'jtag frequency' command is executed.
23:25:02 INFO  : Context for 'APU' is selected.
23:25:02 INFO  : System reset is completed.
23:25:05 INFO  : 'after 3000' command is executed.
23:25:05 INFO  : 'targets -set -filter {jtag_cable_name =~ "Digilent Zybo Z7 210351B3FC8DA" && level==0 && jtag_device_ctx=="jsn-Zybo Z7-210351B3FC8DA-13722093-0"}' command is executed.
23:25:06 INFO  : FPGA configured successfully with bitstream "D:/proyectosep2/IEE2463-SEP-Proyecto-2-Z8/full_hardware/vitis/full_hardware_sw/_ide/bitstream/DEMO_wrapper.bit"
23:25:06 INFO  : Context for 'APU' is selected.
23:25:08 INFO  : Hardware design and registers information is loaded from 'D:/proyectosep2/IEE2463-SEP-Proyecto-2-Z8/full_hardware/vitis/full_hardware_plt/export/full_hardware_plt/hw/DEMO_wrapper.xsa'.
23:25:08 INFO  : 'configparams force-mem-access 1' command is executed.
23:25:08 INFO  : Context for 'APU' is selected.
23:25:08 INFO  : Sourcing of 'D:/proyectosep2/IEE2463-SEP-Proyecto-2-Z8/full_hardware/vitis/full_hardware_sw/_ide/psinit/ps7_init.tcl' is done.
23:25:09 INFO  : 'ps7_init' command is executed.
23:25:09 INFO  : 'ps7_post_config' command is executed.
23:25:09 INFO  : Context for processor 'ps7_cortexa9_0' is selected.
23:25:09 INFO  : The application 'D:/proyectosep2/IEE2463-SEP-Proyecto-2-Z8/full_hardware/vitis/full_hardware_sw/Debug/full_hardware_sw.elf' is downloaded to processor 'ps7_cortexa9_0'.
23:25:09 INFO  : 'configparams force-mem-access 0' command is executed.
23:25:09 INFO  : ----------------XSDB Script----------------
connect -url tcp:127.0.0.1:3121
targets -set -nocase -filter {name =~"APU*"}
rst -system
after 3000
targets -set -filter {jtag_cable_name =~ "Digilent Zybo Z7 210351B3FC8DA" && level==0 && jtag_device_ctx=="jsn-Zybo Z7-210351B3FC8DA-13722093-0"}
fpga -file D:/proyectosep2/IEE2463-SEP-Proyecto-2-Z8/full_hardware/vitis/full_hardware_sw/_ide/bitstream/DEMO_wrapper.bit
targets -set -nocase -filter {name =~"APU*"}
loadhw -hw D:/proyectosep2/IEE2463-SEP-Proyecto-2-Z8/full_hardware/vitis/full_hardware_plt/export/full_hardware_plt/hw/DEMO_wrapper.xsa -mem-ranges [list {0x40000000 0xbfffffff}] -regs
configparams force-mem-access 1
targets -set -nocase -filter {name =~"APU*"}
source D:/proyectosep2/IEE2463-SEP-Proyecto-2-Z8/full_hardware/vitis/full_hardware_sw/_ide/psinit/ps7_init.tcl
ps7_init
ps7_post_config
targets -set -nocase -filter {name =~ "*A9*#0"}
dow D:/proyectosep2/IEE2463-SEP-Proyecto-2-Z8/full_hardware/vitis/full_hardware_sw/Debug/full_hardware_sw.elf
configparams force-mem-access 0
----------------End of Script----------------

23:25:09 INFO  : Context for processor 'ps7_cortexa9_0' is selected.
23:25:09 INFO  : 'con' command is executed.
23:25:09 INFO  : ----------------XSDB Script (After Launch)----------------
targets -set -nocase -filter {name =~ "*A9*#0"}
con
----------------End of Script----------------

23:25:09 INFO  : Launch script is exported to file 'D:\proyectosep2\IEE2463-SEP-Proyecto-2-Z8\full_hardware\vitis\.sdk\launch_scripts\single_application_debug\debugger_full_hardware_sw-default.tcl'
23:26:12 INFO  : Disconnected from the channel tcfchan#30.
23:28:05 INFO  : Launching XSCT server: xsct.bat -n  -interactive D:\proyectosep2\IEE2463-SEP-Proyecto-2-Z8\full_hardware\vitis\temp_xsdb_launch_script.tcl
23:28:07 INFO  : XSCT server has started successfully.
23:28:07 INFO  : Successfully done setting XSCT server connection channel  
23:28:07 INFO  : plnx-install-location is set to ''
23:28:07 INFO  : Successfully done setting workspace for the tool. 
23:28:09 INFO  : Platform repository initialization has completed.
23:28:09 INFO  : Successfully done query RDI_DATADIR 
23:28:10 INFO  : Registering command handlers for Vitis TCF services
23:28:52 INFO  : Checking for BSP changes to sync application flags for project 'full_hardware_sw'...
23:28:55 INFO  : Checking for BSP changes to sync application flags for project 'music_player_sw'...
23:28:59 ERROR : (XSDB Server)ERROR: [Hsi 55-1571] The design file D:/proyectosep2/IEE2463-SEP-Proyecto-2-Z8/full_hardware/vitis/full_hardware_plt/export/full_hardware_plt/hw/DEMO_wrapper.xsa is already opened

23:29:08 INFO  : Connected to target on host '127.0.0.1' and port '3121'.
23:29:08 INFO  : Jtag cable 'Digilent Zybo Z7 210351B3FC8DA' is selected.
23:29:08 INFO  : 'jtag frequency' command is executed.
23:29:08 INFO  : Context for 'APU' is selected.
23:29:08 INFO  : System reset is completed.
23:29:11 INFO  : 'after 3000' command is executed.
23:29:11 INFO  : 'targets -set -filter {jtag_cable_name =~ "Digilent Zybo Z7 210351B3FC8DA" && level==0 && jtag_device_ctx=="jsn-Zybo Z7-210351B3FC8DA-13722093-0"}' command is executed.
23:29:13 INFO  : FPGA configured successfully with bitstream "D:/proyectosep2/IEE2463-SEP-Proyecto-2-Z8/full_hardware/vitis/full_hardware_sw/_ide/bitstream/DEMO_wrapper.bit"
23:29:13 INFO  : Context for 'APU' is selected.
23:29:13 INFO  : Hardware design and registers information is loaded from 'D:/proyectosep2/IEE2463-SEP-Proyecto-2-Z8/full_hardware/vitis/full_hardware_plt/export/full_hardware_plt/hw/DEMO_wrapper.xsa'.
23:29:13 INFO  : 'configparams force-mem-access 1' command is executed.
23:29:13 INFO  : Context for 'APU' is selected.
23:29:13 INFO  : Sourcing of 'D:/proyectosep2/IEE2463-SEP-Proyecto-2-Z8/full_hardware/vitis/full_hardware_sw/_ide/psinit/ps7_init.tcl' is done.
23:29:13 INFO  : 'ps7_init' command is executed.
23:29:13 INFO  : 'ps7_post_config' command is executed.
23:29:13 INFO  : Context for processor 'ps7_cortexa9_0' is selected.
23:29:14 INFO  : The application 'D:/proyectosep2/IEE2463-SEP-Proyecto-2-Z8/full_hardware/vitis/full_hardware_sw/Debug/full_hardware_sw.elf' is downloaded to processor 'ps7_cortexa9_0'.
23:29:14 INFO  : 'configparams force-mem-access 0' command is executed.
23:29:14 INFO  : ----------------XSDB Script----------------
connect -url tcp:127.0.0.1:3121
targets -set -nocase -filter {name =~"APU*"}
rst -system
after 3000
targets -set -filter {jtag_cable_name =~ "Digilent Zybo Z7 210351B3FC8DA" && level==0 && jtag_device_ctx=="jsn-Zybo Z7-210351B3FC8DA-13722093-0"}
fpga -file D:/proyectosep2/IEE2463-SEP-Proyecto-2-Z8/full_hardware/vitis/full_hardware_sw/_ide/bitstream/DEMO_wrapper.bit
targets -set -nocase -filter {name =~"APU*"}
loadhw -hw D:/proyectosep2/IEE2463-SEP-Proyecto-2-Z8/full_hardware/vitis/full_hardware_plt/export/full_hardware_plt/hw/DEMO_wrapper.xsa -mem-ranges [list {0x40000000 0xbfffffff}] -regs
configparams force-mem-access 1
targets -set -nocase -filter {name =~"APU*"}
source D:/proyectosep2/IEE2463-SEP-Proyecto-2-Z8/full_hardware/vitis/full_hardware_sw/_ide/psinit/ps7_init.tcl
ps7_init
ps7_post_config
targets -set -nocase -filter {name =~ "*A9*#0"}
dow D:/proyectosep2/IEE2463-SEP-Proyecto-2-Z8/full_hardware/vitis/full_hardware_sw/Debug/full_hardware_sw.elf
configparams force-mem-access 0
----------------End of Script----------------

23:29:14 INFO  : Context for processor 'ps7_cortexa9_0' is selected.
23:29:14 INFO  : 'con' command is executed.
23:29:14 INFO  : ----------------XSDB Script (After Launch)----------------
targets -set -nocase -filter {name =~ "*A9*#0"}
con
----------------End of Script----------------

23:29:14 INFO  : Launch script is exported to file 'D:\proyectosep2\IEE2463-SEP-Proyecto-2-Z8\full_hardware\vitis\.sdk\launch_scripts\single_application_debug\debugger_full_hardware_sw-default.tcl'
23:30:55 INFO  : Disconnected from the channel tcfchan#2.
23:30:56 INFO  : Connected to target on host '127.0.0.1' and port '3121'.
23:30:56 INFO  : Jtag cable 'Digilent Zybo Z7 210351B3FC8DA' is selected.
23:30:56 INFO  : 'jtag frequency' command is executed.
23:30:56 INFO  : Context for 'APU' is selected.
23:30:56 INFO  : System reset is completed.
23:30:59 INFO  : 'after 3000' command is executed.
23:30:59 INFO  : 'targets -set -filter {jtag_cable_name =~ "Digilent Zybo Z7 210351B3FC8DA" && level==0 && jtag_device_ctx=="jsn-Zybo Z7-210351B3FC8DA-13722093-0"}' command is executed.
23:31:00 INFO  : FPGA configured successfully with bitstream "D:/proyectosep2/IEE2463-SEP-Proyecto-2-Z8/full_hardware/vitis/full_hardware_sw/_ide/bitstream/DEMO_wrapper.bit"
23:31:00 INFO  : Context for 'APU' is selected.
23:31:02 INFO  : Hardware design and registers information is loaded from 'D:/proyectosep2/IEE2463-SEP-Proyecto-2-Z8/full_hardware/vitis/full_hardware_plt/export/full_hardware_plt/hw/DEMO_wrapper.xsa'.
23:31:02 INFO  : 'configparams force-mem-access 1' command is executed.
23:31:02 INFO  : Context for 'APU' is selected.
23:31:02 INFO  : Sourcing of 'D:/proyectosep2/IEE2463-SEP-Proyecto-2-Z8/full_hardware/vitis/full_hardware_sw/_ide/psinit/ps7_init.tcl' is done.
23:31:02 INFO  : 'ps7_init' command is executed.
23:31:02 INFO  : 'ps7_post_config' command is executed.
23:31:02 INFO  : Context for processor 'ps7_cortexa9_0' is selected.
23:31:03 INFO  : The application 'D:/proyectosep2/IEE2463-SEP-Proyecto-2-Z8/full_hardware/vitis/full_hardware_sw/Debug/full_hardware_sw.elf' is downloaded to processor 'ps7_cortexa9_0'.
23:31:03 INFO  : 'configparams force-mem-access 0' command is executed.
23:31:03 INFO  : ----------------XSDB Script----------------
connect -url tcp:127.0.0.1:3121
targets -set -nocase -filter {name =~"APU*"}
rst -system
after 3000
targets -set -filter {jtag_cable_name =~ "Digilent Zybo Z7 210351B3FC8DA" && level==0 && jtag_device_ctx=="jsn-Zybo Z7-210351B3FC8DA-13722093-0"}
fpga -file D:/proyectosep2/IEE2463-SEP-Proyecto-2-Z8/full_hardware/vitis/full_hardware_sw/_ide/bitstream/DEMO_wrapper.bit
targets -set -nocase -filter {name =~"APU*"}
loadhw -hw D:/proyectosep2/IEE2463-SEP-Proyecto-2-Z8/full_hardware/vitis/full_hardware_plt/export/full_hardware_plt/hw/DEMO_wrapper.xsa -mem-ranges [list {0x40000000 0xbfffffff}] -regs
configparams force-mem-access 1
targets -set -nocase -filter {name =~"APU*"}
source D:/proyectosep2/IEE2463-SEP-Proyecto-2-Z8/full_hardware/vitis/full_hardware_sw/_ide/psinit/ps7_init.tcl
ps7_init
ps7_post_config
targets -set -nocase -filter {name =~ "*A9*#0"}
dow D:/proyectosep2/IEE2463-SEP-Proyecto-2-Z8/full_hardware/vitis/full_hardware_sw/Debug/full_hardware_sw.elf
configparams force-mem-access 0
----------------End of Script----------------

23:31:03 INFO  : Context for processor 'ps7_cortexa9_0' is selected.
23:31:03 INFO  : 'con' command is executed.
23:31:03 INFO  : ----------------XSDB Script (After Launch)----------------
targets -set -nocase -filter {name =~ "*A9*#0"}
con
----------------End of Script----------------

23:31:03 INFO  : Launch script is exported to file 'D:\proyectosep2\IEE2463-SEP-Proyecto-2-Z8\full_hardware\vitis\.sdk\launch_scripts\single_application_debug\debugger_full_hardware_sw-default.tcl'
23:31:44 INFO  : Checking for BSP changes to sync application flags for project 'full_hardware_sw'...
23:31:46 INFO  : Checking for BSP changes to sync application flags for project 'music_player_sw'...
23:31:47 ERROR : (XSDB Server)ERROR: [Hsi 55-1571] The design file D:/proyectosep2/IEE2463-SEP-Proyecto-2-Z8/full_hardware/vitis/full_hardware_plt/export/full_hardware_plt/hw/DEMO_wrapper.xsa is already opened

23:32:19 INFO  : Disconnected from the channel tcfchan#3.
23:32:20 INFO  : Connected to target on host '127.0.0.1' and port '3121'.
23:32:20 INFO  : Jtag cable 'Digilent Zybo Z7 210351B3FC8DA' is selected.
23:32:20 INFO  : 'jtag frequency' command is executed.
23:32:20 INFO  : Context for 'APU' is selected.
23:32:20 INFO  : System reset is completed.
23:32:23 INFO  : 'after 3000' command is executed.
23:32:23 INFO  : 'targets -set -filter {jtag_cable_name =~ "Digilent Zybo Z7 210351B3FC8DA" && level==0 && jtag_device_ctx=="jsn-Zybo Z7-210351B3FC8DA-13722093-0"}' command is executed.
23:32:25 INFO  : FPGA configured successfully with bitstream "D:/proyectosep2/IEE2463-SEP-Proyecto-2-Z8/full_hardware/vitis/full_hardware_sw/_ide/bitstream/DEMO_wrapper.bit"
23:32:25 INFO  : Context for 'APU' is selected.
23:32:27 INFO  : Hardware design and registers information is loaded from 'D:/proyectosep2/IEE2463-SEP-Proyecto-2-Z8/full_hardware/vitis/full_hardware_plt/export/full_hardware_plt/hw/DEMO_wrapper.xsa'.
23:32:27 INFO  : 'configparams force-mem-access 1' command is executed.
23:32:27 INFO  : Context for 'APU' is selected.
23:32:27 INFO  : Sourcing of 'D:/proyectosep2/IEE2463-SEP-Proyecto-2-Z8/full_hardware/vitis/full_hardware_sw/_ide/psinit/ps7_init.tcl' is done.
23:32:27 INFO  : 'ps7_init' command is executed.
23:32:27 INFO  : 'ps7_post_config' command is executed.
23:32:27 INFO  : Context for processor 'ps7_cortexa9_0' is selected.
23:32:28 INFO  : The application 'D:/proyectosep2/IEE2463-SEP-Proyecto-2-Z8/full_hardware/vitis/full_hardware_sw/Debug/full_hardware_sw.elf' is downloaded to processor 'ps7_cortexa9_0'.
23:32:28 INFO  : 'configparams force-mem-access 0' command is executed.
23:32:28 INFO  : ----------------XSDB Script----------------
connect -url tcp:127.0.0.1:3121
targets -set -nocase -filter {name =~"APU*"}
rst -system
after 3000
targets -set -filter {jtag_cable_name =~ "Digilent Zybo Z7 210351B3FC8DA" && level==0 && jtag_device_ctx=="jsn-Zybo Z7-210351B3FC8DA-13722093-0"}
fpga -file D:/proyectosep2/IEE2463-SEP-Proyecto-2-Z8/full_hardware/vitis/full_hardware_sw/_ide/bitstream/DEMO_wrapper.bit
targets -set -nocase -filter {name =~"APU*"}
loadhw -hw D:/proyectosep2/IEE2463-SEP-Proyecto-2-Z8/full_hardware/vitis/full_hardware_plt/export/full_hardware_plt/hw/DEMO_wrapper.xsa -mem-ranges [list {0x40000000 0xbfffffff}] -regs
configparams force-mem-access 1
targets -set -nocase -filter {name =~"APU*"}
source D:/proyectosep2/IEE2463-SEP-Proyecto-2-Z8/full_hardware/vitis/full_hardware_sw/_ide/psinit/ps7_init.tcl
ps7_init
ps7_post_config
targets -set -nocase -filter {name =~ "*A9*#0"}
dow D:/proyectosep2/IEE2463-SEP-Proyecto-2-Z8/full_hardware/vitis/full_hardware_sw/Debug/full_hardware_sw.elf
configparams force-mem-access 0
----------------End of Script----------------

23:32:28 INFO  : Context for processor 'ps7_cortexa9_0' is selected.
23:32:28 INFO  : 'con' command is executed.
23:32:28 INFO  : ----------------XSDB Script (After Launch)----------------
targets -set -nocase -filter {name =~ "*A9*#0"}
con
----------------End of Script----------------

23:32:28 INFO  : Launch script is exported to file 'D:\proyectosep2\IEE2463-SEP-Proyecto-2-Z8\full_hardware\vitis\.sdk\launch_scripts\single_application_debug\debugger_full_hardware_sw-default.tcl'
23:33:20 INFO  : Checking for BSP changes to sync application flags for project 'full_hardware_sw'...
23:33:21 INFO  : Checking for BSP changes to sync application flags for project 'music_player_sw'...
23:33:23 ERROR : (XSDB Server)ERROR: [Hsi 55-1571] The design file D:/proyectosep2/IEE2463-SEP-Proyecto-2-Z8/full_hardware/vitis/full_hardware_plt/export/full_hardware_plt/hw/DEMO_wrapper.xsa is already opened

23:33:45 INFO  : Disconnected from the channel tcfchan#5.
23:33:46 INFO  : Connected to target on host '127.0.0.1' and port '3121'.
23:33:46 INFO  : Jtag cable 'Digilent Zybo Z7 210351B3FC8DA' is selected.
23:33:46 INFO  : 'jtag frequency' command is executed.
23:33:46 INFO  : Context for 'APU' is selected.
23:33:46 INFO  : System reset is completed.
23:33:49 INFO  : 'after 3000' command is executed.
23:33:49 INFO  : 'targets -set -filter {jtag_cable_name =~ "Digilent Zybo Z7 210351B3FC8DA" && level==0 && jtag_device_ctx=="jsn-Zybo Z7-210351B3FC8DA-13722093-0"}' command is executed.
23:33:51 INFO  : FPGA configured successfully with bitstream "D:/proyectosep2/IEE2463-SEP-Proyecto-2-Z8/full_hardware/vitis/full_hardware_sw/_ide/bitstream/DEMO_wrapper.bit"
23:33:51 INFO  : Context for 'APU' is selected.
23:33:52 INFO  : Hardware design and registers information is loaded from 'D:/proyectosep2/IEE2463-SEP-Proyecto-2-Z8/full_hardware/vitis/full_hardware_plt/export/full_hardware_plt/hw/DEMO_wrapper.xsa'.
23:33:52 INFO  : 'configparams force-mem-access 1' command is executed.
23:33:52 INFO  : Context for 'APU' is selected.
23:33:52 INFO  : Sourcing of 'D:/proyectosep2/IEE2463-SEP-Proyecto-2-Z8/full_hardware/vitis/full_hardware_sw/_ide/psinit/ps7_init.tcl' is done.
23:33:53 INFO  : 'ps7_init' command is executed.
23:33:53 INFO  : 'ps7_post_config' command is executed.
23:33:53 INFO  : Context for processor 'ps7_cortexa9_0' is selected.
23:33:54 INFO  : The application 'D:/proyectosep2/IEE2463-SEP-Proyecto-2-Z8/full_hardware/vitis/full_hardware_sw/Debug/full_hardware_sw.elf' is downloaded to processor 'ps7_cortexa9_0'.
23:33:54 INFO  : 'configparams force-mem-access 0' command is executed.
23:33:54 INFO  : ----------------XSDB Script----------------
connect -url tcp:127.0.0.1:3121
targets -set -nocase -filter {name =~"APU*"}
rst -system
after 3000
targets -set -filter {jtag_cable_name =~ "Digilent Zybo Z7 210351B3FC8DA" && level==0 && jtag_device_ctx=="jsn-Zybo Z7-210351B3FC8DA-13722093-0"}
fpga -file D:/proyectosep2/IEE2463-SEP-Proyecto-2-Z8/full_hardware/vitis/full_hardware_sw/_ide/bitstream/DEMO_wrapper.bit
targets -set -nocase -filter {name =~"APU*"}
loadhw -hw D:/proyectosep2/IEE2463-SEP-Proyecto-2-Z8/full_hardware/vitis/full_hardware_plt/export/full_hardware_plt/hw/DEMO_wrapper.xsa -mem-ranges [list {0x40000000 0xbfffffff}] -regs
configparams force-mem-access 1
targets -set -nocase -filter {name =~"APU*"}
source D:/proyectosep2/IEE2463-SEP-Proyecto-2-Z8/full_hardware/vitis/full_hardware_sw/_ide/psinit/ps7_init.tcl
ps7_init
ps7_post_config
targets -set -nocase -filter {name =~ "*A9*#0"}
dow D:/proyectosep2/IEE2463-SEP-Proyecto-2-Z8/full_hardware/vitis/full_hardware_sw/Debug/full_hardware_sw.elf
configparams force-mem-access 0
----------------End of Script----------------

23:33:54 INFO  : Context for processor 'ps7_cortexa9_0' is selected.
23:33:54 INFO  : 'con' command is executed.
23:33:54 INFO  : ----------------XSDB Script (After Launch)----------------
targets -set -nocase -filter {name =~ "*A9*#0"}
con
----------------End of Script----------------

23:33:54 INFO  : Launch script is exported to file 'D:\proyectosep2\IEE2463-SEP-Proyecto-2-Z8\full_hardware\vitis\.sdk\launch_scripts\single_application_debug\debugger_full_hardware_sw-default.tcl'
23:36:49 INFO  : Checking for BSP changes to sync application flags for project 'full_hardware_sw'...
23:36:51 INFO  : Checking for BSP changes to sync application flags for project 'music_player_sw'...
23:36:52 ERROR : (XSDB Server)ERROR: [Hsi 55-1571] The design file D:/proyectosep2/IEE2463-SEP-Proyecto-2-Z8/full_hardware/vitis/full_hardware_plt/export/full_hardware_plt/hw/DEMO_wrapper.xsa is already opened

23:37:06 INFO  : Disconnected from the channel tcfchan#7.
23:37:07 INFO  : Connected to target on host '127.0.0.1' and port '3121'.
23:37:15 INFO  : Jtag cable 'Digilent Zybo Z7 210351B3FC8DA' is selected.
23:37:15 INFO  : 'jtag frequency' command is executed.
23:37:15 INFO  : Context for 'APU' is selected.
23:37:15 INFO  : System reset is completed.
23:37:18 INFO  : 'after 3000' command is executed.
23:37:18 INFO  : 'targets -set -filter {jtag_cable_name =~ "Digilent Zybo Z7 210351B3FC8DA" && level==0 && jtag_device_ctx=="jsn-Zybo Z7-210351B3FC8DA-13722093-0"}' command is executed.
23:37:19 INFO  : FPGA configured successfully with bitstream "D:/proyectosep2/IEE2463-SEP-Proyecto-2-Z8/full_hardware/vitis/full_hardware_sw/_ide/bitstream/DEMO_wrapper.bit"
23:37:19 INFO  : Context for 'APU' is selected.
23:37:21 INFO  : Hardware design and registers information is loaded from 'D:/proyectosep2/IEE2463-SEP-Proyecto-2-Z8/full_hardware/vitis/full_hardware_plt/export/full_hardware_plt/hw/DEMO_wrapper.xsa'.
23:37:21 INFO  : 'configparams force-mem-access 1' command is executed.
23:37:21 INFO  : Context for 'APU' is selected.
23:37:21 INFO  : Sourcing of 'D:/proyectosep2/IEE2463-SEP-Proyecto-2-Z8/full_hardware/vitis/full_hardware_sw/_ide/psinit/ps7_init.tcl' is done.
23:37:21 INFO  : 'ps7_init' command is executed.
23:37:21 INFO  : 'ps7_post_config' command is executed.
23:37:21 INFO  : Context for processor 'ps7_cortexa9_0' is selected.
23:37:22 INFO  : The application 'D:/proyectosep2/IEE2463-SEP-Proyecto-2-Z8/full_hardware/vitis/full_hardware_sw/Debug/full_hardware_sw.elf' is downloaded to processor 'ps7_cortexa9_0'.
23:37:22 INFO  : Context for processor 'ps7_cortexa9_1' is selected.
23:37:23 INFO  : The application 'D:/proyectosep2/IEE2463-SEP-Proyecto-2-Z8/full_hardware/vitis/music_player_sw/Debug/music_player_sw.elf' is downloaded to processor 'ps7_cortexa9_1'.
23:37:23 INFO  : 'configparams force-mem-access 0' command is executed.
23:37:23 INFO  : ----------------XSDB Script----------------
connect -url tcp:127.0.0.1:3121
targets -set -nocase -filter {name =~"APU*"}
rst -system
after 3000
targets -set -filter {jtag_cable_name =~ "Digilent Zybo Z7 210351B3FC8DA" && level==0 && jtag_device_ctx=="jsn-Zybo Z7-210351B3FC8DA-13722093-0"}
fpga -file D:/proyectosep2/IEE2463-SEP-Proyecto-2-Z8/full_hardware/vitis/full_hardware_sw/_ide/bitstream/DEMO_wrapper.bit
targets -set -nocase -filter {name =~"APU*"}
loadhw -hw D:/proyectosep2/IEE2463-SEP-Proyecto-2-Z8/full_hardware/vitis/full_hardware_plt/export/full_hardware_plt/hw/DEMO_wrapper.xsa -mem-ranges [list {0x40000000 0xbfffffff}] -regs
configparams force-mem-access 1
targets -set -nocase -filter {name =~"APU*"}
source D:/proyectosep2/IEE2463-SEP-Proyecto-2-Z8/full_hardware/vitis/full_hardware_sw/_ide/psinit/ps7_init.tcl
ps7_init
ps7_post_config
targets -set -nocase -filter {name =~ "*A9*#0"}
dow D:/proyectosep2/IEE2463-SEP-Proyecto-2-Z8/full_hardware/vitis/full_hardware_sw/Debug/full_hardware_sw.elf
targets -set -nocase -filter {name =~ "*A9*#1"}
dow D:/proyectosep2/IEE2463-SEP-Proyecto-2-Z8/full_hardware/vitis/music_player_sw/Debug/music_player_sw.elf
configparams force-mem-access 0
----------------End of Script----------------

23:37:23 INFO  : Context for processor 'ps7_cortexa9_0' is selected.
23:37:23 INFO  : 'con' command is executed.
23:37:23 INFO  : Context for processor 'ps7_cortexa9_1' is selected.
23:37:23 INFO  : 'con' command is executed.
23:37:23 INFO  : ----------------XSDB Script (After Launch)----------------
targets -set -nocase -filter {name =~ "*A9*#0"}
con
targets -set -nocase -filter {name =~ "*A9*#1"}
con
----------------End of Script----------------

23:37:23 INFO  : Launch script is exported to file 'D:\proyectosep2\IEE2463-SEP-Proyecto-2-Z8\full_hardware\vitis\.sdk\launch_scripts\single_application_debug\systemdebugger_full_hardware_sw_system_standalone.tcl'
23:38:54 INFO  : Disconnected from the channel tcfchan#9.
23:38:54 INFO  : Connected to target on host '127.0.0.1' and port '3121'.
23:39:01 INFO  : Jtag cable 'Digilent Zybo Z7 210351B3FC8DA' is selected.
23:39:01 INFO  : 'jtag frequency' command is executed.
23:39:01 INFO  : Context for 'APU' is selected.
23:39:01 INFO  : System reset is completed.
23:39:04 INFO  : 'after 3000' command is executed.
23:39:04 INFO  : 'targets -set -filter {jtag_cable_name =~ "Digilent Zybo Z7 210351B3FC8DA" && level==0 && jtag_device_ctx=="jsn-Zybo Z7-210351B3FC8DA-13722093-0"}' command is executed.
23:39:05 INFO  : FPGA configured successfully with bitstream "D:/proyectosep2/IEE2463-SEP-Proyecto-2-Z8/full_hardware/vitis/full_hardware_sw/_ide/bitstream/DEMO_wrapper.bit"
23:39:05 INFO  : Context for 'APU' is selected.
23:39:07 INFO  : Hardware design and registers information is loaded from 'D:/proyectosep2/IEE2463-SEP-Proyecto-2-Z8/full_hardware/vitis/full_hardware_plt/export/full_hardware_plt/hw/DEMO_wrapper.xsa'.
23:39:07 INFO  : 'configparams force-mem-access 1' command is executed.
23:39:07 INFO  : Context for 'APU' is selected.
23:39:07 INFO  : Sourcing of 'D:/proyectosep2/IEE2463-SEP-Proyecto-2-Z8/full_hardware/vitis/full_hardware_sw/_ide/psinit/ps7_init.tcl' is done.
23:39:08 INFO  : 'ps7_init' command is executed.
23:39:08 INFO  : 'ps7_post_config' command is executed.
23:39:08 INFO  : Context for processor 'ps7_cortexa9_0' is selected.
23:39:08 INFO  : The application 'D:/proyectosep2/IEE2463-SEP-Proyecto-2-Z8/full_hardware/vitis/full_hardware_sw/Debug/full_hardware_sw.elf' is downloaded to processor 'ps7_cortexa9_0'.
23:39:09 INFO  : Context for processor 'ps7_cortexa9_1' is selected.
23:39:09 INFO  : The application 'D:/proyectosep2/IEE2463-SEP-Proyecto-2-Z8/full_hardware/vitis/music_player_sw/Debug/music_player_sw.elf' is downloaded to processor 'ps7_cortexa9_1'.
23:39:09 INFO  : 'configparams force-mem-access 0' command is executed.
23:39:09 INFO  : ----------------XSDB Script----------------
connect -url tcp:127.0.0.1:3121
targets -set -nocase -filter {name =~"APU*"}
rst -system
after 3000
targets -set -filter {jtag_cable_name =~ "Digilent Zybo Z7 210351B3FC8DA" && level==0 && jtag_device_ctx=="jsn-Zybo Z7-210351B3FC8DA-13722093-0"}
fpga -file D:/proyectosep2/IEE2463-SEP-Proyecto-2-Z8/full_hardware/vitis/full_hardware_sw/_ide/bitstream/DEMO_wrapper.bit
targets -set -nocase -filter {name =~"APU*"}
loadhw -hw D:/proyectosep2/IEE2463-SEP-Proyecto-2-Z8/full_hardware/vitis/full_hardware_plt/export/full_hardware_plt/hw/DEMO_wrapper.xsa -mem-ranges [list {0x40000000 0xbfffffff}] -regs
configparams force-mem-access 1
targets -set -nocase -filter {name =~"APU*"}
source D:/proyectosep2/IEE2463-SEP-Proyecto-2-Z8/full_hardware/vitis/full_hardware_sw/_ide/psinit/ps7_init.tcl
ps7_init
ps7_post_config
targets -set -nocase -filter {name =~ "*A9*#0"}
dow D:/proyectosep2/IEE2463-SEP-Proyecto-2-Z8/full_hardware/vitis/full_hardware_sw/Debug/full_hardware_sw.elf
targets -set -nocase -filter {name =~ "*A9*#1"}
dow D:/proyectosep2/IEE2463-SEP-Proyecto-2-Z8/full_hardware/vitis/music_player_sw/Debug/music_player_sw.elf
configparams force-mem-access 0
----------------End of Script----------------

23:39:09 INFO  : Context for processor 'ps7_cortexa9_0' is selected.
23:39:09 INFO  : 'con' command is executed.
23:39:09 INFO  : Context for processor 'ps7_cortexa9_1' is selected.
23:39:09 INFO  : 'con' command is executed.
23:39:09 INFO  : ----------------XSDB Script (After Launch)----------------
targets -set -nocase -filter {name =~ "*A9*#0"}
con
targets -set -nocase -filter {name =~ "*A9*#1"}
con
----------------End of Script----------------

23:39:09 INFO  : Launch script is exported to file 'D:\proyectosep2\IEE2463-SEP-Proyecto-2-Z8\full_hardware\vitis\.sdk\launch_scripts\single_application_debug\systemdebugger_full_hardware_sw_system_standalone.tcl'
23:41:04 INFO  : Checking for BSP changes to sync application flags for project 'full_hardware_sw'...
23:41:27 INFO  : Disconnected from the channel tcfchan#10.
23:41:27 INFO  : Connected to target on host '127.0.0.1' and port '3121'.
23:41:27 INFO  : Jtag cable 'Digilent Zybo Z7 210351B3FC8DA' is selected.
23:41:27 INFO  : 'jtag frequency' command is executed.
23:41:27 INFO  : Context for 'APU' is selected.
23:41:27 INFO  : System reset is completed.
23:41:30 INFO  : 'after 3000' command is executed.
23:41:30 INFO  : 'targets -set -filter {jtag_cable_name =~ "Digilent Zybo Z7 210351B3FC8DA" && level==0 && jtag_device_ctx=="jsn-Zybo Z7-210351B3FC8DA-13722093-0"}' command is executed.
23:41:32 INFO  : FPGA configured successfully with bitstream "D:/proyectosep2/IEE2463-SEP-Proyecto-2-Z8/full_hardware/vitis/full_hardware_sw/_ide/bitstream/DEMO_wrapper.bit"
23:41:32 INFO  : Context for 'APU' is selected.
23:41:34 INFO  : Hardware design and registers information is loaded from 'D:/proyectosep2/IEE2463-SEP-Proyecto-2-Z8/full_hardware/vitis/full_hardware_plt/export/full_hardware_plt/hw/DEMO_wrapper.xsa'.
23:41:34 INFO  : 'configparams force-mem-access 1' command is executed.
23:41:34 INFO  : Context for 'APU' is selected.
23:41:34 INFO  : Sourcing of 'D:/proyectosep2/IEE2463-SEP-Proyecto-2-Z8/full_hardware/vitis/full_hardware_sw/_ide/psinit/ps7_init.tcl' is done.
23:41:34 INFO  : 'ps7_init' command is executed.
23:41:34 INFO  : 'ps7_post_config' command is executed.
23:41:34 INFO  : Context for processor 'ps7_cortexa9_0' is selected.
23:41:35 INFO  : The application 'D:/proyectosep2/IEE2463-SEP-Proyecto-2-Z8/full_hardware/vitis/full_hardware_sw/Debug/full_hardware_sw.elf' is downloaded to processor 'ps7_cortexa9_0'.
23:41:35 INFO  : Context for processor 'ps7_cortexa9_1' is selected.
23:41:36 INFO  : The application 'D:/proyectosep2/IEE2463-SEP-Proyecto-2-Z8/full_hardware/vitis/music_player_sw/Debug/music_player_sw.elf' is downloaded to processor 'ps7_cortexa9_1'.
23:41:36 INFO  : 'configparams force-mem-access 0' command is executed.
23:41:36 INFO  : ----------------XSDB Script----------------
connect -url tcp:127.0.0.1:3121
targets -set -nocase -filter {name =~"APU*"}
rst -system
after 3000
targets -set -filter {jtag_cable_name =~ "Digilent Zybo Z7 210351B3FC8DA" && level==0 && jtag_device_ctx=="jsn-Zybo Z7-210351B3FC8DA-13722093-0"}
fpga -file D:/proyectosep2/IEE2463-SEP-Proyecto-2-Z8/full_hardware/vitis/full_hardware_sw/_ide/bitstream/DEMO_wrapper.bit
targets -set -nocase -filter {name =~"APU*"}
loadhw -hw D:/proyectosep2/IEE2463-SEP-Proyecto-2-Z8/full_hardware/vitis/full_hardware_plt/export/full_hardware_plt/hw/DEMO_wrapper.xsa -mem-ranges [list {0x40000000 0xbfffffff}] -regs
configparams force-mem-access 1
targets -set -nocase -filter {name =~"APU*"}
source D:/proyectosep2/IEE2463-SEP-Proyecto-2-Z8/full_hardware/vitis/full_hardware_sw/_ide/psinit/ps7_init.tcl
ps7_init
ps7_post_config
targets -set -nocase -filter {name =~ "*A9*#0"}
dow D:/proyectosep2/IEE2463-SEP-Proyecto-2-Z8/full_hardware/vitis/full_hardware_sw/Debug/full_hardware_sw.elf
targets -set -nocase -filter {name =~ "*A9*#1"}
dow D:/proyectosep2/IEE2463-SEP-Proyecto-2-Z8/full_hardware/vitis/music_player_sw/Debug/music_player_sw.elf
configparams force-mem-access 0
----------------End of Script----------------

23:41:36 INFO  : Context for processor 'ps7_cortexa9_0' is selected.
23:41:36 INFO  : 'con' command is executed.
23:41:36 INFO  : Context for processor 'ps7_cortexa9_1' is selected.
23:41:36 INFO  : 'con' command is executed.
23:41:36 INFO  : ----------------XSDB Script (After Launch)----------------
targets -set -nocase -filter {name =~ "*A9*#0"}
con
targets -set -nocase -filter {name =~ "*A9*#1"}
con
----------------End of Script----------------

23:41:36 INFO  : Launch script is exported to file 'D:\proyectosep2\IEE2463-SEP-Proyecto-2-Z8\full_hardware\vitis\.sdk\launch_scripts\single_application_debug\systemdebugger_full_hardware_sw_system_standalone.tcl'
23:44:06 INFO  : Checking for BSP changes to sync application flags for project 'full_hardware_sw'...
23:44:07 INFO  : Checking for BSP changes to sync application flags for project 'music_player_sw'...
23:44:09 ERROR : (XSDB Server)ERROR: [Hsi 55-1571] The design file D:/proyectosep2/IEE2463-SEP-Proyecto-2-Z8/full_hardware/vitis/full_hardware_plt/export/full_hardware_plt/hw/DEMO_wrapper.xsa is already opened

23:44:31 INFO  : Disconnected from the channel tcfchan#11.
23:44:32 INFO  : Connected to target on host '127.0.0.1' and port '3121'.
23:44:33 INFO  : Jtag cable 'Digilent Zybo Z7 210351B3FC8DA' is selected.
23:44:33 INFO  : 'jtag frequency' command is executed.
23:44:33 INFO  : Context for 'APU' is selected.
23:44:33 INFO  : System reset is completed.
23:44:36 INFO  : 'after 3000' command is executed.
23:44:36 INFO  : 'targets -set -filter {jtag_cable_name =~ "Digilent Zybo Z7 210351B3FC8DA" && level==0 && jtag_device_ctx=="jsn-Zybo Z7-210351B3FC8DA-13722093-0"}' command is executed.
23:44:37 INFO  : FPGA configured successfully with bitstream "D:/proyectosep2/IEE2463-SEP-Proyecto-2-Z8/full_hardware/vitis/full_hardware_sw/_ide/bitstream/DEMO_wrapper.bit"
23:44:37 INFO  : Context for 'APU' is selected.
23:44:39 INFO  : Hardware design and registers information is loaded from 'D:/proyectosep2/IEE2463-SEP-Proyecto-2-Z8/full_hardware/vitis/full_hardware_plt/export/full_hardware_plt/hw/DEMO_wrapper.xsa'.
23:44:39 INFO  : 'configparams force-mem-access 1' command is executed.
23:44:39 INFO  : Context for 'APU' is selected.
23:44:39 INFO  : Sourcing of 'D:/proyectosep2/IEE2463-SEP-Proyecto-2-Z8/full_hardware/vitis/full_hardware_sw/_ide/psinit/ps7_init.tcl' is done.
23:44:39 INFO  : 'ps7_init' command is executed.
23:44:40 INFO  : 'ps7_post_config' command is executed.
23:44:40 INFO  : Context for processor 'ps7_cortexa9_0' is selected.
23:44:40 INFO  : The application 'D:/proyectosep2/IEE2463-SEP-Proyecto-2-Z8/full_hardware/vitis/full_hardware_sw/Debug/full_hardware_sw.elf' is downloaded to processor 'ps7_cortexa9_0'.
23:44:40 INFO  : Context for processor 'ps7_cortexa9_1' is selected.
23:44:41 INFO  : The application 'D:/proyectosep2/IEE2463-SEP-Proyecto-2-Z8/full_hardware/vitis/music_player_sw/Debug/music_player_sw.elf' is downloaded to processor 'ps7_cortexa9_1'.
23:44:41 INFO  : 'configparams force-mem-access 0' command is executed.
23:44:41 INFO  : ----------------XSDB Script----------------
connect -url tcp:127.0.0.1:3121
targets -set -nocase -filter {name =~"APU*"}
rst -system
after 3000
targets -set -filter {jtag_cable_name =~ "Digilent Zybo Z7 210351B3FC8DA" && level==0 && jtag_device_ctx=="jsn-Zybo Z7-210351B3FC8DA-13722093-0"}
fpga -file D:/proyectosep2/IEE2463-SEP-Proyecto-2-Z8/full_hardware/vitis/full_hardware_sw/_ide/bitstream/DEMO_wrapper.bit
targets -set -nocase -filter {name =~"APU*"}
loadhw -hw D:/proyectosep2/IEE2463-SEP-Proyecto-2-Z8/full_hardware/vitis/full_hardware_plt/export/full_hardware_plt/hw/DEMO_wrapper.xsa -mem-ranges [list {0x40000000 0xbfffffff}] -regs
configparams force-mem-access 1
targets -set -nocase -filter {name =~"APU*"}
source D:/proyectosep2/IEE2463-SEP-Proyecto-2-Z8/full_hardware/vitis/full_hardware_sw/_ide/psinit/ps7_init.tcl
ps7_init
ps7_post_config
targets -set -nocase -filter {name =~ "*A9*#0"}
dow D:/proyectosep2/IEE2463-SEP-Proyecto-2-Z8/full_hardware/vitis/full_hardware_sw/Debug/full_hardware_sw.elf
targets -set -nocase -filter {name =~ "*A9*#1"}
dow D:/proyectosep2/IEE2463-SEP-Proyecto-2-Z8/full_hardware/vitis/music_player_sw/Debug/music_player_sw.elf
configparams force-mem-access 0
----------------End of Script----------------

23:44:41 INFO  : Context for processor 'ps7_cortexa9_0' is selected.
23:44:41 INFO  : 'con' command is executed.
23:44:41 INFO  : Context for processor 'ps7_cortexa9_1' is selected.
23:44:41 INFO  : 'con' command is executed.
23:44:41 INFO  : ----------------XSDB Script (After Launch)----------------
targets -set -nocase -filter {name =~ "*A9*#0"}
con
targets -set -nocase -filter {name =~ "*A9*#1"}
con
----------------End of Script----------------

23:44:41 INFO  : Launch script is exported to file 'D:\proyectosep2\IEE2463-SEP-Proyecto-2-Z8\full_hardware\vitis\.sdk\launch_scripts\single_application_debug\systemdebugger_full_hardware_sw_system_standalone.tcl'
23:46:18 INFO  : Checking for BSP changes to sync application flags for project 'full_hardware_sw'...
23:46:19 INFO  : Checking for BSP changes to sync application flags for project 'music_player_sw'...
23:46:21 ERROR : (XSDB Server)ERROR: [Hsi 55-1571] The design file D:/proyectosep2/IEE2463-SEP-Proyecto-2-Z8/full_hardware/vitis/full_hardware_plt/export/full_hardware_plt/hw/DEMO_wrapper.xsa is already opened

23:46:41 INFO  : Disconnected from the channel tcfchan#13.
23:46:41 INFO  : Connected to target on host '127.0.0.1' and port '3121'.
23:46:41 INFO  : Jtag cable 'Digilent Zybo Z7 210351B3FC8DA' is selected.
23:46:41 INFO  : 'jtag frequency' command is executed.
23:46:41 INFO  : Context for 'APU' is selected.
23:46:41 INFO  : System reset is completed.
23:46:44 INFO  : 'after 3000' command is executed.
23:46:44 INFO  : 'targets -set -filter {jtag_cable_name =~ "Digilent Zybo Z7 210351B3FC8DA" && level==0 && jtag_device_ctx=="jsn-Zybo Z7-210351B3FC8DA-13722093-0"}' command is executed.
23:46:45 INFO  : FPGA configured successfully with bitstream "D:/proyectosep2/IEE2463-SEP-Proyecto-2-Z8/full_hardware/vitis/full_hardware_sw/_ide/bitstream/DEMO_wrapper.bit"
23:46:45 INFO  : Context for 'APU' is selected.
23:46:48 INFO  : Hardware design and registers information is loaded from 'D:/proyectosep2/IEE2463-SEP-Proyecto-2-Z8/full_hardware/vitis/full_hardware_plt/export/full_hardware_plt/hw/DEMO_wrapper.xsa'.
23:46:48 INFO  : 'configparams force-mem-access 1' command is executed.
23:46:48 INFO  : Context for 'APU' is selected.
23:46:48 INFO  : Sourcing of 'D:/proyectosep2/IEE2463-SEP-Proyecto-2-Z8/full_hardware/vitis/full_hardware_sw/_ide/psinit/ps7_init.tcl' is done.
23:46:48 INFO  : 'ps7_init' command is executed.
23:46:48 INFO  : 'ps7_post_config' command is executed.
23:46:48 INFO  : Context for processor 'ps7_cortexa9_0' is selected.
23:46:49 INFO  : The application 'D:/proyectosep2/IEE2463-SEP-Proyecto-2-Z8/full_hardware/vitis/full_hardware_sw/Debug/full_hardware_sw.elf' is downloaded to processor 'ps7_cortexa9_0'.
23:46:49 INFO  : Context for processor 'ps7_cortexa9_1' is selected.
23:46:49 INFO  : The application 'D:/proyectosep2/IEE2463-SEP-Proyecto-2-Z8/full_hardware/vitis/music_player_sw/Debug/music_player_sw.elf' is downloaded to processor 'ps7_cortexa9_1'.
23:46:49 INFO  : 'configparams force-mem-access 0' command is executed.
23:46:49 INFO  : ----------------XSDB Script----------------
connect -url tcp:127.0.0.1:3121
targets -set -nocase -filter {name =~"APU*"}
rst -system
after 3000
targets -set -filter {jtag_cable_name =~ "Digilent Zybo Z7 210351B3FC8DA" && level==0 && jtag_device_ctx=="jsn-Zybo Z7-210351B3FC8DA-13722093-0"}
fpga -file D:/proyectosep2/IEE2463-SEP-Proyecto-2-Z8/full_hardware/vitis/full_hardware_sw/_ide/bitstream/DEMO_wrapper.bit
targets -set -nocase -filter {name =~"APU*"}
loadhw -hw D:/proyectosep2/IEE2463-SEP-Proyecto-2-Z8/full_hardware/vitis/full_hardware_plt/export/full_hardware_plt/hw/DEMO_wrapper.xsa -mem-ranges [list {0x40000000 0xbfffffff}] -regs
configparams force-mem-access 1
targets -set -nocase -filter {name =~"APU*"}
source D:/proyectosep2/IEE2463-SEP-Proyecto-2-Z8/full_hardware/vitis/full_hardware_sw/_ide/psinit/ps7_init.tcl
ps7_init
ps7_post_config
targets -set -nocase -filter {name =~ "*A9*#0"}
dow D:/proyectosep2/IEE2463-SEP-Proyecto-2-Z8/full_hardware/vitis/full_hardware_sw/Debug/full_hardware_sw.elf
targets -set -nocase -filter {name =~ "*A9*#1"}
dow D:/proyectosep2/IEE2463-SEP-Proyecto-2-Z8/full_hardware/vitis/music_player_sw/Debug/music_player_sw.elf
configparams force-mem-access 0
----------------End of Script----------------

23:46:49 INFO  : Context for processor 'ps7_cortexa9_0' is selected.
23:46:49 INFO  : 'con' command is executed.
23:46:49 INFO  : Context for processor 'ps7_cortexa9_1' is selected.
23:46:49 INFO  : 'con' command is executed.
23:46:49 INFO  : ----------------XSDB Script (After Launch)----------------
targets -set -nocase -filter {name =~ "*A9*#0"}
con
targets -set -nocase -filter {name =~ "*A9*#1"}
con
----------------End of Script----------------

23:46:49 INFO  : Launch script is exported to file 'D:\proyectosep2\IEE2463-SEP-Proyecto-2-Z8\full_hardware\vitis\.sdk\launch_scripts\single_application_debug\systemdebugger_full_hardware_sw_system_standalone.tcl'
23:47:58 INFO  : Disconnected from the channel tcfchan#15.
23:47:59 INFO  : Connected to target on host '127.0.0.1' and port '3121'.
23:47:59 INFO  : Jtag cable 'Digilent Zybo Z7 210351B3FC8DA' is selected.
23:47:59 INFO  : 'jtag frequency' command is executed.
23:47:59 INFO  : Context for 'APU' is selected.
23:47:59 INFO  : System reset is completed.
23:48:02 INFO  : 'after 3000' command is executed.
23:48:02 INFO  : 'targets -set -filter {jtag_cable_name =~ "Digilent Zybo Z7 210351B3FC8DA" && level==0 && jtag_device_ctx=="jsn-Zybo Z7-210351B3FC8DA-13722093-0"}' command is executed.
23:48:03 INFO  : FPGA configured successfully with bitstream "D:/proyectosep2/IEE2463-SEP-Proyecto-2-Z8/full_hardware/vitis/full_hardware_sw/_ide/bitstream/DEMO_wrapper.bit"
23:48:03 INFO  : Context for 'APU' is selected.
23:48:06 INFO  : Hardware design and registers information is loaded from 'D:/proyectosep2/IEE2463-SEP-Proyecto-2-Z8/full_hardware/vitis/full_hardware_plt/export/full_hardware_plt/hw/DEMO_wrapper.xsa'.
23:48:06 INFO  : 'configparams force-mem-access 1' command is executed.
23:48:06 INFO  : Context for 'APU' is selected.
23:48:06 INFO  : Sourcing of 'D:/proyectosep2/IEE2463-SEP-Proyecto-2-Z8/full_hardware/vitis/full_hardware_sw/_ide/psinit/ps7_init.tcl' is done.
23:48:06 INFO  : 'ps7_init' command is executed.
23:48:06 INFO  : 'ps7_post_config' command is executed.
23:48:06 INFO  : Context for processor 'ps7_cortexa9_0' is selected.
23:48:07 INFO  : The application 'D:/proyectosep2/IEE2463-SEP-Proyecto-2-Z8/full_hardware/vitis/full_hardware_sw/Debug/full_hardware_sw.elf' is downloaded to processor 'ps7_cortexa9_0'.
23:48:07 INFO  : 'configparams force-mem-access 0' command is executed.
23:48:07 INFO  : ----------------XSDB Script----------------
connect -url tcp:127.0.0.1:3121
targets -set -nocase -filter {name =~"APU*"}
rst -system
after 3000
targets -set -filter {jtag_cable_name =~ "Digilent Zybo Z7 210351B3FC8DA" && level==0 && jtag_device_ctx=="jsn-Zybo Z7-210351B3FC8DA-13722093-0"}
fpga -file D:/proyectosep2/IEE2463-SEP-Proyecto-2-Z8/full_hardware/vitis/full_hardware_sw/_ide/bitstream/DEMO_wrapper.bit
targets -set -nocase -filter {name =~"APU*"}
loadhw -hw D:/proyectosep2/IEE2463-SEP-Proyecto-2-Z8/full_hardware/vitis/full_hardware_plt/export/full_hardware_plt/hw/DEMO_wrapper.xsa -mem-ranges [list {0x40000000 0xbfffffff}] -regs
configparams force-mem-access 1
targets -set -nocase -filter {name =~"APU*"}
source D:/proyectosep2/IEE2463-SEP-Proyecto-2-Z8/full_hardware/vitis/full_hardware_sw/_ide/psinit/ps7_init.tcl
ps7_init
ps7_post_config
targets -set -nocase -filter {name =~ "*A9*#0"}
dow D:/proyectosep2/IEE2463-SEP-Proyecto-2-Z8/full_hardware/vitis/full_hardware_sw/Debug/full_hardware_sw.elf
configparams force-mem-access 0
----------------End of Script----------------

23:48:07 INFO  : Context for processor 'ps7_cortexa9_0' is selected.
23:48:07 INFO  : 'con' command is executed.
23:48:07 INFO  : ----------------XSDB Script (After Launch)----------------
targets -set -nocase -filter {name =~ "*A9*#0"}
con
----------------End of Script----------------

23:48:07 INFO  : Launch script is exported to file 'D:\proyectosep2\IEE2463-SEP-Proyecto-2-Z8\full_hardware\vitis\.sdk\launch_scripts\single_application_debug\debugger_full_hardware_sw-default.tcl'
23:50:01 INFO  : Checking for BSP changes to sync application flags for project 'full_hardware_sw'...
23:50:14 INFO  : Disconnected from the channel tcfchan#16.
23:50:15 INFO  : Connected to target on host '127.0.0.1' and port '3121'.
23:50:22 INFO  : Jtag cable 'Digilent Zybo Z7 210351B3FC8DA' is selected.
23:50:22 INFO  : 'jtag frequency' command is executed.
23:50:22 INFO  : Context for 'APU' is selected.
23:50:22 INFO  : System reset is completed.
23:50:25 INFO  : 'after 3000' command is executed.
23:50:25 INFO  : 'targets -set -filter {jtag_cable_name =~ "Digilent Zybo Z7 210351B3FC8DA" && level==0 && jtag_device_ctx=="jsn-Zybo Z7-210351B3FC8DA-13722093-0"}' command is executed.
23:50:26 INFO  : FPGA configured successfully with bitstream "D:/proyectosep2/IEE2463-SEP-Proyecto-2-Z8/full_hardware/vitis/full_hardware_sw/_ide/bitstream/DEMO_wrapper.bit"
23:50:26 INFO  : Context for 'APU' is selected.
23:50:29 INFO  : Hardware design and registers information is loaded from 'D:/proyectosep2/IEE2463-SEP-Proyecto-2-Z8/full_hardware/vitis/full_hardware_plt/export/full_hardware_plt/hw/DEMO_wrapper.xsa'.
23:50:29 INFO  : 'configparams force-mem-access 1' command is executed.
23:50:29 INFO  : Context for 'APU' is selected.
23:50:29 INFO  : Sourcing of 'D:/proyectosep2/IEE2463-SEP-Proyecto-2-Z8/full_hardware/vitis/full_hardware_sw/_ide/psinit/ps7_init.tcl' is done.
23:50:29 INFO  : 'ps7_init' command is executed.
23:50:29 INFO  : 'ps7_post_config' command is executed.
23:50:29 INFO  : Context for processor 'ps7_cortexa9_0' is selected.
23:50:30 INFO  : The application 'D:/proyectosep2/IEE2463-SEP-Proyecto-2-Z8/full_hardware/vitis/full_hardware_sw/Debug/full_hardware_sw.elf' is downloaded to processor 'ps7_cortexa9_0'.
23:50:30 INFO  : 'configparams force-mem-access 0' command is executed.
23:50:30 INFO  : ----------------XSDB Script----------------
connect -url tcp:127.0.0.1:3121
targets -set -nocase -filter {name =~"APU*"}
rst -system
after 3000
targets -set -filter {jtag_cable_name =~ "Digilent Zybo Z7 210351B3FC8DA" && level==0 && jtag_device_ctx=="jsn-Zybo Z7-210351B3FC8DA-13722093-0"}
fpga -file D:/proyectosep2/IEE2463-SEP-Proyecto-2-Z8/full_hardware/vitis/full_hardware_sw/_ide/bitstream/DEMO_wrapper.bit
targets -set -nocase -filter {name =~"APU*"}
loadhw -hw D:/proyectosep2/IEE2463-SEP-Proyecto-2-Z8/full_hardware/vitis/full_hardware_plt/export/full_hardware_plt/hw/DEMO_wrapper.xsa -mem-ranges [list {0x40000000 0xbfffffff}] -regs
configparams force-mem-access 1
targets -set -nocase -filter {name =~"APU*"}
source D:/proyectosep2/IEE2463-SEP-Proyecto-2-Z8/full_hardware/vitis/full_hardware_sw/_ide/psinit/ps7_init.tcl
ps7_init
ps7_post_config
targets -set -nocase -filter {name =~ "*A9*#0"}
dow D:/proyectosep2/IEE2463-SEP-Proyecto-2-Z8/full_hardware/vitis/full_hardware_sw/Debug/full_hardware_sw.elf
configparams force-mem-access 0
----------------End of Script----------------

23:50:30 INFO  : Context for processor 'ps7_cortexa9_0' is selected.
23:50:30 INFO  : 'con' command is executed.
23:50:30 INFO  : ----------------XSDB Script (After Launch)----------------
targets -set -nocase -filter {name =~ "*A9*#0"}
con
----------------End of Script----------------

23:50:30 INFO  : Launch script is exported to file 'D:\proyectosep2\IEE2463-SEP-Proyecto-2-Z8\full_hardware\vitis\.sdk\launch_scripts\single_application_debug\debugger_full_hardware_sw-default.tcl'
23:54:56 INFO  : Checking for BSP changes to sync application flags for project 'full_hardware_sw'...
23:54:58 INFO  : Checking for BSP changes to sync application flags for project 'music_player_sw'...
23:55:00 ERROR : (XSDB Server)ERROR: [Hsi 55-1571] The design file D:/proyectosep2/IEE2463-SEP-Proyecto-2-Z8/full_hardware/vitis/full_hardware_plt/export/full_hardware_plt/hw/DEMO_wrapper.xsa is already opened

23:55:24 INFO  : Disconnected from the channel tcfchan#17.
23:55:25 INFO  : Connected to target on host '127.0.0.1' and port '3121'.
23:55:25 INFO  : Jtag cable 'Digilent Zybo Z7 210351B3FC8DA' is selected.
23:55:25 INFO  : 'jtag frequency' command is executed.
23:55:25 INFO  : Context for 'APU' is selected.
23:55:25 INFO  : System reset is completed.
23:55:28 INFO  : 'after 3000' command is executed.
23:55:28 INFO  : 'targets -set -filter {jtag_cable_name =~ "Digilent Zybo Z7 210351B3FC8DA" && level==0 && jtag_device_ctx=="jsn-Zybo Z7-210351B3FC8DA-13722093-0"}' command is executed.
23:55:29 INFO  : FPGA configured successfully with bitstream "D:/proyectosep2/IEE2463-SEP-Proyecto-2-Z8/full_hardware/vitis/full_hardware_sw/_ide/bitstream/DEMO_wrapper.bit"
23:55:29 INFO  : Context for 'APU' is selected.
23:55:32 INFO  : Hardware design and registers information is loaded from 'D:/proyectosep2/IEE2463-SEP-Proyecto-2-Z8/full_hardware/vitis/full_hardware_plt/export/full_hardware_plt/hw/DEMO_wrapper.xsa'.
23:55:32 INFO  : 'configparams force-mem-access 1' command is executed.
23:55:32 INFO  : Context for 'APU' is selected.
23:55:32 INFO  : Sourcing of 'D:/proyectosep2/IEE2463-SEP-Proyecto-2-Z8/full_hardware/vitis/full_hardware_sw/_ide/psinit/ps7_init.tcl' is done.
23:55:32 INFO  : 'ps7_init' command is executed.
23:55:32 INFO  : 'ps7_post_config' command is executed.
23:55:32 INFO  : Context for processor 'ps7_cortexa9_0' is selected.
23:55:33 INFO  : The application 'D:/proyectosep2/IEE2463-SEP-Proyecto-2-Z8/full_hardware/vitis/full_hardware_sw/Debug/full_hardware_sw.elf' is downloaded to processor 'ps7_cortexa9_0'.
23:55:33 INFO  : 'configparams force-mem-access 0' command is executed.
23:55:33 INFO  : ----------------XSDB Script----------------
connect -url tcp:127.0.0.1:3121
targets -set -nocase -filter {name =~"APU*"}
rst -system
after 3000
targets -set -filter {jtag_cable_name =~ "Digilent Zybo Z7 210351B3FC8DA" && level==0 && jtag_device_ctx=="jsn-Zybo Z7-210351B3FC8DA-13722093-0"}
fpga -file D:/proyectosep2/IEE2463-SEP-Proyecto-2-Z8/full_hardware/vitis/full_hardware_sw/_ide/bitstream/DEMO_wrapper.bit
targets -set -nocase -filter {name =~"APU*"}
loadhw -hw D:/proyectosep2/IEE2463-SEP-Proyecto-2-Z8/full_hardware/vitis/full_hardware_plt/export/full_hardware_plt/hw/DEMO_wrapper.xsa -mem-ranges [list {0x40000000 0xbfffffff}] -regs
configparams force-mem-access 1
targets -set -nocase -filter {name =~"APU*"}
source D:/proyectosep2/IEE2463-SEP-Proyecto-2-Z8/full_hardware/vitis/full_hardware_sw/_ide/psinit/ps7_init.tcl
ps7_init
ps7_post_config
targets -set -nocase -filter {name =~ "*A9*#0"}
dow D:/proyectosep2/IEE2463-SEP-Proyecto-2-Z8/full_hardware/vitis/full_hardware_sw/Debug/full_hardware_sw.elf
configparams force-mem-access 0
----------------End of Script----------------

23:55:33 INFO  : Context for processor 'ps7_cortexa9_0' is selected.
23:55:33 INFO  : 'con' command is executed.
23:55:33 INFO  : ----------------XSDB Script (After Launch)----------------
targets -set -nocase -filter {name =~ "*A9*#0"}
con
----------------End of Script----------------

23:55:33 INFO  : Launch script is exported to file 'D:\proyectosep2\IEE2463-SEP-Proyecto-2-Z8\full_hardware\vitis\.sdk\launch_scripts\single_application_debug\debugger_full_hardware_sw-default.tcl'
23:58:16 INFO  : Disconnected from the channel tcfchan#19.
23:58:34 INFO  : Launching XSCT server: xsct.bat -n  -interactive D:\proyectosep2\IEE2463-SEP-Proyecto-2-Z8\full_hardware\vitis\temp_xsdb_launch_script.tcl
23:58:36 INFO  : XSCT server has started successfully.
23:58:36 INFO  : plnx-install-location is set to ''
23:58:36 INFO  : Successfully done setting XSCT server connection channel  
23:58:36 INFO  : Successfully done setting workspace for the tool. 
23:58:38 INFO  : Platform repository initialization has completed.
23:58:39 INFO  : Successfully done query RDI_DATADIR 
23:58:39 INFO  : Registering command handlers for Vitis TCF services
23:59:19 INFO  : Checking for BSP changes to sync application flags for project 'full_hardware_sw'...
23:59:43 INFO  : Connected to target on host '127.0.0.1' and port '3121'.
23:59:43 INFO  : Jtag cable 'Digilent Zybo Z7 210351B3FC8DA' is selected.
23:59:43 INFO  : 'jtag frequency' command is executed.
23:59:43 INFO  : Context for 'APU' is selected.
23:59:43 INFO  : System reset is completed.
23:59:46 INFO  : 'after 3000' command is executed.
23:59:46 INFO  : 'targets -set -filter {jtag_cable_name =~ "Digilent Zybo Z7 210351B3FC8DA" && level==0 && jtag_device_ctx=="jsn-Zybo Z7-210351B3FC8DA-13722093-0"}' command is executed.
23:59:48 INFO  : FPGA configured successfully with bitstream "D:/proyectosep2/IEE2463-SEP-Proyecto-2-Z8/full_hardware/vitis/full_hardware_sw/_ide/bitstream/DEMO_wrapper.bit"
23:59:48 INFO  : Context for 'APU' is selected.
23:59:48 INFO  : Hardware design and registers information is loaded from 'D:/proyectosep2/IEE2463-SEP-Proyecto-2-Z8/full_hardware/vitis/full_hardware_plt/export/full_hardware_plt/hw/DEMO_wrapper.xsa'.
23:59:48 INFO  : 'configparams force-mem-access 1' command is executed.
23:59:48 INFO  : Context for 'APU' is selected.
23:59:48 INFO  : Sourcing of 'D:/proyectosep2/IEE2463-SEP-Proyecto-2-Z8/full_hardware/vitis/full_hardware_sw/_ide/psinit/ps7_init.tcl' is done.
23:59:48 INFO  : 'ps7_init' command is executed.
23:59:48 INFO  : 'ps7_post_config' command is executed.
23:59:48 INFO  : Context for processor 'ps7_cortexa9_0' is selected.
23:59:49 INFO  : The application 'D:/proyectosep2/IEE2463-SEP-Proyecto-2-Z8/full_hardware/vitis/full_hardware_sw/Debug/full_hardware_sw.elf' is downloaded to processor 'ps7_cortexa9_0'.
23:59:49 INFO  : 'configparams force-mem-access 0' command is executed.
23:59:49 INFO  : ----------------XSDB Script----------------
connect -url tcp:127.0.0.1:3121
targets -set -nocase -filter {name =~"APU*"}
rst -system
after 3000
targets -set -filter {jtag_cable_name =~ "Digilent Zybo Z7 210351B3FC8DA" && level==0 && jtag_device_ctx=="jsn-Zybo Z7-210351B3FC8DA-13722093-0"}
fpga -file D:/proyectosep2/IEE2463-SEP-Proyecto-2-Z8/full_hardware/vitis/full_hardware_sw/_ide/bitstream/DEMO_wrapper.bit
targets -set -nocase -filter {name =~"APU*"}
loadhw -hw D:/proyectosep2/IEE2463-SEP-Proyecto-2-Z8/full_hardware/vitis/full_hardware_plt/export/full_hardware_plt/hw/DEMO_wrapper.xsa -mem-ranges [list {0x40000000 0xbfffffff}] -regs
configparams force-mem-access 1
targets -set -nocase -filter {name =~"APU*"}
source D:/proyectosep2/IEE2463-SEP-Proyecto-2-Z8/full_hardware/vitis/full_hardware_sw/_ide/psinit/ps7_init.tcl
ps7_init
ps7_post_config
targets -set -nocase -filter {name =~ "*A9*#0"}
dow D:/proyectosep2/IEE2463-SEP-Proyecto-2-Z8/full_hardware/vitis/full_hardware_sw/Debug/full_hardware_sw.elf
configparams force-mem-access 0
----------------End of Script----------------

23:59:49 INFO  : Context for processor 'ps7_cortexa9_0' is selected.
23:59:49 INFO  : 'con' command is executed.
23:59:49 INFO  : ----------------XSDB Script (After Launch)----------------
targets -set -nocase -filter {name =~ "*A9*#0"}
con
----------------End of Script----------------

23:59:49 INFO  : Launch script is exported to file 'D:\proyectosep2\IEE2463-SEP-Proyecto-2-Z8\full_hardware\vitis\.sdk\launch_scripts\single_application_debug\debugger_full_hardware_sw-default.tcl'
00:02:33 INFO  : Checking for BSP changes to sync application flags for project 'full_hardware_sw'...
00:02:35 INFO  : Checking for BSP changes to sync application flags for project 'music_player_sw'...
00:02:38 ERROR : (XSDB Server)ERROR: [Hsi 55-1571] The design file D:/proyectosep2/IEE2463-SEP-Proyecto-2-Z8/full_hardware/vitis/full_hardware_plt/export/full_hardware_plt/hw/DEMO_wrapper.xsa is already opened

00:02:45 INFO  : Disconnected from the channel tcfchan#1.
00:02:47 INFO  : Connected to target on host '127.0.0.1' and port '3121'.
00:02:47 INFO  : Jtag cable 'Digilent Zybo Z7 210351B3FC8DA' is selected.
00:02:47 INFO  : 'jtag frequency' command is executed.
00:02:47 INFO  : Context for 'APU' is selected.
00:02:47 INFO  : System reset is completed.
00:02:50 INFO  : 'after 3000' command is executed.
00:02:50 INFO  : 'targets -set -filter {jtag_cable_name =~ "Digilent Zybo Z7 210351B3FC8DA" && level==0 && jtag_device_ctx=="jsn-Zybo Z7-210351B3FC8DA-13722093-0"}' command is executed.
00:02:51 INFO  : FPGA configured successfully with bitstream "D:/proyectosep2/IEE2463-SEP-Proyecto-2-Z8/full_hardware/vitis/full_hardware_sw/_ide/bitstream/DEMO_wrapper.bit"
00:02:51 INFO  : Context for 'APU' is selected.
00:02:53 INFO  : Hardware design and registers information is loaded from 'D:/proyectosep2/IEE2463-SEP-Proyecto-2-Z8/full_hardware/vitis/full_hardware_plt/export/full_hardware_plt/hw/DEMO_wrapper.xsa'.
00:02:53 INFO  : 'configparams force-mem-access 1' command is executed.
00:02:53 INFO  : Context for 'APU' is selected.
00:02:53 INFO  : Sourcing of 'D:/proyectosep2/IEE2463-SEP-Proyecto-2-Z8/full_hardware/vitis/full_hardware_sw/_ide/psinit/ps7_init.tcl' is done.
00:02:53 INFO  : 'ps7_init' command is executed.
00:02:53 INFO  : 'ps7_post_config' command is executed.
00:02:53 INFO  : Context for processor 'ps7_cortexa9_0' is selected.
00:02:54 INFO  : The application 'D:/proyectosep2/IEE2463-SEP-Proyecto-2-Z8/full_hardware/vitis/full_hardware_sw/Debug/full_hardware_sw.elf' is downloaded to processor 'ps7_cortexa9_0'.
00:02:54 INFO  : 'configparams force-mem-access 0' command is executed.
00:02:54 INFO  : ----------------XSDB Script----------------
connect -url tcp:127.0.0.1:3121
targets -set -nocase -filter {name =~"APU*"}
rst -system
after 3000
targets -set -filter {jtag_cable_name =~ "Digilent Zybo Z7 210351B3FC8DA" && level==0 && jtag_device_ctx=="jsn-Zybo Z7-210351B3FC8DA-13722093-0"}
fpga -file D:/proyectosep2/IEE2463-SEP-Proyecto-2-Z8/full_hardware/vitis/full_hardware_sw/_ide/bitstream/DEMO_wrapper.bit
targets -set -nocase -filter {name =~"APU*"}
loadhw -hw D:/proyectosep2/IEE2463-SEP-Proyecto-2-Z8/full_hardware/vitis/full_hardware_plt/export/full_hardware_plt/hw/DEMO_wrapper.xsa -mem-ranges [list {0x40000000 0xbfffffff}] -regs
configparams force-mem-access 1
targets -set -nocase -filter {name =~"APU*"}
source D:/proyectosep2/IEE2463-SEP-Proyecto-2-Z8/full_hardware/vitis/full_hardware_sw/_ide/psinit/ps7_init.tcl
ps7_init
ps7_post_config
targets -set -nocase -filter {name =~ "*A9*#0"}
dow D:/proyectosep2/IEE2463-SEP-Proyecto-2-Z8/full_hardware/vitis/full_hardware_sw/Debug/full_hardware_sw.elf
configparams force-mem-access 0
----------------End of Script----------------

00:02:54 INFO  : Context for processor 'ps7_cortexa9_0' is selected.
00:02:54 INFO  : 'con' command is executed.
00:02:54 INFO  : ----------------XSDB Script (After Launch)----------------
targets -set -nocase -filter {name =~ "*A9*#0"}
con
----------------End of Script----------------

00:02:54 INFO  : Launch script is exported to file 'D:\proyectosep2\IEE2463-SEP-Proyecto-2-Z8\full_hardware\vitis\.sdk\launch_scripts\single_application_debug\debugger_full_hardware_sw-default.tcl'
00:04:04 INFO  : Checking for BSP changes to sync application flags for project 'full_hardware_sw'...
00:04:05 INFO  : Checking for BSP changes to sync application flags for project 'music_player_sw'...
00:04:07 ERROR : (XSDB Server)ERROR: [Hsi 55-1571] The design file D:/proyectosep2/IEE2463-SEP-Proyecto-2-Z8/full_hardware/vitis/full_hardware_plt/export/full_hardware_plt/hw/DEMO_wrapper.xsa is already opened

00:04:16 INFO  : Disconnected from the channel tcfchan#3.
00:04:17 INFO  : Connected to target on host '127.0.0.1' and port '3121'.
00:04:23 INFO  : Jtag cable 'Digilent Zybo Z7 210351B3FC8DA' is selected.
00:04:23 INFO  : 'jtag frequency' command is executed.
00:04:24 INFO  : Context for 'APU' is selected.
00:04:24 INFO  : System reset is completed.
00:04:27 INFO  : 'after 3000' command is executed.
00:04:27 INFO  : 'targets -set -filter {jtag_cable_name =~ "Digilent Zybo Z7 210351B3FC8DA" && level==0 && jtag_device_ctx=="jsn-Zybo Z7-210351B3FC8DA-13722093-0"}' command is executed.
00:04:28 INFO  : FPGA configured successfully with bitstream "D:/proyectosep2/IEE2463-SEP-Proyecto-2-Z8/full_hardware/vitis/full_hardware_sw/_ide/bitstream/DEMO_wrapper.bit"
00:04:28 INFO  : Context for 'APU' is selected.
00:04:30 INFO  : Hardware design and registers information is loaded from 'D:/proyectosep2/IEE2463-SEP-Proyecto-2-Z8/full_hardware/vitis/full_hardware_plt/export/full_hardware_plt/hw/DEMO_wrapper.xsa'.
00:04:30 INFO  : 'configparams force-mem-access 1' command is executed.
00:04:30 INFO  : Context for 'APU' is selected.
00:04:30 INFO  : Sourcing of 'D:/proyectosep2/IEE2463-SEP-Proyecto-2-Z8/full_hardware/vitis/full_hardware_sw/_ide/psinit/ps7_init.tcl' is done.
00:04:30 INFO  : 'ps7_init' command is executed.
00:04:30 INFO  : 'ps7_post_config' command is executed.
00:04:30 INFO  : Context for processor 'ps7_cortexa9_0' is selected.
00:04:31 INFO  : The application 'D:/proyectosep2/IEE2463-SEP-Proyecto-2-Z8/full_hardware/vitis/full_hardware_sw/Debug/full_hardware_sw.elf' is downloaded to processor 'ps7_cortexa9_0'.
00:04:31 INFO  : Context for processor 'ps7_cortexa9_1' is selected.
00:04:32 INFO  : The application 'D:/proyectosep2/IEE2463-SEP-Proyecto-2-Z8/full_hardware/vitis/music_player_sw/Debug/music_player_sw.elf' is downloaded to processor 'ps7_cortexa9_1'.
00:04:32 INFO  : 'configparams force-mem-access 0' command is executed.
00:04:32 INFO  : ----------------XSDB Script----------------
connect -url tcp:127.0.0.1:3121
targets -set -nocase -filter {name =~"APU*"}
rst -system
after 3000
targets -set -filter {jtag_cable_name =~ "Digilent Zybo Z7 210351B3FC8DA" && level==0 && jtag_device_ctx=="jsn-Zybo Z7-210351B3FC8DA-13722093-0"}
fpga -file D:/proyectosep2/IEE2463-SEP-Proyecto-2-Z8/full_hardware/vitis/full_hardware_sw/_ide/bitstream/DEMO_wrapper.bit
targets -set -nocase -filter {name =~"APU*"}
loadhw -hw D:/proyectosep2/IEE2463-SEP-Proyecto-2-Z8/full_hardware/vitis/full_hardware_plt/export/full_hardware_plt/hw/DEMO_wrapper.xsa -mem-ranges [list {0x40000000 0xbfffffff}] -regs
configparams force-mem-access 1
targets -set -nocase -filter {name =~"APU*"}
source D:/proyectosep2/IEE2463-SEP-Proyecto-2-Z8/full_hardware/vitis/full_hardware_sw/_ide/psinit/ps7_init.tcl
ps7_init
ps7_post_config
targets -set -nocase -filter {name =~ "*A9*#0"}
dow D:/proyectosep2/IEE2463-SEP-Proyecto-2-Z8/full_hardware/vitis/full_hardware_sw/Debug/full_hardware_sw.elf
targets -set -nocase -filter {name =~ "*A9*#1"}
dow D:/proyectosep2/IEE2463-SEP-Proyecto-2-Z8/full_hardware/vitis/music_player_sw/Debug/music_player_sw.elf
configparams force-mem-access 0
----------------End of Script----------------

00:04:32 INFO  : Context for processor 'ps7_cortexa9_0' is selected.
00:04:32 INFO  : 'con' command is executed.
00:04:32 INFO  : Context for processor 'ps7_cortexa9_1' is selected.
00:04:32 INFO  : 'con' command is executed.
00:04:32 INFO  : ----------------XSDB Script (After Launch)----------------
targets -set -nocase -filter {name =~ "*A9*#0"}
con
targets -set -nocase -filter {name =~ "*A9*#1"}
con
----------------End of Script----------------

00:04:32 INFO  : Launch script is exported to file 'D:\proyectosep2\IEE2463-SEP-Proyecto-2-Z8\full_hardware\vitis\.sdk\launch_scripts\single_application_debug\systemdebugger_full_hardware_sw_system_standalone.tcl'
00:05:31 INFO  : Checking for BSP changes to sync application flags for project 'full_hardware_sw'...
00:05:32 INFO  : Checking for BSP changes to sync application flags for project 'music_player_sw'...
00:05:34 ERROR : (XSDB Server)ERROR: [Hsi 55-1571] The design file D:/proyectosep2/IEE2463-SEP-Proyecto-2-Z8/full_hardware/vitis/full_hardware_plt/export/full_hardware_plt/hw/DEMO_wrapper.xsa is already opened

00:05:44 INFO  : Disconnected from the channel tcfchan#5.
00:05:44 INFO  : Connected to target on host '127.0.0.1' and port '3121'.
00:05:50 INFO  : Jtag cable 'Digilent Zybo Z7 210351B3FC8DA' is selected.
00:05:50 INFO  : 'jtag frequency' command is executed.
00:05:51 INFO  : Context for 'APU' is selected.
00:05:51 INFO  : System reset is completed.
00:05:54 INFO  : 'after 3000' command is executed.
00:05:54 INFO  : 'targets -set -filter {jtag_cable_name =~ "Digilent Zybo Z7 210351B3FC8DA" && level==0 && jtag_device_ctx=="jsn-Zybo Z7-210351B3FC8DA-13722093-0"}' command is executed.
00:05:55 INFO  : FPGA configured successfully with bitstream "D:/proyectosep2/IEE2463-SEP-Proyecto-2-Z8/full_hardware/vitis/full_hardware_sw/_ide/bitstream/DEMO_wrapper.bit"
00:05:55 INFO  : Context for 'APU' is selected.
00:05:57 INFO  : Hardware design and registers information is loaded from 'D:/proyectosep2/IEE2463-SEP-Proyecto-2-Z8/full_hardware/vitis/full_hardware_plt/export/full_hardware_plt/hw/DEMO_wrapper.xsa'.
00:05:57 INFO  : 'configparams force-mem-access 1' command is executed.
00:05:57 INFO  : Context for 'APU' is selected.
00:05:57 INFO  : Sourcing of 'D:/proyectosep2/IEE2463-SEP-Proyecto-2-Z8/full_hardware/vitis/full_hardware_sw/_ide/psinit/ps7_init.tcl' is done.
00:05:57 INFO  : 'ps7_init' command is executed.
00:05:57 INFO  : 'ps7_post_config' command is executed.
00:05:57 INFO  : Context for processor 'ps7_cortexa9_0' is selected.
00:05:58 INFO  : The application 'D:/proyectosep2/IEE2463-SEP-Proyecto-2-Z8/full_hardware/vitis/full_hardware_sw/Debug/full_hardware_sw.elf' is downloaded to processor 'ps7_cortexa9_0'.
00:05:58 INFO  : Context for processor 'ps7_cortexa9_1' is selected.
00:05:58 INFO  : The application 'D:/proyectosep2/IEE2463-SEP-Proyecto-2-Z8/full_hardware/vitis/music_player_sw/Debug/music_player_sw.elf' is downloaded to processor 'ps7_cortexa9_1'.
00:05:58 INFO  : 'configparams force-mem-access 0' command is executed.
00:05:58 INFO  : ----------------XSDB Script----------------
connect -url tcp:127.0.0.1:3121
targets -set -nocase -filter {name =~"APU*"}
rst -system
after 3000
targets -set -filter {jtag_cable_name =~ "Digilent Zybo Z7 210351B3FC8DA" && level==0 && jtag_device_ctx=="jsn-Zybo Z7-210351B3FC8DA-13722093-0"}
fpga -file D:/proyectosep2/IEE2463-SEP-Proyecto-2-Z8/full_hardware/vitis/full_hardware_sw/_ide/bitstream/DEMO_wrapper.bit
targets -set -nocase -filter {name =~"APU*"}
loadhw -hw D:/proyectosep2/IEE2463-SEP-Proyecto-2-Z8/full_hardware/vitis/full_hardware_plt/export/full_hardware_plt/hw/DEMO_wrapper.xsa -mem-ranges [list {0x40000000 0xbfffffff}] -regs
configparams force-mem-access 1
targets -set -nocase -filter {name =~"APU*"}
source D:/proyectosep2/IEE2463-SEP-Proyecto-2-Z8/full_hardware/vitis/full_hardware_sw/_ide/psinit/ps7_init.tcl
ps7_init
ps7_post_config
targets -set -nocase -filter {name =~ "*A9*#0"}
dow D:/proyectosep2/IEE2463-SEP-Proyecto-2-Z8/full_hardware/vitis/full_hardware_sw/Debug/full_hardware_sw.elf
targets -set -nocase -filter {name =~ "*A9*#1"}
dow D:/proyectosep2/IEE2463-SEP-Proyecto-2-Z8/full_hardware/vitis/music_player_sw/Debug/music_player_sw.elf
configparams force-mem-access 0
----------------End of Script----------------

00:05:59 INFO  : Context for processor 'ps7_cortexa9_0' is selected.
00:05:59 INFO  : 'con' command is executed.
00:05:59 INFO  : Context for processor 'ps7_cortexa9_1' is selected.
00:05:59 INFO  : 'con' command is executed.
00:05:59 INFO  : ----------------XSDB Script (After Launch)----------------
targets -set -nocase -filter {name =~ "*A9*#0"}
con
targets -set -nocase -filter {name =~ "*A9*#1"}
con
----------------End of Script----------------

00:05:59 INFO  : Launch script is exported to file 'D:\proyectosep2\IEE2463-SEP-Proyecto-2-Z8\full_hardware\vitis\.sdk\launch_scripts\single_application_debug\systemdebugger_full_hardware_sw_system_standalone.tcl'
00:24:11 INFO  : Hardware specification for platform project 'full_hardware_plt' is updated.
00:24:33 INFO  : Result from executing command 'getProjects': full_hardware_plt
00:24:33 INFO  : Result from executing command 'getPlatforms': full_hardware_plt|D:/proyectosep2/IEE2463-SEP-Proyecto-2-Z8/full_hardware/vitis/full_hardware_plt/export/full_hardware_plt/full_hardware_plt.xpfm
00:25:26 INFO  : Checking for BSP changes to sync application flags for project 'full_hardware_sw'...
00:25:27 INFO  : Checking for BSP changes to sync application flags for project 'music_player_sw'...
00:25:27 INFO  : The hardware specfication used by project 'full_hardware_sw' is out of sync with the platform. Resource files extracted from the hardware specfiication will be updated.
00:25:27 INFO  : The file 'D:\proyectosep2\IEE2463-SEP-Proyecto-2-Z8\full_hardware\vitis\full_hardware_sw\_ide\bitstream\DEMO_wrapper.bit' stored in project is removed.
00:25:27 INFO  : The updated bitstream files are copied from platform to folder 'D:\proyectosep2\IEE2463-SEP-Proyecto-2-Z8\full_hardware\vitis\full_hardware_sw\_ide\bitstream' in project 'full_hardware_sw'.
00:25:27 INFO  : The file 'D:\proyectosep2\IEE2463-SEP-Proyecto-2-Z8\full_hardware\vitis\full_hardware_sw\_ide\psinit\ps7_init.tcl' stored in project is removed.
00:25:32 INFO  : The updated ps init files are copied from platform to folder 'D:\proyectosep2\IEE2463-SEP-Proyecto-2-Z8\full_hardware\vitis\full_hardware_sw\_ide\psinit' in project 'full_hardware_sw'.
00:25:32 INFO  : The hardware specfication used by project 'music_player_sw' is out of sync with the platform. Resource files extracted from the hardware specfiication will be updated.
00:25:32 INFO  : The file 'D:\proyectosep2\IEE2463-SEP-Proyecto-2-Z8\full_hardware\vitis\music_player_sw\_ide\bitstream\DEMO_wrapper.bit' stored in project is removed.
00:25:32 INFO  : The updated bitstream files are copied from platform to folder 'D:\proyectosep2\IEE2463-SEP-Proyecto-2-Z8\full_hardware\vitis\music_player_sw\_ide\bitstream' in project 'music_player_sw'.
00:25:32 INFO  : The file 'D:\proyectosep2\IEE2463-SEP-Proyecto-2-Z8\full_hardware\vitis\music_player_sw\_ide\psinit\ps7_init.tcl' stored in project is removed.
00:25:36 INFO  : The updated ps init files are copied from platform to folder 'D:\proyectosep2\IEE2463-SEP-Proyecto-2-Z8\full_hardware\vitis\music_player_sw\_ide\psinit' in project 'music_player_sw'.
00:26:15 INFO  : Disconnected from the channel tcfchan#7.
00:26:16 INFO  : Connected to target on host '127.0.0.1' and port '3121'.
00:26:16 INFO  : Jtag cable 'Digilent Zybo Z7 210351B3FC8DA' is selected.
00:26:16 INFO  : 'jtag frequency' command is executed.
00:26:16 INFO  : Context for 'APU' is selected.
00:26:16 INFO  : System reset is completed.
00:26:19 INFO  : 'after 3000' command is executed.
00:26:19 INFO  : 'targets -set -filter {jtag_cable_name =~ "Digilent Zybo Z7 210351B3FC8DA" && level==0 && jtag_device_ctx=="jsn-Zybo Z7-210351B3FC8DA-13722093-0"}' command is executed.
00:26:20 INFO  : FPGA configured successfully with bitstream "D:/proyectosep2/IEE2463-SEP-Proyecto-2-Z8/full_hardware/vitis/full_hardware_sw/_ide/bitstream/DEMO_wrapper.bit"
00:26:20 INFO  : Context for 'APU' is selected.
00:26:21 INFO  : Hardware design and registers information is loaded from 'D:/proyectosep2/IEE2463-SEP-Proyecto-2-Z8/full_hardware/vitis/full_hardware_plt/export/full_hardware_plt/hw/DEMO_wrapper.xsa'.
00:26:21 INFO  : 'configparams force-mem-access 1' command is executed.
00:26:21 INFO  : Context for 'APU' is selected.
00:26:21 INFO  : Sourcing of 'D:/proyectosep2/IEE2463-SEP-Proyecto-2-Z8/full_hardware/vitis/full_hardware_sw/_ide/psinit/ps7_init.tcl' is done.
00:26:21 INFO  : 'ps7_init' command is executed.
00:26:21 INFO  : 'ps7_post_config' command is executed.
00:26:21 INFO  : Context for processor 'ps7_cortexa9_0' is selected.
00:26:22 INFO  : The application 'D:/proyectosep2/IEE2463-SEP-Proyecto-2-Z8/full_hardware/vitis/full_hardware_sw/Debug/full_hardware_sw.elf' is downloaded to processor 'ps7_cortexa9_0'.
00:26:22 INFO  : Context for processor 'ps7_cortexa9_1' is selected.
00:26:22 INFO  : The application 'D:/proyectosep2/IEE2463-SEP-Proyecto-2-Z8/full_hardware/vitis/music_player_sw/Debug/music_player_sw.elf' is downloaded to processor 'ps7_cortexa9_1'.
00:26:22 INFO  : 'configparams force-mem-access 0' command is executed.
00:26:22 INFO  : ----------------XSDB Script----------------
connect -url tcp:127.0.0.1:3121
targets -set -nocase -filter {name =~"APU*"}
rst -system
after 3000
targets -set -filter {jtag_cable_name =~ "Digilent Zybo Z7 210351B3FC8DA" && level==0 && jtag_device_ctx=="jsn-Zybo Z7-210351B3FC8DA-13722093-0"}
fpga -file D:/proyectosep2/IEE2463-SEP-Proyecto-2-Z8/full_hardware/vitis/full_hardware_sw/_ide/bitstream/DEMO_wrapper.bit
targets -set -nocase -filter {name =~"APU*"}
loadhw -hw D:/proyectosep2/IEE2463-SEP-Proyecto-2-Z8/full_hardware/vitis/full_hardware_plt/export/full_hardware_plt/hw/DEMO_wrapper.xsa -mem-ranges [list {0x40000000 0xbfffffff}] -regs
configparams force-mem-access 1
targets -set -nocase -filter {name =~"APU*"}
source D:/proyectosep2/IEE2463-SEP-Proyecto-2-Z8/full_hardware/vitis/full_hardware_sw/_ide/psinit/ps7_init.tcl
ps7_init
ps7_post_config
targets -set -nocase -filter {name =~ "*A9*#0"}
dow D:/proyectosep2/IEE2463-SEP-Proyecto-2-Z8/full_hardware/vitis/full_hardware_sw/Debug/full_hardware_sw.elf
targets -set -nocase -filter {name =~ "*A9*#1"}
dow D:/proyectosep2/IEE2463-SEP-Proyecto-2-Z8/full_hardware/vitis/music_player_sw/Debug/music_player_sw.elf
configparams force-mem-access 0
----------------End of Script----------------

00:26:22 INFO  : Context for processor 'ps7_cortexa9_0' is selected.
00:26:22 INFO  : 'con' command is executed.
00:26:22 INFO  : Context for processor 'ps7_cortexa9_1' is selected.
00:26:22 INFO  : 'con' command is executed.
00:26:22 INFO  : ----------------XSDB Script (After Launch)----------------
targets -set -nocase -filter {name =~ "*A9*#0"}
con
targets -set -nocase -filter {name =~ "*A9*#1"}
con
----------------End of Script----------------

00:26:22 INFO  : Launch script is exported to file 'D:\proyectosep2\IEE2463-SEP-Proyecto-2-Z8\full_hardware\vitis\.sdk\launch_scripts\single_application_debug\systemdebugger_full_hardware_sw_system_standalone.tcl'
00:28:34 INFO  : Disconnected from the channel tcfchan#10.
00:28:35 INFO  : Connected to target on host '127.0.0.1' and port '3121'.
00:28:37 INFO  : Jtag cable 'Digilent Zybo Z7 210351B3FC8DA' is selected.
00:28:37 INFO  : 'jtag frequency' command is executed.
00:28:37 INFO  : Context for 'APU' is selected.
00:28:37 INFO  : System reset is completed.
00:28:40 INFO  : 'after 3000' command is executed.
00:28:40 INFO  : 'targets -set -filter {jtag_cable_name =~ "Digilent Zybo Z7 210351B3FC8DA" && level==0 && jtag_device_ctx=="jsn-Zybo Z7-210351B3FC8DA-13722093-0"}' command is executed.
00:28:41 INFO  : FPGA configured successfully with bitstream "D:/proyectosep2/IEE2463-SEP-Proyecto-2-Z8/full_hardware/vitis/full_hardware_sw/_ide/bitstream/DEMO_wrapper.bit"
00:28:41 INFO  : Context for 'APU' is selected.
00:28:41 INFO  : Hardware design and registers information is loaded from 'D:/proyectosep2/IEE2463-SEP-Proyecto-2-Z8/full_hardware/vitis/full_hardware_plt/export/full_hardware_plt/hw/DEMO_wrapper.xsa'.
00:28:41 INFO  : 'configparams force-mem-access 1' command is executed.
00:28:42 INFO  : Context for 'APU' is selected.
00:28:42 INFO  : Sourcing of 'D:/proyectosep2/IEE2463-SEP-Proyecto-2-Z8/full_hardware/vitis/full_hardware_sw/_ide/psinit/ps7_init.tcl' is done.
00:28:42 INFO  : 'ps7_init' command is executed.
00:28:42 INFO  : 'ps7_post_config' command is executed.
00:28:42 INFO  : Context for processor 'ps7_cortexa9_0' is selected.
00:28:43 INFO  : The application 'D:/proyectosep2/IEE2463-SEP-Proyecto-2-Z8/full_hardware/vitis/full_hardware_sw/Debug/full_hardware_sw.elf' is downloaded to processor 'ps7_cortexa9_0'.
00:28:43 INFO  : 'configparams force-mem-access 0' command is executed.
00:28:43 INFO  : ----------------XSDB Script----------------
connect -url tcp:127.0.0.1:3121
targets -set -nocase -filter {name =~"APU*"}
rst -system
after 3000
targets -set -filter {jtag_cable_name =~ "Digilent Zybo Z7 210351B3FC8DA" && level==0 && jtag_device_ctx=="jsn-Zybo Z7-210351B3FC8DA-13722093-0"}
fpga -file D:/proyectosep2/IEE2463-SEP-Proyecto-2-Z8/full_hardware/vitis/full_hardware_sw/_ide/bitstream/DEMO_wrapper.bit
targets -set -nocase -filter {name =~"APU*"}
loadhw -hw D:/proyectosep2/IEE2463-SEP-Proyecto-2-Z8/full_hardware/vitis/full_hardware_plt/export/full_hardware_plt/hw/DEMO_wrapper.xsa -mem-ranges [list {0x40000000 0xbfffffff}] -regs
configparams force-mem-access 1
targets -set -nocase -filter {name =~"APU*"}
source D:/proyectosep2/IEE2463-SEP-Proyecto-2-Z8/full_hardware/vitis/full_hardware_sw/_ide/psinit/ps7_init.tcl
ps7_init
ps7_post_config
targets -set -nocase -filter {name =~ "*A9*#0"}
dow D:/proyectosep2/IEE2463-SEP-Proyecto-2-Z8/full_hardware/vitis/full_hardware_sw/Debug/full_hardware_sw.elf
configparams force-mem-access 0
----------------End of Script----------------

00:28:43 INFO  : Context for processor 'ps7_cortexa9_0' is selected.
00:28:43 INFO  : 'con' command is executed.
00:28:43 INFO  : ----------------XSDB Script (After Launch)----------------
targets -set -nocase -filter {name =~ "*A9*#0"}
con
----------------End of Script----------------

00:28:43 INFO  : Launch script is exported to file 'D:\proyectosep2\IEE2463-SEP-Proyecto-2-Z8\full_hardware\vitis\.sdk\launch_scripts\single_application_debug\debugger_full_hardware_sw-default.tcl'
00:30:50 INFO  : Successfully done sdx_reload_mss "D:/proyectosep2/IEE2463-SEP-Proyecto-2-Z8/full_hardware/vitis/full_hardware_plt/ps7_cortexa9_0/standalone_domain/bsp/system.mss"
00:30:51 INFO  : Successfully done sdx_reload_mss "D:/proyectosep2/IEE2463-SEP-Proyecto-2-Z8/full_hardware/vitis/full_hardware_plt/ps7_cortexa9_1/music_domain/bsp/system.mss"
00:30:55 INFO  : (SwPlatform) Successfully done removeLibrary 
00:30:58 INFO  : (SwPlatform) Successfully done update_mss 
00:30:58 INFO  : Successfully done sdx_reload_mss "D:/proyectosep2/IEE2463-SEP-Proyecto-2-Z8/full_hardware/vitis/full_hardware_plt/ps7_cortexa9_1/music_domain/bsp/system.mss"
00:31:16 INFO  : Successfully done sdx_reload_mss "D:/proyectosep2/IEE2463-SEP-Proyecto-2-Z8/full_hardware/vitis/full_hardware_plt/ps7_cortexa9_1/music_domain/bsp/system.mss"
00:31:16 INFO  : No changes in MSS file content so sources will not be generated.
00:31:54 INFO  : Result from executing command 'getProjects': full_hardware_plt
00:31:54 INFO  : Result from executing command 'getPlatforms': full_hardware_plt|D:/proyectosep2/IEE2463-SEP-Proyecto-2-Z8/full_hardware/vitis/full_hardware_plt/export/full_hardware_plt/full_hardware_plt.xpfm
00:32:04 INFO  : Checking for BSP changes to sync application flags for project 'full_hardware_sw'...
00:32:04 INFO  : Checking for BSP changes to sync application flags for project 'music_player_sw'...
00:32:04 INFO  : Updating application flags with new BSP settings...
00:32:05 INFO  : Successfully updated application flags for project music_player_sw.
00:32:35 INFO  : Checking for BSP changes to sync application flags for project 'full_hardware_sw'...
00:32:35 INFO  : Checking for BSP changes to sync application flags for project 'music_player_sw'...
00:32:56 INFO  : Disconnected from the channel tcfchan#11.
00:32:57 INFO  : Connected to target on host '127.0.0.1' and port '3121'.
00:32:58 INFO  : Jtag cable 'Digilent Zybo Z7 210351B3FC8DA' is selected.
00:32:58 INFO  : 'jtag frequency' command is executed.
00:32:58 INFO  : Context for 'APU' is selected.
00:32:58 INFO  : System reset is completed.
00:33:01 INFO  : 'after 3000' command is executed.
00:33:01 INFO  : 'targets -set -filter {jtag_cable_name =~ "Digilent Zybo Z7 210351B3FC8DA" && level==0 && jtag_device_ctx=="jsn-Zybo Z7-210351B3FC8DA-13722093-0"}' command is executed.
00:33:02 INFO  : FPGA configured successfully with bitstream "D:/proyectosep2/IEE2463-SEP-Proyecto-2-Z8/full_hardware/vitis/full_hardware_sw/_ide/bitstream/DEMO_wrapper.bit"
00:33:03 INFO  : Context for 'APU' is selected.
00:33:03 INFO  : Hardware design and registers information is loaded from 'D:/proyectosep2/IEE2463-SEP-Proyecto-2-Z8/full_hardware/vitis/full_hardware_plt/export/full_hardware_plt/hw/DEMO_wrapper.xsa'.
00:33:03 INFO  : 'configparams force-mem-access 1' command is executed.
00:33:03 INFO  : Context for 'APU' is selected.
00:33:03 INFO  : Sourcing of 'D:/proyectosep2/IEE2463-SEP-Proyecto-2-Z8/full_hardware/vitis/full_hardware_sw/_ide/psinit/ps7_init.tcl' is done.
00:33:03 INFO  : 'ps7_init' command is executed.
00:33:03 INFO  : 'ps7_post_config' command is executed.
00:33:03 INFO  : Context for processor 'ps7_cortexa9_0' is selected.
00:33:04 INFO  : The application 'D:/proyectosep2/IEE2463-SEP-Proyecto-2-Z8/full_hardware/vitis/full_hardware_sw/Debug/full_hardware_sw.elf' is downloaded to processor 'ps7_cortexa9_0'.
00:33:04 INFO  : Context for processor 'ps7_cortexa9_1' is selected.
00:33:04 INFO  : The application 'D:/proyectosep2/IEE2463-SEP-Proyecto-2-Z8/full_hardware/vitis/music_player_sw/Debug/music_player_sw.elf' is downloaded to processor 'ps7_cortexa9_1'.
00:33:04 INFO  : 'configparams force-mem-access 0' command is executed.
00:33:04 INFO  : ----------------XSDB Script----------------
connect -url tcp:127.0.0.1:3121
targets -set -nocase -filter {name =~"APU*"}
rst -system
after 3000
targets -set -filter {jtag_cable_name =~ "Digilent Zybo Z7 210351B3FC8DA" && level==0 && jtag_device_ctx=="jsn-Zybo Z7-210351B3FC8DA-13722093-0"}
fpga -file D:/proyectosep2/IEE2463-SEP-Proyecto-2-Z8/full_hardware/vitis/full_hardware_sw/_ide/bitstream/DEMO_wrapper.bit
targets -set -nocase -filter {name =~"APU*"}
loadhw -hw D:/proyectosep2/IEE2463-SEP-Proyecto-2-Z8/full_hardware/vitis/full_hardware_plt/export/full_hardware_plt/hw/DEMO_wrapper.xsa -mem-ranges [list {0x40000000 0xbfffffff}] -regs
configparams force-mem-access 1
targets -set -nocase -filter {name =~"APU*"}
source D:/proyectosep2/IEE2463-SEP-Proyecto-2-Z8/full_hardware/vitis/full_hardware_sw/_ide/psinit/ps7_init.tcl
ps7_init
ps7_post_config
targets -set -nocase -filter {name =~ "*A9*#0"}
dow D:/proyectosep2/IEE2463-SEP-Proyecto-2-Z8/full_hardware/vitis/full_hardware_sw/Debug/full_hardware_sw.elf
targets -set -nocase -filter {name =~ "*A9*#1"}
dow D:/proyectosep2/IEE2463-SEP-Proyecto-2-Z8/full_hardware/vitis/music_player_sw/Debug/music_player_sw.elf
configparams force-mem-access 0
----------------End of Script----------------

00:33:04 INFO  : Context for processor 'ps7_cortexa9_0' is selected.
00:33:05 INFO  : 'con' command is executed.
00:33:05 INFO  : Context for processor 'ps7_cortexa9_1' is selected.
00:33:05 INFO  : 'con' command is executed.
00:33:05 INFO  : ----------------XSDB Script (After Launch)----------------
targets -set -nocase -filter {name =~ "*A9*#0"}
con
targets -set -nocase -filter {name =~ "*A9*#1"}
con
----------------End of Script----------------

00:33:05 INFO  : Launch script is exported to file 'D:\proyectosep2\IEE2463-SEP-Proyecto-2-Z8\full_hardware\vitis\.sdk\launch_scripts\single_application_debug\systemdebugger_full_hardware_sw_system_standalone.tcl'
00:38:39 INFO  : Checking for BSP changes to sync application flags for project 'full_hardware_sw'...
00:38:40 INFO  : Checking for BSP changes to sync application flags for project 'music_player_sw'...
00:38:54 INFO  : Disconnected from the channel tcfchan#15.
00:38:54 INFO  : Connected to target on host '127.0.0.1' and port '3121'.
00:39:00 INFO  : Jtag cable 'Digilent Zybo Z7 210351B3FC8DA' is selected.
00:39:00 INFO  : 'jtag frequency' command is executed.
00:39:00 INFO  : Context for 'APU' is selected.
00:39:00 INFO  : System reset is completed.
00:39:03 INFO  : 'after 3000' command is executed.
00:39:03 INFO  : 'targets -set -filter {jtag_cable_name =~ "Digilent Zybo Z7 210351B3FC8DA" && level==0 && jtag_device_ctx=="jsn-Zybo Z7-210351B3FC8DA-13722093-0"}' command is executed.
00:39:04 INFO  : FPGA configured successfully with bitstream "D:/proyectosep2/IEE2463-SEP-Proyecto-2-Z8/full_hardware/vitis/full_hardware_sw/_ide/bitstream/DEMO_wrapper.bit"
00:39:04 INFO  : Context for 'APU' is selected.
00:39:04 INFO  : Hardware design and registers information is loaded from 'D:/proyectosep2/IEE2463-SEP-Proyecto-2-Z8/full_hardware/vitis/full_hardware_plt/export/full_hardware_plt/hw/DEMO_wrapper.xsa'.
00:39:04 INFO  : 'configparams force-mem-access 1' command is executed.
00:39:04 INFO  : Context for 'APU' is selected.
00:39:04 INFO  : Sourcing of 'D:/proyectosep2/IEE2463-SEP-Proyecto-2-Z8/full_hardware/vitis/full_hardware_sw/_ide/psinit/ps7_init.tcl' is done.
00:39:05 INFO  : 'ps7_init' command is executed.
00:39:05 INFO  : 'ps7_post_config' command is executed.
00:39:05 INFO  : Context for processor 'ps7_cortexa9_0' is selected.
00:39:05 INFO  : The application 'D:/proyectosep2/IEE2463-SEP-Proyecto-2-Z8/full_hardware/vitis/full_hardware_sw/Debug/full_hardware_sw.elf' is downloaded to processor 'ps7_cortexa9_0'.
00:39:06 INFO  : Context for processor 'ps7_cortexa9_1' is selected.
00:39:06 INFO  : The application 'D:/proyectosep2/IEE2463-SEP-Proyecto-2-Z8/full_hardware/vitis/music_player_sw/Debug/music_player_sw.elf' is downloaded to processor 'ps7_cortexa9_1'.
00:39:06 INFO  : 'configparams force-mem-access 0' command is executed.
00:39:06 INFO  : ----------------XSDB Script----------------
connect -url tcp:127.0.0.1:3121
targets -set -nocase -filter {name =~"APU*"}
rst -system
after 3000
targets -set -filter {jtag_cable_name =~ "Digilent Zybo Z7 210351B3FC8DA" && level==0 && jtag_device_ctx=="jsn-Zybo Z7-210351B3FC8DA-13722093-0"}
fpga -file D:/proyectosep2/IEE2463-SEP-Proyecto-2-Z8/full_hardware/vitis/full_hardware_sw/_ide/bitstream/DEMO_wrapper.bit
targets -set -nocase -filter {name =~"APU*"}
loadhw -hw D:/proyectosep2/IEE2463-SEP-Proyecto-2-Z8/full_hardware/vitis/full_hardware_plt/export/full_hardware_plt/hw/DEMO_wrapper.xsa -mem-ranges [list {0x40000000 0xbfffffff}] -regs
configparams force-mem-access 1
targets -set -nocase -filter {name =~"APU*"}
source D:/proyectosep2/IEE2463-SEP-Proyecto-2-Z8/full_hardware/vitis/full_hardware_sw/_ide/psinit/ps7_init.tcl
ps7_init
ps7_post_config
targets -set -nocase -filter {name =~ "*A9*#0"}
dow D:/proyectosep2/IEE2463-SEP-Proyecto-2-Z8/full_hardware/vitis/full_hardware_sw/Debug/full_hardware_sw.elf
targets -set -nocase -filter {name =~ "*A9*#1"}
dow D:/proyectosep2/IEE2463-SEP-Proyecto-2-Z8/full_hardware/vitis/music_player_sw/Debug/music_player_sw.elf
configparams force-mem-access 0
----------------End of Script----------------

00:39:06 INFO  : Context for processor 'ps7_cortexa9_0' is selected.
00:39:06 INFO  : 'con' command is executed.
00:39:06 INFO  : Context for processor 'ps7_cortexa9_1' is selected.
00:39:06 INFO  : 'con' command is executed.
00:39:06 INFO  : ----------------XSDB Script (After Launch)----------------
targets -set -nocase -filter {name =~ "*A9*#0"}
con
targets -set -nocase -filter {name =~ "*A9*#1"}
con
----------------End of Script----------------

00:39:06 INFO  : Launch script is exported to file 'D:\proyectosep2\IEE2463-SEP-Proyecto-2-Z8\full_hardware\vitis\.sdk\launch_scripts\single_application_debug\systemdebugger_full_hardware_sw_system_standalone.tcl'
00:46:56 INFO  : Disconnected from the channel tcfchan#17.
